Stock,Horizon,BestThreshold,Strategy,ConfidenceThreshold,learning_rate,dropout_rate,lstm_units_1,lstm_units_2,batch_size,Train_Accuracy,Train_ROC_AUC,Test_Accuracy,Test_ROC_AUC,Trades,LongTrades,ShortTrades,Skipped,WinRate,Sharpe,TotalReturn,Model,n_estimators,max_depth,subsample,colsample_bytree,gamma,reg_alpha,reg_lambda,num_leaves,min_samples_split,min_samples_leaf,max_features,criterion,C,penalty,l1_ratio,kernel
AAPL,2,0.0025,long_short,,0.0013250008535284,0.2686969388612833,94.0,60.0,16.0,0.5573770491803278,0.6220542538002857,0.502262443438914,0.5239148239148239,125,67,58,0,0.448,-0.5886534508497595,-0.152872148025061,LSTM,,,,,,,,,,,,,,,,
AAPL,3,0.005,long_short,,0.0026336951764535,0.4119969138186209,96.0,24.0,45.0,0.6239754098360656,0.7225092839979163,0.5067873303167421,0.4962264150943395,83,47,36,0,0.4337349397590361,-1.7000876495823305,-0.3219816601588167,LSTM,,,,,,,,,,,,,,,,
AAPL,4,0.005,long_short,,0.0001584710121043,0.2836995567863469,107.0,32.0,47.0,0.617827868852459,0.6749809924263745,0.497737556561086,0.4874151349561185,62,11,51,0,0.4516129032258064,-0.5766479160924115,-0.13453487558217,LSTM,,,,,,,,,,,,,,,,
AAPL,5,0.005,long_short,,0.0009679922845612,0.18956525987102,71.0,95.0,44.0,0.5727459016393442,0.7046896719707374,0.5203619909502263,0.4811801446416831,50,2,48,0,0.4,-1.198736852215635,-0.2802030387945791,LSTM,,,,,,,,,,,,,,,,
AAPL,6,0.0075,long_short,,0.0039181943471417,0.1733739159464655,207.0,83.0,37.0,0.5747950819672131,0.6928637432795697,0.4479638009049774,0.457002457002457,41,22,19,0,0.4878048780487805,-0.4618253246749276,-0.1092477753042566,LSTM,,,,,,,,,,,,,,,,
AAPL,7,0.01,long_short,,0.0017177621112338,0.3446612641953124,34.0,19.0,41.0,0.7602459016393442,0.8545239975137333,0.583710407239819,0.529126213592233,35,0,35,0,0.3142857142857143,-1.532946397047628,-0.2990766945891033,LSTM,,,,,,,,,,,,,,,,
AAPL,8,0.0125,long_short,,0.0001935526515233,0.457940703661313,48.0,115.0,37.0,0.7161885245901639,0.7969754618489076,0.6199095022624435,0.5281759762728622,31,1,30,0,0.4838709677419355,-1.6694592993909247,-0.2994897087601647,LSTM,,,,,,,,,,,,,,,,
AAPL,9,0.015,long_short,,0.0001584710121043,0.2836995567863469,107.0,32.0,47.0,0.7295081967213115,0.7919753086419752,0.5520361990950227,0.5248477867368767,27,0,27,0,0.4444444444444444,-1.527094470841217,-0.2751000637015627,LSTM,,,,,,,,,,,,,,,,
AAPL,10,0.015,long_short,,0.0005594257972213,0.5,256.0,16.0,64.0,0.735655737704918,0.8249984252629811,0.5429864253393665,0.5505332239540608,25,10,15,0,0.56,0.2764145432130815,0.0368059730700065,LSTM,,,,,,,,,,,,,,,,
AAPL,4,0.005,long_only,,0.0011149774386295,0.4557725384659085,67.0,37.0,19.0,0.5358606557377049,0.5883337603911569,0.4479638009049774,0.542059943699288,49,49,0,13,0.6938775510204082,2.4113868535515044,0.5129342770541077,LSTM,,,,,,,,,,,,,,,,
AAPL,5,0.005,long_only,,0.0039181943471417,0.1733739159464655,207.0,83.0,37.0,0.5594262295081968,0.595781940962292,0.4705882352941176,0.4048323471400394,0,0,0,50,0.0,0.0,0.0,LSTM,,,,,,,,,,,,,,,,
AAPL,6,0.0075,long_only,,0.0052552029209215,0.5,91.0,87.0,26.0,0.5584016393442623,0.5330078125,0.5656108597285068,0.4988533988533988,6,6,0,35,0.8333333333333334,2.1740327733065627,0.1360763503030024,LSTM,,,,,,,,,,,,,,,,
AAPL,8,0.01,long_only,,0.008525694178713,0.5,66.0,93.0,54.0,0.576844262295082,0.6563219404815915,0.502262443438914,0.5941957697983276,28,28,0,3,0.5,1.4176441775990578,0.3067098374852599,LSTM,,,,,,,,,,,,,,,,
AAPL,10,0.0125,long_only,,0.0032413268041956,0.2700623497964979,79.0,80.0,18.0,0.6239754098360656,0.6915150140310193,0.5475113122171946,0.6027531956735496,0,0,0,25,0.0,0.0,0.0,LSTM,,,,,,,,,,,,,,,,
AAPL,4,0.005,long_short_confidence,0.6,0.0011149774386295,0.4557725384659085,67.0,37.0,19.0,0.5358606557377049,0.5883337603911569,0.4479638009049774,0.542059943699288,0,0,0,62,0.0,0.0,0.0,LSTM,,,,,,,,,,,,,,,,
AAPL,5,0.005,long_short_confidence,0.6,0.0039181943471417,0.1733739159464655,207.0,83.0,37.0,0.5594262295081968,0.595781940962292,0.4705882352941176,0.4048323471400394,18,0,18,32,0.3333333333333333,-1.658442772091282,-0.2278284088782877,LSTM,,,,,,,,,,,,,,,,
AAPL,6,0.0075,long_short_confidence,0.6,0.0052552029209215,0.5,91.0,87.0,26.0,0.5584016393442623,0.5330078125,0.5656108597285068,0.4988533988533988,34,0,34,7,0.5,-0.9498095177171488,-0.1734111027123398,LSTM,,,,,,,,,,,,,,,,
AAPL,8,0.01,long_short_confidence,0.6,0.008525694178713,0.5,66.0,93.0,54.0,0.576844262295082,0.6563219404815915,0.502262443438914,0.5941957697983276,27,26,1,4,0.4814814814814814,1.455222140364046,0.313610646170753,LSTM,,,,,,,,,,,,,,,,
AAPL,10,0.0125,long_short_confidence,0.6,0.0032413268041956,0.2700623497964979,79.0,80.0,18.0,0.6239754098360656,0.6915150140310193,0.5475113122171946,0.6027531956735496,25,0,25,0,0.4,-1.4835886346464648,-0.2856003338233628,LSTM,,,,,,,,,,,,,,,,
AAPL,4,0.005,long_only_confidence,0.6,0.0011149774386295,0.4557725384659085,67.0,37.0,19.0,0.5358606557377049,0.5883337603911569,0.4479638009049774,0.542059943699288,0,0,0,62,0.0,0.0,0.0,LSTM,,,,,,,,,,,,,,,,
AAPL,5,0.005,long_only_confidence,0.6,0.0039181943471417,0.1733739159464655,207.0,83.0,37.0,0.5594262295081968,0.595781940962292,0.4705882352941176,0.4048323471400394,0,0,0,50,0.0,0.0,0.0,LSTM,,,,,,,,,,,,,,,,
AAPL,6,0.0075,long_only_confidence,0.6,0.0052552029209215,0.5,91.0,87.0,26.0,0.5584016393442623,0.5330078125,0.5656108597285068,0.4988533988533988,0,0,0,41,0.0,0.0,0.0,LSTM,,,,,,,,,,,,,,,,
AAPL,8,0.01,long_only_confidence,0.6,0.008525694178713,0.5,66.0,93.0,54.0,0.576844262295082,0.6563219404815915,0.502262443438914,0.5941957697983276,26,26,0,5,0.5,1.561499381371883,0.337796282638872,LSTM,,,,,,,,,,,,,,,,
AAPL,10,0.0125,long_only_confidence,0.6,0.0032413268041956,0.2700623497964979,79.0,80.0,18.0,0.6239754098360656,0.6915150140310193,0.5475113122171946,0.6027531956735496,0,0,0,25,0.0,0.0,0.0,LSTM,,,,,,,,,,,,,,,,
META,2,0.0025,long_short,,0.0096178927950556,0.4160900824888992,127.0,36.0,16.0,0.5133196721311475,0.5121712584455558,0.4705882352941176,0.4558678500986193,125,0,125,0,0.408,-1.778811062782762,-0.4851202429008115,LSTM,,,,,,,,,,,,,,,,
META,3,0.0025,long_short,,0.0096366706548924,0.3374488104263662,256.0,119.0,37.0,0.5256147540983607,0.538795728186327,0.4796380090497738,0.4949581898671912,83,0,83,0,0.3493975903614458,-1.7929293755013551,-0.4706994215472787,LSTM,,,,,,,,,,,,,,,,
META,4,0.005,long_short,,0.0016595613641357,0.4332779646944659,71.0,60.0,25.0,0.5297131147540983,0.6397063764026071,0.497737556561086,0.6450040950040951,62,0,62,0,0.4032258064516129,-1.903690445988852,-0.4626286625612876,LSTM,,,,,,,,,,,,,,,,
META,5,0.005,long_short,,0.004970087975115,0.4686407627969828,121.0,16.0,46.0,0.5020491803278688,0.5556827154064542,0.5384615384615384,0.4921104536489151,50,50,0,0,0.6,1.578972138627463,0.6302515508117874,LSTM,,,,,,,,,,,,,,,,
META,6,0.0075,long_short,,0.0001411128364163,0.3910999878289862,111.0,32.0,36.0,0.5450819672131147,0.5565876108572964,0.4886877828054298,0.600950508030154,41,0,41,0,0.3414634146341463,-1.8850047617923165,-0.448020620317209,LSTM,,,,,,,,,,,,,,,,
META,7,0.0075,long_short,,0.0001601637475876,0.2121402020377517,120.0,45.0,56.0,0.5471311475409836,0.5785515425605624,0.4886877828054298,0.6105375286791217,35,0,35,0,0.3428571428571428,-1.7079865749536804,-0.4308402104752221,LSTM,,,,,,,,,,,,,,,,
META,8,0.01,long_short,,0.0072166310457486,0.4713786619697084,183.0,119.0,56.0,0.5245901639344263,0.5519111570247934,0.4932126696832579,0.5349237579931136,31,2,29,0,0.4193548387096774,-0.8842321060324561,-0.2854407699434589,LSTM,,,,,,,,,,,,,,,,
META,9,0.01,long_short,,0.0022516571735134,0.2878703498382224,32.0,128.0,48.0,0.5153688524590164,0.6424872424872423,0.5248868778280543,0.69376026272578,27,0,27,0,0.3333333333333333,-1.5599032166728786,-0.4377371971712211,LSTM,,,,,,,,,,,,,,,,
META,10,0.015,long_short,,0.006508145804938,0.1971624644261703,193.0,69.0,37.0,0.5471311475409836,0.5750440917107584,0.5520361990950227,0.5812220566318926,25,0,25,0,0.32,-1.4442458786378165,-0.4309413949472722,LSTM,,,,,,,,,,,,,,,,
META,2,0.0025,long_only,,0.0001296651175376,0.38879950890673,242.0,16.0,64.0,0.4989754098360656,0.4873584358977589,0.4705882352941176,0.6087278106508877,0,0,0,125,0.0,0.0,0.0,LSTM,,,,,,,,,,,,,,,,
META,3,0.0025,long_only,,0.01,0.1707504917401454,43.0,113.0,37.0,0.5307377049180327,0.542900818498314,0.4705882352941176,0.4950811608460403,1,1,0,82,1.0,0.0,0.0382547125260712,LSTM,,,,,,,,,,,,,,,,
META,4,0.005,long_only,,0.0001,0.5,32.0,16.0,64.0,0.5040983606557377,0.5183682725257005,0.4751131221719457,0.4615888615888616,2,2,0,60,0.5,-0.7608603450445077,-0.0285609670825117,LSTM,,,,,,,,,,,,,,,,
META,7,0.01,long_only,,0.000100693894097,0.4633968790629049,32.0,16.0,16.0,0.5635245901639344,0.6060089844538663,0.502262443438914,0.6485667485667486,0,0,0,35,0.0,0.0,0.0,LSTM,,,,,,,,,,,,,,,,
META,8,0.0125,long_only,,0.0039181943471417,0.1733739159464655,207.0,83.0,37.0,0.5020491803278688,0.5706128192204301,0.5339366515837104,0.4367816091954023,13,13,0,18,0.6923076923076923,1.2682152147244676,0.2979183124973761,LSTM,,,,,,,,,,,,,,,,
META,9,0.0125,long_only,,0.0039181943471417,0.1733739159464655,207.0,83.0,37.0,0.5399590163934426,0.5361306633964419,0.5339366515837104,0.6829027480664802,0,0,0,27,0.0,0.0,0.0,LSTM,,,,,,,,,,,,,,,,
META,10,0.015,long_only,,0.0005733300738773,0.2134937276750266,256.0,67.0,64.0,0.6004098360655737,0.6493197278911564,0.5520361990950227,0.6572280178837555,0,0,0,25,0.0,0.0,0.0,LSTM,,,,,,,,,,,,,,,,
META,2,0.0025,long_short_confidence,0.6,0.0001296651175376,0.38879950890673,242.0,16.0,64.0,0.4989754098360656,0.4873584358977589,0.4705882352941176,0.6087278106508877,0,0,0,125,0.0,0.0,0.0,LSTM,,,,,,,,,,,,,,,,
META,3,0.0025,long_short_confidence,0.6,0.01,0.1707504917401454,43.0,113.0,37.0,0.5307377049180327,0.542900818498314,0.4705882352941176,0.4950811608460403,0,0,0,83,0.0,0.0,0.0,LSTM,,,,,,,,,,,,,,,,
META,4,0.005,long_short_confidence,0.6,0.0001,0.5,32.0,16.0,64.0,0.5040983606557377,0.5183682725257005,0.4751131221719457,0.4615888615888616,0,0,0,62,0.0,0.0,0.0,LSTM,,,,,,,,,,,,,,,,
META,7,0.01,long_short_confidence,0.6,0.000100693894097,0.4633968790629049,32.0,16.0,16.0,0.5635245901639344,0.6060089844538663,0.502262443438914,0.6485667485667486,0,0,0,35,0.0,0.0,0.0,LSTM,,,,,,,,,,,,,,,,
META,8,0.0125,long_short_confidence,0.6,0.0039181943471417,0.1733739159464655,207.0,83.0,37.0,0.5020491803278688,0.5706128192204301,0.5339366515837104,0.4367816091954023,0,0,0,31,0.0,0.0,0.0,LSTM,,,,,,,,,,,,,,,,
META,9,0.0125,long_short_confidence,0.6,0.0039181943471417,0.1733739159464655,207.0,83.0,37.0,0.5399590163934426,0.5361306633964419,0.5339366515837104,0.6829027480664802,27,0,27,0,0.3333333333333333,-1.5599032166728786,-0.4377371971712211,LSTM,,,,,,,,,,,,,,,,
META,10,0.015,long_short_confidence,0.6,0.0005733300738773,0.2134937276750266,256.0,67.0,64.0,0.6004098360655737,0.6493197278911564,0.5520361990950227,0.6572280178837555,17,0,17,8,0.3529411764705882,-1.4759071520776268,-0.3757610515915185,LSTM,,,,,,,,,,,,,,,,
META,2,0.0025,long_only_confidence,0.6,0.0001296651175376,0.38879950890673,242.0,16.0,64.0,0.4989754098360656,0.4873584358977589,0.4705882352941176,0.6087278106508877,0,0,0,125,0.0,0.0,0.0,LSTM,,,,,,,,,,,,,,,,
META,3,0.0025,long_only_confidence,0.6,0.01,0.1707504917401454,43.0,113.0,37.0,0.5307377049180327,0.542900818498314,0.4705882352941176,0.4950811608460403,0,0,0,83,0.0,0.0,0.0,LSTM,,,,,,,,,,,,,,,,
META,4,0.005,long_only_confidence,0.6,0.0001,0.5,32.0,16.0,64.0,0.5040983606557377,0.5183682725257005,0.4751131221719457,0.4615888615888616,0,0,0,62,0.0,0.0,0.0,LSTM,,,,,,,,,,,,,,,,
META,7,0.01,long_only_confidence,0.6,0.000100693894097,0.4633968790629049,32.0,16.0,16.0,0.5635245901639344,0.6060089844538663,0.502262443438914,0.6485667485667486,0,0,0,35,0.0,0.0,0.0,LSTM,,,,,,,,,,,,,,,,
META,8,0.0125,long_only_confidence,0.6,0.0039181943471417,0.1733739159464655,207.0,83.0,37.0,0.5020491803278688,0.5706128192204301,0.5339366515837104,0.4367816091954023,0,0,0,31,0.0,0.0,0.0,LSTM,,,,,,,,,,,,,,,,
META,9,0.0125,long_only_confidence,0.6,0.0039181943471417,0.1733739159464655,207.0,83.0,37.0,0.5399590163934426,0.5361306633964419,0.5339366515837104,0.6829027480664802,0,0,0,27,0.0,0.0,0.0,LSTM,,,,,,,,,,,,,,,,
META,10,0.015,long_only_confidence,0.6,0.0005733300738773,0.2134937276750266,256.0,67.0,64.0,0.6004098360655737,0.6493197278911564,0.5520361990950227,0.6572280178837555,0,0,0,25,0.0,0.0,0.0,LSTM,,,,,,,,,,,,,,,,
NVDA,2,0.005,long_short,,0.0033309292883818,0.4303116014873851,49.0,97.0,24.0,0.5399590163934426,0.605559754766104,0.5203619909502263,0.5282430213464695,125,1,124,0,0.432,-2.068184259173552,-0.6733257061845397,LSTM,,,,,,,,,,,,,,,,
NVDA,3,0.0075,long_short,,0.0027530843248058,0.1,250.0,72.0,25.0,0.507172131147541,0.5669473197975938,0.5203619909502263,0.5814067879980324,83,9,74,0,0.4457831325301205,-1.155119660556357,-0.53164627677009,LSTM,,,,,,,,,,,,,,,,
NVDA,4,0.0125,long_short,,0.002869433114734,0.5,213.0,19.0,64.0,0.5440573770491803,0.5930172008331653,0.5384615384615384,0.5734058329214038,62,0,62,0,0.3870967741935484,-2.1035445555495067,-0.6765495163419737,LSTM,,,,,,,,,,,,,,,,
NVDA,5,0.0125,long_short,,0.003126837452452,0.4002728956722758,125.0,48.0,51.0,0.5881147540983607,0.6541405662477996,0.5067873303167421,0.5502129750982961,50,0,50,0,0.34,-1.7170498753741483,-0.66683239253883,LSTM,,,,,,,,,,,,,,,,
NVDA,6,0.015,long_short,,0.0022675855892523,0.1356393967338825,59.0,86.0,28.0,0.5645491803278688,0.7297682035777274,0.4796380090497738,0.3943396226415094,41,0,41,0,0.2926829268292683,-1.915075531218128,-0.6690667772196037,LSTM,,,,,,,,,,,,,,,,
NVDA,7,0.0174999999999999,long_short,,0.0022506634660351,0.2493949963702716,248.0,83.0,16.0,0.5717213114754098,0.6028257226028404,0.420814479638009,0.4240631163708087,35,12,23,0,0.4285714285714285,-0.9187821365545776,-0.4170428462341137,LSTM,,,,,,,,,,,,,,,,
NVDA,8,0.0174999999999999,long_short,,0.0012816141203153,0.2744856496261235,250.0,70.0,62.0,0.7161885245901639,0.7835208257223601,0.4660633484162896,0.4760572650979101,31,0,31,0,0.2258064516129032,-2.124461527141745,-0.6663603400568665,LSTM,,,,,,,,,,,,,,,,
NVDA,9,0.02,long_short,,0.0052857997022267,0.2716939663814017,71.0,20.0,18.0,0.6782786885245902,0.7469640217683418,0.4615384615384615,0.2977426264623496,27,0,27,0,0.3703703703703703,-1.6723794385532114,-0.6363821037131696,LSTM,,,,,,,,,,,,,,,,
NVDA,10,0.0225,long_short,,0.0037482018686065,0.1249624424328673,211.0,34.0,17.0,0.5122950819672131,0.5872553959855548,0.5656108597285068,0.5965192465192465,25,25,0,0,0.68,2.1814120400498527,1.7845104164219323,LSTM,,,,,,,,,,,,,,,,
NVDA,5,0.0125,long_only,,0.0024532267571609,0.1501594759051092,254.0,128.0,64.0,0.5676229508196722,0.6133950026045605,0.5067873303167421,0.6453145478374835,0,0,0,50,0.0,0.0,0.0,LSTM,,,,,,,,,,,,,,,,
NVDA,6,0.0174999999999999,long_only,,0.0016677358577339,0.3657139902969754,208.0,45.0,25.0,0.610655737704918,0.6155735294117647,0.4932126696832579,0.6835681520314548,0,0,0,41,0.0,0.0,0.0,LSTM,,,,,,,,,,,,,,,,
NVDA,7,0.02,long_only,,0.0016744454568828,0.3317915195501199,115.0,58.0,38.0,0.6506147540983607,0.7004943824009972,0.4705882352941176,0.6256574621959238,0,0,0,35,0.0,0.0,0.0,LSTM,,,,,,,,,,,,,,,,
NVDA,5,0.0125,long_short_confidence,0.6,0.0024532267571609,0.1501594759051092,254.0,128.0,64.0,0.5676229508196722,0.6133950026045605,0.5067873303167421,0.6453145478374835,50,0,50,0,0.34,-1.7168875440306328,-0.6668531179235715,LSTM,,,,,,,,,,,,,,,,
NVDA,6,0.0174999999999999,long_short_confidence,0.6,0.0016677358577339,0.3657139902969754,208.0,45.0,25.0,0.610655737704918,0.6155735294117647,0.4932126696832579,0.6835681520314548,41,0,41,0,0.2926829268292683,-1.9149512322172508,-0.6690881152554814,LSTM,,,,,,,,,,,,,,,,
NVDA,7,0.02,long_short_confidence,0.6,0.0016744454568828,0.3317915195501199,115.0,58.0,38.0,0.6506147540983607,0.7004943824009972,0.4705882352941176,0.6256574621959238,35,0,35,0,0.3142857142857143,-2.168289791756809,-0.6548089207726093,LSTM,,,,,,,,,,,,,,,,
NVDA,5,0.0125,long_only_confidence,0.6,0.0024532267571609,0.1501594759051092,254.0,128.0,64.0,0.5676229508196722,0.6133950026045605,0.5067873303167421,0.6453145478374835,0,0,0,50,0.0,0.0,0.0,LSTM,,,,,,,,,,,,,,,,
NVDA,6,0.0174999999999999,long_only_confidence,0.6,0.0016677358577339,0.3657139902969754,208.0,45.0,25.0,0.610655737704918,0.6155735294117647,0.4932126696832579,0.6835681520314548,0,0,0,41,0.0,0.0,0.0,LSTM,,,,,,,,,,,,,,,,
NVDA,7,0.02,long_only_confidence,0.6,0.0016744454568828,0.3317915195501199,115.0,58.0,38.0,0.6506147540983607,0.7004943824009972,0.4705882352941176,0.6256574621959238,0,0,0,35,0.0,0.0,0.0,LSTM,,,,,,,,,,,,,,,,
SPY,2,0.0025,long_short,,0.0062774397553924,0.4244363814767423,121.0,128.0,33.0,0.4969262295081967,0.5360975876133628,0.5113122171945701,0.5618949958982773,125,122,3,0,0.576,0.9228571562606944,0.1135770721746318,LSTM,,,,,,,,,,,,,,,,
SPY,3,0.0025,long_short,,0.0017177621112338,0.3446612641953124,34.0,19.0,41.0,0.6157786885245902,0.6925462706137475,0.4796380090497738,0.5441321499013807,83,20,63,0,0.4457831325301205,-1.223836907841425,-0.1504720162915475,LSTM,,,,,,,,,,,,,,,,
SPY,4,0.005,long_short,,0.0005157953648175,0.1865949540385937,230.0,121.0,49.0,0.6987704918032787,0.7838473019276451,0.5610859728506787,0.5301974448315911,62,9,53,0,0.3870967741935484,-1.481209972582765,-0.1822221481765812,LSTM,,,,,,,,,,,,,,,,
SPY,5,0.005,long_short,,0.0043704476090938,0.1913285170654836,127.0,81.0,21.0,0.5870901639344263,0.6238393408337849,0.5339366515837104,0.6170108161258604,50,0,50,0,0.36,-2.0321964884992276,-0.2453700359750299,LSTM,,,,,,,,,,,,,,,,
SPY,6,0.005,long_short,,0.0003028558197672,0.4328952239812449,48.0,121.0,35.0,0.5788934426229508,0.6913214741651549,0.502262443438914,0.4932841932841933,41,0,41,0,0.3170731707317073,-2.224069132219505,-0.2468265759436063,LSTM,,,,,,,,,,,,,,,,
SPY,7,0.0075,long_short,,0.0058839666574617,0.2576161773725929,123.0,35.0,57.0,0.5133196721311475,0.6441071428571428,0.4841628959276018,0.6133792424987702,35,35,0,0,0.6571428571428571,1.967066718524204,0.2231745247261498,LSTM,,,,,,,,,,,,,,,,
SPY,8,0.0075,long_short,,0.0040842903112782,0.2414243521690878,208.0,47.0,21.0,0.5174180327868853,0.5650273292917072,0.502262443438914,0.55641592920354,31,0,31,0,0.3225806451612903,-3.058388862674446,-0.2476654094680745,LSTM,,,,,,,,,,,,,,,,
SPY,9,0.01,long_short,,0.0048693330502526,0.1672148505081127,200.0,58.0,16.0,0.5829918032786885,0.6295361737382403,0.5294117647058824,0.5162721893491125,27,0,27,0,0.2592592592592592,-2.0535945747133035,-0.2226319698786127,LSTM,,,,,,,,,,,,,,,,
SPY,10,0.01,long_short,,0.0006305535040199,0.1186662652854461,250.0,42.0,20.0,0.6485655737704918,0.714255715893628,0.5248868778280543,0.4506142506142506,25,0,25,0,0.32,-1.85595190640685,-0.2262568093023376,LSTM,,,,,,,,,,,,,,,,
SPY,3,0.0025,long_only,,0.0042011404086209,0.3802695225008953,86.0,16.0,29.0,0.5133196721311475,0.5390610553566325,0.5067873303167421,0.4706196581196581,58,58,0,25,0.5689655172413793,1.0897861551518866,0.1178372204145385,LSTM,,,,,,,,,,,,,,,,
SPY,4,0.005,long_only,,0.0032413268041956,0.2700623497964979,79.0,80.0,18.0,0.5163934426229508,0.5955287885476446,0.5565610859728507,0.542309606769537,0,0,0,62,0.0,0.0,0.0,LSTM,,,,,,,,,,,,,,,,
SPY,9,0.01,long_only,,0.0032413268041956,0.2700623497964979,79.0,80.0,18.0,0.4795081967213114,0.4916205111383067,0.4705882352941176,0.410913872452334,27,27,0,0,0.7037037037037037,1.7157283998573618,0.2187361357865498,LSTM,,,,,,,,,,,,,,,,
SPY,10,0.01,long_only,,0.0001296651175376,0.38879950890673,242.0,16.0,64.0,0.5204918032786885,0.6016912493490348,0.4841628959276018,0.5126945126945127,0,0,0,25,0.0,0.0,0.0,LSTM,,,,,,,,,,,,,,,,
SPY,3,0.0025,long_short_confidence,0.6,0.0042011404086209,0.3802695225008953,86.0,16.0,29.0,0.5133196721311475,0.5390610553566325,0.5067873303167421,0.4706196581196581,0,0,0,83,0.0,0.0,0.0,LSTM,,,,,,,,,,,,,,,,
SPY,4,0.005,long_short_confidence,0.6,0.0032413268041956,0.2700623497964979,79.0,80.0,18.0,0.5163934426229508,0.5955287885476446,0.5565610859728507,0.542309606769537,59,0,59,3,0.3728813559322034,-2.2481926587344225,-0.253309714686418,LSTM,,,,,,,,,,,,,,,,
SPY,9,0.01,long_short_confidence,0.6,0.0032413268041956,0.2700623497964979,79.0,80.0,18.0,0.4795081967213114,0.4916205111383067,0.4705882352941176,0.410913872452334,0,0,0,27,0.0,0.0,0.0,LSTM,,,,,,,,,,,,,,,,
SPY,10,0.01,long_short_confidence,0.6,0.0001296651175376,0.38879950890673,242.0,16.0,64.0,0.5204918032786885,0.6016912493490348,0.4841628959276018,0.5126945126945127,0,0,0,25,0.0,0.0,0.0,LSTM,,,,,,,,,,,,,,,,
SPY,3,0.0025,long_only_confidence,0.6,0.0042011404086209,0.3802695225008953,86.0,16.0,29.0,0.5133196721311475,0.5390610553566325,0.5067873303167421,0.4706196581196581,0,0,0,83,0.0,0.0,0.0,LSTM,,,,,,,,,,,,,,,,
SPY,4,0.005,long_only_confidence,0.6,0.0032413268041956,0.2700623497964979,79.0,80.0,18.0,0.5163934426229508,0.5955287885476446,0.5565610859728507,0.542309606769537,0,0,0,62,0.0,0.0,0.0,LSTM,,,,,,,,,,,,,,,,
SPY,9,0.01,long_only_confidence,0.6,0.0032413268041956,0.2700623497964979,79.0,80.0,18.0,0.4795081967213114,0.4916205111383067,0.4705882352941176,0.410913872452334,0,0,0,27,0.0,0.0,0.0,LSTM,,,,,,,,,,,,,,,,
SPY,10,0.01,long_only_confidence,0.6,0.0001296651175376,0.38879950890673,242.0,16.0,64.0,0.5204918032786885,0.6016912493490348,0.4841628959276018,0.5126945126945127,0,0,0,25,0.0,0.0,0.0,LSTM,,,,,,,,,,,,,,,,
TSLA,2,0.0025,long_short,,0.000589974179671,0.1063865008880856,84.0,43.0,49.0,0.6024590163934426,0.7307461307461307,0.497737556561086,0.4495412844036697,125,108,17,0,0.552,1.4055409046210638,1.003902762723552,LSTM,,,,,,,,,,,,,,,,
TSLA,3,0.005,long_short,,0.00413456225686,0.4323236081511444,50.0,54.0,25.0,0.5963114754098361,0.644365590946312,0.4434389140271493,0.4498525073746313,83,63,20,0,0.4939759036144578,0.8264519772532443,0.3821846641048037,LSTM,,,,,,,,,,,,,,,,
TSLA,4,0.005,long_short,,0.0078201022006335,0.1028169212425982,140.0,21.0,27.0,0.5983606557377049,0.6548196489990299,0.5203619909502263,0.5358722358722359,62,29,33,0,0.4516129032258064,0.7523036499572237,0.3348548568343201,LSTM,,,,,,,,,,,,,,,,
TSLA,5,0.01,long_short,,0.0084082358413817,0.1,45.0,79.0,16.0,0.5840163934426229,0.6456146839890887,0.5113122171945701,0.4983611930514585,50,27,23,0,0.42,-1.823617322412148,-0.7139897997893998,LSTM,,,,,,,,,,,,,,,,
TSLA,6,0.01,long_short,,0.0046959030368486,0.1829267313533341,100.0,76.0,17.0,0.6157786885245902,0.6745960710158629,0.4841628959276018,0.4757178014766202,41,37,4,0,0.4634146341463415,1.1570555902120323,0.7026232034810735,LSTM,,,,,,,,,,,,,,,,
TSLA,7,0.0125,long_short,,0.0016595613641357,0.4332779646944659,71.0,60.0,25.0,0.819672131147541,0.899516221907456,0.4343891402714932,0.3968709043250328,35,20,15,0,0.3428571428571428,-0.7427054791004324,-0.4911149175686311,LSTM,,,,,,,,,,,,,,,,
TSLA,8,0.0174999999999999,long_short,,0.0067607950072288,0.171552714544892,57.0,73.0,35.0,0.6280737704918032,0.7221407285672855,0.502262443438914,0.4545454545454545,31,31,0,0,0.6129032258064516,1.204004109561376,0.7722450740214961,LSTM,,,,,,,,,,,,,,,,
TSLA,9,0.0225,long_short,,0.0032413268041956,0.2700623497964979,79.0,80.0,18.0,0.6977459016393442,0.7696824596774194,0.4298642533936652,0.3468416735028712,27,9,18,0,0.5555555555555556,0.249020525753102,-0.0396687490850933,LSTM,,,,,,,,,,,,,,,,
TSLA,10,0.0225,long_short,,0.0039181943471417,0.1733739159464655,207.0,83.0,37.0,0.6403688524590164,0.7214571563088512,0.3665158371040724,0.3599639462471321,25,22,3,0,0.6,1.906006987269662,1.839858838813735,LSTM,,,,,,,,,,,,,,,,
TSLA,9,0.02,long_only,,0.0065492335839276,0.1312827293307084,35.0,128.0,21.0,0.5983606557377049,0.6439342403628118,0.4751131221719457,0.5150720838794234,0,0,0,27,0.0,0.0,0.0,LSTM,,,,,,,,,,,,,,,,
TSLA,10,0.02,long_only,,0.0038124179121614,0.1668571276722087,243.0,108.0,39.0,0.5870901639344263,0.649444789759269,0.4389140271493212,0.4400491400491401,4,4,0,21,1.0,1.7277069294188907,0.6069365723174336,LSTM,,,,,,,,,,,,,,,,
TSLA,9,0.02,long_short_confidence,0.6,0.0065492335839276,0.1312827293307084,35.0,128.0,21.0,0.5983606557377049,0.6439342403628118,0.4751131221719457,0.5150720838794234,0,0,0,27,0.0,0.0,0.0,LSTM,,,,,,,,,,,,,,,,
TSLA,10,0.02,long_short_confidence,0.6,0.0038124179121614,0.1668571276722087,243.0,108.0,39.0,0.5870901639344263,0.649444789759269,0.4389140271493212,0.4400491400491401,3,3,0,22,1.0,2.416524163251731,0.1447273658938679,LSTM,,,,,,,,,,,,,,,,
TSLA,9,0.02,long_only_confidence,0.6,0.0065492335839276,0.1312827293307084,35.0,128.0,21.0,0.5983606557377049,0.6439342403628118,0.4751131221719457,0.5150720838794234,0,0,0,27,0.0,0.0,0.0,LSTM,,,,,,,,,,,,,,,,
TSLA,10,0.02,long_only_confidence,0.6,0.0038124179121614,0.1668571276722087,243.0,108.0,39.0,0.5870901639344263,0.649444789759269,0.4389140271493212,0.4400491400491401,3,3,0,22,1.0,2.416524163251731,0.1447273658938679,LSTM,,,,,,,,,,,,,,,,
AAPL,2,0.0025,long_short,,0.01,,,,,0.5675944333996024,0.6203432506037716,0.5139442231075697,0.5120998475609757,125,88,37,0,0.472,-1.977159352921284,-0.3814098345936801,XGBoost,50.0,6.0,1.0,0.5,0.0,10.0,8.708920693808492,,,,,,,,,
AAPL,3,0.005,long_short,,0.2999999999999999,,,,,0.9343936381709742,0.984714068275712,0.5338645418326693,0.5265977803291236,83,45,38,0,0.4698795180722891,-1.2072586857731136,-0.2492111900601454,XGBoost,500.0,3.0,1.0,0.5,0.0,0.0,0.0,,,,,,,,,
AAPL,4,0.005,long_short,,0.2999999999999999,,,,,0.9135188866799204,0.9765049042872964,0.4741035856573705,0.5279691287153974,62,37,25,0,0.532258064516129,-0.3929657290751651,-0.1000665180506319,XGBoost,500.0,3.0,1.0,0.5,0.0,0.0,0.0,,,,,,,,,
AAPL,5,0.005,long_short,,0.2999999999999999,,,,,0.8151093439363817,0.8971398640101201,0.50199203187251,0.5042911633820726,50,32,18,0,0.38,0.3372374236866178,0.0553945089396474,XGBoost,500.0,3.0,0.5,0.5,0.0,0.0,10.0,,,,,,,,,
AAPL,6,0.0075,long_short,,0.1441419236725335,,,,,0.6381709741550696,0.6989500855822558,0.4860557768924303,0.5078124999999999,41,25,16,0,0.4390243902439024,-1.0807315112905276,-0.2131191159321473,XGBoost,500.0,10.0,0.5,0.5,7.039465993438241,0.0,0.0,,,,,,,,,
AAPL,7,0.01,long_short,,0.1504902753960212,,,,,0.6391650099403579,0.6885506713624487,0.5338645418326693,0.4886626413155189,35,20,15,0,0.3428571428571428,-2.25064064734782,-0.3874347979456367,XGBoost,108.0,12.0,1.0,1.0,6.344504070794557,0.0,0.0,,,,,,,,,
AAPL,8,0.0125,long_short,,0.2999999999999999,,,,,0.614314115308151,0.6719175564190646,0.5776892430278885,0.5122265122265124,31,0,31,0,0.4516129032258064,-1.7404529081227598,-0.3085735430836618,XGBoost,410.0,12.0,0.6027889375545821,0.6115005587341058,9.432135262531803,0.0,0.0439444201038223,,,,,,,,,
AAPL,9,0.015,long_short,,0.01,,,,,0.7037773359840954,0.786639157655094,0.549800796812749,0.5079329393627955,27,10,17,0,0.5925925925925926,-0.1548079124729631,-0.0511029813949565,XGBoost,500.0,3.0,1.0,1.0,0.0,0.0,0.6592858209920318,,,,,,,,,
AAPL,10,0.015,long_short,,0.0367233875955265,,,,,0.5984095427435387,0.6327593839926635,0.5418326693227091,0.5043478260869565,25,0,25,0,0.4,-1.4835886346464648,-0.2856003338233628,XGBoost,91.0,9.0,0.9916154429033942,0.7333814466239901,8.599404067363208,6.803075385877798,4.504992519695431,,,,,,,,,
AAPL,4,0.005,long_only,,0.01,,,,,0.6153081510934394,0.6899560987185571,0.450199203187251,0.4453693073096058,40,40,0,22,0.75,2.0720461945881956,0.3926336985818395,XGBoost,50.0,3.0,0.5,0.5,0.0,0.0,0.0,,,,,,,,,
AAPL,5,0.005,long_only,,0.1753059959229719,,,,,0.5964214711729622,0.6344026723592663,0.50199203187251,0.5397965670692944,3,3,0,47,0.6666666666666666,0.7282358973548223,0.0177715400283733,XGBoost,183.0,3.0,0.986181707516615,0.9805846308690191,3.479326845065422,1.6749958070136377,5.227400703798981,,,,,,,,,
AAPL,6,0.0075,long_only,,0.0180335245128026,,,,,0.5755467196819085,0.6153482782747566,0.5099601593625498,0.5079395325203252,0,0,0,41,0.0,0.0,0.0,XGBoost,324.0,10.0,0.6955303037866205,0.5911180438940312,7.5536141031765265,4.251558744912448,2.079416628681889,,,,,,,,,
AAPL,8,0.01,long_only,,0.2999999999999999,,,,,0.8846918489065606,0.951434795673077,0.5338645418326693,0.4947956577266922,18,18,0,13,0.5,0.4697075723898682,0.0459235611292971,XGBoost,493.0,3.0,0.9678078515466316,0.9355266765977313,0.0,0.0,7.086048099989702,,,,,,,,,
AAPL,10,0.0125,long_only,,0.0158137124835234,,,,,0.5934393638170974,0.6490620490620491,0.5139442231075697,0.454060236370568,0,0,0,25,0.0,0.0,0.0,XGBoost,212.0,5.0,0.5893200056015708,0.5,8.53663278576102,2.968117493636973,0.0,,,,,,,,,
AAPL,4,0.005,long_short_confidence,0.6,0.01,,,,,0.6153081510934394,0.6899560987185571,0.450199203187251,0.4453693073096058,0,0,0,62,0.0,0.0,0.0,XGBoost,50.0,3.0,0.5,0.5,0.0,0.0,0.0,,,,,,,,,
AAPL,5,0.005,long_short_confidence,0.6,0.1753059959229719,,,,,0.5964214711729622,0.6344026723592663,0.50199203187251,0.5397965670692944,0,0,0,50,0.0,0.0,0.0,XGBoost,183.0,3.0,0.986181707516615,0.9805846308690191,3.479326845065422,1.6749958070136377,5.227400703798981,,,,,,,,,
AAPL,6,0.0075,long_short_confidence,0.6,0.0180335245128026,,,,,0.5755467196819085,0.6153482782747566,0.5099601593625498,0.5079395325203252,0,0,0,41,0.0,0.0,0.0,XGBoost,324.0,10.0,0.6955303037866205,0.5911180438940312,7.5536141031765265,4.251558744912448,2.079416628681889,,,,,,,,,
AAPL,8,0.01,long_short_confidence,0.6,0.2999999999999999,,,,,0.8846918489065606,0.951434795673077,0.5338645418326693,0.4947956577266922,25,14,11,6,0.48,-0.78736330292708,-0.1556043315330647,XGBoost,493.0,3.0,0.9678078515466316,0.9355266765977313,0.0,0.0,7.086048099989702,,,,,,,,,
AAPL,10,0.0125,long_short_confidence,0.6,0.0158137124835234,,,,,0.5934393638170974,0.6490620490620491,0.5139442231075697,0.454060236370568,0,0,0,25,0.0,0.0,0.0,XGBoost,212.0,5.0,0.5893200056015708,0.5,8.53663278576102,2.968117493636973,0.0,,,,,,,,,
AAPL,4,0.005,long_only_confidence,0.6,0.01,,,,,0.6153081510934394,0.6899560987185571,0.450199203187251,0.4453693073096058,0,0,0,62,0.0,0.0,0.0,XGBoost,50.0,3.0,0.5,0.5,0.0,0.0,0.0,,,,,,,,,
AAPL,5,0.005,long_only_confidence,0.6,0.1753059959229719,,,,,0.5964214711729622,0.6344026723592663,0.50199203187251,0.5397965670692944,0,0,0,50,0.0,0.0,0.0,XGBoost,183.0,3.0,0.986181707516615,0.9805846308690191,3.479326845065422,1.6749958070136377,5.227400703798981,,,,,,,,,
AAPL,6,0.0075,long_only_confidence,0.6,0.0180335245128026,,,,,0.5755467196819085,0.6153482782747566,0.5099601593625498,0.5079395325203252,0,0,0,41,0.0,0.0,0.0,XGBoost,324.0,10.0,0.6955303037866205,0.5911180438940312,7.5536141031765265,4.251558744912448,2.079416628681889,,,,,,,,,
AAPL,8,0.01,long_only_confidence,0.6,0.2999999999999999,,,,,0.8846918489065606,0.951434795673077,0.5338645418326693,0.4947956577266922,14,14,0,17,0.5,0.6716416643394204,0.0669926559460167,XGBoost,493.0,3.0,0.9678078515466316,0.9355266765977313,0.0,0.0,7.086048099989702,,,,,,,,,
AAPL,10,0.0125,long_only_confidence,0.6,0.0158137124835234,,,,,0.5934393638170974,0.6490620490620491,0.5139442231075697,0.454060236370568,0,0,0,25,0.0,0.0,0.0,XGBoost,212.0,5.0,0.5893200056015708,0.5,8.53663278576102,2.968117493636973,0.0,,,,,,,,,
META,2,0.0025,long_short,,0.01,,,,,0.5825049701789264,0.6282051282051282,0.4541832669322709,0.5867641400538668,125,0,125,0,0.408,-1.778811062782762,-0.4851202429008115,XGBoost,257.0,3.0,0.7920642060095464,0.5300372970134939,0.0,7.802728422903091,8.588801424662867,,,,,,,,,
META,3,0.0025,long_short,,0.2999999999999999,,,,,0.7962226640159046,0.885197234487475,0.4741035856573705,0.5744973748239212,83,17,66,0,0.4698795180722891,0.2647795897806536,0.0348298880740582,XGBoost,50.0,12.0,0.5,0.7691036951335737,0.0,0.0,10.0,,,,,,,,,
META,4,0.005,long_short,,0.2999999999999999,,,,,0.9970178926441352,0.9999861660079052,0.50199203187251,0.5628836317135549,62,15,47,0,0.5483870967741935,0.0270306006629639,-0.0396738929076169,XGBoost,500.0,8.0,1.0,1.0,0.0,0.0,6.938455074606659,,,,,,,,,
META,5,0.005,long_short,,0.0180335245128026,,,,,0.5636182902584493,0.6018941235528257,0.4262948207171315,0.5,50,0,50,0,0.36,-1.557413937267473,-0.4449984441584087,XGBoost,324.0,10.0,0.6955303037866205,0.5911180438940312,7.5536141031765265,4.251558744912448,2.079416628681889,,,,,,,,,
META,6,0.0075,long_short,,0.0305690966812278,,,,,0.6093439363817097,0.6702594384367293,0.446215139442231,0.5302864850976362,41,0,41,0,0.3414634146341463,-1.8850047617923165,-0.448020620317209,XGBoost,126.0,7.0,0.5,0.9952532099487024,0.0613407648187569,9.717657993878383,6.2071102648163565,,,,,,,,,
META,7,0.0075,long_short,,0.010815983055225,,,,,0.6083499005964215,0.6543152785682667,0.4422310756972111,0.4989060489060489,35,0,35,0,0.3428571428571428,-1.7079865749536804,-0.4308402104752221,XGBoost,325.0,3.0,0.7623873301291946,0.6999304858576278,0.4666566321361543,9.737555188414596,2.3277134043030427,,,,,,,,,
META,8,0.01,long_short,,0.01,,,,,0.5646123260437376,0.6156544457092266,0.4661354581673306,0.565218777905345,31,0,31,0,0.3548387096774194,-1.7421670607115909,-0.4457006579226673,XGBoost,500.0,3.0,0.5,0.5,5.475827001510314,2.2478361661871378,3.003283954693001,,,,,,,,,
META,9,0.01,long_short,,0.0232216210784402,,,,,0.5606361829025845,0.6306357581865971,0.4661354581673306,0.52672534762087,27,0,27,0,0.3333333333333333,-1.5599032166728786,-0.4377371971712211,XGBoost,500.0,12.0,0.6151066384517613,0.5,5.457176031844524,5.278713599507628,0.0,,,,,,,,,
META,10,0.015,long_short,,0.0311603041816918,,,,,0.5596421471172962,0.63806051263809,0.4900398406374502,0.4942200203252032,25,0,25,0,0.32,-1.4442458786378165,-0.4309413949472722,XGBoost,308.0,9.0,0.7401403716542496,0.5,8.806671769910327,1.0637160140543236,2.845944643770435,,,,,,,,,
META,2,0.0025,long_only,,0.0848671649406341,,,,,0.6153081510934394,0.6598087694125925,0.450199203187251,0.4957996665384122,0,0,0,125,0.0,0.0,0.0,XGBoost,338.0,7.0,1.0,0.5,2.24662465026203,0.0,1.5775591401132436,,,,,,,,,
META,3,0.0025,long_only,,0.0101659536617173,,,,,0.5397614314115308,0.5870033560893851,0.4541832669322709,0.4834805993084902,0,0,0,83,0.0,0.0,0.0,XGBoost,500.0,5.0,0.5355131617180243,0.7728653147759149,2.836667783462568,4.677773598828297,2.3446572623349073,,,,,,,,,
META,4,0.005,long_only,,0.01,,,,,0.547713717693837,0.6067134387351779,0.4581673306772908,0.4220588235294117,0,0,0,62,0.0,0.0,0.0,XGBoost,327.0,12.0,0.8482813026945828,0.8588862817232172,3.859563890099179,1.3242513087280434,9.672374665363405,,,,,,,,,
META,7,0.01,long_only,,0.0273925140127253,,,,,0.5775347912524851,0.6141309296185014,0.4581673306772908,0.4549552429667519,0,0,0,35,0.0,0.0,0.0,XGBoost,323.0,5.0,0.5826334695315013,0.507818203370597,4.234014807063698,3.9488151817556982,2.934881747180382,,,,,,,,,
META,8,0.0125,long_only,,0.0180335245128026,,,,,0.5576540755467196,0.5902101912087477,0.4741035856573705,0.5,0,0,0,31,0.0,0.0,0.0,XGBoost,324.0,10.0,0.6955303037866205,0.5911180438940312,7.5536141031765265,4.251558744912448,2.079416628681889,,,,,,,,,
META,9,0.0125,long_only,,0.0100643232855386,,,,,0.5874751491053678,0.6327326721710796,0.4741035856573705,0.490323402088108,0,0,0,27,0.0,0.0,0.0,XGBoost,130.0,11.0,0.6248490610542339,0.5222629965593159,3.9209627701485865,3.2172403848011086,6.889555707386123,,,,,,,,,
META,10,0.015,long_only,,0.0124161798111322,,,,,0.6192842942345924,0.6491887512104505,0.4900398406374502,0.4511877540650406,0,0,0,25,0.0,0.0,0.0,XGBoost,424.0,6.0,0.5455426895577024,0.5,5.506507989244258,3.3530560237787,2.571675316014432,,,,,,,,,
META,2,0.0025,long_short_confidence,0.6,0.0848671649406341,,,,,0.6153081510934394,0.6598087694125925,0.450199203187251,0.4957996665384122,0,0,0,125,0.0,0.0,0.0,XGBoost,338.0,7.0,1.0,0.5,2.24662465026203,0.0,1.5775591401132436,,,,,,,,,
META,3,0.0025,long_short_confidence,0.6,0.0101659536617173,,,,,0.5397614314115308,0.5870033560893851,0.4541832669322709,0.4834805993084902,0,0,0,83,0.0,0.0,0.0,XGBoost,500.0,5.0,0.5355131617180243,0.7728653147759149,2.836667783462568,4.677773598828297,2.3446572623349073,,,,,,,,,
META,4,0.005,long_short_confidence,0.6,0.01,,,,,0.547713717693837,0.6067134387351779,0.4581673306772908,0.4220588235294117,0,0,0,62,0.0,0.0,0.0,XGBoost,327.0,12.0,0.8482813026945828,0.8588862817232172,3.859563890099179,1.3242513087280434,9.672374665363405,,,,,,,,,
META,7,0.01,long_short_confidence,0.6,0.0273925140127253,,,,,0.5775347912524851,0.6141309296185014,0.4581673306772908,0.4549552429667519,35,0,35,0,0.3428571428571428,-1.7079865749536804,-0.4308402104752221,XGBoost,323.0,5.0,0.5826334695315013,0.507818203370597,4.234014807063698,3.9488151817556982,2.934881747180382,,,,,,,,,
META,8,0.0125,long_short_confidence,0.6,0.0180335245128026,,,,,0.5576540755467196,0.5902101912087477,0.4741035856573705,0.5,31,0,31,0,0.3548387096774194,-1.7421670607115909,-0.4457006579226673,XGBoost,324.0,10.0,0.6955303037866205,0.5911180438940312,7.5536141031765265,4.251558744912448,2.079416628681889,,,,,,,,,
META,9,0.0125,long_short_confidence,0.6,0.0100643232855386,,,,,0.5874751491053678,0.6327326721710796,0.4741035856573705,0.490323402088108,0,0,0,27,0.0,0.0,0.0,XGBoost,130.0,11.0,0.6248490610542339,0.5222629965593159,3.9209627701485865,3.2172403848011086,6.889555707386123,,,,,,,,,
META,10,0.015,long_short_confidence,0.6,0.0124161798111322,,,,,0.6192842942345924,0.6491887512104505,0.4900398406374502,0.4511877540650406,13,0,13,12,0.2307692307692307,-1.763594382990885,-0.3954502317019009,XGBoost,424.0,6.0,0.5455426895577024,0.5,5.506507989244258,3.3530560237787,2.571675316014432,,,,,,,,,
META,2,0.0025,long_only_confidence,0.6,0.0848671649406341,,,,,0.6153081510934394,0.6598087694125925,0.450199203187251,0.4957996665384122,0,0,0,125,0.0,0.0,0.0,XGBoost,338.0,7.0,1.0,0.5,2.24662465026203,0.0,1.5775591401132436,,,,,,,,,
META,3,0.0025,long_only_confidence,0.6,0.0101659536617173,,,,,0.5397614314115308,0.5870033560893851,0.4541832669322709,0.4834805993084902,0,0,0,83,0.0,0.0,0.0,XGBoost,500.0,5.0,0.5355131617180243,0.7728653147759149,2.836667783462568,4.677773598828297,2.3446572623349073,,,,,,,,,
META,4,0.005,long_only_confidence,0.6,0.01,,,,,0.547713717693837,0.6067134387351779,0.4581673306772908,0.4220588235294117,0,0,0,62,0.0,0.0,0.0,XGBoost,327.0,12.0,0.8482813026945828,0.8588862817232172,3.859563890099179,1.3242513087280434,9.672374665363405,,,,,,,,,
META,7,0.01,long_only_confidence,0.6,0.0273925140127253,,,,,0.5775347912524851,0.6141309296185014,0.4581673306772908,0.4549552429667519,0,0,0,35,0.0,0.0,0.0,XGBoost,323.0,5.0,0.5826334695315013,0.507818203370597,4.234014807063698,3.9488151817556982,2.934881747180382,,,,,,,,,
META,8,0.0125,long_only_confidence,0.6,0.0180335245128026,,,,,0.5576540755467196,0.5902101912087477,0.4741035856573705,0.5,0,0,0,31,0.0,0.0,0.0,XGBoost,324.0,10.0,0.6955303037866205,0.5911180438940312,7.5536141031765265,4.251558744912448,2.079416628681889,,,,,,,,,
META,9,0.0125,long_only_confidence,0.6,0.0100643232855386,,,,,0.5874751491053678,0.6327326721710796,0.4741035856573705,0.490323402088108,0,0,0,27,0.0,0.0,0.0,XGBoost,130.0,11.0,0.6248490610542339,0.5222629965593159,3.9209627701485865,3.2172403848011086,6.889555707386123,,,,,,,,,
META,10,0.015,long_only_confidence,0.6,0.0124161798111322,,,,,0.6192842942345924,0.6491887512104505,0.4900398406374502,0.4511877540650406,0,0,0,25,0.0,0.0,0.0,XGBoost,424.0,6.0,0.5455426895577024,0.5,5.506507989244258,3.3530560237787,2.571675316014432,,,,,,,,,
NVDA,2,0.005,long_short,,0.1418071564762393,,,,,0.6083499005964215,0.6701270725874983,0.4940239043824701,0.5625556261919898,125,7,118,0,0.448,-1.728505059580518,-0.6169647058622796,XGBoost,408.0,5.0,0.7984250789732436,0.7229163764267956,0.9997491581800292,4.592488919658672,3.337086111390219,,,,,,,,,
NVDA,3,0.0075,long_short,,0.0679274011462924,,,,,0.5894632206759444,0.6295521030993042,0.4780876494023904,0.541682612578135,83,16,67,0,0.4216867469879518,-1.5071505915578596,-0.6072709240211136,XGBoost,56.0,11.0,0.692708251269958,0.5079831261101071,2.30893825622149,2.410254660260118,6.832635188254583,,,,,,,,,
NVDA,4,0.0125,long_short,,0.01,,,,,0.7157057654075547,0.7852735881869348,0.4860557768924303,0.5665967987804879,62,0,62,0,0.3870967741935484,-2.1035445555495067,-0.6765495163419737,XGBoost,500.0,5.0,0.6069243133715477,0.5,2.0106687324775536,0.0,0.0,,,,,,,,,
NVDA,5,0.0125,long_short,,0.2999999999999999,,,,,0.7415506958250497,0.8276970269554458,0.4621513944223107,0.4893039591315454,50,0,50,0,0.34,-1.7170498753741483,-0.66683239253883,XGBoost,281.0,12.0,0.7540190943549729,0.8784625615932536,0.0,8.938281554582975,4.052003719811669,,,,,,,,,
NVDA,6,0.015,long_short,,0.095465236792673,,,,,0.6968190854870775,0.7551482213438735,0.4382470119521912,0.5054390054390054,41,0,41,0,0.2926829268292683,-1.915075531218128,-0.6690667772196037,XGBoost,500.0,6.0,0.7974007504439984,0.6013817135561023,0.0,10.0,0.0,,,,,,,,,
NVDA,7,0.0174999999999999,long_short,,0.2999999999999999,,,,,0.6332007952286283,0.6802663409543687,0.4262948207171315,0.4888744307091737,35,0,35,0,0.3142857142857143,-2.168861980640043,-0.6547884866807931,XGBoost,50.0,3.0,0.5,0.5,0.0,10.0,10.0,,,,,,,,,
NVDA,8,0.0174999999999999,long_short,,0.0127758696130412,,,,,0.6451292246520874,0.7052429793877592,0.4183266932270916,0.4606327462491846,31,0,31,0,0.2258064516129032,-2.124461527141745,-0.6663603400568665,XGBoost,500.0,3.0,0.7617619616581787,0.9057084490457016,0.0,10.0,8.640558108492598,,,,,,,,,
NVDA,9,0.02,long_short,,0.1003803711013481,,,,,0.6640159045725647,0.7597015810276679,0.4143426294820717,0.5537022501308215,27,0,27,0,0.3703703703703703,-1.6723794385532114,-0.6363821037131696,XGBoost,479.0,3.0,0.9185842769622284,0.7916893474459834,3.066133106316768,0.0,0.208576985252458,,,,,,,,,
NVDA,10,0.0225,long_short,,0.2999999999999999,,,,,0.6998011928429424,0.7809071146245059,0.450199203187251,0.5615942028985508,25,0,25,0,0.32,-1.760841775644853,-0.6583939415032531,XGBoost,357.0,3.0,0.8484408851275171,0.9864286184676132,3.183704796754525,0.2647353044643149,0.0,,,,,,,,,
NVDA,5,0.0125,long_only,,0.2531796804158823,,,,,0.6292246520874751,0.6772285994371186,0.4621513944223107,0.4902618135376756,0,0,0,50,0.0,0.0,0.0,XGBoost,306.0,3.0,0.6478234896496375,1.0,1.5679426646921495,4.416473145102838,5.2852590734338385,,,,,,,,,
NVDA,6,0.0174999999999999,long_only,,0.01,,,,,0.6779324055666004,0.7366441334598356,0.4422310756972111,0.51502574002574,0,0,0,41,0.0,0.0,0.0,XGBoost,500.0,12.0,0.5,1.0,0.0,5.332303283313909,0.0,,,,,,,,,
NVDA,7,0.02,long_only,,0.1894280442011099,,,,,0.7504970178926441,0.8455917300380229,0.4223107569721115,0.5353936239427457,0,0,0,35,0.0,0.0,0.0,XGBoost,500.0,10.0,0.9844205724323464,0.9746227380515984,1.6351094808670477,0.0,0.0,,,,,,,,,
NVDA,5,0.0125,long_short_confidence,0.6,0.2531796804158823,,,,,0.6292246520874751,0.6772285994371186,0.4621513944223107,0.4902618135376756,47,0,47,3,0.3617021276595745,-1.411853260126078,-0.5990804038372581,XGBoost,306.0,3.0,0.6478234896496375,1.0,1.5679426646921495,4.416473145102838,5.2852590734338385,,,,,,,,,
NVDA,6,0.0174999999999999,long_short_confidence,0.6,0.01,,,,,0.6779324055666004,0.7366441334598356,0.4422310756972111,0.51502574002574,38,0,38,3,0.3157894736842105,-1.3876962134937236,-0.5349761300641842,XGBoost,500.0,12.0,0.5,1.0,0.0,5.332303283313909,0.0,,,,,,,,,
NVDA,7,0.02,long_short_confidence,0.6,0.1894280442011099,,,,,0.7504970178926441,0.8455917300380229,0.4223107569721115,0.5353936239427457,35,0,35,0,0.3142857142857143,-2.168289791756809,-0.6548089207726093,XGBoost,500.0,10.0,0.9844205724323464,0.9746227380515984,1.6351094808670477,0.0,0.0,,,,,,,,,
NVDA,5,0.0125,long_only_confidence,0.6,0.2531796804158823,,,,,0.6292246520874751,0.6772285994371186,0.4621513944223107,0.4902618135376756,0,0,0,50,0.0,0.0,0.0,XGBoost,306.0,3.0,0.6478234896496375,1.0,1.5679426646921495,4.416473145102838,5.2852590734338385,,,,,,,,,
NVDA,6,0.0174999999999999,long_only_confidence,0.6,0.01,,,,,0.6779324055666004,0.7366441334598356,0.4422310756972111,0.51502574002574,0,0,0,41,0.0,0.0,0.0,XGBoost,500.0,12.0,0.5,1.0,0.0,5.332303283313909,0.0,,,,,,,,,
NVDA,7,0.02,long_only_confidence,0.6,0.1894280442011099,,,,,0.7504970178926441,0.8455917300380229,0.4223107569721115,0.5353936239427457,0,0,0,35,0.0,0.0,0.0,XGBoost,500.0,10.0,0.9844205724323464,0.9746227380515984,1.6351094808670477,0.0,0.0,,,,,,,,,
SPY,2,0.0025,long_short,,0.0693505706188643,,,,,0.5825049701789264,0.6152193081305924,0.5099601593625498,0.5398730158730158,125,23,102,0,0.344,-2.6522198487300432,-0.2896446247859346,XGBoost,321.0,8.0,0.5467119321873706,0.7017255949892416,2.6100797030171723,3.378964894631549,5.661994474626349,,,,,,,,,
SPY,3,0.0025,long_short,,0.0194665009688782,,,,,0.5497017892644135,0.5933830658725292,0.5219123505976095,0.5389572912658714,83,33,50,0,0.4457831325301205,-1.681843062169804,-0.1974063185449326,XGBoost,55.0,11.0,0.5,0.6625218617734657,4.850039313237354,0.0,10.0,,,,,,,,,
SPY,4,0.005,long_short,,0.1753682390558841,,,,,0.6113320079522863,0.6438243717956834,0.5378486055776892,0.5440932311621967,62,0,62,0,0.3548387096774194,-2.4286663040557253,-0.270641304389021,XGBoost,157.0,3.0,0.9538971837615832,0.5813091695284581,4.953799495980728,2.715445542212838,7.9561798457139234,,,,,,,,,
SPY,5,0.005,long_short,,0.192049784206489,,,,,0.5924453280318092,0.6285907955479668,0.4741035856573705,0.5709511077158136,50,0,50,0,0.36,-2.0321964884992276,-0.2453700359750299,XGBoost,292.0,8.0,0.7251399380686613,0.5,5.09506757227231,3.622977711652654,0.7409296415795272,,,,,,,,,
SPY,6,0.005,long_short,,0.1926107101069075,,,,,0.6093439363817097,0.644545087930162,0.4741035856573705,0.628256704980843,41,0,41,0,0.3170731707317073,-2.224069132219505,-0.2468265759436063,XGBoost,451.0,12.0,0.5,0.5584349099644743,10.0,0.0,0.0,,,,,,,,,
SPY,7,0.0075,long_short,,0.0524948089230876,,,,,0.5805168986083499,0.6190141067813764,0.4780876494023904,0.5192748091603054,35,0,35,0,0.3428571428571428,-2.5331018993053807,-0.2377529566922148,XGBoost,113.0,4.0,0.5240925793727704,0.6718536474301149,10.0,0.0,2.2916706805100593,,,,,,,,,
SPY,8,0.0075,long_short,,0.01,,,,,0.5894632206759444,0.6179389509242009,0.4422310756972111,0.4540862290862291,31,0,31,0,0.3225806451612903,-3.058388862674446,-0.2476654094680745,XGBoost,134.0,4.0,0.7472921154417587,0.5,10.0,3.787994972833038,0.0,,,,,,,,,
SPY,9,0.01,long_short,,0.0244542968867843,,,,,0.5904572564612326,0.6266524967543776,0.4820717131474104,0.3875715193897012,27,0,27,0,0.2592592592592592,-2.0535945747133035,-0.2226319698786127,XGBoost,377.0,7.0,0.5,0.5106685784086669,3.745843710608472,5.060377545319659,1.9325689589875803,,,,,,,,,
SPY,10,0.01,long_short,,0.1418071564762393,,,,,0.6759443339960238,0.7395062460468058,0.4581673306772908,0.4857736572890025,25,0,25,0,0.32,-1.85595190640685,-0.2262568093023376,XGBoost,408.0,5.0,0.7984250789732436,0.7229163764267956,0.9997491581800292,4.592488919658672,3.337086111390219,,,,,,,,,
SPY,3,0.0025,long_only,,0.0227722608413551,,,,,0.5815109343936382,0.6098422937649642,0.4541832669322709,0.470950365525202,7,7,0,76,0.2857142857142857,-0.7044506914008245,-0.0153698450767051,XGBoost,50.0,3.0,0.5,1.0,0.0,10.0,2.997544035110819,,,,,,,,,
SPY,4,0.005,long_only,,0.0142907621252927,,,,,0.5894632206759444,0.6079439363250838,0.5378486055776892,0.5,0,0,0,62,0.0,0.0,0.0,XGBoost,446.0,8.0,0.7537253749279096,1.0,7.121110944686962,3.9794281429343425,1.1515580748934182,,,,,,,,,
SPY,9,0.01,long_only,,0.01,,,,,0.6113320079522863,0.6664291821031633,0.4820717131474104,0.4634456452638271,0,0,0,27,0.0,0.0,0.0,XGBoost,382.0,3.0,0.8273637916194263,0.863190679257133,0.0,10.0,1.6590236695695908,,,,,,,,,
SPY,10,0.01,long_only,,0.0324311163804594,,,,,0.5894632206759444,0.6359720904490829,0.4581673306772908,0.5562979539641943,0,0,0,25,0.0,0.0,0.0,XGBoost,357.0,3.0,0.7183804424062548,0.5,4.714930649715283,3.8455219411886703,0.0,,,,,,,,,
SPY,3,0.0025,long_short_confidence,0.6,0.0227722608413551,,,,,0.5815109343936382,0.6098422937649642,0.4541832669322709,0.470950365525202,0,0,0,83,0.0,0.0,0.0,XGBoost,50.0,3.0,0.5,1.0,0.0,10.0,2.997544035110819,,,,,,,,,
SPY,4,0.005,long_short_confidence,0.6,0.0142907621252927,,,,,0.5894632206759444,0.6079439363250838,0.5378486055776892,0.5,0,0,0,62,0.0,0.0,0.0,XGBoost,446.0,8.0,0.7537253749279096,1.0,7.121110944686962,3.9794281429343425,1.1515580748934182,,,,,,,,,
SPY,9,0.01,long_short_confidence,0.6,0.01,,,,,0.6113320079522863,0.6664291821031633,0.4820717131474104,0.4634456452638271,24,0,24,3,0.25,-1.8617975176858577,-0.2031389814748172,XGBoost,382.0,3.0,0.8273637916194263,0.863190679257133,0.0,10.0,1.6590236695695908,,,,,,,,,
SPY,10,0.01,long_short_confidence,0.6,0.0324311163804594,,,,,0.5894632206759444,0.6359720904490829,0.4581673306772908,0.5562979539641943,25,0,25,0,0.32,-1.85595190640685,-0.2262568093023376,XGBoost,357.0,3.0,0.7183804424062548,0.5,4.714930649715283,3.8455219411886703,0.0,,,,,,,,,
SPY,3,0.0025,long_only_confidence,0.6,0.0227722608413551,,,,,0.5815109343936382,0.6098422937649642,0.4541832669322709,0.470950365525202,0,0,0,83,0.0,0.0,0.0,XGBoost,50.0,3.0,0.5,1.0,0.0,10.0,2.997544035110819,,,,,,,,,
SPY,4,0.005,long_only_confidence,0.6,0.0142907621252927,,,,,0.5894632206759444,0.6079439363250838,0.5378486055776892,0.5,0,0,0,62,0.0,0.0,0.0,XGBoost,446.0,8.0,0.7537253749279096,1.0,7.121110944686962,3.9794281429343425,1.1515580748934182,,,,,,,,,
SPY,9,0.01,long_only_confidence,0.6,0.01,,,,,0.6113320079522863,0.6664291821031633,0.4820717131474104,0.4634456452638271,0,0,0,27,0.0,0.0,0.0,XGBoost,382.0,3.0,0.8273637916194263,0.863190679257133,0.0,10.0,1.6590236695695908,,,,,,,,,
SPY,10,0.01,long_only_confidence,0.6,0.0324311163804594,,,,,0.5894632206759444,0.6359720904490829,0.4581673306772908,0.5562979539641943,0,0,0,25,0.0,0.0,0.0,XGBoost,357.0,3.0,0.7183804424062548,0.5,4.714930649715283,3.8455219411886703,0.0,,,,,,,,,
TSLA,2,0.0025,long_short,,0.2999999999999999,,,,,0.6481113320079522,0.7097226174666413,0.5179282868525896,0.5177368086458995,125,92,33,0,0.52,1.2879418104671816,0.8579293979559379,XGBoost,500.0,3.0,1.0,0.6545283555874646,0.0,4.62785295785805,0.0,,,,,,,,,
TSLA,3,0.005,long_short,,0.0310621178890859,,,,,0.5924453280318092,0.6307649432943436,0.4820717131474104,0.5125636132315522,83,82,1,0,0.5301204819277109,1.1827438402369346,0.7497387588193458,XGBoost,50.0,3.0,1.0,0.964101628539521,4.393848511446605,0.0,3.946003011872077,,,,,,,,,
TSLA,4,0.005,long_short,,0.0135696543249904,,,,,0.6003976143141153,0.6495297917169026,0.5298804780876494,0.5639734930546706,62,57,5,0,0.5967741935483871,2.039572258664468,2.0227196778410184,XGBoost,147.0,11.0,0.7883306989005356,0.7433374993706441,5.98258354213078,2.471104119485146,0.0,,,,,,,,,
TSLA,5,0.01,long_short,,0.1045694811923935,,,,,0.6033797216699801,0.637080294855833,0.5378486055776892,0.5454022988505747,50,42,8,0,0.54,1.7438588480808317,1.4201216990257772,XGBoost,387.0,9.0,0.6086394260327523,0.8623726879332527,5.75709866303942,10.0,0.0993456358917716,,,,,,,,,
TSLA,6,0.01,long_short,,0.2999999999999999,,,,,0.6123260437375746,0.6527692690773845,0.5338645418326693,0.5488491048593349,41,36,5,0,0.5853658536585366,2.0760792941433355,1.8830736914111503,XGBoost,88.0,3.0,0.7270930195148325,0.8421771082000074,9.73763188958827,5.872346874622796,10.0,,,,,,,,,
TSLA,7,0.0125,long_short,,0.2999999999999999,,,,,0.617296222664016,0.6623695652173913,0.50199203187251,0.5007343550446999,35,31,4,0,0.5142857142857142,1.6854134537800212,1.5717009939233997,XGBoost,500.0,3.0,0.72152833243013,1.0,7.646979469648207,8.438832133767315,6.13971351542534,,,,,,,,,
TSLA,8,0.0174999999999999,long_short,,0.0136148271814139,,,,,0.6401590457256461,0.6904962352522678,0.4900398406374502,0.4875859434682965,31,24,7,0,0.6451612903225806,2.5015333566056923,2.7477325920504976,XGBoost,100.0,6.0,0.5799306727778786,1.0,1.9571749467901451,10.0,1.1485679772313535,,,,,,,,,
TSLA,9,0.0225,long_short,,0.01,,,,,0.6292246520874751,0.6829912290063362,0.5179282868525896,0.4885869565217391,27,22,5,0,0.6666666666666666,2.2606208220456603,2.3344921675258807,XGBoost,323.0,3.0,0.5556022810193496,0.9869888837320876,2.0122837655709995,10.0,7.5760699560024225,,,,,,,,,
TSLA,10,0.0225,long_short,,0.0934730865701845,,,,,0.6341948310139165,0.6818409995533473,0.5139442231075697,0.4763922518159806,25,20,5,0,0.6,2.39825962209131,2.8298334018906086,XGBoost,396.0,7.0,0.5,0.5592055558531946,5.497810488314649,7.644007855419725,10.0,,,,,,,,,
TSLA,9,0.02,long_only,,0.2440784025031598,,,,,0.6282306163021869,0.6716842816981602,0.5219123505976095,0.5033452274754684,22,22,0,5,0.6363636363636364,1.7600233349821257,1.4100092635442176,XGBoost,500.0,3.0,0.5,0.8608975283193843,5.9518991121255915,10.0,10.0,,,,,,,,,
TSLA,10,0.02,long_only,,0.01,,,,,0.6391650099403579,0.6709984860044352,0.5179282868525896,0.5036554354736172,23,23,0,2,0.6086956521739131,1.668969166126308,1.351045262412716,XGBoost,139.0,12.0,0.5,0.5,9.82741143627855,10.0,0.0,,,,,,,,,
TSLA,9,0.02,long_short_confidence,0.6,0.2440784025031598,,,,,0.6282306163021869,0.6716842816981602,0.5219123505976095,0.5033452274754684,0,0,0,27,0.0,0.0,0.0,XGBoost,500.0,3.0,0.5,0.8608975283193843,5.9518991121255915,10.0,10.0,,,,,,,,,
TSLA,10,0.02,long_short_confidence,0.6,0.01,,,,,0.6391650099403579,0.6709984860044352,0.5179282868525896,0.5036554354736172,0,0,0,25,0.0,0.0,0.0,XGBoost,139.0,12.0,0.5,0.5,9.82741143627855,10.0,0.0,,,,,,,,,
TSLA,9,0.02,long_only_confidence,0.6,0.2440784025031598,,,,,0.6282306163021869,0.6716842816981602,0.5219123505976095,0.5033452274754684,0,0,0,27,0.0,0.0,0.0,XGBoost,500.0,3.0,0.5,0.8608975283193843,5.9518991121255915,10.0,10.0,,,,,,,,,
TSLA,10,0.02,long_only_confidence,0.6,0.01,,,,,0.6391650099403579,0.6709984860044352,0.5179282868525896,0.5036554354736172,0,0,0,25,0.0,0.0,0.0,XGBoost,139.0,12.0,0.5,0.5,9.82741143627855,10.0,0.0,,,,,,,,,
AAPL,2,0.0025,long_short,,0.0319894870294796,,,,,0.6590457256461233,0.7341290075219473,0.4860557768924303,0.446678099593496,125,75,50,0,0.48,-1.0493038009449709,-0.2365762104862177,LightGBM,499.0,3.0,0.9340219351767964,0.8415879998838411,,0.0,6.812217945950025,68.0,,,,,,,,
AAPL,3,0.005,long_short,,0.01,,,,,0.6809145129224652,0.7404910158334816,0.5099601593625498,0.5125334864140835,83,47,36,0,0.4578313253012048,-0.8814168166459018,-0.1944452336832732,LightGBM,500.0,3.0,0.5,1.0,,0.0,0.0,100.0,,,,,,,,
AAPL,4,0.005,long_short,,0.01,,,,,0.7992047713717694,0.8858368928966935,0.5179282868525896,0.5320512820512819,62,40,22,0,0.6129032258064516,0.6890677991607219,0.1300496663446235,LightGBM,500.0,12.0,0.8881593191062161,0.801761358447328,,0.4944316247478231,0.0,83.0,,,,,,,,
AAPL,5,0.005,long_short,,0.01,,,,,0.6481113320079522,0.7158384724857685,0.5059760956175299,0.5313095994914178,50,31,19,0,0.48,1.1512527879985317,0.296022763789121,LightGBM,500.0,3.0,0.5,1.0,,0.0,0.0,20.0,,,,,,,,
AAPL,6,0.0075,long_short,,0.0282160875238182,,,,,0.6888667992047713,0.7368335751246181,0.5378486055776892,0.5094639227642277,41,30,11,0,0.3414634146341463,-2.2669313583086583,-0.3693006157240902,LightGBM,50.0,6.0,1.0,0.6367666270791613,,1.3332798068169671,10.0,40.0,,,,,,,,
AAPL,7,0.01,long_short,,0.2999999999999999,,,,,0.7326043737574552,0.8187519022265438,0.549800796812749,0.484872816032888,35,20,15,0,0.4,-1.3542047318606325,-0.2712682913499828,LightGBM,50.0,3.0,0.8290284650344245,1.0,,0.0,0.0,100.0,,,,,,,,
AAPL,8,0.0125,long_short,,0.2237408767321224,,,,,0.7823061630218688,0.8607855383776133,0.5418326693227091,0.5066924066924067,31,14,17,0,0.6129032258064516,0.961266616761962,0.1934994338149103,LightGBM,50.0,5.0,0.5,0.877115318813583,,0.0,0.0,78.0,,,,,,,,
AAPL,9,0.015,long_short,,0.01,,,,,0.7117296222664016,0.7936705558717511,0.5338645418326693,0.5003854059609455,27,14,13,0,0.7407407407407407,1.399866832759405,0.2902408262691693,LightGBM,500.0,3.0,0.8767960554564775,0.5,,0.0,0.0,20.0,,,,,,,,
AAPL,10,0.015,long_short,,0.2999999999999999,,,,,0.9254473161033796,0.9794413875976348,0.5418326693227091,0.4939578005115089,25,11,14,0,0.6,0.5025221875983453,0.0899613506583782,LightGBM,50.0,12.0,0.5,1.0,,0.0,0.0,100.0,,,,,,,,
AAPL,4,0.005,long_only,,0.0372969284001682,,,,,0.8190854870775348,0.9048034330011074,0.4860557768924303,0.486318407960199,39,39,0,23,0.717948717948718,1.9109370549246472,0.4067704134219791,LightGBM,500.0,12.0,0.5351206186364811,0.750557867152146,,0.0,5.555461886853977,20.0,,,,,,,,
AAPL,5,0.005,long_only,,0.01,,,,,0.7017892644135189,0.7597307874762809,0.4621513944223107,0.492085187539733,22,22,0,28,0.5909090909090909,1.0262558768699317,0.1395840964962305,LightGBM,87.0,12.0,0.5232647766918732,1.0,,0.0,7.197474519764167,100.0,,,,,,,,
AAPL,6,0.0075,long_only,,0.2999999999999999,,,,,0.9920477137176938,0.9998300213856816,0.4940239043824701,0.4913617886178862,28,28,0,13,0.4642857142857143,0.381908679796651,0.0464058846266492,LightGBM,278.0,12.0,0.6703570764742794,1.0,,0.0,1.0378631806257443,50.0,,,,,,,,
AAPL,8,0.01,long_only,,0.01,,,,,0.7326043737574552,0.825920815409919,0.545816733067729,0.5062260536398467,11,11,0,20,0.3636363636363636,0.1848630415411366,0.0119930744317238,LightGBM,431.0,6.0,0.9031033478688998,0.8779920641398524,,0.0695920307197861,0.2989554656750392,78.0,,,,,,,,
AAPL,10,0.0125,long_only,,0.0206733739211737,,,,,0.7743538767395626,0.8480381110518098,0.5139442231075697,0.4853221502096835,13,13,0,12,0.5384615384615384,0.6388545497958651,0.0735059962020963,LightGBM,163.0,7.0,0.5516224285064829,0.862432436583582,,0.0,0.0,77.0,,,,,,,,
AAPL,4,0.005,long_short_confidence,0.6,0.0372969284001682,,,,,0.8190854870775348,0.9048034330011074,0.4860557768924303,0.486318407960199,48,33,15,14,0.6875,2.2810826628827083,0.5034209554302731,LightGBM,500.0,12.0,0.5351206186364811,0.750557867152146,,0.0,5.555461886853977,20.0,,,,,,,,
AAPL,5,0.005,long_short_confidence,0.6,0.01,,,,,0.7017892644135189,0.7597307874762809,0.4621513944223107,0.492085187539733,8,0,8,42,0.125,-3.0899319415800495,-0.2001988942837863,LightGBM,87.0,12.0,0.5232647766918732,1.0,,0.0,7.197474519764167,100.0,,,,,,,,
AAPL,6,0.0075,long_short_confidence,0.6,0.2999999999999999,,,,,0.9920477137176938,0.9998300213856816,0.4940239043824701,0.4913617886178862,38,27,11,3,0.4473684210526316,-0.719417663886966,-0.1520434084314907,LightGBM,278.0,12.0,0.6703570764742794,1.0,,0.0,1.0378631806257443,50.0,,,,,,,,
AAPL,8,0.01,long_short_confidence,0.6,0.01,,,,,0.7326043737574552,0.825920815409919,0.545816733067729,0.5062260536398467,17,7,10,14,0.5294117647058824,-0.6685883350639839,-0.1209960162756051,LightGBM,431.0,6.0,0.9031033478688998,0.8779920641398524,,0.0695920307197861,0.2989554656750392,78.0,,,,,,,,
AAPL,10,0.0125,long_short_confidence,0.6,0.0206733739211737,,,,,0.7743538767395626,0.8480381110518098,0.5139442231075697,0.4853221502096835,18,8,10,7,0.5555555555555556,-0.1031377595858355,-0.0403779889996437,LightGBM,163.0,7.0,0.5516224285064829,0.862432436583582,,0.0,0.0,77.0,,,,,,,,
AAPL,4,0.005,long_only_confidence,0.6,0.0372969284001682,,,,,0.8190854870775348,0.9048034330011074,0.4860557768924303,0.486318407960199,33,33,0,29,0.7575757575757576,2.1514791418863584,0.4199921675741349,LightGBM,500.0,12.0,0.5351206186364811,0.750557867152146,,0.0,5.555461886853977,20.0,,,,,,,,
AAPL,5,0.005,long_only_confidence,0.6,0.01,,,,,0.7017892644135189,0.7597307874762809,0.4621513944223107,0.492085187539733,0,0,0,50,0.0,0.0,0.0,LightGBM,87.0,12.0,0.5232647766918732,1.0,,0.0,7.197474519764167,100.0,,,,,,,,
AAPL,6,0.0075,long_only_confidence,0.6,0.2999999999999999,,,,,0.9920477137176938,0.9998300213856816,0.4940239043824701,0.4913617886178862,27,27,0,14,0.4444444444444444,0.3685494053422999,0.0443591207462223,LightGBM,278.0,12.0,0.6703570764742794,1.0,,0.0,1.0378631806257443,50.0,,,,,,,,
AAPL,8,0.01,long_only_confidence,0.6,0.01,,,,,0.7326043737574552,0.825920815409919,0.545816733067729,0.5062260536398467,7,7,0,24,0.5714285714285714,0.868701118034318,0.0633677663195024,LightGBM,431.0,6.0,0.9031033478688998,0.8779920641398524,,0.0695920307197861,0.2989554656750392,78.0,,,,,,,,
AAPL,10,0.0125,long_only_confidence,0.6,0.0206733739211737,,,,,0.7743538767395626,0.8480381110518098,0.5139442231075697,0.4853221502096835,8,8,0,17,0.625,1.6614086534161625,0.1449743065795135,LightGBM,163.0,7.0,0.5516224285064829,0.862432436583582,,0.0,0.0,77.0,,,,,,,,
META,2,0.0025,long_short,,0.1187517252831502,,,,,0.5695825049701789,0.5937772981861158,0.450199203187251,0.5431255611132487,125,0,125,0,0.408,-1.778811062782762,-0.4851202429008115,LightGBM,336.0,4.0,0.6021088986538078,0.5,,10.0,10.0,24.0,,,,,,,,
META,3,0.0025,long_short,,0.01,,,,,0.7385685884691849,0.8230305210437477,0.4780876494023904,0.5533679088231529,83,10,73,0,0.3855421686746988,-1.165894381810085,-0.3537364375375801,LightGBM,500.0,12.0,0.5655106324584223,1.0,,2.9891905638187435,0.0,30.0,,,,,,,,
META,4,0.005,long_short,,0.077969222543749,,,,,0.794234592445328,0.8792944664031621,0.4860557768924303,0.5744245524296676,62,7,55,0,0.4838709677419355,-1.2159286329201573,-0.3430060643072916,LightGBM,479.0,12.0,1.0,1.0,,2.19338420539366,5.186411482465059,61.0,,,,,,,,
META,5,0.005,long_short,,0.0589325449377374,,,,,0.5944333996023857,0.6468933923072971,0.4262948207171315,0.5,50,0,50,0,0.36,-1.557413937267473,-0.4449984441584087,LightGBM,293.0,12.0,0.5085652289647355,0.8756104622227874,,9.893221091277027,2.3249858881059864,26.0,,,,,,,,
META,6,0.0075,long_short,,0.01,,,,,0.5984095427435387,0.6305018023145513,0.446215139442231,0.5,41,0,41,0,0.3414634146341463,-1.8850047617923165,-0.448020620317209,LightGBM,50.0,12.0,0.5,0.5,,10.0,0.0,20.0,,,,,,,,
META,7,0.0075,long_short,,0.01,,,,,0.6133200795228628,0.6531493075317777,0.4422310756972111,0.461132561132561,35,0,35,0,0.3428571428571428,-1.7079865749536804,-0.4308402104752221,LightGBM,50.0,3.0,1.0,0.5,,10.0,0.0,42.0,,,,,,,,
META,8,0.01,long_short,,0.01,,,,,0.6391650099403579,0.6528904224372352,0.4661354581673306,0.5,31,0,31,0,0.3548387096774194,-1.7421670607115909,-0.4457006579226673,LightGBM,50.0,3.0,1.0,1.0,,10.0,0.0,20.0,,,,,,,,
META,9,0.01,long_short,,0.01,,,,,0.5815109343936382,0.6302365565897907,0.4661354581673306,0.5582025768592933,27,0,27,0,0.3333333333333333,-1.5599032166728786,-0.4377371971712211,LightGBM,50.0,3.0,1.0,1.0,,0.6145784791869856,0.4725844439223813,100.0,,,,,,,,
META,10,0.015,long_short,,0.01,,,,,0.6332007952286283,0.691120728839351,0.4900398406374502,0.5,25,0,25,0,0.32,-1.4442458786378165,-0.4309413949472722,LightGBM,50.0,9.0,1.0,1.0,,10.0,10.0,30.0,,,,,,,,
META,2,0.0025,long_only,,0.1793033660899596,,,,,0.5984095427435387,0.621256319344804,0.450199203187251,0.5065089136847505,0,0,0,125,0.0,0.0,0.0,LightGBM,86.0,12.0,0.5,0.8870611458717141,,10.0,0.4423609512265339,25.0,,,,,,,,
META,3,0.0025,long_only,,0.0689558953225116,,,,,0.5834990059642147,0.6180343356800923,0.4541832669322709,0.4633435779229095,0,0,0,83,0.0,0.0,0.0,LightGBM,50.0,3.0,0.9209031445974728,0.5,,6.401980265126528,8.630543620466657,23.0,,,,,,,,
META,4,0.005,long_only,,0.1418071564762393,,,,,0.647117296222664,0.6857391304347825,0.4581673306772908,0.4026854219948849,0,0,0,62,0.0,0.0,0.0,LightGBM,408.0,5.0,0.7229163764267956,0.5499874579090015,,4.592488919658672,3.337086111390219,68.0,,,,,,,,
META,7,0.01,long_only,,0.01,,,,,0.5695825049701789,0.6303457121480233,0.4581673306772908,0.5016304347826087,0,0,0,35,0.0,0.0,0.0,LightGBM,50.0,3.0,1.0,0.7802373543772072,,9.01324186834854,8.421944597073669,98.0,,,,,,,,
META,8,0.0125,long_only,,0.01,,,,,0.6123260437375746,0.6822790817234492,0.4741035856573705,0.5263559969442322,0,0,0,31,0.0,0.0,0.0,LightGBM,50.0,3.0,1.0,1.0,,1.8864673471806632,0.0,90.0,,,,,,,,
META,9,0.0125,long_only,,0.2999999999999999,,,,,0.8151093439363817,0.8919146025117838,0.4780876494023904,0.5287433155080214,2,2,0,25,0.5,0.8334224285330853,0.0415228683053763,LightGBM,494.0,12.0,0.961204797025591,0.5868717878213426,,0.0,10.0,20.0,,,,,,,,
META,10,0.015,long_only,,0.01,,,,,0.6421471172962226,0.7071599375506413,0.4900398406374502,0.436547256097561,0,0,0,25,0.0,0.0,0.0,LightGBM,500.0,12.0,1.0,0.6840062113367513,,10.0,10.0,100.0,,,,,,,,
META,2,0.0025,long_short_confidence,0.6,0.1793033660899596,,,,,0.5984095427435387,0.621256319344804,0.450199203187251,0.5065089136847505,0,0,0,125,0.0,0.0,0.0,LightGBM,86.0,12.0,0.5,0.8870611458717141,,10.0,0.4423609512265339,25.0,,,,,,,,
META,3,0.0025,long_short_confidence,0.6,0.0689558953225116,,,,,0.5834990059642147,0.6180343356800923,0.4541832669322709,0.4633435779229095,0,0,0,83,0.0,0.0,0.0,LightGBM,50.0,3.0,0.9209031445974728,0.5,,6.401980265126528,8.630543620466657,23.0,,,,,,,,
META,4,0.005,long_short_confidence,0.6,0.1418071564762393,,,,,0.647117296222664,0.6857391304347825,0.4581673306772908,0.4026854219948849,55,0,55,7,0.4181818181818181,-1.6319081266437192,-0.4074186932118255,LightGBM,408.0,5.0,0.7229163764267956,0.5499874579090015,,4.592488919658672,3.337086111390219,68.0,,,,,,,,
META,7,0.01,long_short_confidence,0.6,0.01,,,,,0.5695825049701789,0.6303457121480233,0.4581673306772908,0.5016304347826087,0,0,0,35,0.0,0.0,0.0,LightGBM,50.0,3.0,1.0,0.7802373543772072,,9.01324186834854,8.421944597073669,98.0,,,,,,,,
META,8,0.0125,long_short_confidence,0.6,0.01,,,,,0.6123260437375746,0.6822790817234492,0.4741035856573705,0.5263559969442322,22,0,22,9,0.4090909090909091,-0.9207215851393954,-0.2430808281752435,LightGBM,50.0,3.0,1.0,1.0,,1.8864673471806632,0.0,90.0,,,,,,,,
META,9,0.0125,long_short_confidence,0.6,0.2999999999999999,,,,,0.8151093439363817,0.8919146025117838,0.4780876494023904,0.5287433155080214,26,1,25,1,0.3076923076923077,-1.4907314940700995,-0.4207215415151499,LightGBM,494.0,12.0,0.961204797025591,0.5868717878213426,,0.0,10.0,20.0,,,,,,,,
META,10,0.015,long_short_confidence,0.6,0.01,,,,,0.6421471172962226,0.7071599375506413,0.4900398406374502,0.436547256097561,16,0,16,9,0.1875,-2.093147377643714,-0.45314985576374,LightGBM,500.0,12.0,1.0,0.6840062113367513,,10.0,10.0,100.0,,,,,,,,
META,2,0.0025,long_only_confidence,0.6,0.1793033660899596,,,,,0.5984095427435387,0.621256319344804,0.450199203187251,0.5065089136847505,0,0,0,125,0.0,0.0,0.0,LightGBM,86.0,12.0,0.5,0.8870611458717141,,10.0,0.4423609512265339,25.0,,,,,,,,
META,3,0.0025,long_only_confidence,0.6,0.0689558953225116,,,,,0.5834990059642147,0.6180343356800923,0.4541832669322709,0.4633435779229095,0,0,0,83,0.0,0.0,0.0,LightGBM,50.0,3.0,0.9209031445974728,0.5,,6.401980265126528,8.630543620466657,23.0,,,,,,,,
META,4,0.005,long_only_confidence,0.6,0.1418071564762393,,,,,0.647117296222664,0.6857391304347825,0.4581673306772908,0.4026854219948849,0,0,0,62,0.0,0.0,0.0,LightGBM,408.0,5.0,0.7229163764267956,0.5499874579090015,,4.592488919658672,3.337086111390219,68.0,,,,,,,,
META,7,0.01,long_only_confidence,0.6,0.01,,,,,0.5695825049701789,0.6303457121480233,0.4581673306772908,0.5016304347826087,0,0,0,35,0.0,0.0,0.0,LightGBM,50.0,3.0,1.0,0.7802373543772072,,9.01324186834854,8.421944597073669,98.0,,,,,,,,
META,8,0.0125,long_only_confidence,0.6,0.01,,,,,0.6123260437375746,0.6822790817234492,0.4741035856573705,0.5263559969442322,0,0,0,31,0.0,0.0,0.0,LightGBM,50.0,3.0,1.0,1.0,,1.8864673471806632,0.0,90.0,,,,,,,,
META,9,0.0125,long_only_confidence,0.6,0.2999999999999999,,,,,0.8151093439363817,0.8919146025117838,0.4780876494023904,0.5287433155080214,1,1,0,26,0.0,0.0,-0.0147619670571444,LightGBM,494.0,12.0,0.961204797025591,0.5868717878213426,,0.0,10.0,20.0,,,,,,,,
META,10,0.015,long_only_confidence,0.6,0.01,,,,,0.6421471172962226,0.7071599375506413,0.4900398406374502,0.436547256097561,0,0,0,25,0.0,0.0,0.0,LightGBM,500.0,12.0,1.0,0.6840062113367513,,10.0,10.0,100.0,,,,,,,,
NVDA,2,0.005,long_short,,0.1754513616606681,,,,,0.584493041749503,0.6443410209284401,0.4940239043824701,0.5820406865861412,125,20,105,0,0.52,-0.0291654302176695,-0.1277393112267116,LightGBM,305.0,3.0,0.6975751180009073,0.9633294328968972,,7.27271995856421,3.2654076880583545,56.0,,,,,,,,
NVDA,3,0.0075,long_short,,0.2999999999999999,,,,,0.6083499005964215,0.64590646742568,0.4900398406374502,0.5550133945656334,83,7,76,0,0.4578313253012048,-0.4409109327159409,-0.3172963017142312,LightGBM,77.0,3.0,0.926384942723456,1.0,,6.748131590056623,9.878778328448306,78.0,,,,,,,,
NVDA,4,0.0125,long_short,,0.01,,,,,0.6918489065606361,0.7653117687978246,0.4900398406374502,0.5524326727642277,62,0,62,0,0.3870967741935484,-2.1035445555495067,-0.6765495163419737,LightGBM,50.0,11.0,0.8199262193667329,0.5,,0.0,0.0,63.0,,,,,,,,
NVDA,5,0.0125,long_short,,0.2999999999999999,,,,,0.6888667992047713,0.7681412640874719,0.4621513944223107,0.5378033205619412,50,0,50,0,0.34,-1.7170498753741483,-0.66683239253883,LightGBM,226.0,12.0,0.7070543536867704,1.0,,4.629875042932838,10.0,20.0,,,,,,,,
NVDA,6,0.015,long_short,,0.1123927552318036,,,,,0.6610337972166997,0.7060790513833992,0.4302788844621514,0.4966006216006216,41,0,41,0,0.2926829268292683,-1.915075531218128,-0.6690667772196037,LightGBM,56.0,5.0,0.8029799873905057,0.9631504392566744,,6.5107702550194455,9.149596755437807,83.0,,,,,,,,
NVDA,7,0.0174999999999999,long_short,,0.2999999999999999,,,,,0.6182902584493042,0.6834621952376435,0.4223107569721115,0.5442745608327912,35,0,35,0,0.3142857142857143,-2.168861980640043,-0.6547884866807931,LightGBM,248.0,5.0,1.0,0.9797225369300114,,8.455503121763698,0.0,20.0,,,,,,,,
NVDA,8,0.0174999999999999,long_short,,0.0183053813386929,,,,,0.6451292246520874,0.7232287899448626,0.4183266932270916,0.4703522504892368,31,0,31,0,0.2258064516129032,-2.124461527141745,-0.6663603400568665,LightGBM,500.0,3.0,0.7360095885642715,1.0,,6.475753168646319,0.0,38.0,,,,,,,,
NVDA,9,0.02,long_short,,0.1596361117976556,,,,,0.6739562624254473,0.7307529644268775,0.4143426294820717,0.50317242281528,27,0,27,0,0.3703703703703703,-1.6723794385532114,-0.6363821037131696,LightGBM,494.0,12.0,0.5707612313334014,1.0,,7.839380150592284,10.0,78.0,,,,,,,,
NVDA,10,0.0225,long_short,,0.01,,,,,0.7087475149105368,0.7806956521739129,0.450199203187251,0.5807361805822753,25,0,25,0,0.32,-1.760841775644853,-0.6583939415032531,LightGBM,393.0,6.0,0.9599529680595208,0.8879731496085936,,0.0,7.773852481539693,100.0,,,,,,,,
NVDA,5,0.0125,long_only,,0.2999999999999999,,,,,0.6381709741550696,0.7017677007241564,0.4621513944223107,0.4942848020434227,0,0,0,50,0.0,0.0,0.0,LightGBM,323.0,8.0,0.718943919036408,0.833213957288295,,6.083610721584875,0.0,96.0,,,,,,,,
NVDA,6,0.0174999999999999,long_only,,0.0954333205504984,,,,,0.668986083499006,0.7258479601518028,0.4422310756972111,0.5200450450450451,0,0,0,41,0.0,0.0,0.0,LightGBM,50.0,6.0,0.5545602312223399,1.0,,5.27107955761822,7.030207021629384,92.0,,,,,,,,
NVDA,7,0.02,long_only,,0.1123927552318036,,,,,0.643141153081511,0.7122247306717364,0.4223107569721115,0.529245283018868,0,0,0,35,0.0,0.0,0.0,LightGBM,56.0,5.0,0.8029799873905057,0.9631504392566744,,6.5107702550194455,9.149596755437807,83.0,,,,,,,,
NVDA,5,0.0125,long_short_confidence,0.6,0.2999999999999999,,,,,0.6381709741550696,0.7017677007241564,0.4621513944223107,0.4942848020434227,49,0,49,1,0.3469387755102041,-1.6233549651843997,-0.6482476011330189,LightGBM,323.0,8.0,0.718943919036408,0.833213957288295,,6.083610721584875,0.0,96.0,,,,,,,,
NVDA,6,0.0174999999999999,long_short_confidence,0.6,0.0954333205504984,,,,,0.668986083499006,0.7258479601518028,0.4422310756972111,0.5200450450450451,38,0,38,3,0.3157894736842105,-1.3876962134937236,-0.5349761300641842,LightGBM,50.0,6.0,0.5545602312223399,1.0,,5.27107955761822,7.030207021629384,92.0,,,,,,,,
NVDA,7,0.02,long_short_confidence,0.6,0.1123927552318036,,,,,0.643141153081511,0.7122247306717364,0.4223107569721115,0.529245283018868,35,0,35,0,0.3142857142857143,-2.168289791756809,-0.6548089207726093,LightGBM,56.0,5.0,0.8029799873905057,0.9631504392566744,,6.5107702550194455,9.149596755437807,83.0,,,,,,,,
NVDA,5,0.0125,long_only_confidence,0.6,0.2999999999999999,,,,,0.6381709741550696,0.7017677007241564,0.4621513944223107,0.4942848020434227,0,0,0,50,0.0,0.0,0.0,LightGBM,323.0,8.0,0.718943919036408,0.833213957288295,,6.083610721584875,0.0,96.0,,,,,,,,
NVDA,6,0.0174999999999999,long_only_confidence,0.6,0.0954333205504984,,,,,0.668986083499006,0.7258479601518028,0.4422310756972111,0.5200450450450451,0,0,0,41,0.0,0.0,0.0,LightGBM,50.0,6.0,0.5545602312223399,1.0,,5.27107955761822,7.030207021629384,92.0,,,,,,,,
NVDA,7,0.02,long_only_confidence,0.6,0.1123927552318036,,,,,0.643141153081511,0.7122247306717364,0.4223107569721115,0.529245283018868,0,0,0,35,0.0,0.0,0.0,LightGBM,56.0,5.0,0.8029799873905057,0.9631504392566744,,6.5107702550194455,9.149596755437807,83.0,,,,,,,,
SPY,2,0.0025,long_short,,0.01,,,,,0.5666003976143141,0.6217097849424101,0.49800796812749,0.5428888888888889,125,0,125,0,0.32,-2.7703560171470993,-0.2999232371740504,LightGBM,50.0,12.0,1.0,0.6303350678129925,,9.07625812250936,0.0,73.0,,,,,,,,
SPY,3,0.0025,long_short,,0.01,,,,,0.588469184890656,0.6310920711557869,0.5657370517928287,0.5847120687443889,83,50,33,0,0.5301204819277109,0.4033680382650095,0.0438000232926936,LightGBM,121.0,6.0,0.6974104011002598,0.5,,10.0,3.7200129168424407,80.0,,,,,,,,
SPY,4,0.005,long_short,,0.2999999999999999,,,,,0.6182902584493042,0.6663772232419773,0.5378486055776892,0.5795338441890165,62,0,62,0,0.3548387096774194,-2.4286663040557253,-0.270641304389021,LightGBM,50.0,3.0,0.560880232185093,1.0,,10.0,0.0,96.0,,,,,,,,
SPY,5,0.005,long_short,,0.0193490797852754,,,,,0.6083499005964215,0.6484360178334281,0.4741035856573705,0.6279921059332824,50,0,50,0,0.36,-2.0321964884992276,-0.2453700359750299,LightGBM,500.0,9.0,0.9892919536775042,0.5,,10.0,1.3233034322288035,41.0,,,,,,,,
SPY,6,0.005,long_short,,0.01,,,,,0.6063618290258449,0.6590432850455465,0.4621513944223107,0.6596104725415071,41,0,41,0,0.3170731707317073,-2.224069132219505,-0.2468265759436063,LightGBM,500.0,12.0,0.9101396413100168,0.5611584746163166,,10.0,6.698692176925894,31.0,,,,,,,,
SPY,7,0.0075,long_short,,0.2970315655574368,,,,,0.6113320079522863,0.6647741649797572,0.4780876494023904,0.5741094147582697,35,0,35,0,0.3428571428571428,-2.5331018993053807,-0.2377529566922148,LightGBM,500.0,4.0,1.0,0.5,,10.0,7.053721786365123,100.0,,,,,,,,
SPY,8,0.0075,long_short,,0.0176353512304094,,,,,0.6411530815109344,0.7002468227504124,0.4621513944223107,0.4802767052767052,31,0,31,0,0.3225806451612903,-3.058388862674446,-0.2476654094680745,LightGBM,479.0,4.0,0.9022378606423488,1.0,,8.0047995188174,10.0,100.0,,,,,,,,
SPY,9,0.01,long_short,,0.037993134556797,,,,,0.9214711729622268,0.9792933251005352,0.4661354581673306,0.5199618563254926,27,1,26,0,0.2222222222222222,-2.8904640595847737,-0.2816719973639249,LightGBM,500.0,11.0,0.5,1.0,,0.0,0.0,86.0,,,,,,,,
SPY,10,0.01,long_short,,0.0586137008342668,,,,,0.6630218687872763,0.7309792061986085,0.4581673306772908,0.444693094629156,25,0,25,0,0.32,-1.85595190640685,-0.2262568093023376,LightGBM,50.0,8.0,0.5978330766225581,1.0,,7.470184219464327,0.0,100.0,,,,,,,,
SPY,3,0.0025,long_only,,0.0749422254892183,,,,,0.5775347912524851,0.6361457941706077,0.450199203187251,0.5032063614210593,6,6,0,77,0.3333333333333333,-0.1583526016818534,-0.0031275240332544,LightGBM,50.0,3.0,0.5810116891358414,0.9409578153815932,,6.441913741130597,7.315795625574583,100.0,,,,,,,,
SPY,4,0.005,long_only,,0.1610618742166728,,,,,0.6391650099403579,0.7040675042724223,0.5378486055776892,0.4977330779054917,0,0,0,62,0.0,0.0,0.0,LightGBM,477.0,7.0,1.0,0.8397337799730515,,5.193590980187621,2.252172233037888,38.0,,,,,,,,
SPY,9,0.01,long_only,,0.2428387127174009,,,,,0.610337972166998,0.6606147683733891,0.4820717131474104,0.4681182453909727,0,0,0,27,0.0,0.0,0.0,LightGBM,436.0,10.0,0.5,0.9884578395784434,,10.0,0.0,73.0,,,,,,,,
SPY,10,0.01,long_only,,0.2999999999999999,,,,,0.6262425447316103,0.6661053130929793,0.4581673306772908,0.52576726342711,0,0,0,25,0.0,0.0,0.0,LightGBM,409.0,12.0,0.6957251112099038,0.5,,8.382423738756694,6.098901773465002,100.0,,,,,,,,
SPY,3,0.0025,long_short_confidence,0.6,0.0749422254892183,,,,,0.5775347912524851,0.6361457941706077,0.450199203187251,0.5032063614210593,0,0,0,83,0.0,0.0,0.0,LightGBM,50.0,3.0,0.5810116891358414,0.9409578153815932,,6.441913741130597,7.315795625574583,100.0,,,,,,,,
SPY,4,0.005,long_short_confidence,0.6,0.1610618742166728,,,,,0.6391650099403579,0.7040675042724223,0.5378486055776892,0.4977330779054917,55,0,55,7,0.3454545454545454,-2.2883692359560053,-0.2484773650856211,LightGBM,477.0,7.0,1.0,0.8397337799730515,,5.193590980187621,2.252172233037888,38.0,,,,,,,,
SPY,9,0.01,long_short_confidence,0.6,0.2428387127174009,,,,,0.610337972166998,0.6606147683733891,0.4820717131474104,0.4681182453909727,25,0,25,2,0.24,-2.022119248035164,-0.2189174816692598,LightGBM,436.0,10.0,0.5,0.9884578395784434,,10.0,0.0,73.0,,,,,,,,
SPY,10,0.01,long_short_confidence,0.6,0.2999999999999999,,,,,0.6262425447316103,0.6661053130929793,0.4581673306772908,0.52576726342711,25,0,25,0,0.32,-1.85595190640685,-0.2262568093023376,LightGBM,409.0,12.0,0.6957251112099038,0.5,,8.382423738756694,6.098901773465002,100.0,,,,,,,,
SPY,3,0.0025,long_only_confidence,0.6,0.0749422254892183,,,,,0.5775347912524851,0.6361457941706077,0.450199203187251,0.5032063614210593,0,0,0,83,0.0,0.0,0.0,LightGBM,50.0,3.0,0.5810116891358414,0.9409578153815932,,6.441913741130597,7.315795625574583,100.0,,,,,,,,
SPY,4,0.005,long_only_confidence,0.6,0.1610618742166728,,,,,0.6391650099403579,0.7040675042724223,0.5378486055776892,0.4977330779054917,0,0,0,62,0.0,0.0,0.0,LightGBM,477.0,7.0,1.0,0.8397337799730515,,5.193590980187621,2.252172233037888,38.0,,,,,,,,
SPY,9,0.01,long_only_confidence,0.6,0.2428387127174009,,,,,0.610337972166998,0.6606147683733891,0.4820717131474104,0.4681182453909727,0,0,0,27,0.0,0.0,0.0,LightGBM,436.0,10.0,0.5,0.9884578395784434,,10.0,0.0,73.0,,,,,,,,
SPY,10,0.01,long_only_confidence,0.6,0.2999999999999999,,,,,0.6262425447316103,0.6661053130929793,0.4581673306772908,0.52576726342711,0,0,0,25,0.0,0.0,0.0,LightGBM,409.0,12.0,0.6957251112099038,0.5,,8.382423738756694,6.098901773465002,100.0,,,,,,,,
TSLA,2,0.0025,long_short,,0.1534825298433131,,,,,0.7654075546719682,0.8515106241699868,0.5577689243027888,0.532326764144946,125,85,40,0,0.512,0.8381206420252119,0.398864690698429,LightGBM,457.0,6.0,0.8278835106910705,0.6677266072678602,,1.9707539751025935,6.748570044924432,91.0,,,,,,,,
TSLA,3,0.005,long_short,,0.2751670824830767,,,,,0.614314115308151,0.6581670771189021,0.4820717131474104,0.4708015267175572,83,68,15,0,0.6024096385542169,1.832017089826469,1.608677937116458,LightGBM,318.0,6.0,0.7036097395295258,0.6729883715945,,8.880124178326746,5.653778048194079,39.0,,,,,,,,
TSLA,4,0.005,long_short,,0.1435234436249281,,,,,0.6282306163021869,0.6656619481130397,0.5139442231075697,0.5479801197910029,62,58,4,0,0.5483870967741935,1.3436871873300629,0.9537984121296532,LightGBM,310.0,3.0,1.0,1.0,,10.0,2.3116751655150174,89.0,,,,,,,,
TSLA,5,0.01,long_short,,0.01,,,,,0.6262425447316103,0.6447501037528902,0.5219123505976095,0.5354725415070242,50,42,8,0,0.54,1.7438588480808317,1.4201216990257772,LightGBM,50.0,12.0,0.9729348482206188,0.9567326673014748,,10.0,10.0,97.0,,,,,,,,
TSLA,6,0.01,long_short,,0.1436713394509245,,,,,0.9174950298210736,0.9751016762249564,0.5697211155378487,0.5626598465473146,41,27,14,0,0.3902439024390244,-0.6187527676545311,-0.4234983755638415,LightGBM,183.0,12.0,0.5647419214064938,0.5,,0.0,0.0,100.0,,,,,,,,
TSLA,7,0.0125,long_short,,0.1764935070359218,,,,,0.6451292246520874,0.6986304347826087,0.5059760956175299,0.4729885057471265,35,30,5,0,0.4857142857142857,1.4297931680375136,1.173092894612357,LightGBM,315.0,12.0,0.5,0.5697988194071509,,10.0,0.0,27.0,,,,,,,,
TSLA,8,0.0174999999999999,long_short,,0.0128872897046761,,,,,0.6709741550695825,0.7474990612833738,0.4820717131474104,0.489209320091673,31,25,6,0,0.6774193548387096,2.8147700692134596,3.373191878639176,LightGBM,158.0,3.0,0.7155844552628979,0.7640924983649857,,0.0,4.345315269261713,100.0,,,,,,,,
TSLA,9,0.0225,long_short,,0.1290870924568401,,,,,0.6282306163021869,0.7066816077915199,0.5139442231075697,0.495076726342711,27,23,4,0,0.6296296296296297,2.229072805633663,2.2795956670890036,LightGBM,249.0,4.0,0.8356714338778615,0.7843435638912484,,10.0,2.234944630209392,71.0,,,,,,,,
TSLA,10,0.0225,long_short,,0.2999999999999999,,,,,0.647117296222664,0.7162312791263,0.5179282868525896,0.4679495348540844,25,20,5,0,0.6,2.39825962209131,2.8298334018906086,LightGBM,50.0,12.0,1.0,1.0,,10.0,10.0,20.0,,,,,,,,
TSLA,9,0.02,long_only,,0.0250554243850281,,,,,0.6242544731610338,0.693073397941552,0.4860557768924303,0.5392825283547853,25,25,0,2,0.56,1.3661371294596265,0.9630824813913488,LightGBM,50.0,7.0,1.0,0.7360415308309419,,10.0,10.0,100.0,,,,,,,,
TSLA,10,0.02,long_only,,0.01,,,,,0.6441351888667992,0.714218513438193,0.5179282868525896,0.5057215511760966,23,23,0,2,0.5652173913043478,1.2634608875475566,0.8781950560993526,LightGBM,121.0,12.0,1.0,0.9084867818452124,,10.0,0.0,48.0,,,,,,,,
TSLA,9,0.02,long_short_confidence,0.6,0.0250554243850281,,,,,0.6242544731610338,0.693073397941552,0.4860557768924303,0.5392825283547853,0,0,0,27,0.0,0.0,0.0,LightGBM,50.0,7.0,1.0,0.7360415308309419,,10.0,10.0,100.0,,,,,,,,
TSLA,10,0.02,long_short_confidence,0.6,0.01,,,,,0.6441351888667992,0.714218513438193,0.5179282868525896,0.5057215511760966,0,0,0,25,0.0,0.0,0.0,LightGBM,121.0,12.0,1.0,0.9084867818452124,,10.0,0.0,48.0,,,,,,,,
TSLA,9,0.02,long_only_confidence,0.6,0.0250554243850281,,,,,0.6242544731610338,0.693073397941552,0.4860557768924303,0.5392825283547853,0,0,0,27,0.0,0.0,0.0,LightGBM,50.0,7.0,1.0,0.7360415308309419,,10.0,10.0,100.0,,,,,,,,
TSLA,10,0.02,long_only_confidence,0.6,0.01,,,,,0.6441351888667992,0.714218513438193,0.5179282868525896,0.5057215511760966,0,0,0,25,0.0,0.0,0.0,LightGBM,121.0,12.0,1.0,0.9084867818452124,,10.0,0.0,48.0,,,,,,,,
AAPL,2,0.0025,long_short,,,,,,,0.6719681908548708,0.7505543631641982,0.4940239043824701,0.4616996951219512,125,68,57,0,0.48,-0.6133154059860463,-0.1556957885366262,RandomForest,500.0,20.0,,,,,,,20.0,6.0,sqrt,gini,,,,
AAPL,3,0.005,long_short,,,,,,,0.6819085487077535,0.7705509102769377,0.545816733067729,0.5539928562316622,83,28,55,0,0.4698795180722891,-1.647163013237034,-0.3142142640216506,RandomForest,50.0,8.0,,,,,,,8.0,2.0,log2,gini,,,,
AAPL,4,0.005,long_short,,,,,,,0.7157057654075547,0.7876522702104098,0.50199203187251,0.5533550197729302,62,28,34,0,0.4838709677419355,-0.9522237526905512,-0.1993520175807158,RandomForest,250.0,8.0,,,,,,,10.0,1.0,sqrt,gini,,,,
AAPL,5,0.005,long_short,,,,,,,0.6481113320079522,0.7278028146742568,0.49800796812749,0.5075333757151939,50,20,30,0,0.4,-0.7864044704636834,-0.2039680747836266,RandomForest,92.0,6.0,,,,,,,2.0,3.0,sqrt,entropy,,,,
AAPL,6,0.0075,long_short,,,,,,,0.6312127236580517,0.6799974700857405,0.4900398406374502,0.5029535060975611,41,18,23,0,0.4390243902439024,-0.4713097532975654,-0.1109095258869403,RandomForest,110.0,3.0,,,,,,,20.0,1.0,sqrt,gini,,,,
AAPL,7,0.01,long_short,,,,,,,0.6262425447316103,0.6970706699394845,0.5298804780876494,0.5210688591983555,35,20,15,0,0.3428571428571428,-2.25064064734782,-0.3874347979456367,RandomForest,50.0,3.0,,,,,,,2.0,1.0,,entropy,,,,
AAPL,8,0.0125,long_short,,,,,,,0.6192842942345924,0.6878263688219691,0.5737051792828686,0.5155083655083655,31,7,24,0,0.4516129032258064,-1.1597523987917964,-0.2298690870642583,RandomForest,457.0,3.0,,,,,,,14.0,1.0,sqrt,entropy,,,,
AAPL,9,0.015,long_short,,,,,,,0.6500994035785288,0.7166729905773731,0.5657370517928287,0.4807618191161357,27,6,21,0,0.5185185185185185,-0.4734272562939744,-0.1111924215452399,RandomForest,303.0,3.0,,,,,,,20.0,1.0,log2,entropy,,,,
AAPL,10,0.015,long_short,,,,,,,0.6322067594433399,0.7072739778009676,0.545816733067729,0.462084398976982,25,6,19,0,0.48,-0.4044690113797956,-0.107350718831901,RandomForest,473.0,3.0,,,,,,,2.0,3.0,sqrt,entropy,,,,
AAPL,4,0.005,long_only,,,,,,,0.7157057654075547,0.8265385223856985,0.4900398406374502,0.4518114555427988,40,40,0,22,0.7,1.595924465935734,0.3208269781939177,RandomForest,500.0,6.0,,,,,,,3.0,1.0,,entropy,,,,
AAPL,5,0.005,long_only,,,,,,,0.6351888667992047,0.6930858633776091,0.49800796812749,0.5095359186268277,12,12,0,38,0.3333333333333333,-1.545198604787554,-0.113011712989992,RandomForest,235.0,3.0,,,,,,,20.0,8.0,log2,entropy,,,,
AAPL,6,0.0075,long_only,,,,,,,0.9125248508946322,0.9751673103453729,0.4900398406374502,0.4833269817073171,27,27,0,14,0.4444444444444444,0.2534555809683193,0.0243646603702587,RandomForest,50.0,15.0,,,,,,,8.0,1.0,,entropy,,,,
AAPL,8,0.01,long_only,,,,,,,0.6441351888667992,0.6954291339827936,0.50199203187251,0.4606960408684546,23,23,0,8,0.5217391304347826,0.9694386055016956,0.1424411318367298,RandomForest,50.0,3.0,,,,,,,2.0,1.0,,entropy,,,,
AAPL,10,0.0125,long_only,,,,,,,0.6590457256461233,0.7111407618256933,0.4900398406374502,0.4693417206760706,11,11,0,14,0.8181818181818182,3.216216394777411,0.3631079734778544,RandomForest,500.0,3.0,,,,,,,6.0,1.0,,entropy,,,,
AAPL,4,0.005,long_short_confidence,0.6,,,,,,0.8180914512922465,0.915559246954596,0.49800796812749,0.4539163158566144,37,25,12,25,0.7297297297297297,2.2979317731215776,0.4356885070432017,RandomForest,429.0,13.0,,,,,,,20.0,1.0,,entropy,,,,
AAPL,5,0.005,long_short_confidence,0.6,,,,,,0.6351888667992047,0.6930858633776091,0.49800796812749,0.5095359186268277,6,0,6,44,0.1666666666666666,-2.4496511567375556,-0.1621280409749251,RandomForest,235.0,3.0,,,,,,,20.0,8.0,log2,entropy,,,,
AAPL,6,0.0075,long_short_confidence,0.6,,,,,,0.904572564612326,0.9693089776379296,0.4900398406374502,0.4936801321138211,26,20,6,15,0.4615384615384615,-0.8047372653648402,-0.1363459917496641,RandomForest,50.0,19.0,,,,,,,10.0,1.0,,gini,,,,
AAPL,8,0.01,long_short_confidence,0.6,,,,,,0.6451292246520874,0.7008496489119432,0.5059760956175299,0.4637611749680715,6,1,5,25,0.5,-1.179258468527462,-0.1385165098728057,RandomForest,126.0,3.0,,,,,,,5.0,1.0,,entropy,,,,
AAPL,10,0.0125,long_short_confidence,0.6,,,,,,0.6590457256461233,0.7111407618256933,0.4900398406374502,0.4693417206760706,12,5,7,13,0.6666666666666666,0.2236117063340233,0.0238640496239148,RandomForest,500.0,3.0,,,,,,,6.0,1.0,,entropy,,,,
AAPL,4,0.005,long_only_confidence,0.6,,,,,,0.8180914512922465,0.915559246954596,0.49800796812749,0.4539163158566144,25,25,0,37,0.8,2.216783983809651,0.3858864770030381,RandomForest,429.0,13.0,,,,,,,20.0,1.0,,entropy,,,,
AAPL,5,0.005,long_only_confidence,0.6,,,,,,0.6351888667992047,0.6930858633776091,0.49800796812749,0.5095359186268277,0,0,0,50,0.0,0.0,0.0,RandomForest,235.0,3.0,,,,,,,20.0,8.0,log2,entropy,,,,
AAPL,6,0.0075,long_only_confidence,0.6,,,,,,0.9254473161033796,0.980835899483344,0.4780876494023904,0.4833587398373984,18,18,0,23,0.5,0.6275932829421713,0.0636451661059274,RandomForest,50.0,20.0,,,,,,,9.0,1.0,,entropy,,,,
AAPL,8,0.01,long_only_confidence,0.6,,,,,,0.6451292246520874,0.7008496489119432,0.5059760956175299,0.4637611749680715,1,1,0,30,0.0,0.0,-0.0022108861279958,RandomForest,126.0,3.0,,,,,,,5.0,1.0,,entropy,,,,
AAPL,10,0.0125,long_only_confidence,0.6,,,,,,0.6590457256461233,0.7111407618256933,0.4900398406374502,0.4693417206760706,5,5,0,20,0.8,1.51898813402894,0.114213368375055,RandomForest,500.0,3.0,,,,,,,6.0,1.0,,entropy,,,,
META,2,0.0025,long_short,,,,,,,0.8389662027833003,0.9190610016877938,0.5139442231075697,0.5761831473643709,125,7,118,0,0.448,-0.9840718861515364,-0.3274947023720224,RandomForest,470.0,20.0,,,,,,,16.0,1.0,sqrt,entropy,,,,
META,3,0.0025,long_short,,,,,,,0.794234592445328,0.8792440299952959,0.4661354581673306,0.6080804200281726,83,5,78,0,0.3855421686746988,-0.2526993465932786,-0.1312473590393863,RandomForest,83.0,14.0,,,,,,,14.0,1.0,log2,gini,,,,
META,4,0.005,long_short,,,,,,,0.9214711729622268,0.9830276679841896,0.4661354581673306,0.5351662404092072,62,1,61,0,0.4193548387096774,-1.6032802561864137,-0.4141259846132686,RandomForest,450.0,20.0,,,,,,,10.0,1.0,,gini,,,,
META,5,0.005,long_short,,,,,,,0.5964214711729622,0.6712221286754969,0.4342629482071713,0.6313603322949117,50,0,50,0,0.36,-1.557413937267473,-0.4449984441584087,RandomForest,50.0,3.0,,,,,,,2.0,8.0,sqrt,gini,,,,
META,6,0.0075,long_short,,,,,,,0.6003976143141153,0.6792650825270348,0.4581673306772908,0.6197327852004111,41,0,41,0,0.3414634146341463,-1.8850047617923165,-0.448020620317209,RandomForest,50.0,3.0,,,,,,,2.0,1.0,sqrt,gini,,,,
META,7,0.0075,long_short,,,,,,,0.6013916500994035,0.6671646746347942,0.446215139442231,0.6148970398970399,35,0,35,0,0.3428571428571428,-1.7079865749536804,-0.4308402104752221,RandomForest,50.0,3.0,,,,,,,2.0,1.0,log2,entropy,,,,
META,8,0.01,long_short,,,,,,,0.6133200795228628,0.6719846803263139,0.4741035856573705,0.5799528001020537,31,0,31,0,0.3548387096774194,-1.7421670607115909,-0.4457006579226673,RandomForest,50.0,3.0,,,,,,,2.0,3.0,sqrt,gini,,,,
META,9,0.01,long_short,,,,,,,0.5864811133200796,0.7001798383431157,0.4701195219123506,0.5755198367138665,27,1,26,0,0.3703703703703703,-1.1958663268374197,-0.3704015359914426,RandomForest,181.0,3.0,,,,,,,2.0,2.0,,entropy,,,,
META,10,0.015,long_short,,,,,,,0.6252485089463221,0.6924349321159661,0.4900398406374502,0.5747586382113821,25,0,25,0,0.32,-1.4442458786378165,-0.4309413949472722,RandomForest,500.0,3.0,,,,,,,19.0,5.0,,entropy,,,,
META,2,0.0025,long_only,,,,,,,0.7335984095427436,0.8129730862118716,0.450199203187251,0.4985250737463126,0,0,0,125,0.0,0.0,0.0,RandomForest,50.0,19.0,,,,,,,8.0,10.0,log2,gini,,,,
META,3,0.0025,long_only,,,,,,,0.5934393638170974,0.6721448534033276,0.4541832669322709,0.5123255218337815,0,0,0,83,0.0,0.0,0.0,RandomForest,119.0,3.0,,,,,,,14.0,10.0,,entropy,,,,
META,4,0.005,long_only,,,,,,,0.9542743538767396,0.9941185770750988,0.4741035856573705,0.5062340153452686,4,4,0,58,1.0,4.008202414880492,0.1021668794003658,RandomForest,50.0,12.0,,,,,,,2.0,1.0,,gini,,,,
META,7,0.01,long_only,,,,,,,0.6332007952286283,0.6715952321572074,0.4581673306772908,0.5187659846547314,0,0,0,35,0.0,0.0,0.0,RandomForest,63.0,3.0,,,,,,,4.0,8.0,sqrt,gini,,,,
META,8,0.0125,long_only,,,,,,,0.643141153081511,0.7236351412809205,0.4780876494023904,0.5098039215686274,1,1,0,30,1.0,0.0,0.0016188946268775,RandomForest,500.0,3.0,,,,,,,2.0,1.0,,gini,,,,
META,9,0.0125,long_only,,,,,,,0.614314115308151,0.6596556578406252,0.4741035856573705,0.5100585688820982,0,0,0,27,0.0,0.0,0.0,RandomForest,500.0,3.0,,,,,,,15.0,1.0,,entropy,,,,
META,10,0.015,long_only,,,,,,,0.5944333996023857,0.6723365150886346,0.4900398406374502,0.4778645833333333,0,0,0,25,0.0,0.0,0.0,RandomForest,178.0,3.0,,,,,,,4.0,4.0,,entropy,,,,
META,2,0.0025,long_short_confidence,0.6,,,,,,0.7335984095427436,0.8129730862118716,0.450199203187251,0.4985250737463126,60,0,60,65,0.3833333333333333,-1.0201323596029868,-0.1914979996611933,RandomForest,50.0,19.0,,,,,,,8.0,10.0,log2,gini,,,,
META,3,0.0025,long_short_confidence,0.6,,,,,,0.5934393638170974,0.6721448534033276,0.4541832669322709,0.5123255218337815,77,0,77,6,0.3636363636363636,-1.3586358402135306,-0.3833565610604713,RandomForest,119.0,3.0,,,,,,,14.0,10.0,,entropy,,,,
META,4,0.005,long_short_confidence,0.6,,,,,,0.9542743538767396,0.9941185770750988,0.4741035856573705,0.5061061381074169,57,2,55,5,0.4736842105263157,-1.2123136990053105,-0.340303326634909,RandomForest,50.0,12.0,,,,,,,2.0,1.0,,gini,,,,
META,7,0.01,long_short_confidence,0.6,,,,,,0.6332007952286283,0.6715952321572074,0.4581673306772908,0.5187659846547314,35,0,35,0,0.3428571428571428,-1.7079865749536804,-0.4308402104752221,RandomForest,63.0,3.0,,,,,,,4.0,8.0,sqrt,gini,,,,
META,8,0.0125,long_short_confidence,0.6,,,,,,0.643141153081511,0.7236351412809205,0.4780876494023904,0.5098039215686274,30,0,30,1,0.3666666666666666,-1.7322141139732414,-0.4436912444938397,RandomForest,500.0,3.0,,,,,,,2.0,1.0,,gini,,,,
META,9,0.0125,long_short_confidence,0.6,,,,,,0.614314115308151,0.6596556578406252,0.4741035856573705,0.5100585688820982,27,0,27,0,0.3333333333333333,-1.5599032166728786,-0.4377371971712211,RandomForest,500.0,3.0,,,,,,,15.0,1.0,,entropy,,,,
META,10,0.015,long_short_confidence,0.6,,,,,,0.5944333996023857,0.6723365150886346,0.4900398406374502,0.4778645833333333,25,0,25,0,0.32,-1.4442458786378165,-0.4309413949472722,RandomForest,178.0,3.0,,,,,,,4.0,4.0,,entropy,,,,
META,2,0.0025,long_only_confidence,0.6,,,,,,0.7335984095427436,0.8129730862118716,0.450199203187251,0.4985250737463126,0,0,0,125,0.0,0.0,0.0,RandomForest,50.0,19.0,,,,,,,8.0,10.0,log2,gini,,,,
META,3,0.0025,long_only_confidence,0.6,,,,,,0.5934393638170974,0.6721448534033276,0.4541832669322709,0.5123255218337815,0,0,0,83,0.0,0.0,0.0,RandomForest,119.0,3.0,,,,,,,14.0,10.0,,entropy,,,,
META,4,0.005,long_only_confidence,0.6,,,,,,0.9542743538767396,0.9941185770750988,0.4741035856573705,0.5061061381074169,2,2,0,60,1.0,4.61864382962921,0.0669965275021025,RandomForest,50.0,12.0,,,,,,,2.0,1.0,,gini,,,,
META,7,0.01,long_only_confidence,0.6,,,,,,0.6332007952286283,0.6715952321572074,0.4581673306772908,0.5187659846547314,0,0,0,35,0.0,0.0,0.0,RandomForest,63.0,3.0,,,,,,,4.0,8.0,sqrt,gini,,,,
META,8,0.0125,long_only_confidence,0.6,,,,,,0.643141153081511,0.7236351412809205,0.4780876494023904,0.5098039215686274,0,0,0,31,0.0,0.0,0.0,RandomForest,500.0,3.0,,,,,,,2.0,1.0,,gini,,,,
META,9,0.0125,long_only_confidence,0.6,,,,,,0.614314115308151,0.6596556578406252,0.4741035856573705,0.5100585688820982,0,0,0,27,0.0,0.0,0.0,RandomForest,500.0,3.0,,,,,,,15.0,1.0,,entropy,,,,
META,10,0.015,long_only_confidence,0.6,,,,,,0.5944333996023857,0.6723365150886346,0.4900398406374502,0.4778645833333333,0,0,0,25,0.0,0.0,0.0,RandomForest,178.0,3.0,,,,,,,4.0,4.0,,entropy,,,,
NVDA,2,0.005,long_short,,,,,,,0.6222664015904572,0.6757712298175925,0.49800796812749,0.6129688493324857,125,8,117,0,0.456,-1.7001039200396035,-0.6117588962986568,RandomForest,472.0,3.0,,,,,,,20.0,7.0,log2,gini,,,,
NVDA,3,0.0075,long_short,,,,,,,0.595427435387674,0.6851577324478177,0.4741035856573705,0.6194029850746269,83,1,82,0,0.4096385542168674,-1.5583994263470224,-0.6202599692375399,RandomForest,112.0,3.0,,,,,,,15.0,1.0,sqrt,entropy,,,,
NVDA,4,0.0125,long_short,,,,,,,0.6958250497017893,0.7527054480490736,0.4860557768924303,0.5453506097560975,62,0,62,0,0.3870967741935484,-2.1035445555495067,-0.6765495163419737,RandomForest,50.0,16.0,,,,,,,18.0,7.0,sqrt,entropy,,,,
NVDA,5,0.0125,long_short,,,,,,,0.81610337972167,0.89500065224352,0.4621513944223107,0.4733397190293741,50,0,50,0,0.34,-1.7170498753741483,-0.66683239253883,RandomForest,138.0,20.0,,,,,,,17.0,1.0,sqrt,entropy,,,,
NVDA,6,0.015,long_short,,,,,,,0.7335984095427436,0.8267114624505929,0.4342629482071713,0.460955710955711,41,0,41,0,0.2926829268292683,-1.915075531218128,-0.6690667772196037,RandomForest,128.0,15.0,,,,,,,19.0,2.0,log2,entropy,,,,
NVDA,7,0.0174999999999999,long_short,,,,,,,0.7534791252485089,0.8459428264238055,0.4223107569721115,0.4220234222511385,35,0,35,0,0.3142857142857143,-2.168861980640043,-0.6547884866807931,RandomForest,500.0,20.0,,,,,,,3.0,4.0,sqrt,entropy,,,,
NVDA,8,0.0174999999999999,long_short,,,,,,,0.76441351888668,0.8501294440821328,0.4183266932270916,0.4501956947162426,31,0,31,0,0.2258064516129032,-2.124461527141745,-0.6663603400568665,RandomForest,139.0,14.0,,,,,,,3.0,3.0,sqrt,gini,,,,
NVDA,9,0.02,long_short,,,,,,,0.8111332007952287,0.8946422924901185,0.4183266932270916,0.4850209314495028,27,0,27,0,0.3703703703703703,-1.6723794385532114,-0.6363821037131696,RandomForest,65.0,18.0,,,,,,,19.0,1.0,log2,entropy,,,,
NVDA,10,0.0225,long_short,,,,,,,0.7485089463220675,0.8543221343873518,0.4701195219123506,0.4708541746825702,25,0,25,0,0.32,-1.760841775644853,-0.6583939415032531,RandomForest,50.0,9.0,,,,,,,5.0,1.0,log2,gini,,,,
NVDA,5,0.0125,long_only,,,,,,,0.6570576540755467,0.7083135692375803,0.4621513944223107,0.5580140485312899,0,0,0,50,0.0,0.0,0.0,RandomForest,500.0,4.0,,,,,,,20.0,3.0,,gini,,,,
NVDA,6,0.0174999999999999,long_only,,,,,,,0.9642147117296224,0.9957186907020872,0.4422310756972111,0.582979407979408,0,0,0,41,0.0,0.0,0.0,RandomForest,316.0,17.0,,,,,,,5.0,1.0,,gini,,,,
NVDA,7,0.02,long_only,,,,,,,0.841948310139165,0.9163696134347274,0.4262948207171315,0.5554651919323357,1,1,0,34,1.0,0.0,0.0910779339295493,RandomForest,500.0,13.0,,,,,,,20.0,1.0,,entropy,,,,
NVDA,5,0.0125,long_short_confidence,0.6,,,,,,0.6093439363817097,0.6607236030737123,0.4621513944223107,0.5701787994891443,47,0,47,3,0.3617021276595745,-1.31454906186092,-0.5742975328501003,RandomForest,500.0,3.0,,,,,,,2.0,1.0,,entropy,,,,
NVDA,6,0.0174999999999999,long_short_confidence,0.6,,,,,,0.9642147117296224,0.9957186907020872,0.4422310756972111,0.582979407979408,40,0,40,1,0.3,-1.7560405712185505,-0.6374131740925557,RandomForest,316.0,17.0,,,,,,,5.0,1.0,,gini,,,,
NVDA,7,0.02,long_short_confidence,0.6,,,,,,0.841948310139165,0.9163696134347274,0.4262948207171315,0.5554651919323357,34,0,34,1,0.3235294117647059,-1.9918014445785412,-0.6226152383270831,RandomForest,500.0,13.0,,,,,,,20.0,1.0,,entropy,,,,
NVDA,5,0.0125,long_only_confidence,0.6,,,,,,0.7196819085487077,0.7951214306043071,0.4621513944223107,0.544220945083014,0,0,0,50,0.0,0.0,0.0,RandomForest,500.0,6.0,,,,,,,20.0,1.0,,gini,,,,
NVDA,6,0.0174999999999999,long_only_confidence,0.6,,,,,,0.9642147117296224,0.9957186907020872,0.4422310756972111,0.582979407979408,0,0,0,41,0.0,0.0,0.0,RandomForest,316.0,17.0,,,,,,,5.0,1.0,,gini,,,,
NVDA,7,0.02,long_only_confidence,0.6,,,,,,0.841948310139165,0.9163696134347274,0.4262948207171315,0.5554651919323357,0,0,0,35,0.0,0.0,0.0,RandomForest,500.0,13.0,,,,,,,20.0,1.0,,entropy,,,,
SPY,2,0.0025,long_short,,,,,,,0.588469184890656,0.638923486313259,0.5059760956175299,0.534920634920635,125,2,123,0,0.304,-2.883846835979029,-0.309445124792051,RandomForest,50.0,3.0,,,,,,,20.0,1.0,log2,gini,,,,
SPY,3,0.0025,long_short,,,,,,,0.6133200795228628,0.688032530621129,0.450199203187251,0.5712453507759393,83,0,83,0,0.3855421686746988,-2.5681177349518554,-0.2782106509926425,RandomForest,111.0,4.0,,,,,,,20.0,1.0,log2,entropy,,,,
SPY,4,0.005,long_short,,,,,,,0.6302186878727635,0.6970417431483005,0.5378486055776892,0.6382822477650064,62,0,62,0,0.3548387096774194,-2.4286663040557253,-0.270641304389021,RandomForest,500.0,3.0,,,,,,,4.0,1.0,sqrt,gini,,,,
SPY,5,0.005,long_short,,,,,,,0.621272365805169,0.6741071428571428,0.4900398406374502,0.6553348612172143,50,0,50,0,0.36,-2.0321964884992276,-0.2453700359750299,RandomForest,500.0,3.0,,,,,,,20.0,2.0,sqrt,gini,,,,
SPY,6,0.005,long_short,,,,,,,0.6003976143141153,0.6803141605516194,0.4701195219123506,0.656800766283525,41,0,41,0,0.3170731707317073,-2.224069132219505,-0.2468265759436063,RandomForest,396.0,3.0,,,,,,,2.0,1.0,log2,gini,,,,
SPY,7,0.0075,long_short,,,,,,,0.8926441351888668,0.9546788018724696,0.4581673306772908,0.5700381679389314,35,5,30,0,0.4285714285714285,-1.5547266241422804,-0.1617554829450138,RandomForest,191.0,20.0,,,,,,,13.0,1.0,sqrt,gini,,,,
SPY,8,0.0075,long_short,,,,,,,0.8389662027833003,0.9175299529691906,0.4382470119521912,0.5473294723294724,31,1,30,0,0.2903225806451613,-3.433663967253313,-0.2668876498645132,RandomForest,50.0,20.0,,,,,,,9.0,2.0,sqrt,gini,,,,
SPY,9,0.01,long_short,,,,,,,0.679920477137177,0.7647814350400557,0.49800796812749,0.5220597584233948,27,0,27,0,0.2592592592592592,-2.0535945747133035,-0.2226319698786127,RandomForest,91.0,14.0,,,,,,,9.0,10.0,log2,entropy,,,,
SPY,10,0.01,long_short,,,,,,,0.7743538767395626,0.8648640101201772,0.4621513944223107,0.5657928388746803,25,0,25,0,0.32,-1.85595190640685,-0.2262568093023376,RandomForest,50.0,16.0,,,,,,,2.0,4.0,sqrt,entropy,,,,
SPY,3,0.0025,long_only,,,,,,,0.8886679920477137,0.9554544195342026,0.450199203187251,0.508208285237912,2,2,0,81,0.5,0.8800249467475239,0.009391929013113,RandomForest,60.0,12.0,,,,,,,9.0,1.0,,gini,,,,
SPY,4,0.005,long_only,,,,,,,0.8280318091451292,0.9009134280650676,0.5378486055776892,0.5142720306513411,0,0,0,62,0.0,0.0,0.0,RandomForest,80.0,12.0,,,,,,,18.0,1.0,log2,gini,,,,
SPY,9,0.01,long_only,,,,,,,0.6182902584493042,0.6867816091954022,0.4820717131474104,0.4544183089637635,0,0,0,27,0.0,0.0,0.0,RandomForest,113.0,3.0,,,,,,,9.0,4.0,log2,gini,,,,
SPY,10,0.01,long_only,,,,,,,0.7485089463220675,0.8335547122074636,0.4581673306772908,0.5101023017902813,0,0,0,25,0.0,0.0,0.0,RandomForest,91.0,14.0,,,,,,,9.0,10.0,log2,entropy,,,,
SPY,3,0.0025,long_short_confidence,0.6,,,,,,0.8886679920477137,0.9554544195342026,0.450199203187251,0.508208285237912,75,0,75,8,0.3466666666666667,-2.753483016769912,-0.2878290457602008,RandomForest,60.0,12.0,,,,,,,9.0,1.0,,gini,,,,
SPY,4,0.005,long_short_confidence,0.6,,,,,,0.8280318091451292,0.9009134280650676,0.5378486055776892,0.5142720306513411,57,0,57,5,0.3684210526315789,-2.227111919259787,-0.2451579794154248,RandomForest,80.0,12.0,,,,,,,18.0,1.0,log2,gini,,,,
SPY,9,0.01,long_short_confidence,0.6,,,,,,0.6182902584493042,0.6867816091954022,0.4820717131474104,0.4544183089637635,23,0,23,4,0.2608695652173913,-2.043358986752826,-0.2161331735185949,RandomForest,113.0,3.0,,,,,,,9.0,4.0,log2,gini,,,,
SPY,10,0.01,long_short_confidence,0.6,,,,,,0.7485089463220675,0.8335547122074636,0.4581673306772908,0.5101023017902813,25,0,25,0,0.32,-1.85595190640685,-0.2262568093023376,RandomForest,91.0,14.0,,,,,,,9.0,10.0,log2,entropy,,,,
SPY,3,0.0025,long_only_confidence,0.6,,,,,,0.8886679920477137,0.9554544195342026,0.450199203187251,0.508208285237912,0,0,0,83,0.0,0.0,0.0,RandomForest,60.0,12.0,,,,,,,9.0,1.0,,gini,,,,
SPY,4,0.005,long_only_confidence,0.6,,,,,,0.8280318091451292,0.9009134280650676,0.5378486055776892,0.5142720306513411,0,0,0,62,0.0,0.0,0.0,RandomForest,80.0,12.0,,,,,,,18.0,1.0,log2,gini,,,,
SPY,9,0.01,long_only_confidence,0.6,,,,,,0.6182902584493042,0.6867816091954022,0.4820717131474104,0.4544183089637635,0,0,0,27,0.0,0.0,0.0,RandomForest,113.0,3.0,,,,,,,9.0,4.0,log2,gini,,,,
SPY,10,0.01,long_only_confidence,0.6,,,,,,0.7485089463220675,0.8335547122074636,0.4581673306772908,0.5101023017902813,0,0,0,25,0.0,0.0,0.0,RandomForest,91.0,14.0,,,,,,,9.0,10.0,log2,entropy,,,,
TSLA,2,0.0025,long_short,,,,,,,0.6043737574552683,0.6737020173275154,0.5179282868525896,0.5328353464717102,125,112,13,0,0.528,1.1556773566164844,0.7088695831329026,RandomForest,500.0,3.0,,,,,,,4.0,1.0,log2,gini,,,,
TSLA,3,0.005,long_short,,,,,,,0.5904572564612326,0.6586987544125261,0.4780876494023904,0.5099872773536896,83,79,4,0,0.5662650602409639,1.6104195757134068,1.2785500925413111,RandomForest,50.0,3.0,,,,,,,20.0,10.0,log2,gini,,,,
TSLA,4,0.005,long_short,,,,,,,0.6133200795228628,0.6823949591458376,0.5139442231075697,0.5734675672231427,62,58,4,0,0.5806451612903226,1.5614170015597697,1.2391969782068673,RandomForest,50.0,3.0,,,,,,,20.0,1.0,sqrt,entropy,,,,
TSLA,5,0.01,long_short,,,,,,,0.6242544731610338,0.6888678089365823,0.5378486055776892,0.5813218390804598,50,42,8,0,0.54,1.66034290814935,1.3041557593343187,RandomForest,224.0,3.0,,,,,,,2.0,10.0,log2,entropy,,,,
TSLA,6,0.01,long_short,,,,,,,0.6401590457256461,0.709190186910347,0.5258964143426295,0.5572570332480818,41,37,4,0,0.5609756097560976,1.961888973289682,1.7096942972498286,RandomForest,50.0,3.0,,,,,,,2.0,10.0,log2,entropy,,,,
TSLA,7,0.0125,long_short,,,,,,,0.6461232604373758,0.7194604743083003,0.5139442231075697,0.5599936143039592,35,31,4,0,0.5142857142857142,1.6854134537800212,1.5717009939233997,RandomForest,386.0,3.0,,,,,,,20.0,10.0,log2,entropy,,,,
TSLA,8,0.0174999999999999,long_short,,,,,,,0.658051689860835,0.7304084899507914,0.50199203187251,0.5198624904507256,31,25,6,0,0.6774193548387096,2.8147700692134596,3.373191878639176,RandomForest,500.0,3.0,,,,,,,2.0,10.0,sqrt,gini,,,,
TSLA,9,0.0225,long_short,,,,,,,0.6540755467196819,0.7200060871249403,0.5059760956175299,0.529923273657289,27,23,4,0,0.6296296296296297,2.229072805633663,2.2795956670890036,RandomForest,500.0,3.0,,,,,,,20.0,10.0,sqrt,gini,,,,
TSLA,10,0.0225,long_short,,,,,,,0.6570576540755467,0.7288304419489866,0.4900398406374502,0.5527590161845292,25,22,3,0,0.6,2.1430015742020614,2.309098669531892,RandomForest,316.0,3.0,,,,,,,20.0,10.0,log2,gini,,,,
TSLA,9,0.02,long_only,,,,,,,0.6401590457256461,0.7210478867893194,0.49800796812749,0.5547661526698101,24,24,0,3,0.5833333333333334,1.5941594274124329,1.2198039897413169,RandomForest,217.0,3.0,,,,,,,2.0,1.0,log2,entropy,,,,
TSLA,10,0.02,long_only,,,,,,,0.6441351888667992,0.7388911069560782,0.5059760956175299,0.5485060394151303,24,24,0,1,0.5833333333333334,1.271985686730988,0.8905429018390336,RandomForest,500.0,3.0,,,,,,,2.0,1.0,log2,entropy,,,,
TSLA,9,0.02,long_short_confidence,0.6,,,,,,0.6401590457256461,0.7210478867893194,0.49800796812749,0.5547661526698101,9,9,0,18,0.6666666666666666,1.2391309695066417,0.4352933584370608,RandomForest,217.0,3.0,,,,,,,2.0,1.0,log2,entropy,,,,
TSLA,10,0.02,long_short_confidence,0.6,,,,,,0.6441351888667992,0.7388911069560782,0.5059760956175299,0.5485060394151303,10,9,1,15,0.5,1.512744247586133,0.5247416025076301,RandomForest,500.0,3.0,,,,,,,2.0,1.0,log2,entropy,,,,
TSLA,9,0.02,long_only_confidence,0.6,,,,,,0.6401590457256461,0.7210478867893194,0.49800796812749,0.5547661526698101,9,9,0,18,0.6666666666666666,1.2391309695066417,0.4352933584370608,RandomForest,217.0,3.0,,,,,,,2.0,1.0,log2,entropy,,,,
TSLA,10,0.02,long_only_confidence,0.6,,,,,,0.6441351888667992,0.7388911069560782,0.5059760956175299,0.5485060394151303,9,9,0,16,0.4444444444444444,1.1009300892608866,0.3243178752724507,RandomForest,500.0,3.0,,,,,,,2.0,1.0,log2,entropy,,,,
AAPL,2,0.0025,long_short,,0.1372146820622174,,,,,0.841948310139165,0.927011814556134,0.4900398406374502,0.4613503556910569,125,77,48,0,0.416,-2.2912000057176107,-0.4229094707188074,GradientBoosting,167.0,3.0,0.9029629706114136,,,,,,9.0,5.0,,,,,,
AAPL,3,0.005,long_short,,0.0661811527811523,,,,,0.8926441351888668,0.964344027357726,0.5219123505976095,0.5079091720882766,83,46,37,0,0.4939759036144578,-0.2979841299466715,-0.0851732904613038,GradientBoosting,500.0,3.0,1.0,,,,,,20.0,1.0,,,,,,
AAPL,4,0.005,long_short,,0.292157327654986,,,,,1.0,1.0,0.4541832669322709,0.4952800102053833,62,42,20,0,0.5645161290322581,-0.2759484443958753,-0.0775659700951434,GradientBoosting,472.0,3.0,0.8087407548138583,,,,,,13.0,1.0,,,,,,
AAPL,5,0.005,long_short,,0.01,,,,,0.7833001988071571,0.8756443706514865,0.49800796812749,0.5144310235219327,50,31,19,0,0.36,0.090776221992548,-0.0090471740766113,GradientBoosting,394.0,6.0,0.9741772749843176,,,,,,2.0,10.0,,,,,,
AAPL,6,0.0075,long_short,,0.0142791692277402,,,,,0.6858846918489065,0.7480343752100025,0.5139442231075697,0.4657012195121951,41,20,21,0,0.4390243902439024,-0.8110352833240392,-0.1698818930521189,GradientBoosting,147.0,3.0,0.959787025702669,,,,,,17.0,5.0,,,,,,
AAPL,7,0.01,long_short,,0.0185859514625015,,,,,0.8658051689860835,0.9329210689623824,0.5697211155378487,0.5444822713257965,35,19,16,0,0.3714285714285714,-1.8680256798044936,-0.3421104280849258,GradientBoosting,128.0,7.0,0.8776807051588263,,,,,,10.0,3.0,,,,,,
AAPL,8,0.0125,long_short,,0.0104614999200915,,,,,0.8817097415506958,0.9549398552414684,0.5697211155378487,0.5131595881595881,31,13,18,0,0.5161290322580645,0.2803551910523274,0.0370534028859681,GradientBoosting,356.0,7.0,0.9711008778424264,,,,,,12.0,4.0,,,,,,
AAPL,9,0.015,long_short,,0.0185859514625015,,,,,0.8677932405566601,0.9479463099981028,0.5617529880478087,0.5016379753340185,27,10,17,0,0.5925925925925926,-0.1548079124729631,-0.0511029813949565,GradientBoosting,128.0,7.0,0.8776807051588263,,,,,,10.0,3.0,,,,,,
AAPL,10,0.015,long_short,,0.0264214288447952,,,,,0.9005964214711729,0.9688853840559086,0.5338645418326693,0.4856138107416879,25,10,15,0,0.56,-0.3581375159856637,-0.0981433487502526,GradientBoosting,50.0,10.0,0.8605341584968227,,,,,,11.0,3.0,,,,,,
AAPL,4,0.005,long_only,,0.0281909321429755,,,,,0.7206759443339961,0.81078152191109,0.4900398406374502,0.4287855593825743,43,43,0,19,0.7209302325581395,2.0069100148879806,0.4335344154168854,GradientBoosting,203.0,3.0,0.9545028584277258,,,,,,5.0,7.0,,,,,,
AAPL,5,0.005,long_only,,0.0107169118188108,,,,,0.7127236580516899,0.7939358001265023,0.5099601593625498,0.4742848061029879,35,35,0,15,0.4285714285714285,0.4046605256851859,0.0668259875579582,GradientBoosting,500.0,3.0,1.0,,,,,,2.0,10.0,,,,,,
AAPL,6,0.0075,long_only,,0.0190472717530169,,,,,0.8966202783300199,0.9697912425436708,0.50199203187251,0.5001905487804879,22,22,0,19,0.4545454545454545,0.2799831674022846,0.0253009396201255,GradientBoosting,50.0,12.0,1.0,,,,,,11.0,2.0,,,,,,
AAPL,8,0.01,long_only,,0.0106557362098465,,,,,0.8618290258449304,0.9468465334008096,0.5179282868525896,0.5026500638569604,19,19,0,12,0.4210526315789473,0.0274420486553905,-0.0045498466151716,GradientBoosting,208.0,7.0,0.8715775562522632,,,,,,9.0,3.0,,,,,,
AAPL,10,0.0125,long_only,,0.0469387899109533,,,,,0.9095427435387674,0.9759868746170116,0.5059760956175299,0.4832888550006354,11,11,0,14,0.5454545454545454,0.4237654307558136,0.0383883045813646,GradientBoosting,50.0,9.0,0.8263839367888963,,,,,,10.0,2.0,,,,,,
AAPL,4,0.005,long_short_confidence,0.6,0.0281909321429755,,,,,0.7206759443339961,0.81078152191109,0.4900398406374502,0.4287855593825743,43,31,12,19,0.7441860465116279,2.273574682421845,0.47735050987382,GradientBoosting,203.0,3.0,0.9545028584277258,,,,,,5.0,7.0,,,,,,
AAPL,5,0.005,long_short_confidence,0.6,0.0107169118188108,,,,,0.7127236580516899,0.7939358001265023,0.5099601593625498,0.4742848061029879,24,16,8,26,0.1666666666666666,-2.306102175079559,-0.3125223976855951,GradientBoosting,500.0,3.0,1.0,,,,,,2.0,10.0,,,,,,
AAPL,6,0.0075,long_short_confidence,0.6,0.0190472717530169,,,,,0.8966202783300199,0.9697912425436708,0.50199203187251,0.5001905487804879,26,15,11,15,0.5,-0.000581605838084,-0.0108271379125362,GradientBoosting,50.0,12.0,1.0,,,,,,11.0,2.0,,,,,,
AAPL,8,0.01,long_short_confidence,0.6,0.0106557362098465,,,,,0.8618290258449304,0.9468465334008096,0.5179282868525896,0.5026500638569604,23,13,10,8,0.391304347826087,-1.455292898089016,-0.2347584412995302,GradientBoosting,208.0,7.0,0.8715775562522632,,,,,,9.0,3.0,,,,,,
AAPL,10,0.0125,long_short_confidence,0.6,0.0469387899109533,,,,,0.9095427435387674,0.9759868746170116,0.5059760956175299,0.4832888550006354,21,11,10,4,0.4761904761904761,-0.70703351240371,-0.1490994515815789,GradientBoosting,50.0,9.0,0.8263839367888963,,,,,,10.0,2.0,,,,,,
AAPL,4,0.005,long_only_confidence,0.6,0.0281909321429755,,,,,0.7206759443339961,0.81078152191109,0.4900398406374502,0.4287855593825743,31,31,0,31,0.7741935483870968,2.1275318087093944,0.415477022377158,GradientBoosting,203.0,3.0,0.9545028584277258,,,,,,5.0,7.0,,,,,,
AAPL,5,0.005,long_only_confidence,0.6,0.0107169118188108,,,,,0.7127236580516899,0.7939358001265023,0.5099601593625498,0.4742848061029879,16,16,0,34,0.125,-2.2778435339412986,-0.2163934446794481,GradientBoosting,500.0,3.0,1.0,,,,,,2.0,10.0,,,,,,
AAPL,6,0.0075,long_only_confidence,0.6,0.0190472717530169,,,,,0.8966202783300199,0.9697912425436708,0.50199203187251,0.5001905487804879,15,15,0,26,0.4666666666666667,0.5735090827135487,0.0534287518645484,GradientBoosting,50.0,12.0,1.0,,,,,,11.0,2.0,,,,,,
AAPL,8,0.01,long_only_confidence,0.6,0.0106557362098465,,,,,0.8618290258449304,0.9468465334008096,0.5179282868525896,0.5026500638569604,13,13,0,18,0.3846153846153846,0.0640359358944916,0.0017647362681771,GradientBoosting,208.0,7.0,0.8715775562522632,,,,,,9.0,3.0,,,,,,
AAPL,10,0.0125,long_only_confidence,0.6,0.0469387899109533,,,,,0.9095427435387674,0.9759868746170116,0.5059760956175299,0.4832888550006354,11,11,0,14,0.5454545454545454,0.4237654307558136,0.0383883045813646,GradientBoosting,50.0,9.0,0.8263839367888963,,,,,,10.0,2.0,,,,,,
META,2,0.0025,long_short,,0.0405463931482751,,,,,0.8707753479125249,0.9489709201440356,0.4900398406374502,0.5594780043606515,125,10,115,0,0.424,-1.4200550908603655,-0.4195940618118484,GradientBoosting,73.0,10.0,1.0,,,,,,20.0,6.0,,,,,,
META,3,0.0025,long_short,,0.2955652860943031,,,,,0.8220675944333996,0.9059563668850036,0.4940239043824701,0.5739531310026892,83,31,52,0,0.4939759036144578,-0.3704936711985965,-0.1593824182833102,GradientBoosting,50.0,5.0,0.5,,,,,,14.0,8.0,,,,,,
META,4,0.005,long_short,,0.1147352156063209,,,,,0.9831013916500994,0.9988418972332016,0.4860557768924303,0.551150895140665,62,7,55,0,0.5161290322580645,-0.7612495890576856,-0.246241649753926,GradientBoosting,50.0,11.0,0.9418847972703946,,,,,,8.0,4.0,,,,,,
META,5,0.005,long_short,,0.01,,,,,0.6252485089463221,0.6820386334799777,0.4302788844621514,0.5949831256490135,50,1,49,0,0.38,-0.4267016798910591,-0.1959224795869203,GradientBoosting,50.0,3.0,1.0,,,,,,20.0,10.0,,,,,,
META,6,0.0075,long_short,,0.292157327654986,,,,,1.0,1.0,0.4621513944223107,0.6207926515930114,41,5,36,0,0.4634146341463415,0.2486810841554522,0.0301082083603847,GradientBoosting,472.0,3.0,0.8087407548138583,,,,,,13.0,1.0,,,,,,
META,7,0.0075,long_short,,0.2999999999999999,,,,,1.0,1.0,0.4621513944223107,0.5672136422136422,35,5,30,0,0.4857142857142857,-0.5626955787837875,-0.2018272309612387,GradientBoosting,50.0,12.0,1.0,,,,,,2.0,1.0,,,,,,
META,8,0.01,long_short,,0.01,,,,,0.6938369781312127,0.7923030101814963,0.4661354581673306,0.5673874218650338,31,0,31,0,0.3548387096774194,-1.7421670607115909,-0.4457006579226673,GradientBoosting,342.0,3.0,0.9940978700213744,,,,,,11.0,1.0,,,,,,
META,9,0.01,long_short,,0.01,,,,,0.7137176938369781,0.7942827216853421,0.4701195219123506,0.6019581579283072,27,1,26,0,0.3703703703703703,-1.1958663268374197,-0.3704015359914426,GradientBoosting,282.0,3.0,0.946069193697249,,,,,,12.0,2.0,,,,,,
META,10,0.015,long_short,,0.1017857176955939,,,,,0.9731610337972167,0.9969763443410208,0.50199203187251,0.5391260162601625,25,3,22,0,0.44,-1.0467369652793146,-0.3517531425586179,GradientBoosting,500.0,3.0,0.8142350092946035,,,,,,18.0,1.0,,,,,,
META,2,0.0025,long_only,,0.1319022382585608,,,,,0.8628230616302187,0.9476131750680848,0.4780876494023904,0.4676478132615108,47,47,0,78,0.6382978723404256,2.102783423628124,0.6616380800095072,GradientBoosting,50.0,5.0,0.871477483583515,,,,,,4.0,2.0,,,,,,
META,3,0.0025,long_only,,0.017987541829652,,,,,0.6491053677932406,0.7025828843394355,0.4581673306772908,0.5399218850044819,1,1,0,82,1.0,0.0,0.0515714367339941,GradientBoosting,50.0,3.0,0.5,,,,,,3.0,1.0,,,,,,
META,4,0.005,long_only,,0.01,,,,,0.9423459244532804,0.9880059288537548,0.4741035856573705,0.4843989769820971,2,2,0,60,1.0,2.1013028747000373,0.0518995767367143,GradientBoosting,500.0,12.0,1.0,,,,,,20.0,4.0,,,,,,
META,7,0.01,long_only,,0.0696009102198762,,,,,0.9652087475149106,0.9956810723291728,0.4581673306772908,0.5148337595907928,0,0,0,35,0.0,0.0,0.0,GradientBoosting,377.0,6.0,0.7604171300129119,,,,,,19.0,9.0,,,,,,
META,8,0.0125,long_only,,0.0137919904497275,,,,,0.6481113320079522,0.7303758922745338,0.4741035856573705,0.5253374076903489,0,0,0,31,0.0,0.0,0.0,GradientBoosting,57.0,3.0,0.8456726916216459,,,,,,6.0,9.0,,,,,,
META,9,0.0125,long_only,,0.2999999999999999,,,,,1.0,1.0,0.4900398406374502,0.5220269926152279,4,4,0,23,0.75,2.1809857474710936,0.1741647060516651,GradientBoosting,500.0,3.0,0.5269039778533549,,,,,,2.0,1.0,,,,,,
META,10,0.015,long_only,,0.2999999999999999,,,,,1.0,1.0,0.5099601593625498,0.4483930386178861,5,5,0,20,0.8,0.7142962412055873,0.1567358341749876,GradientBoosting,500.0,12.0,1.0,,,,,,2.0,10.0,,,,,,
META,2,0.0025,long_short_confidence,0.6,0.1319022382585608,,,,,0.8628230616302187,0.9476131750680848,0.4780876494023904,0.4676478132615108,85,37,48,40,0.5294117647058824,0.9804519471703292,0.2301069212281343,GradientBoosting,50.0,5.0,0.871477483583515,,,,,,4.0,2.0,,,,,,
META,3,0.0025,long_short_confidence,0.6,0.017987541829652,,,,,0.6491053677932406,0.7025828843394355,0.4581673306772908,0.5399218850044819,68,0,68,15,0.3823529411764705,-0.5143777249215257,-0.1672606230088883,GradientBoosting,50.0,3.0,0.5,,,,,,3.0,1.0,,,,,,
META,4,0.005,long_short_confidence,0.6,0.01,,,,,0.9423459244532804,0.9880059288537548,0.4741035856573705,0.4843989769820971,56,0,56,6,0.4464285714285714,-1.4854981131297629,-0.3868625195024957,GradientBoosting,500.0,12.0,1.0,,,,,,20.0,4.0,,,,,,
META,7,0.01,long_short_confidence,0.6,0.0696009102198762,,,,,0.9652087475149106,0.9956810723291728,0.4581673306772908,0.5148337595907928,34,0,34,1,0.3529411764705882,-1.3501139114523852,-0.3233128800374507,GradientBoosting,377.0,6.0,0.7604171300129119,,,,,,19.0,9.0,,,,,,
META,8,0.0125,long_short_confidence,0.6,0.0137919904497275,,,,,0.6481113320079522,0.7303758922745338,0.4741035856573705,0.5253374076903489,29,0,29,2,0.3793103448275862,-1.582899625362797,-0.4153546413494342,GradientBoosting,57.0,3.0,0.8456726916216459,,,,,,6.0,9.0,,,,,,
META,9,0.0125,long_short_confidence,0.6,0.2999999999999999,,,,,1.0,1.0,0.4900398406374502,0.5220269926152279,26,3,23,1,0.3846153846153846,-0.8369582001830073,-0.2832626538789953,GradientBoosting,500.0,3.0,0.5269039778533549,,,,,,2.0,1.0,,,,,,
META,10,0.015,long_short_confidence,0.6,0.2999999999999999,,,,,1.0,1.0,0.5099601593625498,0.4483930386178861,25,5,20,0,0.44,-0.5314513081428227,-0.2309218162305647,GradientBoosting,500.0,12.0,1.0,,,,,,2.0,10.0,,,,,,
META,2,0.0025,long_only_confidence,0.6,0.1319022382585608,,,,,0.8628230616302187,0.9476131750680848,0.4780876494023904,0.4676478132615108,37,37,0,88,0.5945945945945946,1.3825456962335398,0.1923177938531017,GradientBoosting,50.0,5.0,0.871477483583515,,,,,,4.0,2.0,,,,,,
META,3,0.0025,long_only_confidence,0.6,0.017987541829652,,,,,0.6491053677932406,0.7025828843394355,0.4581673306772908,0.5399218850044819,0,0,0,83,0.0,0.0,0.0,GradientBoosting,50.0,3.0,0.5,,,,,,3.0,1.0,,,,,,
META,4,0.005,long_only_confidence,0.6,0.01,,,,,0.9423459244532804,0.9880059288537548,0.4741035856573705,0.4843989769820971,0,0,0,62,0.0,0.0,0.0,GradientBoosting,500.0,12.0,1.0,,,,,,20.0,4.0,,,,,,
META,7,0.01,long_only_confidence,0.6,0.0696009102198762,,,,,0.9652087475149106,0.9956810723291728,0.4581673306772908,0.5148337595907928,0,0,0,35,0.0,0.0,0.0,GradientBoosting,377.0,6.0,0.7604171300129119,,,,,,19.0,9.0,,,,,,
META,8,0.0125,long_only_confidence,0.6,0.0137919904497275,,,,,0.6481113320079522,0.7303758922745338,0.4741035856573705,0.5253374076903489,0,0,0,31,0.0,0.0,0.0,GradientBoosting,57.0,3.0,0.8456726916216459,,,,,,6.0,9.0,,,,,,
META,9,0.0125,long_only_confidence,0.6,0.2999999999999999,,,,,1.0,1.0,0.4900398406374502,0.5220269926152279,3,3,0,24,0.6666666666666666,1.4723206016618064,0.0769996571142803,GradientBoosting,500.0,3.0,0.5269039778533549,,,,,,2.0,1.0,,,,,,
META,10,0.015,long_only_confidence,0.6,0.2999999999999999,,,,,1.0,1.0,0.5099601593625498,0.4483930386178861,5,5,0,20,0.8,0.7142962412055873,0.1567358341749876,GradientBoosting,500.0,12.0,1.0,,,,,,2.0,10.0,,,,,,
NVDA,2,0.005,long_short,,0.0219406417747802,,,,,0.6033797216699801,0.662008655955416,0.4940239043824701,0.571106166560712,125,4,121,0,0.44,-1.9744381908512811,-0.6586963493661985,GradientBoosting,50.0,3.0,1.0,,,,,,16.0,1.0,,,,,,
NVDA,3,0.0075,long_short,,0.1918467575848645,,,,,0.9662027833001988,0.996232605945604,0.4900398406374502,0.5421290980992475,83,15,68,0,0.4337349397590361,-0.1903546819681707,-0.2197163344526663,GradientBoosting,229.0,5.0,0.5,,,,,,17.0,5.0,,,,,,
NVDA,4,0.0125,long_short,,0.01,,,,,0.7236580516898609,0.7977692404983242,0.4860557768924303,0.5466526930894309,62,0,62,0,0.3870967741935484,-2.1035445555495067,-0.6765495163419737,GradientBoosting,500.0,3.0,0.7766465672135905,,,,,,13.0,5.0,,,,,,
NVDA,5,0.0125,long_short,,0.0207117038536536,,,,,0.7852882703777336,0.8655271511188942,0.4621513944223107,0.5588122605363985,50,0,50,0,0.34,-1.7170498753741483,-0.66683239253883,GradientBoosting,71.0,8.0,0.6136609638731254,,,,,,19.0,4.0,,,,,,
NVDA,6,0.015,long_short,,0.1021621564392969,,,,,0.7455268389662028,0.8364980237154149,0.4302788844621514,0.5465552965552966,41,0,41,0,0.2926829268292683,-1.915075531218128,-0.6690667772196037,GradientBoosting,50.0,4.0,1.0,,,,,,16.0,7.0,,,,,,
NVDA,7,0.0174999999999999,long_short,,0.01,,,,,0.6083499005964215,0.6978544097650444,0.4223107569721115,0.5428432010409889,35,0,35,0,0.3142857142857143,-2.168861980640043,-0.6547884866807931,GradientBoosting,50.0,3.0,0.8676813030713697,,,,,,15.0,5.0,,,,,,
NVDA,8,0.0174999999999999,long_short,,0.0224449271578721,,,,,0.7872763419483101,0.8642516946305409,0.4183266932270916,0.5355512067840835,31,0,31,0,0.2258064516129032,-2.124461527141745,-0.6663603400568665,GradientBoosting,500.0,3.0,1.0,,,,,,20.0,7.0,,,,,,
NVDA,9,0.02,long_short,,0.012104790151917,,,,,0.757455268389662,0.8356264822134388,0.4143426294820717,0.5534079016221873,27,0,27,0,0.3703703703703703,-1.6723794385532114,-0.6363821037131696,GradientBoosting,50.0,6.0,0.6202621712794427,,,,,,13.0,3.0,,,,,,
NVDA,10,0.0225,long_short,,0.01,,,,,0.7833001988071571,0.8780434782608696,0.450199203187251,0.5792612543285878,25,0,25,0,0.32,-1.760841775644853,-0.6583939415032531,GradientBoosting,147.0,12.0,0.5,,,,,,12.0,10.0,,,,,,
NVDA,5,0.0125,long_only,,0.0389283959798325,,,,,0.8240556660039762,0.9124252917180532,0.4621513944223107,0.5343869731800767,0,0,0,50,0.0,0.0,0.0,GradientBoosting,50.0,8.0,1.0,,,,,,10.0,6.0,,,,,,
NVDA,6,0.0174999999999999,long_only,,0.01,,,,,0.76441351888668,0.8458293801391525,0.4422310756972111,0.5238095238095238,0,0,0,41,0.0,0.0,0.0,GradientBoosting,177.0,6.0,1.0,,,,,,13.0,4.0,,,,,,
NVDA,7,0.02,long_only,,0.01,,,,,0.7862823061630219,0.8848185994930291,0.4223107569721115,0.5694534808067664,0,0,0,35,0.0,0.0,0.0,GradientBoosting,50.0,12.0,0.5,,,,,,17.0,4.0,,,,,,
NVDA,5,0.0125,long_short_confidence,0.6,0.0389283959798325,,,,,0.8240556660039762,0.9124252917180532,0.4621513944223107,0.5343869731800767,50,0,50,0,0.34,-1.7168875440306328,-0.6668531179235715,GradientBoosting,50.0,8.0,1.0,,,,,,10.0,6.0,,,,,,
NVDA,6,0.0174999999999999,long_short_confidence,0.6,0.01,,,,,0.76441351888668,0.8458293801391525,0.4422310756972111,0.5238095238095238,40,0,40,1,0.3,-1.7560405712185505,-0.6374131740925557,GradientBoosting,177.0,6.0,1.0,,,,,,13.0,4.0,,,,,,
NVDA,7,0.02,long_short_confidence,0.6,0.01,,,,,0.7862823061630219,0.8848185994930291,0.4223107569721115,0.5694534808067664,34,0,34,1,0.3235294117647059,-1.9918014445785412,-0.6226152383270831,GradientBoosting,50.0,12.0,0.5,,,,,,17.0,4.0,,,,,,
NVDA,5,0.0125,long_only_confidence,0.6,0.0389283959798325,,,,,0.8240556660039762,0.9124252917180532,0.4621513944223107,0.5343869731800767,0,0,0,50,0.0,0.0,0.0,GradientBoosting,50.0,8.0,1.0,,,,,,10.0,6.0,,,,,,
NVDA,6,0.0174999999999999,long_only_confidence,0.6,0.01,,,,,0.76441351888668,0.8458293801391525,0.4422310756972111,0.5238095238095238,0,0,0,41,0.0,0.0,0.0,GradientBoosting,177.0,6.0,1.0,,,,,,13.0,4.0,,,,,,
NVDA,7,0.02,long_only_confidence,0.6,0.01,,,,,0.7862823061630219,0.8848185994930291,0.4223107569721115,0.5694534808067664,0,0,0,35,0.0,0.0,0.0,GradientBoosting,50.0,12.0,0.5,,,,,,17.0,4.0,,,,,,
SPY,2,0.0025,long_short,,0.01,,,,,0.5815109343936382,0.6561371876841077,0.4900398406374502,0.5093968253968255,125,2,123,0,0.328,-2.4964554951449647,-0.2762321032253948,GradientBoosting,50.0,3.0,0.7736277503889603,,,,,,2.0,1.0,,,,,,
SPY,3,0.0025,long_short,,0.017042448286838,,,,,0.8996023856858847,0.9741476541939568,0.4581673306772908,0.6171283827112992,83,4,79,0,0.3855421686746988,-2.281724872313127,-0.2534628517619872,GradientBoosting,500.0,7.0,1.0,,,,,,14.0,1.0,,,,,,
SPY,4,0.005,long_short,,0.0100083512767232,,,,,0.6401590457256461,0.7222094752832457,0.5378486055776892,0.5956257982120051,62,0,62,0,0.3548387096774194,-2.4286663040557253,-0.270641304389021,GradientBoosting,217.0,3.0,0.9436809049106328,,,,,,15.0,9.0,,,,,,
SPY,5,0.005,long_short,,0.0667638540736034,,,,,0.7495029821073559,0.8439990039840638,0.4701195219123506,0.5414756811815635,50,1,49,0,0.38,-1.910960552827596,-0.2337424316432091,GradientBoosting,50.0,5.0,0.9953187782568212,,,,,,8.0,10.0,,,,,,
SPY,6,0.005,long_short,,0.1754513616606681,,,,,0.8966202783300199,0.9640035899544536,0.4741035856573705,0.5402618135376756,41,4,37,0,0.3170731707317073,-2.9450032584524406,-0.3012416462998536,GradientBoosting,305.0,3.0,0.7248770666848829,,,,,,9.0,9.0,,,,,,
SPY,7,0.0075,long_short,,0.2999999999999999,,,,,0.9075546719681908,0.969293632970648,0.4780876494023904,0.5207379134860052,35,4,31,0,0.4571428571428571,-1.5274248205959395,-0.1593740653919741,GradientBoosting,183.0,3.0,0.8268907399176957,,,,,,16.0,10.0,,,,,,
SPY,8,0.0075,long_short,,0.2999999999999999,,,,,0.9970178926441352,0.999944623100869,0.4183266932270916,0.4612612612612612,31,2,29,0,0.3225806451612903,-2.586241367773429,-0.2205099312216417,GradientBoosting,500.0,3.0,0.5,,,,,,20.0,2.0,,,,,,
SPY,9,0.01,long_short,,0.0365253855702384,,,,,0.993041749502982,0.9997902219689052,0.4621513944223107,0.4830896376350922,27,1,26,0,0.2222222222222222,-2.7650053643902064,-0.2739819646443506,GradientBoosting,500.0,12.0,0.5516996781870757,,,,,,2.0,10.0,,,,,,
SPY,10,0.01,long_short,,0.0292020890047905,,,,,0.952286282306163,0.9935523402909552,0.4581673306772908,0.5434143222506395,25,0,25,0,0.32,-1.85595190640685,-0.2262568093023376,GradientBoosting,177.0,12.0,0.5,,,,,,17.0,1.0,,,,,,
SPY,3,0.0025,long_only,,0.0655370722247607,,,,,1.0,1.0,0.4661354581673306,0.4941002949852507,6,6,0,77,0.5,0.5220540902355674,0.0152785284754497,GradientBoosting,290.0,12.0,0.9885112368810232,,,,,,9.0,1.0,,,,,,
SPY,4,0.005,long_only,,0.01,,,,,0.7852882703777336,0.8736193746439648,0.5378486055776892,0.5089399744572158,0,0,0,62,0.0,0.0,0.0,GradientBoosting,50.0,12.0,1.0,,,,,,2.0,10.0,,,,,,
SPY,9,0.01,long_only,,0.01,,,,,0.7654075546719682,0.8500383933377664,0.4820717131474104,0.5024475524475525,0,0,0,27,0.0,0.0,0.0,GradientBoosting,195.0,6.0,0.712035406686857,,,,,,16.0,9.0,,,,,,
SPY,10,0.01,long_only,,0.01,,,,,0.6699801192842942,0.7372647849462366,0.4581673306772908,0.4852941176470587,0,0,0,25,0.0,0.0,0.0,GradientBoosting,50.0,4.0,0.6370482408111515,,,,,,15.0,10.0,,,,,,
SPY,3,0.0025,long_short_confidence,0.6,0.0655370722247607,,,,,1.0,1.0,0.4661354581673306,0.4941002949852507,82,5,77,1,0.3902439024390244,-2.1163285580467255,-0.2376375682510288,GradientBoosting,290.0,12.0,0.9885112368810232,,,,,,9.0,1.0,,,,,,
SPY,4,0.005,long_short_confidence,0.6,0.01,,,,,0.7852882703777336,0.8736193746439648,0.5378486055776892,0.5089399744572158,41,0,41,21,0.3414634146341463,-2.1886679670380547,-0.1957972207282179,GradientBoosting,50.0,12.0,1.0,,,,,,2.0,10.0,,,,,,
SPY,9,0.01,long_short_confidence,0.6,0.01,,,,,0.7654075546719682,0.8500383933377664,0.4820717131474104,0.5024475524475525,27,0,27,0,0.2592592592592592,-2.0535945747133035,-0.2226319698786127,GradientBoosting,195.0,6.0,0.712035406686857,,,,,,16.0,9.0,,,,,,
SPY,10,0.01,long_short_confidence,0.6,0.01,,,,,0.6699801192842942,0.7372647849462366,0.4581673306772908,0.4852941176470587,12,0,12,13,0.25,-1.7326241647009843,-0.1710370013889762,GradientBoosting,50.0,4.0,0.6370482408111515,,,,,,15.0,10.0,,,,,,
SPY,3,0.0025,long_only_confidence,0.6,0.0655370722247607,,,,,1.0,1.0,0.4661354581673306,0.4941002949852507,5,5,0,78,0.6,1.1116156794709289,0.0279019136439517,GradientBoosting,290.0,12.0,0.9885112368810232,,,,,,9.0,1.0,,,,,,
SPY,4,0.005,long_only_confidence,0.6,0.01,,,,,0.7852882703777336,0.8736193746439648,0.5378486055776892,0.5089399744572158,0,0,0,62,0.0,0.0,0.0,GradientBoosting,50.0,12.0,1.0,,,,,,2.0,10.0,,,,,,
SPY,9,0.01,long_only_confidence,0.6,0.01,,,,,0.7654075546719682,0.8500383933377664,0.4820717131474104,0.5024475524475525,0,0,0,27,0.0,0.0,0.0,GradientBoosting,195.0,6.0,0.712035406686857,,,,,,16.0,9.0,,,,,,
SPY,10,0.01,long_only_confidence,0.6,0.01,,,,,0.6699801192842942,0.7372647849462366,0.4581673306772908,0.4852941176470587,0,0,0,25,0.0,0.0,0.0,GradientBoosting,50.0,4.0,0.6370482408111515,,,,,,15.0,10.0,,,,,,
TSLA,2,0.0025,long_short,,0.1835165244016693,,,,,0.989065606361829,0.999181844052362,0.4820717131474104,0.4981881754609027,125,91,34,0,0.488,0.1074928076598175,-0.1198649456135856,GradientBoosting,386.0,3.0,0.9270156211945244,,,,,,7.0,1.0,,,,,,
TSLA,3,0.005,long_short,,0.1077861924992904,,,,,0.7693836978131213,0.8594474509137339,0.49800796812749,0.4772582697201018,83,62,21,0,0.6024096385542169,1.9307522558651615,1.6704084966928088,GradientBoosting,184.0,3.0,0.5539685875155348,,,,,,9.0,10.0,,,,,,
TSLA,4,0.005,long_short,,0.0367233875955265,,,,,0.8677932405566601,0.9487909776932716,0.5298804780876494,0.5527590161845292,62,42,20,0,0.6612903225806451,3.0998170648861496,4.609890220854083,GradientBoosting,91.0,9.0,0.9916154429033942,,,,,,10.0,9.0,,,,,,
TSLA,5,0.01,long_short,,0.01,,,,,0.6421471172962226,0.7040513033339262,0.5179282868525896,0.5564495530012772,50,42,8,0,0.54,1.7438588480808317,1.4201216990257772,GradientBoosting,50.0,3.0,0.5,,,,,,20.0,1.0,,,,,,
TSLA,6,0.01,long_short,,0.0245900383484304,,,,,0.6669980119284294,0.7469912137512894,0.5179282868525896,0.5435102301790281,41,35,6,0,0.5853658536585366,2.074617963210587,1.8808069342988711,GradientBoosting,50.0,3.0,0.8921829789765061,,,,,,5.0,3.0,,,,,,
TSLA,7,0.0125,long_short,,0.0238386204367008,,,,,0.6709741550695825,0.7636857707509881,0.4860557768924303,0.501309067688378,35,29,6,0,0.5142857142857142,1.6200108084598472,1.4650528920906143,GradientBoosting,105.0,3.0,1.0,,,,,,5.0,4.0,,,,,,
TSLA,8,0.0174999999999999,long_short,,0.0116442350452986,,,,,0.6620278330019881,0.7320428450030632,0.4780876494023904,0.4643493761140819,31,26,5,0,0.5806451612903226,1.8865590273748645,1.683553595025916,GradientBoosting,50.0,3.0,1.0,,,,,,13.0,10.0,,,,,,
TSLA,9,0.0225,long_short,,0.01,,,,,0.6510934393638171,0.7361824240196368,0.4820717131474104,0.4778772378516624,27,24,3,0,0.5925925925925926,1.730555764994681,1.472171777387814,GradientBoosting,50.0,3.0,0.8882316799226762,,,,,,18.0,3.0,,,,,,
TSLA,10,0.0225,long_short,,0.01,,,,,0.658051689860835,0.7517006399386544,0.4940239043824701,0.4831782846947878,25,23,2,0,0.64,2.1699188236124156,2.3594673827910655,GradientBoosting,84.0,3.0,0.7719950511036286,,,,,,14.0,1.0,,,,,,
TSLA,9,0.02,long_only,,0.2658295821626001,,,,,1.0,1.0,0.4581673306772908,0.4858863259844527,17,17,0,10,0.4117647058823529,0.0092601083645751,-0.1041527449763376,GradientBoosting,430.0,10.0,1.0,,,,,,3.0,7.0,,,,,,
TSLA,10,0.02,long_only,,0.2999999999999999,,,,,0.94831013916501,0.9890304498899092,0.49800796812749,0.509249841068023,21,21,0,4,0.5714285714285714,1.2946279572667565,0.9078493126461642,GradientBoosting,253.0,3.0,1.0,,,,,,13.0,9.0,,,,,,
TSLA,9,0.02,long_short_confidence,0.6,0.2658295821626001,,,,,1.0,1.0,0.4581673306772908,0.4858863259844527,22,16,6,5,0.4090909090909091,-0.0489066786473083,-0.1667374458501652,GradientBoosting,430.0,10.0,1.0,,,,,,3.0,7.0,,,,,,
TSLA,10,0.02,long_short_confidence,0.6,0.2999999999999999,,,,,0.94831013916501,0.9890304498899092,0.49800796812749,0.509249841068023,21,17,4,4,0.6666666666666666,2.927387082513257,3.110846676220784,GradientBoosting,253.0,3.0,1.0,,,,,,13.0,9.0,,,,,,
TSLA,9,0.02,long_only_confidence,0.6,0.2658295821626001,,,,,1.0,1.0,0.4581673306772908,0.4858863259844527,16,16,0,11,0.4375,0.0983171050424801,-0.0624465029070885,GradientBoosting,430.0,10.0,1.0,,,,,,3.0,7.0,,,,,,
TSLA,10,0.02,long_only_confidence,0.6,0.2999999999999999,,,,,0.94831013916501,0.9890304498899092,0.49800796812749,0.509249841068023,17,17,0,8,0.7058823529411765,2.7676778594108336,2.559400096501609,GradientBoosting,253.0,3.0,1.0,,,,,,13.0,9.0,,,,,,
AAPL,4,0.005,long_short,,,,,,,0.5825049701789264,0.620406185730106,0.49800796812749,0.5353042479908151,62,11,51,0,0.3225806451612903,-2.9231326217678775,-0.4535601531394506,LogisticRegression,,,,,,,,,,,,,0.033783157526738,elasticnet,0.974730193766846,
AAPL,5,0.005,long_short,,,,,,,0.5864811133200796,0.621461891208096,0.4900398406374502,0.5090273363000636,50,11,39,0,0.38,-1.2543436397769911,-0.28989061903991,LogisticRegression,,,,,,,,,,,,,0.0471060007243131,l1,,
AAPL,6,0.0075,long_short,,,,,,,0.595427435387674,0.6215940041032046,0.5219123505976095,0.5366171239837398,41,1,40,0,0.4146341463414634,-1.7657640400992485,-0.3083500083295726,LogisticRegression,,,,,,,,,,,,,0.0025977985972012,elasticnet,0.1285425509591551,
AAPL,8,0.0125,long_short,,,,,,,0.584493041749503,0.6144054899139433,0.5657370517928287,0.5574967824967825,31,1,30,0,0.4838709677419355,-1.671758854230195,-0.2997871518003456,LogisticRegression,,,,,,,,,,,,,0.0208755121762085,l1,,
AAPL,10,0.015,long_short,,,,,,,0.5904572564612326,0.6239623849729627,0.5418326693227091,0.5199808184143222,25,0,25,0,0.4,-1.4835886346464648,-0.2856003338233628,LogisticRegression,,,,,,,,,,,,,0.0239030781729533,l1,,
AAPL,4,0.005,long_only,,,,,,,0.5656063618290258,0.5806003796867585,0.4661354581673306,0.4760173491516776,0,0,0,62,0.0,0.0,0.0,LogisticRegression,,,,,,,,,,,,,0.0427866469744397,l1,,
AAPL,5,0.005,long_only,,,,,,,0.5745526838966203,0.5992409867172676,0.4820717131474104,0.4934520025429116,0,0,0,50,0.0,0.0,0.0,LogisticRegression,,,,,,,,,,,,,0.0418913943280406,l1,,
AAPL,6,0.0075,long_only,,,,,,,0.5854870775347912,0.6036968372118764,0.5179282868525896,0.4882494918699187,1,1,0,40,1.0,0.0,0.039537149402429,LogisticRegression,,,,,,,,,,,,,0.0013041036943413,l2,,
AAPL,8,0.01,long_only,,,,,,,0.5765407554671969,0.5979923140182186,0.5378486055776892,0.4996168582375479,0,0,0,31,0.0,0.0,0.0,LogisticRegression,,,,,,,,,,,,,0.028599556438719,l1,,
AAPL,10,0.0125,long_only,,,,,,,0.5934393638170974,0.632576251754334,0.5139442231075697,0.5006354047528276,1,1,0,24,1.0,0.0,0.0103254978728879,LogisticRegression,,,,,,,,,,,,,0.0320357115369133,l1,,
AAPL,4,0.005,long_short_confidence,0.6,,,,,,0.5656063618290258,0.5806003796867585,0.4661354581673306,0.4760173491516776,0,0,0,62,0.0,0.0,0.0,LogisticRegression,,,,,,,,,,,,,0.0427866469744397,l1,,
AAPL,5,0.005,long_short_confidence,0.6,,,,,,0.5745526838966203,0.5992409867172676,0.4820717131474104,0.4934520025429116,0,0,0,50,0.0,0.0,0.0,LogisticRegression,,,,,,,,,,,,,0.0418913943280406,l1,,
AAPL,6,0.0075,long_short_confidence,0.6,,,,,,0.5854870775347912,0.6036968372118764,0.5179282868525896,0.4882494918699187,0,0,0,41,0.0,0.0,0.0,LogisticRegression,,,,,,,,,,,,,0.0013041036943413,l2,,
AAPL,8,0.01,long_short_confidence,0.6,,,,,,0.5765407554671969,0.5979923140182186,0.5378486055776892,0.4996168582375479,0,0,0,31,0.0,0.0,0.0,LogisticRegression,,,,,,,,,,,,,0.028599556438719,l1,,
AAPL,10,0.0125,long_short_confidence,0.6,,,,,,0.5934393638170974,0.632576251754334,0.5139442231075697,0.5006354047528276,5,0,5,20,0.4,-1.667646860452484,-0.170777171433156,LogisticRegression,,,,,,,,,,,,,0.0320357115369133,l1,,
AAPL,4,0.005,long_only_confidence,0.6,,,,,,0.5656063618290258,0.5806003796867585,0.4661354581673306,0.4760173491516776,0,0,0,62,0.0,0.0,0.0,LogisticRegression,,,,,,,,,,,,,0.0427866469744397,l1,,
AAPL,5,0.005,long_only_confidence,0.6,,,,,,0.5745526838966203,0.5992409867172676,0.4820717131474104,0.4934520025429116,0,0,0,50,0.0,0.0,0.0,LogisticRegression,,,,,,,,,,,,,0.0418913943280406,l1,,
AAPL,6,0.0075,long_only_confidence,0.6,,,,,,0.5854870775347912,0.6036968372118764,0.5179282868525896,0.4882494918699187,0,0,0,41,0.0,0.0,0.0,LogisticRegression,,,,,,,,,,,,,0.0013041036943413,l2,,
AAPL,8,0.01,long_only_confidence,0.6,,,,,,0.5765407554671969,0.5979923140182186,0.5378486055776892,0.4996168582375479,0,0,0,31,0.0,0.0,0.0,LogisticRegression,,,,,,,,,,,,,0.028599556438719,l1,,
AAPL,10,0.0125,long_only_confidence,0.6,,,,,,0.5934393638170974,0.632576251754334,0.5139442231075697,0.5006354047528276,0,0,0,25,0.0,0.0,0.0,LogisticRegression,,,,,,,,,,,,,0.0320357115369133,l1,,
META,4,0.005,long_short,,,,,,,0.536779324055666,0.5728932806324112,0.49800796812749,0.6322890025575447,62,0,62,0,0.4032258064516129,-1.903690445988852,-0.4626286625612876,LogisticRegression,,,,,,,,,,,,,0.0028381292701126,l2,,
META,5,0.005,long_short,,,,,,,0.55168986083499,0.5944709932685885,0.4342629482071713,0.6768237279335412,50,1,49,0,0.38,-0.4267016798910591,-0.1959224795869203,LogisticRegression,,,,,,,,,,,,,0.0376815293377796,l1,,
META,6,0.0075,long_short,,,,,,,0.5695825049701789,0.6099965218491115,0.4661354581673306,0.6759378211716343,41,0,41,0,0.3414634146341463,-1.8850047617923165,-0.448020620317209,LogisticRegression,,,,,,,,,,,,,0.1970003265667468,l1,,
META,8,0.01,long_short,,,,,,,0.5298210735586482,0.5777999114652501,0.4661354581673306,0.7235616787855593,31,0,31,0,0.3548387096774194,-1.7421670607115909,-0.4457006579226673,LogisticRegression,,,,,,,,,,,,,0.0256101850617601,l1,,
META,10,0.015,long_short,,,,,,,0.5288270377733598,0.5825299895258987,0.4900398406374502,0.7744855182926829,25,0,25,0,0.32,-1.4442458786378165,-0.4309413949472722,LogisticRegression,,,,,,,,,,,,,0.0410391416489186,l1,,
META,2,0.0025,long_only,,,,,,,0.5168986083499006,0.5343823742158874,0.4541832669322709,0.588880338591766,1,1,0,124,0.0,0.0,-0.0173348368908576,LogisticRegression,,,,,,,,,,,,,0.0606411326740345,l1,,
META,3,0.0025,long_only,,,,,,,0.5129224652087475,0.5399785747886139,0.4621513944223107,0.5829811755666539,2,2,0,81,1.0,3.8981785330781578,0.0568260934880668,LogisticRegression,,,,,,,,,,,,,0.0028381292701126,l2,,
META,4,0.005,long_only,,,,,,,0.5029821073558648,0.5385790513833992,0.4581673306772908,0.6373721227621483,0,0,0,62,0.0,0.0,0.0,LogisticRegression,,,,,,,,,,,,,0.0469797974868575,l1,,
META,7,0.01,long_only,,,,,,,0.5357852882703777,0.5800743441445079,0.4581673306772908,0.6857416879795396,0,0,0,35,0.0,0.0,0.0,LogisticRegression,,,,,,,,,,,,,0.001,l2,,
META,8,0.0125,long_only,,,,,,,0.5188866799204771,0.5733256876198762,0.4741035856573705,0.7288006111535523,0,0,0,31,0.0,0.0,0.0,LogisticRegression,,,,,,,,,,,,,0.0400695292106628,elasticnet,0.960811487107367,
META,9,0.0125,long_only,,,,,,,0.5178926441351889,0.5609874727151941,0.4741035856573705,0.7137764196587727,0,0,0,27,0.0,0.0,0.0,LogisticRegression,,,,,,,,,,,,,0.001,l2,,
META,10,0.015,long_only,,,,,,,0.5268389662027833,0.5763206260745836,0.4900398406374502,0.7310721544715447,0,0,0,25,0.0,0.0,0.0,LogisticRegression,,,,,,,,,,,,,0.0013041036943413,l2,,
META,2,0.0025,long_short_confidence,0.6,,,,,,0.5168986083499006,0.5343823742158874,0.4541832669322709,0.588880338591766,0,0,0,125,0.0,0.0,0.0,LogisticRegression,,,,,,,,,,,,,0.0606411326740345,l1,,
META,3,0.0025,long_short_confidence,0.6,,,,,,0.5129224652087475,0.5399785747886139,0.4621513944223107,0.5829811755666539,0,0,0,83,0.0,0.0,0.0,LogisticRegression,,,,,,,,,,,,,0.0028381292701126,l2,,
META,4,0.005,long_short_confidence,0.6,,,,,,0.5029821073558648,0.5385790513833992,0.4581673306772908,0.6373721227621483,0,0,0,62,0.0,0.0,0.0,LogisticRegression,,,,,,,,,,,,,0.0469797974868575,l1,,
META,7,0.01,long_short_confidence,0.6,,,,,,0.5357852882703777,0.5800743441445079,0.4581673306772908,0.6857416879795396,0,0,0,35,0.0,0.0,0.0,LogisticRegression,,,,,,,,,,,,,0.001,l2,,
META,8,0.0125,long_short_confidence,0.6,,,,,,0.5188866799204771,0.5733256876198762,0.4741035856573705,0.7288006111535523,9,0,9,22,0.4444444444444444,-1.172730113449122,-0.139796948571278,LogisticRegression,,,,,,,,,,,,,0.0400695292106628,elasticnet,0.960811487107367,
META,9,0.0125,long_short_confidence,0.6,,,,,,0.5178926441351889,0.5609874727151941,0.4741035856573705,0.7137764196587727,0,0,0,27,0.0,0.0,0.0,LogisticRegression,,,,,,,,,,,,,0.001,l2,,
META,10,0.015,long_short_confidence,0.6,,,,,,0.5268389662027833,0.5763206260745836,0.4900398406374502,0.7310721544715447,0,0,0,25,0.0,0.0,0.0,LogisticRegression,,,,,,,,,,,,,0.0013041036943413,l2,,
META,2,0.0025,long_only_confidence,0.6,,,,,,0.5168986083499006,0.5343823742158874,0.4541832669322709,0.588880338591766,0,0,0,125,0.0,0.0,0.0,LogisticRegression,,,,,,,,,,,,,0.0606411326740345,l1,,
META,3,0.0025,long_only_confidence,0.6,,,,,,0.5129224652087475,0.5399785747886139,0.4621513944223107,0.5829811755666539,0,0,0,83,0.0,0.0,0.0,LogisticRegression,,,,,,,,,,,,,0.0028381292701126,l2,,
META,4,0.005,long_only_confidence,0.6,,,,,,0.5029821073558648,0.5385790513833992,0.4581673306772908,0.6373721227621483,0,0,0,62,0.0,0.0,0.0,LogisticRegression,,,,,,,,,,,,,0.0469797974868575,l1,,
META,7,0.01,long_only_confidence,0.6,,,,,,0.5357852882703777,0.5800743441445079,0.4581673306772908,0.6857416879795396,0,0,0,35,0.0,0.0,0.0,LogisticRegression,,,,,,,,,,,,,0.001,l2,,
META,8,0.0125,long_only_confidence,0.6,,,,,,0.5188866799204771,0.5733256876198762,0.4741035856573705,0.7288006111535523,0,0,0,31,0.0,0.0,0.0,LogisticRegression,,,,,,,,,,,,,0.0400695292106628,elasticnet,0.960811487107367,
META,9,0.0125,long_only_confidence,0.6,,,,,,0.5178926441351889,0.5609874727151941,0.4741035856573705,0.7137764196587727,0,0,0,27,0.0,0.0,0.0,LogisticRegression,,,,,,,,,,,,,0.001,l2,,
META,10,0.015,long_only_confidence,0.6,,,,,,0.5268389662027833,0.5763206260745836,0.4900398406374502,0.7310721544715447,0,0,0,25,0.0,0.0,0.0,LogisticRegression,,,,,,,,,,,,,0.0013041036943413,l2,,
NVDA,4,0.0125,long_short,,,,,,,0.5864811133200796,0.6156564219313223,0.4940239043824701,0.6682545731707317,62,0,62,0,0.3870967741935484,-2.1035445555495067,-0.6765495163419737,LogisticRegression,,,,,,,,,,,,,0.0013502067312764,l2,,
NVDA,5,0.0125,long_short,,,,,,,0.5944333996023857,0.6265846552794171,0.4581673306772908,0.7081098339719029,50,0,50,0,0.34,-1.7170498753741483,-0.66683239253883,LogisticRegression,,,,,,,,,,,,,0.1978082768935378,l2,,
NVDA,6,0.015,long_short,,,,,,,0.5715705765407555,0.6182252964426878,0.4382470119521912,0.7602952602952603,41,0,41,0,0.2926829268292683,-1.915075531218128,-0.6690667772196037,LogisticRegression,,,,,,,,,,,,,0.0577419573033028,elasticnet,0.958013875901887,
NVDA,8,0.0174999999999999,long_short,,,,,,,0.5735586481113321,0.6311357483053694,0.4183266932270916,0.7926288323548598,31,0,31,0,0.2258064516129032,-2.124461527141745,-0.6663603400568665,LogisticRegression,,,,,,,,,,,,,0.0468301139319827,l1,,
NVDA,10,0.0225,long_short,,,,,,,0.5745526838966203,0.6162252964426878,0.4541832669322709,0.7753623188405797,25,0,25,0,0.32,-1.760841775644853,-0.6583939415032531,LogisticRegression,,,,,,,,,,,,,1.7965626423790668,l1,,
NVDA,5,0.0125,long_only,,,,,,,0.5397614314115308,0.5677750371565,0.4621513944223107,0.7156449553001277,0,0,0,50,0.0,0.0,0.0,LogisticRegression,,,,,,,,,,,,,0.0740241096762416,l1,,
NVDA,6,0.0174999999999999,long_only,,,,,,,0.5208747514910537,0.5552340290955091,0.4422310756972111,0.7471042471042472,0,0,0,41,0.0,0.0,0.0,LogisticRegression,,,,,,,,,,,,,0.0740241096762416,l1,,
NVDA,7,0.02,long_only,,,,,,,0.5089463220675944,0.5500673320659062,0.4223107569721115,0.760182173064411,0,0,0,35,0.0,0.0,0.0,LogisticRegression,,,,,,,,,,,,,0.1932145865052398,l1,,
NVDA,5,0.0125,long_short_confidence,0.6,,,,,,0.5397614314115308,0.5677750371565,0.4621513944223107,0.7156449553001277,44,0,44,6,0.3863636363636363,-0.9686905276641482,-0.4713436672082662,LogisticRegression,,,,,,,,,,,,,0.0740241096762416,l1,,
NVDA,6,0.0174999999999999,long_short_confidence,0.6,,,,,,0.5208747514910537,0.5552340290955091,0.4422310756972111,0.7471042471042472,28,0,28,13,0.3214285714285714,-1.0600079128649564,-0.4453919312311694,LogisticRegression,,,,,,,,,,,,,0.0740241096762416,l1,,
NVDA,7,0.02,long_short_confidence,0.6,,,,,,0.5089463220675944,0.5500673320659062,0.4223107569721115,0.760182173064411,30,0,30,5,0.3333333333333333,-1.6357729711475393,-0.5351250863017831,LogisticRegression,,,,,,,,,,,,,0.1932145865052398,l1,,
NVDA,5,0.0125,long_only_confidence,0.6,,,,,,0.5397614314115308,0.5677750371565,0.4621513944223107,0.7156449553001277,0,0,0,50,0.0,0.0,0.0,LogisticRegression,,,,,,,,,,,,,0.0740241096762416,l1,,
NVDA,6,0.0174999999999999,long_only_confidence,0.6,,,,,,0.5208747514910537,0.5552340290955091,0.4422310756972111,0.7471042471042472,0,0,0,41,0.0,0.0,0.0,LogisticRegression,,,,,,,,,,,,,0.0740241096762416,l1,,
NVDA,7,0.02,long_only_confidence,0.6,,,,,,0.5089463220675944,0.5500673320659062,0.4223107569721115,0.760182173064411,0,0,0,35,0.0,0.0,0.0,LogisticRegression,,,,,,,,,,,,,0.1932145865052398,l1,,
SPY,4,0.005,long_short,,,,,,,0.6083499005964215,0.6481106399139187,0.5418326693227091,0.6217752234993614,62,1,61,0,0.3709677419354839,-2.156644198098148,-0.2467003637556926,LogisticRegression,,,,,,,,,,,,,1.2229467525390618,l2,,
SPY,5,0.005,long_short,,,,,,,0.5894632206759444,0.6318535382280402,0.4860557768924303,0.6711229946524063,50,0,50,0,0.36,-2.0321964884992276,-0.2453700359750299,LogisticRegression,,,,,,,,,,,,,0.0854376095104048,l1,,
SPY,6,0.005,long_short,,,,,,,0.5894632206759444,0.6327314492661944,0.4741035856573705,0.726851851851852,41,0,41,0,0.3170731707317073,-2.224069132219505,-0.2468265759436063,LogisticRegression,,,,,,,,,,,,,0.0699363806357777,l1,,
SPY,8,0.0075,long_short,,,,,,,0.5656063618290258,0.603228473219336,0.4422310756972111,0.7542792792792792,31,0,31,0,0.3225806451612903,-3.058388862674446,-0.2476654094680745,LogisticRegression,,,,,,,,,,,,,0.0203340722712743,l1,,
SPY,10,0.01,long_short,,,,,,,0.588469184890656,0.6221695129664768,0.4581673306772908,0.7307864450127877,25,0,25,0,0.32,-1.85595190640685,-0.2262568093023376,LogisticRegression,,,,,,,,,,,,,0.0192606627315106,l1,,
SPY,3,0.0025,long_only,,,,,,,0.5675944333996024,0.5864495320260403,0.4541832669322709,0.5797742721559573,0,0,0,83,0.0,0.0,0.0,LogisticRegression,,,,,,,,,,,,,4.578930797148799,l1,,
SPY,4,0.005,long_only,,,,,,,0.5725646123260437,0.6007975188303057,0.5378486055776892,0.5872924648786718,0,0,0,62,0.0,0.0,0.0,LogisticRegression,,,,,,,,,,,,,0.1433240984770561,l1,,
SPY,9,0.01,long_only,,,,,,,0.584493041749503,0.6113921345112566,0.4820717131474104,0.7083280356007629,0,0,0,27,0.0,0.0,0.0,LogisticRegression,,,,,,,,,,,,,0.1583145711971325,elasticnet,0.8921237084397923,
SPY,10,0.01,long_only,,,,,,,0.5825049701789264,0.6091793168880455,0.4581673306772908,0.7168478260869566,0,0,0,25,0.0,0.0,0.0,LogisticRegression,,,,,,,,,,,,,0.0428100552181776,l1,,
SPY,3,0.0025,long_short_confidence,0.6,,,,,,0.5675944333996024,0.5864495320260403,0.4541832669322709,0.5797742721559573,71,0,71,12,0.352112676056338,-2.3100993435579604,-0.2486540408217401,LogisticRegression,,,,,,,,,,,,,4.578930797148799,l1,,
SPY,4,0.005,long_short_confidence,0.6,,,,,,0.5725646123260437,0.6007975188303057,0.5378486055776892,0.5872924648786718,62,0,62,0,0.3548387096774194,-2.4286663040557253,-0.270641304389021,LogisticRegression,,,,,,,,,,,,,0.1433240984770561,l1,,
SPY,9,0.01,long_short_confidence,0.6,,,,,,0.584493041749503,0.6113921345112566,0.4820717131474104,0.7083280356007629,27,0,27,0,0.2592592592592592,-2.0535945747133035,-0.2226319698786127,LogisticRegression,,,,,,,,,,,,,0.1583145711971325,elasticnet,0.8921237084397923,
SPY,10,0.01,long_short_confidence,0.6,,,,,,0.5825049701789264,0.6091793168880455,0.4581673306772908,0.7168478260869566,25,0,25,0,0.32,-1.85595190640685,-0.2262568093023376,LogisticRegression,,,,,,,,,,,,,0.0428100552181776,l1,,
SPY,3,0.0025,long_only_confidence,0.6,,,,,,0.5675944333996024,0.5864495320260403,0.4541832669322709,0.5797742721559573,0,0,0,83,0.0,0.0,0.0,LogisticRegression,,,,,,,,,,,,,4.578930797148799,l1,,
SPY,4,0.005,long_only_confidence,0.6,,,,,,0.5725646123260437,0.6007975188303057,0.5378486055776892,0.5872924648786718,0,0,0,62,0.0,0.0,0.0,LogisticRegression,,,,,,,,,,,,,0.1433240984770561,l1,,
SPY,9,0.01,long_only_confidence,0.6,,,,,,0.584493041749503,0.6113921345112566,0.4820717131474104,0.7083280356007629,0,0,0,27,0.0,0.0,0.0,LogisticRegression,,,,,,,,,,,,,0.1583145711971325,elasticnet,0.8921237084397923,
SPY,10,0.01,long_only_confidence,0.6,,,,,,0.5825049701789264,0.6091793168880455,0.4581673306772908,0.7168478260869566,0,0,0,25,0.0,0.0,0.0,LogisticRegression,,,,,,,,,,,,,0.0428100552181776,l1,,
TSLA,4,0.005,long_short,,,,,,,0.5964214711729622,0.6514884987725963,0.5537848605577689,0.5911176245698994,62,53,9,0,0.5806451612903226,1.6185241187568415,1.331520758862632,LogisticRegression,,,,,,,,,,,,,0.255728100579277,l1,,
TSLA,5,0.01,long_short,,,,,,,0.610337972166998,0.6650500978241537,0.5657370517928287,0.6064495530012771,50,43,7,0,0.56,1.8495502354364577,1.574500386557201,LogisticRegression,,,,,,,,,,,,,0.0060307614753328,l2,,
TSLA,6,0.01,long_short,,,,,,,0.6163021868787276,0.6773079218525824,0.549800796812749,0.5798593350383632,41,29,12,0,0.6341463414634146,2.0970919628198974,1.9149826161579184,LogisticRegression,,,,,,,,,,,,,0.001847168237044,l2,,
TSLA,8,0.0174999999999999,long_short,,,,,,,0.6322067594433399,0.6966937412304105,0.5179282868525896,0.551502419149478,31,22,9,0,0.5806451612903226,2.0340144667358517,1.9249651361978892,LogisticRegression,,,,,,,,,,,,,0.1071473209392088,l1,,
TSLA,10,0.0225,long_short,,,,,,,0.6222664015904572,0.6985549007284786,0.5179282868525896,0.5685612335924557,25,12,13,0,0.52,0.9075116338909992,0.4592067397708812,LogisticRegression,,,,,,,,,,,,,0.0971973435663575,l1,,
TSLA,9,0.02,long_only,,,,,,,0.5904572564612326,0.6649941283228354,0.5338645418326693,0.5221740792659615,14,14,0,13,0.7142857142857143,1.9871232484924368,1.3903070961335713,LogisticRegression,,,,,,,,,,,,,0.4590385941299356,l1,,
TSLA,10,0.02,long_only,,,,,,,0.6043737574552683,0.6813988054061104,0.5099601593625498,0.5091544818817546,12,12,0,13,0.5833333333333334,1.20780214672353,0.5666205490353626,LogisticRegression,,,,,,,,,,,,,0.0768133719310649,l1,,
TSLA,9,0.02,long_short_confidence,0.6,,,,,,0.5904572564612326,0.6649941283228354,0.5338645418326693,0.5221740792659615,0,0,0,27,0.0,0.0,0.0,LogisticRegression,,,,,,,,,,,,,0.4590385941299356,l1,,
TSLA,10,0.02,long_short_confidence,0.6,,,,,,0.6043737574552683,0.6813988054061104,0.5099601593625498,0.5091544818817546,0,0,0,25,0.0,0.0,0.0,LogisticRegression,,,,,,,,,,,,,0.0768133719310649,l1,,
TSLA,9,0.02,long_only_confidence,0.6,,,,,,0.5904572564612326,0.6649941283228354,0.5338645418326693,0.5221740792659615,0,0,0,27,0.0,0.0,0.0,LogisticRegression,,,,,,,,,,,,,0.4590385941299356,l1,,
TSLA,10,0.02,long_only_confidence,0.6,,,,,,0.6043737574552683,0.6813988054061104,0.5099601593625498,0.5091544818817546,0,0,0,25,0.0,0.0,0.0,LogisticRegression,,,,,,,,,,,,,0.0768133719310649,l1,,
AAPL,2,0.0025,long_short,,,,,,,0.6063618290258449,0.6910210954453285,0.5099601593625498,0.536839430894309,125,25,100,0,0.344,-2.764846562614561,-0.4797988943299801,SVM,,,,,0.8693299443179656,,,,,,,,0.01,,,poly
AAPL,3,0.005,long_short,,,,,,,0.6451292246520874,0.7100298483860128,0.5537848605577689,0.528001020538334,83,15,68,0,0.4337349397590361,-1.5843725874873535,-0.3053229781816654,SVM,,,,,0.0504022429942554,,,,,,,,8.13068218502474,,,rbf
AAPL,4,0.005,long_short,,,,,,,0.5755467196819085,0.7639297579496914,0.5059760956175299,0.5294680443934175,62,51,11,0,0.532258064516129,0.1180903785988828,0.0024023615396568,SVM,,,,,0.2691284963835505,,,,,,,,100.0,,,poly
AAPL,5,0.005,long_short,,,,,,,0.584493041749503,0.6235412713472486,0.4900398406374502,0.5150031786395423,50,11,39,0,0.38,-1.2543436397769911,-0.28989061903991,SVM,,,,,0.001,,,,,,,,0.9577207306467496,,,rbf
AAPL,6,0.0075,long_short,,,,,,,0.5805168986083499,0.6353168124661526,0.545816733067729,0.5302972560975608,41,8,33,0,0.2926829268292683,-2.8674457864131924,-0.4267073160823684,SVM,,,,,0.001,,,,,,,,0.960486268571472,,,rbf
AAPL,7,0.01,long_short,,,,,,,0.6262425447316103,0.7105572090927417,0.5657370517928287,0.5286806269270298,35,5,30,0,0.3142857142857143,-1.2929742524692431,-0.2638078559984164,SVM,,,,,0.3842706121789966,,,,,,,,0.01,,,poly
AAPL,8,0.0125,long_short,,,,,,,0.5357852882703777,0.7708609219165681,0.5896414342629482,0.5392213642213641,31,7,24,0,0.4516129032258064,-1.558873387861765,-0.2868622914148067,SVM,,,,,1.084523325352864,,,,,,,,100.0,,,poly
AAPL,9,0.015,long_short,,,,,,,0.6550695825049702,0.7297555808511984,0.5617529880478087,0.5081898766700924,27,4,23,0,0.3703703703703703,-1.4219496489186791,-0.2610066490495258,SVM,,,,,0.2238185494139048,,,,,,,,0.1867608707973128,,,poly
AAPL,10,0.015,long_short,,,,,,,0.5487077534791253,0.7505118900800051,0.5697211155378487,0.5497442455242967,25,0,25,0,0.4,-1.4835886346464648,-0.2856003338233628,SVM,,,,,2.188044213393225,,,,,,,,0.0133635875689525,,,poly
AAPL,4,0.005,long_only,,,,,,,0.5715705765407555,0.5914333175130517,0.4820717131474104,0.471998979461666,7,7,0,55,0.7142857142857143,1.646978398547536,0.0994986602926004,SVM,,,,,,,,,,,,,0.01,,,linear
AAPL,5,0.005,long_only,,,,,,,0.5705765407554672,0.5911883301707781,0.4900398406374502,0.5092180546726002,4,4,0,46,0.5,0.0520547794950475,0.000915433468265,SVM,,,,,2.0906870196752454,,,,,,,,71.17145898182079,,,poly
AAPL,6,0.0075,long_only,,,,,,,0.5825049701789264,0.6061733860925869,0.5179282868525896,0.4886941056910569,1,1,0,40,1.0,0.0,0.039537149402429,SVM,,,,,,,,,,,,,0.01,,,linear
AAPL,8,0.01,long_only,,,,,,,0.5795228628230616,0.5965373545040485,0.5418326693227091,0.5409961685823755,2,2,0,29,0.5,1.311291970089471,0.0562069824789015,SVM,,,,,10.0,,,,,,,,0.0607828473757039,,,poly
AAPL,10,0.0125,long_only,,,,,,,0.6023856858846919,0.6384846508134179,0.5099601593625498,0.488562714449104,1,1,0,24,1.0,0.0,0.0103254978728879,SVM,,,,,0.0010672476836323,,,,,,,,2.9507066707905336,,,rbf
AAPL,4,0.005,long_short_confidence,0.6,,,,,,0.5715705765407555,0.5914333175130517,0.4820717131474104,0.471998979461666,1,0,1,61,0.0,0.0,-0.0066876312455667,SVM,,,,,,,,,,,,,0.01,,,linear
AAPL,5,0.005,long_short_confidence,0.6,,,,,,0.5705765407554672,0.5911883301707781,0.4900398406374502,0.5092180546726002,2,1,1,48,0.5,1.198701179847791,0.0628527066377102,SVM,,,,,2.0906870196752454,,,,,,,,71.17145898182079,,,poly
AAPL,6,0.0075,long_short_confidence,0.6,,,,,,0.5825049701789264,0.6061733860925869,0.5179282868525896,0.4886941056910569,17,0,17,24,0.4705882352941176,-1.5845193990760806,-0.2040509771747638,SVM,,,,,,,,,,,,,0.01,,,linear
AAPL,8,0.01,long_short_confidence,0.6,,,,,,0.5795228628230616,0.5965373545040485,0.5418326693227091,0.5409961685823755,3,1,2,28,0.3333333333333333,-0.937900200960306,-0.0843187575757721,SVM,,,,,10.0,,,,,,,,0.0607828473757039,,,poly
AAPL,10,0.0125,long_short_confidence,0.6,,,,,,0.6023856858846919,0.6384846508134179,0.5099601593625498,0.488562714449104,12,1,11,13,0.6666666666666666,-0.005668906420789,-0.0145614591189338,SVM,,,,,0.0010672476836323,,,,,,,,2.9507066707905336,,,rbf
AAPL,4,0.005,long_only_confidence,0.6,,,,,,0.5715705765407555,0.5914333175130517,0.4820717131474104,0.471998979461666,0,0,0,62,0.0,0.0,0.0,SVM,,,,,,,,,,,,,0.01,,,linear
AAPL,5,0.005,long_only_confidence,0.6,,,,,,0.5705765407554672,0.5911883301707781,0.4900398406374502,0.5092180546726002,1,1,0,49,0.0,0.0,-0.005685317406161,SVM,,,,,2.0906870196752454,,,,,,,,71.17145898182079,,,poly
AAPL,6,0.0075,long_only_confidence,0.6,,,,,,0.5825049701789264,0.6061733860925869,0.5179282868525896,0.4886941056910569,0,0,0,41,0.0,0.0,0.0,SVM,,,,,,,,,,,,,0.01,,,linear
AAPL,8,0.01,long_only_confidence,0.6,,,,,,0.5795228628230616,0.5965373545040485,0.5418326693227091,0.5409961685823755,1,1,0,30,0.0,0.0,-0.0022108861279958,SVM,,,,,10.0,,,,,,,,0.0607828473757039,,,poly
AAPL,10,0.0125,long_only_confidence,0.6,,,,,,0.6023856858846919,0.6384846508134179,0.5099601593625498,0.488562714449104,1,1,0,24,1.0,0.0,0.0103254978728879,SVM,,,,,0.0010672476836323,,,,,,,,2.9507066707905336,,,rbf
META,2,0.0025,long_short,,,,,,,0.5675944333996024,0.5912139861577198,0.4820717131474104,0.6382583044760806,125,3,122,0,0.416,-1.6562752760478388,-0.4636862655917974,SVM,,,,,0.0056206056257925,,,,,,,,2.1592825367158053,,,rbf
META,3,0.0025,long_short,,,,,,,0.8558648111332008,0.9136903938364964,0.4900398406374502,0.5134460238186708,83,13,70,0,0.3855421686746988,-0.3649576572563712,-0.1635225920446206,SVM,,,,,6.840532639090307,,,,,,,,100.0,,,rbf
META,4,0.005,long_short,,,,,,,0.5407554671968191,0.5686482213438735,0.4661354581673306,0.6336317135549874,62,0,62,0,0.4032258064516129,-1.903690445988852,-0.4626286625612876,SVM,,,,,,,,,,,,,0.0141641117969161,,,linear
META,5,0.005,long_short,,,,,,,0.5268389662027833,0.5700829667223994,0.4342629482071713,0.5806723779854622,50,2,48,0,0.4,-0.260554942373454,-0.1459492499727968,SVM,,,,,6.530203296782905,,,,,,,,1.377453471226283,,,poly
META,6,0.0075,long_short,,,,,,,0.5666003976143141,0.6049373932840069,0.446215139442231,0.6846736896197327,41,0,41,0,0.3414634146341463,-1.8850047617923165,-0.448020620317209,SVM,,,,,,,,,,,,,0.0193090160450331,,,linear
META,7,0.0075,long_short,,,,,,,0.5636182902584493,0.5939041453234679,0.4422310756972111,0.7281853281853281,35,0,35,0,0.3428571428571428,-1.7079865749536804,-0.4308402104752221,SVM,,,,,,,,,,,,,0.01,,,linear
META,8,0.01,long_short,,,,,,,0.5009940357852882,0.5029761904761905,0.4741035856573705,0.4893481311391759,31,0,31,0,0.3548387096774194,-1.7421670607115909,-0.4457006579226673,SVM,,,,,10.0,,,,,,,,100.0,,,poly
META,9,0.01,long_short,,,,,,,0.5467196819085487,0.6149838935989407,0.4701195219123506,0.7226049240974615,27,0,27,0,0.3333333333333333,-1.5599032166728786,-0.4377371971712211,SVM,,,,,0.0058616389206287,,,,,,,,1.9794636322460095,,,rbf
META,10,0.015,long_short,,,,,,,0.588469184890656,0.6405881306693544,0.49800796812749,0.7263719512195123,25,0,25,0,0.32,-1.4442458786378165,-0.4309413949472722,SVM,,,,,0.0149555320402426,,,,,,,,1.519782075334771,,,rbf
META,2,0.0025,long_only,,,,,,,0.3121272365805169,0.2464139324012917,0.446215139442231,0.4367064255482878,5,5,0,120,0.8,1.0646038629052197,0.03247128662646,SVM,,,,,6.150503647691817,,,,,,,,100.0,,,rbf
META,3,0.0025,long_only,,,,,,,0.3558648111332008,0.3348440347388852,0.549800796812749,0.5613714944295044,76,76,0,7,0.6447368421052632,1.6930137238378316,0.6262711041279636,SVM,,,,,2.943007009308535,,,,,,,,49.335666326623034,,,rbf
META,4,0.005,long_only,,,,,,,0.5139165009940357,0.5286818181818183,0.4741035856573705,0.5441176470588235,10,10,0,52,0.6,1.8964178514907837,0.1557027589834931,SVM,,,,,10.0,,,,,,,,8.243503361930319,,,poly
META,7,0.01,long_only,,,,,,,0.5566600397614314,0.581155065734,0.4581673306772908,0.6826726342710997,0,0,0,35,0.0,0.0,0.0,SVM,,,,,0.0044144093399311,,,,,,,,0.6346108310411921,,,rbf
META,8,0.0125,long_only,,,,,,,0.5387673956262425,0.5710774523955471,0.4741035856573705,0.7236440030557678,0,0,0,31,0.0,0.0,0.0,SVM,,,,,0.0010672476836323,,,,,,,,2.9507066707905336,,,rbf
META,9,0.0125,long_only,,,,,,,0.5178926441351889,0.561665638543545,0.4741035856573705,0.7276546982429335,0,0,0,27,0.0,0.0,0.0,SVM,,,,,,,,,,,,,0.0118026550054503,,,linear
META,10,0.015,long_only,,,,,,,0.5357852882703777,0.5806960336752238,0.4900398406374502,0.6986153455284553,0,0,0,25,0.0,0.0,0.0,SVM,,,,,0.0161074532357373,,,,,,,,0.4405647641922607,,,rbf
META,2,0.0025,long_short_confidence,0.6,,,,,,0.3121272365805169,0.2464139324012917,0.446215139442231,0.4367064255482878,7,1,6,118,0.4285714285714285,-0.7621387637189386,-0.0329284213945245,SVM,,,,,6.150503647691817,,,,,,,,100.0,,,rbf
META,3,0.0025,long_short_confidence,0.6,,,,,,0.3558648111332008,0.3348440347388852,0.549800796812749,0.5613714944295044,0,0,0,83,0.0,0.0,0.0,SVM,,,,,2.943007009308535,,,,,,,,49.335666326623034,,,rbf
META,4,0.005,long_short_confidence,0.6,,,,,,0.5139165009940357,0.5286818181818183,0.4741035856573705,0.5441176470588235,6,1,5,56,0.3333333333333333,-1.0725400448343294,-0.0442732672024838,SVM,,,,,10.0,,,,,,,,8.243503361930319,,,poly
META,7,0.01,long_short_confidence,0.6,,,,,,0.5566600397614314,0.581155065734,0.4581673306772908,0.6826726342710997,25,0,25,10,0.36,-1.2725952144653752,-0.2415487531373501,SVM,,,,,0.0044144093399311,,,,,,,,0.6346108310411921,,,rbf
META,8,0.0125,long_short_confidence,0.6,,,,,,0.5387673956262425,0.5710774523955471,0.4741035856573705,0.7236440030557678,9,0,9,22,0.4444444444444444,-1.172730113449122,-0.139796948571278,SVM,,,,,0.0010672476836323,,,,,,,,2.9507066707905336,,,rbf
META,9,0.0125,long_short_confidence,0.6,,,,,,0.5178926441351889,0.561665638543545,0.4741035856573705,0.7276546982429335,9,0,9,18,0.5555555555555556,0.2667984730364462,0.0353445298616492,SVM,,,,,,,,,,,,,0.0118026550054503,,,linear
META,10,0.015,long_short_confidence,0.6,,,,,,0.5357852882703777,0.5806960336752238,0.4900398406374502,0.6986153455284553,21,0,21,4,0.3809523809523809,-1.0662032545638855,-0.3461898612345617,SVM,,,,,0.0161074532357373,,,,,,,,0.4405647641922607,,,rbf
META,2,0.0025,long_only_confidence,0.6,,,,,,0.3121272365805169,0.2464139324012917,0.446215139442231,0.4367064255482878,1,1,0,124,1.0,0.0,0.0189273713014346,SVM,,,,,6.150503647691817,,,,,,,,100.0,,,rbf
META,3,0.0025,long_only_confidence,0.6,,,,,,0.3558648111332008,0.3348440347388852,0.549800796812749,0.5613714944295044,0,0,0,83,0.0,0.0,0.0,SVM,,,,,2.943007009308535,,,,,,,,49.335666326623034,,,rbf
META,4,0.005,long_only_confidence,0.6,,,,,,0.5139165009940357,0.5286818181818183,0.4741035856573705,0.5441176470588235,1,1,0,61,0.0,0.0,-0.0145939687457108,SVM,,,,,10.0,,,,,,,,8.243503361930319,,,poly
META,7,0.01,long_only_confidence,0.6,,,,,,0.5566600397614314,0.581155065734,0.4581673306772908,0.6826726342710997,0,0,0,35,0.0,0.0,0.0,SVM,,,,,0.0044144093399311,,,,,,,,0.6346108310411921,,,rbf
META,8,0.0125,long_only_confidence,0.6,,,,,,0.5387673956262425,0.5710774523955471,0.4741035856573705,0.7236440030557678,0,0,0,31,0.0,0.0,0.0,SVM,,,,,0.0010672476836323,,,,,,,,2.9507066707905336,,,rbf
META,9,0.0125,long_only_confidence,0.6,,,,,,0.5178926441351889,0.561665638543545,0.4741035856573705,0.7276546982429335,0,0,0,27,0.0,0.0,0.0,SVM,,,,,,,,,,,,,0.0118026550054503,,,linear
META,10,0.015,long_only_confidence,0.6,,,,,,0.5357852882703777,0.5806960336752238,0.4900398406374502,0.6986153455284553,0,0,0,25,0.0,0.0,0.0,SVM,,,,,0.0161074532357373,,,,,,,,0.4405647641922607,,,rbf
NVDA,2,0.005,long_short,,,,,,,0.5815109343936382,0.6300962431572499,0.4860557768924303,0.6514303877940241,125,5,120,0,0.416,-1.9950261687147757,-0.6621589853226774,SVM,,,,,0.001,,,,,,,,1.1883297558875072,,,rbf
NVDA,3,0.0075,long_short,,,,,,,0.5765407554671969,0.6195011068943707,0.4741035856573705,0.6993238933537441,83,1,82,0,0.4096385542168674,-1.5583994263470224,-0.6202599692375399,SVM,,,,,0.0037279259033769,,,,,,,,0.6870614282613304,,,rbf
NVDA,4,0.0125,long_short,,,,,,,0.5874751491053678,0.6200080629861506,0.4860557768924303,0.6722878556910569,62,0,62,0,0.3870967741935484,-2.1035445555495067,-0.6765495163419737,SVM,,,,,0.001,,,,,,,,1.173159678979724,,,rbf
NVDA,5,0.0125,long_short,,,,,,,0.6033797216699801,0.6262842279610868,0.4621513944223107,0.7146871008939975,50,0,50,0,0.34,-1.7170498753741483,-0.66683239253883,SVM,,,,,,,,,,,,,0.2819402852349985,,,linear
NVDA,6,0.015,long_short,,,,,,,0.647117296222664,0.7167233201581028,0.4342629482071713,0.7240999740999741,41,1,40,0,0.3170731707317073,-1.5303410799460055,-0.603620880725654,SVM,,,,,0.5862210450787193,,,,,,,,0.01,,,poly
NVDA,7,0.0174999999999999,long_short,,,,,,,0.6322067594433399,0.7123553268190873,0.4262948207171315,0.7081977878985035,35,1,34,0,0.3428571428571428,-1.7234136727683234,-0.5882321221267619,SVM,,,,,0.0125879731672836,,,,,,,,100.0,,,poly
NVDA,8,0.0174999999999999,long_short,,,,,,,0.5815109343936382,0.6223039070374103,0.4143426294820717,0.784344422700587,31,0,31,0,0.2258064516129032,-2.124461527141745,-0.6663603400568665,SVM,,,,,0.001,,,,,,,,0.6933628118561364,,,rbf
NVDA,9,0.02,long_short,,,,,,,0.6023856858846919,0.6356146245059289,0.4143426294820717,0.4986263736263736,27,0,27,0,0.3703703703703703,-1.6723794385532114,-0.6363821037131696,SVM,,,,,0.0174516483690068,,,,,,,,0.1847393179578095,,,rbf
NVDA,10,0.0225,long_short,,,,,,,0.5725646123260437,0.6160592885375493,0.450199203187251,0.7779274079774272,25,0,25,0,0.32,-1.760841775644853,-0.6583939415032531,SVM,,,,,,,,,,,,,0.01,,,linear
NVDA,5,0.0125,long_only,,,,,,,0.5457256461232605,0.5691348069443127,0.4621513944223107,0.7161558109833972,0,0,0,50,0.0,0.0,0.0,SVM,,,,,0.002511306167739,,,,,,,,2.4400607090817545,,,rbf
NVDA,6,0.0174999999999999,long_only,,,,,,,0.5278330019880716,0.5551411290322581,0.4422310756972111,0.6465250965250964,0,0,0,41,0.0,0.0,0.0,SVM,,,,,0.0079315738309956,,,,,,,,3.4567159383355417,,,rbf
NVDA,7,0.02,long_only,,,,,,,0.5506958250497018,0.5520912547528517,0.4223107569721115,0.7596616785946648,0,0,0,35,0.0,0.0,0.0,SVM,,,,,0.0017319319334041,,,,,,,,12.800067490478447,,,rbf
NVDA,5,0.0125,long_short_confidence,0.6,,,,,,0.5457256461232605,0.5691348069443127,0.4621513944223107,0.7161558109833972,43,0,43,7,0.3953488372093023,-0.7483900774003823,-0.397060702345069,SVM,,,,,0.002511306167739,,,,,,,,2.4400607090817545,,,rbf
NVDA,6,0.0174999999999999,long_short_confidence,0.6,,,,,,0.5278330019880716,0.5551411290322581,0.4422310756972111,0.6465250965250964,0,0,0,41,0.0,0.0,0.0,SVM,,,,,0.0079315738309956,,,,,,,,3.4567159383355417,,,rbf
NVDA,7,0.02,long_short_confidence,0.6,,,,,,0.5506958250497018,0.5520912547528517,0.4223107569721115,0.7596616785946648,23,0,23,12,0.3478260869565217,-1.0568279992019525,-0.3775520669245069,SVM,,,,,0.0017319319334041,,,,,,,,12.800067490478447,,,rbf
NVDA,8,0.0225,long_only_confidence,0.6,,,,,,0.5427435387673957,0.5762439362439362,0.446215139442231,0.7617548818088385,0,0,0,31,0.0,0.0,0.0,SVM,,,,,0.0010035412945127,,,,,,,,4.132207237569143,,,rbf
NVDA,9,0.0275,long_only_confidence,0.6,,,,,,0.5318091451292246,0.5750372059149489,0.446215139442231,0.757579650565262,0,0,0,27,0.0,0.0,0.0,SVM,,,,,0.002511306167739,,,,,,,,2.4400607090817545,,,rbf
NVDA,10,0.0275,long_only_confidence,0.6,,,,,,0.5337972166998012,0.5537075701496315,0.4661354581673306,0.7668707743334608,0,0,0,25,0.0,0.0,0.0,SVM,,,,,0.0037279259033769,,,,,,,,0.6870614282613304,,,rbf
SPY,2,0.0025,long_short,,,,,,,0.5805168986083499,0.6553404584257578,0.5059760956175299,0.559047619047619,125,7,118,0,0.304,-2.675593830826927,-0.2918714763666227,SVM,,,,,0.0089102875566084,,,,,,,,100.0,,,poly
SPY,3,0.0025,long_short,,,,,,,0.5834990059642147,0.6231276094742466,0.4621513944223107,0.6092086700012824,83,1,82,0,0.3975903614457831,-2.3664357498669664,-0.2608794971289468,SVM,,,,,,,,,,,,,0.3365689091957246,,,linear
SPY,4,0.005,long_short,,,,,,,0.5934393638170974,0.644550287992911,0.5418326693227091,0.6204980842911877,62,0,62,0,0.3548387096774194,-2.4286663040557253,-0.270641304389021,SVM,,,,,,,,,,,,,0.045576716360099,,,linear
SPY,5,0.005,long_short,,,,,,,0.5785288270377733,0.630134225004743,0.4860557768924303,0.6727145403615993,50,0,50,0,0.36,-2.0321964884992276,-0.2453700359750299,SVM,,,,,,,,,,,,,0.017514525322521,,,linear
SPY,6,0.005,long_short,,,,,,,0.5854870775347912,0.6322174690030364,0.4741035856573705,0.7320561941251598,41,0,41,0,0.3170731707317073,-2.224069132219505,-0.2468265759436063,SVM,,,,,,,,,,,,,0.01,,,linear
SPY,7,0.0075,long_short,,,,,,,0.547713717693837,0.7844584229504049,0.4382470119521912,0.5651399491094148,35,1,34,0,0.3714285714285714,-2.252859895288379,-0.2177809016019889,SVM,,,,,3.6912480224819535,,,,,,,,3.531450721645706,,,poly
SPY,8,0.0075,long_short,,,,,,,0.5834990059642147,0.6213723186703216,0.4541832669322709,0.7251608751608751,31,0,31,0,0.3225806451612903,-3.058388862674446,-0.2476654094680745,SVM,,,,,,,,,,,,,0.01,,,linear
SPY,9,0.01,long_short,,,,,,,0.5914512922465208,0.6285009182736455,0.4940239043824701,0.7393515575333757,27,0,27,0,0.2592592592592592,-2.0535945747133035,-0.2226319698786127,SVM,,,,,,,,,,,,,0.010409375850045,,,linear
SPY,10,0.01,long_short,,,,,,,0.5924453280318092,0.6367923782416193,0.4701195219123506,0.7232097186700768,25,0,25,0,0.32,-1.85595190640685,-0.2262568093023376,SVM,,,,,0.001,,,,,,,,5.263438636020984,,,rbf
SPY,3,0.0025,long_only,,,,,,,0.5666003976143141,0.5866553218434019,0.450199203187251,0.5841349236885981,0,0,0,83,0.0,0.0,0.0,SVM,,,,,0.0069803151052028,,,,,,,,0.5806193017417687,,,rbf
SPY,4,0.005,long_only,,,,,,,0.6699801192842942,0.73141496297234,0.5378486055776892,0.437037037037037,8,8,0,54,0.75,1.5642357279938928,0.0526610230748088,SVM,,,,,2.752717392942944,,,,,,,,85.68869785189018,,,rbf
SPY,9,0.01,long_only,,,,,,,0.588469184890656,0.6145546372819101,0.4661354581673306,0.388779402415766,0,0,0,27,0.0,0.0,0.0,SVM,,,,,0.0243179038570122,,,,,,,,100.0,,,rbf
SPY,10,0.01,long_only,,,,,,,0.5815109343936382,0.6113931056293485,0.4581673306772908,0.7163682864450128,0,0,0,25,0.0,0.0,0.0,SVM,,,,,0.0037279259033769,,,,,,,,0.6870614282613304,,,rbf
SPY,3,0.0025,long_short_confidence,0.6,,,,,,0.5666003976143141,0.5866553218434019,0.450199203187251,0.5841349236885981,53,0,53,30,0.3962264150943396,-1.0771722373404318,-0.1175487779626391,SVM,,,,,0.0069803151052028,,,,,,,,0.5806193017417687,,,rbf
SPY,4,0.005,long_short_confidence,0.6,,,,,,0.6699801192842942,0.73141496297234,0.5378486055776892,0.437037037037037,21,5,16,41,0.4761904761904761,-1.0661086344122992,-0.063039828765917,SVM,,,,,2.752717392942944,,,,,,,,85.68869785189018,,,rbf
SPY,9,0.01,long_short_confidence,0.6,,,,,,0.588469184890656,0.6145546372819101,0.4661354581673306,0.388779402415766,27,0,27,0,0.2592592592592592,-2.0535945747133035,-0.2226319698786127,SVM,,,,,0.0243179038570122,,,,,,,,100.0,,,rbf
SPY,10,0.01,long_short_confidence,0.6,,,,,,0.5815109343936382,0.6113931056293485,0.4581673306772908,0.7163682864450128,25,0,25,0,0.32,-1.85595190640685,-0.2262568093023376,SVM,,,,,0.0037279259033769,,,,,,,,0.6870614282613304,,,rbf
SPY,3,0.0025,long_only_confidence,0.6,,,,,,0.5666003976143141,0.5866553218434019,0.450199203187251,0.5841349236885981,0,0,0,83,0.0,0.0,0.0,SVM,,,,,0.0069803151052028,,,,,,,,0.5806193017417687,,,rbf
SPY,4,0.005,long_only_confidence,0.6,,,,,,0.6699801192842942,0.73141496297234,0.5378486055776892,0.437037037037037,5,5,0,57,0.8,2.4220563445213297,0.0357156703269498,SVM,,,,,2.752717392942944,,,,,,,,85.68869785189018,,,rbf
SPY,9,0.01,long_only_confidence,0.6,,,,,,0.588469184890656,0.6145546372819101,0.4661354581673306,0.388779402415766,0,0,0,27,0.0,0.0,0.0,SVM,,,,,0.0243179038570122,,,,,,,,100.0,,,rbf
SPY,10,0.01,long_only_confidence,0.6,,,,,,0.5815109343936382,0.6113931056293485,0.4581673306772908,0.7163682864450128,0,0,0,25,0.0,0.0,0.0,SVM,,,,,0.0037279259033769,,,,,,,,0.6870614282613304,,,rbf
TSLA,2,0.0025,long_short,,,,,,,0.5715705765407555,0.6182670113198001,0.5219123505976095,0.529815638906548,125,96,29,0,0.52,0.7330706284243018,0.3070226057162746,SVM,,,,,,,,,,,,,0.5933872789258281,,,linear
TSLA,3,0.005,long_short,,,,,,,0.5725646123260437,0.6217936301502531,0.5258964143426295,0.5500636132315522,83,69,14,0,0.6144578313253012,1.7169082746545483,1.354636592081249,SVM,,,,,0.001,,,,,,,,1.4508798489727976,,,rbf
TSLA,4,0.005,long_short,,,,,,,0.5964214711729622,0.6455352942804172,0.5617529880478087,0.5804128966484006,62,50,12,0,0.5645161290322581,1.7508077111867228,1.5378164305770752,SVM,,,,,,,,,,,,,0.0124798425489686,,,linear
TSLA,5,0.01,long_short,,,,,,,0.621272365805169,0.6619592498171973,0.5657370517928287,0.6038952745849298,50,41,9,0,0.52,1.6125680568343477,1.2411503349254596,SVM,,,,,0.001,,,,,,,,1.252815435477494,,,rbf
TSLA,6,0.01,long_short,,,,,,,0.617296222664016,0.6781063124236687,0.5657370517928287,0.5862212276214834,41,23,18,0,0.6341463414634146,2.0373874014851183,1.819326096069965,SVM,,,,,0.001,,,,,,,,1.1853406358124856,,,rbf
TSLA,7,0.0125,long_short,,,,,,,0.621272365805169,0.686401185770751,0.5617529880478087,0.5831417624521072,35,24,11,0,0.6,2.3320534551024585,2.8392071677379587,SVM,,,,,0.001,,,,,,,,1.1224924656206217,,,rbf
TSLA,8,0.0174999999999999,long_short,,,,,,,0.6351888667992047,0.6980375881899568,0.5378486055776892,0.5555131143366437,31,22,9,0,0.5806451612903226,2.0340144667358517,1.9249651361978892,SVM,,,,,,,,,,,,,0.01,,,linear
TSLA,9,0.0225,long_short,,,,,,,0.6282306163021869,0.6952544141537513,0.5258964143426295,0.5632672634271101,27,19,8,0,0.7777777777777778,3.077772007778014,3.980085827539772,SVM,,,,,,,,,,,,,0.0123500493873738,,,linear
TSLA,10,0.0225,long_short,,,,,,,0.6153081510934394,0.6971181020818757,0.5617529880478087,0.5685930929017459,25,10,15,0,0.6,1.6761891122251789,1.3576739330295895,SVM,,,,,0.001,,,,,,,,1.5097913524096134,,,rbf
TSLA,9,0.02,long_only,,,,,,,0.595427435387674,0.6649545884092697,0.50199203187251,0.5126800050974896,16,16,0,11,0.75,2.0517650262977387,1.493038339108967,SVM,,,,,,,,,,,,,0.0958287521666214,,,linear
TSLA,10,0.02,long_only,,,,,,,0.6023856858846919,0.6813849699375032,0.5099601593625498,0.5085505403687222,9,9,0,16,0.6666666666666666,2.019645392474529,0.8527715208044799,SVM,,,,,,,,,,,,,0.01,,,linear
TSLA,9,0.02,long_short_confidence,0.6,,,,,,0.595427435387674,0.6649545884092697,0.50199203187251,0.5126800050974896,0,0,0,27,0.0,0.0,0.0,SVM,,,,,,,,,,,,,0.0958287521666214,,,linear
TSLA,10,0.02,long_short_confidence,0.6,,,,,,0.6023856858846919,0.6813849699375032,0.5099601593625498,0.5085505403687222,0,0,0,25,0.0,0.0,0.0,SVM,,,,,,,,,,,,,0.01,,,linear
TSLA,9,0.02,long_only_confidence,0.6,,,,,,0.595427435387674,0.6649545884092697,0.50199203187251,0.5126800050974896,0,0,0,27,0.0,0.0,0.0,SVM,,,,,,,,,,,,,0.0958287521666214,,,linear
TSLA,10,0.02,long_only_confidence,0.6,,,,,,0.6023856858846919,0.6813849699375032,0.5099601593625498,0.5085505403687222,0,0,0,25,0.0,0.0,0.0,SVM,,,,,,,,,,,,,0.01,,,linear
