Date,Close,Weighted Sentiment Score,Combi 1: Overbought/ Overbought + SMA Crossover (8 & 12),Combi 1 Days,Combi 2: Crossover (Price & EMA 20) + EMA Crossover (12 &20),Combi 2 Days,Combi 3: Crossover (Price & EMA 12) + EMA Crossover (12 &20),Combi 3 Days,Combi 4: Crossover (Price & EMA 12) + Crossover (Price & EMA 50),Combi 4 Days,Combi 5: Crossover (Price & EMA 20) + SMA Crossover (8 & 12),Combi 5 Days,Combi 6: Crossover (Price & EMA 12) + Crossover (Price & EMA 20),Combi 6 Days,Combi 7: Crossover (Price & EMA 12) + MACD Crossover,Combi 7 Days,Combi 8: Crossover (Price & EMA 12) + SMA Crossover (8 & 12),Combi 8 Days,Combi 9: Crossover (Price & EMA 12) + SMA Crossover (12 & 20),Combi 9 Days,Combi 10: Crossover (Price & EMA 20) + MACD Crossover,Combi 10 Days
2/1/2020,72.53852081,0.7165621460535,Hold,5.0,Hold,6.0,Hold,6.0,Hold,8.0,Hold,6.0,Hold,8.0,Hold,10.0,Hold,4.0,Hold,4.0,Hold,6.0
3/1/2020,71.83327484,0.6605844724909637,Hold,5.0,Hold,6.0,Hold,6.0,Hold,8.0,Hold,6.0,Hold,8.0,Hold,10.0,Hold,4.0,Hold,4.0,Hold,6.0
6/1/2020,72.40569305,0.6684746785782241,Hold,5.0,Hold,6.0,Hold,6.0,Hold,8.0,Hold,6.0,Hold,8.0,Hold,10.0,Hold,4.0,Hold,4.0,Hold,6.0
7/1/2020,72.06516266,0.7050163365941324,Hold,5.0,Hold,6.0,Hold,6.0,Hold,8.0,Hold,6.0,Hold,8.0,Hold,10.0,Hold,4.0,Hold,4.0,Hold,6.0
8/1/2020,73.22441101,0.6777336021302229,Hold,5.0,Hold,6.0,Hold,6.0,Hold,8.0,Hold,6.0,Hold,8.0,Hold,10.0,Hold,4.0,Hold,4.0,Hold,6.0
9/1/2020,74.77976227,0.6643362910542918,Hold,5.0,Hold,6.0,Hold,6.0,Hold,8.0,Hold,6.0,Hold,8.0,Hold,10.0,Hold,4.0,Hold,4.0,Hold,6.0
10/1/2020,74.94879913,0.6474158372193258,Hold,5.0,Hold,6.0,Hold,6.0,Hold,8.0,Hold,6.0,Hold,8.0,Hold,10.0,Hold,4.0,Hold,4.0,Hold,6.0
13/1/2020,76.55004883,0.7032833702647084,Hold,5.0,Hold,6.0,Hold,6.0,Hold,8.0,Hold,6.0,Hold,8.0,Hold,10.0,Hold,4.0,Hold,4.0,Hold,6.0
14/1/2020,75.51636505,0.6764775316346776,Hold,5.0,Hold,6.0,Hold,6.0,Hold,8.0,Hold,6.0,Hold,8.0,Hold,10.0,Hold,4.0,Hold,4.0,Hold,6.0
15/1/2020,75.19274902,0.7058176346254201,Hold,5.0,Hold,6.0,Hold,6.0,Hold,8.0,Hold,6.0,Hold,8.0,Hold,10.0,Hold,4.0,Hold,4.0,Hold,6.0
16/1/2020,76.13463593,0.6819211070334382,Hold,5.0,Hold,6.0,Hold,6.0,Hold,8.0,Hold,6.0,Hold,8.0,Hold,10.0,Hold,4.0,Hold,4.0,Hold,6.0
17/1/2020,76.97753143,0.7068017782675591,Hold,5.0,Hold,6.0,Hold,6.0,Hold,8.0,Hold,6.0,Hold,8.0,Hold,10.0,Hold,4.0,Hold,4.0,Hold,6.0
21/1/2020,76.45587158,0.6908635175140353,Hold,5.0,Hold,6.0,Hold,6.0,Hold,8.0,Hold,6.0,Hold,8.0,Hold,10.0,Hold,4.0,Hold,4.0,Hold,6.0
22/1/2020,76.72878265,0.7092855745068353,Hold,5.0,Hold,6.0,Hold,6.0,Hold,8.0,Hold,6.0,Hold,8.0,Hold,10.0,Hold,4.0,Hold,4.0,Hold,6.0
23/1/2020,77.09830475,0.6990537689032404,Hold,5.0,Hold,6.0,Hold,6.0,Hold,8.0,Hold,6.0,Hold,8.0,Hold,10.0,Hold,4.0,Hold,4.0,Hold,6.0
24/1/2020,76.87608337,0.6550682934771894,Sell,5.0,Hold,6.0,Hold,6.0,Hold,8.0,Hold,6.0,Hold,8.0,Hold,10.0,Hold,4.0,Hold,4.0,Hold,6.0
27/1/2020,74.61551666,0.592825922665728,Hold,5.0,Hold,6.0,Hold,6.0,Hold,8.0,Hold,6.0,Hold,8.0,Sell,10.0,Hold,4.0,Hold,4.0,Sell,6.0
28/1/2020,76.72634888,0.6242543706829389,Hold,5.0,Hold,6.0,Hold,6.0,Hold,8.0,Hold,6.0,Sell,8.0,Hold,10.0,Sell,4.0,Hold,4.0,Hold,6.0
29/1/2020,78.33240509,0.6169327208851372,Hold,5.0,Hold,6.0,Hold,6.0,Hold,8.0,Hold,6.0,Buy,8.0,Hold,10.0,Buy,4.0,Hold,4.0,Hold,6.0
30/1/2020,78.21890259,0.6030537446950631,Hold,5.0,Hold,6.0,Hold,6.0,Hold,8.0,Hold,6.0,Hold,8.0,Hold,10.0,Hold,4.0,Hold,4.0,Hold,6.0
31/1/2020,74.75076294,0.6352059420326577,Hold,5.0,Hold,6.0,Hold,6.0,Hold,8.0,Hold,6.0,Hold,8.0,Hold,10.0,Hold,4.0,Hold,4.0,Hold,6.0
3/2/2020,74.54547882,0.4696855534523809,Hold,5.0,Hold,6.0,Hold,6.0,Hold,8.0,Sell,6.0,Sell,8.0,Hold,10.0,Sell,4.0,Hold,4.0,Hold,6.0
4/2/2020,77.00652313,0.719501325319149,Hold,5.0,Hold,6.0,Hold,6.0,Hold,8.0,Hold,6.0,Hold,8.0,Hold,10.0,Hold,4.0,Hold,4.0,Hold,6.0
5/2/2020,77.63445282,0.9695271448333332,Hold,5.0,Hold,6.0,Hold,6.0,Hold,8.0,Buy,6.0,Buy,8.0,Hold,10.0,Buy,4.0,Hold,4.0,Hold,6.0
6/2/2020,78.54251862,0.9174518604285716,Hold,5.0,Hold,6.0,Hold,6.0,Hold,8.0,Hold,6.0,Hold,8.0,Hold,10.0,Hold,4.0,Hold,4.0,Hold,6.0
7/2/2020,77.47492981,0.7858585552039181,Hold,5.0,Hold,6.0,Hold,6.0,Hold,8.0,Hold,6.0,Hold,8.0,Hold,10.0,Hold,4.0,Hold,4.0,Hold,6.0
10/2/2020,77.8429184,0.4466134811043269,Hold,5.0,Hold,6.0,Hold,6.0,Hold,8.0,Hold,6.0,Hold,8.0,Hold,10.0,Hold,4.0,Hold,4.0,Hold,6.0
11/2/2020,77.37324524,0.8117743920547946,Hold,5.0,Hold,6.0,Hold,6.0,Hold,8.0,Hold,6.0,Hold,8.0,Hold,10.0,Hold,4.0,Hold,4.0,Hold,6.0
12/2/2020,79.21069336,0.734242614724359,Hold,5.0,Hold,6.0,Hold,6.0,Hold,8.0,Sell,6.0,Hold,8.0,Hold,10.0,Sell,4.0,Hold,4.0,Hold,6.0
13/2/2020,78.64661407,0.9883713720588236,Buy,5.0,Hold,6.0,Hold,6.0,Hold,8.0,Hold,6.0,Hold,8.0,Hold,10.0,Buy,4.0,Hold,4.0,Hold,6.0
14/2/2020,78.666008,0.7148940043137256,Hold,5.0,Hold,6.0,Hold,6.0,Hold,8.0,Hold,6.0,Hold,8.0,Hold,10.0,Hold,4.0,Hold,4.0,Hold,6.0
18/2/2020,77.2256012,0.0599712407253885,Hold,5.0,Hold,6.0,Hold,6.0,Hold,8.0,Hold,6.0,Hold,8.0,Hold,10.0,Hold,4.0,Hold,4.0,Hold,6.0
19/2/2020,78.34401703,0.534721758184856,Hold,5.0,Hold,6.0,Sell,6.0,Sell,8.0,Hold,6.0,Sell,8.0,Hold,10.0,Sell,4.0,Sell,4.0,Hold,6.0
20/2/2020,77.54029846,0.5307227662272728,Hold,5.0,Hold,6.0,Hold,6.0,Hold,8.0,Hold,6.0,Hold,8.0,Hold,10.0,Hold,4.0,Hold,4.0,Hold,6.0
21/2/2020,75.78514862,0.681540464872772,Hold,5.0,Hold,6.0,Sell,6.0,Sell,8.0,Hold,6.0,Sell,8.0,Hold,10.0,Sell,4.0,Sell,4.0,Hold,6.0
24/2/2020,72.18532562,0.6354431816904614,Hold,5.0,Sell,6.0,Hold,6.0,Hold,8.0,Sell,6.0,Hold,8.0,Hold,10.0,Hold,4.0,Hold,4.0,Hold,6.0
25/2/2020,69.74027252,0.6278441272797974,Hold,5.0,Hold,6.0,Hold,6.0,Hold,8.0,Hold,6.0,Hold,8.0,Hold,10.0,Hold,4.0,Hold,4.0,Hold,6.0
26/2/2020,70.84661102,0.6082423522664094,Hold,5.0,Sell,6.0,Sell,6.0,Hold,8.0,Hold,6.0,Hold,8.0,Hold,10.0,Hold,4.0,Sell,4.0,Hold,6.0
27/2/2020,66.21549225,0.6146370557017049,Hold,5.0,Hold,6.0,Hold,6.0,Hold,8.0,Hold,6.0,Hold,8.0,Hold,10.0,Hold,4.0,Hold,4.0,Hold,6.0
28/2/2020,66.17675018,0.6300409337345177,Hold,5.0,Hold,6.0,Hold,6.0,Hold,8.0,Hold,6.0,Hold,8.0,Hold,10.0,Hold,4.0,Hold,4.0,Hold,6.0
2/3/2020,72.33784485,0.638666863529109,Hold,5.0,Hold,6.0,Hold,6.0,Hold,8.0,Hold,6.0,Hold,8.0,Hold,10.0,Hold,4.0,Hold,4.0,Hold,6.0
3/3/2020,70.04046631,0.6619465693923289,Hold,5.0,Hold,6.0,Hold,6.0,Hold,8.0,Hold,6.0,Hold,8.0,Hold,10.0,Hold,4.0,Hold,4.0,Hold,6.0
4/3/2020,73.28923798,0.6522935129440683,Hold,5.0,Hold,6.0,Hold,6.0,Hold,8.0,Hold,6.0,Hold,8.0,Hold,10.0,Hold,4.0,Hold,4.0,Hold,6.0
5/3/2020,70.9119873,0.6430695624772939,Hold,5.0,Hold,6.0,Hold,6.0,Buy,8.0,Buy,6.0,Buy,8.0,Hold,10.0,Buy,4.0,Hold,4.0,Hold,6.0
6/3/2020,69.97024536,0.6348177465112148,Hold,5.0,Hold,6.0,Hold,6.0,Sell,8.0,Sell,6.0,Sell,8.0,Hold,10.0,Sell,4.0,Hold,4.0,Hold,6.0
9/3/2020,64.43616486,0.6232960776095053,Hold,5.0,Hold,6.0,Hold,6.0,Hold,8.0,Hold,6.0,Hold,8.0,Hold,10.0,Hold,4.0,Hold,4.0,Hold,6.0
10/3/2020,69.07692719,0.6750482898063705,Hold,5.0,Hold,6.0,Hold,6.0,Hold,8.0,Hold,6.0,Hold,8.0,Hold,10.0,Hold,4.0,Hold,4.0,Hold,6.0
11/3/2020,66.67786407,0.6298918206770268,Hold,5.0,Hold,6.0,Hold,6.0,Hold,8.0,Hold,6.0,Hold,8.0,Hold,10.0,Hold,4.0,Hold,4.0,Hold,6.0
12/3/2020,60.09311676,0.6387718197379838,Hold,5.0,Hold,6.0,Hold,6.0,Hold,8.0,Hold,6.0,Hold,8.0,Hold,10.0,Hold,4.0,Hold,4.0,Hold,6.0
13/3/2020,67.29277802,0.6420357750374015,Hold,5.0,Hold,6.0,Hold,6.0,Hold,8.0,Hold,6.0,Hold,8.0,Hold,10.0,Hold,4.0,Hold,4.0,Hold,6.0
16/3/2020,58.63576508,0.6655978922879081,Hold,5.0,Hold,6.0,Hold,6.0,Hold,8.0,Hold,6.0,Hold,8.0,Hold,10.0,Hold,4.0,Hold,4.0,Hold,6.0
17/3/2020,61.21397781,0.6620951837496261,Hold,5.0,Hold,6.0,Hold,6.0,Hold,8.0,Hold,6.0,Hold,8.0,Hold,10.0,Hold,4.0,Hold,4.0,Hold,6.0
18/3/2020,59.71546936,0.6925481100245096,Hold,5.0,Hold,6.0,Hold,6.0,Hold,8.0,Hold,6.0,Hold,8.0,Hold,10.0,Hold,4.0,Hold,4.0,Hold,6.0
19/3/2020,59.25792313,0.6317706938247867,Hold,5.0,Hold,6.0,Hold,6.0,Hold,8.0,Hold,6.0,Hold,8.0,Hold,10.0,Hold,4.0,Hold,4.0,Hold,6.0
20/3/2020,55.49590302,0.6256453446805597,Hold,5.0,Hold,6.0,Hold,6.0,Hold,8.0,Hold,6.0,Hold,8.0,Hold,10.0,Hold,4.0,Hold,4.0,Hold,6.0
23/3/2020,54.31693268,0.6662584842577464,Hold,5.0,Hold,6.0,Hold,6.0,Hold,8.0,Hold,6.0,Hold,8.0,Hold,10.0,Hold,4.0,Hold,4.0,Hold,6.0
24/3/2020,59.76631165,0.6658864087886485,Hold,5.0,Hold,6.0,Hold,6.0,Hold,8.0,Hold,6.0,Hold,8.0,Hold,10.0,Hold,4.0,Hold,4.0,Hold,6.0
25/3/2020,59.43706512,0.6522778737285745,Hold,5.0,Hold,6.0,Hold,6.0,Hold,8.0,Hold,6.0,Hold,8.0,Hold,10.0,Hold,4.0,Hold,4.0,Hold,6.0
26/3/2020,62.56482315,0.6819170565763316,Hold,5.0,Hold,6.0,Hold,6.0,Hold,8.0,Hold,6.0,Hold,8.0,Hold,10.0,Hold,4.0,Hold,4.0,Hold,6.0
27/3/2020,59.97450638,0.6419630033586267,Hold,5.0,Hold,6.0,Hold,6.0,Hold,8.0,Hold,6.0,Buy,8.0,Buy,10.0,Buy,4.0,Hold,4.0,Buy,6.0
30/3/2020,61.68604279,0.6330079052956159,Hold,5.0,Hold,6.0,Hold,6.0,Hold,8.0,Hold,6.0,Hold,8.0,Hold,10.0,Hold,4.0,Hold,4.0,Hold,6.0
31/3/2020,61.56016541,0.6466104152710471,Hold,5.0,Hold,6.0,Hold,6.0,Hold,8.0,Hold,6.0,Buy,8.0,Hold,10.0,Buy,4.0,Buy,4.0,Hold,6.0
1/4/2020,58.32104874,0.6356429488520433,Hold,5.0,Hold,6.0,Hold,6.0,Hold,8.0,Hold,6.0,Hold,8.0,Hold,10.0,Hold,4.0,Hold,4.0,Hold,6.0
2/4/2020,59.2942276,0.6490906072658015,Hold,5.0,Hold,6.0,Hold,6.0,Hold,8.0,Buy,6.0,Hold,8.0,Hold,10.0,Hold,4.0,Hold,4.0,Hold,6.0
3/4/2020,58.4420929,0.7075564778611498,Hold,5.0,Hold,6.0,Hold,6.0,Hold,8.0,Hold,6.0,Hold,8.0,Hold,10.0,Hold,4.0,Hold,4.0,Hold,6.0
6/4/2020,63.54042816,0.6716746399466207,Hold,5.0,Hold,6.0,Hold,6.0,Hold,8.0,Hold,6.0,Hold,8.0,Hold,10.0,Hold,4.0,Hold,4.0,Hold,6.0
7/4/2020,62.80448151,0.6570200712798987,Hold,5.0,Buy,6.0,Buy,6.0,Buy,8.0,Hold,6.0,Buy,8.0,Hold,10.0,Hold,4.0,Buy,4.0,Hold,6.0
8/4/2020,64.41194916,0.6079140535456857,Hold,5.0,Hold,6.0,Hold,6.0,Hold,8.0,Hold,6.0,Hold,8.0,Hold,10.0,Hold,4.0,Hold,4.0,Hold,6.0
9/4/2020,64.8767395,0.6283774937233868,Hold,5.0,Hold,6.0,Hold,6.0,Hold,8.0,Hold,6.0,Hold,8.0,Hold,10.0,Hold,4.0,Hold,4.0,Hold,6.0
13/4/2020,66.15013123,0.6427426715963588,Hold,5.0,Hold,6.0,Hold,6.0,Hold,8.0,Hold,6.0,Hold,8.0,Hold,10.0,Hold,4.0,Hold,4.0,Hold,6.0
14/4/2020,69.49090576,0.6603188233404929,Hold,5.0,Hold,6.0,Hold,6.0,Buy,8.0,Hold,6.0,Hold,8.0,Hold,10.0,Hold,4.0,Hold,4.0,Hold,6.0
15/4/2020,68.85664368,0.6604886273404581,Hold,5.0,Buy,6.0,Buy,6.0,Hold,8.0,Hold,6.0,Hold,8.0,Hold,10.0,Hold,4.0,Hold,4.0,Hold,6.0
16/4/2020,69.40376282,0.6440753668108641,Hold,5.0,Hold,6.0,Hold,6.0,Hold,8.0,Hold,6.0,Hold,8.0,Hold,10.0,Hold,4.0,Hold,4.0,Hold,6.0
17/4/2020,68.46205139,0.6040555107626794,Hold,5.0,Hold,6.0,Hold,6.0,Hold,8.0,Hold,6.0,Hold,8.0,Hold,10.0,Hold,4.0,Hold,4.0,Hold,6.0
20/4/2020,67.041008,0.6490452747497045,Hold,5.0,Hold,6.0,Hold,6.0,Hold,8.0,Hold,6.0,Hold,8.0,Hold,10.0,Hold,4.0,Hold,4.0,Hold,6.0
21/4/2020,64.96872711,0.6281014742422246,Hold,5.0,Hold,6.0,Hold,6.0,Hold,8.0,Hold,6.0,Hold,8.0,Hold,10.0,Hold,4.0,Hold,4.0,Hold,6.0
22/4/2020,66.840065,0.6291330371347637,Hold,5.0,Hold,6.0,Hold,6.0,Sell,8.0,Sell,6.0,Sell,8.0,Hold,10.0,Sell,4.0,Hold,4.0,Hold,6.0
23/4/2020,66.5810318,0.654462229444549,Hold,5.0,Hold,6.0,Hold,6.0,Buy,8.0,Buy,6.0,Buy,8.0,Hold,10.0,Buy,4.0,Hold,4.0,Hold,6.0
24/4/2020,68.50320435,0.6483775590573259,Sell,5.0,Hold,6.0,Hold,6.0,Hold,8.0,Hold,6.0,Hold,8.0,Hold,10.0,Hold,4.0,Hold,4.0,Hold,6.0
27/4/2020,68.55162811,0.5708876822736421,Hold,5.0,Hold,6.0,Hold,6.0,Hold,8.0,Hold,6.0,Hold,8.0,Hold,10.0,Hold,4.0,Hold,4.0,Hold,6.0
28/4/2020,67.44043732,0.6345939890038347,Hold,5.0,Hold,6.0,Hold,6.0,Hold,8.0,Hold,6.0,Hold,8.0,Hold,10.0,Hold,4.0,Hold,4.0,Hold,6.0
29/4/2020,69.6555481,0.6133259203118705,Sell,5.0,Hold,6.0,Hold,6.0,Hold,8.0,Hold,6.0,Hold,8.0,Hold,10.0,Hold,4.0,Hold,4.0,Hold,6.0
30/4/2020,71.12499237,0.5629011554066427,Hold,5.0,Hold,6.0,Hold,6.0,Hold,8.0,Hold,6.0,Hold,8.0,Hold,10.0,Hold,4.0,Hold,4.0,Hold,6.0
1/5/2020,69.97991943,0.6244468586370177,Hold,5.0,Hold,6.0,Hold,6.0,Hold,8.0,Hold,6.0,Hold,8.0,Hold,10.0,Hold,4.0,Hold,4.0,Hold,6.0
4/5/2020,70.97006226,0.6750451021533653,Hold,5.0,Hold,6.0,Hold,6.0,Hold,8.0,Hold,6.0,Hold,8.0,Hold,10.0,Hold,4.0,Hold,4.0,Hold,6.0
5/5/2020,72.03525543,0.675938071057607,Hold,5.0,Hold,6.0,Hold,6.0,Hold,8.0,Hold,6.0,Hold,8.0,Hold,10.0,Hold,4.0,Hold,4.0,Hold,6.0
6/5/2020,72.77846527,0.6604482212579511,Hold,5.0,Hold,6.0,Hold,6.0,Hold,8.0,Hold,6.0,Hold,8.0,Hold,10.0,Hold,4.0,Hold,4.0,Hold,6.0
7/5/2020,73.53131866,0.6691561372173898,Hold,5.0,Hold,6.0,Hold,6.0,Hold,8.0,Hold,6.0,Hold,8.0,Hold,10.0,Hold,4.0,Hold,4.0,Hold,6.0
8/5/2020,75.28150177,0.6877247609356023,Hold,5.0,Hold,6.0,Hold,6.0,Hold,8.0,Hold,6.0,Hold,8.0,Hold,10.0,Hold,4.0,Hold,4.0,Hold,6.0
11/5/2020,76.46608734,0.6683835391876162,Hold,5.0,Hold,6.0,Hold,6.0,Hold,8.0,Hold,6.0,Hold,8.0,Hold,10.0,Hold,4.0,Hold,4.0,Hold,6.0
12/5/2020,75.59222412,0.6845287057011575,Hold,5.0,Hold,6.0,Hold,6.0,Hold,8.0,Hold,6.0,Hold,8.0,Hold,10.0,Hold,4.0,Hold,4.0,Hold,6.0
13/5/2020,74.67950439,0.6755099147817706,Hold,5.0,Hold,6.0,Hold,6.0,Hold,8.0,Hold,6.0,Hold,8.0,Hold,10.0,Hold,4.0,Hold,4.0,Hold,6.0
14/5/2020,75.13829803,0.7096968247592411,Hold,5.0,Hold,6.0,Hold,6.0,Hold,8.0,Hold,6.0,Hold,8.0,Hold,10.0,Hold,4.0,Hold,4.0,Hold,6.0
15/5/2020,74.69408417,0.6903427122752364,Hold,5.0,Hold,6.0,Hold,6.0,Hold,8.0,Hold,6.0,Hold,8.0,Hold,10.0,Hold,4.0,Hold,4.0,Hold,6.0
18/5/2020,76.45394897,0.7163713606043361,Hold,5.0,Hold,6.0,Hold,6.0,Hold,8.0,Hold,6.0,Hold,8.0,Hold,10.0,Hold,4.0,Hold,4.0,Hold,6.0
19/5/2020,76.01217651,0.7066666920708896,Hold,5.0,Hold,6.0,Hold,6.0,Hold,8.0,Hold,6.0,Hold,8.0,Hold,10.0,Hold,4.0,Hold,4.0,Hold,6.0
20/5/2020,77.49047852,0.7182154213426128,Hold,5.0,Hold,6.0,Hold,6.0,Hold,8.0,Hold,6.0,Hold,8.0,Hold,10.0,Hold,4.0,Hold,4.0,Hold,6.0
21/5/2020,76.91271973,0.7119475236286494,Hold,5.0,Hold,6.0,Hold,6.0,Hold,8.0,Hold,6.0,Hold,8.0,Hold,10.0,Hold,4.0,Hold,4.0,Hold,6.0
22/5/2020,77.40792847,0.6550709022039456,Hold,5.0,Hold,6.0,Hold,6.0,Hold,8.0,Hold,6.0,Hold,8.0,Hold,10.0,Hold,4.0,Hold,4.0,Hold,6.0
26/5/2020,76.88361359,0.7165806374796014,Hold,5.0,Hold,6.0,Hold,6.0,Hold,8.0,Hold,6.0,Hold,8.0,Hold,10.0,Hold,4.0,Hold,4.0,Hold,6.0
27/5/2020,77.21858215,0.7080192653168995,Hold,5.0,Hold,6.0,Hold,6.0,Hold,8.0,Hold,6.0,Hold,8.0,Hold,10.0,Hold,4.0,Hold,4.0,Hold,6.0
28/5/2020,77.25258636,0.7049910541093691,Hold,5.0,Hold,6.0,Hold,6.0,Hold,8.0,Hold,6.0,Hold,8.0,Hold,10.0,Hold,4.0,Hold,4.0,Hold,6.0
29/5/2020,77.17732239,0.6790835133544825,Hold,5.0,Hold,6.0,Hold,6.0,Hold,8.0,Hold,6.0,Hold,8.0,Hold,10.0,Hold,4.0,Hold,4.0,Hold,6.0
1/6/2020,78.12644958,0.6459284371328369,Hold,5.0,Hold,6.0,Hold,6.0,Hold,8.0,Hold,6.0,Hold,8.0,Hold,10.0,Hold,4.0,Hold,4.0,Hold,6.0
2/6/2020,78.48812103,0.6779369480154275,Hold,5.0,Hold,6.0,Hold,6.0,Hold,8.0,Hold,6.0,Hold,8.0,Hold,10.0,Hold,4.0,Hold,4.0,Hold,6.0
3/6/2020,78.92021942,0.6561752077728484,Hold,5.0,Hold,6.0,Hold,6.0,Hold,8.0,Hold,6.0,Hold,8.0,Hold,10.0,Hold,4.0,Hold,4.0,Hold,6.0
4/6/2020,78.24054718,0.6831698130290117,Hold,5.0,Hold,6.0,Hold,6.0,Hold,8.0,Hold,6.0,Hold,8.0,Hold,10.0,Hold,4.0,Hold,4.0,Hold,6.0
5/6/2020,80.46890259,0.6719037650166159,Hold,5.0,Hold,6.0,Hold,6.0,Hold,8.0,Hold,6.0,Hold,8.0,Hold,10.0,Hold,4.0,Hold,4.0,Hold,6.0
8/6/2020,80.94467926,0.7123071033442534,Hold,5.0,Hold,6.0,Hold,6.0,Hold,8.0,Hold,6.0,Hold,8.0,Hold,10.0,Hold,4.0,Hold,4.0,Hold,6.0
9/6/2020,83.50073242,0.7170616415429396,Hold,5.0,Hold,6.0,Hold,6.0,Hold,8.0,Hold,6.0,Hold,8.0,Hold,10.0,Hold,4.0,Hold,4.0,Hold,6.0
10/6/2020,85.64900208,0.7123085281432577,Hold,5.0,Hold,6.0,Hold,6.0,Hold,8.0,Hold,6.0,Hold,8.0,Hold,10.0,Hold,4.0,Hold,4.0,Hold,6.0
11/6/2020,81.53694153,0.6561720161286324,Hold,5.0,Hold,6.0,Hold,6.0,Hold,8.0,Hold,6.0,Hold,8.0,Hold,10.0,Hold,4.0,Hold,4.0,Hold,6.0
12/6/2020,82.24089813,0.6833264683928998,Hold,5.0,Hold,6.0,Hold,6.0,Hold,8.0,Hold,6.0,Hold,8.0,Hold,10.0,Hold,4.0,Hold,4.0,Hold,6.0
15/6/2020,83.25800323,0.7405426714251093,Hold,5.0,Hold,6.0,Hold,6.0,Hold,8.0,Hold,6.0,Hold,8.0,Hold,10.0,Hold,4.0,Hold,4.0,Hold,6.0
16/6/2020,85.46450043,0.7190376959897535,Hold,5.0,Hold,6.0,Hold,6.0,Hold,8.0,Hold,6.0,Hold,8.0,Hold,10.0,Hold,4.0,Hold,4.0,Hold,6.0
17/6/2020,85.3455658,0.6830036850044264,Hold,5.0,Hold,6.0,Hold,6.0,Hold,8.0,Hold,6.0,Hold,8.0,Hold,10.0,Hold,4.0,Hold,4.0,Hold,6.0
18/6/2020,85.37956238,0.6943590829171575,Hold,5.0,Hold,6.0,Hold,6.0,Hold,8.0,Hold,6.0,Hold,8.0,Hold,10.0,Hold,4.0,Hold,4.0,Hold,6.0
19/6/2020,84.89164734,0.6950472513745969,Hold,5.0,Hold,6.0,Hold,6.0,Hold,8.0,Hold,6.0,Hold,8.0,Hold,10.0,Hold,4.0,Hold,4.0,Hold,6.0
22/6/2020,87.1127243,0.7296865813545169,Hold,5.0,Hold,6.0,Hold,6.0,Hold,8.0,Hold,6.0,Hold,8.0,Hold,10.0,Hold,4.0,Hold,4.0,Hold,6.0
23/6/2020,88.97214508,0.7034659575698843,Hold,5.0,Hold,6.0,Hold,6.0,Hold,8.0,Hold,6.0,Hold,8.0,Hold,10.0,Hold,4.0,Hold,4.0,Hold,6.0
24/6/2020,87.4016037,0.6716314305572331,Hold,5.0,Hold,6.0,Hold,6.0,Hold,8.0,Hold,6.0,Hold,8.0,Hold,10.0,Hold,4.0,Hold,4.0,Hold,6.0
25/6/2020,88.56191254,0.7058247348913723,Hold,5.0,Hold,6.0,Hold,6.0,Hold,8.0,Hold,6.0,Hold,8.0,Hold,10.0,Hold,4.0,Hold,4.0,Hold,6.0
26/6/2020,85.84078217,0.6641339420356112,Hold,5.0,Hold,6.0,Hold,6.0,Hold,8.0,Hold,6.0,Hold,8.0,Hold,10.0,Hold,4.0,Hold,4.0,Hold,6.0
29/6/2020,87.81912994,0.6778914821820902,Hold,5.0,Hold,6.0,Hold,6.0,Hold,8.0,Hold,6.0,Hold,8.0,Hold,10.0,Hold,4.0,Hold,4.0,Hold,6.0
30/6/2020,88.55219269,0.6413905701405459,Hold,5.0,Hold,6.0,Hold,6.0,Hold,8.0,Hold,6.0,Hold,8.0,Hold,10.0,Hold,4.0,Hold,4.0,Hold,6.0
1/7/2020,88.38470459,0.6771532102211902,Hold,5.0,Hold,6.0,Hold,6.0,Hold,8.0,Hold,6.0,Hold,8.0,Hold,10.0,Hold,4.0,Hold,4.0,Hold,6.0
2/7/2020,88.38470459,0.7198249733702436,Hold,5.0,Hold,6.0,Hold,6.0,Hold,8.0,Hold,6.0,Hold,8.0,Hold,10.0,Hold,4.0,Hold,4.0,Hold,6.0
6/7/2020,90.74900818,0.6869872928024984,Hold,5.0,Hold,6.0,Hold,6.0,Hold,8.0,Hold,6.0,Hold,8.0,Hold,10.0,Hold,4.0,Hold,4.0,Hold,6.0
7/7/2020,90.46743011,0.706240073304264,Hold,5.0,Hold,6.0,Hold,6.0,Hold,8.0,Hold,6.0,Hold,8.0,Hold,10.0,Hold,4.0,Hold,4.0,Hold,6.0
8/7/2020,92.57442474,0.7024690705938955,Hold,5.0,Hold,6.0,Hold,6.0,Hold,8.0,Hold,6.0,Hold,8.0,Hold,10.0,Hold,4.0,Hold,4.0,Hold,6.0
9/7/2020,92.97251892,0.6852297447303807,Hold,5.0,Hold,6.0,Hold,6.0,Hold,8.0,Hold,6.0,Hold,8.0,Hold,10.0,Hold,4.0,Hold,4.0,Hold,6.0
10/7/2020,93.13516235,0.7217485127067553,Hold,5.0,Hold,6.0,Hold,6.0,Hold,8.0,Hold,6.0,Hold,8.0,Hold,10.0,Hold,4.0,Hold,4.0,Hold,6.0
13/7/2020,92.70550537,0.727828513146534,Hold,5.0,Hold,6.0,Hold,6.0,Hold,8.0,Hold,6.0,Hold,8.0,Hold,10.0,Hold,4.0,Hold,4.0,Hold,6.0
14/7/2020,94.23964691,0.7032690896466623,Hold,5.0,Hold,6.0,Hold,6.0,Hold,8.0,Hold,6.0,Hold,8.0,Hold,10.0,Hold,4.0,Hold,4.0,Hold,6.0
15/7/2020,94.88776398,0.7153865326002811,Hold,5.0,Hold,6.0,Hold,6.0,Hold,8.0,Hold,6.0,Hold,8.0,Hold,10.0,Hold,4.0,Hold,4.0,Hold,6.0
16/7/2020,93.72016907,0.6962531766332385,Hold,5.0,Hold,6.0,Hold,6.0,Hold,8.0,Hold,6.0,Hold,8.0,Hold,10.0,Hold,4.0,Hold,4.0,Hold,6.0
17/7/2020,93.53083801,0.7059139534936194,Sell,5.0,Hold,6.0,Hold,6.0,Hold,8.0,Hold,6.0,Hold,8.0,Sell,10.0,Hold,4.0,Hold,4.0,Sell,6.0
20/7/2020,95.50189972,0.7282274179183595,Sell,5.0,Hold,6.0,Hold,6.0,Hold,8.0,Hold,6.0,Hold,8.0,Hold,10.0,Hold,4.0,Hold,4.0,Buy,6.0
21/7/2020,94.18380737,0.6857868901310713,Sell,5.0,Hold,6.0,Hold,6.0,Hold,8.0,Hold,6.0,Hold,8.0,Sell,10.0,Hold,4.0,Hold,4.0,Sell,6.0
22/7/2020,94.4484024,0.6928793985369257,Sell,5.0,Hold,6.0,Hold,6.0,Hold,8.0,Hold,6.0,Hold,8.0,Hold,10.0,Hold,4.0,Hold,4.0,Hold,6.0
23/7/2020,90.14944458,0.6442373560174381,Hold,5.0,Hold,6.0,Hold,6.0,Hold,8.0,Hold,6.0,Hold,8.0,Hold,10.0,Hold,4.0,Hold,4.0,Hold,6.0
24/7/2020,89.92610931,0.6770404007466269,Hold,5.0,Hold,6.0,Hold,6.0,Hold,8.0,Sell,6.0,Sell,8.0,Hold,10.0,Sell,4.0,Hold,4.0,Hold,6.0
27/7/2020,92.05738831,0.6764191123237848,Hold,5.0,Hold,6.0,Hold,6.0,Hold,8.0,Hold,6.0,Hold,8.0,Hold,10.0,Hold,4.0,Hold,4.0,Hold,6.0
28/7/2020,90.54512024,0.67668093131064,Sell,5.0,Hold,6.0,Hold,6.0,Hold,8.0,Hold,6.0,Buy,8.0,Hold,10.0,Hold,4.0,Hold,4.0,Buy,6.0
29/7/2020,92.28070831,0.697594718909043,Hold,5.0,Hold,6.0,Hold,6.0,Hold,8.0,Hold,6.0,Hold,8.0,Hold,10.0,Hold,4.0,Hold,4.0,Hold,6.0
30/7/2020,93.39733887,0.6986058319264841,Hold,5.0,Hold,6.0,Hold,6.0,Hold,8.0,Buy,6.0,Buy,8.0,Buy,10.0,Buy,4.0,Hold,4.0,Buy,6.0
31/7/2020,103.1749649,0.7206129715025024,Hold,5.0,Hold,6.0,Hold,6.0,Hold,8.0,Hold,6.0,Hold,8.0,Hold,10.0,Hold,4.0,Hold,4.0,Hold,6.0
3/8/2020,105.7747269,0.7263892542156766,Hold,5.0,Hold,6.0,Hold,6.0,Hold,8.0,Hold,6.0,Hold,8.0,Hold,10.0,Hold,4.0,Hold,4.0,Hold,6.0
4/8/2020,106.4811096,0.7365542784049779,Hold,5.0,Hold,6.0,Hold,6.0,Hold,8.0,Hold,6.0,Hold,8.0,Hold,10.0,Hold,4.0,Hold,4.0,Hold,6.0
5/8/2020,106.8670731,0.6596314445952433,Hold,5.0,Hold,6.0,Hold,6.0,Hold,8.0,Hold,6.0,Hold,8.0,Hold,10.0,Hold,4.0,Hold,4.0,Hold,6.0
6/8/2020,110.5955811,0.7583460172835135,Hold,5.0,Hold,6.0,Hold,6.0,Hold,8.0,Hold,6.0,Hold,8.0,Hold,10.0,Hold,4.0,Hold,4.0,Hold,6.0
7/8/2020,108.0811081,0.6933314342558385,Hold,5.0,Hold,6.0,Hold,6.0,Hold,8.0,Hold,6.0,Hold,8.0,Hold,10.0,Hold,4.0,Hold,4.0,Hold,6.0
10/8/2020,109.6520386,0.7187223818464454,Hold,5.0,Hold,6.0,Hold,6.0,Hold,8.0,Hold,6.0,Hold,8.0,Hold,10.0,Hold,4.0,Hold,4.0,Hold,6.0
11/8/2020,106.3910065,0.6917706262932676,Hold,5.0,Hold,6.0,Hold,6.0,Hold,8.0,Hold,6.0,Hold,8.0,Hold,10.0,Hold,4.0,Hold,4.0,Hold,6.0
12/8/2020,109.9268265,0.7288502357401222,Hold,5.0,Hold,6.0,Hold,6.0,Hold,8.0,Hold,6.0,Hold,8.0,Hold,10.0,Hold,4.0,Hold,4.0,Hold,6.0
13/8/2020,111.8722534,0.7540187836615081,Hold,5.0,Hold,6.0,Hold,6.0,Hold,8.0,Hold,6.0,Hold,8.0,Hold,10.0,Hold,4.0,Hold,4.0,Hold,6.0
14/8/2020,111.7725601,0.7485781325958726,Hold,5.0,Hold,6.0,Hold,6.0,Hold,8.0,Hold,6.0,Hold,8.0,Hold,10.0,Hold,4.0,Hold,4.0,Hold,6.0
17/8/2020,111.4807587,0.7233090774740982,Hold,5.0,Hold,6.0,Hold,6.0,Hold,8.0,Hold,6.0,Hold,8.0,Hold,10.0,Hold,4.0,Hold,4.0,Hold,6.0
18/8/2020,112.4096832,0.7322087237174556,Hold,5.0,Hold,6.0,Hold,6.0,Hold,8.0,Hold,6.0,Hold,8.0,Hold,10.0,Hold,4.0,Hold,4.0,Hold,6.0
19/8/2020,112.5507507,0.7593766553572682,Hold,5.0,Hold,6.0,Hold,6.0,Hold,8.0,Hold,6.0,Hold,8.0,Hold,10.0,Hold,4.0,Hold,4.0,Hold,6.0
20/8/2020,115.0481949,0.7409742500154952,Hold,5.0,Hold,6.0,Hold,6.0,Hold,8.0,Hold,6.0,Hold,8.0,Hold,10.0,Hold,4.0,Hold,4.0,Hold,6.0
21/8/2020,120.9768982,0.7756737467864581,Hold,5.0,Hold,6.0,Hold,6.0,Hold,8.0,Hold,6.0,Hold,8.0,Hold,10.0,Hold,4.0,Hold,4.0,Hold,6.0
24/8/2020,122.4238358,0.7538501012775279,Hold,5.0,Hold,6.0,Hold,6.0,Hold,8.0,Hold,6.0,Hold,8.0,Hold,10.0,Hold,4.0,Hold,4.0,Hold,6.0
25/8/2020,121.4195099,0.7392506826164041,Hold,5.0,Hold,6.0,Hold,6.0,Hold,8.0,Hold,6.0,Hold,8.0,Hold,10.0,Hold,4.0,Hold,4.0,Hold,6.0
26/8/2020,123.0706787,0.7390546845713561,Hold,5.0,Hold,6.0,Hold,6.0,Hold,8.0,Hold,6.0,Hold,8.0,Hold,10.0,Hold,4.0,Hold,4.0,Hold,6.0
27/8/2020,121.5994492,0.7474459904926722,Hold,5.0,Hold,6.0,Hold,6.0,Hold,8.0,Hold,6.0,Hold,8.0,Hold,10.0,Hold,4.0,Hold,4.0,Hold,6.0
28/8/2020,121.4024734,0.7770514432996645,Sell,5.0,Hold,6.0,Hold,6.0,Hold,8.0,Hold,6.0,Hold,8.0,Hold,10.0,Hold,4.0,Hold,4.0,Hold,6.0
31/8/2020,125.5195007,0.7468001254943333,Sell,5.0,Hold,6.0,Hold,6.0,Hold,8.0,Hold,6.0,Hold,8.0,Hold,10.0,Hold,4.0,Hold,4.0,Hold,6.0
1/9/2020,130.5192413,0.7511348940076095,Sell,5.0,Hold,6.0,Hold,6.0,Hold,8.0,Hold,6.0,Hold,8.0,Hold,10.0,Hold,4.0,Hold,4.0,Hold,6.0
2/9/2020,127.8151016,0.727548677261908,Sell,5.0,Hold,6.0,Hold,6.0,Hold,8.0,Hold,6.0,Hold,8.0,Hold,10.0,Hold,4.0,Hold,4.0,Hold,6.0
3/9/2020,117.5821304,0.6834798582682912,Hold,5.0,Hold,6.0,Hold,6.0,Hold,8.0,Hold,6.0,Hold,8.0,Sell,10.0,Hold,4.0,Hold,4.0,Sell,6.0
4/9/2020,117.659935,0.6839213270996447,Hold,5.0,Hold,6.0,Hold,6.0,Hold,8.0,Hold,6.0,Sell,8.0,Hold,10.0,Sell,4.0,Sell,4.0,Hold,6.0
8/9/2020,109.7420197,0.6873451186851653,Hold,5.0,Hold,6.0,Hold,6.0,Hold,8.0,Hold,6.0,Hold,8.0,Hold,10.0,Hold,4.0,Hold,4.0,Hold,6.0
9/9/2020,114.1192703,0.6976486338550867,Hold,5.0,Sell,6.0,Hold,6.0,Hold,8.0,Sell,6.0,Hold,8.0,Hold,10.0,Hold,4.0,Hold,4.0,Hold,6.0
10/9/2020,110.3937454,0.6729423264103964,Hold,5.0,Hold,6.0,Hold,6.0,Hold,8.0,Hold,6.0,Hold,8.0,Hold,10.0,Hold,4.0,Hold,4.0,Hold,6.0
11/9/2020,108.9443817,0.69157274356968,Hold,5.0,Hold,6.0,Hold,6.0,Hold,8.0,Hold,6.0,Hold,8.0,Hold,10.0,Hold,4.0,Hold,4.0,Hold,6.0
14/9/2020,112.2127075,0.7286055009619103,Hold,5.0,Hold,6.0,Hold,6.0,Hold,8.0,Hold,6.0,Hold,8.0,Hold,10.0,Hold,4.0,Hold,4.0,Hold,6.0
15/9/2020,112.3878174,0.7266744934681606,Hold,5.0,Hold,6.0,Hold,6.0,Hold,8.0,Hold,6.0,Hold,8.0,Hold,10.0,Hold,4.0,Hold,4.0,Hold,6.0
16/9/2020,109.0708313,0.7017762259931819,Hold,5.0,Hold,6.0,Hold,6.0,Hold,8.0,Hold,6.0,Hold,8.0,Hold,10.0,Hold,4.0,Hold,4.0,Hold,6.0
17/9/2020,107.3296967,0.6813731197260353,Hold,5.0,Hold,6.0,Hold,6.0,Hold,8.0,Hold,6.0,Hold,8.0,Hold,10.0,Hold,4.0,Hold,4.0,Hold,6.0
18/9/2020,103.9251633,0.6732710453540859,Hold,5.0,Hold,6.0,Hold,6.0,Hold,8.0,Hold,6.0,Hold,8.0,Hold,10.0,Hold,4.0,Hold,4.0,Hold,6.0
21/9/2020,107.0767822,0.6950745968644683,Hold,5.0,Hold,6.0,Hold,6.0,Hold,8.0,Hold,6.0,Hold,8.0,Hold,10.0,Hold,4.0,Hold,4.0,Hold,6.0
22/9/2020,108.7595901,0.6809211168839123,Buy,5.0,Hold,6.0,Hold,6.0,Hold,8.0,Hold,6.0,Hold,8.0,Hold,10.0,Hold,4.0,Hold,4.0,Hold,6.0
23/9/2020,104.197525,0.6452313506530967,Buy,5.0,Hold,6.0,Hold,6.0,Buy,8.0,Hold,6.0,Hold,8.0,Hold,10.0,Hold,4.0,Hold,4.0,Hold,6.0
24/9/2020,105.2675323,0.6783558950516313,Hold,5.0,Hold,6.0,Hold,6.0,Sell,8.0,Hold,6.0,Hold,8.0,Hold,10.0,Hold,4.0,Hold,4.0,Hold,6.0
25/9/2020,109.2167587,0.7075701318998896,Hold,5.0,Hold,6.0,Hold,6.0,Hold,8.0,Hold,6.0,Hold,8.0,Hold,10.0,Hold,4.0,Hold,4.0,Hold,6.0
28/9/2020,111.8236465,0.7482423347589919,Hold,5.0,Hold,6.0,Hold,6.0,Buy,8.0,Hold,6.0,Buy,8.0,Buy,10.0,Buy,4.0,Hold,4.0,Hold,6.0
29/9/2020,110.9773712,0.7069907366684324,Hold,5.0,Hold,6.0,Hold,6.0,Hold,8.0,Buy,6.0,Buy,8.0,Hold,10.0,Hold,4.0,Hold,4.0,Buy,6.0
30/9/2020,112.6504364,0.7281290130322265,Hold,5.0,Hold,6.0,Hold,6.0,Hold,8.0,Hold,6.0,Hold,8.0,Hold,10.0,Hold,4.0,Hold,4.0,Hold,6.0
1/10/2020,113.603714,0.7201265612822085,Hold,5.0,Hold,6.0,Hold,6.0,Hold,8.0,Buy,6.0,Hold,8.0,Buy,10.0,Buy,4.0,Hold,4.0,Buy,6.0
2/10/2020,109.9365463,0.6866340190912384,Hold,5.0,Hold,6.0,Hold,6.0,Hold,8.0,Hold,6.0,Hold,8.0,Hold,10.0,Hold,4.0,Hold,4.0,Hold,6.0
5/10/2020,113.3216324,0.7249001266322062,Hold,5.0,Hold,6.0,Hold,6.0,Hold,8.0,Hold,6.0,Sell,8.0,Hold,10.0,Hold,4.0,Hold,4.0,Hold,6.0
6/10/2020,110.0727386,0.7300809748955471,Hold,5.0,Buy,6.0,Buy,6.0,Hold,8.0,Hold,6.0,Buy,8.0,Hold,10.0,Hold,4.0,Buy,4.0,Hold,6.0
7/10/2020,111.940361,0.7397307148383816,Hold,5.0,Hold,6.0,Hold,6.0,Hold,8.0,Hold,6.0,Sell,8.0,Hold,10.0,Hold,4.0,Hold,4.0,Hold,6.0
8/10/2020,111.8333664,0.7495225897990551,Hold,5.0,Buy,6.0,Buy,6.0,Hold,8.0,Hold,6.0,Buy,8.0,Hold,10.0,Hold,4.0,Buy,4.0,Hold,6.0
9/10/2020,113.7787857,0.7553367019485211,Hold,5.0,Hold,6.0,Hold,6.0,Hold,8.0,Hold,6.0,Hold,8.0,Hold,10.0,Hold,4.0,Hold,4.0,Hold,6.0
12/10/2020,121.0060959,0.7462582169054038,Hold,5.0,Buy,6.0,Hold,6.0,Hold,8.0,Hold,6.0,Hold,8.0,Hold,10.0,Hold,4.0,Hold,4.0,Hold,6.0
13/10/2020,117.7961197,0.7290861277148153,Hold,5.0,Hold,6.0,Hold,6.0,Hold,8.0,Hold,6.0,Hold,8.0,Hold,10.0,Hold,4.0,Hold,4.0,Hold,6.0
14/10/2020,117.8836746,0.6808253626006363,Hold,5.0,Hold,6.0,Hold,6.0,Hold,8.0,Hold,6.0,Hold,8.0,Hold,10.0,Hold,4.0,Hold,4.0,Hold,6.0
15/10/2020,117.4167557,0.7242938869355656,Hold,5.0,Hold,6.0,Hold,6.0,Hold,8.0,Hold,6.0,Hold,8.0,Hold,10.0,Hold,4.0,Hold,4.0,Hold,6.0
16/10/2020,115.7728806,0.7124370364050743,Hold,5.0,Hold,6.0,Hold,6.0,Hold,8.0,Hold,6.0,Hold,8.0,Hold,10.0,Hold,4.0,Hold,4.0,Hold,6.0
19/10/2020,112.8158112,0.6936634974709018,Hold,5.0,Hold,6.0,Hold,6.0,Hold,8.0,Hold,6.0,Hold,8.0,Hold,10.0,Hold,4.0,Hold,4.0,Hold,6.0
20/10/2020,114.3040848,0.6815246409080996,Hold,5.0,Sell,6.0,Sell,6.0,Sell,8.0,Sell,6.0,Sell,8.0,Sell,10.0,Sell,4.0,Hold,4.0,Sell,6.0
21/10/2020,113.6815262,0.6967980737262944,Hold,5.0,Hold,6.0,Hold,6.0,Hold,8.0,Hold,6.0,Hold,8.0,Hold,10.0,Hold,4.0,Hold,4.0,Hold,6.0
22/10/2020,112.5920792,0.6935416852750821,Hold,5.0,Sell,6.0,Hold,6.0,Hold,8.0,Sell,6.0,Hold,8.0,Hold,10.0,Hold,4.0,Hold,4.0,Hold,6.0
23/10/2020,111.9014511,0.6965604882316456,Hold,5.0,Hold,6.0,Hold,6.0,Hold,8.0,Hold,6.0,Hold,8.0,Hold,10.0,Hold,4.0,Hold,4.0,Hold,6.0
26/10/2020,111.911171,0.6688401438694593,Hold,5.0,Hold,6.0,Hold,6.0,Hold,8.0,Sell,6.0,Hold,8.0,Hold,10.0,Hold,4.0,Hold,4.0,Hold,6.0
27/10/2020,113.4188843,0.6804640450126556,Hold,5.0,Hold,6.0,Hold,6.0,Hold,8.0,Hold,6.0,Hold,8.0,Hold,10.0,Hold,4.0,Hold,4.0,Hold,6.0
28/10/2020,108.1661987,0.6452830540363249,Hold,5.0,Hold,6.0,Hold,6.0,Hold,8.0,Hold,6.0,Buy,8.0,Hold,10.0,Hold,4.0,Hold,4.0,Buy,6.0
29/10/2020,112.1738052,0.613499271499158,Hold,5.0,Sell,6.0,Hold,6.0,Hold,8.0,Hold,6.0,Hold,8.0,Hold,10.0,Hold,4.0,Hold,4.0,Hold,6.0
30/10/2020,105.8900452,0.6053140007453273,Hold,5.0,Hold,6.0,Hold,6.0,Buy,8.0,Hold,6.0,Hold,8.0,Hold,10.0,Hold,4.0,Hold,4.0,Hold,6.0
2/11/2020,105.8024979,0.6607513331258684,Hold,5.0,Hold,6.0,Hold,6.0,Hold,8.0,Hold,6.0,Hold,8.0,Hold,10.0,Hold,4.0,Hold,4.0,Hold,6.0
3/11/2020,107.4269562,0.6861012328299197,Hold,5.0,Hold,6.0,Hold,6.0,Hold,8.0,Hold,6.0,Hold,8.0,Hold,10.0,Hold,4.0,Hold,4.0,Hold,6.0
4/11/2020,111.8139038,0.7040598777646736,Hold,5.0,Hold,6.0,Hold,6.0,Hold,8.0,Hold,6.0,Hold,8.0,Hold,10.0,Hold,4.0,Hold,4.0,Hold,6.0
5/11/2020,115.7826004,0.7045463531785802,Hold,5.0,Buy,6.0,Buy,6.0,Buy,8.0,Buy,6.0,Buy,8.0,Buy,10.0,Buy,4.0,Buy,4.0,Buy,6.0
6/11/2020,115.6510544,0.7252008274926165,Hold,5.0,Hold,6.0,Hold,6.0,Hold,8.0,Hold,6.0,Hold,8.0,Hold,10.0,Hold,4.0,Hold,4.0,Hold,6.0
9/11/2020,113.341713,0.7055885335244741,Hold,5.0,Hold,6.0,Hold,6.0,Hold,8.0,Hold,6.0,Hold,8.0,Hold,10.0,Hold,4.0,Hold,4.0,Hold,6.0
10/11/2020,113.0007172,0.7010152397995798,Hold,5.0,Hold,6.0,Hold,6.0,Hold,8.0,Hold,6.0,Hold,8.0,Hold,10.0,Hold,4.0,Hold,4.0,Hold,6.0
11/11/2020,116.4305649,0.6979065833506437,Hold,5.0,Hold,6.0,Hold,6.0,Hold,8.0,Hold,6.0,Hold,8.0,Hold,10.0,Hold,4.0,Hold,4.0,Hold,6.0
12/11/2020,116.1577454,0.7062840646995401,Hold,5.0,Hold,6.0,Hold,6.0,Hold,8.0,Hold,6.0,Hold,8.0,Hold,10.0,Hold,4.0,Hold,4.0,Hold,6.0
13/11/2020,116.2064667,0.699330899319156,Hold,5.0,Hold,6.0,Hold,6.0,Hold,8.0,Hold,6.0,Hold,8.0,Hold,10.0,Hold,4.0,Hold,4.0,Hold,6.0
16/11/2020,117.219841,0.7031812271854146,Hold,5.0,Hold,6.0,Hold,6.0,Hold,8.0,Hold,6.0,Hold,8.0,Hold,10.0,Hold,4.0,Hold,4.0,Hold,6.0
17/11/2020,116.3331375,0.7101994124618549,Hold,5.0,Hold,6.0,Hold,6.0,Hold,8.0,Hold,6.0,Hold,8.0,Hold,10.0,Hold,4.0,Hold,4.0,Hold,6.0
18/11/2020,115.0079575,0.67876599584017,Hold,5.0,Hold,6.0,Hold,6.0,Hold,8.0,Hold,6.0,Hold,8.0,Hold,10.0,Hold,4.0,Hold,4.0,Hold,6.0
19/11/2020,115.6023331,0.7022913738807289,Sell,5.0,Hold,6.0,Hold,6.0,Hold,8.0,Hold,6.0,Hold,8.0,Hold,10.0,Hold,4.0,Hold,4.0,Hold,6.0
20/11/2020,114.3356094,0.7072336778099658,Hold,5.0,Hold,6.0,Hold,6.0,Hold,8.0,Hold,6.0,Hold,8.0,Hold,10.0,Hold,4.0,Hold,4.0,Hold,6.0
23/11/2020,110.9349823,0.6566381227494472,Hold,5.0,Hold,6.0,Hold,6.0,Sell,8.0,Hold,6.0,Sell,8.0,Sell,10.0,Sell,4.0,Hold,4.0,Sell,6.0
24/11/2020,112.221199,0.7054613988721914,Hold,5.0,Hold,6.0,Hold,6.0,Hold,8.0,Sell,6.0,Hold,8.0,Hold,10.0,Hold,4.0,Hold,4.0,Hold,6.0
25/11/2020,113.0591736,0.7306064189140267,Hold,5.0,Hold,6.0,Hold,6.0,Hold,8.0,Hold,6.0,Hold,8.0,Hold,10.0,Hold,4.0,Hold,4.0,Hold,6.0
27/11/2020,113.604805,0.7148723096510922,Hold,5.0,Hold,6.0,Hold,6.0,Buy,8.0,Hold,6.0,Hold,8.0,Hold,10.0,Hold,4.0,Hold,4.0,Hold,6.0
30/11/2020,116.0018234,0.7199037649140749,Hold,5.0,Hold,6.0,Hold,6.0,Hold,8.0,Hold,6.0,Hold,8.0,Hold,10.0,Hold,4.0,Hold,4.0,Hold,6.0
1/12/2020,119.5778732,0.740638895519557,Hold,5.0,Hold,6.0,Hold,6.0,Hold,8.0,Buy,6.0,Buy,8.0,Buy,10.0,Buy,4.0,Hold,4.0,Buy,6.0
2/12/2020,119.9286575,0.6861794576878295,Hold,5.0,Hold,6.0,Hold,6.0,Hold,8.0,Hold,6.0,Hold,8.0,Hold,10.0,Hold,4.0,Hold,4.0,Hold,6.0
3/12/2020,119.7922363,0.7159154473948358,Hold,5.0,Hold,6.0,Hold,6.0,Hold,8.0,Hold,6.0,Hold,8.0,Hold,10.0,Hold,4.0,Hold,4.0,Hold,6.0
4/12/2020,119.1198959,0.7268306697308348,Hold,5.0,Hold,6.0,Hold,6.0,Hold,8.0,Hold,6.0,Hold,8.0,Hold,10.0,Hold,4.0,Hold,4.0,Hold,6.0
7/12/2020,120.5814896,0.7466532330571358,Hold,5.0,Hold,6.0,Hold,6.0,Hold,8.0,Hold,6.0,Hold,8.0,Hold,10.0,Hold,4.0,Hold,4.0,Hold,6.0
8/12/2020,121.1953735,0.7698475399996035,Hold,5.0,Hold,6.0,Hold,6.0,Hold,8.0,Hold,6.0,Hold,8.0,Hold,10.0,Hold,4.0,Hold,4.0,Hold,6.0
9/12/2020,118.6619415,0.6983203128482858,Hold,5.0,Hold,6.0,Hold,6.0,Hold,8.0,Hold,6.0,Hold,8.0,Hold,10.0,Hold,4.0,Hold,4.0,Hold,6.0
10/12/2020,120.0845642,0.704548564904916,Hold,5.0,Hold,6.0,Hold,6.0,Hold,8.0,Hold,6.0,Hold,8.0,Hold,10.0,Hold,4.0,Hold,4.0,Hold,6.0
11/12/2020,119.2758255,0.7056437136465634,Hold,5.0,Hold,6.0,Hold,6.0,Hold,8.0,Hold,6.0,Hold,8.0,Hold,10.0,Hold,4.0,Hold,4.0,Hold,6.0
14/12/2020,118.6619415,0.68123046484353,Hold,5.0,Hold,6.0,Hold,6.0,Hold,8.0,Hold,6.0,Hold,8.0,Hold,10.0,Hold,4.0,Hold,4.0,Hold,6.0
15/12/2020,124.6057587,0.7172111221815395,Hold,5.0,Hold,6.0,Hold,6.0,Hold,8.0,Hold,6.0,Hold,8.0,Hold,10.0,Hold,4.0,Hold,4.0,Hold,6.0
16/12/2020,124.5375366,0.7097737353169244,Hold,5.0,Hold,6.0,Hold,6.0,Hold,8.0,Hold,6.0,Hold,8.0,Hold,10.0,Hold,4.0,Hold,4.0,Hold,6.0
17/12/2020,125.4047699,0.7454776585279407,Hold,5.0,Hold,6.0,Hold,6.0,Hold,8.0,Hold,6.0,Hold,8.0,Hold,10.0,Hold,4.0,Hold,4.0,Hold,6.0
18/12/2020,123.4169922,0.7121266605774917,Hold,5.0,Hold,6.0,Hold,6.0,Hold,8.0,Hold,6.0,Hold,8.0,Hold,10.0,Hold,4.0,Hold,4.0,Hold,6.0
21/12/2020,124.9467926,0.7783661914142895,Hold,5.0,Hold,6.0,Hold,6.0,Hold,8.0,Hold,6.0,Hold,8.0,Hold,10.0,Hold,4.0,Hold,4.0,Hold,6.0
22/12/2020,128.5033417,0.7534118485841955,Hold,5.0,Hold,6.0,Hold,6.0,Hold,8.0,Hold,6.0,Hold,8.0,Hold,10.0,Hold,4.0,Hold,4.0,Hold,6.0
23/12/2020,127.6069107,0.7361421611485455,Hold,5.0,Hold,6.0,Hold,6.0,Hold,8.0,Hold,6.0,Hold,8.0,Hold,10.0,Hold,4.0,Hold,4.0,Hold,6.0
24/12/2020,128.5910645,0.7497421407167686,Hold,5.0,Hold,6.0,Hold,6.0,Hold,8.0,Hold,6.0,Hold,8.0,Hold,10.0,Hold,4.0,Hold,4.0,Hold,6.0
28/12/2020,133.1901703,0.748951445813672,Hold,5.0,Hold,6.0,Hold,6.0,Hold,8.0,Hold,6.0,Hold,8.0,Hold,10.0,Hold,4.0,Hold,4.0,Hold,6.0
29/12/2020,131.4167786,0.711737049967201,Hold,5.0,Hold,6.0,Hold,6.0,Hold,8.0,Hold,6.0,Hold,8.0,Hold,10.0,Hold,4.0,Hold,4.0,Hold,6.0
30/12/2020,130.2962646,0.7359696238419063,Sell,5.0,Hold,6.0,Hold,6.0,Hold,8.0,Hold,6.0,Hold,8.0,Hold,10.0,Hold,4.0,Hold,4.0,Hold,6.0
31/12/2020,129.2925873,0.6860566801710273,Hold,5.0,Hold,6.0,Hold,6.0,Hold,8.0,Hold,6.0,Hold,8.0,Hold,10.0,Hold,4.0,Hold,4.0,Hold,6.0
4/1/2021,126.0965805,0.65357102487737,Hold,5.0,Hold,6.0,Hold,6.0,Hold,8.0,Hold,6.0,Hold,8.0,Hold,10.0,Hold,4.0,Hold,4.0,Hold,6.0
5/1/2021,127.6556396,0.6997790129847307,Hold,5.0,Hold,6.0,Hold,6.0,Hold,8.0,Hold,6.0,Sell,8.0,Sell,10.0,Sell,4.0,Hold,4.0,Sell,6.0
6/1/2021,123.3585205,0.6712612154358336,Hold,5.0,Hold,6.0,Hold,6.0,Hold,8.0,Hold,6.0,Buy,8.0,Hold,10.0,Hold,4.0,Hold,4.0,Hold,6.0
7/1/2021,127.5679245,0.7411141720146397,Hold,5.0,Hold,6.0,Hold,6.0,Hold,8.0,Sell,6.0,Sell,8.0,Hold,10.0,Sell,4.0,Sell,4.0,Hold,6.0
8/1/2021,128.6689911,0.7479269429072624,Hold,5.0,Hold,6.0,Hold,6.0,Hold,8.0,Hold,6.0,Buy,8.0,Hold,10.0,Hold,4.0,Hold,4.0,Hold,6.0
11/1/2021,125.677597,0.7259157046799263,Hold,5.0,Hold,6.0,Hold,6.0,Hold,8.0,Sell,6.0,Hold,8.0,Hold,10.0,Sell,4.0,Hold,4.0,Hold,6.0
12/1/2021,125.5022049,0.7080742803810595,Hold,5.0,Hold,6.0,Hold,6.0,Hold,8.0,Hold,6.0,Sell,8.0,Hold,10.0,Hold,4.0,Sell,4.0,Hold,6.0
13/1/2021,127.5386429,0.7656836897876785,Hold,5.0,Hold,6.0,Hold,6.0,Hold,8.0,Hold,6.0,Hold,8.0,Hold,10.0,Hold,4.0,Hold,4.0,Hold,6.0
14/1/2021,125.609375,0.7068745312562439,Hold,5.0,Hold,6.0,Hold,6.0,Hold,8.0,Buy,6.0,Buy,8.0,Buy,10.0,Buy,4.0,Buy,4.0,Buy,6.0
15/1/2021,123.8847198,0.6879885625845988,Hold,5.0,Hold,6.0,Hold,6.0,Hold,8.0,Hold,6.0,Sell,8.0,Hold,10.0,Hold,4.0,Sell,4.0,Hold,6.0
19/1/2021,124.5570374,0.6534773102946251,Hold,5.0,Hold,6.0,Hold,6.0,Hold,8.0,Hold,6.0,Hold,8.0,Hold,10.0,Hold,4.0,Hold,4.0,Hold,6.0
20/1/2021,128.6494904,0.7453972596201311,Hold,5.0,Hold,6.0,Hold,6.0,Hold,8.0,Hold,6.0,Hold,8.0,Hold,10.0,Hold,4.0,Hold,4.0,Hold,6.0
21/1/2021,133.3655701,0.7409200074399206,Hold,5.0,Hold,6.0,Hold,6.0,Hold,8.0,Buy,6.0,Buy,8.0,Buy,10.0,Buy,4.0,Buy,4.0,Buy,6.0
22/1/2021,135.5092621,0.7443210980882166,Hold,5.0,Hold,6.0,Hold,6.0,Hold,8.0,Hold,6.0,Hold,8.0,Hold,10.0,Hold,4.0,Hold,4.0,Buy,6.0
25/1/2021,139.2606812,0.7144717059239704,Hold,5.0,Hold,6.0,Hold,6.0,Hold,8.0,Hold,6.0,Hold,8.0,Hold,10.0,Hold,4.0,Hold,4.0,Hold,6.0
26/1/2021,139.4944916,0.7215214865771551,Hold,5.0,Hold,6.0,Hold,6.0,Hold,8.0,Hold,6.0,Hold,8.0,Hold,10.0,Hold,4.0,Hold,4.0,Hold,6.0
27/1/2021,138.4226837,0.6522669129742449,Sell,5.0,Hold,6.0,Hold,6.0,Hold,8.0,Hold,6.0,Hold,8.0,Hold,10.0,Hold,4.0,Hold,4.0,Hold,6.0
28/1/2021,133.5799408,0.6250164403829492,Hold,5.0,Hold,6.0,Hold,6.0,Hold,8.0,Hold,6.0,Hold,8.0,Hold,10.0,Hold,4.0,Hold,4.0,Hold,6.0
29/1/2021,128.5812836,0.6531422036713289,Hold,5.0,Hold,6.0,Hold,6.0,Hold,8.0,Hold,6.0,Hold,8.0,Hold,10.0,Hold,4.0,Hold,4.0,Hold,6.0
1/2/2021,130.7054901,0.6923015154172989,Hold,5.0,Hold,6.0,Hold,6.0,Hold,8.0,Sell,6.0,Sell,8.0,Sell,10.0,Sell,4.0,Hold,4.0,Sell,6.0
2/2/2021,131.5337219,0.6860785264262853,Hold,5.0,Hold,6.0,Hold,6.0,Hold,8.0,Hold,6.0,Buy,8.0,Hold,10.0,Hold,4.0,Hold,4.0,Hold,6.0
3/2/2021,130.5105896,0.7179462126919797,Hold,5.0,Hold,6.0,Hold,6.0,Hold,8.0,Hold,6.0,Hold,8.0,Hold,10.0,Hold,4.0,Hold,4.0,Hold,6.0
4/2/2021,133.8722687,0.7469134391416241,Hold,5.0,Hold,6.0,Hold,6.0,Hold,8.0,Sell,6.0,Sell,8.0,Hold,10.0,Hold,4.0,Hold,4.0,Hold,6.0
5/2/2021,133.4575348,0.7395672697676043,Hold,5.0,Hold,6.0,Hold,6.0,Hold,8.0,Hold,6.0,Buy,8.0,Hold,10.0,Hold,4.0,Hold,4.0,Hold,6.0
8/2/2021,133.6038971,0.7119464083040121,Hold,5.0,Hold,6.0,Hold,6.0,Hold,8.0,Hold,6.0,Hold,8.0,Hold,10.0,Hold,4.0,Hold,4.0,Hold,6.0
9/2/2021,132.7256317,0.7158006898679872,Hold,5.0,Hold,6.0,Hold,6.0,Hold,8.0,Hold,6.0,Hold,8.0,Hold,10.0,Hold,4.0,Hold,4.0,Hold,6.0
10/2/2021,132.1205902,0.7099383576073203,Hold,5.0,Hold,6.0,Hold,6.0,Hold,8.0,Hold,6.0,Hold,8.0,Hold,10.0,Hold,4.0,Hold,4.0,Hold,6.0
11/2/2021,131.8668671,0.7080868903071392,Hold,5.0,Hold,6.0,Sell,6.0,Sell,8.0,Hold,6.0,Sell,8.0,Hold,10.0,Sell,4.0,Sell,4.0,Hold,6.0
12/2/2021,132.1010742,0.7178410834683584,Hold,5.0,Hold,6.0,Hold,6.0,Hold,8.0,Hold,6.0,Hold,8.0,Hold,10.0,Hold,4.0,Hold,4.0,Hold,6.0
16/2/2021,129.9737396,0.666699173683866,Buy,5.0,Hold,6.0,Hold,6.0,Hold,8.0,Hold,6.0,Hold,8.0,Hold,10.0,Hold,4.0,Hold,4.0,Hold,6.0
17/2/2021,127.6804581,0.6604500556278725,Hold,5.0,Sell,6.0,Hold,6.0,Hold,8.0,Sell,6.0,Hold,8.0,Hold,10.0,Hold,4.0,Hold,4.0,Hold,6.0
18/2/2021,126.5777512,0.6629554236134388,Hold,5.0,Hold,6.0,Hold,6.0,Hold,8.0,Hold,6.0,Hold,8.0,Hold,10.0,Hold,4.0,Hold,4.0,Hold,6.0
19/2/2021,126.7339096,0.6957570985729948,Hold,5.0,Hold,6.0,Hold,6.0,Hold,8.0,Hold,6.0,Hold,8.0,Hold,10.0,Hold,4.0,Hold,4.0,Hold,6.0
22/2/2021,122.9573441,0.6172026574510631,Hold,5.0,Hold,6.0,Hold,6.0,Hold,8.0,Hold,6.0,Hold,8.0,Hold,10.0,Hold,4.0,Hold,4.0,Hold,6.0
23/2/2021,122.8207321,0.6864518398299057,Hold,5.0,Hold,6.0,Hold,6.0,Hold,8.0,Hold,6.0,Hold,8.0,Hold,10.0,Hold,4.0,Hold,4.0,Hold,6.0
24/2/2021,122.3230667,0.6998192243077719,Hold,5.0,Hold,6.0,Hold,6.0,Hold,8.0,Hold,6.0,Hold,8.0,Hold,10.0,Hold,4.0,Hold,4.0,Hold,6.0
25/2/2021,118.0683517,0.6598960299290574,Hold,5.0,Hold,6.0,Hold,6.0,Hold,8.0,Hold,6.0,Hold,8.0,Hold,10.0,Hold,4.0,Hold,4.0,Hold,6.0
26/2/2021,118.3318253,0.6769398478040496,Hold,5.0,Hold,6.0,Hold,6.0,Hold,8.0,Hold,6.0,Hold,8.0,Hold,10.0,Hold,4.0,Hold,4.0,Hold,6.0
1/3/2021,124.7041245,0.7481925091584319,Hold,5.0,Hold,6.0,Hold,6.0,Hold,8.0,Hold,6.0,Hold,8.0,Hold,10.0,Hold,4.0,Hold,4.0,Hold,6.0
2/3/2021,122.0985947,0.6940920491005874,Hold,5.0,Hold,6.0,Hold,6.0,Hold,8.0,Hold,6.0,Hold,8.0,Hold,10.0,Hold,4.0,Hold,4.0,Hold,6.0
3/3/2021,119.1124878,0.6489784562889687,Hold,5.0,Hold,6.0,Hold,6.0,Hold,8.0,Hold,6.0,Hold,8.0,Hold,10.0,Hold,4.0,Hold,4.0,Hold,6.0
4/3/2021,117.2291107,0.6520537546550338,Hold,5.0,Hold,6.0,Hold,6.0,Hold,8.0,Hold,6.0,Hold,8.0,Hold,10.0,Hold,4.0,Hold,4.0,Hold,6.0
5/3/2021,118.4879456,0.6635921672107717,Hold,5.0,Hold,6.0,Hold,6.0,Hold,8.0,Hold,6.0,Hold,8.0,Hold,10.0,Hold,4.0,Hold,4.0,Hold,6.0
8/3/2021,113.5501328,0.6444203202463605,Hold,5.0,Hold,6.0,Hold,6.0,Hold,8.0,Hold,6.0,Hold,8.0,Hold,10.0,Hold,4.0,Hold,4.0,Hold,6.0
9/3/2021,118.1659088,0.7180400703428197,Hold,5.0,Hold,6.0,Hold,6.0,Hold,8.0,Hold,6.0,Hold,8.0,Hold,10.0,Hold,4.0,Hold,4.0,Hold,6.0
10/3/2021,117.0827332,0.6873489285503669,Hold,5.0,Hold,6.0,Hold,6.0,Hold,8.0,Hold,6.0,Hold,8.0,Hold,10.0,Hold,4.0,Hold,4.0,Hold,6.0
11/3/2021,119.0149078,0.7023920077303863,Hold,5.0,Hold,6.0,Hold,6.0,Hold,8.0,Hold,6.0,Hold,8.0,Hold,10.0,Hold,4.0,Hold,4.0,Hold,6.0
12/3/2021,118.1073761,0.7083048922830191,Hold,5.0,Hold,6.0,Hold,6.0,Hold,8.0,Hold,6.0,Hold,8.0,Hold,10.0,Hold,4.0,Hold,4.0,Hold,6.0
15/3/2021,120.9958878,0.7362847009479371,Hold,5.0,Hold,6.0,Hold,6.0,Hold,8.0,Hold,6.0,Hold,8.0,Buy,10.0,Hold,4.0,Hold,4.0,Buy,6.0
16/3/2021,122.5377274,0.752544223785732,Hold,5.0,Hold,6.0,Hold,6.0,Hold,8.0,Hold,6.0,Buy,8.0,Hold,10.0,Buy,4.0,Buy,4.0,Hold,6.0
17/3/2021,121.7472839,0.7035916380449698,Hold,5.0,Hold,6.0,Hold,6.0,Hold,8.0,Buy,6.0,Buy,8.0,Hold,10.0,Hold,4.0,Hold,4.0,Hold,6.0
18/3/2021,117.6194534,0.6512874506539981,Hold,5.0,Hold,6.0,Hold,6.0,Hold,8.0,Hold,6.0,Hold,8.0,Hold,10.0,Hold,4.0,Hold,4.0,Hold,6.0
19/3/2021,117.0924911,0.7164084715909621,Hold,5.0,Hold,6.0,Hold,6.0,Hold,8.0,Hold,6.0,Sell,8.0,Hold,10.0,Hold,4.0,Hold,4.0,Hold,6.0
22/3/2021,120.4103851,0.7077926217740046,Hold,5.0,Hold,6.0,Hold,6.0,Hold,8.0,Hold,6.0,Hold,8.0,Hold,10.0,Hold,4.0,Hold,4.0,Hold,6.0
23/3/2021,119.5809097,0.7263732451568778,Hold,5.0,Hold,6.0,Hold,6.0,Hold,8.0,Hold,6.0,Hold,8.0,Hold,10.0,Hold,4.0,Buy,4.0,Hold,6.0
24/3/2021,117.1900635,0.6962780302404341,Hold,5.0,Hold,6.0,Hold,6.0,Hold,8.0,Hold,6.0,Hold,8.0,Hold,10.0,Sell,4.0,Hold,4.0,Hold,6.0
25/3/2021,117.6779861,0.6909588021371756,Hold,5.0,Hold,6.0,Hold,6.0,Hold,8.0,Hold,6.0,Hold,8.0,Hold,10.0,Hold,4.0,Buy,4.0,Hold,6.0
26/3/2021,118.2830276,0.7357721432228498,Hold,5.0,Hold,6.0,Hold,6.0,Hold,8.0,Hold,6.0,Hold,8.0,Hold,10.0,Hold,4.0,Hold,4.0,Hold,6.0
29/3/2021,118.4586868,0.6977355328414704,Sell,5.0,Hold,6.0,Hold,6.0,Hold,8.0,Hold,6.0,Hold,8.0,Hold,10.0,Hold,4.0,Hold,4.0,Hold,6.0
30/3/2021,117.0046616,0.6549353943024652,Hold,5.0,Hold,6.0,Hold,6.0,Hold,8.0,Hold,6.0,Hold,8.0,Hold,10.0,Hold,4.0,Hold,4.0,Hold,6.0
31/3/2021,119.200325,0.6999381149318776,Hold,5.0,Hold,6.0,Hold,6.0,Hold,8.0,Hold,6.0,Hold,8.0,Hold,10.0,Hold,4.0,Hold,4.0,Hold,6.0
1/4/2021,120.0297928,0.7052237419819649,Hold,5.0,Hold,6.0,Buy,6.0,Buy,8.0,Hold,6.0,Buy,8.0,Hold,10.0,Buy,4.0,Buy,4.0,Hold,6.0
5/4/2021,122.8597565,0.7293958059117372,Hold,5.0,Buy,6.0,Hold,6.0,Hold,8.0,Buy,6.0,Hold,8.0,Hold,10.0,Hold,4.0,Hold,4.0,Hold,6.0
6/4/2021,123.1622849,0.7313268319773356,Hold,5.0,Hold,6.0,Hold,6.0,Hold,8.0,Hold,6.0,Hold,8.0,Hold,10.0,Hold,4.0,Hold,4.0,Hold,6.0
7/4/2021,124.8114624,0.726952953884439,Hold,5.0,Hold,6.0,Hold,6.0,Hold,8.0,Hold,6.0,Hold,8.0,Hold,10.0,Hold,4.0,Hold,4.0,Hold,6.0
8/4/2021,127.2120819,0.7107574524731973,Hold,5.0,Hold,6.0,Hold,6.0,Hold,8.0,Hold,6.0,Hold,8.0,Hold,10.0,Hold,4.0,Hold,4.0,Hold,6.0
9/4/2021,129.7882996,0.7188293189275589,Hold,5.0,Hold,6.0,Hold,6.0,Hold,8.0,Hold,6.0,Hold,8.0,Hold,10.0,Hold,4.0,Hold,4.0,Hold,6.0
12/4/2021,128.0708313,0.701975456838133,Hold,5.0,Hold,6.0,Hold,6.0,Hold,8.0,Hold,6.0,Hold,8.0,Hold,10.0,Hold,4.0,Hold,4.0,Hold,6.0
13/4/2021,131.1837921,0.7677781073770185,Hold,5.0,Hold,6.0,Hold,6.0,Hold,8.0,Hold,6.0,Hold,8.0,Hold,10.0,Hold,4.0,Hold,4.0,Hold,6.0
14/4/2021,128.8417358,0.6899397874972203,Hold,5.0,Hold,6.0,Hold,6.0,Hold,8.0,Hold,6.0,Hold,8.0,Hold,10.0,Hold,4.0,Hold,4.0,Hold,6.0
15/4/2021,131.2521057,0.7643304437938472,Hold,5.0,Hold,6.0,Hold,6.0,Hold,8.0,Hold,6.0,Hold,8.0,Hold,10.0,Hold,4.0,Hold,4.0,Hold,6.0
16/4/2021,130.9203339,0.7122261738341576,Hold,5.0,Hold,6.0,Hold,6.0,Hold,8.0,Hold,6.0,Hold,8.0,Hold,10.0,Hold,4.0,Hold,4.0,Hold,6.0
19/4/2021,131.583847,0.7110315098693938,Hold,5.0,Hold,6.0,Hold,6.0,Hold,8.0,Hold,6.0,Hold,8.0,Hold,10.0,Hold,4.0,Hold,4.0,Hold,6.0
20/4/2021,129.8956299,0.7187678384066927,Hold,5.0,Hold,6.0,Hold,6.0,Hold,8.0,Hold,6.0,Hold,8.0,Hold,10.0,Hold,4.0,Hold,4.0,Hold,6.0
21/4/2021,130.2762299,0.685328971022642,Sell,5.0,Hold,6.0,Hold,6.0,Hold,8.0,Hold,6.0,Hold,8.0,Hold,10.0,Hold,4.0,Hold,4.0,Hold,6.0
22/4/2021,128.7539368,0.7194734180118572,Hold,5.0,Hold,6.0,Hold,6.0,Hold,8.0,Hold,6.0,Hold,8.0,Hold,10.0,Hold,4.0,Hold,4.0,Hold,6.0
23/4/2021,131.0764618,0.763187108550922,Hold,5.0,Hold,6.0,Hold,6.0,Hold,8.0,Hold,6.0,Hold,8.0,Hold,10.0,Hold,4.0,Hold,4.0,Hold,6.0
26/4/2021,131.4668121,0.7508696344954499,Hold,5.0,Hold,6.0,Hold,6.0,Hold,8.0,Hold,6.0,Hold,8.0,Hold,10.0,Hold,4.0,Hold,4.0,Hold,6.0
27/4/2021,131.1447296,0.7210688295601868,Hold,5.0,Hold,6.0,Hold,6.0,Hold,8.0,Hold,6.0,Hold,8.0,Hold,10.0,Hold,4.0,Hold,4.0,Hold,6.0
28/4/2021,130.3543091,0.6664376767314946,Hold,5.0,Hold,6.0,Hold,6.0,Hold,8.0,Hold,6.0,Hold,8.0,Hold,10.0,Hold,4.0,Hold,4.0,Hold,6.0
29/4/2021,130.2567291,0.6186205982661523,Hold,5.0,Hold,6.0,Hold,6.0,Hold,8.0,Hold,6.0,Hold,8.0,Sell,10.0,Hold,4.0,Hold,4.0,Sell,6.0
30/4/2021,128.2855377,0.6189223111387776,Hold,5.0,Hold,6.0,Hold,6.0,Hold,8.0,Sell,6.0,Hold,8.0,Hold,10.0,Sell,4.0,Hold,4.0,Hold,6.0
3/5/2021,129.3394775,0.6779151310774075,Hold,5.0,Sell,6.0,Sell,6.0,Sell,8.0,Hold,6.0,Sell,8.0,Hold,10.0,Hold,4.0,Sell,4.0,Hold,6.0
4/5/2021,124.7626801,0.6511658961177932,Hold,5.0,Hold,6.0,Hold,6.0,Hold,8.0,Hold,6.0,Hold,8.0,Hold,10.0,Hold,4.0,Hold,4.0,Hold,6.0
5/5/2021,125.0066528,0.7167934656412032,Hold,5.0,Sell,6.0,Hold,6.0,Hold,8.0,Hold,6.0,Hold,8.0,Hold,10.0,Hold,4.0,Hold,4.0,Hold,6.0
6/5/2021,126.6070404,0.6885113966571409,Hold,5.0,Hold,6.0,Hold,6.0,Hold,8.0,Hold,6.0,Hold,8.0,Hold,10.0,Hold,4.0,Hold,4.0,Hold,6.0
7/5/2021,127.281517,0.6911275276355001,Hold,5.0,Hold,6.0,Hold,6.0,Hold,8.0,Hold,6.0,Hold,8.0,Hold,10.0,Hold,4.0,Hold,4.0,Hold,6.0
10/5/2021,123.9970856,0.6114061374774284,Hold,5.0,Hold,6.0,Hold,6.0,Hold,8.0,Hold,6.0,Hold,8.0,Hold,10.0,Hold,4.0,Hold,4.0,Hold,6.0
11/5/2021,123.0782471,0.6492715124336631,Hold,5.0,Hold,6.0,Hold,6.0,Hold,8.0,Hold,6.0,Hold,8.0,Hold,10.0,Hold,4.0,Hold,4.0,Hold,6.0
12/5/2021,120.0088577,0.6555426584487433,Hold,5.0,Hold,6.0,Hold,6.0,Hold,8.0,Hold,6.0,Hold,8.0,Hold,10.0,Hold,4.0,Hold,4.0,Hold,6.0
13/5/2021,122.1593781,0.6864772877944406,Hold,5.0,Hold,6.0,Hold,6.0,Hold,8.0,Hold,6.0,Hold,8.0,Hold,10.0,Hold,4.0,Hold,4.0,Hold,6.0
14/5/2021,124.5836105,0.6832560627829886,Hold,5.0,Hold,6.0,Hold,6.0,Hold,8.0,Hold,6.0,Hold,8.0,Hold,10.0,Hold,4.0,Hold,4.0,Hold,6.0
17/5/2021,123.43013,0.6914929746499408,Hold,5.0,Hold,6.0,Hold,6.0,Hold,8.0,Hold,6.0,Hold,8.0,Hold,10.0,Hold,4.0,Hold,4.0,Hold,6.0
18/5/2021,122.0420685,0.6746811218625925,Hold,5.0,Hold,6.0,Hold,6.0,Hold,8.0,Hold,6.0,Hold,8.0,Hold,10.0,Hold,4.0,Hold,4.0,Hold,6.0
19/5/2021,121.8856659,0.6690570726557757,Hold,5.0,Hold,6.0,Hold,6.0,Hold,8.0,Hold,6.0,Hold,8.0,Hold,10.0,Hold,4.0,Hold,4.0,Hold,6.0
20/5/2021,124.4467621,0.6938717603582851,Hold,5.0,Hold,6.0,Hold,6.0,Hold,8.0,Hold,6.0,Hold,8.0,Hold,10.0,Hold,4.0,Hold,4.0,Hold,6.0
21/5/2021,122.6090393,0.7225354062496328,Hold,5.0,Hold,6.0,Hold,6.0,Hold,8.0,Hold,6.0,Hold,8.0,Hold,10.0,Buy,4.0,Hold,4.0,Hold,6.0
24/5/2021,124.2414474,0.7421344085269926,Hold,5.0,Hold,6.0,Hold,6.0,Hold,8.0,Hold,6.0,Hold,8.0,Hold,10.0,Sell,4.0,Hold,4.0,Hold,6.0
25/5/2021,124.0459595,0.708787932023041,Hold,5.0,Hold,6.0,Hold,6.0,Hold,8.0,Hold,6.0,Hold,8.0,Hold,10.0,Buy,4.0,Hold,4.0,Hold,6.0
26/5/2021,123.9970856,0.7091126089860019,Hold,5.0,Hold,6.0,Hold,6.0,Hold,8.0,Hold,6.0,Hold,8.0,Hold,10.0,Buy,4.0,Hold,4.0,Hold,6.0
27/5/2021,122.4624023,0.7389028782239261,Hold,5.0,Hold,6.0,Hold,6.0,Hold,8.0,Hold,6.0,Hold,8.0,Hold,10.0,Hold,4.0,Hold,4.0,Hold,6.0
28/5/2021,121.8074646,0.5996162946242161,Hold,5.0,Hold,6.0,Hold,6.0,Hold,8.0,Hold,6.0,Hold,8.0,Hold,10.0,Sell,4.0,Hold,4.0,Hold,6.0
1/6/2021,121.4848938,0.7245983545357562,Hold,5.0,Hold,6.0,Hold,6.0,Hold,8.0,Hold,6.0,Hold,8.0,Hold,10.0,Hold,4.0,Hold,4.0,Hold,6.0
2/6/2021,122.247345,0.7101492780895854,Hold,5.0,Hold,6.0,Hold,6.0,Hold,8.0,Hold,6.0,Hold,8.0,Hold,10.0,Hold,4.0,Hold,4.0,Hold,6.0
3/6/2021,120.761528,0.7105047510538106,Hold,5.0,Hold,6.0,Hold,6.0,Hold,8.0,Sell,6.0,Hold,8.0,Hold,10.0,Hold,4.0,Hold,4.0,Hold,6.0
4/6/2021,123.0586777,0.7354500096133927,Hold,5.0,Hold,6.0,Hold,6.0,Hold,8.0,Hold,6.0,Hold,8.0,Hold,10.0,Hold,4.0,Hold,4.0,Hold,6.0
7/6/2021,123.0684509,0.7246337043136887,Hold,5.0,Hold,6.0,Buy,6.0,Buy,8.0,Hold,6.0,Buy,8.0,Buy,10.0,Buy,4.0,Buy,4.0,Buy,6.0
8/6/2021,123.8895569,0.7250649320587365,Hold,5.0,Hold,6.0,Hold,6.0,Hold,8.0,Hold,6.0,Hold,8.0,Hold,10.0,Hold,4.0,Hold,4.0,Hold,6.0
9/6/2021,124.2707977,0.6945072477612199,Hold,5.0,Buy,6.0,Hold,6.0,Hold,8.0,Buy,6.0,Hold,8.0,Hold,10.0,Hold,4.0,Hold,4.0,Hold,6.0
10/6/2021,123.2737427,0.7036252642911969,Hold,5.0,Hold,6.0,Hold,6.0,Hold,8.0,Hold,6.0,Hold,8.0,Hold,10.0,Hold,4.0,Hold,4.0,Hold,6.0
11/6/2021,124.4858551,0.7345461716888454,Hold,5.0,Hold,6.0,Hold,6.0,Hold,8.0,Hold,6.0,Hold,8.0,Hold,10.0,Hold,4.0,Hold,4.0,Hold,6.0
14/6/2021,127.5454559,0.7224147913558766,Hold,5.0,Buy,6.0,Hold,6.0,Hold,8.0,Buy,6.0,Hold,8.0,Hold,10.0,Hold,4.0,Hold,4.0,Hold,6.0
15/6/2021,126.7243576,0.7353043428037931,Hold,5.0,Hold,6.0,Hold,6.0,Hold,8.0,Hold,6.0,Hold,8.0,Hold,10.0,Hold,4.0,Hold,4.0,Hold,6.0
16/6/2021,127.2228851,0.6923712559144618,Hold,5.0,Hold,6.0,Hold,6.0,Hold,8.0,Hold,6.0,Hold,8.0,Hold,10.0,Hold,4.0,Hold,4.0,Hold,6.0
17/6/2021,128.826004,0.7088884547179991,Hold,5.0,Hold,6.0,Hold,6.0,Hold,8.0,Hold,6.0,Hold,8.0,Hold,10.0,Hold,4.0,Hold,4.0,Hold,6.0
18/6/2021,127.5258942,0.7794423745372472,Hold,5.0,Hold,6.0,Hold,6.0,Hold,8.0,Hold,6.0,Hold,8.0,Hold,10.0,Hold,4.0,Hold,4.0,Hold,6.0
21/6/2021,129.3245239,0.6848114724022387,Hold,5.0,Hold,6.0,Hold,6.0,Hold,8.0,Hold,6.0,Hold,8.0,Hold,10.0,Hold,4.0,Hold,4.0,Hold,6.0
22/6/2021,130.9667206,0.7255008521787737,Hold,5.0,Hold,6.0,Hold,6.0,Hold,8.0,Hold,6.0,Hold,8.0,Hold,10.0,Hold,4.0,Hold,4.0,Hold,6.0
23/6/2021,130.6930695,0.7204480668935197,Hold,5.0,Hold,6.0,Hold,6.0,Hold,8.0,Hold,6.0,Hold,8.0,Hold,10.0,Hold,4.0,Hold,4.0,Hold,6.0
24/6/2021,130.4095612,0.6958602214105898,Hold,5.0,Hold,6.0,Hold,6.0,Hold,8.0,Hold,6.0,Hold,8.0,Hold,10.0,Hold,4.0,Hold,4.0,Hold,6.0
25/6/2021,130.1162872,0.6863087664503074,Hold,5.0,Hold,6.0,Hold,6.0,Hold,8.0,Hold,6.0,Hold,8.0,Hold,10.0,Hold,4.0,Hold,4.0,Hold,6.0
28/6/2021,131.7487335,0.7229536615570388,Hold,5.0,Hold,6.0,Hold,6.0,Hold,8.0,Hold,6.0,Hold,8.0,Hold,10.0,Hold,4.0,Hold,4.0,Hold,6.0
29/6/2021,133.2638855,0.7345312945071287,Hold,5.0,Hold,6.0,Hold,6.0,Hold,8.0,Hold,6.0,Hold,8.0,Hold,10.0,Hold,4.0,Hold,4.0,Hold,6.0
30/6/2021,133.8797455,0.7039214111296265,Hold,5.0,Hold,6.0,Hold,6.0,Hold,8.0,Hold,6.0,Hold,8.0,Hold,10.0,Hold,4.0,Hold,4.0,Hold,6.0
1/7/2021,134.1827545,0.7084861553461292,Hold,5.0,Hold,6.0,Hold,6.0,Hold,8.0,Hold,6.0,Hold,8.0,Hold,10.0,Hold,4.0,Hold,4.0,Hold,6.0
2/7/2021,136.8122406,0.7402982511344193,Hold,5.0,Hold,6.0,Hold,6.0,Hold,8.0,Hold,6.0,Hold,8.0,Hold,10.0,Hold,4.0,Hold,4.0,Hold,6.0
6/7/2021,138.8259277,0.6981766621532856,Hold,5.0,Hold,6.0,Hold,6.0,Hold,8.0,Hold,6.0,Hold,8.0,Hold,10.0,Hold,4.0,Hold,4.0,Hold,6.0
7/7/2021,141.318573,0.7308760238500404,Hold,5.0,Hold,6.0,Hold,6.0,Hold,8.0,Hold,6.0,Hold,8.0,Hold,10.0,Hold,4.0,Hold,4.0,Hold,6.0
8/7/2021,140.0184479,0.6884556352460961,Hold,5.0,Hold,6.0,Hold,6.0,Hold,8.0,Hold,6.0,Hold,8.0,Hold,10.0,Hold,4.0,Hold,4.0,Hold,6.0
9/7/2021,141.8463898,0.7492346634379972,Hold,5.0,Hold,6.0,Hold,6.0,Hold,8.0,Hold,6.0,Hold,8.0,Hold,10.0,Hold,4.0,Hold,4.0,Hold,6.0
12/7/2021,141.2501221,0.7438011415483216,Hold,5.0,Hold,6.0,Hold,6.0,Hold,8.0,Hold,6.0,Hold,8.0,Hold,10.0,Hold,4.0,Hold,4.0,Hold,6.0
13/7/2021,142.364502,0.7210160116620044,Hold,5.0,Hold,6.0,Hold,6.0,Hold,8.0,Hold,6.0,Hold,8.0,Hold,10.0,Hold,4.0,Hold,4.0,Hold,6.0
14/7/2021,145.795517,0.7064066674488275,Hold,5.0,Hold,6.0,Hold,6.0,Hold,8.0,Hold,6.0,Hold,8.0,Hold,10.0,Hold,4.0,Hold,4.0,Hold,6.0
15/7/2021,145.1406403,0.7002772695003923,Hold,5.0,Hold,6.0,Hold,6.0,Hold,8.0,Hold,6.0,Hold,8.0,Hold,10.0,Hold,4.0,Hold,4.0,Hold,6.0
16/7/2021,143.0976563,0.7160297264689138,Hold,5.0,Hold,6.0,Hold,6.0,Hold,8.0,Hold,6.0,Hold,8.0,Hold,10.0,Hold,4.0,Hold,4.0,Hold,6.0
19/7/2021,139.2462463,0.6891067498024571,Hold,5.0,Hold,6.0,Hold,6.0,Hold,8.0,Hold,6.0,Hold,8.0,Hold,10.0,Hold,4.0,Hold,4.0,Hold,6.0
20/7/2021,142.8630066,0.6980981419943831,Hold,5.0,Hold,6.0,Hold,6.0,Hold,8.0,Hold,6.0,Hold,8.0,Sell,10.0,Sell,4.0,Hold,4.0,Hold,6.0
21/7/2021,142.1299133,0.703320937446705,Hold,5.0,Hold,6.0,Hold,6.0,Hold,8.0,Hold,6.0,Hold,8.0,Hold,10.0,Buy,4.0,Hold,4.0,Hold,6.0
22/7/2021,143.4984283,0.6864962972618283,Hold,5.0,Hold,6.0,Hold,6.0,Hold,8.0,Hold,6.0,Hold,8.0,Hold,10.0,Hold,4.0,Hold,4.0,Hold,6.0
23/7/2021,145.2187958,0.7272266839133184,Hold,5.0,Hold,6.0,Hold,6.0,Hold,8.0,Hold,6.0,Hold,8.0,Hold,10.0,Hold,4.0,Hold,4.0,Hold,6.0
26/7/2021,145.6391907,0.6959653191841145,Hold,5.0,Hold,6.0,Hold,6.0,Hold,8.0,Hold,6.0,Hold,8.0,Hold,10.0,Hold,4.0,Hold,4.0,Hold,6.0
27/7/2021,143.4691162,0.6361596357765218,Hold,5.0,Hold,6.0,Hold,6.0,Hold,8.0,Hold,6.0,Hold,8.0,Hold,10.0,Hold,4.0,Hold,4.0,Hold,6.0
28/7/2021,141.7193451,0.641150748453914,Hold,5.0,Hold,6.0,Hold,6.0,Hold,8.0,Hold,6.0,Hold,8.0,Hold,10.0,Sell,4.0,Hold,4.0,Hold,6.0
29/7/2021,142.364502,0.7000954765851303,Hold,5.0,Hold,6.0,Hold,6.0,Hold,8.0,Hold,6.0,Hold,8.0,Hold,10.0,Sell,4.0,Hold,4.0,Hold,6.0
30/7/2021,142.5795593,0.7105307272319059,Hold,5.0,Hold,6.0,Hold,6.0,Hold,8.0,Hold,6.0,Hold,8.0,Hold,10.0,Buy,4.0,Hold,4.0,Hold,6.0
2/8/2021,142.2472076,0.6827555723969944,Hold,5.0,Hold,6.0,Hold,6.0,Hold,8.0,Hold,6.0,Hold,8.0,Hold,10.0,Hold,4.0,Hold,4.0,Hold,6.0
3/8/2021,144.0458221,0.6889666007876172,Hold,5.0,Hold,6.0,Hold,6.0,Hold,8.0,Hold,6.0,Hold,8.0,Hold,10.0,Sell,4.0,Sell,4.0,Hold,6.0
4/8/2021,143.6450195,0.7084464802984884,Hold,5.0,Hold,6.0,Hold,6.0,Hold,8.0,Hold,6.0,Hold,8.0,Hold,10.0,Buy,4.0,Hold,4.0,Hold,6.0
5/8/2021,143.7525177,0.7649385298946781,Hold,5.0,Hold,6.0,Hold,6.0,Hold,8.0,Hold,6.0,Hold,8.0,Hold,10.0,Sell,4.0,Hold,4.0,Hold,6.0
6/8/2021,143.0672913,0.6971599407087747,Hold,5.0,Hold,6.0,Hold,6.0,Hold,8.0,Hold,6.0,Hold,8.0,Hold,10.0,Hold,4.0,Hold,4.0,Hold,6.0
9/8/2021,143.0183563,0.7347142472238758,Hold,5.0,Hold,6.0,Hold,6.0,Hold,8.0,Hold,6.0,Hold,8.0,Hold,10.0,Hold,4.0,Hold,4.0,Hold,6.0
10/8/2021,142.5386505,0.7273262058934971,Hold,5.0,Hold,6.0,Hold,6.0,Hold,8.0,Hold,6.0,Hold,8.0,Hold,10.0,Hold,4.0,Hold,4.0,Hold,6.0
11/8/2021,142.7931976,0.6936664615795187,Hold,5.0,Hold,6.0,Hold,6.0,Hold,8.0,Hold,6.0,Sell,8.0,Sell,10.0,Hold,4.0,Sell,4.0,Hold,6.0
12/8/2021,145.7594604,0.7096948884836725,Hold,5.0,Hold,6.0,Hold,6.0,Hold,8.0,Buy,6.0,Hold,8.0,Hold,10.0,Buy,4.0,Hold,4.0,Hold,6.0
13/8/2021,145.9650574,0.7631037741878571,Hold,5.0,Hold,6.0,Hold,6.0,Hold,8.0,Hold,6.0,Buy,8.0,Buy,10.0,Hold,4.0,Buy,4.0,Hold,6.0
16/8/2021,147.9425812,0.7129230506613038,Hold,5.0,Hold,6.0,Hold,6.0,Hold,8.0,Hold,6.0,Hold,8.0,Hold,10.0,Hold,4.0,Buy,4.0,Hold,6.0
17/8/2021,147.0321198,0.6775718256685647,Hold,5.0,Hold,6.0,Hold,6.0,Hold,8.0,Hold,6.0,Hold,8.0,Buy,10.0,Hold,4.0,Hold,4.0,Buy,6.0
18/8/2021,143.2826691,0.6984096728839791,Hold,5.0,Hold,6.0,Hold,6.0,Hold,8.0,Hold,6.0,Hold,8.0,Sell,10.0,Hold,4.0,Hold,4.0,Sell,6.0
19/8/2021,143.6154938,0.678801536052429,Hold,5.0,Hold,6.0,Hold,6.0,Hold,8.0,Sell,6.0,Sell,8.0,Hold,10.0,Sell,4.0,Hold,4.0,Hold,6.0
20/8/2021,145.0741882,0.7387685935545394,Hold,5.0,Hold,6.0,Hold,6.0,Hold,8.0,Hold,6.0,Buy,8.0,Hold,10.0,Hold,4.0,Hold,4.0,Buy,6.0
23/8/2021,146.5622253,0.7377559722346302,Hold,5.0,Hold,6.0,Hold,6.0,Hold,8.0,Hold,6.0,Hold,8.0,Buy,10.0,Buy,4.0,Hold,4.0,Hold,6.0
24/8/2021,146.4741211,0.7139830165737839,Hold,5.0,Hold,6.0,Hold,6.0,Hold,8.0,Hold,6.0,Hold,8.0,Hold,10.0,Hold,4.0,Hold,4.0,Hold,6.0
25/8/2021,145.2406006,0.6928800545880167,Hold,5.0,Hold,6.0,Hold,6.0,Hold,8.0,Hold,6.0,Hold,8.0,Hold,10.0,Hold,4.0,Hold,4.0,Hold,6.0
26/8/2021,144.4378204,0.7628726869216075,Hold,5.0,Hold,6.0,Hold,6.0,Hold,8.0,Hold,6.0,Hold,8.0,Hold,10.0,Hold,4.0,Hold,4.0,Hold,6.0
27/8/2021,145.4755707,0.7548901181669058,Sell,5.0,Hold,6.0,Hold,6.0,Hold,8.0,Hold,6.0,Hold,8.0,Hold,10.0,Sell,4.0,Hold,4.0,Hold,6.0
30/8/2021,149.9005127,0.7510202116311794,Hold,5.0,Hold,6.0,Hold,6.0,Hold,8.0,Hold,6.0,Hold,8.0,Buy,10.0,Buy,4.0,Hold,4.0,Hold,6.0
31/8/2021,148.6376801,0.6903430004198549,Hold,5.0,Hold,6.0,Hold,6.0,Hold,8.0,Hold,6.0,Hold,8.0,Hold,10.0,Hold,4.0,Hold,4.0,Hold,6.0
1/9/2021,149.3033142,0.7331701766162477,Hold,5.0,Hold,6.0,Hold,6.0,Hold,8.0,Hold,6.0,Hold,8.0,Hold,10.0,Hold,4.0,Hold,4.0,Hold,6.0
2/9/2021,150.4193573,0.745693332598005,Hold,5.0,Hold,6.0,Hold,6.0,Hold,8.0,Hold,6.0,Hold,8.0,Hold,10.0,Hold,4.0,Hold,4.0,Hold,6.0
3/9/2021,151.0556946,0.7099668547392062,Hold,5.0,Hold,6.0,Hold,6.0,Hold,8.0,Hold,6.0,Hold,8.0,Hold,10.0,Hold,4.0,Hold,4.0,Hold,6.0
7/9/2021,153.395462,0.7364203293845164,Hold,5.0,Hold,6.0,Hold,6.0,Hold,8.0,Hold,6.0,Hold,8.0,Hold,10.0,Hold,4.0,Hold,4.0,Hold,6.0
8/9/2021,151.8486786,0.7284571851192942,Sell,5.0,Hold,6.0,Hold,6.0,Hold,8.0,Hold,6.0,Hold,8.0,Hold,10.0,Hold,4.0,Hold,4.0,Hold,6.0
9/9/2021,150.8305511,0.7237196324473663,Hold,5.0,Hold,6.0,Hold,6.0,Hold,8.0,Hold,6.0,Hold,8.0,Hold,10.0,Hold,4.0,Hold,4.0,Hold,6.0
10/9/2021,145.8377686,0.6571006600990923,Hold,5.0,Hold,6.0,Hold,6.0,Hold,8.0,Hold,6.0,Hold,8.0,Sell,10.0,Hold,4.0,Hold,4.0,Sell,6.0
13/9/2021,146.4055786,0.6798951969826397,Hold,5.0,Sell,6.0,Sell,6.0,Sell,8.0,Sell,6.0,Sell,8.0,Hold,10.0,Sell,4.0,Sell,4.0,Hold,6.0
14/9/2021,145.005661,0.7276608565203876,Hold,5.0,Hold,6.0,Hold,6.0,Hold,8.0,Hold,6.0,Hold,8.0,Hold,10.0,Hold,4.0,Hold,4.0,Hold,6.0
15/9/2021,145.8964996,0.692010378122032,Hold,5.0,Hold,6.0,Hold,6.0,Hold,8.0,Hold,6.0,Hold,8.0,Hold,10.0,Hold,4.0,Hold,4.0,Hold,6.0
16/9/2021,145.6615601,0.6960088118123804,Hold,5.0,Hold,6.0,Hold,6.0,Hold,8.0,Hold,6.0,Hold,8.0,Hold,10.0,Hold,4.0,Hold,4.0,Hold,6.0
17/9/2021,142.9889526,0.7114240602244039,Hold,5.0,Hold,6.0,Hold,6.0,Hold,8.0,Hold,6.0,Hold,8.0,Hold,10.0,Hold,4.0,Hold,4.0,Hold,6.0
20/9/2021,139.9345856,0.6184039384374034,Hold,5.0,Hold,6.0,Hold,6.0,Hold,8.0,Hold,6.0,Hold,8.0,Hold,10.0,Hold,4.0,Hold,4.0,Hold,6.0
21/9/2021,140.4142609,0.7165843869196903,Hold,5.0,Hold,6.0,Hold,6.0,Hold,8.0,Hold,6.0,Hold,8.0,Hold,10.0,Hold,4.0,Hold,4.0,Hold,6.0
22/9/2021,142.7833557,0.7087571075047118,Hold,5.0,Hold,6.0,Hold,6.0,Hold,8.0,Hold,6.0,Hold,8.0,Hold,10.0,Hold,4.0,Hold,4.0,Hold,6.0
23/9/2021,143.7427826,0.728993428763281,Hold,5.0,Hold,6.0,Hold,6.0,Hold,8.0,Hold,6.0,Hold,8.0,Hold,10.0,Hold,4.0,Hold,4.0,Hold,6.0
24/9/2021,143.8308868,0.6995965323817086,Hold,5.0,Hold,6.0,Hold,6.0,Hold,8.0,Hold,6.0,Hold,8.0,Hold,10.0,Hold,4.0,Hold,4.0,Hold,6.0
27/9/2021,142.3134613,0.6949407115199318,Hold,5.0,Hold,6.0,Hold,6.0,Hold,8.0,Hold,6.0,Hold,8.0,Hold,10.0,Hold,4.0,Hold,4.0,Hold,6.0
28/9/2021,138.9261932,0.6920110095283311,Hold,5.0,Hold,6.0,Hold,6.0,Hold,8.0,Hold,6.0,Hold,8.0,Hold,10.0,Hold,4.0,Hold,4.0,Hold,6.0
29/9/2021,139.826889,0.7251474597049706,Hold,5.0,Hold,6.0,Hold,6.0,Hold,8.0,Hold,6.0,Hold,8.0,Hold,10.0,Hold,4.0,Hold,4.0,Hold,6.0
30/9/2021,138.5248413,0.7034475060143356,Hold,5.0,Hold,6.0,Hold,6.0,Hold,8.0,Hold,6.0,Hold,8.0,Hold,10.0,Hold,4.0,Hold,4.0,Hold,6.0
1/10/2021,139.6506348,0.6707742849715506,Hold,5.0,Hold,6.0,Hold,6.0,Hold,8.0,Hold,6.0,Hold,8.0,Hold,10.0,Hold,4.0,Hold,4.0,Hold,6.0
4/10/2021,136.2144928,0.6620063442398959,Hold,5.0,Hold,6.0,Hold,6.0,Hold,8.0,Hold,6.0,Hold,8.0,Hold,10.0,Hold,4.0,Hold,4.0,Hold,6.0
5/10/2021,138.1430511,0.6867341608990749,Hold,5.0,Hold,6.0,Hold,6.0,Hold,8.0,Hold,6.0,Hold,8.0,Hold,10.0,Hold,4.0,Hold,4.0,Hold,6.0
6/10/2021,139.0143433,0.6844325125862579,Hold,5.0,Hold,6.0,Hold,6.0,Hold,8.0,Hold,6.0,Hold,8.0,Hold,10.0,Hold,4.0,Hold,4.0,Hold,6.0
7/10/2021,140.2772217,0.7435563730218979,Hold,5.0,Hold,6.0,Hold,6.0,Hold,8.0,Hold,6.0,Hold,8.0,Hold,10.0,Hold,4.0,Hold,4.0,Hold,6.0
8/10/2021,139.895401,0.7315840513429566,Hold,5.0,Hold,6.0,Hold,6.0,Buy,8.0,Hold,6.0,Buy,8.0,Buy,10.0,Buy,4.0,Hold,4.0,Hold,6.0
11/10/2021,139.807312,0.71545674921014,Hold,5.0,Hold,6.0,Hold,6.0,Hold,8.0,Hold,6.0,Hold,8.0,Hold,10.0,Hold,4.0,Hold,4.0,Hold,6.0
12/10/2021,138.5346375,0.6304498770029124,Hold,5.0,Hold,6.0,Hold,6.0,Hold,8.0,Hold,6.0,Hold,8.0,Hold,10.0,Hold,4.0,Hold,4.0,Hold,6.0
13/10/2021,137.9472351,0.5456699728592693,Hold,5.0,Hold,6.0,Hold,6.0,Hold,8.0,Hold,6.0,Hold,8.0,Hold,10.0,Hold,4.0,Hold,4.0,Hold,6.0
14/10/2021,140.7373047,0.6900613726247797,Hold,5.0,Hold,6.0,Hold,6.0,Hold,8.0,Hold,6.0,Hold,8.0,Buy,10.0,Hold,4.0,Hold,4.0,Buy,6.0
15/10/2021,141.7946167,0.7062893237641474,Hold,5.0,Buy,6.0,Buy,6.0,Buy,8.0,Buy,6.0,Buy,8.0,Hold,10.0,Buy,4.0,Buy,4.0,Hold,6.0
18/10/2021,143.4686737,0.7211005687745049,Hold,5.0,Hold,6.0,Hold,6.0,Hold,8.0,Hold,6.0,Hold,8.0,Hold,10.0,Hold,4.0,Hold,4.0,Hold,6.0
19/10/2021,145.6321564,0.7108896092987933,Hold,5.0,Hold,6.0,Hold,6.0,Hold,8.0,Hold,6.0,Hold,8.0,Hold,10.0,Hold,4.0,Hold,4.0,Hold,6.0
20/10/2021,146.1216583,0.706881380847648,Hold,5.0,Hold,6.0,Hold,6.0,Hold,8.0,Hold,6.0,Hold,8.0,Hold,10.0,Hold,4.0,Hold,4.0,Hold,6.0
21/10/2021,146.3370514,0.6486578474283048,Hold,5.0,Hold,6.0,Hold,6.0,Hold,8.0,Hold,6.0,Hold,8.0,Hold,10.0,Hold,4.0,Hold,4.0,Hold,6.0
22/10/2021,145.5636597,0.6457480778997652,Hold,5.0,Hold,6.0,Hold,6.0,Hold,8.0,Hold,6.0,Hold,8.0,Hold,10.0,Hold,4.0,Hold,4.0,Hold,6.0
25/10/2021,145.5146942,0.6203695943685138,Hold,5.0,Hold,6.0,Hold,6.0,Hold,8.0,Hold,6.0,Hold,8.0,Hold,10.0,Hold,4.0,Hold,4.0,Hold,6.0
26/10/2021,146.1804352,0.6569246720970477,Hold,5.0,Hold,6.0,Hold,6.0,Hold,8.0,Hold,6.0,Hold,8.0,Hold,10.0,Hold,4.0,Hold,4.0,Hold,6.0
27/10/2021,145.7203522,0.6996915064706674,Hold,5.0,Hold,6.0,Hold,6.0,Hold,8.0,Hold,6.0,Hold,8.0,Hold,10.0,Hold,4.0,Hold,4.0,Hold,6.0
28/10/2021,149.3620911,0.5688383167420823,Hold,5.0,Hold,6.0,Hold,6.0,Hold,8.0,Hold,6.0,Hold,8.0,Hold,10.0,Hold,4.0,Hold,4.0,Hold,6.0
29/10/2021,146.6503448,0.5550118702825136,Hold,5.0,Hold,6.0,Hold,6.0,Hold,8.0,Hold,6.0,Hold,8.0,Hold,10.0,Hold,4.0,Hold,4.0,Hold,6.0
1/11/2021,145.8280029,0.6657106638449277,Hold,5.0,Hold,6.0,Hold,6.0,Hold,8.0,Hold,6.0,Hold,8.0,Hold,10.0,Hold,4.0,Hold,4.0,Hold,6.0
2/11/2021,146.8657379,0.646311456230527,Hold,5.0,Hold,6.0,Hold,6.0,Hold,8.0,Hold,6.0,Hold,8.0,Hold,10.0,Hold,4.0,Hold,4.0,Hold,6.0
3/11/2021,148.3047638,0.7302615597957873,Hold,5.0,Hold,6.0,Hold,6.0,Hold,8.0,Hold,6.0,Hold,8.0,Hold,10.0,Hold,4.0,Hold,4.0,Hold,6.0
4/11/2021,147.785965,0.722260784641678,Hold,5.0,Hold,6.0,Hold,6.0,Hold,8.0,Hold,6.0,Hold,8.0,Hold,10.0,Hold,4.0,Hold,4.0,Hold,6.0
5/11/2021,148.3153229,0.7159777813861147,Hold,5.0,Hold,6.0,Hold,6.0,Hold,8.0,Hold,6.0,Hold,8.0,Hold,10.0,Hold,4.0,Hold,4.0,Hold,6.0
8/11/2021,147.4918213,0.7019492731037713,Hold,5.0,Hold,6.0,Hold,6.0,Hold,8.0,Hold,6.0,Hold,8.0,Hold,10.0,Hold,4.0,Hold,4.0,Hold,6.0
9/11/2021,147.8545837,0.7722898000834997,Hold,5.0,Hold,6.0,Hold,6.0,Hold,8.0,Hold,6.0,Hold,8.0,Hold,10.0,Hold,4.0,Hold,4.0,Hold,6.0
10/11/2021,145.0212097,0.688604953772984,Hold,5.0,Hold,6.0,Hold,6.0,Hold,8.0,Hold,6.0,Hold,8.0,Sell,10.0,Hold,4.0,Hold,4.0,Sell,6.0
11/11/2021,144.9721832,0.7354754511795895,Hold,5.0,Hold,6.0,Hold,6.0,Hold,8.0,Sell,6.0,Sell,8.0,Hold,10.0,Sell,4.0,Hold,4.0,Hold,6.0
12/11/2021,147.0506439,0.7124031281049501,Hold,5.0,Hold,6.0,Hold,6.0,Hold,8.0,Hold,6.0,Hold,8.0,Hold,10.0,Hold,4.0,Hold,4.0,Hold,6.0
15/11/2021,147.0604401,0.7377669322230705,Sell,5.0,Hold,6.0,Hold,6.0,Hold,8.0,Hold,6.0,Buy,8.0,Buy,10.0,Hold,4.0,Hold,4.0,Buy,6.0
16/11/2021,148.0408173,0.7178661185756849,Hold,5.0,Hold,6.0,Hold,6.0,Hold,8.0,Hold,6.0,Hold,8.0,Hold,10.0,Hold,4.0,Hold,4.0,Hold,6.0
17/11/2021,150.4820557,0.7487933737128055,Sell,5.0,Hold,6.0,Hold,6.0,Hold,8.0,Hold,6.0,Hold,8.0,Hold,10.0,Hold,4.0,Hold,4.0,Hold,6.0
18/11/2021,154.7761841,0.745666655035526,Hold,5.0,Hold,6.0,Hold,6.0,Hold,8.0,Hold,6.0,Hold,8.0,Hold,10.0,Hold,4.0,Hold,4.0,Hold,6.0
19/11/2021,157.4036713,0.7542302423550995,Hold,5.0,Hold,6.0,Hold,6.0,Hold,8.0,Hold,6.0,Hold,8.0,Hold,10.0,Hold,4.0,Hold,4.0,Hold,6.0
22/11/2021,157.864502,0.7207503822301333,Hold,5.0,Hold,6.0,Hold,6.0,Hold,8.0,Hold,6.0,Hold,8.0,Hold,10.0,Hold,4.0,Hold,4.0,Hold,6.0
23/11/2021,158.2468262,0.7040135571915026,Hold,5.0,Hold,6.0,Hold,6.0,Hold,8.0,Hold,6.0,Hold,8.0,Hold,10.0,Hold,4.0,Hold,4.0,Hold,6.0
24/11/2021,158.7664185,0.7042547428146048,Hold,5.0,Hold,6.0,Hold,6.0,Hold,8.0,Hold,6.0,Hold,8.0,Hold,10.0,Hold,4.0,Hold,4.0,Hold,6.0
26/11/2021,153.7369843,0.6512898907582588,Hold,5.0,Hold,6.0,Hold,6.0,Hold,8.0,Hold,6.0,Hold,8.0,Hold,10.0,Hold,4.0,Hold,4.0,Hold,6.0
29/11/2021,157.099762,0.7478496268670006,Hold,5.0,Hold,6.0,Hold,6.0,Hold,8.0,Hold,6.0,Hold,8.0,Hold,10.0,Hold,4.0,Hold,4.0,Hold,6.0
30/11/2021,162.0606079,0.6999687781006803,Hold,5.0,Hold,6.0,Hold,6.0,Hold,8.0,Hold,6.0,Hold,8.0,Hold,10.0,Hold,4.0,Hold,4.0,Hold,6.0
1/12/2021,161.5409851,0.7168675159558027,Hold,5.0,Hold,6.0,Hold,6.0,Hold,8.0,Hold,6.0,Hold,8.0,Hold,10.0,Hold,4.0,Hold,4.0,Hold,6.0
2/12/2021,160.550766,0.6003153322820933,Hold,5.0,Hold,6.0,Hold,6.0,Hold,8.0,Hold,6.0,Hold,8.0,Hold,10.0,Hold,4.0,Hold,4.0,Hold,6.0
3/12/2021,158.6684113,0.6850198483780929,Hold,5.0,Hold,6.0,Hold,6.0,Hold,8.0,Hold,6.0,Hold,8.0,Hold,10.0,Hold,4.0,Hold,4.0,Hold,6.0
6/12/2021,162.0802307,0.7040652442925598,Hold,5.0,Hold,6.0,Hold,6.0,Hold,8.0,Hold,6.0,Hold,8.0,Hold,10.0,Hold,4.0,Hold,4.0,Hold,6.0
7/12/2021,167.8253632,0.7234002218913324,Hold,5.0,Hold,6.0,Hold,6.0,Hold,8.0,Hold,6.0,Hold,8.0,Hold,10.0,Hold,4.0,Hold,4.0,Hold,6.0
8/12/2021,171.6489258,0.6808048130767422,Hold,5.0,Hold,6.0,Hold,6.0,Hold,8.0,Hold,6.0,Hold,8.0,Hold,10.0,Hold,4.0,Hold,4.0,Hold,6.0
9/12/2021,171.1390991,0.7001178215239836,Hold,5.0,Hold,6.0,Hold,6.0,Hold,8.0,Hold,6.0,Hold,8.0,Hold,10.0,Hold,4.0,Hold,4.0,Hold,6.0
10/12/2021,175.9333191,0.7319048002453421,Hold,5.0,Hold,6.0,Hold,6.0,Hold,8.0,Hold,6.0,Hold,8.0,Hold,10.0,Hold,4.0,Hold,4.0,Hold,6.0
13/12/2021,172.2960205,0.7017933193130508,Hold,5.0,Hold,6.0,Hold,6.0,Hold,8.0,Hold,6.0,Hold,8.0,Hold,10.0,Hold,4.0,Hold,4.0,Hold,6.0
14/12/2021,170.9136353,0.6594382578507257,Hold,5.0,Hold,6.0,Hold,6.0,Hold,8.0,Hold,6.0,Hold,8.0,Hold,10.0,Hold,4.0,Hold,4.0,Hold,6.0
15/12/2021,175.7862396,0.7307362869837791,Hold,5.0,Hold,6.0,Hold,6.0,Hold,8.0,Hold,6.0,Hold,8.0,Hold,10.0,Hold,4.0,Hold,4.0,Hold,6.0
16/12/2021,168.884201,0.7151394508401112,Hold,5.0,Hold,6.0,Hold,6.0,Hold,8.0,Hold,6.0,Hold,8.0,Hold,10.0,Hold,4.0,Hold,4.0,Hold,6.0
17/12/2021,167.7861481,0.7031118477748046,Hold,5.0,Hold,6.0,Hold,6.0,Hold,8.0,Hold,6.0,Hold,8.0,Sell,10.0,Hold,4.0,Hold,4.0,Hold,6.0
20/12/2021,166.4234161,0.6550659823424188,Hold,5.0,Hold,6.0,Hold,6.0,Hold,8.0,Hold,6.0,Hold,8.0,Hold,10.0,Sell,4.0,Hold,4.0,Hold,6.0
21/12/2021,169.5999146,0.6837223590372697,Hold,5.0,Hold,6.0,Hold,6.0,Hold,8.0,Hold,6.0,Hold,8.0,Hold,10.0,Hold,4.0,Hold,4.0,Hold,6.0
22/12/2021,172.197998,0.6984869102379972,Hold,5.0,Hold,6.0,Hold,6.0,Hold,8.0,Hold,6.0,Hold,8.0,Hold,10.0,Buy,4.0,Hold,4.0,Hold,6.0
23/12/2021,172.8254242,0.7328390869782299,Hold,5.0,Hold,6.0,Hold,6.0,Hold,8.0,Hold,6.0,Hold,8.0,Hold,10.0,Hold,4.0,Hold,4.0,Hold,6.0
27/12/2021,176.796051,0.7519342617582789,Hold,5.0,Hold,6.0,Hold,6.0,Hold,8.0,Hold,6.0,Hold,8.0,Hold,10.0,Hold,4.0,Hold,4.0,Hold,6.0
28/12/2021,175.7764282,0.7350404598294464,Hold,5.0,Hold,6.0,Hold,6.0,Hold,8.0,Hold,6.0,Hold,8.0,Hold,10.0,Hold,4.0,Hold,4.0,Hold,6.0
29/12/2021,175.8646545,0.7112057721176098,Hold,5.0,Hold,6.0,Hold,6.0,Hold,8.0,Hold,6.0,Hold,8.0,Hold,10.0,Hold,4.0,Hold,4.0,Hold,6.0
30/12/2021,174.7077942,0.7388309150625081,Hold,5.0,Hold,6.0,Hold,6.0,Hold,8.0,Hold,6.0,Hold,8.0,Hold,10.0,Hold,4.0,Hold,4.0,Hold,6.0
31/12/2021,174.0901642,0.719178789757589,Hold,5.0,Hold,6.0,Hold,6.0,Hold,8.0,Hold,6.0,Hold,8.0,Hold,10.0,Hold,4.0,Hold,4.0,Hold,6.0
3/1/2022,178.4431458,0.731771707821415,Hold,5.0,Hold,6.0,Hold,6.0,Hold,8.0,Hold,6.0,Hold,8.0,Hold,10.0,Hold,4.0,Hold,4.0,Hold,6.0
4/1/2022,176.178421,0.694408457198707,Hold,5.0,Hold,6.0,Hold,6.0,Hold,8.0,Hold,6.0,Hold,8.0,Hold,10.0,Hold,4.0,Hold,4.0,Hold,6.0
5/1/2022,171.4920654,0.7196882897949933,Hold,5.0,Hold,6.0,Hold,6.0,Hold,8.0,Hold,6.0,Hold,8.0,Hold,10.0,Hold,4.0,Hold,4.0,Hold,6.0
6/1/2022,168.6293182,0.7008095390365278,Hold,5.0,Hold,6.0,Hold,6.0,Hold,8.0,Hold,6.0,Sell,8.0,Hold,10.0,Sell,4.0,Sell,4.0,Hold,6.0
7/1/2022,168.7959595,0.6934790116260061,Hold,5.0,Hold,6.0,Hold,6.0,Hold,8.0,Sell,6.0,Sell,8.0,Hold,10.0,Hold,4.0,Hold,4.0,Hold,6.0
10/1/2022,168.815567,0.6939060761642925,Hold,5.0,Hold,6.0,Hold,6.0,Hold,8.0,Sell,6.0,Hold,8.0,Hold,10.0,Sell,4.0,Hold,4.0,Hold,6.0
11/1/2022,171.6489258,0.7219288901705062,Hold,5.0,Hold,6.0,Hold,6.0,Hold,8.0,Hold,6.0,Hold,8.0,Hold,10.0,Hold,4.0,Hold,4.0,Hold,6.0
12/1/2022,172.0901184,0.7265430804141552,Hold,5.0,Hold,6.0,Hold,6.0,Hold,8.0,Hold,6.0,Buy,8.0,Hold,10.0,Hold,4.0,Hold,4.0,Hold,6.0
13/1/2022,168.815567,0.6835360166339817,Hold,5.0,Hold,6.0,Hold,6.0,Hold,8.0,Hold,6.0,Hold,8.0,Hold,10.0,Hold,4.0,Hold,4.0,Hold,6.0
14/1/2022,169.6783142,0.6581455904992329,Hold,5.0,Sell,6.0,Sell,6.0,Sell,8.0,Hold,6.0,Sell,8.0,Hold,10.0,Hold,4.0,Sell,4.0,Hold,6.0
18/1/2022,166.4724274,0.6517276144805632,Hold,5.0,Hold,6.0,Hold,6.0,Hold,8.0,Hold,6.0,Hold,8.0,Hold,10.0,Hold,4.0,Hold,4.0,Hold,6.0
19/1/2022,162.9723511,0.638870404858494,Hold,5.0,Hold,6.0,Hold,6.0,Hold,8.0,Hold,6.0,Hold,8.0,Hold,10.0,Hold,4.0,Hold,4.0,Hold,6.0
20/1/2022,161.2861176,0.6707888268231167,Hold,5.0,Hold,6.0,Hold,6.0,Hold,8.0,Hold,6.0,Hold,8.0,Hold,10.0,Hold,4.0,Hold,4.0,Hold,6.0
21/1/2022,159.2272034,0.640508003418943,Hold,5.0,Hold,6.0,Hold,6.0,Hold,8.0,Hold,6.0,Hold,8.0,Hold,10.0,Hold,4.0,Hold,4.0,Hold,6.0
24/1/2022,158.452713,0.6483528153068169,Hold,5.0,Hold,6.0,Hold,6.0,Hold,8.0,Hold,6.0,Hold,8.0,Hold,10.0,Hold,4.0,Hold,4.0,Hold,6.0
25/1/2022,156.6487732,0.660685058250581,Buy,5.0,Hold,6.0,Hold,6.0,Hold,8.0,Hold,6.0,Hold,8.0,Hold,10.0,Hold,4.0,Hold,4.0,Hold,6.0
26/1/2022,156.5605316,0.6859672848146201,Buy,5.0,Hold,6.0,Hold,6.0,Hold,8.0,Hold,6.0,Hold,8.0,Hold,10.0,Hold,4.0,Hold,4.0,Hold,6.0
27/1/2022,156.0997314,0.6299739417273589,Buy,5.0,Hold,6.0,Hold,6.0,Hold,8.0,Hold,6.0,Hold,8.0,Hold,10.0,Hold,4.0,Hold,4.0,Hold,6.0
28/1/2022,166.9920349,0.6353461154831935,Hold,5.0,Hold,6.0,Hold,6.0,Hold,8.0,Hold,6.0,Hold,8.0,Hold,10.0,Hold,4.0,Hold,4.0,Hold,6.0
31/1/2022,171.3547974,0.6637816964390149,Hold,5.0,Buy,6.0,Buy,6.0,Buy,8.0,Buy,6.0,Buy,8.0,Buy,10.0,Buy,4.0,Hold,4.0,Buy,6.0
1/2/2022,171.1881561,0.7119142097518748,Hold,5.0,Hold,6.0,Hold,6.0,Hold,8.0,Hold,6.0,Hold,8.0,Hold,10.0,Hold,4.0,Hold,4.0,Hold,6.0
2/2/2022,172.3940277,0.626285462947803,Hold,5.0,Hold,6.0,Hold,6.0,Hold,8.0,Hold,6.0,Hold,8.0,Hold,10.0,Hold,4.0,Hold,4.0,Hold,6.0
3/2/2022,169.5116425,0.6260491763440897,Hold,5.0,Hold,6.0,Hold,6.0,Hold,8.0,Hold,6.0,Hold,8.0,Hold,10.0,Hold,4.0,Hold,4.0,Hold,6.0
4/2/2022,169.227005,0.69344402669539,Hold,5.0,Hold,6.0,Hold,6.0,Hold,8.0,Hold,6.0,Hold,8.0,Hold,10.0,Hold,4.0,Hold,4.0,Hold,6.0
7/2/2022,168.5103912,0.6936586550307772,Hold,5.0,Hold,6.0,Hold,6.0,Hold,8.0,Hold,6.0,Hold,8.0,Hold,10.0,Hold,4.0,Hold,4.0,Hold,6.0
8/2/2022,171.6222076,0.7498038128293811,Hold,5.0,Hold,6.0,Hold,6.0,Hold,8.0,Hold,6.0,Hold,8.0,Hold,10.0,Hold,4.0,Hold,4.0,Hold,6.0
9/2/2022,173.0456085,0.6886822549767312,Hold,5.0,Hold,6.0,Hold,6.0,Hold,8.0,Hold,6.0,Hold,8.0,Hold,10.0,Hold,4.0,Hold,4.0,Hold,6.0
10/2/2022,168.9619598,0.6994136428292677,Hold,5.0,Hold,6.0,Hold,6.0,Hold,8.0,Hold,6.0,Hold,8.0,Hold,10.0,Hold,4.0,Buy,4.0,Hold,6.0
11/2/2022,165.5457916,0.6564945690553957,Hold,5.0,Hold,6.0,Hold,6.0,Hold,8.0,Hold,6.0,Hold,8.0,Hold,10.0,Hold,4.0,Hold,4.0,Hold,6.0
14/2/2022,165.7814026,0.6771880498320841,Hold,5.0,Sell,6.0,Sell,6.0,Sell,8.0,Sell,6.0,Sell,8.0,Sell,10.0,Sell,4.0,Hold,4.0,Sell,6.0
15/2/2022,169.6196594,0.6776892921559337,Hold,5.0,Hold,6.0,Hold,6.0,Buy,8.0,Sell,6.0,Hold,8.0,Hold,10.0,Sell,4.0,Hold,4.0,Hold,6.0
16/2/2022,169.3840485,0.7061167595737505,Hold,5.0,Hold,6.0,Hold,6.0,Hold,8.0,Hold,6.0,Buy,8.0,Hold,10.0,Hold,4.0,Hold,4.0,Hold,6.0
17/2/2022,165.7814026,0.6662650634851598,Hold,5.0,Hold,6.0,Hold,6.0,Hold,8.0,Hold,6.0,Hold,8.0,Sell,10.0,Hold,4.0,Hold,4.0,Sell,6.0
18/2/2022,164.2303772,0.7073912643916042,Hold,5.0,Sell,6.0,Sell,6.0,Sell,8.0,Hold,6.0,Sell,8.0,Hold,10.0,Hold,4.0,Sell,4.0,Hold,6.0
22/2/2022,161.305069,0.6865976473381058,Hold,5.0,Hold,6.0,Hold,6.0,Hold,8.0,Hold,6.0,Hold,8.0,Hold,10.0,Hold,4.0,Hold,4.0,Hold,6.0
23/2/2022,157.1330414,0.6898341851481857,Hold,5.0,Hold,6.0,Hold,6.0,Hold,8.0,Hold,6.0,Hold,8.0,Hold,10.0,Hold,4.0,Hold,4.0,Hold,6.0
24/2/2022,159.7540436,0.652388423576372,Hold,5.0,Hold,6.0,Hold,6.0,Hold,8.0,Hold,6.0,Hold,8.0,Hold,10.0,Hold,4.0,Hold,4.0,Hold,6.0
25/2/2022,161.8253479,0.6893484487521255,Hold,5.0,Hold,6.0,Hold,6.0,Hold,8.0,Hold,6.0,Hold,8.0,Hold,10.0,Hold,4.0,Sell,4.0,Hold,6.0
28/2/2022,162.0903625,0.739476475555136,Hold,5.0,Hold,6.0,Hold,6.0,Hold,8.0,Hold,6.0,Hold,8.0,Hold,10.0,Hold,4.0,Hold,4.0,Hold,6.0
1/3/2022,160.2055817,0.1685794550323143,Hold,5.0,Hold,6.0,Hold,6.0,Hold,8.0,Hold,6.0,Hold,8.0,Hold,10.0,Hold,4.0,Hold,4.0,Hold,6.0
2/3/2022,163.5039673,0.8739060793712065,Hold,5.0,Hold,6.0,Hold,6.0,Hold,8.0,Hold,6.0,Hold,8.0,Hold,10.0,Hold,4.0,Hold,4.0,Hold,6.0
3/3/2022,163.1800232,0.8188687149724286,Hold,5.0,Hold,6.0,Hold,6.0,Hold,8.0,Hold,6.0,Hold,8.0,Hold,10.0,Buy,4.0,Hold,4.0,Hold,6.0
4/3/2022,160.1761627,0.7156271753155188,Hold,5.0,Hold,6.0,Hold,6.0,Hold,8.0,Hold,6.0,Hold,8.0,Hold,10.0,Hold,4.0,Hold,4.0,Hold,6.0
7/3/2022,156.3771515,0.6589164347387566,Hold,5.0,Hold,6.0,Hold,6.0,Hold,8.0,Hold,6.0,Hold,8.0,Hold,10.0,Sell,4.0,Hold,4.0,Hold,6.0
8/3/2022,154.5512848,0.6238944008050281,Buy,5.0,Hold,6.0,Hold,6.0,Hold,8.0,Hold,6.0,Hold,8.0,Hold,10.0,Hold,4.0,Hold,4.0,Hold,6.0
9/3/2022,159.9602051,0.7253514878634442,Hold,5.0,Hold,6.0,Hold,6.0,Hold,8.0,Hold,6.0,Hold,8.0,Hold,10.0,Hold,4.0,Hold,4.0,Hold,6.0
10/3/2022,155.6114807,0.7021736281088606,Hold,5.0,Hold,6.0,Hold,6.0,Hold,8.0,Buy,6.0,Hold,8.0,Hold,10.0,Buy,4.0,Hold,4.0,Hold,6.0
11/3/2022,151.8910217,0.6899746957985611,Hold,5.0,Hold,6.0,Hold,6.0,Hold,8.0,Hold,6.0,Hold,8.0,Hold,10.0,Hold,4.0,Hold,4.0,Hold,6.0
14/3/2022,147.8563995,0.3739494320962292,Hold,5.0,Hold,6.0,Hold,6.0,Hold,8.0,Hold,6.0,Hold,8.0,Hold,10.0,Hold,4.0,Hold,4.0,Hold,6.0
15/3/2022,152.2444,0.6782125037360578,Hold,5.0,Hold,6.0,Hold,6.0,Hold,8.0,Hold,6.0,Hold,8.0,Hold,10.0,Hold,4.0,Hold,4.0,Hold,6.0
16/3/2022,156.6618195,0.3466620916242521,Hold,5.0,Hold,6.0,Hold,6.0,Hold,8.0,Hold,6.0,Hold,8.0,Hold,10.0,Hold,4.0,Hold,4.0,Hold,6.0
17/3/2022,157.6729126,0.7552307200074776,Hold,5.0,Hold,6.0,Buy,6.0,Buy,8.0,Hold,6.0,Buy,8.0,Buy,10.0,Buy,4.0,Buy,4.0,Hold,6.0
18/3/2022,160.9712982,0.7106526098378514,Hold,5.0,Hold,6.0,Hold,6.0,Hold,8.0,Hold,6.0,Hold,8.0,Hold,10.0,Hold,4.0,Hold,4.0,Buy,6.0
21/3/2022,162.3455963,0.705586574670469,Hold,5.0,Buy,6.0,Hold,6.0,Hold,8.0,Buy,6.0,Hold,8.0,Hold,10.0,Hold,4.0,Hold,4.0,Hold,6.0
22/3/2022,165.7224884,0.6398475491466153,Hold,5.0,Hold,6.0,Hold,6.0,Hold,8.0,Hold,6.0,Hold,8.0,Hold,10.0,Hold,4.0,Hold,4.0,Hold,6.0
23/3/2022,167.0870056,0.7079428103997336,Hold,5.0,Hold,6.0,Hold,6.0,Hold,8.0,Hold,6.0,Hold,8.0,Hold,10.0,Hold,4.0,Hold,4.0,Hold,6.0
24/3/2022,170.8761597,0.7422356936782747,Hold,5.0,Hold,6.0,Hold,6.0,Hold,8.0,Hold,6.0,Hold,8.0,Hold,10.0,Hold,4.0,Hold,4.0,Hold,6.0
25/3/2022,171.5142517,0.6956651770114529,Hold,5.0,Hold,6.0,Hold,6.0,Hold,8.0,Hold,6.0,Hold,8.0,Hold,10.0,Hold,4.0,Hold,4.0,Hold,6.0
28/3/2022,172.3780823,0.4226358666246029,Hold,5.0,Hold,6.0,Hold,6.0,Hold,8.0,Hold,6.0,Hold,8.0,Hold,10.0,Hold,4.0,Hold,4.0,Hold,6.0
29/3/2022,175.6764526,0.5705617541786117,Hold,5.0,Hold,6.0,Hold,6.0,Hold,8.0,Hold,6.0,Hold,8.0,Hold,10.0,Hold,4.0,Hold,4.0,Hold,6.0
30/3/2022,174.5082703,0.6071748812972486,Hold,5.0,Hold,6.0,Hold,6.0,Hold,8.0,Hold,6.0,Hold,8.0,Hold,10.0,Hold,4.0,Hold,4.0,Hold,6.0
31/3/2022,171.4062805,0.7425717521114213,Sell,5.0,Hold,6.0,Hold,6.0,Hold,8.0,Hold,6.0,Hold,8.0,Hold,10.0,Hold,4.0,Hold,4.0,Hold,6.0
1/4/2022,171.1117554,0.6232146223699845,Sell,5.0,Hold,6.0,Hold,6.0,Hold,8.0,Hold,6.0,Hold,8.0,Hold,10.0,Hold,4.0,Hold,4.0,Hold,6.0
4/4/2022,175.1659851,0.5307112819394547,Sell,5.0,Hold,6.0,Hold,6.0,Hold,8.0,Hold,6.0,Hold,8.0,Hold,10.0,Hold,4.0,Hold,4.0,Hold,6.0
5/4/2022,171.8479614,0.7745937487312631,Sell,5.0,Hold,6.0,Hold,6.0,Hold,8.0,Hold,6.0,Hold,8.0,Hold,10.0,Hold,4.0,Hold,4.0,Hold,6.0
6/4/2022,168.6772766,0.6594662617393402,Hold,5.0,Hold,6.0,Hold,6.0,Hold,8.0,Hold,6.0,Hold,8.0,Hold,10.0,Hold,4.0,Hold,4.0,Hold,6.0
7/4/2022,168.9815674,0.7963036233390363,Hold,5.0,Hold,6.0,Sell,6.0,Sell,8.0,Hold,6.0,Sell,8.0,Sell,10.0,Sell,4.0,Sell,4.0,Hold,6.0
8/4/2022,166.9691772,0.6321010451321226,Hold,5.0,Hold,6.0,Hold,6.0,Hold,8.0,Hold,6.0,Hold,8.0,Hold,10.0,Hold,4.0,Hold,4.0,Sell,6.0
11/4/2022,162.7088165,0.6337652028267526,Hold,5.0,Sell,6.0,Hold,6.0,Hold,8.0,Sell,6.0,Hold,8.0,Hold,10.0,Hold,4.0,Hold,4.0,Hold,6.0
12/4/2022,164.5837708,0.4853665768831174,Hold,5.0,Hold,6.0,Hold,6.0,Hold,8.0,Hold,6.0,Hold,8.0,Hold,10.0,Hold,4.0,Hold,4.0,Hold,6.0
13/4/2022,167.2734833,0.616407443160187,Hold,5.0,Hold,6.0,Hold,6.0,Hold,8.0,Hold,6.0,Hold,8.0,Hold,10.0,Hold,4.0,Hold,4.0,Hold,6.0
14/4/2022,162.2572632,0.6371111055959274,Hold,5.0,Hold,6.0,Hold,6.0,Hold,8.0,Hold,6.0,Hold,8.0,Hold,10.0,Hold,4.0,Hold,4.0,Hold,6.0
18/4/2022,162.041275,0.9219926799626644,Hold,5.0,Sell,6.0,Hold,6.0,Hold,8.0,Hold,6.0,Hold,8.0,Hold,10.0,Hold,4.0,Hold,4.0,Hold,6.0
19/4/2022,164.3285217,0.9010555066834168,Hold,5.0,Hold,6.0,Hold,6.0,Hold,8.0,Hold,6.0,Hold,8.0,Hold,10.0,Hold,4.0,Hold,4.0,Hold,6.0
20/4/2022,164.1616516,0.6242642796082086,Hold,5.0,Hold,6.0,Hold,6.0,Hold,8.0,Hold,6.0,Hold,8.0,Hold,10.0,Hold,4.0,Hold,4.0,Hold,6.0
21/4/2022,163.3665009,0.7311720323961232,Hold,5.0,Hold,6.0,Hold,6.0,Hold,8.0,Hold,6.0,Hold,8.0,Hold,10.0,Hold,4.0,Hold,4.0,Hold,6.0
22/4/2022,158.8214569,0.6065154877321642,Hold,5.0,Hold,6.0,Hold,6.0,Hold,8.0,Hold,6.0,Hold,8.0,Hold,10.0,Hold,4.0,Hold,4.0,Hold,6.0
25/4/2022,159.8914795,0.5269412958466925,Hold,5.0,Hold,6.0,Hold,6.0,Hold,8.0,Hold,6.0,Hold,8.0,Hold,10.0,Hold,4.0,Hold,4.0,Hold,6.0
26/4/2022,153.9230347,0.6449251699080725,Hold,5.0,Hold,6.0,Hold,6.0,Hold,8.0,Hold,6.0,Hold,8.0,Hold,10.0,Hold,4.0,Hold,4.0,Hold,6.0
27/4/2022,153.6972656,0.5843037619987265,Hold,5.0,Hold,6.0,Hold,6.0,Hold,8.0,Hold,6.0,Hold,8.0,Hold,10.0,Hold,4.0,Hold,4.0,Hold,6.0
28/4/2022,160.6375427,0.3630700248187847,Hold,5.0,Hold,6.0,Hold,6.0,Hold,8.0,Hold,6.0,Hold,8.0,Hold,10.0,Hold,4.0,Hold,4.0,Hold,6.0
29/4/2022,154.7574005,0.3146705377964889,Hold,5.0,Hold,6.0,Hold,6.0,Hold,8.0,Hold,6.0,Hold,8.0,Hold,10.0,Hold,4.0,Hold,4.0,Hold,6.0
2/5/2022,155.0617676,0.5063052037867063,Hold,5.0,Hold,6.0,Hold,6.0,Hold,8.0,Hold,6.0,Hold,8.0,Hold,10.0,Hold,4.0,Hold,4.0,Hold,6.0
3/5/2022,156.5538635,0.7167771990610237,Hold,5.0,Hold,6.0,Hold,6.0,Hold,8.0,Hold,6.0,Hold,8.0,Hold,10.0,Hold,4.0,Hold,4.0,Hold,6.0
4/5/2022,162.973877,0.6073904404496577,Hold,5.0,Hold,6.0,Hold,6.0,Hold,8.0,Hold,6.0,Hold,8.0,Hold,10.0,Hold,4.0,Hold,4.0,Hold,6.0
5/5/2022,153.8936005,0.6357193256362087,Hold,5.0,Hold,6.0,Hold,6.0,Buy,8.0,Hold,6.0,Buy,8.0,Hold,10.0,Hold,4.0,Hold,4.0,Hold,6.0
6/5/2022,154.6210632,0.5297999684414658,Hold,5.0,Hold,6.0,Hold,6.0,Sell,8.0,Hold,6.0,Sell,8.0,Hold,10.0,Hold,4.0,Hold,4.0,Hold,6.0
9/5/2022,149.4893341,0.3032782956491651,Hold,5.0,Hold,6.0,Hold,6.0,Hold,8.0,Hold,6.0,Hold,8.0,Hold,10.0,Hold,4.0,Hold,4.0,Hold,6.0
10/5/2022,151.8979034,0.6384096924301674,Hold,5.0,Hold,6.0,Hold,6.0,Hold,8.0,Hold,6.0,Hold,8.0,Hold,10.0,Hold,4.0,Hold,4.0,Hold,6.0
11/5/2022,144.0233307,0.5395505405523466,Hold,5.0,Hold,6.0,Hold,6.0,Hold,8.0,Hold,6.0,Hold,8.0,Hold,10.0,Hold,4.0,Hold,4.0,Hold,6.0
12/5/2022,140.1499329,0.1751757225826005,Hold,5.0,Hold,6.0,Hold,6.0,Hold,8.0,Hold,6.0,Hold,8.0,Hold,10.0,Hold,4.0,Hold,4.0,Hold,6.0
13/5/2022,144.6230164,0.5016603805105745,Hold,5.0,Hold,6.0,Hold,6.0,Hold,8.0,Hold,6.0,Hold,8.0,Hold,10.0,Hold,4.0,Hold,4.0,Hold,6.0
16/5/2022,143.0795288,0.7585240046583376,Hold,5.0,Hold,6.0,Hold,6.0,Hold,8.0,Hold,6.0,Hold,8.0,Hold,10.0,Hold,4.0,Hold,4.0,Hold,6.0
17/5/2022,146.7170258,0.6459249544105654,Hold,5.0,Hold,6.0,Hold,6.0,Hold,8.0,Hold,6.0,Hold,8.0,Hold,10.0,Hold,4.0,Hold,4.0,Hold,6.0
18/5/2022,138.4393616,0.7053351316962057,Hold,5.0,Hold,6.0,Hold,6.0,Hold,8.0,Hold,6.0,Hold,8.0,Hold,10.0,Hold,4.0,Hold,4.0,Hold,6.0
19/5/2022,135.0280151,0.6531538023235373,Hold,5.0,Hold,6.0,Hold,6.0,Hold,8.0,Hold,6.0,Hold,8.0,Hold,10.0,Hold,4.0,Hold,4.0,Hold,6.0
20/5/2022,135.2639313,0.7692042927691392,Hold,5.0,Hold,6.0,Hold,6.0,Hold,8.0,Hold,6.0,Hold,8.0,Hold,10.0,Hold,4.0,Hold,4.0,Hold,6.0
23/5/2022,140.6906433,0.5940110577920545,Hold,5.0,Hold,6.0,Hold,6.0,Hold,8.0,Hold,6.0,Hold,8.0,Hold,10.0,Hold,4.0,Hold,4.0,Hold,6.0
24/5/2022,137.9871063,0.3983279937061614,Buy,5.0,Hold,6.0,Hold,6.0,Hold,8.0,Hold,6.0,Hold,8.0,Hold,10.0,Hold,4.0,Hold,4.0,Hold,6.0
25/5/2022,138.1443939,0.3335817764449668,Hold,5.0,Hold,6.0,Hold,6.0,Hold,8.0,Hold,6.0,Hold,8.0,Hold,10.0,Hold,4.0,Hold,4.0,Hold,6.0
26/5/2022,141.3492737,0.3907718009624665,Hold,5.0,Hold,6.0,Hold,6.0,Hold,8.0,Hold,6.0,Hold,8.0,Hold,10.0,Hold,4.0,Hold,4.0,Hold,6.0
27/5/2022,147.1102142,0.5725928697241058,Hold,5.0,Hold,6.0,Hold,6.0,Hold,8.0,Hold,6.0,Hold,8.0,Buy,10.0,Hold,4.0,Hold,4.0,Buy,6.0
31/5/2022,146.323761,0.4743212911074765,Hold,5.0,Hold,6.0,Hold,6.0,Hold,8.0,Buy,6.0,Buy,8.0,Hold,10.0,Buy,4.0,Buy,4.0,Hold,6.0
1/6/2022,146.1959839,0.5584706428813558,Hold,5.0,Hold,6.0,Hold,6.0,Hold,8.0,Hold,6.0,Hold,8.0,Hold,10.0,Hold,4.0,Hold,4.0,Hold,6.0
2/6/2022,148.6536865,0.4707157131585176,Hold,5.0,Hold,6.0,Hold,6.0,Hold,8.0,Buy,6.0,Hold,8.0,Hold,10.0,Buy,4.0,Hold,4.0,Hold,6.0
3/6/2022,142.9222565,0.5196173870958605,Hold,5.0,Hold,6.0,Hold,6.0,Hold,8.0,Hold,6.0,Hold,8.0,Hold,10.0,Hold,4.0,Hold,4.0,Hold,6.0
6/6/2022,143.6694031,0.7283893898297793,Hold,5.0,Hold,6.0,Hold,6.0,Hold,8.0,Sell,6.0,Sell,8.0,Sell,10.0,Sell,4.0,Hold,4.0,Sell,6.0
7/6/2022,146.1959839,0.6798915406736051,Hold,5.0,Hold,6.0,Hold,6.0,Hold,8.0,Hold,6.0,Hold,8.0,Hold,10.0,Hold,4.0,Hold,4.0,Hold,6.0
8/6/2022,145.4586487,0.6555639224871261,Hold,5.0,Hold,6.0,Hold,6.0,Hold,8.0,Hold,6.0,Buy,8.0,Hold,10.0,Hold,4.0,Buy,4.0,Hold,6.0
9/6/2022,140.2285461,0.6361468014683613,Hold,5.0,Hold,6.0,Hold,6.0,Hold,8.0,Sell,6.0,Sell,8.0,Hold,10.0,Hold,4.0,Hold,4.0,Sell,6.0
10/6/2022,134.8117371,0.5325665259139003,Hold,5.0,Hold,6.0,Hold,6.0,Hold,8.0,Hold,6.0,Hold,8.0,Sell,10.0,Sell,4.0,Sell,4.0,Hold,6.0
13/6/2022,129.6504517,0.4091503581521858,Hold,5.0,Hold,6.0,Hold,6.0,Hold,8.0,Hold,6.0,Hold,8.0,Hold,10.0,Hold,4.0,Hold,4.0,Hold,6.0
14/6/2022,130.5156097,0.5886512605450703,Hold,5.0,Hold,6.0,Hold,6.0,Hold,8.0,Hold,6.0,Hold,8.0,Hold,10.0,Hold,4.0,Hold,4.0,Hold,6.0
15/6/2022,133.1404419,0.6523789395326934,Hold,5.0,Hold,6.0,Hold,6.0,Hold,8.0,Hold,6.0,Hold,8.0,Hold,10.0,Hold,4.0,Hold,4.0,Hold,6.0
16/6/2022,127.8612289,0.6707741172782571,Hold,5.0,Hold,6.0,Hold,6.0,Hold,8.0,Hold,6.0,Hold,8.0,Hold,10.0,Hold,4.0,Hold,4.0,Hold,6.0
17/6/2022,129.3358765,0.7469198249633539,Buy,5.0,Hold,6.0,Hold,6.0,Hold,8.0,Hold,6.0,Hold,8.0,Hold,10.0,Hold,4.0,Sell,4.0,Hold,6.0
21/6/2022,133.5730438,0.6959816740389647,Hold,5.0,Hold,6.0,Hold,6.0,Hold,8.0,Hold,6.0,Hold,8.0,Hold,10.0,Hold,4.0,Hold,4.0,Hold,6.0
22/6/2022,133.0618439,0.6563695587128204,Hold,5.0,Hold,6.0,Hold,6.0,Hold,8.0,Hold,6.0,Hold,8.0,Hold,10.0,Hold,4.0,Hold,4.0,Hold,6.0
23/6/2022,135.9324799,0.7165319447427835,Hold,5.0,Hold,6.0,Hold,6.0,Hold,8.0,Hold,6.0,Hold,8.0,Buy,10.0,Hold,4.0,Hold,4.0,Buy,6.0
24/6/2022,139.265152,0.896501133103448,Hold,5.0,Hold,6.0,Hold,6.0,Hold,8.0,Hold,6.0,Buy,8.0,Hold,10.0,Buy,4.0,Hold,4.0,Hold,6.0
27/6/2022,139.265152,0.7710022731038392,Hold,5.0,Hold,6.0,Hold,6.0,Hold,8.0,Buy,6.0,Buy,8.0,Hold,10.0,Hold,4.0,Hold,4.0,Hold,6.0
28/6/2022,135.1164703,0.7049156136825893,Hold,5.0,Hold,6.0,Hold,6.0,Hold,8.0,Buy,6.0,Hold,8.0,Hold,10.0,Buy,4.0,Hold,4.0,Hold,6.0
29/6/2022,136.8762207,0.6728604120081798,Hold,5.0,Hold,6.0,Hold,6.0,Hold,8.0,Hold,6.0,Sell,8.0,Hold,10.0,Hold,4.0,Hold,4.0,Hold,6.0
30/6/2022,134.4086609,0.4425054797769169,Hold,5.0,Hold,6.0,Buy,6.0,Buy,8.0,Hold,6.0,Buy,8.0,Hold,10.0,Hold,4.0,Buy,4.0,Hold,6.0
1/7/2022,136.5812683,0.3635603626452098,Hold,5.0,Hold,6.0,Hold,6.0,Sell,8.0,Hold,6.0,Hold,8.0,Hold,10.0,Hold,4.0,Hold,4.0,Hold,6.0
5/7/2022,139.1668091,0.6973857754565357,Hold,5.0,Hold,6.0,Buy,6.0,Buy,8.0,Hold,6.0,Buy,8.0,Hold,10.0,Hold,4.0,Buy,4.0,Hold,6.0
6/7/2022,140.5038147,0.7639591202849528,Hold,5.0,Buy,6.0,Hold,6.0,Hold,8.0,Hold,6.0,Hold,8.0,Hold,10.0,Hold,4.0,Hold,4.0,Hold,6.0
7/7/2022,143.8758392,0.6365582756920841,Hold,5.0,Hold,6.0,Hold,6.0,Hold,8.0,Hold,6.0,Hold,8.0,Hold,10.0,Hold,4.0,Hold,4.0,Hold,6.0
8/7/2022,144.554184,0.8312574630805702,Hold,5.0,Hold,6.0,Hold,6.0,Hold,8.0,Hold,6.0,Hold,8.0,Hold,10.0,Hold,4.0,Hold,4.0,Hold,6.0
11/7/2022,142.4208527,0.5555291929011249,Hold,5.0,Hold,6.0,Hold,6.0,Hold,8.0,Hold,6.0,Hold,8.0,Hold,10.0,Hold,4.0,Hold,4.0,Hold,6.0
12/7/2022,143.3941345,0.3243714087514721,Hold,5.0,Hold,6.0,Hold,6.0,Hold,8.0,Hold,6.0,Hold,8.0,Hold,10.0,Hold,4.0,Hold,4.0,Hold,6.0
13/7/2022,143.030426,0.3172160103404736,Hold,5.0,Hold,6.0,Hold,6.0,Hold,8.0,Hold,6.0,Hold,8.0,Hold,10.0,Hold,4.0,Hold,4.0,Hold,6.0
14/7/2022,145.9600067,0.6991162069858065,Hold,5.0,Hold,6.0,Hold,6.0,Hold,8.0,Hold,6.0,Hold,8.0,Hold,10.0,Hold,4.0,Hold,4.0,Hold,6.0
15/7/2022,147.6312561,0.6996014937458243,Hold,5.0,Hold,6.0,Hold,6.0,Hold,8.0,Hold,6.0,Hold,8.0,Hold,10.0,Hold,4.0,Hold,4.0,Hold,6.0
18/7/2022,144.5836792,0.2091454941310847,Hold,5.0,Hold,6.0,Hold,6.0,Hold,8.0,Hold,6.0,Hold,8.0,Hold,10.0,Hold,4.0,Hold,4.0,Hold,6.0
19/7/2022,148.4472504,0.3712906141091919,Hold,5.0,Hold,6.0,Hold,6.0,Hold,8.0,Hold,6.0,Hold,8.0,Hold,10.0,Hold,4.0,Hold,4.0,Hold,6.0
20/7/2022,150.4527435,0.5950479198456103,Hold,5.0,Hold,6.0,Hold,6.0,Hold,8.0,Hold,6.0,Hold,8.0,Hold,10.0,Hold,4.0,Hold,4.0,Hold,6.0
21/7/2022,152.7236786,0.5671269356107981,Hold,5.0,Hold,6.0,Hold,6.0,Hold,8.0,Hold,6.0,Hold,8.0,Hold,10.0,Hold,4.0,Hold,4.0,Hold,6.0
22/7/2022,151.4849854,0.816768837002841,Hold,5.0,Hold,6.0,Hold,6.0,Hold,8.0,Hold,6.0,Hold,8.0,Hold,10.0,Hold,4.0,Hold,4.0,Hold,6.0
25/7/2022,150.3642578,0.6169131688909839,Hold,5.0,Hold,6.0,Hold,6.0,Hold,8.0,Hold,6.0,Hold,8.0,Hold,10.0,Hold,4.0,Hold,4.0,Hold,6.0
26/7/2022,149.0370789,0.6126164030550407,Hold,5.0,Hold,6.0,Hold,6.0,Hold,8.0,Hold,6.0,Hold,8.0,Hold,10.0,Hold,4.0,Hold,4.0,Hold,6.0
27/7/2022,154.1393433,0.606210028095787,Hold,5.0,Hold,6.0,Hold,6.0,Hold,8.0,Hold,6.0,Hold,8.0,Hold,10.0,Hold,4.0,Hold,4.0,Hold,6.0
28/7/2022,154.6898804,0.4983095440862525,Hold,5.0,Hold,6.0,Hold,6.0,Hold,8.0,Hold,6.0,Hold,8.0,Hold,10.0,Hold,4.0,Hold,4.0,Hold,6.0
29/7/2022,159.7626648,0.3540714344247572,Hold,5.0,Hold,6.0,Hold,6.0,Hold,8.0,Hold,6.0,Hold,8.0,Hold,10.0,Hold,4.0,Hold,4.0,Hold,6.0
1/8/2022,158.7795258,0.6175829913508362,Hold,5.0,Hold,6.0,Hold,6.0,Hold,8.0,Hold,6.0,Hold,8.0,Hold,10.0,Hold,4.0,Hold,4.0,Hold,6.0
2/8/2022,157.3049164,0.5892074644325098,Hold,5.0,Hold,6.0,Hold,6.0,Hold,8.0,Hold,6.0,Hold,8.0,Hold,10.0,Hold,4.0,Hold,4.0,Hold,6.0
3/8/2022,163.3214569,0.7280856916199979,Hold,5.0,Hold,6.0,Hold,6.0,Hold,8.0,Hold,6.0,Hold,8.0,Hold,10.0,Hold,4.0,Hold,4.0,Hold,6.0
4/8/2022,163.0068665,0.7252416630442322,Hold,5.0,Hold,6.0,Hold,6.0,Hold,8.0,Hold,6.0,Hold,8.0,Hold,10.0,Hold,4.0,Hold,4.0,Hold,6.0
5/8/2022,162.7804565,0.6783293057442251,Hold,5.0,Hold,6.0,Hold,6.0,Hold,8.0,Hold,6.0,Hold,8.0,Hold,10.0,Hold,4.0,Hold,4.0,Hold,6.0
8/8/2022,162.3078766,0.8288753483600001,Hold,5.0,Hold,6.0,Hold,6.0,Hold,8.0,Hold,6.0,Hold,8.0,Hold,10.0,Hold,4.0,Hold,4.0,Hold,6.0
9/8/2022,162.3571167,0.7414167580747123,Hold,5.0,Hold,6.0,Hold,6.0,Hold,8.0,Hold,6.0,Hold,8.0,Hold,10.0,Hold,4.0,Hold,4.0,Hold,6.0
10/8/2022,166.6100159,0.7163899188324423,Hold,5.0,Hold,6.0,Hold,6.0,Hold,8.0,Hold,6.0,Hold,8.0,Hold,10.0,Hold,4.0,Hold,4.0,Hold,6.0
11/8/2022,165.8716431,0.7467826013325095,Hold,5.0,Hold,6.0,Hold,6.0,Hold,8.0,Hold,6.0,Hold,8.0,Hold,10.0,Hold,4.0,Hold,4.0,Hold,6.0
12/8/2022,169.4255371,0.5447139732771545,Hold,5.0,Hold,6.0,Hold,6.0,Hold,8.0,Hold,6.0,Hold,8.0,Hold,10.0,Hold,4.0,Hold,4.0,Hold,6.0
15/8/2022,170.4985962,0.7706034348888823,Hold,5.0,Hold,6.0,Hold,6.0,Hold,8.0,Hold,6.0,Hold,8.0,Hold,10.0,Hold,4.0,Hold,4.0,Hold,6.0
16/8/2022,170.3410645,0.4310311459043564,Hold,5.0,Hold,6.0,Hold,6.0,Hold,8.0,Hold,6.0,Hold,8.0,Hold,10.0,Hold,4.0,Hold,4.0,Hold,6.0
17/8/2022,171.8374634,0.7173023949229549,Sell,5.0,Hold,6.0,Hold,6.0,Hold,8.0,Hold,6.0,Hold,8.0,Hold,10.0,Hold,4.0,Hold,4.0,Hold,6.0
18/8/2022,171.4436493,0.6656808494267135,Sell,5.0,Hold,6.0,Hold,6.0,Hold,8.0,Hold,6.0,Hold,8.0,Hold,10.0,Hold,4.0,Hold,4.0,Hold,6.0
19/8/2022,168.8545685,0.6254959247852511,Sell,5.0,Hold,6.0,Hold,6.0,Hold,8.0,Hold,6.0,Hold,8.0,Hold,10.0,Hold,4.0,Hold,4.0,Hold,6.0
22/8/2022,164.9659271,0.7486834719735849,Hold,5.0,Hold,6.0,Hold,6.0,Hold,8.0,Hold,6.0,Hold,8.0,Sell,10.0,Hold,4.0,Hold,4.0,Sell,6.0
23/8/2022,164.6312408,0.5625153194042192,Hold,5.0,Hold,6.0,Hold,6.0,Sell,8.0,Hold,6.0,Sell,8.0,Hold,10.0,Sell,4.0,Sell,4.0,Hold,6.0
24/8/2022,164.9265747,0.6862331173874572,Hold,5.0,Hold,6.0,Hold,6.0,Hold,8.0,Hold,6.0,Hold,8.0,Hold,10.0,Hold,4.0,Hold,4.0,Hold,6.0
25/8/2022,167.3876953,0.6389091540423569,Hold,5.0,Hold,6.0,Hold,6.0,Hold,8.0,Hold,6.0,Hold,8.0,Hold,10.0,Hold,4.0,Hold,4.0,Hold,6.0
26/8/2022,161.0773163,0.7062409450606011,Hold,5.0,Hold,6.0,Hold,6.0,Hold,8.0,Sell,6.0,Hold,8.0,Hold,10.0,Hold,4.0,Hold,4.0,Hold,6.0
29/8/2022,158.8721619,0.4683575944748606,Hold,5.0,Sell,6.0,Sell,6.0,Sell,8.0,Hold,6.0,Sell,8.0,Hold,10.0,Hold,4.0,Sell,4.0,Hold,6.0
30/8/2022,156.4405212,0.791114032431471,Hold,5.0,Hold,6.0,Hold,6.0,Hold,8.0,Hold,6.0,Hold,8.0,Hold,10.0,Hold,4.0,Hold,4.0,Hold,6.0
31/8/2022,154.7767792,0.5970986562071311,Hold,5.0,Hold,6.0,Hold,6.0,Hold,8.0,Hold,6.0,Hold,8.0,Hold,10.0,Hold,4.0,Hold,4.0,Hold,6.0
1/9/2022,155.5053101,0.7138031817077837,Hold,5.0,Hold,6.0,Hold,6.0,Hold,8.0,Hold,6.0,Hold,8.0,Hold,10.0,Hold,4.0,Hold,4.0,Hold,6.0
2/9/2022,153.3887024,0.7910241194433052,Hold,5.0,Sell,6.0,Sell,6.0,Hold,8.0,Hold,6.0,Hold,8.0,Hold,10.0,Hold,4.0,Hold,4.0,Hold,6.0
6/9/2022,152.1285858,0.6318091577046647,Hold,5.0,Hold,6.0,Hold,6.0,Hold,8.0,Hold,6.0,Hold,8.0,Hold,10.0,Hold,4.0,Hold,4.0,Hold,6.0
7/9/2022,153.5363464,0.6586320459875652,Hold,5.0,Hold,6.0,Hold,6.0,Hold,8.0,Hold,6.0,Hold,8.0,Hold,10.0,Hold,4.0,Hold,4.0,Hold,6.0
8/9/2022,152.0597076,0.6368666934223075,Hold,5.0,Hold,6.0,Hold,6.0,Hold,8.0,Hold,6.0,Hold,8.0,Hold,10.0,Hold,4.0,Hold,4.0,Hold,6.0
9/9/2022,154.9244385,0.7158140036217644,Hold,5.0,Hold,6.0,Hold,6.0,Hold,8.0,Hold,6.0,Hold,8.0,Hold,10.0,Hold,4.0,Hold,4.0,Hold,6.0
12/9/2022,160.890274,0.6553601555830729,Hold,5.0,Hold,6.0,Hold,6.0,Hold,8.0,Hold,6.0,Hold,8.0,Hold,10.0,Hold,4.0,Hold,4.0,Hold,6.0
13/9/2022,151.4493408,0.4861016917175352,Hold,5.0,Hold,6.0,Hold,6.0,Buy,8.0,Buy,6.0,Buy,8.0,Hold,10.0,Buy,4.0,Hold,4.0,Hold,6.0
14/9/2022,152.8964996,0.8879121644492997,Hold,5.0,Hold,6.0,Hold,6.0,Sell,8.0,Sell,6.0,Sell,8.0,Hold,10.0,Sell,4.0,Hold,4.0,Hold,6.0
15/9/2022,150.0021667,0.7060609092733808,Buy,5.0,Hold,6.0,Hold,6.0,Hold,8.0,Hold,6.0,Hold,8.0,Hold,10.0,Hold,4.0,Hold,4.0,Hold,6.0
16/9/2022,148.3581238,0.6875383750122277,Hold,5.0,Hold,6.0,Hold,6.0,Hold,8.0,Hold,6.0,Hold,8.0,Hold,10.0,Hold,4.0,Hold,4.0,Hold,6.0
19/9/2022,152.079361,0.651721155018061,Hold,5.0,Hold,6.0,Hold,6.0,Hold,8.0,Hold,6.0,Hold,8.0,Hold,10.0,Hold,4.0,Hold,4.0,Hold,6.0
20/9/2022,154.4617462,0.7907919187067093,Hold,5.0,Hold,6.0,Hold,6.0,Hold,8.0,Hold,6.0,Hold,8.0,Hold,10.0,Hold,4.0,Hold,4.0,Hold,6.0
21/9/2022,151.331192,0.8577137915476081,Buy,5.0,Hold,6.0,Hold,6.0,Hold,8.0,Hold,6.0,Hold,8.0,Hold,10.0,Buy,4.0,Hold,4.0,Hold,6.0
22/9/2022,150.366394,0.5863349145294706,Hold,5.0,Hold,6.0,Hold,6.0,Hold,8.0,Hold,6.0,Hold,8.0,Hold,10.0,Sell,4.0,Hold,4.0,Hold,6.0
23/9/2022,148.0923157,0.7735587239372442,Hold,5.0,Hold,6.0,Hold,6.0,Hold,8.0,Hold,6.0,Hold,8.0,Hold,10.0,Hold,4.0,Hold,4.0,Hold,6.0
26/9/2022,148.4270172,0.7277049645981226,Hold,5.0,Hold,6.0,Hold,6.0,Hold,8.0,Hold,6.0,Hold,8.0,Hold,10.0,Hold,4.0,Hold,4.0,Hold,6.0
27/9/2022,149.4016113,0.5940217447971026,Hold,5.0,Hold,6.0,Hold,6.0,Hold,8.0,Hold,6.0,Hold,8.0,Hold,10.0,Hold,4.0,Hold,4.0,Hold,6.0
28/9/2022,147.5114594,0.4273082892678177,Hold,5.0,Hold,6.0,Hold,6.0,Hold,8.0,Hold,6.0,Hold,8.0,Hold,10.0,Hold,4.0,Hold,4.0,Hold,6.0
29/9/2022,140.2658691,0.5484546442700124,Hold,5.0,Hold,6.0,Hold,6.0,Hold,8.0,Hold,6.0,Hold,8.0,Hold,10.0,Hold,4.0,Hold,4.0,Hold,6.0
30/9/2022,136.0523376,0.4964721268874606,Hold,5.0,Hold,6.0,Hold,6.0,Hold,8.0,Hold,6.0,Hold,8.0,Hold,10.0,Hold,4.0,Hold,4.0,Hold,6.0
3/10/2022,140.2363129,0.380951756368132,Hold,5.0,Hold,6.0,Hold,6.0,Hold,8.0,Hold,6.0,Hold,8.0,Hold,10.0,Hold,4.0,Hold,4.0,Hold,6.0
4/10/2022,143.8296204,0.4326865757908814,Hold,5.0,Hold,6.0,Hold,6.0,Hold,8.0,Hold,6.0,Hold,8.0,Hold,10.0,Hold,4.0,Hold,4.0,Hold,6.0
5/10/2022,144.1249237,0.7117557773900363,Hold,5.0,Hold,6.0,Hold,6.0,Hold,8.0,Hold,6.0,Hold,8.0,Hold,10.0,Hold,4.0,Hold,4.0,Hold,6.0
6/10/2022,143.1699982,0.6172898634893103,Hold,5.0,Hold,6.0,Hold,6.0,Hold,8.0,Hold,6.0,Hold,8.0,Hold,10.0,Hold,4.0,Hold,4.0,Hold,6.0
7/10/2022,137.9129791,0.5729614265904046,Hold,5.0,Hold,6.0,Hold,6.0,Hold,8.0,Hold,6.0,Hold,8.0,Hold,10.0,Hold,4.0,Hold,4.0,Hold,6.0
10/10/2022,138.237854,0.4466440695959358,Hold,5.0,Hold,6.0,Hold,6.0,Hold,8.0,Hold,6.0,Hold,8.0,Hold,10.0,Hold,4.0,Hold,4.0,Hold,6.0
11/10/2022,136.8202362,0.6301364096653455,Hold,5.0,Hold,6.0,Hold,6.0,Hold,8.0,Hold,6.0,Hold,8.0,Hold,10.0,Hold,4.0,Hold,4.0,Hold,6.0
12/10/2022,136.190155,0.6017756517759567,Hold,5.0,Hold,6.0,Hold,6.0,Hold,8.0,Hold,6.0,Hold,8.0,Hold,10.0,Hold,4.0,Hold,4.0,Hold,6.0
13/10/2022,140.7679291,0.6602438973319671,Hold,5.0,Hold,6.0,Hold,6.0,Hold,8.0,Hold,6.0,Hold,8.0,Hold,10.0,Hold,4.0,Hold,4.0,Hold,6.0
14/10/2022,136.2295685,0.8079298018384651,Hold,5.0,Hold,6.0,Hold,6.0,Hold,8.0,Hold,6.0,Hold,8.0,Hold,10.0,Hold,4.0,Hold,4.0,Hold,6.0
17/10/2022,140.1969452,0.4122983201398071,Hold,5.0,Hold,6.0,Hold,6.0,Hold,8.0,Hold,6.0,Hold,8.0,Buy,10.0,Hold,4.0,Hold,4.0,Buy,6.0
18/10/2022,141.5160828,0.5220023445235513,Hold,5.0,Hold,6.0,Hold,6.0,Hold,8.0,Hold,6.0,Hold,8.0,Hold,10.0,Hold,4.0,Hold,4.0,Hold,6.0
19/10/2022,141.6244049,0.4324206594060303,Hold,5.0,Hold,6.0,Hold,6.0,Buy,8.0,Hold,6.0,Buy,8.0,Hold,10.0,Buy,4.0,Buy,4.0,Hold,6.0
20/10/2022,141.1616974,0.5815890168609259,Hold,5.0,Hold,6.0,Hold,6.0,Hold,8.0,Hold,6.0,Hold,8.0,Hold,10.0,Hold,4.0,Hold,4.0,Hold,6.0
21/10/2022,144.9814148,0.4837925666842875,Hold,5.0,Hold,6.0,Hold,6.0,Hold,8.0,Hold,6.0,Hold,8.0,Hold,10.0,Hold,4.0,Hold,4.0,Hold,6.0
24/10/2022,147.1275482,0.7795479711220691,Hold,5.0,Buy,6.0,Hold,6.0,Hold,8.0,Buy,6.0,Buy,8.0,Hold,10.0,Buy,4.0,Hold,4.0,Hold,6.0
25/10/2022,149.9725952,0.6646404774821614,Hold,5.0,Hold,6.0,Hold,6.0,Hold,8.0,Hold,6.0,Hold,8.0,Hold,10.0,Hold,4.0,Hold,4.0,Hold,6.0
26/10/2022,147.0290833,0.4155147312429314,Hold,5.0,Hold,6.0,Hold,6.0,Buy,8.0,Hold,6.0,Hold,8.0,Hold,10.0,Hold,4.0,Hold,4.0,Hold,6.0
27/10/2022,142.5497894,0.4269868722804855,Hold,5.0,Hold,6.0,Hold,6.0,Sell,8.0,Hold,6.0,Hold,8.0,Hold,10.0,Hold,4.0,Buy,4.0,Hold,6.0
28/10/2022,153.3197937,0.3451490006673435,Hold,5.0,Sell,6.0,Sell,6.0,Sell,8.0,Sell,6.0,Sell,8.0,Sell,10.0,Sell,4.0,Hold,4.0,Sell,6.0
31/10/2022,150.9570618,0.3839697939628287,Hold,5.0,Buy,6.0,Buy,6.0,Buy,8.0,Hold,6.0,Buy,8.0,Hold,10.0,Hold,4.0,Hold,4.0,Hold,6.0
1/11/2022,148.3088837,0.7155709245857296,Hold,5.0,Hold,6.0,Hold,6.0,Hold,8.0,Hold,6.0,Hold,8.0,Hold,10.0,Hold,4.0,Hold,4.0,Hold,6.0
2/11/2022,142.7762146,0.4631448279675664,Hold,5.0,Hold,6.0,Hold,6.0,Hold,8.0,Hold,6.0,Hold,8.0,Hold,10.0,Hold,4.0,Hold,4.0,Hold,6.0
3/11/2022,136.7217865,0.5909492430675989,Hold,5.0,Sell,6.0,Sell,6.0,Sell,8.0,Sell,6.0,Sell,8.0,Sell,10.0,Sell,4.0,Sell,4.0,Sell,6.0
4/11/2022,136.4555206,0.4840149315184673,Hold,5.0,Hold,6.0,Hold,6.0,Hold,8.0,Hold,6.0,Hold,8.0,Hold,10.0,Hold,4.0,Hold,4.0,Hold,6.0
7/11/2022,136.9880219,-0.0660109080916584,Hold,5.0,Hold,6.0,Hold,6.0,Hold,8.0,Hold,6.0,Hold,8.0,Hold,10.0,Hold,4.0,Hold,4.0,Hold,6.0
8/11/2022,137.559967,0.4255457029651162,Hold,5.0,Hold,6.0,Hold,6.0,Hold,8.0,Hold,6.0,Hold,8.0,Hold,10.0,Hold,4.0,Hold,4.0,Hold,6.0
9/11/2022,132.9943542,0.585795578843369,Hold,5.0,Hold,6.0,Hold,6.0,Hold,8.0,Hold,6.0,Hold,8.0,Hold,10.0,Hold,4.0,Hold,4.0,Hold,6.0
10/11/2022,144.8274689,0.4211747428221303,Hold,5.0,Hold,6.0,Hold,6.0,Hold,8.0,Hold,6.0,Hold,8.0,Hold,10.0,Hold,4.0,Hold,4.0,Hold,6.0
11/11/2022,147.618103,0.6958661076264284,Hold,5.0,Buy,6.0,Buy,6.0,Buy,8.0,Buy,6.0,Buy,8.0,Buy,10.0,Buy,4.0,Hold,4.0,Buy,6.0
14/11/2022,146.217865,0.4609078238183105,Hold,5.0,Hold,6.0,Hold,6.0,Hold,8.0,Hold,6.0,Hold,8.0,Hold,10.0,Hold,4.0,Hold,4.0,Hold,6.0
15/11/2022,147.9533691,0.7904237670262587,Hold,5.0,Hold,6.0,Hold,6.0,Hold,8.0,Hold,6.0,Hold,8.0,Hold,10.0,Hold,4.0,Hold,4.0,Hold,6.0
16/11/2022,146.7207642,0.7656749518841564,Hold,5.0,Hold,6.0,Hold,6.0,Hold,8.0,Hold,6.0,Hold,8.0,Hold,10.0,Hold,4.0,Hold,4.0,Hold,6.0
17/11/2022,148.6239624,0.7511938189374288,Hold,5.0,Hold,6.0,Hold,6.0,Hold,8.0,Hold,6.0,Hold,8.0,Hold,10.0,Hold,4.0,Hold,4.0,Hold,6.0
18/11/2022,149.1859894,0.2929322507358165,Hold,5.0,Hold,6.0,Hold,6.0,Hold,8.0,Hold,6.0,Hold,8.0,Hold,10.0,Hold,4.0,Hold,4.0,Hold,6.0
21/11/2022,145.9515991,0.529273408695122,Hold,5.0,Hold,6.0,Hold,6.0,Hold,8.0,Hold,6.0,Hold,8.0,Hold,10.0,Hold,4.0,Hold,4.0,Hold,6.0
22/11/2022,148.0914612,0.3650481428669181,Hold,5.0,Hold,6.0,Hold,6.0,Hold,8.0,Hold,6.0,Hold,8.0,Hold,10.0,Hold,4.0,Hold,4.0,Hold,6.0
23/11/2022,148.9690857,0.373976445152716,Hold,5.0,Hold,6.0,Hold,6.0,Hold,8.0,Hold,6.0,Hold,8.0,Hold,10.0,Hold,4.0,Hold,4.0,Hold,6.0
25/11/2022,146.0502167,0.5080181318850179,Hold,5.0,Hold,6.0,Hold,6.0,Hold,8.0,Hold,6.0,Hold,8.0,Hold,10.0,Hold,4.0,Buy,4.0,Hold,6.0
28/11/2022,142.214325,0.0884662634240698,Hold,5.0,Hold,6.0,Sell,6.0,Sell,8.0,Hold,6.0,Sell,8.0,Sell,10.0,Sell,4.0,Hold,4.0,Hold,6.0
29/11/2022,139.2067566,0.3724307467882269,Hold,5.0,Sell,6.0,Hold,6.0,Hold,8.0,Sell,6.0,Sell,8.0,Sell,10.0,Hold,4.0,Hold,4.0,Sell,6.0
30/11/2022,145.9713287,0.4823153417821204,Hold,5.0,Hold,6.0,Hold,6.0,Hold,8.0,Sell,6.0,Hold,8.0,Hold,10.0,Sell,4.0,Hold,4.0,Hold,6.0
1/12/2022,146.247467,0.48275260727,Hold,5.0,Hold,6.0,Hold,6.0,Buy,8.0,Hold,6.0,Buy,8.0,Hold,10.0,Hold,4.0,Hold,4.0,Hold,6.0
2/12/2022,145.7543945,0.5180600225763887,Hold,5.0,Hold,6.0,Hold,6.0,Hold,8.0,Hold,6.0,Hold,8.0,Hold,10.0,Hold,4.0,Hold,4.0,Hold,6.0
5/12/2022,144.5908051,0.6947860141928786,Hold,5.0,Hold,6.0,Hold,6.0,Hold,8.0,Hold,6.0,Hold,8.0,Hold,10.0,Hold,4.0,Hold,4.0,Hold,6.0
6/12/2022,140.9225616,0.295888120347647,Hold,5.0,Sell,6.0,Sell,6.0,Sell,8.0,Hold,6.0,Sell,8.0,Hold,10.0,Hold,4.0,Sell,4.0,Hold,6.0
7/12/2022,138.97995,0.3853044507352693,Hold,5.0,Sell,6.0,Sell,6.0,Hold,8.0,Hold,6.0,Hold,8.0,Hold,10.0,Hold,4.0,Hold,4.0,Hold,6.0
8/12/2022,140.666153,0.6029942067524589,Hold,5.0,Hold,6.0,Hold,6.0,Hold,8.0,Hold,6.0,Hold,8.0,Hold,10.0,Hold,4.0,Sell,4.0,Hold,6.0
9/12/2022,140.1830139,0.4089847032544999,Hold,5.0,Hold,6.0,Hold,6.0,Hold,8.0,Hold,6.0,Hold,8.0,Hold,10.0,Hold,4.0,Hold,4.0,Hold,6.0
12/12/2022,142.4805603,0.6094087111245713,Hold,5.0,Hold,6.0,Hold,6.0,Hold,8.0,Hold,6.0,Hold,8.0,Hold,10.0,Hold,4.0,Hold,4.0,Hold,6.0
13/12/2022,143.4469604,0.6961667194154639,Hold,5.0,Hold,6.0,Hold,6.0,Hold,8.0,Hold,6.0,Hold,8.0,Hold,10.0,Hold,4.0,Hold,4.0,Hold,6.0
14/12/2022,141.218399,0.8016624831684638,Hold,5.0,Hold,6.0,Hold,6.0,Hold,8.0,Hold,6.0,Buy,8.0,Hold,10.0,Hold,4.0,Hold,4.0,Hold,6.0
15/12/2022,134.6016998,0.514131049478004,Hold,5.0,Hold,6.0,Hold,6.0,Hold,8.0,Hold,6.0,Sell,8.0,Hold,10.0,Hold,4.0,Hold,4.0,Hold,6.0
16/12/2022,132.6393738,0.8402414619387496,Hold,5.0,Hold,6.0,Hold,6.0,Hold,8.0,Hold,6.0,Hold,8.0,Hold,10.0,Hold,4.0,Hold,4.0,Hold,6.0
19/12/2022,130.529129,0.6199416167546518,Hold,5.0,Hold,6.0,Hold,6.0,Hold,8.0,Hold,6.0,Hold,8.0,Hold,10.0,Hold,4.0,Hold,4.0,Hold,6.0
20/12/2022,130.4600983,0.6561452549605153,Hold,5.0,Hold,6.0,Hold,6.0,Hold,8.0,Hold,6.0,Hold,8.0,Hold,10.0,Hold,4.0,Hold,4.0,Hold,6.0
21/12/2022,133.5662994,0.430316731415885,Hold,5.0,Hold,6.0,Hold,6.0,Hold,8.0,Hold,6.0,Hold,8.0,Hold,10.0,Hold,4.0,Hold,4.0,Hold,6.0
22/12/2022,130.3910675,0.5867172757079363,Hold,5.0,Hold,6.0,Hold,6.0,Hold,8.0,Hold,6.0,Hold,8.0,Hold,10.0,Hold,4.0,Hold,4.0,Hold,6.0
23/12/2022,130.0261993,0.7516181803845629,Hold,5.0,Hold,6.0,Hold,6.0,Hold,8.0,Hold,6.0,Hold,8.0,Hold,10.0,Hold,4.0,Hold,4.0,Hold,6.0
27/12/2022,128.2216797,0.2943892652033577,Hold,5.0,Hold,6.0,Hold,6.0,Hold,8.0,Hold,6.0,Hold,8.0,Hold,10.0,Hold,4.0,Hold,4.0,Hold,6.0
28/12/2022,124.2871552,0.3930976893281419,Hold,5.0,Hold,6.0,Hold,6.0,Hold,8.0,Hold,6.0,Hold,8.0,Hold,10.0,Hold,4.0,Hold,4.0,Hold,6.0
29/12/2022,127.8075027,0.4985363570614541,Hold,5.0,Hold,6.0,Hold,6.0,Hold,8.0,Hold,6.0,Hold,8.0,Hold,10.0,Hold,4.0,Hold,4.0,Hold,6.0
30/12/2022,128.1230774,0.5942718292308874,Hold,5.0,Hold,6.0,Hold,6.0,Hold,8.0,Hold,6.0,Hold,8.0,Hold,10.0,Hold,4.0,Hold,4.0,Hold,6.0
3/1/2023,123.3306427,0.2465265228721468,Hold,5.0,Hold,6.0,Hold,6.0,Hold,8.0,Hold,6.0,Hold,8.0,Hold,10.0,Hold,4.0,Hold,4.0,Hold,6.0
4/1/2023,124.6027145,0.2638539519600137,Buy,5.0,Hold,6.0,Hold,6.0,Hold,8.0,Hold,6.0,Hold,8.0,Hold,10.0,Hold,4.0,Hold,4.0,Hold,6.0
5/1/2023,123.2813339,0.4901759351469878,Buy,5.0,Hold,6.0,Hold,6.0,Hold,8.0,Hold,6.0,Hold,8.0,Hold,10.0,Hold,4.0,Hold,4.0,Hold,6.0
6/1/2023,127.8173599,0.3300742117879169,Hold,5.0,Hold,6.0,Hold,6.0,Hold,8.0,Hold,6.0,Hold,8.0,Hold,10.0,Hold,4.0,Hold,4.0,Hold,6.0
9/1/2023,128.3400116,0.3795413991883379,Hold,5.0,Hold,6.0,Hold,6.0,Hold,8.0,Hold,6.0,Hold,8.0,Buy,10.0,Hold,4.0,Hold,4.0,Buy,6.0
10/1/2023,128.9119415,0.4983261852194108,Hold,5.0,Hold,6.0,Hold,6.0,Hold,8.0,Hold,6.0,Buy,8.0,Hold,10.0,Buy,4.0,Buy,4.0,Hold,6.0
11/1/2023,131.6335602,0.4534852869455751,Hold,5.0,Hold,6.0,Hold,6.0,Hold,8.0,Hold,6.0,Hold,8.0,Hold,10.0,Hold,4.0,Hold,4.0,Hold,6.0
12/1/2023,131.5546875,0.5895190982753061,Hold,5.0,Buy,6.0,Hold,6.0,Hold,8.0,Buy,6.0,Hold,8.0,Hold,10.0,Hold,4.0,Hold,4.0,Hold,6.0
13/1/2023,132.88591,0.9487750080225992,Hold,5.0,Hold,6.0,Hold,6.0,Hold,8.0,Hold,6.0,Hold,8.0,Hold,10.0,Hold,4.0,Hold,4.0,Hold,6.0
17/1/2023,134.049469,0.855105045212902,Hold,5.0,Hold,6.0,Hold,6.0,Hold,8.0,Hold,6.0,Hold,8.0,Hold,10.0,Hold,4.0,Hold,4.0,Hold,6.0
18/1/2023,133.3296204,0.5154783687609659,Hold,5.0,Hold,6.0,Hold,6.0,Hold,8.0,Hold,6.0,Hold,8.0,Hold,10.0,Hold,4.0,Hold,4.0,Hold,6.0
19/1/2023,133.3887939,0.2664004797625371,Hold,5.0,Hold,6.0,Hold,6.0,Hold,8.0,Hold,6.0,Hold,8.0,Hold,10.0,Hold,4.0,Hold,4.0,Hold,6.0
20/1/2023,135.9526367,0.4476715795724877,Hold,5.0,Hold,6.0,Hold,6.0,Hold,8.0,Hold,6.0,Hold,8.0,Hold,10.0,Hold,4.0,Hold,4.0,Hold,6.0
23/1/2023,139.147583,0.4670185958195995,Hold,5.0,Hold,6.0,Hold,6.0,Hold,8.0,Hold,6.0,Hold,8.0,Hold,10.0,Hold,4.0,Hold,4.0,Hold,6.0
24/1/2023,140.5478058,0.7175425650555556,Hold,5.0,Hold,6.0,Hold,6.0,Hold,8.0,Hold,6.0,Hold,8.0,Hold,10.0,Hold,4.0,Hold,4.0,Hold,6.0
25/1/2023,139.8871307,0.6057408662496299,Hold,5.0,Hold,6.0,Hold,6.0,Hold,8.0,Hold,6.0,Hold,8.0,Hold,10.0,Hold,4.0,Hold,4.0,Hold,6.0
26/1/2023,141.9579468,0.09760117624,Hold,5.0,Hold,6.0,Hold,6.0,Hold,8.0,Hold,6.0,Hold,8.0,Hold,10.0,Hold,4.0,Hold,4.0,Hold,6.0
27/1/2023,143.9005432,0.6055580322018349,Hold,5.0,Hold,6.0,Hold,6.0,Hold,8.0,Hold,6.0,Hold,8.0,Hold,10.0,Hold,4.0,Hold,4.0,Hold,6.0
30/1/2023,141.0113068,0.5800398192963702,Hold,5.0,Hold,6.0,Hold,6.0,Hold,8.0,Hold,6.0,Hold,8.0,Hold,10.0,Hold,4.0,Hold,4.0,Hold,6.0
31/1/2023,142.2833252,0.2042111054857768,Hold,5.0,Hold,6.0,Hold,6.0,Hold,8.0,Hold,6.0,Hold,8.0,Hold,10.0,Hold,4.0,Hold,4.0,Hold,6.0
1/2/2023,143.4075165,0.2955370309032704,Hold,5.0,Hold,6.0,Hold,6.0,Hold,8.0,Hold,6.0,Hold,8.0,Hold,10.0,Hold,4.0,Hold,4.0,Hold,6.0
2/2/2023,148.7225494,0.0468121893129413,Hold,5.0,Hold,6.0,Hold,6.0,Hold,8.0,Hold,6.0,Hold,8.0,Hold,10.0,Hold,4.0,Hold,4.0,Hold,6.0
3/2/2023,152.3513489,0.0062122859220093,Hold,5.0,Hold,6.0,Hold,6.0,Hold,8.0,Hold,6.0,Hold,8.0,Hold,10.0,Hold,4.0,Hold,4.0,Hold,6.0
6/2/2023,149.6198883,0.3460989141401576,Hold,5.0,Hold,6.0,Hold,6.0,Hold,8.0,Hold,6.0,Hold,8.0,Hold,10.0,Hold,4.0,Hold,4.0,Hold,6.0
7/2/2023,152.4992676,0.0979317030052907,Hold,5.0,Hold,6.0,Hold,6.0,Hold,8.0,Hold,6.0,Hold,8.0,Hold,10.0,Hold,4.0,Hold,4.0,Hold,6.0
8/2/2023,149.8072357,0.4579414233843306,Hold,5.0,Hold,6.0,Hold,6.0,Hold,8.0,Hold,6.0,Hold,8.0,Hold,10.0,Hold,4.0,Hold,4.0,Hold,6.0
9/2/2023,148.7718353,0.6317080003926563,Hold,5.0,Hold,6.0,Hold,6.0,Hold,8.0,Hold,6.0,Hold,8.0,Hold,10.0,Hold,4.0,Hold,4.0,Hold,6.0
10/2/2023,149.1372681,0.4784945858373953,Hold,5.0,Hold,6.0,Hold,6.0,Hold,8.0,Hold,6.0,Hold,8.0,Hold,10.0,Hold,4.0,Hold,4.0,Hold,6.0
13/2/2023,151.9420471,0.641828891080125,Hold,5.0,Hold,6.0,Hold,6.0,Hold,8.0,Hold,6.0,Hold,8.0,Hold,10.0,Hold,4.0,Hold,4.0,Hold,6.0
14/2/2023,151.3001099,0.3167107281806912,Hold,5.0,Hold,6.0,Hold,6.0,Hold,8.0,Hold,6.0,Hold,8.0,Hold,10.0,Hold,4.0,Hold,4.0,Hold,6.0
15/2/2023,153.4037018,0.8870315733742332,Hold,5.0,Hold,6.0,Hold,6.0,Hold,8.0,Hold,6.0,Hold,8.0,Hold,10.0,Hold,4.0,Hold,4.0,Hold,6.0
16/2/2023,151.8037567,0.5486163785395433,Hold,5.0,Hold,6.0,Hold,6.0,Hold,8.0,Hold,6.0,Hold,8.0,Hold,10.0,Hold,4.0,Hold,4.0,Hold,6.0
17/2/2023,150.6581573,0.7042938583962264,Hold,5.0,Hold,6.0,Hold,6.0,Hold,8.0,Hold,6.0,Hold,8.0,Hold,10.0,Hold,4.0,Hold,4.0,Hold,6.0
21/2/2023,146.6386108,0.6173385196341462,Hold,5.0,Hold,6.0,Hold,6.0,Hold,8.0,Hold,6.0,Hold,8.0,Sell,10.0,Hold,4.0,Hold,4.0,Sell,6.0
22/2/2023,147.0632935,0.3992098602450575,Hold,5.0,Hold,6.0,Hold,6.0,Hold,8.0,Sell,6.0,Sell,8.0,Hold,10.0,Sell,4.0,Sell,4.0,Hold,6.0
23/2/2023,147.5472412,0.5385417438928354,Hold,5.0,Hold,6.0,Hold,6.0,Hold,8.0,Buy,6.0,Buy,8.0,Hold,10.0,Buy,4.0,Hold,4.0,Hold,6.0
24/2/2023,144.8905945,0.4924415806004102,Hold,5.0,Hold,6.0,Hold,6.0,Hold,8.0,Sell,6.0,Hold,8.0,Hold,10.0,Hold,4.0,Hold,4.0,Hold,6.0
27/2/2023,146.085556,0.1460255872285375,Hold,5.0,Hold,6.0,Hold,6.0,Hold,8.0,Hold,6.0,Hold,8.0,Hold,10.0,Hold,4.0,Hold,4.0,Hold,6.0
28/2/2023,145.5819092,0.2521342541517683,Hold,5.0,Hold,6.0,Hold,6.0,Hold,8.0,Hold,6.0,Hold,8.0,Hold,10.0,Hold,4.0,Hold,4.0,Hold,6.0
1/3/2023,143.5079498,0.4693079619662789,Hold,5.0,Hold,6.0,Hold,6.0,Hold,8.0,Hold,6.0,Hold,8.0,Hold,10.0,Hold,4.0,Hold,4.0,Hold,6.0
2/3/2023,144.1005096,0.5074818303776967,Hold,5.0,Hold,6.0,Hold,6.0,Hold,8.0,Hold,6.0,Hold,8.0,Hold,10.0,Hold,4.0,Sell,4.0,Hold,6.0
3/3/2023,149.1570129,0.5575296022920667,Hold,5.0,Hold,6.0,Hold,6.0,Hold,8.0,Hold,6.0,Hold,8.0,Hold,10.0,Hold,4.0,Hold,4.0,Hold,6.0
6/3/2023,151.9223175,0.4918926306629584,Hold,5.0,Hold,6.0,Hold,6.0,Hold,8.0,Buy,6.0,Buy,8.0,Hold,10.0,Buy,4.0,Hold,4.0,Hold,6.0
7/3/2023,149.7199402,0.6360174232637065,Hold,5.0,Hold,6.0,Hold,6.0,Hold,8.0,Hold,6.0,Hold,8.0,Hold,10.0,Hold,4.0,Hold,4.0,Hold,6.0
8/3/2023,150.9741821,0.3514265094043053,Hold,5.0,Hold,6.0,Hold,6.0,Hold,8.0,Hold,6.0,Hold,8.0,Hold,10.0,Hold,4.0,Hold,4.0,Hold,6.0
9/3/2023,148.7224731,0.5558669596371826,Hold,5.0,Hold,6.0,Hold,6.0,Hold,8.0,Buy,6.0,Hold,8.0,Hold,10.0,Buy,4.0,Hold,4.0,Hold,6.0
10/3/2023,146.6583862,0.4007101160585186,Hold,5.0,Hold,6.0,Hold,6.0,Hold,8.0,Hold,6.0,Hold,8.0,Hold,10.0,Hold,4.0,Hold,4.0,Hold,6.0
13/3/2023,148.6039429,0.4521360057263476,Hold,5.0,Hold,6.0,Hold,6.0,Hold,8.0,Hold,6.0,Sell,8.0,Hold,10.0,Hold,4.0,Hold,4.0,Hold,6.0
14/3/2023,150.6976776,0.3709393790375582,Hold,5.0,Hold,6.0,Hold,6.0,Hold,8.0,Hold,6.0,Buy,8.0,Buy,10.0,Hold,4.0,Buy,4.0,Buy,6.0
15/3/2023,151.0927124,0.0856052239487278,Hold,5.0,Hold,6.0,Hold,6.0,Hold,8.0,Hold,6.0,Hold,8.0,Hold,10.0,Hold,4.0,Hold,4.0,Hold,6.0
16/3/2023,153.9172058,0.5009521198651818,Hold,5.0,Hold,6.0,Hold,6.0,Hold,8.0,Hold,6.0,Hold,8.0,Hold,10.0,Hold,4.0,Hold,4.0,Hold,6.0
17/3/2023,153.077774,0.52326192039821,Hold,5.0,Hold,6.0,Hold,6.0,Hold,8.0,Hold,6.0,Hold,8.0,Hold,10.0,Hold,4.0,Hold,4.0,Hold,6.0
20/3/2023,155.447998,0.450270414704523,Hold,5.0,Hold,6.0,Hold,6.0,Hold,8.0,Hold,6.0,Hold,8.0,Hold,10.0,Hold,4.0,Hold,4.0,Hold,6.0
21/3/2023,157.3047028,0.5376146710525839,Hold,5.0,Hold,6.0,Hold,6.0,Hold,8.0,Hold,6.0,Hold,8.0,Hold,10.0,Hold,4.0,Hold,4.0,Hold,6.0
22/3/2023,155.8726807,0.2845464227247103,Hold,5.0,Hold,6.0,Hold,6.0,Hold,8.0,Hold,6.0,Hold,8.0,Hold,10.0,Hold,4.0,Hold,4.0,Hold,6.0
23/3/2023,156.9590302,0.3078198222354552,Hold,5.0,Hold,6.0,Hold,6.0,Hold,8.0,Hold,6.0,Hold,8.0,Hold,10.0,Hold,4.0,Hold,4.0,Hold,6.0
24/3/2023,158.2626648,0.4114344767181129,Hold,5.0,Hold,6.0,Hold,6.0,Hold,8.0,Hold,6.0,Hold,8.0,Hold,10.0,Hold,4.0,Hold,4.0,Hold,6.0
27/3/2023,156.3170929,0.7986158453950578,Hold,5.0,Hold,6.0,Hold,6.0,Hold,8.0,Hold,6.0,Hold,8.0,Hold,10.0,Hold,4.0,Hold,4.0,Hold,6.0
28/3/2023,155.6949005,0.7896119889236259,Hold,5.0,Hold,6.0,Hold,6.0,Hold,8.0,Hold,6.0,Hold,8.0,Hold,10.0,Hold,4.0,Hold,4.0,Hold,6.0
29/3/2023,158.7761993,0.3346179400813678,Hold,5.0,Hold,6.0,Hold,6.0,Hold,8.0,Hold,6.0,Hold,8.0,Hold,10.0,Hold,4.0,Hold,4.0,Hold,6.0
30/3/2023,160.3464966,0.6419105424010872,Hold,5.0,Hold,6.0,Hold,6.0,Hold,8.0,Hold,6.0,Hold,8.0,Hold,10.0,Hold,4.0,Hold,4.0,Hold,6.0
31/3/2023,162.8550262,0.2928138176479434,Hold,5.0,Hold,6.0,Hold,6.0,Hold,8.0,Hold,6.0,Hold,8.0,Hold,10.0,Hold,4.0,Hold,4.0,Hold,6.0
3/4/2023,164.1092377,0.6030717424559406,Hold,5.0,Hold,6.0,Hold,6.0,Hold,8.0,Hold,6.0,Hold,8.0,Hold,10.0,Hold,4.0,Hold,4.0,Hold,6.0
4/4/2023,163.5759735,0.8646100207028831,Hold,5.0,Hold,6.0,Hold,6.0,Hold,8.0,Hold,6.0,Hold,8.0,Hold,10.0,Hold,4.0,Hold,4.0,Hold,6.0
5/4/2023,161.7291412,0.51017795228301,Hold,5.0,Hold,6.0,Hold,6.0,Hold,8.0,Hold,6.0,Hold,8.0,Hold,10.0,Hold,4.0,Hold,4.0,Hold,6.0
6/4/2023,162.617981,0.5366455471094557,Sell,5.0,Hold,6.0,Hold,6.0,Hold,8.0,Hold,6.0,Hold,8.0,Hold,10.0,Hold,4.0,Hold,4.0,Hold,6.0
10/4/2023,160.0205841,-0.2451037106033403,Hold,5.0,Hold,6.0,Hold,6.0,Hold,8.0,Hold,6.0,Hold,8.0,Hold,10.0,Hold,4.0,Hold,4.0,Hold,6.0
11/4/2023,158.8058624,0.6443674334375135,Hold,5.0,Hold,6.0,Hold,6.0,Hold,8.0,Hold,6.0,Hold,8.0,Sell,10.0,Hold,4.0,Hold,4.0,Hold,6.0
12/4/2023,158.1145477,0.0979485533758077,Hold,5.0,Hold,6.0,Hold,6.0,Hold,8.0,Hold,6.0,Hold,8.0,Sell,10.0,Sell,4.0,Hold,4.0,Hold,6.0
13/4/2023,163.5068207,0.6284542611344294,Hold,5.0,Hold,6.0,Hold,6.0,Hold,8.0,Hold,6.0,Hold,8.0,Hold,10.0,Hold,4.0,Hold,4.0,Hold,6.0
14/4/2023,163.1611786,0.5074492118888613,Hold,5.0,Hold,6.0,Hold,6.0,Hold,8.0,Hold,6.0,Hold,8.0,Buy,10.0,Buy,4.0,Hold,4.0,Hold,6.0
17/4/2023,163.1808929,0.6964660321481886,Hold,5.0,Hold,6.0,Hold,6.0,Hold,8.0,Hold,6.0,Hold,8.0,Hold,10.0,Sell,4.0,Hold,4.0,Hold,6.0
18/4/2023,164.4055481,0.5914254348483109,Hold,5.0,Hold,6.0,Hold,6.0,Hold,8.0,Hold,6.0,Hold,8.0,Hold,10.0,Hold,4.0,Hold,4.0,Hold,6.0
19/4/2023,165.5511627,0.8003747198813942,Hold,5.0,Hold,6.0,Hold,6.0,Hold,8.0,Hold,6.0,Hold,8.0,Buy,10.0,Hold,4.0,Hold,4.0,Hold,6.0
20/4/2023,164.5832672,0.4156794107668181,Hold,5.0,Hold,6.0,Hold,6.0,Hold,8.0,Hold,6.0,Hold,8.0,Sell,10.0,Hold,4.0,Hold,4.0,Hold,6.0
21/4/2023,162.9735107,0.7526393729712296,Hold,5.0,Hold,6.0,Hold,6.0,Hold,8.0,Hold,6.0,Hold,8.0,Hold,10.0,Buy,4.0,Hold,4.0,Hold,6.0
24/4/2023,163.2796631,0.7626729756621211,Hold,5.0,Hold,6.0,Hold,6.0,Hold,8.0,Hold,6.0,Hold,8.0,Hold,10.0,Hold,4.0,Hold,4.0,Hold,6.0
25/4/2023,161.7389984,0.4887596683778438,Hold,5.0,Hold,6.0,Hold,6.0,Hold,8.0,Hold,6.0,Hold,8.0,Hold,10.0,Hold,4.0,Hold,4.0,Hold,6.0
26/4/2023,161.7291412,0.4833613359181955,Hold,5.0,Hold,6.0,Hold,6.0,Hold,8.0,Hold,6.0,Hold,8.0,Sell,10.0,Hold,4.0,Hold,4.0,Hold,6.0
27/4/2023,166.3214569,0.5879547748312801,Hold,5.0,Hold,6.0,Hold,6.0,Hold,8.0,Hold,6.0,Hold,8.0,Hold,10.0,Hold,4.0,Hold,4.0,Hold,6.0
28/4/2023,167.5757294,0.4942005175965333,Hold,5.0,Hold,6.0,Hold,6.0,Hold,8.0,Hold,6.0,Hold,8.0,Buy,10.0,Hold,4.0,Hold,4.0,Hold,6.0
1/5/2023,167.4868622,0.608823319927492,Hold,5.0,Hold,6.0,Hold,6.0,Hold,8.0,Hold,6.0,Hold,8.0,Buy,10.0,Hold,4.0,Hold,4.0,Hold,6.0
2/5/2023,166.4498444,0.4979338969415902,Hold,5.0,Hold,6.0,Hold,6.0,Hold,8.0,Hold,6.0,Hold,8.0,Sell,10.0,Hold,4.0,Hold,4.0,Hold,6.0
3/5/2023,165.3733673,0.3609269570065154,Hold,5.0,Hold,6.0,Hold,6.0,Hold,8.0,Hold,6.0,Hold,8.0,Hold,10.0,Hold,4.0,Hold,4.0,Hold,6.0
4/5/2023,163.733963,0.2164106243495456,Hold,5.0,Hold,6.0,Hold,6.0,Hold,8.0,Hold,6.0,Hold,8.0,Hold,10.0,Hold,4.0,Hold,4.0,Hold,6.0
5/5/2023,171.4174957,0.2935243085041785,Hold,5.0,Hold,6.0,Hold,6.0,Hold,8.0,Hold,6.0,Hold,8.0,Hold,10.0,Hold,4.0,Hold,4.0,Hold,6.0
8/5/2023,171.3483429,0.5798053082005253,Hold,5.0,Hold,6.0,Hold,6.0,Hold,8.0,Hold,6.0,Hold,8.0,Hold,10.0,Hold,4.0,Hold,4.0,Hold,6.0
9/5/2023,169.6398163,0.5535031190620124,Hold,5.0,Hold,6.0,Hold,6.0,Hold,8.0,Hold,6.0,Hold,8.0,Hold,10.0,Hold,4.0,Hold,4.0,Hold,6.0
10/5/2023,171.4076233,0.4714327571200167,Hold,5.0,Hold,6.0,Hold,6.0,Hold,8.0,Hold,6.0,Hold,8.0,Hold,10.0,Hold,4.0,Hold,4.0,Hold,6.0
11/5/2023,171.5952454,0.1978762478787878,Hold,5.0,Hold,6.0,Hold,6.0,Hold,8.0,Hold,6.0,Hold,8.0,Hold,10.0,Hold,4.0,Hold,4.0,Hold,6.0
12/5/2023,170.6656342,0.7104512548533009,Hold,5.0,Hold,6.0,Hold,6.0,Hold,8.0,Hold,6.0,Hold,8.0,Hold,10.0,Hold,4.0,Hold,4.0,Hold,6.0
15/5/2023,170.1711426,0.3948718871925357,Hold,5.0,Hold,6.0,Hold,6.0,Hold,8.0,Hold,6.0,Hold,8.0,Hold,10.0,Hold,4.0,Hold,4.0,Hold,6.0
16/5/2023,170.1711426,0.4377501994863248,Hold,5.0,Hold,6.0,Hold,6.0,Hold,8.0,Hold,6.0,Hold,8.0,Sell,10.0,Hold,4.0,Hold,4.0,Hold,6.0
17/5/2023,170.7842865,0.4207484490211181,Hold,5.0,Hold,6.0,Hold,6.0,Hold,8.0,Hold,6.0,Hold,8.0,Hold,10.0,Hold,4.0,Hold,4.0,Hold,6.0
18/5/2023,173.1182556,0.9039858349416058,Hold,5.0,Hold,6.0,Hold,6.0,Hold,8.0,Hold,6.0,Hold,8.0,Buy,10.0,Hold,4.0,Hold,4.0,Hold,6.0
19/5/2023,173.2270508,0.5643426049533594,Hold,5.0,Hold,6.0,Hold,6.0,Hold,8.0,Hold,6.0,Hold,8.0,Hold,10.0,Hold,4.0,Hold,4.0,Hold,6.0
22/5/2023,172.2776337,0.4917470287339449,Hold,5.0,Hold,6.0,Hold,6.0,Hold,8.0,Hold,6.0,Hold,8.0,Sell,10.0,Hold,4.0,Hold,4.0,Hold,6.0
23/5/2023,169.666748,0.5603052458592742,Hold,5.0,Hold,6.0,Hold,6.0,Hold,8.0,Hold,6.0,Hold,8.0,Hold,10.0,Hold,4.0,Hold,4.0,Hold,6.0
24/5/2023,169.9436798,0.5325222082938822,Hold,5.0,Hold,6.0,Hold,6.0,Hold,8.0,Hold,6.0,Hold,8.0,Hold,10.0,Hold,4.0,Hold,4.0,Hold,6.0
25/5/2023,171.0810089,0.8029083977027028,Hold,5.0,Hold,6.0,Hold,6.0,Hold,8.0,Hold,6.0,Hold,8.0,Hold,10.0,Hold,4.0,Hold,4.0,Hold,6.0
26/5/2023,173.4940491,0.8970776910447762,Hold,5.0,Hold,6.0,Hold,6.0,Hold,8.0,Hold,6.0,Hold,8.0,Buy,10.0,Hold,4.0,Hold,4.0,Hold,6.0
30/5/2023,175.3434448,0.7549977950440165,Hold,5.0,Hold,6.0,Hold,6.0,Hold,8.0,Hold,6.0,Hold,8.0,Hold,10.0,Hold,4.0,Hold,4.0,Hold,6.0
31/5/2023,175.2939606,0.649574360914649,Hold,5.0,Hold,6.0,Hold,6.0,Hold,8.0,Hold,6.0,Hold,8.0,Hold,10.0,Hold,4.0,Hold,4.0,Hold,6.0
1/6/2023,178.1026154,0.7943731593718716,Hold,5.0,Hold,6.0,Hold,6.0,Hold,8.0,Hold,6.0,Hold,8.0,Hold,10.0,Hold,4.0,Hold,4.0,Hold,6.0
2/6/2023,178.9531555,0.4448923061147479,Hold,5.0,Hold,6.0,Hold,6.0,Hold,8.0,Hold,6.0,Hold,8.0,Hold,10.0,Hold,4.0,Hold,4.0,Hold,6.0
5/6/2023,177.5982513,0.5281646177176592,Hold,5.0,Hold,6.0,Hold,6.0,Hold,8.0,Hold,6.0,Hold,8.0,Hold,10.0,Hold,4.0,Hold,4.0,Hold,6.0
6/6/2023,177.2323456,0.4282594526125006,Hold,5.0,Hold,6.0,Hold,6.0,Hold,8.0,Hold,6.0,Hold,8.0,Hold,10.0,Hold,4.0,Hold,4.0,Hold,6.0
7/6/2023,175.8576965,0.6073377509855922,Hold,5.0,Hold,6.0,Hold,6.0,Hold,8.0,Hold,6.0,Hold,8.0,Hold,10.0,Hold,4.0,Hold,4.0,Hold,6.0
8/6/2023,178.5773315,0.5394284789075189,Hold,5.0,Hold,6.0,Hold,6.0,Hold,8.0,Hold,6.0,Hold,8.0,Hold,10.0,Hold,4.0,Hold,4.0,Hold,6.0
9/6/2023,178.963028,0.430958320356796,Hold,5.0,Hold,6.0,Hold,6.0,Hold,8.0,Hold,6.0,Hold,8.0,Hold,10.0,Hold,4.0,Hold,4.0,Hold,6.0
12/6/2023,181.761795,0.5586588249162022,Hold,5.0,Hold,6.0,Hold,6.0,Hold,8.0,Hold,6.0,Hold,8.0,Hold,10.0,Hold,4.0,Hold,4.0,Hold,6.0
13/6/2023,181.2870789,0.3816894869079395,Hold,5.0,Hold,6.0,Hold,6.0,Hold,8.0,Hold,6.0,Hold,8.0,Hold,10.0,Hold,4.0,Hold,4.0,Hold,6.0
14/6/2023,181.9200287,0.7602717190585829,Hold,5.0,Hold,6.0,Hold,6.0,Hold,8.0,Hold,6.0,Hold,8.0,Hold,10.0,Hold,4.0,Hold,4.0,Hold,6.0
15/6/2023,183.9573059,0.5573729515552677,Hold,5.0,Hold,6.0,Hold,6.0,Hold,8.0,Hold,6.0,Hold,8.0,Hold,10.0,Hold,4.0,Hold,4.0,Hold,6.0
16/6/2023,182.8793335,0.5795239813627283,Hold,5.0,Hold,6.0,Hold,6.0,Hold,8.0,Hold,6.0,Hold,8.0,Hold,10.0,Hold,4.0,Hold,4.0,Hold,6.0
20/6/2023,182.9683533,0.7304708786711968,Hold,5.0,Hold,6.0,Hold,6.0,Hold,8.0,Hold,6.0,Hold,8.0,Hold,10.0,Hold,4.0,Hold,4.0,Hold,6.0
21/6/2023,181.9299316,0.7494966747368421,Hold,5.0,Hold,6.0,Hold,6.0,Hold,8.0,Hold,6.0,Hold,8.0,Hold,10.0,Hold,4.0,Hold,4.0,Hold,6.0
22/6/2023,184.9364014,0.6758059963883862,Hold,5.0,Hold,6.0,Hold,6.0,Hold,8.0,Hold,6.0,Hold,8.0,Hold,10.0,Hold,4.0,Hold,4.0,Hold,6.0
23/6/2023,184.6199036,0.4019957705955381,Hold,5.0,Hold,6.0,Hold,6.0,Hold,8.0,Hold,6.0,Hold,8.0,Hold,10.0,Hold,4.0,Hold,4.0,Hold,6.0
26/6/2023,183.2254486,0.8672254305681362,Hold,5.0,Hold,6.0,Hold,6.0,Hold,8.0,Hold,6.0,Hold,8.0,Hold,10.0,Hold,4.0,Hold,4.0,Hold,6.0
27/6/2023,185.9846802,0.4412714923669723,Hold,5.0,Hold,6.0,Hold,6.0,Hold,8.0,Hold,6.0,Hold,8.0,Hold,10.0,Hold,4.0,Hold,4.0,Hold,6.0
28/6/2023,187.1615448,0.2964149615729574,Hold,5.0,Hold,6.0,Hold,6.0,Hold,8.0,Hold,6.0,Hold,8.0,Hold,10.0,Hold,4.0,Hold,4.0,Hold,6.0
29/6/2023,187.497818,0.5605329553407998,Hold,5.0,Hold,6.0,Hold,6.0,Hold,8.0,Hold,6.0,Hold,8.0,Hold,10.0,Hold,4.0,Hold,4.0,Hold,6.0
30/6/2023,191.8294525,0.5816765864560315,Hold,5.0,Hold,6.0,Hold,6.0,Hold,8.0,Hold,6.0,Hold,8.0,Hold,10.0,Hold,4.0,Hold,4.0,Hold,6.0
3/7/2023,190.3361359,0.3325906149337732,Hold,5.0,Hold,6.0,Hold,6.0,Hold,8.0,Hold,6.0,Hold,8.0,Hold,10.0,Hold,4.0,Hold,4.0,Hold,6.0
5/7/2023,189.2185822,0.3878850805100636,Hold,5.0,Hold,6.0,Hold,6.0,Hold,8.0,Hold,6.0,Hold,8.0,Hold,10.0,Hold,4.0,Hold,4.0,Hold,6.0
6/7/2023,189.6932983,0.5451252268922223,Hold,5.0,Hold,6.0,Hold,6.0,Hold,8.0,Hold,6.0,Hold,8.0,Hold,10.0,Hold,4.0,Hold,4.0,Hold,6.0
7/7/2023,188.5757751,0.6748226724623887,Hold,5.0,Hold,6.0,Hold,6.0,Hold,8.0,Hold,6.0,Hold,8.0,Hold,10.0,Hold,4.0,Hold,4.0,Hold,6.0
10/7/2023,186.5286102,0.261800238151666,Hold,5.0,Hold,6.0,Hold,6.0,Hold,8.0,Hold,6.0,Hold,8.0,Sell,10.0,Hold,4.0,Hold,4.0,Hold,6.0
11/7/2023,186.0044708,0.4334043936331168,Hold,5.0,Hold,6.0,Hold,6.0,Hold,8.0,Hold,6.0,Hold,8.0,Hold,10.0,Sell,4.0,Hold,4.0,Hold,6.0
12/7/2023,187.675827,0.6654712252007585,Hold,5.0,Hold,6.0,Hold,6.0,Hold,8.0,Hold,6.0,Hold,8.0,Hold,10.0,Hold,4.0,Hold,4.0,Hold,6.0
13/7/2023,188.4373016,0.6892993206682929,Hold,5.0,Hold,6.0,Hold,6.0,Hold,8.0,Hold,6.0,Hold,8.0,Hold,10.0,Buy,4.0,Hold,4.0,Hold,6.0
14/7/2023,188.5856476,0.3737849487234042,Hold,5.0,Hold,6.0,Hold,6.0,Hold,8.0,Hold,6.0,Hold,8.0,Hold,10.0,Hold,4.0,Hold,4.0,Hold,6.0
17/7/2023,191.8492432,0.3475146871288192,Sell,5.0,Hold,6.0,Hold,6.0,Hold,8.0,Hold,6.0,Hold,8.0,Hold,10.0,Hold,4.0,Hold,4.0,Hold,6.0
18/7/2023,191.5921173,0.6945650322949949,Hold,5.0,Hold,6.0,Hold,6.0,Hold,8.0,Hold,6.0,Hold,8.0,Hold,10.0,Hold,4.0,Hold,4.0,Hold,6.0
19/7/2023,192.946991,0.7742583500952004,Hold,5.0,Hold,6.0,Hold,6.0,Hold,8.0,Hold,6.0,Hold,8.0,Hold,10.0,Hold,4.0,Hold,4.0,Hold,6.0
20/7/2023,190.9987488,0.4348071374391837,Hold,5.0,Hold,6.0,Hold,6.0,Hold,8.0,Hold,6.0,Hold,8.0,Hold,10.0,Hold,4.0,Hold,4.0,Hold,6.0
21/7/2023,189.8218842,0.5139194644584131,Hold,5.0,Hold,6.0,Hold,6.0,Hold,8.0,Hold,6.0,Hold,8.0,Hold,10.0,Hold,4.0,Hold,4.0,Hold,6.0
24/7/2023,190.6229095,0.298758811512284,Hold,5.0,Hold,6.0,Hold,6.0,Hold,8.0,Hold,6.0,Hold,8.0,Hold,10.0,Hold,4.0,Hold,4.0,Hold,6.0
25/7/2023,191.4833221,-0.1132620768397868,Hold,5.0,Hold,6.0,Hold,6.0,Hold,8.0,Hold,6.0,Hold,8.0,Hold,10.0,Hold,4.0,Hold,4.0,Hold,6.0
26/7/2023,192.3536072,0.5497011632562242,Hold,5.0,Hold,6.0,Hold,6.0,Hold,8.0,Hold,6.0,Hold,8.0,Hold,10.0,Hold,4.0,Hold,4.0,Hold,6.0
27/7/2023,191.0877075,0.7299037462962964,Hold,5.0,Hold,6.0,Hold,6.0,Hold,8.0,Hold,6.0,Hold,8.0,Hold,10.0,Hold,4.0,Hold,4.0,Hold,6.0
28/7/2023,193.6689453,0.4489393152784212,Sell,5.0,Hold,6.0,Hold,6.0,Hold,8.0,Hold,6.0,Hold,8.0,Hold,10.0,Hold,4.0,Hold,4.0,Hold,6.0
31/7/2023,194.282074,0.8300707490383189,Sell,5.0,Hold,6.0,Hold,6.0,Hold,8.0,Hold,6.0,Hold,8.0,Hold,10.0,Hold,4.0,Hold,4.0,Hold,6.0
1/8/2023,193.451355,0.5327389598426111,Hold,5.0,Hold,6.0,Hold,6.0,Hold,8.0,Hold,6.0,Hold,8.0,Hold,10.0,Hold,4.0,Hold,4.0,Hold,6.0
2/8/2023,190.4547882,0.7132521430508493,Hold,5.0,Hold,6.0,Hold,6.0,Hold,8.0,Hold,6.0,Hold,8.0,Hold,10.0,Hold,4.0,Hold,4.0,Hold,6.0
3/8/2023,189.0603333,0.087051644368218,Hold,5.0,Hold,6.0,Sell,6.0,Sell,8.0,Hold,6.0,Sell,8.0,Hold,10.0,Sell,4.0,Sell,4.0,Hold,6.0
4/8/2023,179.9816589,0.1350091582611528,Hold,5.0,Sell,6.0,Hold,6.0,Hold,8.0,Sell,6.0,Hold,8.0,Hold,10.0,Hold,4.0,Hold,4.0,Hold,6.0
7/8/2023,176.8763123,0.0704781172255364,Hold,5.0,Hold,6.0,Hold,6.0,Hold,8.0,Hold,6.0,Hold,8.0,Hold,10.0,Hold,4.0,Hold,4.0,Hold,6.0
8/8/2023,177.8158417,0.6803360296485699,Hold,5.0,Hold,6.0,Hold,6.0,Hold,8.0,Hold,6.0,Hold,8.0,Hold,10.0,Hold,4.0,Hold,4.0,Hold,6.0
9/8/2023,176.2236176,0.6261169079624891,Hold,5.0,Hold,6.0,Hold,6.0,Hold,8.0,Hold,6.0,Hold,8.0,Hold,10.0,Hold,4.0,Hold,4.0,Hold,6.0
10/8/2023,176.0060425,0.6215911312126351,Hold,5.0,Hold,6.0,Hold,6.0,Hold,8.0,Hold,6.0,Hold,8.0,Hold,10.0,Hold,4.0,Hold,4.0,Hold,6.0
11/8/2023,176.0654449,0.7281509371470588,Hold,5.0,Hold,6.0,Hold,6.0,Hold,8.0,Hold,6.0,Hold,8.0,Hold,10.0,Hold,4.0,Hold,4.0,Hold,6.0
14/8/2023,177.7192383,0.2981828155798779,Hold,5.0,Hold,6.0,Hold,6.0,Hold,8.0,Hold,6.0,Hold,8.0,Hold,10.0,Hold,4.0,Hold,4.0,Hold,6.0
15/8/2023,175.7287445,0.7038721609471845,Hold,5.0,Hold,6.0,Hold,6.0,Hold,8.0,Hold,6.0,Hold,8.0,Hold,10.0,Hold,4.0,Hold,4.0,Hold,6.0
16/8/2023,174.8572845,0.8921595973468992,Hold,5.0,Hold,6.0,Hold,6.0,Hold,8.0,Hold,6.0,Hold,8.0,Hold,10.0,Hold,4.0,Hold,4.0,Hold,6.0
17/8/2023,172.3122101,0.4218787312865981,Hold,5.0,Hold,6.0,Hold,6.0,Hold,8.0,Hold,6.0,Hold,8.0,Hold,10.0,Hold,4.0,Hold,4.0,Hold,6.0
18/8/2023,172.7974701,0.8964454511112961,Hold,5.0,Hold,6.0,Hold,6.0,Hold,8.0,Hold,6.0,Hold,8.0,Hold,10.0,Hold,4.0,Hold,4.0,Hold,6.0
21/8/2023,174.1343536,0.5514914616100001,Buy,5.0,Hold,6.0,Hold,6.0,Hold,8.0,Hold,6.0,Hold,8.0,Hold,10.0,Hold,4.0,Hold,4.0,Hold,6.0
22/8/2023,175.5108948,0.5741765178980868,Buy,5.0,Hold,6.0,Hold,6.0,Hold,8.0,Hold,6.0,Hold,8.0,Hold,10.0,Hold,4.0,Hold,4.0,Hold,6.0
23/8/2023,179.3631287,0.6949539954295363,Hold,5.0,Hold,6.0,Hold,6.0,Hold,8.0,Hold,6.0,Hold,8.0,Hold,10.0,Hold,4.0,Hold,4.0,Hold,6.0
24/8/2023,174.6691132,0.7267468783140318,Hold,5.0,Hold,6.0,Buy,6.0,Buy,8.0,Hold,6.0,Buy,8.0,Buy,10.0,Buy,4.0,Buy,4.0,Hold,6.0
25/8/2023,176.8774872,0.5545241103925912,Hold,5.0,Hold,6.0,Hold,6.0,Hold,8.0,Hold,6.0,Hold,8.0,Hold,10.0,Hold,4.0,Hold,4.0,Buy,6.0
28/8/2023,178.4421844,0.552096874478372,Hold,5.0,Hold,6.0,Buy,6.0,Buy,8.0,Hold,6.0,Buy,8.0,Hold,10.0,Buy,4.0,Buy,4.0,Hold,6.0
29/8/2023,182.3340302,0.9714645244192982,Hold,5.0,Hold,6.0,Hold,6.0,Hold,8.0,Hold,6.0,Hold,8.0,Hold,10.0,Hold,4.0,Hold,4.0,Hold,6.0
30/8/2023,185.8298035,0.621237931254115,Hold,5.0,Buy,6.0,Hold,6.0,Hold,8.0,Buy,6.0,Hold,8.0,Hold,10.0,Hold,4.0,Hold,4.0,Hold,6.0
31/8/2023,186.0476685,0.505161531702331,Hold,5.0,Hold,6.0,Hold,6.0,Hold,8.0,Hold,6.0,Hold,8.0,Hold,10.0,Hold,4.0,Hold,4.0,Hold,6.0
1/9/2023,187.6222534,0.6327385708107626,Hold,5.0,Hold,6.0,Hold,6.0,Hold,8.0,Hold,6.0,Hold,8.0,Hold,10.0,Hold,4.0,Hold,4.0,Hold,6.0
5/9/2023,187.8599243,0.5610718393790983,Sell,5.0,Hold,6.0,Hold,6.0,Hold,8.0,Hold,6.0,Hold,8.0,Hold,10.0,Hold,4.0,Hold,4.0,Hold,6.0
6/9/2023,181.135788,-0.0265192367661313,Hold,5.0,Hold,6.0,Hold,6.0,Hold,8.0,Hold,6.0,Hold,8.0,Hold,10.0,Hold,4.0,Hold,4.0,Hold,6.0
7/9/2023,175.837677,-0.0906553207956387,Hold,5.0,Sell,6.0,Sell,6.0,Sell,8.0,Sell,6.0,Sell,8.0,Sell,10.0,Sell,4.0,Hold,4.0,Sell,6.0
8/9/2023,176.4516449,0.199597853269823,Hold,5.0,Hold,6.0,Hold,6.0,Hold,8.0,Hold,6.0,Hold,8.0,Hold,10.0,Hold,4.0,Hold,4.0,Hold,6.0
11/9/2023,177.620224,0.6243814537304069,Hold,5.0,Hold,6.0,Hold,6.0,Hold,8.0,Hold,6.0,Hold,8.0,Hold,10.0,Hold,4.0,Hold,4.0,Hold,6.0
12/9/2023,174.5899048,0.4192422749151834,Hold,5.0,Hold,6.0,Hold,6.0,Hold,8.0,Hold,6.0,Hold,8.0,Sell,10.0,Hold,4.0,Hold,4.0,Hold,6.0
13/9/2023,172.5201874,0.4087105336620948,Hold,5.0,Hold,6.0,Hold,6.0,Hold,8.0,Hold,6.0,Hold,8.0,Hold,10.0,Hold,4.0,Hold,4.0,Hold,6.0
14/9/2023,174.0353241,0.3823703131779464,Hold,5.0,Hold,6.0,Hold,6.0,Hold,8.0,Hold,6.0,Hold,8.0,Hold,10.0,Sell,4.0,Hold,4.0,Hold,6.0
15/9/2023,173.3123779,0.4940199657844588,Hold,5.0,Hold,6.0,Hold,6.0,Hold,8.0,Hold,6.0,Hold,8.0,Hold,10.0,Hold,4.0,Hold,4.0,Hold,6.0
18/9/2023,176.2437134,0.4453599959567119,Hold,5.0,Hold,6.0,Hold,6.0,Hold,8.0,Hold,6.0,Hold,8.0,Hold,10.0,Hold,4.0,Hold,4.0,Hold,6.0
19/9/2023,177.3330383,0.4420397105789463,Hold,5.0,Hold,6.0,Hold,6.0,Hold,8.0,Hold,6.0,Hold,8.0,Hold,10.0,Hold,4.0,Hold,4.0,Hold,6.0
20/9/2023,173.7877502,0.5309190307265294,Hold,5.0,Hold,6.0,Hold,6.0,Hold,8.0,Hold,6.0,Hold,8.0,Hold,10.0,Hold,4.0,Hold,4.0,Hold,6.0
21/9/2023,172.2428741,0.366311941010536,Hold,5.0,Hold,6.0,Hold,6.0,Hold,8.0,Hold,6.0,Hold,8.0,Hold,10.0,Hold,4.0,Hold,4.0,Hold,6.0
22/9/2023,173.0945282,0.6183782310841526,Hold,5.0,Hold,6.0,Hold,6.0,Hold,8.0,Hold,6.0,Hold,8.0,Hold,10.0,Hold,4.0,Hold,4.0,Hold,6.0
25/9/2023,174.3720245,-0.0688704622990273,Hold,5.0,Hold,6.0,Hold,6.0,Hold,8.0,Hold,6.0,Hold,8.0,Hold,10.0,Hold,4.0,Hold,4.0,Hold,6.0
26/9/2023,170.292038,0.6106034909947038,Hold,5.0,Hold,6.0,Hold,6.0,Hold,8.0,Hold,6.0,Hold,8.0,Hold,10.0,Hold,4.0,Hold,4.0,Hold,6.0
27/9/2023,168.776825,0.486795912240561,Hold,5.0,Hold,6.0,Hold,6.0,Hold,8.0,Hold,6.0,Hold,8.0,Hold,10.0,Hold,4.0,Hold,4.0,Hold,6.0
28/9/2023,169.034317,0.3779251464468781,Hold,5.0,Hold,6.0,Hold,6.0,Hold,8.0,Hold,6.0,Hold,8.0,Hold,10.0,Hold,4.0,Hold,4.0,Hold,6.0
29/9/2023,169.5492706,0.6226895165312661,Hold,5.0,Hold,6.0,Hold,6.0,Hold,8.0,Hold,6.0,Hold,8.0,Hold,10.0,Hold,4.0,Hold,4.0,Hold,6.0
2/10/2023,172.0646515,0.5439346394175941,Hold,5.0,Hold,6.0,Hold,6.0,Hold,8.0,Hold,6.0,Hold,8.0,Hold,10.0,Hold,4.0,Hold,4.0,Hold,6.0
3/10/2023,170.7277374,0.6363432376602456,Hold,5.0,Hold,6.0,Hold,6.0,Hold,8.0,Hold,6.0,Hold,8.0,Hold,10.0,Hold,4.0,Hold,4.0,Hold,6.0
4/10/2023,171.9755096,0.2516306023218271,Hold,5.0,Hold,6.0,Hold,6.0,Hold,8.0,Hold,6.0,Hold,8.0,Buy,10.0,Hold,4.0,Hold,4.0,Buy,6.0
5/10/2023,173.2133942,0.5274015905143121,Hold,5.0,Hold,6.0,Hold,6.0,Hold,8.0,Hold,6.0,Hold,8.0,Hold,10.0,Hold,4.0,Hold,4.0,Hold,6.0
6/10/2023,175.7683716,0.7708909949772729,Hold,5.0,Hold,6.0,Buy,6.0,Buy,8.0,Hold,6.0,Buy,8.0,Hold,10.0,Buy,4.0,Buy,4.0,Hold,6.0
9/10/2023,177.2538147,0.1429697708117267,Hold,5.0,Buy,6.0,Hold,6.0,Hold,8.0,Buy,6.0,Hold,8.0,Hold,10.0,Hold,4.0,Hold,4.0,Hold,6.0
10/10/2023,176.6596222,0.3659856826795192,Hold,5.0,Hold,6.0,Hold,6.0,Hold,8.0,Hold,6.0,Hold,8.0,Hold,10.0,Hold,4.0,Hold,4.0,Hold,6.0
11/10/2023,178.0559692,0.397749907423072,Hold,5.0,Hold,6.0,Hold,6.0,Hold,8.0,Hold,6.0,Hold,8.0,Hold,10.0,Hold,4.0,Hold,4.0,Hold,6.0
12/10/2023,178.9571381,-0.05074005825,Hold,5.0,Hold,6.0,Hold,6.0,Hold,8.0,Hold,6.0,Hold,8.0,Hold,10.0,Hold,4.0,Hold,4.0,Hold,6.0
13/10/2023,177.1151733,0.8707714375294119,Hold,5.0,Hold,6.0,Hold,6.0,Hold,8.0,Hold,6.0,Hold,8.0,Hold,10.0,Hold,4.0,Hold,4.0,Hold,6.0
16/10/2023,176.9864349,0.4412680663226922,Hold,5.0,Hold,6.0,Hold,6.0,Hold,8.0,Hold,6.0,Hold,8.0,Hold,10.0,Hold,4.0,Hold,4.0,Hold,6.0
17/10/2023,175.4316406,0.3199033113835131,Hold,5.0,Hold,6.0,Hold,6.0,Hold,8.0,Hold,6.0,Hold,8.0,Hold,10.0,Hold,4.0,Hold,4.0,Hold,6.0
18/10/2023,174.1343536,0.476767818852459,Hold,5.0,Hold,6.0,Sell,6.0,Sell,8.0,Hold,6.0,Sell,8.0,Sell,10.0,Sell,4.0,Hold,4.0,Hold,6.0
19/10/2023,173.7580566,0.2797051927737226,Hold,5.0,Sell,6.0,Hold,6.0,Hold,8.0,Sell,6.0,Hold,8.0,Hold,10.0,Hold,4.0,Hold,4.0,Sell,6.0
20/10/2023,171.2030792,0.5258957621379312,Hold,5.0,Hold,6.0,Hold,6.0,Hold,8.0,Hold,6.0,Hold,8.0,Hold,10.0,Hold,4.0,Hold,4.0,Hold,6.0
23/10/2023,171.3218842,0.2548845707166718,Hold,5.0,Hold,6.0,Hold,6.0,Hold,8.0,Hold,6.0,Hold,8.0,Hold,10.0,Hold,4.0,Hold,4.0,Hold,6.0
24/10/2023,171.7576447,0.4427662242331289,Hold,5.0,Hold,6.0,Hold,6.0,Hold,8.0,Hold,6.0,Hold,8.0,Hold,10.0,Hold,4.0,Hold,4.0,Hold,6.0
25/10/2023,169.4403381,0.7161659636134435,Hold,5.0,Hold,6.0,Hold,6.0,Hold,8.0,Hold,6.0,Hold,8.0,Hold,10.0,Hold,4.0,Hold,4.0,Hold,6.0
26/10/2023,165.2711792,0.4678635522990031,Hold,5.0,Hold,6.0,Hold,6.0,Hold,8.0,Hold,6.0,Hold,8.0,Hold,10.0,Hold,4.0,Hold,4.0,Hold,6.0
27/10/2023,166.5882568,0.4998656846685322,Buy,5.0,Hold,6.0,Hold,6.0,Hold,8.0,Hold,6.0,Hold,8.0,Hold,10.0,Hold,4.0,Hold,4.0,Hold,6.0
30/10/2023,168.6381836,0.4122901478786501,Hold,5.0,Hold,6.0,Hold,6.0,Hold,8.0,Hold,6.0,Hold,8.0,Hold,10.0,Hold,4.0,Hold,4.0,Hold,6.0
31/10/2023,169.1135712,0.6059942449882053,Buy,5.0,Hold,6.0,Hold,6.0,Hold,8.0,Hold,6.0,Hold,8.0,Hold,10.0,Hold,4.0,Hold,4.0,Hold,6.0
1/11/2023,172.2825012,0.5117867085831471,Hold,5.0,Hold,6.0,Hold,6.0,Hold,8.0,Hold,6.0,Hold,8.0,Hold,10.0,Hold,4.0,Hold,4.0,Hold,6.0
2/11/2023,175.8475952,0.1605196861858665,Hold,5.0,Buy,6.0,Buy,6.0,Buy,8.0,Buy,6.0,Buy,8.0,Buy,10.0,Buy,4.0,Buy,4.0,Buy,6.0
3/11/2023,174.9364929,0.2081814134840535,Hold,5.0,Hold,6.0,Hold,6.0,Hold,8.0,Hold,6.0,Hold,8.0,Hold,10.0,Hold,4.0,Hold,4.0,Hold,6.0
6/11/2023,177.4914856,0.2111894271341512,Hold,5.0,Hold,6.0,Hold,6.0,Hold,8.0,Hold,6.0,Hold,8.0,Hold,10.0,Hold,4.0,Hold,4.0,Hold,6.0
7/11/2023,180.056366,0.4587159170740328,Hold,5.0,Hold,6.0,Hold,6.0,Hold,8.0,Hold,6.0,Hold,8.0,Hold,10.0,Hold,4.0,Hold,4.0,Hold,6.0
8/11/2023,181.1159973,0.4977025154103141,Hold,5.0,Hold,6.0,Hold,6.0,Hold,8.0,Hold,6.0,Hold,8.0,Hold,10.0,Hold,4.0,Hold,4.0,Hold,6.0
9/11/2023,180.6406555,0.302735854106155,Hold,5.0,Hold,6.0,Hold,6.0,Hold,8.0,Hold,6.0,Hold,8.0,Hold,10.0,Hold,4.0,Hold,4.0,Hold,6.0
10/11/2023,184.8351135,0.823684571955128,Hold,5.0,Hold,6.0,Hold,6.0,Hold,8.0,Hold,6.0,Hold,8.0,Hold,10.0,Hold,4.0,Hold,4.0,Hold,6.0
13/11/2023,183.2485504,0.4680288809895042,Hold,5.0,Hold,6.0,Hold,6.0,Hold,8.0,Hold,6.0,Hold,8.0,Hold,10.0,Hold,4.0,Hold,4.0,Hold,6.0
14/11/2023,185.866394,0.4811602662321868,Hold,5.0,Hold,6.0,Hold,6.0,Hold,8.0,Hold,6.0,Hold,8.0,Hold,10.0,Hold,4.0,Hold,4.0,Hold,6.0
15/11/2023,186.4315948,0.7583580005972324,Hold,5.0,Hold,6.0,Hold,6.0,Hold,8.0,Hold,6.0,Hold,8.0,Hold,10.0,Hold,4.0,Hold,4.0,Hold,6.0
16/11/2023,188.1173553,0.5477334472115103,Hold,5.0,Hold,6.0,Hold,6.0,Hold,8.0,Hold,6.0,Hold,8.0,Hold,10.0,Hold,4.0,Hold,4.0,Hold,6.0
17/11/2023,188.0974884,0.525551259125,Hold,5.0,Hold,6.0,Hold,6.0,Hold,8.0,Hold,6.0,Hold,8.0,Hold,10.0,Hold,4.0,Hold,4.0,Hold,6.0
20/11/2023,189.8427429,0.4038874107751777,Hold,5.0,Hold,6.0,Hold,6.0,Hold,8.0,Hold,6.0,Hold,8.0,Hold,10.0,Hold,4.0,Hold,4.0,Hold,6.0
21/11/2023,189.0395203,0.6814080298970107,Hold,5.0,Hold,6.0,Hold,6.0,Hold,8.0,Hold,6.0,Hold,8.0,Hold,10.0,Hold,4.0,Hold,4.0,Hold,6.0
22/11/2023,189.7038879,0.68213896500698,Hold,5.0,Hold,6.0,Hold,6.0,Hold,8.0,Hold,6.0,Hold,8.0,Hold,10.0,Hold,4.0,Hold,4.0,Hold,6.0
24/11/2023,188.3751526,0.4652377360742946,Sell,5.0,Hold,6.0,Hold,6.0,Hold,8.0,Hold,6.0,Hold,8.0,Hold,10.0,Hold,4.0,Hold,4.0,Hold,6.0
27/11/2023,188.1966553,0.8949115449438203,Sell,5.0,Hold,6.0,Hold,6.0,Hold,8.0,Hold,6.0,Hold,8.0,Hold,10.0,Hold,4.0,Hold,4.0,Hold,6.0
28/11/2023,188.8015442,0.4997587112000001,Sell,5.0,Hold,6.0,Hold,6.0,Hold,8.0,Hold,6.0,Hold,8.0,Hold,10.0,Hold,4.0,Hold,4.0,Hold,6.0
29/11/2023,187.7801666,0.6354682623462595,Hold,5.0,Hold,6.0,Hold,6.0,Hold,8.0,Hold,6.0,Hold,8.0,Hold,10.0,Hold,4.0,Hold,4.0,Hold,6.0
30/11/2023,188.3553314,0.1804186625628619,Sell,5.0,Hold,6.0,Hold,6.0,Hold,8.0,Hold,6.0,Hold,8.0,Hold,10.0,Hold,4.0,Hold,4.0,Hold,6.0
1/12/2023,189.6344757,0.6136871111074075,Hold,5.0,Hold,6.0,Hold,6.0,Hold,8.0,Hold,6.0,Hold,8.0,Hold,10.0,Hold,4.0,Hold,4.0,Hold,6.0
4/12/2023,187.8396912,0.2433537285255277,Hold,5.0,Hold,6.0,Hold,6.0,Hold,8.0,Hold,6.0,Hold,8.0,Hold,10.0,Hold,4.0,Hold,4.0,Hold,6.0
5/12/2023,191.7961731,0.3120131443570694,Hold,5.0,Hold,6.0,Hold,6.0,Hold,8.0,Hold,6.0,Hold,8.0,Hold,10.0,Hold,4.0,Hold,4.0,Hold,6.0
6/12/2023,190.7054138,0.6321525679548192,Hold,5.0,Hold,6.0,Hold,6.0,Hold,8.0,Hold,6.0,Hold,8.0,Hold,10.0,Hold,4.0,Hold,4.0,Hold,6.0
7/12/2023,192.6390381,0.30862565302605,Hold,5.0,Hold,6.0,Hold,6.0,Hold,8.0,Hold,6.0,Hold,8.0,Hold,10.0,Hold,4.0,Hold,4.0,Hold,6.0
8/12/2023,194.0669556,0.6308321676772511,Hold,5.0,Hold,6.0,Hold,6.0,Hold,8.0,Hold,6.0,Hold,8.0,Hold,10.0,Hold,4.0,Hold,4.0,Hold,6.0
11/12/2023,191.5581818,0.5806295981582851,Hold,5.0,Hold,6.0,Hold,6.0,Hold,8.0,Hold,6.0,Hold,8.0,Hold,10.0,Hold,4.0,Hold,4.0,Hold,6.0
12/12/2023,193.0753632,0.267764743600883,Hold,5.0,Hold,6.0,Hold,6.0,Hold,8.0,Hold,6.0,Hold,8.0,Hold,10.0,Hold,4.0,Hold,4.0,Hold,6.0
13/12/2023,196.2980652,0.5281464571946084,Hold,5.0,Hold,6.0,Hold,6.0,Hold,8.0,Hold,6.0,Hold,8.0,Hold,10.0,Hold,4.0,Hold,4.0,Hold,6.0
14/12/2023,196.4468231,0.6856141748497401,Hold,5.0,Hold,6.0,Hold,6.0,Hold,8.0,Hold,6.0,Hold,8.0,Hold,10.0,Hold,4.0,Hold,4.0,Hold,6.0
15/12/2023,195.9113464,0.6267698195541282,Hold,5.0,Hold,6.0,Hold,6.0,Hold,8.0,Hold,6.0,Hold,8.0,Hold,10.0,Hold,4.0,Hold,4.0,Hold,6.0
18/12/2023,194.2454529,0.2119422208974359,Hold,5.0,Hold,6.0,Hold,6.0,Hold,8.0,Hold,6.0,Hold,8.0,Hold,10.0,Hold,4.0,Hold,4.0,Hold,6.0
19/12/2023,195.2866516,0.4712789304987037,Hold,5.0,Hold,6.0,Hold,6.0,Hold,8.0,Hold,6.0,Hold,8.0,Sell,10.0,Hold,4.0,Hold,4.0,Sell,6.0
20/12/2023,193.1943512,0.6381782149158092,Hold,5.0,Hold,6.0,Hold,6.0,Hold,8.0,Hold,6.0,Hold,8.0,Hold,10.0,Hold,4.0,Hold,4.0,Hold,6.0
21/12/2023,193.0455933,-0.0533486352807054,Hold,5.0,Hold,6.0,Hold,6.0,Sell,8.0,Hold,6.0,Sell,8.0,Hold,10.0,Sell,4.0,Hold,4.0,Hold,6.0
22/12/2023,191.9746857,0.6137356652162447,Hold,5.0,Hold,6.0,Hold,6.0,Hold,8.0,Hold,6.0,Hold,8.0,Hold,10.0,Hold,4.0,Hold,4.0,Hold,6.0
26/12/2023,191.4293213,0.3682349721161506,Hold,5.0,Hold,6.0,Hold,6.0,Hold,8.0,Hold,6.0,Hold,8.0,Hold,10.0,Hold,4.0,Hold,4.0,Hold,6.0
27/12/2023,191.5284271,0.5221276744368966,Hold,5.0,Sell,6.0,Hold,6.0,Hold,8.0,Sell,6.0,Hold,8.0,Hold,10.0,Hold,4.0,Hold,4.0,Hold,6.0
28/12/2023,191.954834,0.3457587738444438,Hold,5.0,Hold,6.0,Hold,6.0,Hold,8.0,Sell,6.0,Hold,8.0,Hold,10.0,Hold,4.0,Hold,4.0,Hold,6.0
29/12/2023,190.9136505,0.2458408422587181,Hold,5.0,Hold,6.0,Hold,6.0,Hold,8.0,Hold,6.0,Hold,8.0,Hold,10.0,Hold,4.0,Hold,4.0,Hold,6.0
2/1/2024,184.0814972,-0.3708721059216366,Hold,5.0,Sell,6.0,Hold,6.0,Hold,8.0,Hold,6.0,Hold,8.0,Hold,10.0,Hold,4.0,Hold,4.0,Hold,6.0
3/1/2024,182.703186,0.3845937984025794,Hold,5.0,Hold,6.0,Hold,6.0,Hold,8.0,Hold,6.0,Hold,8.0,Hold,10.0,Hold,4.0,Hold,4.0,Hold,6.0
4/1/2024,180.3828278,0.0461748720784574,Hold,5.0,Hold,6.0,Hold,6.0,Hold,8.0,Hold,6.0,Hold,8.0,Hold,10.0,Hold,4.0,Hold,4.0,Hold,6.0
5/1/2024,179.6589355,-0.0071619838460378,Hold,5.0,Hold,6.0,Hold,6.0,Hold,8.0,Hold,6.0,Hold,8.0,Hold,10.0,Hold,4.0,Hold,4.0,Hold,6.0
8/1/2024,184.0021515,0.4989775013939881,Hold,5.0,Hold,6.0,Hold,6.0,Hold,8.0,Hold,6.0,Hold,8.0,Hold,10.0,Hold,4.0,Hold,4.0,Hold,6.0
9/1/2024,183.5856934,0.3315625184554049,Buy,5.0,Hold,6.0,Hold,6.0,Hold,8.0,Hold,6.0,Hold,8.0,Hold,10.0,Hold,4.0,Hold,4.0,Hold,6.0
10/1/2024,184.6268921,0.0737768559933186,Buy,5.0,Hold,6.0,Hold,6.0,Hold,8.0,Hold,6.0,Hold,8.0,Hold,10.0,Hold,4.0,Hold,4.0,Hold,6.0
11/1/2024,184.0319061,0.4710186374022809,Buy,5.0,Hold,6.0,Hold,6.0,Hold,8.0,Hold,6.0,Hold,8.0,Hold,10.0,Hold,4.0,Hold,4.0,Hold,6.0
12/1/2024,184.3591309,0.559035098772829,Buy,5.0,Hold,6.0,Hold,6.0,Hold,8.0,Hold,6.0,Hold,8.0,Hold,10.0,Hold,4.0,Hold,4.0,Hold,6.0
16/1/2024,182.0883942,0.3863814202777971,Buy,5.0,Hold,6.0,Hold,6.0,Hold,8.0,Hold,6.0,Hold,8.0,Hold,10.0,Hold,4.0,Hold,4.0,Hold,6.0
17/1/2024,181.1463623,0.2661491053015369,Buy,5.0,Hold,6.0,Hold,6.0,Hold,8.0,Hold,6.0,Hold,8.0,Hold,10.0,Hold,4.0,Hold,4.0,Hold,6.0
18/1/2024,187.0463867,0.3786473705357484,Hold,5.0,Hold,6.0,Hold,6.0,Hold,8.0,Hold,6.0,Hold,8.0,Hold,10.0,Hold,4.0,Hold,4.0,Hold,6.0
19/1/2024,189.9517822,0.6397731624285714,Hold,5.0,Buy,6.0,Buy,6.0,Buy,8.0,Buy,6.0,Buy,8.0,Buy,10.0,Buy,4.0,Buy,4.0,Buy,6.0
22/1/2024,192.2622528,0.552600157331718,Hold,5.0,Hold,6.0,Hold,6.0,Hold,8.0,Hold,6.0,Hold,8.0,Hold,10.0,Hold,4.0,Hold,4.0,Hold,6.0
23/1/2024,193.5413818,0.2879104898228571,Hold,5.0,Hold,6.0,Hold,6.0,Hold,8.0,Hold,6.0,Hold,8.0,Hold,10.0,Hold,4.0,Hold,4.0,Hold,6.0
24/1/2024,192.8671265,0.3967079742213028,Hold,5.0,Hold,6.0,Hold,6.0,Hold,8.0,Hold,6.0,Hold,8.0,Hold,10.0,Hold,4.0,Hold,4.0,Hold,6.0
25/1/2024,192.5399017,0.3571678713554141,Sell,5.0,Hold,6.0,Hold,6.0,Hold,8.0,Hold,6.0,Hold,8.0,Hold,10.0,Hold,4.0,Hold,4.0,Hold,6.0
26/1/2024,190.8045807,0.4558273283334139,Sell,5.0,Hold,6.0,Hold,6.0,Hold,8.0,Hold,6.0,Hold,8.0,Hold,10.0,Hold,4.0,Hold,4.0,Hold,6.0
29/1/2024,190.1203613,0.7180091781902279,Hold,5.0,Hold,6.0,Hold,6.0,Hold,8.0,Hold,6.0,Hold,8.0,Hold,10.0,Hold,4.0,Hold,4.0,Hold,6.0
30/1/2024,186.4613495,0.2592352591772365,Hold,5.0,Hold,6.0,Hold,6.0,Hold,8.0,Hold,6.0,Hold,8.0,Hold,10.0,Hold,4.0,Hold,4.0,Hold,6.0
31/1/2024,182.8518982,0.4740535139929725,Hold,5.0,Sell,6.0,Sell,6.0,Sell,8.0,Sell,6.0,Sell,8.0,Sell,10.0,Sell,4.0,Hold,4.0,Sell,6.0
1/2/2024,185.2912598,0.2119934171760804,Hold,5.0,Hold,6.0,Hold,6.0,Hold,8.0,Hold,6.0,Hold,8.0,Hold,10.0,Hold,4.0,Hold,4.0,Hold,6.0
2/2/2024,184.2897339,0.3408190602038497,Hold,5.0,Sell,6.0,Sell,6.0,Hold,8.0,Hold,6.0,Hold,8.0,Hold,10.0,Hold,4.0,Hold,4.0,Hold,6.0
5/2/2024,186.1043701,0.3873084617973742,Hold,5.0,Hold,6.0,Hold,6.0,Hold,8.0,Sell,6.0,Hold,8.0,Hold,10.0,Sell,4.0,Hold,4.0,Hold,6.0
6/2/2024,187.7107544,0.5537844185368056,Hold,5.0,Hold,6.0,Hold,6.0,Hold,8.0,Hold,6.0,Hold,8.0,Hold,10.0,Hold,4.0,Hold,4.0,Hold,6.0
7/2/2024,187.81987,0.4997621626380334,Hold,5.0,Hold,6.0,Hold,6.0,Buy,8.0,Buy,6.0,Buy,8.0,Hold,10.0,Buy,4.0,Hold,4.0,Hold,6.0
8/2/2024,186.7390137,0.528005044089829,Hold,5.0,Hold,6.0,Hold,6.0,Hold,8.0,Hold,6.0,Hold,8.0,Hold,10.0,Hold,4.0,Hold,4.0,Hold,6.0
9/2/2024,187.5035248,0.4042718655621846,Hold,5.0,Hold,6.0,Hold,6.0,Sell,8.0,Sell,6.0,Sell,8.0,Hold,10.0,Sell,4.0,Sell,4.0,Hold,6.0
12/2/2024,185.8156128,0.6194343187790697,Hold,5.0,Hold,6.0,Hold,6.0,Buy,8.0,Buy,6.0,Buy,8.0,Hold,10.0,Buy,4.0,Hold,4.0,Hold,6.0
13/2/2024,183.7206879,0.554009113933542,Buy,5.0,Hold,6.0,Hold,6.0,Sell,8.0,Sell,6.0,Sell,8.0,Hold,10.0,Sell,4.0,Hold,4.0,Hold,6.0
14/2/2024,182.8370209,0.48852438546,Buy,5.0,Hold,6.0,Hold,6.0,Hold,8.0,Hold,6.0,Hold,8.0,Hold,10.0,Hold,4.0,Hold,4.0,Hold,6.0
15/2/2024,182.5490875,0.7744522151234723,Hold,5.0,Hold,6.0,Hold,6.0,Hold,8.0,Hold,6.0,Hold,8.0,Hold,10.0,Hold,4.0,Hold,4.0,Hold,6.0
16/2/2024,181.0101318,0.6848001765138656,Hold,5.0,Hold,6.0,Hold,6.0,Hold,8.0,Hold,6.0,Hold,8.0,Hold,10.0,Hold,4.0,Hold,4.0,Hold,6.0
20/2/2024,180.2654724,0.4639166134268291,Hold,5.0,Hold,6.0,Hold,6.0,Hold,8.0,Hold,6.0,Hold,8.0,Hold,10.0,Hold,4.0,Hold,4.0,Hold,6.0
21/2/2024,181.0200958,0.5702834239971813,Hold,5.0,Hold,6.0,Hold,6.0,Hold,8.0,Hold,6.0,Hold,8.0,Hold,10.0,Hold,4.0,Hold,4.0,Hold,6.0
22/2/2024,183.0554504,0.4011822894978716,Hold,5.0,Hold,6.0,Hold,6.0,Hold,8.0,Hold,6.0,Hold,8.0,Hold,10.0,Hold,4.0,Hold,4.0,Hold,6.0
23/2/2024,181.2186432,0.7855318282269721,Hold,5.0,Hold,6.0,Hold,6.0,Hold,8.0,Hold,6.0,Hold,8.0,Hold,10.0,Hold,4.0,Hold,4.0,Hold,6.0
26/2/2024,179.8683472,0.4936693986768715,Hold,5.0,Hold,6.0,Hold,6.0,Hold,8.0,Hold,6.0,Hold,8.0,Hold,10.0,Hold,4.0,Hold,4.0,Hold,6.0
27/2/2024,181.3278503,0.4221701647978037,Hold,5.0,Hold,6.0,Hold,6.0,Hold,8.0,Hold,6.0,Hold,8.0,Hold,10.0,Hold,4.0,Hold,4.0,Hold,6.0
28/2/2024,180.1264954,0.4021505883858085,Hold,5.0,Hold,6.0,Hold,6.0,Hold,8.0,Hold,6.0,Hold,8.0,Hold,10.0,Hold,4.0,Hold,4.0,Hold,6.0
29/2/2024,179.4612732,0.1536710102839088,Hold,5.0,Hold,6.0,Hold,6.0,Hold,8.0,Hold,6.0,Hold,8.0,Hold,10.0,Hold,4.0,Hold,4.0,Hold,6.0
1/3/2024,178.3790436,0.1206763841582781,Hold,5.0,Hold,6.0,Hold,6.0,Hold,8.0,Hold,6.0,Hold,8.0,Hold,10.0,Hold,4.0,Hold,4.0,Hold,6.0
4/3/2024,173.851532,0.0913975514094527,Hold,5.0,Hold,6.0,Hold,6.0,Hold,8.0,Hold,6.0,Hold,8.0,Hold,10.0,Hold,4.0,Hold,4.0,Hold,6.0
5/3/2024,168.9070587,0.0668331113170142,Hold,5.0,Hold,6.0,Hold,6.0,Hold,8.0,Hold,6.0,Hold,8.0,Hold,10.0,Hold,4.0,Hold,4.0,Hold,6.0
6/3/2024,167.9141693,0.4375708493416149,Hold,5.0,Hold,6.0,Hold,6.0,Hold,8.0,Hold,6.0,Hold,8.0,Hold,10.0,Hold,4.0,Hold,4.0,Hold,6.0
7/3/2024,167.7950287,0.5203362994345192,Hold,5.0,Hold,6.0,Hold,6.0,Hold,8.0,Hold,6.0,Hold,8.0,Hold,10.0,Hold,4.0,Hold,4.0,Hold,6.0
8/3/2024,169.5126953,0.3435297539964886,Hold,5.0,Hold,6.0,Hold,6.0,Hold,8.0,Hold,6.0,Hold,8.0,Hold,10.0,Hold,4.0,Hold,4.0,Hold,6.0
11/3/2024,171.5182953,0.3570299772043011,Hold,5.0,Hold,6.0,Hold,6.0,Hold,8.0,Hold,6.0,Hold,8.0,Hold,10.0,Hold,4.0,Hold,4.0,Hold,6.0
12/3/2024,171.994873,0.0994910045134593,Hold,5.0,Hold,6.0,Hold,6.0,Hold,8.0,Hold,6.0,Hold,8.0,Hold,10.0,Hold,4.0,Hold,4.0,Hold,6.0
13/3/2024,169.9098663,0.1850170258596837,Buy,5.0,Hold,6.0,Hold,6.0,Hold,8.0,Hold,6.0,Hold,8.0,Hold,10.0,Hold,4.0,Hold,4.0,Hold,6.0
14/3/2024,171.7665253,0.3991216802664824,Hold,5.0,Hold,6.0,Hold,6.0,Hold,8.0,Hold,6.0,Hold,8.0,Hold,10.0,Hold,4.0,Hold,4.0,Hold,6.0
15/3/2024,171.3892059,0.4823311785511039,Hold,5.0,Hold,6.0,Hold,6.0,Hold,8.0,Hold,6.0,Hold,8.0,Hold,10.0,Hold,4.0,Hold,4.0,Hold,6.0
18/3/2024,172.481369,0.480268370866503,Hold,5.0,Hold,6.0,Hold,6.0,Hold,8.0,Hold,6.0,Hold,8.0,Buy,10.0,Hold,4.0,Hold,4.0,Buy,6.0
19/3/2024,174.8245392,0.7232789963287781,Hold,5.0,Hold,6.0,Hold,6.0,Hold,8.0,Hold,6.0,Hold,8.0,Hold,10.0,Hold,4.0,Hold,4.0,Hold,6.0
20/3/2024,177.3960724,-0.2083405337094342,Hold,5.0,Hold,6.0,Hold,6.0,Hold,8.0,Buy,6.0,Buy,8.0,Hold,10.0,Buy,4.0,Buy,4.0,Hold,6.0
21/3/2024,170.1481323,-0.0270570210427915,Hold,5.0,Hold,6.0,Hold,6.0,Hold,8.0,Hold,6.0,Hold,8.0,Hold,10.0,Hold,4.0,Hold,4.0,Hold,6.0
22/3/2024,171.0516663,0.289148798026056,Hold,5.0,Hold,6.0,Hold,6.0,Hold,8.0,Sell,6.0,Sell,8.0,Hold,10.0,Sell,4.0,Hold,4.0,Hold,6.0
25/3/2024,169.6318512,0.3718003104284653,Hold,5.0,Hold,6.0,Hold,6.0,Hold,8.0,Hold,6.0,Hold,8.0,Hold,10.0,Hold,4.0,Hold,4.0,Hold,6.0
26/3/2024,168.5,0.3159753640923913,Hold,5.0,Hold,6.0,Hold,6.0,Hold,8.0,Hold,6.0,Hold,8.0,Hold,10.0,Hold,4.0,Hold,4.0,Hold,6.0
27/3/2024,172.074295,0.2814409163624604,Hold,5.0,Hold,6.0,Hold,6.0,Hold,8.0,Hold,6.0,Hold,8.0,Hold,10.0,Hold,4.0,Hold,4.0,Hold,6.0
28/3/2024,170.2573395,0.4909660185272259,Hold,5.0,Hold,6.0,Hold,6.0,Hold,8.0,Hold,6.0,Hold,8.0,Hold,10.0,Hold,4.0,Buy,4.0,Hold,6.0
1/4/2024,168.8177032,0.3400099779411764,Hold,5.0,Hold,6.0,Hold,6.0,Hold,8.0,Hold,6.0,Hold,8.0,Hold,10.0,Sell,4.0,Hold,4.0,Hold,6.0
2/4/2024,167.6361542,0.1610723456348108,Hold,5.0,Hold,6.0,Hold,6.0,Hold,8.0,Hold,6.0,Hold,8.0,Hold,10.0,Hold,4.0,Hold,4.0,Hold,6.0
3/4/2024,168.4403839,0.15208971518584,Hold,5.0,Hold,6.0,Hold,6.0,Hold,8.0,Hold,6.0,Hold,8.0,Hold,10.0,Hold,4.0,Hold,4.0,Hold,6.0
4/4/2024,167.6163483,0.5523455114565218,Hold,5.0,Hold,6.0,Hold,6.0,Hold,8.0,Hold,6.0,Hold,8.0,Hold,10.0,Hold,4.0,Hold,4.0,Hold,6.0
5/4/2024,168.3709106,0.4909724476122293,Hold,5.0,Hold,6.0,Hold,6.0,Hold,8.0,Hold,6.0,Hold,8.0,Hold,10.0,Hold,4.0,Hold,4.0,Hold,6.0
8/4/2024,167.2489471,0.6647050334178438,Hold,5.0,Hold,6.0,Hold,6.0,Hold,8.0,Hold,6.0,Hold,8.0,Hold,10.0,Hold,4.0,Hold,4.0,Hold,6.0
9/4/2024,168.4602814,0.3227376452173485,Hold,5.0,Hold,6.0,Hold,6.0,Hold,8.0,Hold,6.0,Hold,8.0,Hold,10.0,Hold,4.0,Hold,4.0,Hold,6.0
10/4/2024,166.583725,0.7031197874889916,Buy,5.0,Hold,6.0,Hold,6.0,Hold,8.0,Hold,6.0,Hold,8.0,Hold,10.0,Hold,4.0,Hold,4.0,Hold,6.0
11/4/2024,173.7919769,0.3692095521761485,Hold,5.0,Hold,6.0,Hold,6.0,Hold,8.0,Hold,6.0,Hold,8.0,Hold,10.0,Hold,4.0,Hold,4.0,Hold,6.0
12/4/2024,175.291214,0.4824142730356979,Hold,5.0,Hold,6.0,Hold,6.0,Buy,8.0,Buy,6.0,Buy,8.0,Hold,10.0,Buy,4.0,Hold,4.0,Hold,6.0
15/4/2024,171.4587097,0.2079273674834123,Hold,5.0,Hold,6.0,Hold,6.0,Hold,8.0,Hold,6.0,Hold,8.0,Hold,10.0,Hold,4.0,Hold,4.0,Hold,6.0
16/4/2024,168.1723328,0.6061929714864864,Hold,5.0,Hold,6.0,Hold,6.0,Sell,8.0,Hold,6.0,Hold,8.0,Hold,10.0,Buy,4.0,Hold,4.0,Hold,6.0
17/4/2024,166.8021851,0.6783106805413526,Hold,5.0,Hold,6.0,Hold,6.0,Hold,8.0,Sell,6.0,Sell,8.0,Sell,10.0,Sell,4.0,Hold,4.0,Sell,6.0
18/4/2024,165.8490143,0.4130538771563067,Hold,5.0,Hold,6.0,Hold,6.0,Hold,8.0,Hold,6.0,Hold,8.0,Hold,10.0,Hold,4.0,Hold,4.0,Hold,6.0
19/4/2024,163.8235779,0.4978962999458224,Hold,5.0,Hold,6.0,Hold,6.0,Hold,8.0,Hold,6.0,Hold,8.0,Hold,10.0,Hold,4.0,Hold,4.0,Sell,6.0
22/4/2024,164.6575775,0.352838939853656,Hold,5.0,Hold,6.0,Hold,6.0,Hold,8.0,Hold,6.0,Hold,8.0,Hold,10.0,Hold,4.0,Hold,4.0,Hold,6.0
23/4/2024,165.710022,0.0220613020825955,Hold,5.0,Hold,6.0,Hold,6.0,Hold,8.0,Hold,6.0,Hold,8.0,Hold,10.0,Hold,4.0,Hold,4.0,Hold,6.0
24/4/2024,167.8149109,0.5263621055070512,Hold,5.0,Hold,6.0,Hold,6.0,Hold,8.0,Sell,6.0,Hold,8.0,Hold,10.0,Sell,4.0,Hold,4.0,Hold,6.0
25/4/2024,168.6786804,0.2416594089457465,Hold,5.0,Hold,6.0,Buy,6.0,Buy,8.0,Hold,6.0,Buy,8.0,Buy,10.0,Buy,4.0,Buy,4.0,Buy,6.0
26/4/2024,168.0928955,0.5253160033276012,Hold,5.0,Buy,6.0,Hold,6.0,Hold,8.0,Buy,6.0,Buy,8.0,Hold,10.0,Hold,4.0,Hold,4.0,Hold,6.0
29/4/2024,172.2629547,0.5130593493587559,Hold,5.0,Hold,6.0,Hold,6.0,Hold,8.0,Hold,6.0,Sell,8.0,Hold,10.0,Hold,4.0,Buy,4.0,Hold,6.0
30/4/2024,169.1155701,0.0893419318964134,Hold,5.0,Buy,6.0,Hold,6.0,Buy,8.0,Buy,6.0,Buy,8.0,Hold,10.0,Hold,4.0,Sell,4.0,Hold,6.0
1/5/2024,168.0928955,0.400278544518772,Hold,5.0,Hold,6.0,Hold,6.0,Sell,8.0,Hold,6.0,Hold,8.0,Hold,10.0,Hold,4.0,Hold,4.0,Hold,6.0
2/5/2024,171.7962952,0.3219218542045391,Hold,5.0,Hold,6.0,Hold,6.0,Hold,8.0,Hold,6.0,Sell,8.0,Hold,10.0,Hold,4.0,Hold,4.0,Hold,6.0
3/5/2024,182.072525,0.3326018779106077,Hold,5.0,Buy,6.0,Buy,6.0,Buy,8.0,Hold,6.0,Buy,8.0,Hold,10.0,Hold,4.0,Buy,4.0,Hold,6.0
6/5/2024,180.4144135,0.5077720624853124,Hold,5.0,Hold,6.0,Hold,6.0,Hold,8.0,Hold,6.0,Hold,8.0,Hold,10.0,Hold,4.0,Hold,4.0,Hold,6.0
7/5/2024,181.0995026,0.6761021030846459,Hold,5.0,Hold,6.0,Hold,6.0,Hold,8.0,Hold,6.0,Hold,8.0,Hold,10.0,Hold,4.0,Hold,4.0,Hold,6.0
8/5/2024,181.437088,0.4875079762553241,Hold,5.0,Hold,6.0,Hold,6.0,Hold,8.0,Hold,6.0,Hold,8.0,Hold,10.0,Hold,4.0,Hold,4.0,Hold,6.0
9/5/2024,183.2540436,0.2756289452581226,Hold,5.0,Hold,6.0,Hold,6.0,Hold,8.0,Hold,6.0,Hold,8.0,Hold,10.0,Hold,4.0,Hold,4.0,Hold,6.0
10/5/2024,181.9913788,0.3667546930974273,Hold,5.0,Hold,6.0,Hold,6.0,Hold,8.0,Hold,6.0,Hold,8.0,Hold,10.0,Hold,4.0,Hold,4.0,Hold,6.0
13/5/2024,185.202713,0.6561656473400762,Hold,5.0,Hold,6.0,Hold,6.0,Hold,8.0,Hold,6.0,Hold,8.0,Hold,10.0,Hold,4.0,Hold,4.0,Hold,6.0
14/5/2024,186.3460236,0.4201733981022009,Hold,5.0,Hold,6.0,Hold,6.0,Hold,8.0,Hold,6.0,Hold,8.0,Hold,10.0,Hold,4.0,Hold,4.0,Hold,6.0
15/5/2024,188.6228027,0.4614275502137173,Hold,5.0,Hold,6.0,Hold,6.0,Hold,8.0,Hold,6.0,Hold,8.0,Hold,10.0,Hold,4.0,Hold,4.0,Hold,6.0
16/5/2024,188.7421112,0.2144986038238768,Hold,5.0,Hold,6.0,Hold,6.0,Hold,8.0,Hold,6.0,Hold,8.0,Hold,10.0,Hold,4.0,Hold,4.0,Hold,6.0
17/5/2024,188.7719116,0.7797001245945624,Hold,5.0,Hold,6.0,Hold,6.0,Hold,8.0,Hold,6.0,Hold,8.0,Hold,10.0,Hold,4.0,Hold,4.0,Hold,6.0
20/5/2024,189.9351501,0.1930649703416606,Hold,5.0,Hold,6.0,Hold,6.0,Hold,8.0,Hold,6.0,Hold,8.0,Hold,10.0,Hold,4.0,Hold,4.0,Hold,6.0
21/5/2024,191.2375946,0.5076518386056064,Hold,5.0,Hold,6.0,Hold,6.0,Hold,8.0,Hold,6.0,Hold,8.0,Hold,10.0,Hold,4.0,Hold,4.0,Hold,6.0
22/5/2024,189.7959595,0.3729977605851366,Hold,5.0,Hold,6.0,Hold,6.0,Hold,8.0,Hold,6.0,Hold,8.0,Hold,10.0,Hold,4.0,Hold,4.0,Hold,6.0
23/5/2024,185.7992401,0.6626380104308728,Hold,5.0,Hold,6.0,Hold,6.0,Hold,8.0,Hold,6.0,Hold,8.0,Hold,10.0,Hold,4.0,Hold,4.0,Hold,6.0
24/5/2024,188.8812866,0.4634346540066067,Hold,5.0,Hold,6.0,Hold,6.0,Hold,8.0,Hold,6.0,Hold,8.0,Sell,10.0,Sell,4.0,Hold,4.0,Hold,6.0
28/5/2024,188.8912506,0.4399265248832121,Hold,5.0,Hold,6.0,Hold,6.0,Hold,8.0,Hold,6.0,Hold,8.0,Buy,10.0,Buy,4.0,Hold,4.0,Hold,6.0
29/5/2024,189.1894989,0.4285003317552606,Hold,5.0,Hold,6.0,Hold,6.0,Hold,8.0,Hold,6.0,Hold,8.0,Hold,10.0,Hold,4.0,Hold,4.0,Hold,6.0
30/5/2024,190.1837006,0.2504117235974987,Hold,5.0,Hold,6.0,Hold,6.0,Hold,8.0,Hold,6.0,Hold,8.0,Hold,10.0,Hold,4.0,Hold,4.0,Hold,6.0
31/5/2024,191.1381531,0.4532619022189788,Sell,5.0,Hold,6.0,Hold,6.0,Hold,8.0,Hold,6.0,Hold,8.0,Hold,10.0,Hold,4.0,Hold,4.0,Hold,6.0
3/6/2024,192.9078827,0.5656832429202313,Sell,5.0,Hold,6.0,Hold,6.0,Hold,8.0,Hold,6.0,Hold,8.0,Hold,10.0,Hold,4.0,Hold,4.0,Hold,6.0
4/6/2024,193.2260284,0.7690760863908315,Sell,5.0,Hold,6.0,Hold,6.0,Hold,8.0,Hold,6.0,Hold,8.0,Hold,10.0,Hold,4.0,Hold,4.0,Hold,6.0
5/6/2024,194.7372284,0.3896688297461986,Hold,5.0,Hold,6.0,Hold,6.0,Hold,8.0,Hold,6.0,Hold,8.0,Hold,10.0,Hold,4.0,Hold,4.0,Hold,6.0
6/6/2024,193.3552856,0.5330796295640248,Hold,5.0,Hold,6.0,Hold,6.0,Hold,8.0,Hold,6.0,Hold,8.0,Hold,10.0,Hold,4.0,Hold,4.0,Hold,6.0
7/6/2024,195.7513275,0.6125471537983073,Hold,5.0,Hold,6.0,Hold,6.0,Hold,8.0,Hold,6.0,Hold,8.0,Hold,10.0,Hold,4.0,Hold,4.0,Hold,6.0
10/6/2024,192.0031433,0.6062171748768319,Hold,5.0,Hold,6.0,Hold,6.0,Hold,8.0,Hold,6.0,Hold,8.0,Hold,10.0,Hold,4.0,Hold,4.0,Hold,6.0
11/6/2024,205.9519806,0.4423765847130425,Hold,5.0,Hold,6.0,Hold,6.0,Hold,8.0,Hold,6.0,Hold,8.0,Hold,10.0,Hold,4.0,Hold,4.0,Hold,6.0
12/6/2024,211.8377533,0.3744664302823313,Hold,5.0,Hold,6.0,Hold,6.0,Hold,8.0,Hold,6.0,Hold,8.0,Hold,10.0,Hold,4.0,Hold,4.0,Hold,6.0
13/6/2024,213.0009766,0.5894008029077236,Hold,5.0,Hold,6.0,Hold,6.0,Hold,8.0,Hold,6.0,Hold,8.0,Hold,10.0,Hold,4.0,Hold,4.0,Hold,6.0
14/6/2024,211.2611084,0.5910963977600144,Hold,5.0,Hold,6.0,Hold,6.0,Hold,8.0,Hold,6.0,Hold,8.0,Hold,10.0,Hold,4.0,Hold,4.0,Hold,6.0
17/6/2024,215.4169312,0.4490634095888351,Hold,5.0,Hold,6.0,Hold,6.0,Hold,8.0,Hold,6.0,Hold,8.0,Hold,10.0,Hold,4.0,Hold,4.0,Hold,6.0
18/6/2024,213.0507202,0.340801251513062,Sell,5.0,Hold,6.0,Hold,6.0,Hold,8.0,Hold,6.0,Hold,8.0,Hold,10.0,Hold,4.0,Hold,4.0,Hold,6.0
20/6/2024,208.4673462,0.5767353314786677,Hold,5.0,Hold,6.0,Hold,6.0,Hold,8.0,Hold,6.0,Hold,8.0,Hold,10.0,Hold,4.0,Hold,4.0,Hold,6.0
21/6/2024,206.2900238,-0.0791756586677765,Hold,5.0,Hold,6.0,Hold,6.0,Hold,8.0,Hold,6.0,Hold,8.0,Hold,10.0,Hold,4.0,Hold,4.0,Hold,6.0
24/6/2024,206.9362793,0.608439693612616,Hold,5.0,Hold,6.0,Hold,6.0,Hold,8.0,Hold,6.0,Hold,8.0,Hold,10.0,Hold,4.0,Hold,4.0,Hold,6.0
25/6/2024,207.8609009,0.4309810026097262,Hold,5.0,Hold,6.0,Hold,6.0,Hold,8.0,Hold,6.0,Hold,8.0,Hold,10.0,Hold,4.0,Hold,4.0,Hold,6.0
26/6/2024,212.0167084,0.655481376181944,Hold,5.0,Hold,6.0,Hold,6.0,Hold,8.0,Hold,6.0,Hold,8.0,Hold,10.0,Hold,4.0,Hold,4.0,Hold,6.0
27/6/2024,212.8618011,0.6398959497225458,Sell,5.0,Hold,6.0,Hold,6.0,Hold,8.0,Hold,6.0,Hold,8.0,Hold,10.0,Hold,4.0,Hold,4.0,Hold,6.0
28/6/2024,209.4019165,0.3816024273640658,Sell,5.0,Hold,6.0,Hold,6.0,Hold,8.0,Hold,6.0,Hold,8.0,Hold,10.0,Hold,4.0,Hold,4.0,Hold,6.0
1/7/2024,215.4964752,0.3701695773628477,Hold,5.0,Hold,6.0,Hold,6.0,Hold,8.0,Hold,6.0,Hold,8.0,Hold,10.0,Hold,4.0,Hold,4.0,Hold,6.0
2/7/2024,218.9961243,0.4762167981004379,Hold,5.0,Hold,6.0,Hold,6.0,Hold,8.0,Hold,6.0,Hold,8.0,Hold,10.0,Hold,4.0,Hold,4.0,Hold,6.0
3/7/2024,220.2687073,0.5764331136162065,Hold,5.0,Hold,6.0,Hold,6.0,Hold,8.0,Hold,6.0,Hold,8.0,Hold,10.0,Hold,4.0,Hold,4.0,Hold,6.0
5/7/2024,225.0310211,0.5658697598735206,Hold,5.0,Hold,6.0,Hold,6.0,Hold,8.0,Hold,6.0,Hold,8.0,Hold,10.0,Hold,4.0,Hold,4.0,Hold,6.0
8/7/2024,226.5024567,0.6815498753458946,Hold,5.0,Hold,6.0,Hold,6.0,Hold,8.0,Hold,6.0,Hold,8.0,Hold,10.0,Hold,4.0,Hold,4.0,Hold,6.0
9/7/2024,227.3574829,0.3779218376936948,Hold,5.0,Hold,6.0,Hold,6.0,Hold,8.0,Hold,6.0,Hold,8.0,Hold,10.0,Hold,4.0,Hold,4.0,Hold,6.0
10/7/2024,231.6325989,0.4932686480196939,Hold,5.0,Hold,6.0,Hold,6.0,Hold,8.0,Hold,6.0,Hold,8.0,Hold,10.0,Hold,4.0,Hold,4.0,Hold,6.0
11/7/2024,226.2539063,0.4304006576040124,Hold,5.0,Hold,6.0,Hold,6.0,Hold,8.0,Hold,6.0,Hold,8.0,Hold,10.0,Hold,4.0,Hold,4.0,Hold,6.0
12/7/2024,229.2067108,0.5270354198890901,Sell,5.0,Hold,6.0,Hold,6.0,Hold,8.0,Hold,6.0,Hold,8.0,Hold,10.0,Hold,4.0,Hold,4.0,Hold,6.0
15/7/2024,233.0444031,0.1468025251228694,Sell,5.0,Hold,6.0,Hold,6.0,Hold,8.0,Hold,6.0,Hold,8.0,Hold,10.0,Hold,4.0,Hold,4.0,Hold,6.0
16/7/2024,233.4619904,0.5762501419462026,Sell,5.0,Hold,6.0,Hold,6.0,Hold,8.0,Hold,6.0,Hold,8.0,Hold,10.0,Hold,4.0,Hold,4.0,Hold,6.0
17/7/2024,227.5563202,0.2525552210224388,Hold,5.0,Hold,6.0,Hold,6.0,Hold,8.0,Hold,6.0,Hold,8.0,Hold,10.0,Hold,4.0,Hold,4.0,Hold,6.0
18/7/2024,222.8834991,0.4597089826038545,Hold,5.0,Hold,6.0,Hold,6.0,Hold,8.0,Hold,6.0,Hold,8.0,Sell,10.0,Hold,4.0,Hold,4.0,Sell,6.0
19/7/2024,223.0127563,0.563145047207364,Hold,5.0,Hold,6.0,Hold,6.0,Hold,8.0,Hold,6.0,Sell,8.0,Hold,10.0,Sell,4.0,Sell,4.0,Hold,6.0
22/7/2024,222.6647797,0.5364528284800678,Hold,5.0,Hold,6.0,Hold,6.0,Hold,8.0,Hold,6.0,Hold,8.0,Hold,10.0,Hold,4.0,Hold,4.0,Hold,6.0
23/7/2024,223.7086945,0.5918370030061948,Hold,5.0,Hold,6.0,Hold,6.0,Hold,8.0,Sell,6.0,Hold,8.0,Hold,10.0,Hold,4.0,Hold,4.0,Hold,6.0
24/7/2024,217.276123,0.3380661494043823,Hold,5.0,Hold,6.0,Hold,6.0,Hold,8.0,Hold,6.0,Hold,8.0,Hold,10.0,Hold,4.0,Hold,4.0,Hold,6.0
25/7/2024,216.232193,-0.142432172533017,Hold,5.0,Hold,6.0,Hold,6.0,Hold,8.0,Hold,6.0,Sell,8.0,Hold,10.0,Hold,4.0,Hold,4.0,Hold,6.0
26/7/2024,216.6994934,0.3026634794653866,Hold,5.0,Hold,6.0,Hold,6.0,Hold,8.0,Hold,6.0,Hold,8.0,Hold,10.0,Hold,4.0,Hold,4.0,Hold,6.0
29/7/2024,216.9778595,0.4070407487434006,Hold,5.0,Hold,6.0,Hold,6.0,Hold,8.0,Hold,6.0,Hold,8.0,Hold,10.0,Hold,4.0,Hold,4.0,Hold,6.0
30/7/2024,217.5346222,0.463381887831432,Hold,5.0,Hold,6.0,Hold,6.0,Hold,8.0,Hold,6.0,Hold,8.0,Hold,10.0,Hold,4.0,Sell,4.0,Hold,6.0
31/7/2024,220.7956543,0.5202043719365892,Hold,5.0,Hold,6.0,Hold,6.0,Hold,8.0,Hold,6.0,Hold,8.0,Hold,10.0,Hold,4.0,Hold,4.0,Hold,6.0
1/8/2024,217.097168,0.4788567546579679,Hold,5.0,Hold,6.0,Hold,6.0,Buy,8.0,Hold,6.0,Buy,8.0,Hold,10.0,Hold,4.0,Hold,4.0,Hold,6.0
2/8/2024,218.5884857,0.4317275474447216,Hold,5.0,Sell,6.0,Sell,6.0,Sell,8.0,Hold,6.0,Sell,8.0,Hold,10.0,Hold,4.0,Hold,4.0,Hold,6.0
5/8/2024,208.0597534,0.3252820296795222,Hold,5.0,Hold,6.0,Hold,6.0,Hold,8.0,Hold,6.0,Hold,8.0,Hold,10.0,Hold,4.0,Hold,4.0,Hold,6.0
6/8/2024,206.0315399,0.2581976768812927,Hold,5.0,Hold,6.0,Hold,6.0,Hold,8.0,Hold,6.0,Hold,8.0,Hold,10.0,Hold,4.0,Hold,4.0,Hold,6.0
7/8/2024,208.6065674,0.4065955001294117,Hold,5.0,Hold,6.0,Hold,6.0,Hold,8.0,Hold,6.0,Hold,8.0,Hold,10.0,Hold,4.0,Hold,4.0,Hold,6.0
8/8/2024,212.0763702,0.6928381775013026,Hold,5.0,Hold,6.0,Hold,6.0,Hold,8.0,Hold,6.0,Hold,8.0,Hold,10.0,Hold,4.0,Hold,4.0,Hold,6.0
9/8/2024,214.9894257,0.7317418646800272,Hold,5.0,Hold,6.0,Hold,6.0,Buy,8.0,Hold,6.0,Hold,8.0,Hold,10.0,Hold,4.0,Hold,4.0,Hold,6.0
12/8/2024,216.5222931,0.3138872871363468,Hold,5.0,Hold,6.0,Buy,6.0,Hold,8.0,Hold,6.0,Buy,8.0,Buy,10.0,Buy,4.0,Hold,4.0,Hold,6.0
13/8/2024,220.2449646,0.1839506474015814,Hold,5.0,Buy,6.0,Hold,6.0,Hold,8.0,Buy,6.0,Hold,8.0,Hold,10.0,Hold,4.0,Hold,4.0,Buy,6.0
14/8/2024,220.6929016,0.6444866062752977,Hold,5.0,Hold,6.0,Hold,6.0,Hold,8.0,Hold,6.0,Hold,8.0,Hold,10.0,Hold,4.0,Hold,4.0,Hold,6.0
15/8/2024,223.6790009,0.8425956842507718,Hold,5.0,Hold,6.0,Hold,6.0,Hold,8.0,Hold,6.0,Hold,8.0,Hold,10.0,Hold,4.0,Hold,4.0,Hold,6.0
16/8/2024,225.0028381,0.8321593778037208,Hold,5.0,Hold,6.0,Hold,6.0,Hold,8.0,Hold,6.0,Hold,8.0,Hold,10.0,Hold,4.0,Hold,4.0,Hold,6.0
19/8/2024,224.8435822,0.399504154710591,Hold,5.0,Hold,6.0,Hold,6.0,Hold,8.0,Hold,6.0,Hold,8.0,Hold,10.0,Hold,4.0,Hold,4.0,Hold,6.0
20/8/2024,225.4606781,0.6046292349180328,Hold,5.0,Hold,6.0,Hold,6.0,Hold,8.0,Hold,6.0,Hold,8.0,Hold,10.0,Hold,4.0,Hold,4.0,Hold,6.0
21/8/2024,225.3511963,0.4984304772727272,Hold,5.0,Hold,6.0,Hold,6.0,Hold,8.0,Hold,6.0,Hold,8.0,Hold,10.0,Hold,4.0,Hold,4.0,Hold,6.0
22/8/2024,223.4898682,0.7260110979310342,Hold,5.0,Hold,6.0,Hold,6.0,Hold,8.0,Hold,6.0,Hold,8.0,Hold,10.0,Hold,4.0,Hold,4.0,Hold,6.0
23/8/2024,225.7891693,0.4963857256308008,Hold,5.0,Hold,6.0,Hold,6.0,Hold,8.0,Hold,6.0,Hold,8.0,Hold,10.0,Hold,4.0,Hold,4.0,Hold,6.0
26/8/2024,226.1275787,0.5837310274486517,Hold,5.0,Hold,6.0,Hold,6.0,Hold,8.0,Hold,6.0,Hold,8.0,Hold,10.0,Hold,4.0,Hold,4.0,Hold,6.0
27/8/2024,226.9736481,0.449343903968512,Sell,5.0,Hold,6.0,Hold,6.0,Hold,8.0,Hold,6.0,Hold,8.0,Hold,10.0,Hold,4.0,Hold,4.0,Hold,6.0
28/8/2024,225.4407959,0.494681905500867,Sell,5.0,Hold,6.0,Hold,6.0,Hold,8.0,Hold,6.0,Hold,8.0,Hold,10.0,Hold,4.0,Hold,4.0,Hold,6.0
29/8/2024,228.7254944,0.5197352018777975,Sell,5.0,Hold,6.0,Hold,6.0,Hold,8.0,Hold,6.0,Hold,8.0,Hold,10.0,Hold,4.0,Hold,4.0,Hold,6.0
30/8/2024,227.9391632,0.7365451375046572,Sell,5.0,Hold,6.0,Hold,6.0,Hold,8.0,Hold,6.0,Hold,8.0,Hold,10.0,Hold,4.0,Hold,4.0,Hold,6.0
3/9/2024,221.7380524,0.5851784415380763,Hold,5.0,Hold,6.0,Hold,6.0,Hold,8.0,Hold,6.0,Hold,8.0,Hold,10.0,Hold,4.0,Hold,4.0,Hold,6.0
4/9/2024,219.8269196,0.3237680858322881,Hold,5.0,Sell,6.0,Sell,6.0,Hold,8.0,Sell,6.0,Sell,8.0,Sell,10.0,Sell,4.0,Sell,4.0,Sell,6.0
5/9/2024,221.3498383,0.6984229413723324,Hold,5.0,Hold,6.0,Hold,6.0,Hold,8.0,Hold,6.0,Hold,8.0,Hold,10.0,Hold,4.0,Hold,4.0,Hold,6.0
6/9/2024,219.7970734,0.5559744235044104,Hold,5.0,Hold,6.0,Hold,6.0,Hold,8.0,Hold,6.0,Hold,8.0,Hold,10.0,Hold,4.0,Hold,4.0,Hold,6.0
9/9/2024,219.8866425,0.4096618779008348,Hold,5.0,Hold,6.0,Hold,6.0,Hold,8.0,Hold,6.0,Hold,8.0,Hold,10.0,Hold,4.0,Hold,4.0,Hold,6.0
10/9/2024,219.0903473,0.279124758388077,Hold,5.0,Hold,6.0,Hold,6.0,Hold,8.0,Hold,6.0,Hold,8.0,Hold,10.0,Hold,4.0,Hold,4.0,Hold,6.0
11/9/2024,221.6285248,0.4376803264839446,Hold,5.0,Hold,6.0,Hold,6.0,Hold,8.0,Hold,6.0,Hold,8.0,Hold,10.0,Hold,4.0,Hold,4.0,Hold,6.0
12/9/2024,221.7380524,0.6714262093883224,Hold,5.0,Hold,6.0,Hold,6.0,Hold,8.0,Hold,6.0,Hold,8.0,Hold,10.0,Hold,4.0,Hold,4.0,Hold,6.0
13/9/2024,221.4692841,0.5137335217963119,Hold,5.0,Hold,6.0,Hold,6.0,Hold,8.0,Hold,6.0,Hold,8.0,Hold,10.0,Hold,4.0,Hold,4.0,Hold,6.0
16/9/2024,215.3179169,0.1795158970716114,Hold,5.0,Hold,6.0,Hold,6.0,Hold,8.0,Hold,6.0,Hold,8.0,Hold,10.0,Hold,4.0,Hold,4.0,Hold,6.0
17/9/2024,215.7857208,0.3634409276156072,Buy,5.0,Hold,6.0,Hold,6.0,Hold,8.0,Hold,6.0,Hold,8.0,Hold,10.0,Hold,4.0,Hold,4.0,Hold,6.0
18/9/2024,219.6676636,0.1815221541795474,Hold,5.0,Hold,6.0,Hold,6.0,Hold,8.0,Hold,6.0,Hold,8.0,Hold,10.0,Hold,4.0,Hold,4.0,Hold,6.0
19/9/2024,227.8097687,0.1687231043301191,Hold,5.0,Hold,6.0,Hold,6.0,Buy,8.0,Hold,6.0,Hold,8.0,Hold,10.0,Hold,4.0,Hold,4.0,Hold,6.0
20/9/2024,227.142868,0.3252164609257437,Hold,5.0,Buy,6.0,Buy,6.0,Hold,8.0,Buy,6.0,Buy,8.0,Buy,10.0,Buy,4.0,Buy,4.0,Buy,6.0
23/9/2024,225.4208832,0.2915980336100795,Hold,5.0,Hold,6.0,Hold,6.0,Hold,8.0,Hold,6.0,Hold,8.0,Hold,10.0,Hold,4.0,Hold,4.0,Hold,6.0
24/9/2024,226.3167267,0.5064220384619562,Hold,5.0,Hold,6.0,Hold,6.0,Hold,8.0,Hold,6.0,Hold,8.0,Hold,10.0,Hold,4.0,Hold,4.0,Hold,6.0
25/9/2024,225.3213348,0.1892971580028524,Hold,5.0,Hold,6.0,Hold,6.0,Hold,8.0,Hold,6.0,Hold,8.0,Hold,10.0,Hold,4.0,Hold,4.0,Hold,6.0
26/9/2024,226.4660339,0.5351611270196963,Hold,5.0,Hold,6.0,Hold,6.0,Hold,8.0,Hold,6.0,Hold,8.0,Hold,10.0,Hold,4.0,Hold,4.0,Hold,6.0
27/9/2024,226.7347565,0.1580103597570692,Hold,5.0,Hold,6.0,Hold,6.0,Hold,8.0,Hold,6.0,Hold,8.0,Hold,10.0,Hold,4.0,Buy,4.0,Hold,6.0
30/9/2024,231.9206543,0.0778041330428965,Hold,5.0,Hold,6.0,Hold,6.0,Hold,8.0,Hold,6.0,Hold,8.0,Hold,10.0,Hold,4.0,Hold,4.0,Hold,6.0
1/10/2024,225.1620941,0.1133646798934398,Hold,5.0,Hold,6.0,Hold,6.0,Hold,8.0,Hold,6.0,Hold,8.0,Hold,10.0,Hold,4.0,Hold,4.0,Hold,6.0
2/10/2024,225.7294464,0.4061513744576158,Hold,5.0,Hold,6.0,Hold,6.0,Sell,8.0,Hold,6.0,Sell,8.0,Sell,10.0,Sell,4.0,Hold,4.0,Hold,6.0
3/10/2024,224.624588,0.7521030000881581,Hold,5.0,Hold,6.0,Hold,6.0,Buy,8.0,Hold,6.0,Buy,8.0,Buy,10.0,Hold,4.0,Hold,4.0,Hold,6.0
4/10/2024,225.7493591,0.657928940488662,Hold,5.0,Hold,6.0,Hold,6.0,Sell,8.0,Hold,6.0,Sell,8.0,Sell,10.0,Sell,4.0,Hold,4.0,Hold,6.0
7/10/2024,220.6630249,0.0339679480915032,Hold,5.0,Hold,6.0,Hold,6.0,Buy,8.0,Sell,6.0,Buy,8.0,Hold,10.0,Hold,4.0,Hold,4.0,Sell,6.0
8/10/2024,224.7241364,-0.0825089308722324,Hold,5.0,Hold,6.0,Hold,6.0,Sell,8.0,Hold,6.0,Sell,8.0,Hold,10.0,Hold,4.0,Sell,4.0,Hold,6.0
9/10/2024,228.4766541,0.3463041936615616,Hold,5.0,Hold,6.0,Hold,6.0,Buy,8.0,Buy,6.0,Buy,8.0,Buy,10.0,Buy,4.0,Buy,4.0,Buy,6.0
10/10/2024,227.9789734,0.5618128365011705,Hold,5.0,Hold,6.0,Hold,6.0,Hold,8.0,Hold,6.0,Hold,8.0,Hold,10.0,Hold,4.0,Hold,4.0,Hold,6.0
11/10/2024,226.4958954,0.3096236719378445,Hold,5.0,Hold,6.0,Hold,6.0,Hold,8.0,Hold,6.0,Hold,8.0,Hold,10.0,Hold,4.0,Hold,4.0,Hold,6.0
14/10/2024,230.2285156,0.3489407061926879,Hold,5.0,Hold,6.0,Hold,6.0,Hold,8.0,Hold,6.0,Hold,8.0,Hold,10.0,Hold,4.0,Hold,4.0,Hold,6.0
15/10/2024,232.7667084,0.317876084812957,Hold,5.0,Hold,6.0,Hold,6.0,Hold,8.0,Hold,6.0,Hold,8.0,Hold,10.0,Hold,4.0,Hold,4.0,Hold,6.0
16/10/2024,230.7062683,0.1641525086126866,Hold,5.0,Hold,6.0,Hold,6.0,Hold,8.0,Hold,6.0,Hold,8.0,Hold,10.0,Hold,4.0,Hold,4.0,Hold,6.0
17/10/2024,231.0745697,0.3623733813538439,Hold,5.0,Hold,6.0,Hold,6.0,Hold,8.0,Hold,6.0,Hold,8.0,Hold,10.0,Hold,4.0,Sell,4.0,Hold,6.0
18/10/2024,233.9113617,0.4291668495995473,Hold,5.0,Hold,6.0,Hold,6.0,Hold,8.0,Hold,6.0,Hold,8.0,Hold,10.0,Hold,4.0,Buy,4.0,Hold,6.0
21/10/2024,235.3845062,0.646095810363558,Hold,5.0,Hold,6.0,Hold,6.0,Hold,8.0,Hold,6.0,Hold,8.0,Hold,10.0,Hold,4.0,Hold,4.0,Hold,6.0
22/10/2024,234.767395,0.3606408334159701,Hold,5.0,Hold,6.0,Hold,6.0,Hold,8.0,Hold,6.0,Hold,8.0,Hold,10.0,Hold,4.0,Hold,4.0,Hold,6.0
23/10/2024,229.6909943,-0.1212511310862883,Hold,5.0,Hold,6.0,Hold,6.0,Hold,8.0,Hold,6.0,Hold,8.0,Hold,10.0,Hold,4.0,Hold,4.0,Hold,6.0
24/10/2024,229.5018921,0.135936734200235,Hold,5.0,Hold,6.0,Hold,6.0,Sell,8.0,Hold,6.0,Sell,8.0,Sell,10.0,Sell,4.0,Hold,4.0,Hold,6.0
25/10/2024,230.3380127,0.1173366975768299,Hold,5.0,Hold,6.0,Hold,6.0,Hold,8.0,Hold,6.0,Hold,8.0,Sell,10.0,Hold,4.0,Hold,4.0,Sell,6.0
28/10/2024,232.3187714,0.6098023419243458,Hold,5.0,Hold,6.0,Hold,6.0,Hold,8.0,Hold,6.0,Hold,8.0,Hold,10.0,Hold,4.0,Hold,4.0,Hold,6.0
29/10/2024,232.5875244,0.3592576595142138,Hold,5.0,Hold,6.0,Hold,6.0,Hold,8.0,Hold,6.0,Hold,8.0,Hold,10.0,Hold,4.0,Hold,4.0,Hold,6.0
30/10/2024,229.0340729,0.8345310450574712,Hold,5.0,Hold,6.0,Hold,6.0,Hold,8.0,Hold,6.0,Hold,8.0,Hold,10.0,Hold,4.0,Hold,4.0,Hold,6.0
31/10/2024,224.8634796,0.2823997199254517,Hold,5.0,Sell,6.0,Sell,6.0,Sell,8.0,Sell,6.0,Sell,8.0,Hold,10.0,Sell,4.0,Sell,4.0,Hold,6.0
1/11/2024,221.8773651,0.4053036380745126,Hold,5.0,Hold,6.0,Hold,6.0,Sell,8.0,Hold,6.0,Hold,8.0,Hold,10.0,Hold,4.0,Hold,4.0,Hold,6.0
4/11/2024,220.9815369,0.320341659426043,Hold,5.0,Hold,6.0,Hold,6.0,Hold,8.0,Hold,6.0,Hold,8.0,Hold,10.0,Hold,4.0,Hold,4.0,Hold,6.0
5/11/2024,222.4148712,0.4504563011113131,Hold,5.0,Hold,6.0,Sell,6.0,Hold,8.0,Hold,6.0,Hold,8.0,Hold,10.0,Hold,4.0,Hold,4.0,Hold,6.0
6/11/2024,221.6882477,0.1684375022924073,Hold,5.0,Hold,6.0,Hold,6.0,Hold,8.0,Hold,6.0,Hold,8.0,Hold,10.0,Hold,4.0,Sell,4.0,Hold,6.0
7/11/2024,226.4262085,0.1466529520113307,Hold,5.0,Hold,6.0,Hold,6.0,Hold,8.0,Hold,6.0,Hold,8.0,Hold,10.0,Hold,4.0,Hold,4.0,Hold,6.0
8/11/2024,226.1571655,0.1534887269246881,Hold,5.0,Hold,6.0,Hold,6.0,Buy,8.0,Hold,6.0,Buy,8.0,Buy,10.0,Buy,4.0,Hold,4.0,Hold,6.0
11/11/2024,223.4368134,0.2963002521049865,Hold,5.0,Hold,6.0,Hold,6.0,Hold,8.0,Hold,6.0,Hold,8.0,Hold,10.0,Hold,4.0,Hold,4.0,Hold,6.0
12/11/2024,223.4368134,0.289115512141784,Hold,5.0,Hold,6.0,Hold,6.0,Sell,8.0,Hold,6.0,Sell,8.0,Hold,10.0,Hold,4.0,Hold,4.0,Hold,6.0
13/11/2024,224.3236542,0.0034396249442001,Hold,5.0,Hold,6.0,Hold,6.0,Hold,8.0,Hold,6.0,Hold,8.0,Hold,10.0,Hold,4.0,Hold,4.0,Hold,6.0
14/11/2024,227.4127197,0.5001000437500001,Hold,5.0,Hold,6.0,Hold,6.0,Hold,8.0,Hold,6.0,Hold,8.0,Hold,10.0,Hold,4.0,Hold,4.0,Hold,6.0
15/11/2024,224.2041016,-0.1681265468337894,Hold,5.0,Buy,6.0,Buy,6.0,Buy,8.0,Buy,6.0,Buy,8.0,Buy,10.0,Buy,4.0,Buy,4.0,Buy,6.0
18/11/2024,227.2134247,0.7447785944180708,Hold,5.0,Hold,6.0,Hold,6.0,Sell,8.0,Hold,6.0,Sell,8.0,Hold,10.0,Hold,4.0,Hold,4.0,Hold,6.0
19/11/2024,227.4724731,0.4177372093972951,Hold,5.0,Buy,6.0,Buy,6.0,Buy,8.0,Hold,6.0,Buy,8.0,Buy,10.0,Hold,4.0,Buy,4.0,Buy,6.0
20/11/2024,228.1899567,0.2861667224049999,Hold,5.0,Hold,6.0,Hold,6.0,Hold,8.0,Hold,6.0,Hold,8.0,Hold,10.0,Hold,4.0,Hold,4.0,Hold,6.0
21/11/2024,227.7116547,0.5281958830549758,Hold,5.0,Hold,6.0,Hold,6.0,Hold,8.0,Hold,6.0,Hold,8.0,Hold,10.0,Hold,4.0,Hold,4.0,Hold,6.0
22/11/2024,229.0568542,0.59107060588536,Hold,5.0,Hold,6.0,Hold,6.0,Hold,8.0,Hold,6.0,Hold,8.0,Hold,10.0,Hold,4.0,Hold,4.0,Hold,6.0
25/11/2024,232.0462494,0.4563216093606348,Hold,5.0,Hold,6.0,Hold,6.0,Hold,8.0,Hold,6.0,Hold,8.0,Hold,10.0,Hold,4.0,Hold,4.0,Hold,6.0
26/11/2024,234.2285156,0.556478984827499,Hold,5.0,Hold,6.0,Hold,6.0,Hold,8.0,Hold,6.0,Hold,8.0,Hold,10.0,Hold,4.0,Hold,4.0,Hold,6.0
27/11/2024,234.0989532,0.1163386241267333,Hold,5.0,Hold,6.0,Hold,6.0,Hold,8.0,Hold,6.0,Hold,8.0,Hold,10.0,Hold,4.0,Hold,4.0,Hold,6.0
29/11/2024,236.4904938,0.5963057086157446,Hold,5.0,Hold,6.0,Hold,6.0,Hold,8.0,Hold,6.0,Hold,8.0,Hold,10.0,Hold,4.0,Hold,4.0,Hold,6.0
2/12/2024,238.7424774,0.807951582584775,Hold,5.0,Hold,6.0,Hold,6.0,Hold,8.0,Hold,6.0,Hold,8.0,Hold,10.0,Hold,4.0,Hold,4.0,Hold,6.0
3/12/2024,241.7916565,0.2694041382705081,Hold,5.0,Hold,6.0,Hold,6.0,Hold,8.0,Hold,6.0,Hold,8.0,Hold,10.0,Hold,4.0,Hold,4.0,Hold,6.0
4/12/2024,242.1503906,0.559779111811878,Hold,5.0,Hold,6.0,Hold,6.0,Hold,8.0,Hold,6.0,Hold,8.0,Hold,10.0,Hold,4.0,Hold,4.0,Hold,6.0
5/12/2024,242.1802826,0.8604143978167309,Hold,5.0,Hold,6.0,Hold,6.0,Hold,8.0,Hold,6.0,Hold,8.0,Hold,10.0,Hold,4.0,Hold,4.0,Hold,6.0
6/12/2024,241.9809875,0.7134004324754287,Hold,5.0,Hold,6.0,Hold,6.0,Hold,8.0,Hold,6.0,Hold,8.0,Hold,10.0,Hold,4.0,Hold,4.0,Hold,6.0
9/12/2024,245.8771515,0.4216263294395159,Hold,5.0,Hold,6.0,Hold,6.0,Hold,8.0,Hold,6.0,Hold,8.0,Hold,10.0,Hold,4.0,Hold,4.0,Hold,6.0
10/12/2024,246.8935394,0.5249089196845061,Hold,5.0,Hold,6.0,Hold,6.0,Hold,8.0,Hold,6.0,Hold,8.0,Hold,10.0,Hold,4.0,Hold,4.0,Hold,6.0
11/12/2024,245.6180878,0.215902670338829,Hold,5.0,Hold,6.0,Hold,6.0,Hold,8.0,Hold,6.0,Hold,8.0,Hold,10.0,Hold,4.0,Hold,4.0,Hold,6.0
12/12/2024,247.0828705,0.7975642557872338,Hold,5.0,Hold,6.0,Hold,6.0,Hold,8.0,Hold,6.0,Hold,8.0,Hold,10.0,Hold,4.0,Hold,4.0,Hold,6.0
13/12/2024,247.2522888,0.6828447170086308,Hold,5.0,Hold,6.0,Hold,6.0,Hold,8.0,Hold,6.0,Hold,8.0,Hold,10.0,Hold,4.0,Hold,4.0,Hold,6.0
16/12/2024,250.1519623,0.2986729547746873,Hold,5.0,Hold,6.0,Hold,6.0,Hold,8.0,Hold,6.0,Hold,8.0,Hold,10.0,Hold,4.0,Hold,4.0,Hold,6.0
17/12/2024,252.5833435,0.2503929517413645,Hold,5.0,Hold,6.0,Hold,6.0,Hold,8.0,Hold,6.0,Hold,8.0,Hold,10.0,Hold,4.0,Hold,4.0,Hold,6.0
18/12/2024,247.1725616,0.4348011216483515,Hold,5.0,Hold,6.0,Hold,6.0,Hold,8.0,Hold,6.0,Hold,8.0,Hold,10.0,Hold,4.0,Hold,4.0,Hold,6.0
19/12/2024,248.9063873,0.5985285510336016,Hold,5.0,Hold,6.0,Hold,6.0,Hold,8.0,Hold,6.0,Hold,8.0,Hold,10.0,Hold,4.0,Hold,4.0,Hold,6.0
20/12/2024,253.5897675,0.0022459438664915,Hold,5.0,Hold,6.0,Hold,6.0,Hold,8.0,Hold,6.0,Hold,8.0,Hold,10.0,Hold,4.0,Hold,4.0,Hold,6.0
23/12/2024,254.3670044,0.0501901072501864,Hold,5.0,Hold,6.0,Hold,6.0,Hold,8.0,Hold,6.0,Hold,8.0,Hold,10.0,Hold,4.0,Hold,4.0,Hold,6.0
24/12/2024,257.2866821,0.4836883675253899,Hold,5.0,Hold,6.0,Hold,6.0,Hold,8.0,Hold,6.0,Hold,8.0,Hold,10.0,Hold,4.0,Hold,4.0,Hold,6.0
26/12/2024,258.1037292,0.6907632755045401,Hold,5.0,Hold,6.0,Hold,6.0,Hold,8.0,Hold,6.0,Hold,8.0,Hold,10.0,Hold,4.0,Hold,4.0,Hold,6.0
27/12/2024,254.6858673,0.5653979185367218,Hold,5.0,Hold,6.0,Hold,6.0,Hold,8.0,Hold,6.0,Hold,8.0,Hold,10.0,Hold,4.0,Hold,4.0,Hold,6.0
30/12/2024,251.3078766,0.3990834666666667,Hold,5.0,Hold,6.0,Hold,6.0,Hold,8.0,Hold,6.0,Hold,8.0,Hold,10.0,Hold,4.0,Hold,4.0,Hold,6.0
