Date,Close,Weighted Sentiment Score,Combi 1: Crossover (Price & EMA 12) + MACD Crossover,Combi 1 Days,Combi 2: Overbought/ Overbought + SMA Crossover (8 & 12),Combi 2 Days,Combi 3: Crossover (Price & EMA 20) + MACD Crossover,Combi 3 Days,Combi 4: Crossover (Price & EMA 12) + EMA Crossover (12 &20),Combi 4 Days,Combi 5: Crossover (Price & EMA 12) + SMA Crossover (12 & 20),Combi 5 Days,Combi 6: Crossover (Price & EMA 50) + MACD Crossover,Combi 6 Days,Combi 7: Crossover (Price & EMA 20) + EMA Crossover (12 &20),Combi 7 Days,Combi 8: Crossover (Price & EMA 12) + SMA Crossover (8 & 12),Combi 8 Days,Combi 9: Crossover (Price & EMA 12) + Crossover (Price & EMA 50),Combi 9 Days,Combi 10: Crossover (Price & EMA 20) + SMA Crossover (12 & 20),Combi 10 Days
2/1/2020,208.64,0.99922005,Hold,8.0,Hold,3.0,Hold,8.0,Hold,4.0,Hold,4.0,Hold,9.0,Hold,7.0,Hold,2.0,Hold,10.0,Hold,7.0
3/1/2020,207.53,0.931715185,Hold,8.0,Hold,3.0,Hold,8.0,Hold,4.0,Hold,4.0,Hold,9.0,Hold,7.0,Hold,2.0,Hold,10.0,Hold,7.0
6/1/2020,211.44,0.9921463108333334,Hold,8.0,Hold,3.0,Hold,8.0,Hold,4.0,Hold,4.0,Hold,9.0,Hold,7.0,Hold,2.0,Hold,10.0,Hold,7.0
7/1/2020,211.9,0.8362489282059375,Hold,8.0,Hold,3.0,Hold,8.0,Hold,4.0,Hold,4.0,Hold,9.0,Hold,7.0,Hold,2.0,Hold,10.0,Hold,7.0
8/1/2020,214.05,0.75397039,Hold,8.0,Hold,3.0,Hold,8.0,Hold,4.0,Hold,4.0,Hold,9.0,Hold,7.0,Hold,2.0,Hold,10.0,Hold,7.0
9/1/2020,217.11,0.550508992366383,Hold,8.0,Hold,3.0,Hold,8.0,Hold,4.0,Hold,4.0,Hold,9.0,Hold,7.0,Hold,2.0,Hold,10.0,Hold,7.0
10/1/2020,216.87,0.2856810687641942,Hold,8.0,Hold,3.0,Hold,8.0,Hold,4.0,Hold,4.0,Hold,9.0,Hold,7.0,Hold,2.0,Hold,10.0,Hold,7.0
13/1/2020,220.7,0.9999955,Hold,8.0,Hold,3.0,Hold,8.0,Hold,4.0,Hold,4.0,Hold,9.0,Hold,7.0,Hold,2.0,Hold,10.0,Hold,7.0
14/1/2020,217.86,0.97398724,Hold,8.0,Hold,3.0,Hold,8.0,Hold,4.0,Hold,4.0,Hold,9.0,Hold,7.0,Hold,2.0,Hold,10.0,Hold,7.0
15/1/2020,219.94,0.9984896125000003,Hold,8.0,Hold,3.0,Hold,8.0,Hold,4.0,Hold,4.0,Hold,9.0,Hold,7.0,Hold,2.0,Hold,10.0,Hold,7.0
16/1/2020,220.56,0.59837451,Hold,8.0,Hold,3.0,Hold,8.0,Hold,4.0,Hold,4.0,Hold,9.0,Hold,7.0,Hold,2.0,Hold,10.0,Hold,7.0
17/1/2020,220.93,0.5731382702439025,Hold,8.0,Sell,3.0,Hold,8.0,Hold,4.0,Hold,4.0,Hold,9.0,Hold,7.0,Hold,2.0,Hold,10.0,Hold,7.0
21/1/2020,220.23,0.7680765177396589,Hold,8.0,Sell,3.0,Hold,8.0,Hold,4.0,Hold,4.0,Hold,9.0,Hold,7.0,Hold,2.0,Hold,10.0,Hold,7.0
22/1/2020,220.11,0.7384302999999999,Hold,8.0,Sell,3.0,Hold,8.0,Hold,4.0,Hold,4.0,Hold,9.0,Hold,7.0,Hold,2.0,Hold,10.0,Hold,7.0
23/1/2020,218.56,0.6569973333333333,Hold,8.0,Sell,3.0,Hold,8.0,Hold,4.0,Hold,4.0,Hold,9.0,Hold,7.0,Hold,2.0,Hold,10.0,Hold,7.0
24/1/2020,216.75,0.74841968375,Sell,8.0,Hold,3.0,Sell,8.0,Hold,4.0,Hold,4.0,Sell,9.0,Hold,7.0,Hold,2.0,Hold,10.0,Hold,7.0
27/1/2020,213.7,0.7674663455287389,Hold,8.0,Hold,3.0,Hold,8.0,Sell,4.0,Sell,4.0,Hold,9.0,Hold,7.0,Sell,2.0,Sell,10.0,Hold,7.0
28/1/2020,216.6,0.7406609659328866,Hold,8.0,Hold,3.0,Hold,8.0,Hold,4.0,Hold,4.0,Hold,9.0,Sell,7.0,Hold,2.0,Hold,10.0,Sell,7.0
29/1/2020,222.01,0.5128307157493455,Hold,8.0,Hold,3.0,Hold,8.0,Hold,4.0,Hold,4.0,Hold,9.0,Hold,7.0,Sell,2.0,Hold,10.0,Hold,7.0
30/1/2020,208.39,0.3100351148169231,Hold,8.0,Hold,3.0,Hold,8.0,Hold,4.0,Hold,4.0,Hold,9.0,Hold,7.0,Hold,2.0,Buy,10.0,Hold,7.0
31/1/2020,200.81,0.8891875875,Hold,8.0,Hold,3.0,Hold,8.0,Sell,4.0,Sell,4.0,Hold,9.0,Sell,7.0,Hold,2.0,Sell,10.0,Sell,7.0
3/2/2020,203.08,0.8330791064992866,Hold,8.0,Hold,3.0,Hold,8.0,Hold,4.0,Hold,4.0,Hold,9.0,Hold,7.0,Hold,2.0,Sell,10.0,Hold,7.0
4/2/2020,208.69,0.878277418090164,Hold,8.0,Hold,3.0,Hold,8.0,Sell,4.0,Sell,4.0,Hold,9.0,Sell,7.0,Hold,2.0,Hold,10.0,Sell,7.0
5/2/2020,208.96,0.604142213,Hold,8.0,Hold,3.0,Hold,8.0,Hold,4.0,Hold,4.0,Hold,9.0,Hold,7.0,Hold,2.0,Buy,10.0,Hold,7.0
6/2/2020,209.7,0.57233017841,Hold,8.0,Hold,3.0,Hold,8.0,Hold,4.0,Hold,4.0,Hold,9.0,Hold,7.0,Hold,2.0,Hold,10.0,Hold,7.0
7/2/2020,211.17,0.9998326235294116,Hold,8.0,Hold,3.0,Hold,8.0,Hold,4.0,Hold,4.0,Hold,9.0,Hold,7.0,Hold,2.0,Hold,10.0,Hold,7.0
10/2/2020,211.9,0.9947491161290324,Buy,8.0,Hold,3.0,Hold,8.0,Buy,4.0,Hold,4.0,Hold,9.0,Hold,7.0,Buy,2.0,Buy,10.0,Hold,7.0
11/2/2020,206.06,0.5517057350000001,Hold,8.0,Hold,3.0,Buy,8.0,Hold,4.0,Hold,4.0,Hold,9.0,Buy,7.0,Hold,2.0,Hold,10.0,Hold,7.0
12/2/2020,209.61,0.218213208,Sell,8.0,Hold,3.0,Sell,8.0,Hold,4.0,Hold,4.0,Sell,9.0,Hold,7.0,Hold,2.0,Sell,10.0,Hold,7.0
13/2/2020,211.98,0.9363787583333332,Hold,8.0,Hold,3.0,Hold,8.0,Hold,4.0,Hold,4.0,Buy,9.0,Hold,7.0,Hold,2.0,Buy,10.0,Hold,7.0
14/2/2020,213.01,0.330506086,Buy,8.0,Hold,3.0,Buy,8.0,Buy,4.0,Buy,4.0,Hold,9.0,Buy,7.0,Buy,2.0,Hold,10.0,Buy,7.0
18/2/2020,216.61,0.7290850925000001,Hold,8.0,Hold,3.0,Hold,8.0,Hold,4.0,Hold,4.0,Hold,9.0,Hold,7.0,Hold,2.0,Hold,10.0,Hold,7.0
19/2/2020,216.3,0.8900668483333335,Hold,8.0,Hold,3.0,Hold,8.0,Hold,4.0,Hold,4.0,Hold,9.0,Hold,7.0,Hold,2.0,Hold,10.0,Hold,7.0
20/2/2020,213.41,0.8500284782530001,Hold,8.0,Hold,3.0,Hold,8.0,Hold,4.0,Hold,4.0,Hold,9.0,Hold,7.0,Hold,2.0,Hold,10.0,Hold,7.0
21/2/2020,209.03,0.9351112975,Sell,8.0,Hold,3.0,Sell,8.0,Hold,4.0,Hold,4.0,Sell,9.0,Hold,7.0,Hold,2.0,Hold,10.0,Hold,7.0
24/2/2020,199.62,0.98992215,Hold,8.0,Hold,3.0,Hold,8.0,Sell,4.0,Hold,4.0,Hold,9.0,Sell,7.0,Sell,2.0,Sell,10.0,Hold,7.0
25/2/2020,195.7,0.8658575499999999,Hold,8.0,Hold,3.0,Hold,8.0,Hold,4.0,Hold,4.0,Hold,9.0,Hold,7.0,Hold,2.0,Hold,10.0,Hold,7.0
26/2/2020,196.12,0.31968016,Hold,8.0,Hold,3.0,Hold,8.0,Hold,4.0,Hold,4.0,Hold,9.0,Hold,7.0,Hold,2.0,Hold,10.0,Hold,7.0
27/2/2020,188.71,0.659193822962963,Hold,8.0,Hold,3.0,Hold,8.0,Hold,4.0,Hold,4.0,Hold,9.0,Hold,7.0,Hold,2.0,Hold,10.0,Hold,7.0
28/2/2020,191.42,0.9848112323076922,Hold,8.0,Hold,3.0,Hold,8.0,Hold,4.0,Hold,4.0,Hold,9.0,Hold,7.0,Hold,2.0,Hold,10.0,Hold,7.0
2/3/2020,195.37,0.853458876,Hold,8.0,Hold,3.0,Hold,8.0,Hold,4.0,Hold,4.0,Hold,9.0,Hold,7.0,Hold,2.0,Hold,10.0,Hold,7.0
3/3/2020,184.88,0.9370659730232558,Hold,8.0,Hold,3.0,Hold,8.0,Hold,4.0,Hold,4.0,Hold,9.0,Hold,7.0,Hold,2.0,Hold,10.0,Hold,7.0
4/3/2020,190.71,0.0965070377419354,Hold,8.0,Hold,3.0,Hold,8.0,Hold,4.0,Hold,4.0,Hold,9.0,Hold,7.0,Hold,2.0,Hold,10.0,Hold,7.0
5/3/2020,184.16,0.3191835747272727,Hold,8.0,Hold,3.0,Hold,8.0,Hold,4.0,Hold,4.0,Hold,9.0,Hold,7.0,Hold,2.0,Hold,10.0,Hold,7.0
6/3/2020,180.1,0.9996688811764703,Hold,8.0,Hold,3.0,Hold,8.0,Hold,4.0,Hold,4.0,Hold,9.0,Hold,7.0,Hold,2.0,Hold,10.0,Hold,7.0
9/3/2020,168.58,0.1252604375,Hold,8.0,Hold,3.0,Hold,8.0,Hold,4.0,Hold,4.0,Hold,9.0,Hold,7.0,Hold,2.0,Hold,10.0,Hold,7.0
10/3/2020,177.22,0.984404,Hold,8.0,Hold,3.0,Hold,8.0,Hold,4.0,Hold,4.0,Hold,9.0,Hold,7.0,Hold,2.0,Hold,10.0,Hold,7.0
11/3/2020,169.31,0.9272938448148148,Hold,8.0,Hold,3.0,Hold,8.0,Hold,4.0,Hold,4.0,Hold,9.0,Hold,7.0,Hold,2.0,Hold,10.0,Hold,7.0
12/3/2020,153.63,0.9982483407692306,Hold,8.0,Hold,3.0,Hold,8.0,Hold,4.0,Hold,4.0,Hold,9.0,Hold,7.0,Hold,2.0,Hold,10.0,Hold,7.0
13/3/2020,169.35,0.9997079,Hold,8.0,Hold,3.0,Hold,8.0,Hold,4.0,Hold,4.0,Hold,9.0,Hold,7.0,Hold,2.0,Hold,10.0,Hold,7.0
16/3/2020,145.21,0.99995804,Hold,8.0,Hold,3.0,Hold,8.0,Hold,4.0,Hold,4.0,Hold,9.0,Hold,7.0,Hold,2.0,Hold,10.0,Hold,7.0
17/3/2020,148.6,0.7055253868191896,Hold,8.0,Hold,3.0,Hold,8.0,Hold,4.0,Hold,4.0,Hold,9.0,Hold,7.0,Hold,2.0,Hold,10.0,Hold,7.0
18/3/2020,146.16,0.6335260929223415,Hold,8.0,Hold,3.0,Hold,8.0,Hold,4.0,Hold,4.0,Hold,9.0,Hold,7.0,Hold,2.0,Hold,10.0,Hold,7.0
19/3/2020,152.29,0.0067999623966453,Hold,8.0,Hold,3.0,Hold,8.0,Hold,4.0,Hold,4.0,Hold,9.0,Hold,7.0,Hold,2.0,Hold,10.0,Hold,7.0
20/3/2020,148.91,0.4482296485478947,Hold,8.0,Hold,3.0,Hold,8.0,Hold,4.0,Hold,4.0,Hold,9.0,Hold,7.0,Hold,2.0,Hold,10.0,Hold,7.0
23/3/2020,147.29,0.939781038,Hold,8.0,Hold,3.0,Hold,8.0,Hold,4.0,Hold,4.0,Hold,9.0,Hold,7.0,Hold,2.0,Hold,10.0,Hold,7.0
24/3/2020,160.1,0.5231183778461539,Hold,8.0,Hold,3.0,Hold,8.0,Hold,4.0,Hold,4.0,Hold,9.0,Hold,7.0,Hold,2.0,Hold,10.0,Hold,7.0
25/3/2020,155.36,0.0371913373001221,Buy,8.0,Hold,3.0,Buy,8.0,Hold,4.0,Hold,4.0,Hold,9.0,Hold,7.0,Buy,2.0,Hold,10.0,Hold,7.0
26/3/2020,162.45,0.7239178855882353,Hold,8.0,Hold,3.0,Hold,8.0,Hold,4.0,Hold,4.0,Hold,9.0,Hold,7.0,Hold,2.0,Hold,10.0,Hold,7.0
27/3/2020,155.93,0.9999790333333336,Hold,8.0,Hold,3.0,Hold,8.0,Hold,4.0,Buy,4.0,Hold,9.0,Hold,7.0,Buy,2.0,Hold,10.0,Hold,7.0
30/3/2020,165.04,0.4343372158,Hold,8.0,Hold,3.0,Hold,8.0,Hold,4.0,Hold,4.0,Hold,9.0,Hold,7.0,Hold,2.0,Hold,10.0,Hold,7.0
31/3/2020,165.89,0.9631237841935484,Hold,8.0,Hold,3.0,Hold,8.0,Hold,4.0,Buy,4.0,Hold,9.0,Hold,7.0,Buy,2.0,Hold,10.0,Hold,7.0
1/4/2020,158.73,0.85402387625,Hold,8.0,Hold,3.0,Hold,8.0,Hold,4.0,Hold,4.0,Hold,9.0,Hold,7.0,Hold,2.0,Hold,10.0,Buy,7.0
2/4/2020,157.33,0.8226743741964705,Hold,8.0,Hold,3.0,Hold,8.0,Hold,4.0,Hold,4.0,Hold,9.0,Hold,7.0,Hold,2.0,Hold,10.0,Hold,7.0
3/4/2020,153.34,0.2966516339999999,Hold,8.0,Hold,3.0,Hold,8.0,Hold,4.0,Hold,4.0,Hold,9.0,Hold,7.0,Hold,2.0,Hold,10.0,Hold,7.0
6/4/2020,164.65,0.999902441,Hold,8.0,Hold,3.0,Hold,8.0,Hold,4.0,Hold,4.0,Hold,9.0,Hold,7.0,Hold,2.0,Hold,10.0,Hold,7.0
7/4/2020,167.91,0.989830572,Hold,8.0,Hold,3.0,Hold,8.0,Buy,4.0,Buy,4.0,Hold,9.0,Buy,7.0,Hold,2.0,Buy,10.0,Buy,7.0
8/4/2020,173.33,0.9864249366666668,Hold,8.0,Hold,3.0,Hold,8.0,Hold,4.0,Hold,4.0,Hold,9.0,Hold,7.0,Hold,2.0,Hold,10.0,Hold,7.0
9/4/2020,174.23,0.9987504625000004,Hold,8.0,Hold,3.0,Hold,8.0,Hold,4.0,Hold,4.0,Hold,9.0,Hold,7.0,Hold,2.0,Hold,10.0,Hold,7.0
13/4/2020,173.84,0.9999049249999998,Hold,8.0,Hold,3.0,Hold,8.0,Hold,4.0,Hold,4.0,Hold,9.0,Hold,7.0,Hold,2.0,Hold,10.0,Hold,7.0
14/4/2020,177.2,0.9853227554166668,Hold,8.0,Hold,3.0,Hold,8.0,Hold,4.0,Hold,4.0,Hold,9.0,Hold,7.0,Hold,2.0,Hold,10.0,Hold,7.0
15/4/2020,176.0,0.9995131117647058,Hold,8.0,Hold,3.0,Hold,8.0,Buy,4.0,Hold,4.0,Hold,9.0,Buy,7.0,Hold,2.0,Buy,10.0,Hold,7.0
16/4/2020,175.29,0.6336275707515662,Hold,8.0,Hold,3.0,Hold,8.0,Hold,4.0,Hold,4.0,Hold,9.0,Hold,7.0,Hold,2.0,Sell,10.0,Hold,7.0
17/4/2020,178.26,0.9985354725,Hold,8.0,Hold,3.0,Hold,8.0,Hold,4.0,Hold,4.0,Hold,9.0,Hold,7.0,Hold,2.0,Hold,10.0,Hold,7.0
20/4/2020,177.27,0.503034763795075,Hold,8.0,Hold,3.0,Hold,8.0,Hold,4.0,Hold,4.0,Hold,9.0,Hold,7.0,Hold,2.0,Buy,10.0,Hold,7.0
21/4/2020,169.87,0.5813179577777778,Hold,8.0,Hold,3.0,Hold,8.0,Hold,4.0,Hold,4.0,Hold,9.0,Hold,7.0,Hold,2.0,Hold,10.0,Hold,7.0
22/4/2020,181.29,0.7443995273178847,Hold,8.0,Hold,3.0,Hold,8.0,Hold,4.0,Hold,4.0,Hold,9.0,Hold,7.0,Hold,2.0,Sell,10.0,Hold,7.0
23/4/2020,184.12,0.9927085728846152,Hold,8.0,Hold,3.0,Hold,8.0,Hold,4.0,Hold,4.0,Hold,9.0,Hold,7.0,Hold,2.0,Buy,10.0,Hold,7.0
24/4/2020,189.03,0.5203687410848484,Hold,8.0,Hold,3.0,Hold,8.0,Hold,4.0,Hold,4.0,Hold,9.0,Hold,7.0,Hold,2.0,Hold,10.0,Hold,7.0
27/4/2020,186.48,0.7540987911111113,Hold,8.0,Hold,3.0,Hold,8.0,Hold,4.0,Hold,4.0,Hold,9.0,Hold,7.0,Hold,2.0,Hold,10.0,Hold,7.0
28/4/2020,181.91,0.9941899,Hold,8.0,Hold,3.0,Hold,8.0,Hold,4.0,Hold,4.0,Hold,9.0,Hold,7.0,Hold,2.0,Hold,10.0,Hold,7.0
29/4/2020,193.13,0.2793577810775097,Hold,8.0,Hold,3.0,Hold,8.0,Hold,4.0,Hold,4.0,Hold,9.0,Hold,7.0,Hold,2.0,Hold,10.0,Hold,7.0
30/4/2020,203.59,0.0165870550718765,Hold,8.0,Hold,3.0,Hold,8.0,Hold,4.0,Hold,4.0,Hold,9.0,Hold,7.0,Hold,2.0,Hold,10.0,Hold,7.0
1/5/2020,201.17,0.0839948888888889,Hold,8.0,Hold,3.0,Hold,8.0,Hold,4.0,Hold,4.0,Hold,9.0,Hold,7.0,Hold,2.0,Hold,10.0,Hold,7.0
4/5/2020,204.14,0.7499791919093349,Hold,8.0,Hold,3.0,Hold,8.0,Hold,4.0,Hold,4.0,Hold,9.0,Hold,7.0,Hold,2.0,Hold,10.0,Hold,7.0
5/5/2020,205.94,0.999961344,Hold,8.0,Hold,3.0,Hold,8.0,Hold,4.0,Hold,4.0,Hold,9.0,Hold,7.0,Hold,2.0,Hold,10.0,Hold,7.0
6/5/2020,207.33,0.9078491384615384,Hold,8.0,Hold,3.0,Hold,8.0,Hold,4.0,Hold,4.0,Hold,9.0,Hold,7.0,Hold,2.0,Hold,10.0,Hold,7.0
7/5/2020,210.11,0.9929236548275864,Hold,8.0,Hold,3.0,Hold,8.0,Hold,4.0,Hold,4.0,Hold,9.0,Hold,7.0,Hold,2.0,Hold,10.0,Hold,7.0
8/5/2020,211.19,0.4482891900789473,Hold,8.0,Hold,3.0,Hold,8.0,Hold,4.0,Hold,4.0,Hold,9.0,Hold,7.0,Hold,2.0,Hold,10.0,Hold,7.0
11/5/2020,212.02,0.99999887,Hold,8.0,Hold,3.0,Hold,8.0,Hold,4.0,Hold,4.0,Hold,9.0,Hold,7.0,Hold,2.0,Hold,10.0,Hold,7.0
12/5/2020,208.95,0.9931195737500004,Hold,8.0,Hold,3.0,Hold,8.0,Hold,4.0,Hold,4.0,Hold,9.0,Hold,7.0,Hold,2.0,Hold,10.0,Hold,7.0
13/5/2020,203.98,0.2269668438709677,Hold,8.0,Hold,3.0,Hold,8.0,Hold,4.0,Hold,4.0,Hold,9.0,Hold,7.0,Hold,2.0,Hold,10.0,Hold,7.0
14/5/2020,205.68,0.9999069242222222,Hold,8.0,Hold,3.0,Hold,8.0,Hold,4.0,Hold,4.0,Hold,9.0,Hold,7.0,Hold,2.0,Hold,10.0,Hold,7.0
15/5/2020,209.73,0.939839746,Hold,8.0,Hold,3.0,Hold,8.0,Hold,4.0,Hold,4.0,Hold,9.0,Hold,7.0,Hold,2.0,Hold,10.0,Hold,7.0
18/5/2020,212.03,0.8811094093863598,Hold,8.0,Hold,3.0,Hold,8.0,Hold,4.0,Hold,4.0,Hold,9.0,Hold,7.0,Hold,2.0,Hold,10.0,Hold,7.0
19/5/2020,215.7,0.765043787,Hold,8.0,Hold,3.0,Hold,8.0,Hold,4.0,Hold,4.0,Hold,9.0,Hold,7.0,Hold,2.0,Hold,10.0,Hold,7.0
20/5/2020,228.72,0.5997297712374942,Hold,8.0,Hold,3.0,Hold,8.0,Hold,4.0,Hold,4.0,Hold,9.0,Hold,7.0,Hold,2.0,Hold,10.0,Hold,7.0
21/5/2020,230.13,0.667377780845344,Hold,8.0,Hold,3.0,Hold,8.0,Hold,4.0,Hold,4.0,Hold,9.0,Hold,7.0,Hold,2.0,Hold,10.0,Hold,7.0
22/5/2020,233.63,0.8745213285714285,Hold,8.0,Hold,3.0,Hold,8.0,Hold,4.0,Hold,4.0,Hold,9.0,Hold,7.0,Hold,2.0,Hold,10.0,Hold,7.0
26/5/2020,230.93,0.6675349249198724,Hold,8.0,Hold,3.0,Hold,8.0,Hold,4.0,Hold,4.0,Hold,9.0,Hold,7.0,Hold,2.0,Hold,10.0,Hold,7.0
27/5/2020,227.89,-0.0417167892548484,Hold,8.0,Hold,3.0,Hold,8.0,Hold,4.0,Hold,4.0,Hold,9.0,Hold,7.0,Hold,2.0,Hold,10.0,Hold,7.0
28/5/2020,224.23,0.3609301746020023,Hold,8.0,Hold,3.0,Hold,8.0,Hold,4.0,Hold,4.0,Hold,9.0,Hold,7.0,Hold,2.0,Hold,10.0,Hold,7.0
29/5/2020,223.86,0.99959935,Hold,8.0,Hold,3.0,Hold,8.0,Hold,4.0,Hold,4.0,Hold,9.0,Hold,7.0,Hold,2.0,Hold,10.0,Hold,7.0
1/6/2020,230.64,0.2836239385365854,Hold,8.0,Hold,3.0,Hold,8.0,Hold,4.0,Hold,4.0,Hold,9.0,Hold,7.0,Hold,2.0,Hold,10.0,Hold,7.0
2/6/2020,231.45,0.9164655733333334,Hold,8.0,Sell,3.0,Hold,8.0,Hold,4.0,Hold,4.0,Hold,9.0,Hold,7.0,Hold,2.0,Hold,10.0,Hold,7.0
3/6/2020,228.9,0.99966973,Hold,8.0,Sell,3.0,Hold,8.0,Hold,4.0,Hold,4.0,Hold,9.0,Hold,7.0,Hold,2.0,Hold,10.0,Hold,7.0
4/6/2020,225.06,0.12483737625,Hold,8.0,Hold,3.0,Hold,8.0,Hold,4.0,Hold,4.0,Hold,9.0,Hold,7.0,Hold,2.0,Hold,10.0,Hold,7.0
5/6/2020,229.51,0.9139257911764708,Hold,8.0,Hold,3.0,Hold,8.0,Hold,4.0,Hold,4.0,Hold,9.0,Hold,7.0,Hold,2.0,Hold,10.0,Hold,7.0
8/6/2020,230.14,-0.99496067,Hold,8.0,Sell,3.0,Hold,8.0,Hold,4.0,Hold,4.0,Hold,9.0,Hold,7.0,Sell,2.0,Hold,10.0,Hold,7.0
9/6/2020,237.37,0.5006598358,Hold,8.0,Hold,3.0,Hold,8.0,Hold,4.0,Hold,4.0,Hold,9.0,Hold,7.0,Hold,2.0,Hold,10.0,Hold,7.0
10/6/2020,235.44,0.4458029611247494,Hold,8.0,Hold,3.0,Hold,8.0,Hold,4.0,Hold,4.0,Hold,9.0,Hold,7.0,Buy,2.0,Hold,10.0,Hold,7.0
11/6/2020,223.21,0.528965741042,Hold,8.0,Hold,3.0,Hold,8.0,Hold,4.0,Hold,4.0,Hold,9.0,Hold,7.0,Hold,2.0,Hold,10.0,Hold,7.0
12/6/2020,227.33,0.9978469,Hold,8.0,Hold,3.0,Hold,8.0,Hold,4.0,Hold,4.0,Hold,9.0,Hold,7.0,Sell,2.0,Hold,10.0,Hold,7.0
15/6/2020,231.23,0.9998777133333332,Hold,8.0,Hold,3.0,Hold,8.0,Hold,4.0,Hold,4.0,Hold,9.0,Hold,7.0,Hold,2.0,Hold,10.0,Hold,7.0
16/6/2020,234.36,0.8307055780000001,Hold,8.0,Hold,3.0,Hold,8.0,Hold,4.0,Hold,4.0,Hold,9.0,Hold,7.0,Buy,2.0,Hold,10.0,Hold,7.0
17/6/2020,234.24,0.9645951735,Hold,8.0,Hold,3.0,Hold,8.0,Hold,4.0,Hold,4.0,Hold,9.0,Hold,7.0,Hold,2.0,Hold,10.0,Hold,7.0
18/6/2020,234.65,0.5858694583870969,Hold,8.0,Hold,3.0,Hold,8.0,Hold,4.0,Hold,4.0,Hold,9.0,Hold,7.0,Hold,2.0,Hold,10.0,Hold,7.0
19/6/2020,237.49,0.999944665,Hold,8.0,Hold,3.0,Hold,8.0,Hold,4.0,Hold,4.0,Hold,9.0,Hold,7.0,Hold,2.0,Hold,10.0,Hold,7.0
22/6/2020,237.91,0.6506234180784511,Hold,8.0,Hold,3.0,Hold,8.0,Hold,4.0,Hold,4.0,Hold,9.0,Hold,7.0,Hold,2.0,Hold,10.0,Hold,7.0
23/6/2020,240.92,0.6394954054054055,Hold,8.0,Hold,3.0,Hold,8.0,Hold,4.0,Hold,4.0,Hold,9.0,Hold,7.0,Sell,2.0,Hold,10.0,Hold,7.0
24/6/2020,232.74,0.6172675505405882,Hold,8.0,Hold,3.0,Hold,8.0,Hold,4.0,Hold,4.0,Hold,9.0,Hold,7.0,Buy,2.0,Hold,10.0,Hold,7.0
25/6/2020,234.39,0.4933717221943421,Hold,8.0,Hold,3.0,Hold,8.0,Hold,4.0,Hold,4.0,Hold,9.0,Hold,7.0,Sell,2.0,Sell,10.0,Hold,7.0
26/6/2020,214.9,0.0824592656862745,Buy,8.0,Hold,3.0,Hold,8.0,Hold,4.0,Hold,4.0,Hold,9.0,Hold,7.0,Hold,2.0,Buy,10.0,Hold,7.0
29/6/2020,219.44,0.2998047079271645,Hold,8.0,Hold,3.0,Hold,8.0,Hold,4.0,Hold,4.0,Hold,9.0,Hold,7.0,Sell,2.0,Sell,10.0,Hold,7.0
30/6/2020,225.83,0.4070646078421052,Hold,8.0,Hold,3.0,Hold,8.0,Hold,4.0,Hold,4.0,Buy,9.0,Hold,7.0,Hold,2.0,Buy,10.0,Hold,7.0
1/7/2020,236.25,0.4344316710749999,Hold,8.0,Hold,3.0,Hold,8.0,Hold,4.0,Hold,4.0,Hold,9.0,Hold,7.0,Hold,2.0,Hold,10.0,Hold,7.0
2/7/2020,232.15,0.4925263366666667,Buy,8.0,Hold,3.0,Buy,8.0,Hold,4.0,Hold,4.0,Hold,9.0,Hold,7.0,Buy,2.0,Hold,10.0,Hold,7.0
6/7/2020,238.97,0.9985310960606062,Hold,8.0,Hold,3.0,Hold,8.0,Hold,4.0,Hold,4.0,Hold,9.0,Hold,7.0,Hold,2.0,Hold,10.0,Hold,7.0
7/7/2020,239.55,0.3757372291666666,Hold,8.0,Hold,3.0,Hold,8.0,Hold,4.0,Hold,4.0,Hold,9.0,Hold,7.0,Hold,2.0,Hold,10.0,Hold,7.0
8/7/2020,242.25,0.9988371423404256,Hold,8.0,Hold,3.0,Hold,8.0,Hold,4.0,Hold,4.0,Hold,9.0,Hold,7.0,Hold,2.0,Hold,10.0,Hold,7.0
9/7/2020,243.17,0.9995386322727272,Hold,8.0,Hold,3.0,Hold,8.0,Hold,4.0,Hold,4.0,Hold,9.0,Hold,7.0,Hold,2.0,Hold,10.0,Hold,7.0
10/7/2020,243.73,0.5819926011923077,Hold,8.0,Hold,3.0,Hold,8.0,Hold,4.0,Hold,4.0,Hold,9.0,Hold,7.0,Hold,2.0,Hold,10.0,Hold,7.0
13/7/2020,237.7,0.9962848763157892,Hold,8.0,Hold,3.0,Hold,8.0,Hold,4.0,Hold,4.0,Hold,9.0,Hold,7.0,Hold,2.0,Hold,10.0,Hold,7.0
14/7/2020,238.42,0.999113846153846,Hold,8.0,Hold,3.0,Hold,8.0,Hold,4.0,Hold,4.0,Hold,9.0,Hold,7.0,Hold,2.0,Hold,10.0,Hold,7.0
15/7/2020,238.97,0.9552063896551726,Sell,8.0,Hold,3.0,Sell,8.0,Hold,4.0,Hold,4.0,Hold,9.0,Hold,7.0,Hold,2.0,Hold,10.0,Hold,7.0
16/7/2020,239.62,0.2811726679487178,Hold,8.0,Hold,3.0,Hold,8.0,Hold,4.0,Hold,4.0,Hold,9.0,Hold,7.0,Hold,2.0,Hold,10.0,Hold,7.0
17/7/2020,240.71,0.32856103,Hold,8.0,Sell,3.0,Hold,8.0,Hold,4.0,Hold,4.0,Hold,9.0,Hold,7.0,Hold,2.0,Hold,10.0,Hold,7.0
20/7/2020,244.08,0.7684188038461538,Hold,8.0,Sell,3.0,Hold,8.0,Hold,4.0,Hold,4.0,Hold,9.0,Hold,7.0,Hold,2.0,Hold,10.0,Hold,7.0
21/7/2020,240.43,0.9935112,Hold,8.0,Hold,3.0,Hold,8.0,Hold,4.0,Hold,4.0,Hold,9.0,Hold,7.0,Hold,2.0,Hold,10.0,Hold,7.0
22/7/2020,238.56,0.690654760806796,Hold,8.0,Hold,3.0,Hold,8.0,Hold,4.0,Hold,4.0,Hold,9.0,Hold,7.0,Sell,2.0,Hold,10.0,Hold,7.0
23/7/2020,231.33,0.8009545291212123,Hold,8.0,Hold,3.0,Hold,8.0,Sell,4.0,Sell,4.0,Hold,9.0,Hold,7.0,Hold,2.0,Hold,10.0,Hold,7.0
24/7/2020,229.45,0.6324757510000001,Hold,8.0,Hold,3.0,Hold,8.0,Hold,4.0,Hold,4.0,Hold,9.0,Sell,7.0,Hold,2.0,Hold,10.0,Sell,7.0
27/7/2020,232.23,0.6024174024592591,Hold,8.0,Hold,3.0,Hold,8.0,Hold,4.0,Hold,4.0,Hold,9.0,Hold,7.0,Hold,2.0,Hold,10.0,Hold,7.0
28/7/2020,228.86,0.4168598633333333,Hold,8.0,Hold,3.0,Hold,8.0,Hold,4.0,Hold,4.0,Hold,9.0,Hold,7.0,Hold,2.0,Hold,10.0,Hold,7.0
29/7/2020,232.02,0.9376573700000002,Hold,8.0,Hold,3.0,Hold,8.0,Hold,4.0,Hold,4.0,Hold,9.0,Hold,7.0,Hold,2.0,Hold,10.0,Hold,7.0
30/7/2020,233.22,0.7112089141663029,Hold,8.0,Hold,3.0,Hold,8.0,Hold,4.0,Hold,4.0,Hold,9.0,Hold,7.0,Hold,2.0,Hold,10.0,Hold,7.0
31/7/2020,252.29,0.6140303459086,Hold,8.0,Hold,3.0,Hold,8.0,Hold,4.0,Hold,4.0,Hold,9.0,Hold,7.0,Hold,2.0,Hold,10.0,Hold,7.0
3/8/2020,250.59,-0.29274504,Buy,8.0,Hold,3.0,Buy,8.0,Buy,4.0,Buy,4.0,Hold,9.0,Buy,7.0,Buy,2.0,Hold,10.0,Buy,7.0
4/8/2020,248.47,-0.02615176372526,Hold,8.0,Hold,3.0,Hold,8.0,Hold,4.0,Hold,4.0,Hold,9.0,Hold,7.0,Hold,2.0,Hold,10.0,Hold,7.0
5/8/2020,247.76,0.983541717777778,Hold,8.0,Hold,3.0,Hold,8.0,Hold,4.0,Hold,4.0,Hold,9.0,Hold,7.0,Hold,2.0,Hold,10.0,Hold,7.0
6/8/2020,263.83,0.5579175952173914,Hold,8.0,Hold,3.0,Hold,8.0,Hold,4.0,Hold,4.0,Hold,9.0,Hold,7.0,Hold,2.0,Hold,10.0,Hold,7.0
7/8/2020,266.98,0.9972456065957446,Hold,8.0,Hold,3.0,Hold,8.0,Hold,4.0,Hold,4.0,Hold,9.0,Hold,7.0,Hold,2.0,Hold,10.0,Hold,7.0
10/8/2020,261.57,0.9847109615384614,Hold,8.0,Hold,3.0,Hold,8.0,Hold,4.0,Hold,4.0,Hold,9.0,Hold,7.0,Hold,2.0,Hold,10.0,Hold,7.0
11/8/2020,254.73,0.00145523,Hold,8.0,Hold,3.0,Hold,8.0,Hold,4.0,Hold,4.0,Hold,9.0,Hold,7.0,Hold,2.0,Hold,10.0,Hold,7.0
12/8/2020,258.47,0.9997692363157894,Hold,8.0,Hold,3.0,Hold,8.0,Hold,4.0,Hold,4.0,Hold,9.0,Hold,7.0,Hold,2.0,Hold,10.0,Hold,7.0
13/8/2020,259.87,0.94735902,Hold,8.0,Sell,3.0,Hold,8.0,Hold,4.0,Hold,4.0,Hold,9.0,Hold,7.0,Hold,2.0,Hold,10.0,Hold,7.0
14/8/2020,259.81,0.5784378106914285,Hold,8.0,Sell,3.0,Hold,8.0,Hold,4.0,Hold,4.0,Hold,9.0,Hold,7.0,Hold,2.0,Hold,10.0,Hold,7.0
17/8/2020,259.74,0.7772636232832392,Hold,8.0,Sell,3.0,Hold,8.0,Hold,4.0,Hold,4.0,Hold,9.0,Hold,7.0,Hold,2.0,Hold,10.0,Hold,7.0
18/8/2020,260.91,0.6999806358553985,Hold,8.0,Sell,3.0,Hold,8.0,Hold,4.0,Hold,4.0,Hold,9.0,Hold,7.0,Hold,2.0,Hold,10.0,Hold,7.0
19/8/2020,261.16,0.80741226,Hold,8.0,Sell,3.0,Hold,8.0,Hold,4.0,Hold,4.0,Hold,9.0,Hold,7.0,Hold,2.0,Hold,10.0,Hold,7.0
20/8/2020,267.54,0.99562935,Hold,8.0,Hold,3.0,Hold,8.0,Hold,4.0,Hold,4.0,Hold,9.0,Hold,7.0,Hold,2.0,Hold,10.0,Hold,7.0
21/8/2020,265.55,0.5973391595342505,Hold,8.0,Hold,3.0,Hold,8.0,Hold,4.0,Hold,4.0,Hold,9.0,Hold,7.0,Hold,2.0,Hold,10.0,Hold,7.0
24/8/2020,269.91,0.4172340200000001,Hold,8.0,Sell,3.0,Hold,8.0,Hold,4.0,Hold,4.0,Hold,9.0,Hold,7.0,Hold,2.0,Hold,10.0,Hold,7.0
25/8/2020,279.29,0.9020143709677418,Hold,8.0,Hold,3.0,Hold,8.0,Hold,4.0,Hold,4.0,Hold,9.0,Hold,7.0,Hold,2.0,Hold,10.0,Hold,7.0
26/8/2020,302.25,-0.4999484825,Hold,8.0,Hold,3.0,Hold,8.0,Hold,4.0,Hold,4.0,Hold,9.0,Hold,7.0,Hold,2.0,Hold,10.0,Hold,7.0
27/8/2020,291.62,0.8363560129411766,Hold,8.0,Hold,3.0,Hold,8.0,Hold,4.0,Hold,4.0,Hold,9.0,Hold,7.0,Hold,2.0,Hold,10.0,Hold,7.0
28/8/2020,292.06,0.98112901,Hold,8.0,Hold,3.0,Hold,8.0,Hold,4.0,Hold,4.0,Hold,9.0,Hold,7.0,Hold,2.0,Hold,10.0,Hold,7.0
31/8/2020,291.6,0.5659587788235295,Hold,8.0,Hold,3.0,Hold,8.0,Hold,4.0,Hold,4.0,Hold,9.0,Hold,7.0,Hold,2.0,Hold,10.0,Hold,7.0
1/9/2020,293.83,0.995234285185185,Hold,8.0,Sell,3.0,Hold,8.0,Hold,4.0,Hold,4.0,Hold,9.0,Hold,7.0,Hold,2.0,Hold,10.0,Hold,7.0
2/9/2020,300.85,0.5008313625925925,Hold,8.0,Sell,3.0,Hold,8.0,Hold,4.0,Hold,4.0,Hold,9.0,Hold,7.0,Hold,2.0,Hold,10.0,Hold,7.0
3/9/2020,289.53,-0.3489044984210526,Hold,8.0,Hold,3.0,Hold,8.0,Hold,4.0,Hold,4.0,Hold,9.0,Hold,7.0,Hold,2.0,Hold,10.0,Hold,7.0
4/9/2020,281.19,-0.3306059766666667,Hold,8.0,Hold,3.0,Hold,8.0,Hold,4.0,Hold,4.0,Hold,9.0,Hold,7.0,Hold,2.0,Hold,10.0,Hold,7.0
8/9/2020,269.68,0.8857886078947368,Sell,8.0,Hold,3.0,Sell,8.0,Hold,4.0,Sell,4.0,Hold,9.0,Hold,7.0,Sell,2.0,Hold,10.0,Hold,7.0
9/9/2020,272.23,0.7956751647058822,Hold,8.0,Hold,3.0,Hold,8.0,Hold,4.0,Hold,4.0,Hold,9.0,Sell,7.0,Hold,2.0,Hold,10.0,Sell,7.0
10/9/2020,266.63,0.9904456066666668,Hold,8.0,Hold,3.0,Hold,8.0,Hold,4.0,Hold,4.0,Hold,9.0,Hold,7.0,Hold,2.0,Hold,10.0,Hold,7.0
11/9/2020,265.16,0.93250144,Hold,8.0,Hold,3.0,Hold,8.0,Hold,4.0,Hold,4.0,Hold,9.0,Hold,7.0,Hold,2.0,Hold,10.0,Hold,7.0
14/9/2020,264.7,0.9876064265217392,Hold,8.0,Hold,3.0,Hold,8.0,Hold,4.0,Hold,4.0,Hold,9.0,Hold,7.0,Hold,2.0,Hold,10.0,Hold,7.0
15/9/2020,270.93,0.6105949997368421,Hold,8.0,Hold,3.0,Hold,8.0,Hold,4.0,Hold,4.0,Hold,9.0,Hold,7.0,Hold,2.0,Hold,10.0,Hold,7.0
16/9/2020,262.08,0.6516146621078235,Hold,8.0,Hold,3.0,Hold,8.0,Hold,4.0,Hold,4.0,Hold,9.0,Hold,7.0,Hold,2.0,Hold,10.0,Hold,7.0
17/9/2020,253.43,0.5437531784210526,Hold,8.0,Hold,3.0,Hold,8.0,Hold,4.0,Hold,4.0,Hold,9.0,Hold,7.0,Hold,2.0,Hold,10.0,Hold,7.0
18/9/2020,251.15,0.8671582481481483,Hold,8.0,Hold,3.0,Hold,8.0,Hold,4.0,Hold,4.0,Hold,9.0,Hold,7.0,Hold,2.0,Hold,10.0,Hold,7.0
21/9/2020,246.8,0.9989324786956524,Hold,8.0,Hold,3.0,Hold,8.0,Hold,4.0,Hold,4.0,Hold,9.0,Hold,7.0,Hold,2.0,Hold,10.0,Hold,7.0
22/9/2020,253.36,-0.0896476505974176,Hold,8.0,Hold,3.0,Hold,8.0,Hold,4.0,Hold,4.0,Hold,9.0,Hold,7.0,Hold,2.0,Hold,10.0,Hold,7.0
23/9/2020,247.66,0.6740024760740001,Hold,8.0,Buy,3.0,Hold,8.0,Hold,4.0,Hold,4.0,Hold,9.0,Hold,7.0,Hold,2.0,Hold,10.0,Hold,7.0
24/9/2020,248.17,0.9998933658823528,Hold,8.0,Buy,3.0,Hold,8.0,Hold,4.0,Hold,4.0,Hold,9.0,Hold,7.0,Hold,2.0,Hold,10.0,Hold,7.0
25/9/2020,253.43,0.998919639375,Hold,8.0,Hold,3.0,Hold,8.0,Hold,4.0,Hold,4.0,Hold,9.0,Hold,7.0,Hold,2.0,Hold,10.0,Hold,7.0
28/9/2020,255.42,0.9997773,Hold,8.0,Hold,3.0,Hold,8.0,Hold,4.0,Hold,4.0,Hold,9.0,Hold,7.0,Hold,2.0,Hold,10.0,Hold,7.0
29/9/2020,260.36,0.940660707,Hold,8.0,Hold,3.0,Hold,8.0,Hold,4.0,Hold,4.0,Hold,9.0,Hold,7.0,Hold,2.0,Hold,10.0,Hold,7.0
30/9/2020,260.47,0.3629023666666667,Buy,8.0,Hold,3.0,Hold,8.0,Hold,4.0,Hold,4.0,Buy,9.0,Hold,7.0,Buy,2.0,Buy,10.0,Hold,7.0
1/10/2020,265.18,0.2999195795,Buy,8.0,Hold,3.0,Buy,8.0,Hold,4.0,Hold,4.0,Buy,9.0,Hold,7.0,Hold,2.0,Hold,10.0,Hold,7.0
2/10/2020,258.52,0.99998885,Hold,8.0,Hold,3.0,Hold,8.0,Hold,4.0,Hold,4.0,Hold,9.0,Buy,7.0,Buy,2.0,Hold,10.0,Buy,7.0
5/10/2020,263.21,0.9975764270370368,Hold,8.0,Hold,3.0,Hold,8.0,Hold,4.0,Hold,4.0,Hold,9.0,Hold,7.0,Hold,2.0,Sell,10.0,Hold,7.0
6/10/2020,257.25,0.6646015116666665,Hold,8.0,Hold,3.0,Hold,8.0,Buy,4.0,Buy,4.0,Hold,9.0,Buy,7.0,Hold,2.0,Buy,10.0,Buy,7.0
7/10/2020,256.71,0.9824046086956522,Hold,8.0,Hold,3.0,Hold,8.0,Hold,4.0,Hold,4.0,Hold,9.0,Hold,7.0,Hold,2.0,Sell,10.0,Hold,7.0
8/10/2020,262.32,0.925549,Hold,8.0,Hold,3.0,Hold,8.0,Hold,4.0,Hold,4.0,Hold,9.0,Hold,7.0,Hold,2.0,Hold,10.0,Hold,7.0
9/10/2020,263.01,-0.7681163,Hold,8.0,Hold,3.0,Hold,8.0,Buy,4.0,Buy,4.0,Hold,9.0,Buy,7.0,Hold,2.0,Buy,10.0,Buy,7.0
12/10/2020,274.25,0.5705047529205881,Hold,8.0,Hold,3.0,Hold,8.0,Hold,4.0,Buy,4.0,Hold,9.0,Hold,7.0,Hold,2.0,Hold,10.0,Buy,7.0
13/10/2020,274.63,0.5974450849999998,Hold,8.0,Hold,3.0,Hold,8.0,Buy,4.0,Hold,4.0,Hold,9.0,Buy,7.0,Hold,2.0,Hold,10.0,Hold,7.0
14/10/2020,270.34,0.9997393999999998,Hold,8.0,Hold,3.0,Hold,8.0,Hold,4.0,Hold,4.0,Hold,9.0,Hold,7.0,Hold,2.0,Hold,10.0,Hold,7.0
15/10/2020,265.26,0.7153271626470589,Hold,8.0,Hold,3.0,Hold,8.0,Hold,4.0,Hold,4.0,Hold,9.0,Hold,7.0,Hold,2.0,Hold,10.0,Hold,7.0
16/10/2020,264.48,-0.6227701823529412,Hold,8.0,Hold,3.0,Hold,8.0,Hold,4.0,Hold,4.0,Hold,9.0,Hold,7.0,Hold,2.0,Hold,10.0,Hold,7.0
19/10/2020,259.97,0.999884,Hold,8.0,Hold,3.0,Hold,8.0,Hold,4.0,Hold,4.0,Hold,9.0,Hold,7.0,Hold,2.0,Sell,10.0,Hold,7.0
20/10/2020,266.1,0.995346059,Hold,8.0,Hold,3.0,Hold,8.0,Hold,4.0,Hold,4.0,Hold,9.0,Hold,7.0,Hold,2.0,Sell,10.0,Hold,7.0
21/10/2020,277.21,0.5624111506877485,Hold,8.0,Hold,3.0,Hold,8.0,Hold,4.0,Hold,4.0,Hold,9.0,Hold,7.0,Hold,2.0,Buy,10.0,Hold,7.0
22/10/2020,276.6,0.9799336820000004,Hold,8.0,Hold,3.0,Hold,8.0,Hold,4.0,Hold,4.0,Hold,9.0,Hold,7.0,Hold,2.0,Hold,10.0,Hold,7.0
23/10/2020,283.24,0.998162806153846,Hold,8.0,Hold,3.0,Hold,8.0,Hold,4.0,Hold,4.0,Hold,9.0,Hold,7.0,Hold,2.0,Hold,10.0,Hold,7.0
26/10/2020,275.6,0.9987547634090906,Hold,8.0,Hold,3.0,Hold,8.0,Hold,4.0,Hold,4.0,Hold,9.0,Hold,7.0,Hold,2.0,Hold,10.0,Hold,7.0
27/10/2020,281.74,0.999790283846154,Hold,8.0,Hold,3.0,Hold,8.0,Hold,4.0,Hold,4.0,Hold,9.0,Hold,7.0,Hold,2.0,Hold,10.0,Hold,7.0
28/10/2020,266.21,0.8439551666666668,Hold,8.0,Hold,3.0,Hold,8.0,Hold,4.0,Hold,4.0,Hold,9.0,Hold,7.0,Hold,2.0,Hold,10.0,Hold,7.0
29/10/2020,279.3,0.2436721258333332,Sell,8.0,Hold,3.0,Sell,8.0,Hold,4.0,Hold,4.0,Hold,9.0,Hold,7.0,Sell,2.0,Sell,10.0,Hold,7.0
30/10/2020,261.67,0.0012128206393077,Hold,8.0,Hold,3.0,Hold,8.0,Hold,4.0,Hold,4.0,Sell,9.0,Hold,7.0,Hold,2.0,Buy,10.0,Hold,7.0
2/11/2020,259.93,-0.0338130738461538,Sell,8.0,Hold,3.0,Sell,8.0,Hold,4.0,Hold,4.0,Sell,9.0,Hold,7.0,Sell,2.0,Sell,10.0,Hold,7.0
3/11/2020,263.85,0.9999862000000002,Hold,8.0,Hold,3.0,Hold,8.0,Hold,4.0,Hold,4.0,Hold,9.0,Hold,7.0,Hold,2.0,Hold,10.0,Hold,7.0
4/11/2020,285.81,0.99666211,Buy,8.0,Hold,3.0,Buy,8.0,Hold,4.0,Hold,4.0,Buy,9.0,Hold,7.0,Hold,2.0,Hold,10.0,Hold,7.0
5/11/2020,293.07,0.6440883738461538,Hold,8.0,Hold,3.0,Hold,8.0,Hold,4.0,Hold,4.0,Hold,9.0,Hold,7.0,Hold,2.0,Buy,10.0,Hold,7.0
6/11/2020,291.81,0.2685667174999999,Hold,8.0,Hold,3.0,Hold,8.0,Hold,4.0,Hold,4.0,Hold,9.0,Hold,7.0,Hold,2.0,Hold,10.0,Hold,7.0
9/11/2020,277.25,0.999722344117647,Hold,8.0,Hold,3.0,Hold,8.0,Hold,4.0,Hold,4.0,Hold,9.0,Hold,7.0,Hold,2.0,Hold,10.0,Hold,7.0
10/11/2020,270.94,0.6514342988235293,Sell,8.0,Hold,3.0,Hold,8.0,Hold,4.0,Sell,4.0,Hold,9.0,Hold,7.0,Sell,2.0,Hold,10.0,Hold,7.0
11/11/2020,274.97,0.9913278,Sell,8.0,Hold,3.0,Sell,8.0,Hold,4.0,Hold,4.0,Hold,9.0,Hold,7.0,Hold,2.0,Hold,10.0,Sell,7.0
12/11/2020,273.58,-0.999943,Hold,8.0,Hold,3.0,Hold,8.0,Hold,4.0,Hold,4.0,Hold,9.0,Hold,7.0,Buy,2.0,Hold,10.0,Buy,7.0
13/11/2020,275.44,0.997992,Hold,8.0,Hold,3.0,Hold,8.0,Hold,4.0,Hold,4.0,Hold,9.0,Sell,7.0,Hold,2.0,Hold,10.0,Sell,7.0
16/11/2020,277.44,0.7715797586,Hold,8.0,Hold,3.0,Hold,8.0,Hold,4.0,Hold,4.0,Hold,9.0,Hold,7.0,Hold,2.0,Hold,10.0,Buy,7.0
17/11/2020,273.5,-0.0491780068088182,Hold,8.0,Hold,3.0,Hold,8.0,Buy,4.0,Hold,4.0,Hold,9.0,Hold,7.0,Hold,2.0,Buy,10.0,Sell,7.0
18/11/2020,270.49,2.0156934e-07,Hold,8.0,Hold,3.0,Hold,8.0,Sell,4.0,Hold,4.0,Hold,9.0,Sell,7.0,Sell,2.0,Sell,10.0,Hold,7.0
19/11/2020,271.45,0.4497628794130435,Hold,8.0,Hold,3.0,Hold,8.0,Hold,4.0,Hold,4.0,Hold,9.0,Hold,7.0,Hold,2.0,Hold,10.0,Hold,7.0
20/11/2020,268.23,0.000114992785,Hold,8.0,Hold,3.0,Hold,8.0,Hold,4.0,Hold,4.0,Hold,9.0,Hold,7.0,Hold,2.0,Hold,10.0,Hold,7.0
23/11/2020,266.97,0.9992710855,Hold,8.0,Hold,3.0,Hold,8.0,Hold,4.0,Hold,4.0,Hold,9.0,Hold,7.0,Hold,2.0,Hold,10.0,Hold,7.0
24/11/2020,275.41,0.7092232874137645,Hold,8.0,Hold,3.0,Hold,8.0,Hold,4.0,Hold,4.0,Hold,9.0,Hold,7.0,Hold,2.0,Hold,10.0,Hold,7.0
25/11/2020,274.09,0.7742433037209535,Buy,8.0,Hold,3.0,Buy,8.0,Buy,4.0,Hold,4.0,Buy,9.0,Buy,7.0,Buy,2.0,Buy,10.0,Hold,7.0
27/11/2020,276.29,0.8548894899999998,Hold,8.0,Hold,3.0,Hold,8.0,Hold,4.0,Hold,4.0,Hold,9.0,Hold,7.0,Hold,2.0,Hold,10.0,Hold,7.0
30/11/2020,275.46,0.7614963848275863,Hold,8.0,Hold,3.0,Hold,8.0,Hold,4.0,Hold,4.0,Hold,9.0,Hold,7.0,Hold,2.0,Hold,10.0,Hold,7.0
1/12/2020,284.99,-0.817598,Hold,8.0,Hold,3.0,Hold,8.0,Hold,4.0,Hold,4.0,Hold,9.0,Hold,7.0,Hold,2.0,Hold,10.0,Hold,7.0
2/12/2020,285.95,0.9972747876470588,Hold,8.0,Hold,3.0,Hold,8.0,Hold,4.0,Hold,4.0,Hold,9.0,Hold,7.0,Hold,2.0,Hold,10.0,Hold,7.0
3/12/2020,280.31,0.293360840375,Hold,8.0,Hold,3.0,Hold,8.0,Hold,4.0,Hold,4.0,Hold,9.0,Hold,7.0,Hold,2.0,Hold,10.0,Hold,7.0
4/12/2020,278.17,0.99996525,Hold,8.0,Hold,3.0,Hold,8.0,Hold,4.0,Hold,4.0,Hold,9.0,Hold,7.0,Hold,2.0,Hold,10.0,Hold,7.0
7/12/2020,284.02,0.9972410146153846,Hold,8.0,Hold,3.0,Hold,8.0,Hold,4.0,Hold,4.0,Hold,9.0,Hold,7.0,Hold,2.0,Hold,10.0,Hold,7.0
8/12/2020,281.85,0.29986973430132,Hold,8.0,Hold,3.0,Hold,8.0,Hold,4.0,Hold,4.0,Hold,9.0,Hold,7.0,Hold,2.0,Hold,10.0,Hold,7.0
9/12/2020,276.4,0.8129556266666668,Hold,8.0,Hold,3.0,Hold,8.0,Hold,4.0,Hold,4.0,Hold,9.0,Hold,7.0,Hold,2.0,Hold,10.0,Hold,7.0
10/12/2020,275.61,0.7119686976249999,Sell,8.0,Hold,3.0,Sell,8.0,Sell,4.0,Hold,4.0,Sell,9.0,Sell,7.0,Sell,2.0,Sell,10.0,Hold,7.0
11/12/2020,272.06,0.2923303854999999,Hold,8.0,Hold,3.0,Hold,8.0,Hold,4.0,Hold,4.0,Hold,9.0,Hold,7.0,Hold,2.0,Hold,10.0,Hold,7.0
14/12/2020,272.69,0.9918302095,Hold,8.0,Hold,3.0,Hold,8.0,Hold,4.0,Hold,4.0,Hold,9.0,Hold,7.0,Hold,2.0,Hold,10.0,Hold,7.0
15/12/2020,274.05,-0.0038933575,Hold,8.0,Hold,3.0,Hold,8.0,Hold,4.0,Hold,4.0,Hold,9.0,Hold,7.0,Hold,2.0,Hold,10.0,Hold,7.0
16/12/2020,274.17,0.176518364117647,Hold,8.0,Hold,3.0,Hold,8.0,Hold,4.0,Hold,4.0,Hold,9.0,Hold,7.0,Hold,2.0,Hold,10.0,Hold,7.0
17/12/2020,272.98,0.5466896301613636,Hold,8.0,Hold,3.0,Hold,8.0,Hold,4.0,Hold,4.0,Hold,9.0,Hold,7.0,Hold,2.0,Hold,10.0,Hold,7.0
18/12/2020,274.89,0.004125415,Hold,8.0,Hold,3.0,Hold,8.0,Hold,4.0,Hold,4.0,Hold,9.0,Hold,7.0,Hold,2.0,Hold,10.0,Hold,7.0
21/12/2020,271.3,0.999932795,Hold,8.0,Hold,3.0,Hold,8.0,Hold,4.0,Hold,4.0,Hold,9.0,Hold,7.0,Hold,2.0,Buy,10.0,Hold,7.0
22/12/2020,265.63,0.5870878260461765,Hold,8.0,Hold,3.0,Hold,8.0,Hold,4.0,Sell,4.0,Hold,9.0,Hold,7.0,Hold,2.0,Sell,10.0,Sell,7.0
23/12/2020,266.65,0.4854478231950963,Hold,8.0,Hold,3.0,Hold,8.0,Hold,4.0,Hold,4.0,Hold,9.0,Hold,7.0,Hold,2.0,Hold,10.0,Hold,7.0
24/12/2020,265.94,0.9997969,Hold,8.0,Hold,3.0,Hold,8.0,Hold,4.0,Hold,4.0,Hold,9.0,Hold,7.0,Hold,2.0,Hold,10.0,Hold,7.0
28/12/2020,275.49,0.9251277846153846,Hold,8.0,Hold,3.0,Hold,8.0,Hold,4.0,Hold,4.0,Hold,9.0,Hold,7.0,Hold,2.0,Hold,10.0,Hold,7.0
29/12/2020,275.27,0.99993693,Hold,8.0,Hold,3.0,Hold,8.0,Hold,4.0,Hold,4.0,Hold,9.0,Hold,7.0,Buy,2.0,Buy,10.0,Hold,7.0
30/12/2020,270.39,0.99927086,Hold,8.0,Hold,3.0,Hold,8.0,Hold,4.0,Hold,4.0,Hold,9.0,Hold,7.0,Hold,2.0,Hold,10.0,Hold,7.0
31/12/2020,271.67,0.99776137,Hold,8.0,Hold,3.0,Hold,8.0,Hold,4.0,Hold,4.0,Hold,9.0,Hold,7.0,Sell,2.0,Sell,10.0,Hold,7.0
4/1/2021,267.47,0.9998664175,Hold,8.0,Hold,3.0,Hold,8.0,Hold,4.0,Hold,4.0,Hold,9.0,Hold,7.0,Hold,2.0,Hold,10.0,Hold,7.0
5/1/2021,269.49,0.9999075117647058,Hold,8.0,Hold,3.0,Hold,8.0,Hold,4.0,Hold,4.0,Hold,9.0,Hold,7.0,Hold,2.0,Hold,10.0,Hold,7.0
6/1/2021,261.87,0.6625586824999999,Hold,8.0,Hold,3.0,Hold,8.0,Hold,4.0,Hold,4.0,Hold,9.0,Hold,7.0,Hold,2.0,Hold,10.0,Hold,7.0
7/1/2021,267.27,0.6476827218035175,Hold,8.0,Hold,3.0,Hold,8.0,Hold,4.0,Hold,4.0,Hold,9.0,Hold,7.0,Hold,2.0,Hold,10.0,Hold,7.0
8/1/2021,266.11,0.9968182647058824,Hold,8.0,Hold,3.0,Hold,8.0,Hold,4.0,Hold,4.0,Hold,9.0,Hold,7.0,Hold,2.0,Hold,10.0,Hold,7.0
11/1/2021,255.44,-0.0188519842499999,Hold,8.0,Hold,3.0,Hold,8.0,Hold,4.0,Hold,4.0,Hold,9.0,Hold,7.0,Hold,2.0,Hold,10.0,Hold,7.0
12/1/2021,249.72,0.9929755485185188,Hold,8.0,Hold,3.0,Hold,8.0,Hold,4.0,Hold,4.0,Hold,9.0,Hold,7.0,Hold,2.0,Hold,10.0,Hold,7.0
13/1/2021,250.27,0.991037109375,Hold,8.0,Hold,3.0,Hold,8.0,Hold,4.0,Hold,4.0,Hold,9.0,Hold,7.0,Hold,2.0,Hold,10.0,Hold,7.0
14/1/2021,244.3,0.6767138634090908,Hold,8.0,Hold,3.0,Hold,8.0,Hold,4.0,Hold,4.0,Hold,9.0,Hold,7.0,Hold,2.0,Hold,10.0,Hold,7.0
15/1/2021,249.99,0.1593395698,Hold,8.0,Hold,3.0,Hold,8.0,Hold,4.0,Hold,4.0,Hold,9.0,Hold,7.0,Hold,2.0,Hold,10.0,Hold,7.0
19/1/2021,259.68,0.5551831943764646,Hold,8.0,Hold,3.0,Hold,8.0,Hold,4.0,Hold,4.0,Hold,9.0,Hold,7.0,Hold,2.0,Hold,10.0,Hold,7.0
20/1/2021,266.02,0.5399693799999999,Buy,8.0,Hold,3.0,Hold,8.0,Buy,4.0,Hold,4.0,Hold,9.0,Hold,7.0,Buy,2.0,Buy,10.0,Hold,7.0
21/1/2021,271.38,0.9228759996,Hold,8.0,Hold,3.0,Buy,8.0,Hold,4.0,Hold,4.0,Buy,9.0,Buy,7.0,Hold,2.0,Hold,10.0,Hold,7.0
22/1/2021,273.0,0.6804654976666665,Hold,8.0,Hold,3.0,Hold,8.0,Hold,4.0,Hold,4.0,Hold,9.0,Hold,7.0,Hold,2.0,Hold,10.0,Hold,7.0
25/1/2021,276.49,0.7157919252316041,Hold,8.0,Hold,3.0,Hold,8.0,Hold,4.0,Hold,4.0,Hold,9.0,Hold,7.0,Hold,2.0,Hold,10.0,Hold,7.0
26/1/2021,280.51,0.8940961668421051,Hold,8.0,Hold,3.0,Hold,8.0,Hold,4.0,Hold,4.0,Hold,9.0,Hold,7.0,Buy,2.0,Hold,10.0,Hold,7.0
27/1/2021,270.66,0.4846457341692487,Hold,8.0,Hold,3.0,Hold,8.0,Buy,4.0,Hold,4.0,Hold,9.0,Buy,7.0,Hold,2.0,Hold,10.0,Hold,7.0
28/1/2021,263.55,0.7971531062740577,Hold,8.0,Hold,3.0,Hold,8.0,Hold,4.0,Hold,4.0,Hold,9.0,Hold,7.0,Hold,2.0,Hold,10.0,Hold,7.0
29/1/2021,256.92,0.7476582722302889,Hold,8.0,Hold,3.0,Hold,8.0,Sell,4.0,Hold,4.0,Hold,9.0,Sell,7.0,Sell,2.0,Sell,10.0,Hold,7.0
1/2/2021,260.58,0.9096974319439212,Hold,8.0,Hold,3.0,Hold,8.0,Sell,4.0,Hold,4.0,Hold,9.0,Sell,7.0,Hold,2.0,Hold,10.0,Hold,7.0
2/2/2021,265.62,0.9758976755085652,Hold,8.0,Hold,3.0,Hold,8.0,Hold,4.0,Buy,4.0,Hold,9.0,Hold,7.0,Hold,2.0,Hold,10.0,Buy,7.0
3/2/2021,265.2,0.9913189581666664,Hold,8.0,Hold,3.0,Hold,8.0,Buy,4.0,Hold,4.0,Hold,9.0,Buy,7.0,Buy,2.0,Buy,10.0,Hold,7.0
4/2/2021,265.04,0.8937051676347402,Hold,8.0,Hold,3.0,Hold,8.0,Hold,4.0,Hold,4.0,Hold,9.0,Hold,7.0,Sell,2.0,Hold,10.0,Sell,7.0
5/2/2021,266.64,0.9028707645848522,Hold,8.0,Hold,3.0,Hold,8.0,Hold,4.0,Sell,4.0,Hold,9.0,Hold,7.0,Hold,2.0,Hold,10.0,Hold,7.0
8/2/2021,265.13,0.917887535,Hold,8.0,Hold,3.0,Hold,8.0,Buy,4.0,Hold,4.0,Hold,9.0,Buy,7.0,Buy,2.0,Buy,10.0,Hold,7.0
9/2/2021,267.98,0.8441991789744346,Sell,8.0,Hold,3.0,Sell,8.0,Hold,4.0,Sell,4.0,Hold,9.0,Hold,7.0,Hold,2.0,Hold,10.0,Sell,7.0
10/2/2021,270.39,0.9047644966666668,Hold,8.0,Hold,3.0,Hold,8.0,Buy,4.0,Hold,4.0,Hold,9.0,Buy,7.0,Buy,2.0,Buy,10.0,Hold,7.0
11/2/2021,268.91,0.946666817378,Hold,8.0,Hold,3.0,Hold,8.0,Hold,4.0,Hold,4.0,Hold,9.0,Hold,7.0,Hold,2.0,Hold,10.0,Hold,7.0
12/2/2021,269.02,0.8558584214626868,Hold,8.0,Hold,3.0,Hold,8.0,Hold,4.0,Hold,4.0,Hold,9.0,Hold,7.0,Hold,2.0,Hold,10.0,Hold,7.0
16/2/2021,272.48,0.7679244982363636,Hold,8.0,Hold,3.0,Hold,8.0,Hold,4.0,Sell,4.0,Hold,9.0,Hold,7.0,Hold,2.0,Hold,10.0,Sell,7.0
17/2/2021,272.08,0.97271717,Hold,8.0,Hold,3.0,Hold,8.0,Hold,4.0,Hold,4.0,Hold,9.0,Hold,7.0,Hold,2.0,Hold,10.0,Hold,7.0
18/2/2021,267.92,0.6657894109493507,Hold,8.0,Hold,3.0,Hold,8.0,Hold,4.0,Hold,4.0,Hold,9.0,Hold,7.0,Hold,2.0,Hold,10.0,Hold,7.0
19/2/2021,260.13,0.86005506048,Sell,8.0,Hold,3.0,Sell,8.0,Sell,4.0,Sell,4.0,Sell,9.0,Hold,7.0,Sell,2.0,Sell,10.0,Hold,7.0
22/2/2021,258.91,0.7123797089126762,Hold,8.0,Hold,3.0,Hold,8.0,Hold,4.0,Hold,4.0,Hold,9.0,Sell,7.0,Hold,2.0,Sell,10.0,Sell,7.0
23/2/2021,264.41,0.9884070595238096,Hold,8.0,Hold,3.0,Hold,8.0,Sell,4.0,Hold,4.0,Hold,9.0,Hold,7.0,Hold,2.0,Hold,10.0,Hold,7.0
24/2/2021,262.87,0.9287838524358972,Hold,8.0,Hold,3.0,Hold,8.0,Hold,4.0,Buy,4.0,Hold,9.0,Hold,7.0,Sell,2.0,Hold,10.0,Hold,7.0
25/2/2021,253.3,0.9845662564473686,Hold,8.0,Hold,3.0,Hold,8.0,Hold,4.0,Hold,4.0,Hold,9.0,Hold,7.0,Hold,2.0,Hold,10.0,Hold,7.0
26/2/2021,256.21,0.9986811567500002,Hold,8.0,Hold,3.0,Hold,8.0,Hold,4.0,Hold,4.0,Hold,9.0,Hold,7.0,Hold,2.0,Hold,10.0,Hold,7.0
1/3/2021,263.46,0.9904806700000002,Hold,8.0,Hold,3.0,Hold,8.0,Hold,4.0,Hold,4.0,Hold,9.0,Hold,7.0,Hold,2.0,Hold,10.0,Hold,7.0
2/3/2021,257.59,0.9984334879310348,Buy,8.0,Hold,3.0,Hold,8.0,Hold,4.0,Hold,4.0,Hold,9.0,Hold,7.0,Buy,2.0,Buy,10.0,Sell,7.0
3/3/2021,254.02,0.984674799512195,Hold,8.0,Hold,3.0,Hold,8.0,Hold,4.0,Hold,4.0,Hold,9.0,Hold,7.0,Hold,2.0,Sell,10.0,Hold,7.0
4/3/2021,256.23,0.8645141347226508,Hold,8.0,Hold,3.0,Hold,8.0,Hold,4.0,Hold,4.0,Hold,9.0,Hold,7.0,Hold,2.0,Hold,10.0,Hold,7.0
5/3/2021,262.84,0.9694086016666666,Hold,8.0,Hold,3.0,Hold,8.0,Hold,4.0,Hold,4.0,Hold,9.0,Hold,7.0,Hold,2.0,Hold,10.0,Hold,7.0
8/3/2021,253.92,0.9983392115384618,Buy,8.0,Hold,3.0,Buy,8.0,Buy,4.0,Buy,4.0,Hold,9.0,Buy,7.0,Buy,2.0,Buy,10.0,Buy,7.0
9/3/2021,264.29,0.5484514495454546,Hold,8.0,Hold,3.0,Hold,8.0,Hold,4.0,Hold,4.0,Hold,9.0,Hold,7.0,Hold,2.0,Sell,10.0,Hold,7.0
10/3/2021,263.45,0.9411706004705116,Buy,8.0,Hold,3.0,Buy,8.0,Buy,4.0,Buy,4.0,Buy,9.0,Buy,7.0,Buy,2.0,Buy,10.0,Buy,7.0
11/3/2021,272.39,0.8429141400000002,Hold,8.0,Hold,3.0,Hold,8.0,Hold,4.0,Hold,4.0,Hold,9.0,Hold,7.0,Hold,2.0,Hold,10.0,Hold,7.0
12/3/2021,266.94,0.7433208794736842,Hold,8.0,Hold,3.0,Hold,8.0,Hold,4.0,Hold,4.0,Hold,9.0,Hold,7.0,Hold,2.0,Hold,10.0,Hold,7.0
15/3/2021,272.26,0.8854763716000001,Hold,8.0,Hold,3.0,Hold,8.0,Hold,4.0,Hold,4.0,Hold,9.0,Hold,7.0,Hold,2.0,Hold,10.0,Hold,7.0
16/3/2021,277.76,0.9018492046969696,Hold,8.0,Hold,3.0,Hold,8.0,Hold,4.0,Hold,4.0,Hold,9.0,Hold,7.0,Hold,2.0,Hold,10.0,Hold,7.0
17/3/2021,282.46,0.972780461818182,Hold,8.0,Hold,3.0,Hold,8.0,Hold,4.0,Hold,4.0,Hold,9.0,Hold,7.0,Hold,2.0,Hold,10.0,Hold,7.0
18/3/2021,277.1,0.9229493882061784,Hold,8.0,Hold,3.0,Hold,8.0,Hold,4.0,Hold,4.0,Hold,9.0,Hold,7.0,Hold,2.0,Hold,10.0,Hold,7.0
19/3/2021,288.53,0.7455487725,Hold,8.0,Hold,3.0,Hold,8.0,Hold,4.0,Hold,4.0,Hold,9.0,Hold,7.0,Hold,2.0,Hold,10.0,Hold,7.0
22/3/2021,291.94,0.7557474418534883,Hold,8.0,Hold,3.0,Hold,8.0,Hold,4.0,Hold,4.0,Hold,9.0,Hold,7.0,Hold,2.0,Hold,10.0,Hold,7.0
23/3/2021,289.04,0.7646676639814708,Hold,8.0,Hold,3.0,Hold,8.0,Hold,4.0,Hold,4.0,Hold,9.0,Hold,7.0,Hold,2.0,Hold,10.0,Hold,7.0
24/3/2021,280.6,0.8744623105087241,Hold,8.0,Hold,3.0,Hold,8.0,Hold,4.0,Hold,4.0,Hold,9.0,Hold,7.0,Hold,2.0,Hold,10.0,Hold,7.0
25/3/2021,277.22,0.7069994168366666,Hold,8.0,Hold,3.0,Hold,8.0,Hold,4.0,Hold,4.0,Hold,9.0,Hold,7.0,Hold,2.0,Hold,10.0,Hold,7.0
26/3/2021,281.48,0.7248771529090909,Hold,8.0,Hold,3.0,Hold,8.0,Hold,4.0,Hold,4.0,Hold,9.0,Hold,7.0,Hold,2.0,Hold,10.0,Hold,7.0
29/3/2021,289.23,0.9286307002049304,Hold,8.0,Hold,3.0,Hold,8.0,Hold,4.0,Hold,4.0,Hold,9.0,Hold,7.0,Hold,2.0,Hold,10.0,Hold,7.0
30/3/2021,286.43,0.537664378699346,Hold,8.0,Hold,3.0,Hold,8.0,Hold,4.0,Hold,4.0,Hold,9.0,Hold,7.0,Hold,2.0,Hold,10.0,Hold,7.0
31/3/2021,292.92,0.9431747276744188,Hold,8.0,Hold,3.0,Hold,8.0,Hold,4.0,Hold,4.0,Hold,9.0,Hold,7.0,Hold,2.0,Hold,10.0,Hold,7.0
1/4/2021,297.03,0.7052829491519118,Hold,8.0,Hold,3.0,Hold,8.0,Hold,4.0,Hold,4.0,Hold,9.0,Hold,7.0,Hold,2.0,Hold,10.0,Hold,7.0
5/4/2021,307.22,0.8141776048455368,Hold,8.0,Hold,3.0,Hold,8.0,Hold,4.0,Hold,4.0,Hold,9.0,Hold,7.0,Hold,2.0,Hold,10.0,Hold,7.0
6/4/2021,304.59,0.998808985050505,Hold,8.0,Hold,3.0,Hold,8.0,Hold,4.0,Hold,4.0,Hold,9.0,Hold,7.0,Hold,2.0,Hold,10.0,Hold,7.0
7/4/2021,311.38,0.9334165156097562,Hold,8.0,Hold,3.0,Hold,8.0,Hold,4.0,Hold,4.0,Hold,9.0,Hold,7.0,Hold,2.0,Hold,10.0,Hold,7.0
8/4/2021,311.31,0.9384670059130434,Hold,8.0,Hold,3.0,Hold,8.0,Hold,4.0,Hold,4.0,Hold,9.0,Hold,7.0,Hold,2.0,Hold,10.0,Hold,7.0
9/4/2021,310.76,0.9904053491764704,Hold,8.0,Hold,3.0,Hold,8.0,Hold,4.0,Hold,4.0,Hold,9.0,Hold,7.0,Hold,2.0,Hold,10.0,Hold,7.0
12/4/2021,309.84,0.9933843771428572,Hold,8.0,Hold,3.0,Hold,8.0,Hold,4.0,Hold,4.0,Hold,9.0,Hold,7.0,Hold,2.0,Hold,10.0,Hold,7.0
13/4/2021,308.07,0.994782325492958,Hold,8.0,Hold,3.0,Hold,8.0,Hold,4.0,Hold,4.0,Hold,9.0,Hold,7.0,Hold,2.0,Hold,10.0,Hold,7.0
14/4/2021,301.17,0.9919100196774194,Hold,8.0,Hold,3.0,Hold,8.0,Hold,4.0,Hold,4.0,Hold,9.0,Hold,7.0,Hold,2.0,Hold,10.0,Hold,7.0
15/4/2021,306.14,0.6257409232000001,Sell,8.0,Sell,3.0,Hold,8.0,Hold,4.0,Hold,4.0,Hold,9.0,Hold,7.0,Sell,2.0,Hold,10.0,Hold,7.0
16/4/2021,304.51,0.9221005581818182,Hold,8.0,Hold,3.0,Sell,8.0,Hold,4.0,Hold,4.0,Hold,9.0,Hold,7.0,Hold,2.0,Hold,10.0,Hold,7.0
19/4/2021,300.59,0.8364867012604,Hold,8.0,Hold,3.0,Hold,8.0,Hold,4.0,Hold,4.0,Hold,9.0,Hold,7.0,Hold,2.0,Hold,10.0,Hold,7.0
20/4/2021,301.0,0.9746763245161292,Hold,8.0,Hold,3.0,Hold,8.0,Hold,4.0,Sell,4.0,Hold,9.0,Hold,7.0,Sell,2.0,Hold,10.0,Hold,7.0
21/4/2021,299.83,0.4473917876342106,Hold,8.0,Hold,3.0,Hold,8.0,Hold,4.0,Hold,4.0,Hold,9.0,Hold,7.0,Hold,2.0,Hold,10.0,Hold,7.0
22/4/2021,294.9,0.8936101242947004,Hold,8.0,Hold,3.0,Hold,8.0,Hold,4.0,Hold,4.0,Hold,9.0,Hold,7.0,Hold,2.0,Hold,10.0,Hold,7.0
23/4/2021,299.49,0.8041336234912824,Hold,8.0,Hold,3.0,Hold,8.0,Hold,4.0,Hold,4.0,Hold,9.0,Hold,7.0,Hold,2.0,Hold,10.0,Sell,7.0
26/4/2021,301.39,0.9962101214285716,Hold,8.0,Hold,3.0,Buy,8.0,Hold,4.0,Hold,4.0,Hold,9.0,Hold,7.0,Hold,2.0,Hold,10.0,Hold,7.0
27/4/2021,301.91,0.9814205743076924,Buy,8.0,Hold,3.0,Hold,8.0,Hold,4.0,Buy,4.0,Hold,9.0,Hold,7.0,Buy,2.0,Hold,10.0,Hold,7.0
28/4/2021,305.42,0.5725974688993254,Hold,8.0,Hold,3.0,Hold,8.0,Hold,4.0,Hold,4.0,Hold,9.0,Hold,7.0,Hold,2.0,Hold,10.0,Hold,7.0
29/4/2021,327.71,0.4916574999418661,Hold,8.0,Hold,3.0,Hold,8.0,Hold,4.0,Hold,4.0,Hold,9.0,Hold,7.0,Hold,2.0,Hold,10.0,Hold,7.0
30/4/2021,323.31,0.9966415735999998,Hold,8.0,Hold,3.0,Hold,8.0,Hold,4.0,Hold,4.0,Hold,9.0,Hold,7.0,Hold,2.0,Hold,10.0,Hold,7.0
3/5/2021,320.82,0.993755685,Hold,8.0,Hold,3.0,Hold,8.0,Hold,4.0,Hold,4.0,Hold,9.0,Hold,7.0,Hold,2.0,Hold,10.0,Hold,7.0
4/5/2021,316.62,0.9555656355172416,Hold,8.0,Hold,3.0,Hold,8.0,Hold,4.0,Hold,4.0,Hold,9.0,Hold,7.0,Hold,2.0,Hold,10.0,Hold,7.0
5/5/2021,313.3,0.975112932051282,Hold,8.0,Hold,3.0,Hold,8.0,Hold,4.0,Hold,4.0,Hold,9.0,Hold,7.0,Hold,2.0,Hold,10.0,Hold,7.0
6/5/2021,318.27,0.9574551483333332,Hold,8.0,Hold,3.0,Hold,8.0,Hold,4.0,Buy,4.0,Hold,9.0,Hold,7.0,Hold,2.0,Hold,10.0,Buy,7.0
7/5/2021,317.34,0.7993222598076923,Hold,8.0,Hold,3.0,Hold,8.0,Hold,4.0,Hold,4.0,Hold,9.0,Hold,7.0,Hold,2.0,Hold,10.0,Hold,7.0
10/5/2021,304.3,0.5782846325396824,Sell,8.0,Hold,3.0,Sell,8.0,Hold,4.0,Hold,4.0,Hold,9.0,Hold,7.0,Hold,2.0,Hold,10.0,Hold,7.0
11/5/2021,304.86,0.577854095862963,Hold,8.0,Hold,3.0,Hold,8.0,Hold,4.0,Hold,4.0,Hold,9.0,Hold,7.0,Sell,2.0,Hold,10.0,Hold,7.0
12/5/2021,300.9,0.9380479707142856,Hold,8.0,Hold,3.0,Hold,8.0,Hold,4.0,Hold,4.0,Hold,9.0,Hold,7.0,Hold,2.0,Hold,10.0,Hold,7.0
13/5/2021,303.59,0.729287155357143,Hold,8.0,Hold,3.0,Hold,8.0,Hold,4.0,Hold,4.0,Hold,9.0,Hold,7.0,Sell,2.0,Hold,10.0,Hold,7.0
14/5/2021,314.22,0.900973201,Hold,8.0,Hold,3.0,Hold,8.0,Hold,4.0,Hold,4.0,Hold,9.0,Hold,7.0,Hold,2.0,Hold,10.0,Hold,7.0
17/5/2021,313.74,0.9995402391666668,Buy,8.0,Hold,3.0,Buy,8.0,Hold,4.0,Hold,4.0,Hold,9.0,Hold,7.0,Buy,2.0,Hold,10.0,Hold,7.0
18/5/2021,308.27,0.8437586815133334,Hold,8.0,Hold,3.0,Hold,8.0,Hold,4.0,Hold,4.0,Hold,9.0,Hold,7.0,Hold,2.0,Hold,10.0,Hold,7.0
19/5/2021,311.88,0.9984561829411766,Hold,8.0,Hold,3.0,Hold,8.0,Hold,4.0,Sell,4.0,Hold,9.0,Hold,7.0,Hold,2.0,Hold,10.0,Sell,7.0
20/5/2021,316.87,0.871236730655738,Buy,8.0,Hold,3.0,Buy,8.0,Hold,4.0,Buy,4.0,Hold,9.0,Hold,7.0,Buy,2.0,Hold,10.0,Buy,7.0
21/5/2021,314.5,0.9156958185484376,Hold,8.0,Hold,3.0,Hold,8.0,Hold,4.0,Hold,4.0,Hold,9.0,Hold,7.0,Hold,2.0,Hold,10.0,Hold,7.0
24/5/2021,322.86,0.9025781623927764,Hold,8.0,Hold,3.0,Hold,8.0,Hold,4.0,Hold,4.0,Hold,9.0,Hold,7.0,Hold,2.0,Hold,10.0,Hold,7.0
25/5/2021,326.0,0.9980542184615384,Hold,8.0,Hold,3.0,Hold,8.0,Hold,4.0,Hold,4.0,Hold,9.0,Hold,7.0,Hold,2.0,Hold,10.0,Hold,7.0
26/5/2021,325.87,0.8110522373758862,Hold,8.0,Hold,3.0,Hold,8.0,Hold,4.0,Hold,4.0,Hold,9.0,Hold,7.0,Hold,2.0,Hold,10.0,Hold,7.0
27/5/2021,330.93,0.8947285577500002,Hold,8.0,Hold,3.0,Hold,8.0,Hold,4.0,Hold,4.0,Hold,9.0,Hold,7.0,Hold,2.0,Hold,10.0,Hold,7.0
28/5/2021,326.94,0.6799195445454546,Hold,8.0,Hold,3.0,Hold,8.0,Hold,4.0,Hold,4.0,Hold,9.0,Hold,7.0,Hold,2.0,Hold,10.0,Hold,7.0
1/6/2021,327.33,0.948073237894737,Hold,8.0,Hold,3.0,Hold,8.0,Hold,4.0,Hold,4.0,Hold,9.0,Hold,7.0,Hold,2.0,Hold,10.0,Hold,7.0
2/6/2021,327.35,0.999509478,Hold,8.0,Hold,3.0,Hold,8.0,Hold,4.0,Hold,4.0,Hold,9.0,Hold,7.0,Hold,2.0,Hold,10.0,Hold,7.0
3/6/2021,324.26,0.9839719815909092,Hold,8.0,Hold,3.0,Hold,8.0,Hold,4.0,Hold,4.0,Hold,9.0,Hold,7.0,Hold,2.0,Hold,10.0,Hold,7.0
4/6/2021,328.55,0.7378009922330094,Hold,8.0,Hold,3.0,Hold,8.0,Hold,4.0,Hold,4.0,Hold,9.0,Hold,7.0,Hold,2.0,Hold,10.0,Hold,7.0
7/6/2021,334.74,0.9362906979245282,Hold,8.0,Hold,3.0,Hold,8.0,Hold,4.0,Hold,4.0,Hold,9.0,Hold,7.0,Hold,2.0,Hold,10.0,Hold,7.0
8/6/2021,331.86,0.994193349,Hold,8.0,Hold,3.0,Hold,8.0,Hold,4.0,Hold,4.0,Hold,9.0,Hold,7.0,Hold,2.0,Hold,10.0,Hold,7.0
9/6/2021,328.45,0.9451777887428572,Hold,8.0,Hold,3.0,Hold,8.0,Hold,4.0,Hold,4.0,Hold,9.0,Hold,7.0,Hold,2.0,Hold,10.0,Hold,7.0
10/6/2021,330.65,0.7740696244894758,Hold,8.0,Hold,3.0,Hold,8.0,Hold,4.0,Hold,4.0,Hold,9.0,Hold,7.0,Hold,2.0,Hold,10.0,Hold,7.0
11/6/2021,329.45,0.882537351897059,Sell,8.0,Hold,3.0,Hold,8.0,Hold,4.0,Hold,4.0,Hold,9.0,Hold,7.0,Hold,2.0,Hold,10.0,Hold,7.0
14/6/2021,334.93,0.8156711326233335,Buy,8.0,Hold,3.0,Hold,8.0,Hold,4.0,Hold,4.0,Hold,9.0,Hold,7.0,Hold,2.0,Hold,10.0,Hold,7.0
15/6/2021,334.91,0.9990788928301888,Hold,8.0,Hold,3.0,Hold,8.0,Hold,4.0,Hold,4.0,Hold,9.0,Hold,7.0,Hold,2.0,Hold,10.0,Hold,7.0
16/6/2021,329.27,0.9967621896000004,Sell,8.0,Hold,3.0,Hold,8.0,Hold,4.0,Hold,4.0,Hold,9.0,Hold,7.0,Hold,2.0,Hold,10.0,Hold,7.0
17/6/2021,334.67,0.9541721264814818,Hold,8.0,Hold,3.0,Hold,8.0,Hold,4.0,Hold,4.0,Hold,9.0,Hold,7.0,Hold,2.0,Hold,10.0,Hold,7.0
18/6/2021,327.86,0.884839994375,Buy,8.0,Hold,3.0,Hold,8.0,Hold,4.0,Hold,4.0,Hold,9.0,Hold,7.0,Hold,2.0,Hold,10.0,Hold,7.0
21/6/2021,330.48,0.9991133654545457,Hold,8.0,Hold,3.0,Hold,8.0,Hold,4.0,Hold,4.0,Hold,9.0,Hold,7.0,Hold,2.0,Hold,10.0,Hold,7.0
22/6/2021,337.18,0.8964836051876042,Buy,8.0,Hold,3.0,Hold,8.0,Hold,4.0,Hold,4.0,Hold,9.0,Hold,7.0,Hold,2.0,Hold,10.0,Hold,7.0
23/6/2021,338.73,0.8921524000000002,Hold,8.0,Hold,3.0,Hold,8.0,Hold,4.0,Hold,4.0,Hold,9.0,Hold,7.0,Hold,2.0,Hold,10.0,Hold,7.0
24/6/2021,341.31,0.9980742858333336,Hold,8.0,Hold,3.0,Hold,8.0,Hold,4.0,Hold,4.0,Hold,9.0,Hold,7.0,Hold,2.0,Hold,10.0,Hold,7.0
25/6/2021,339.51,0.6001064703500002,Hold,8.0,Hold,3.0,Hold,8.0,Hold,4.0,Hold,4.0,Hold,9.0,Hold,7.0,Hold,2.0,Hold,10.0,Hold,7.0
28/6/2021,353.7,0.4824038812658228,Hold,8.0,Hold,3.0,Hold,8.0,Hold,4.0,Hold,4.0,Hold,9.0,Hold,7.0,Hold,2.0,Hold,10.0,Hold,7.0
29/6/2021,349.97,0.8537475446450633,Hold,8.0,Hold,3.0,Hold,8.0,Hold,4.0,Hold,4.0,Hold,9.0,Hold,7.0,Hold,2.0,Hold,10.0,Hold,7.0
30/6/2021,345.81,0.990964773,Hold,8.0,Hold,3.0,Hold,8.0,Hold,4.0,Hold,4.0,Hold,9.0,Hold,7.0,Hold,2.0,Hold,10.0,Hold,7.0
1/7/2021,352.46,0.9886107252000004,Hold,8.0,Hold,3.0,Hold,8.0,Hold,4.0,Hold,4.0,Hold,9.0,Hold,7.0,Hold,2.0,Hold,10.0,Hold,7.0
2/7/2021,352.76,0.7346234592105262,Hold,8.0,Hold,3.0,Hold,8.0,Hold,4.0,Hold,4.0,Hold,9.0,Hold,7.0,Hold,2.0,Hold,10.0,Hold,7.0
6/7/2021,350.86,0.969885435,Hold,8.0,Hold,3.0,Hold,8.0,Hold,4.0,Hold,4.0,Hold,9.0,Hold,7.0,Hold,2.0,Hold,10.0,Hold,7.0
7/7/2021,348.58,0.6422506409090909,Hold,8.0,Hold,3.0,Hold,8.0,Hold,4.0,Hold,4.0,Hold,9.0,Hold,7.0,Hold,2.0,Hold,10.0,Hold,7.0
8/7/2021,343.76,0.9939748255714286,Sell,8.0,Hold,3.0,Sell,8.0,Hold,4.0,Hold,4.0,Hold,9.0,Hold,7.0,Hold,2.0,Hold,10.0,Hold,7.0
9/7/2021,348.51,0.9542644256818182,Hold,8.0,Hold,3.0,Hold,8.0,Hold,4.0,Hold,4.0,Hold,9.0,Hold,7.0,Sell,2.0,Hold,10.0,Hold,7.0
12/7/2021,351.23,0.9958547136363636,Hold,8.0,Hold,3.0,Hold,8.0,Hold,4.0,Hold,4.0,Hold,9.0,Hold,7.0,Hold,2.0,Hold,10.0,Hold,7.0
13/7/2021,350.17,0.9490127120966104,Hold,8.0,Hold,3.0,Hold,8.0,Hold,4.0,Hold,4.0,Hold,9.0,Hold,7.0,Hold,2.0,Hold,10.0,Hold,7.0
14/7/2021,345.73,0.9960018190196078,Hold,8.0,Hold,3.0,Hold,8.0,Hold,4.0,Hold,4.0,Hold,9.0,Hold,7.0,Hold,2.0,Hold,10.0,Hold,7.0
15/7/2021,342.58,0.8007098038297873,Hold,8.0,Hold,3.0,Hold,8.0,Hold,4.0,Sell,4.0,Hold,9.0,Hold,7.0,Sell,2.0,Hold,10.0,Hold,7.0
16/7/2021,339.3,0.919165509786834,Hold,8.0,Hold,3.0,Hold,8.0,Hold,4.0,Hold,4.0,Hold,9.0,Hold,7.0,Hold,2.0,Hold,10.0,Sell,7.0
19/7/2021,335.11,0.83755063890411,Hold,8.0,Hold,3.0,Hold,8.0,Hold,4.0,Hold,4.0,Hold,9.0,Hold,7.0,Hold,2.0,Hold,10.0,Hold,7.0
20/7/2021,339.8,0.9115472643478264,Hold,8.0,Hold,3.0,Hold,8.0,Hold,4.0,Hold,4.0,Hold,9.0,Hold,7.0,Hold,2.0,Hold,10.0,Hold,7.0
21/7/2021,344.34,0.9668659797142856,Hold,8.0,Hold,3.0,Hold,8.0,Hold,4.0,Hold,4.0,Hold,9.0,Hold,7.0,Hold,2.0,Hold,10.0,Hold,7.0
22/7/2021,349.27,0.9970303329729732,Buy,8.0,Hold,3.0,Buy,8.0,Hold,4.0,Hold,4.0,Hold,9.0,Hold,7.0,Buy,2.0,Hold,10.0,Hold,7.0
23/7/2021,367.77,0.8693306905637327,Hold,8.0,Hold,3.0,Hold,8.0,Hold,4.0,Hold,4.0,Hold,9.0,Hold,7.0,Hold,2.0,Hold,10.0,Hold,7.0
26/7/2021,370.43,0.9772277754285714,Hold,8.0,Hold,3.0,Hold,8.0,Hold,4.0,Hold,4.0,Hold,9.0,Hold,7.0,Hold,2.0,Hold,10.0,Hold,7.0
27/7/2021,365.8,0.9540236245454546,Hold,8.0,Hold,3.0,Hold,8.0,Hold,4.0,Hold,4.0,Hold,9.0,Hold,7.0,Hold,2.0,Hold,10.0,Hold,7.0
28/7/2021,371.24,0.5162754693485546,Hold,8.0,Hold,3.0,Hold,8.0,Hold,4.0,Buy,4.0,Hold,9.0,Hold,7.0,Buy,2.0,Hold,10.0,Buy,7.0
29/7/2021,356.36,0.3080909833909757,Hold,8.0,Hold,3.0,Hold,8.0,Hold,4.0,Hold,4.0,Hold,9.0,Hold,7.0,Hold,2.0,Hold,10.0,Hold,7.0
30/7/2021,354.36,0.8414565158453577,Hold,8.0,Hold,3.0,Hold,8.0,Hold,4.0,Hold,4.0,Hold,9.0,Hold,7.0,Hold,2.0,Hold,10.0,Hold,7.0
2/8/2021,350.03,0.9989209294444444,Sell,8.0,Hold,3.0,Sell,8.0,Hold,4.0,Hold,4.0,Hold,9.0,Hold,7.0,Sell,2.0,Hold,10.0,Hold,7.0
3/8/2021,349.32,0.9241543846906002,Hold,8.0,Hold,3.0,Hold,8.0,Hold,4.0,Hold,4.0,Hold,9.0,Hold,7.0,Hold,2.0,Hold,10.0,Hold,7.0
4/8/2021,356.96,0.7078110408333333,Hold,8.0,Hold,3.0,Hold,8.0,Hold,4.0,Hold,4.0,Hold,9.0,Hold,7.0,Hold,2.0,Hold,10.0,Hold,7.0
5/8/2021,360.99,0.5858469709999999,Hold,8.0,Hold,3.0,Hold,8.0,Hold,4.0,Hold,4.0,Hold,9.0,Hold,7.0,Buy,2.0,Hold,10.0,Hold,7.0
6/8/2021,361.53,0.9897461285714289,Hold,8.0,Hold,3.0,Hold,8.0,Hold,4.0,Hold,4.0,Hold,9.0,Hold,7.0,Hold,2.0,Hold,10.0,Hold,7.0
9/8/2021,359.64,0.7969988821212124,Hold,8.0,Hold,3.0,Hold,8.0,Hold,4.0,Hold,4.0,Hold,9.0,Hold,7.0,Sell,2.0,Hold,10.0,Hold,7.0
10/8/2021,359.16,0.9997795268965518,Hold,8.0,Hold,3.0,Hold,8.0,Hold,4.0,Hold,4.0,Hold,9.0,Hold,7.0,Hold,2.0,Hold,10.0,Hold,7.0
11/8/2021,358.0,0.8414584084615384,Hold,8.0,Hold,3.0,Hold,8.0,Hold,4.0,Hold,4.0,Hold,9.0,Hold,7.0,Hold,2.0,Hold,10.0,Hold,7.0
12/8/2021,360.67,0.6840981710526316,Hold,8.0,Hold,3.0,Hold,8.0,Hold,4.0,Hold,4.0,Hold,9.0,Hold,7.0,Hold,2.0,Hold,10.0,Hold,7.0
13/8/2021,361.2,0.5173020240555001,Hold,8.0,Hold,3.0,Hold,8.0,Hold,4.0,Hold,4.0,Hold,9.0,Hold,7.0,Buy,2.0,Hold,10.0,Hold,7.0
16/8/2021,364.56,0.7489562648076923,Hold,8.0,Hold,3.0,Hold,8.0,Hold,4.0,Hold,4.0,Hold,9.0,Hold,7.0,Hold,2.0,Hold,10.0,Hold,7.0
17/8/2021,356.49,0.7917056831249999,Hold,8.0,Hold,3.0,Hold,8.0,Hold,4.0,Sell,4.0,Hold,9.0,Hold,7.0,Hold,2.0,Hold,10.0,Sell,7.0
18/8/2021,353.51,0.8190244676879231,Hold,8.0,Hold,3.0,Hold,8.0,Hold,4.0,Hold,4.0,Hold,9.0,Hold,7.0,Sell,2.0,Hold,10.0,Hold,7.0
19/8/2021,353.18,0.5108876426326532,Hold,8.0,Hold,3.0,Hold,8.0,Hold,4.0,Hold,4.0,Hold,9.0,Hold,7.0,Hold,2.0,Hold,10.0,Hold,7.0
20/8/2021,357.41,0.7061436115624999,Hold,8.0,Hold,3.0,Hold,8.0,Hold,4.0,Hold,4.0,Hold,9.0,Hold,7.0,Hold,2.0,Hold,10.0,Hold,7.0
23/8/2021,361.37,0.6659158897357353,Buy,8.0,Hold,3.0,Buy,8.0,Hold,4.0,Buy,4.0,Hold,9.0,Hold,7.0,Buy,2.0,Hold,10.0,Buy,7.0
24/8/2021,363.52,0.7306589178033079,Hold,8.0,Hold,3.0,Hold,8.0,Hold,4.0,Hold,4.0,Hold,9.0,Hold,7.0,Hold,2.0,Hold,10.0,Hold,7.0
25/8/2021,366.38,0.57691717,Hold,8.0,Hold,3.0,Hold,8.0,Hold,4.0,Hold,4.0,Hold,9.0,Hold,7.0,Hold,2.0,Hold,10.0,Hold,7.0
26/8/2021,362.39,0.9995901384615384,Hold,8.0,Hold,3.0,Hold,8.0,Hold,4.0,Hold,4.0,Hold,9.0,Hold,7.0,Hold,2.0,Hold,10.0,Hold,7.0
27/8/2021,370.6,0.9901338071794872,Hold,8.0,Hold,3.0,Hold,8.0,Hold,4.0,Hold,4.0,Hold,9.0,Hold,7.0,Hold,2.0,Hold,10.0,Hold,7.0
30/8/2021,378.58,0.9953879257142858,Hold,8.0,Hold,3.0,Hold,8.0,Hold,4.0,Hold,4.0,Hold,9.0,Hold,7.0,Hold,2.0,Hold,10.0,Hold,7.0
31/8/2021,377.31,0.9990758686206896,Hold,8.0,Hold,3.0,Hold,8.0,Hold,4.0,Hold,4.0,Hold,9.0,Hold,7.0,Hold,2.0,Hold,10.0,Hold,7.0
1/9/2021,379.97,0.4156213474388888,Hold,8.0,Hold,3.0,Hold,8.0,Hold,4.0,Hold,4.0,Hold,9.0,Hold,7.0,Hold,2.0,Hold,10.0,Hold,7.0
2/9/2021,373.23,0.7512766904347825,Hold,8.0,Hold,3.0,Hold,8.0,Hold,4.0,Hold,4.0,Hold,9.0,Hold,7.0,Hold,2.0,Hold,10.0,Hold,7.0
3/9/2021,374.21,0.4995245307692307,Hold,8.0,Hold,3.0,Hold,8.0,Hold,4.0,Hold,4.0,Hold,9.0,Hold,7.0,Hold,2.0,Hold,10.0,Hold,7.0
7/9/2021,380.09,0.692757266923077,Hold,8.0,Sell,3.0,Hold,8.0,Hold,4.0,Hold,4.0,Hold,9.0,Hold,7.0,Hold,2.0,Hold,10.0,Hold,7.0
8/9/2021,375.51,0.998661397,Hold,8.0,Hold,3.0,Hold,8.0,Hold,4.0,Hold,4.0,Hold,9.0,Hold,7.0,Hold,2.0,Hold,10.0,Hold,7.0
9/9/2021,375.94,0.4735975732364285,Hold,8.0,Sell,3.0,Hold,8.0,Hold,4.0,Hold,4.0,Hold,9.0,Hold,7.0,Hold,2.0,Hold,10.0,Hold,7.0
10/9/2021,376.62,0.596737215897436,Hold,8.0,Hold,3.0,Hold,8.0,Hold,4.0,Hold,4.0,Hold,9.0,Hold,7.0,Hold,2.0,Hold,10.0,Hold,7.0
13/9/2021,374.46,0.9830210654347826,Sell,8.0,Hold,3.0,Sell,8.0,Hold,4.0,Hold,4.0,Sell,9.0,Hold,7.0,Hold,2.0,Hold,10.0,Hold,7.0
14/9/2021,374.48,0.9234839684615384,Hold,8.0,Hold,3.0,Hold,8.0,Hold,4.0,Hold,4.0,Hold,9.0,Hold,7.0,Hold,2.0,Hold,10.0,Hold,7.0
15/9/2021,371.88,0.7346547199999999,Hold,8.0,Hold,3.0,Hold,8.0,Hold,4.0,Hold,4.0,Hold,9.0,Hold,7.0,Sell,2.0,Hold,10.0,Hold,7.0
16/9/2021,371.02,0.1430039098305084,Hold,8.0,Hold,3.0,Hold,8.0,Sell,4.0,Sell,4.0,Hold,9.0,Hold,7.0,Hold,2.0,Sell,10.0,Hold,7.0
17/9/2021,362.73,0.9990177303333336,Hold,8.0,Hold,3.0,Hold,8.0,Hold,4.0,Hold,4.0,Hold,9.0,Hold,7.0,Hold,2.0,Hold,10.0,Hold,7.0
20/9/2021,353.76,0.4520516123076923,Hold,8.0,Hold,3.0,Hold,8.0,Hold,4.0,Hold,4.0,Hold,9.0,Sell,7.0,Hold,2.0,Hold,10.0,Sell,7.0
21/9/2021,355.53,0.9913778777333332,Hold,8.0,Hold,3.0,Hold,8.0,Hold,4.0,Hold,4.0,Hold,9.0,Hold,7.0,Hold,2.0,Hold,10.0,Hold,7.0
22/9/2021,341.34,0.7956555066504853,Hold,8.0,Hold,3.0,Hold,8.0,Hold,4.0,Hold,4.0,Hold,9.0,Hold,7.0,Hold,2.0,Hold,10.0,Hold,7.0
23/9/2021,344.07,0.7964410525423727,Hold,8.0,Hold,3.0,Hold,8.0,Hold,4.0,Hold,4.0,Hold,9.0,Hold,7.0,Hold,2.0,Hold,10.0,Hold,7.0
24/9/2021,351.03,0.9899953376190476,Hold,8.0,Hold,3.0,Hold,8.0,Hold,4.0,Hold,4.0,Hold,9.0,Hold,7.0,Hold,2.0,Hold,10.0,Hold,7.0
27/9/2021,351.65,0.5896047219298245,Hold,8.0,Hold,3.0,Hold,8.0,Hold,4.0,Hold,4.0,Hold,9.0,Hold,7.0,Hold,2.0,Hold,10.0,Hold,7.0
28/9/2021,338.79,0.7059182343243243,Hold,8.0,Hold,3.0,Hold,8.0,Hold,4.0,Hold,4.0,Hold,9.0,Hold,7.0,Hold,2.0,Hold,10.0,Hold,7.0
29/9/2021,337.76,0.5729409535714285,Hold,8.0,Hold,3.0,Hold,8.0,Hold,4.0,Hold,4.0,Hold,9.0,Hold,7.0,Hold,2.0,Hold,10.0,Hold,7.0
30/9/2021,337.54,0.6813656357971014,Hold,8.0,Hold,3.0,Hold,8.0,Hold,4.0,Hold,4.0,Hold,9.0,Hold,7.0,Hold,2.0,Hold,10.0,Hold,7.0
1/10/2021,341.14,0.9932535531818184,Hold,8.0,Hold,3.0,Hold,8.0,Hold,4.0,Hold,4.0,Hold,9.0,Hold,7.0,Hold,2.0,Hold,10.0,Hold,7.0
4/10/2021,324.45,0.2573115393937267,Hold,8.0,Hold,3.0,Hold,8.0,Hold,4.0,Hold,4.0,Hold,9.0,Hold,7.0,Hold,2.0,Hold,10.0,Hold,7.0
5/10/2021,331.14,0.1796541013230769,Hold,8.0,Hold,3.0,Hold,8.0,Hold,4.0,Hold,4.0,Hold,9.0,Hold,7.0,Hold,2.0,Hold,10.0,Hold,7.0
6/10/2021,331.82,0.1590380493033708,Hold,8.0,Hold,3.0,Hold,8.0,Hold,4.0,Hold,4.0,Hold,9.0,Hold,7.0,Hold,2.0,Hold,10.0,Hold,7.0
7/10/2021,327.42,0.2404687255172413,Hold,8.0,Hold,3.0,Hold,8.0,Hold,4.0,Hold,4.0,Hold,9.0,Hold,7.0,Hold,2.0,Hold,10.0,Hold,7.0
8/10/2021,328.25,0.6943928821276595,Hold,8.0,Hold,3.0,Hold,8.0,Hold,4.0,Hold,4.0,Hold,9.0,Hold,7.0,Hold,2.0,Hold,10.0,Hold,7.0
11/10/2021,323.67,0.4013625554545453,Hold,8.0,Hold,3.0,Hold,8.0,Hold,4.0,Hold,4.0,Hold,9.0,Hold,7.0,Hold,2.0,Hold,10.0,Hold,7.0
12/10/2021,322.0,0.981612537727273,Hold,8.0,Hold,3.0,Hold,8.0,Hold,4.0,Hold,4.0,Hold,9.0,Hold,7.0,Hold,2.0,Hold,10.0,Hold,7.0
13/10/2021,322.77,0.4623816531666666,Hold,8.0,Hold,3.0,Hold,8.0,Hold,4.0,Hold,4.0,Hold,9.0,Hold,7.0,Hold,2.0,Hold,10.0,Hold,7.0
14/10/2021,326.74,0.7493359382142857,Hold,8.0,Buy,3.0,Hold,8.0,Hold,4.0,Hold,4.0,Hold,9.0,Hold,7.0,Hold,2.0,Hold,10.0,Hold,7.0
15/10/2021,322.99,0.5276069903030303,Hold,8.0,Buy,3.0,Hold,8.0,Hold,4.0,Hold,4.0,Hold,9.0,Hold,7.0,Hold,2.0,Hold,10.0,Hold,7.0
18/10/2021,333.51,0.7202498736734695,Buy,8.0,Hold,3.0,Buy,8.0,Hold,4.0,Hold,4.0,Hold,9.0,Hold,7.0,Hold,2.0,Hold,10.0,Hold,7.0
19/10/2021,338.13,0.971063812962963,Hold,8.0,Hold,3.0,Hold,8.0,Hold,4.0,Hold,4.0,Hold,9.0,Hold,7.0,Buy,2.0,Hold,10.0,Hold,7.0
20/10/2021,338.92,0.528173737401881,Hold,8.0,Hold,3.0,Hold,8.0,Hold,4.0,Hold,4.0,Hold,9.0,Hold,7.0,Hold,2.0,Hold,10.0,Hold,7.0
21/10/2021,340.01,0.5369549427941176,Hold,8.0,Hold,3.0,Hold,8.0,Hold,4.0,Hold,4.0,Hold,9.0,Hold,7.0,Hold,2.0,Hold,10.0,Hold,7.0
22/10/2021,322.84,0.2173269170689655,Hold,8.0,Hold,3.0,Hold,8.0,Hold,4.0,Hold,4.0,Hold,9.0,Hold,7.0,Buy,2.0,Hold,10.0,Hold,7.0
25/10/2021,326.9,0.4172854073496638,Sell,8.0,Hold,3.0,Sell,8.0,Hold,4.0,Hold,4.0,Hold,9.0,Hold,7.0,Sell,2.0,Hold,10.0,Hold,7.0
26/10/2021,314.09,0.4278336931381125,Hold,8.0,Hold,3.0,Hold,8.0,Hold,4.0,Hold,4.0,Hold,9.0,Hold,7.0,Hold,2.0,Hold,10.0,Hold,7.0
27/10/2021,310.52,0.8053032656494562,Hold,8.0,Hold,3.0,Hold,8.0,Hold,4.0,Hold,4.0,Hold,9.0,Hold,7.0,Hold,2.0,Hold,10.0,Hold,7.0
28/10/2021,315.19,0.876165846329189,Hold,8.0,Hold,3.0,Hold,8.0,Hold,4.0,Hold,4.0,Hold,9.0,Hold,7.0,Hold,2.0,Hold,10.0,Hold,7.0
29/10/2021,321.8,0.8066616344601056,Hold,8.0,Hold,3.0,Hold,8.0,Hold,4.0,Hold,4.0,Hold,9.0,Hold,7.0,Hold,2.0,Hold,10.0,Hold,7.0
1/11/2021,328.18,0.5687095562162091,Buy,8.0,Hold,3.0,Buy,8.0,Hold,4.0,Hold,4.0,Buy,9.0,Hold,7.0,Hold,2.0,Hold,10.0,Hold,7.0
2/11/2021,326.29,0.2807992027956988,Hold,8.0,Hold,3.0,Hold,8.0,Hold,4.0,Buy,4.0,Hold,9.0,Hold,7.0,Buy,2.0,Buy,10.0,Hold,7.0
3/11/2021,329.81,0.7246862816393934,Hold,8.0,Hold,3.0,Hold,8.0,Hold,4.0,Hold,4.0,Hold,9.0,Hold,7.0,Hold,2.0,Hold,10.0,Buy,7.0
4/11/2021,334.02,0.7435822479975095,Hold,8.0,Hold,3.0,Hold,8.0,Hold,4.0,Hold,4.0,Hold,9.0,Hold,7.0,Hold,2.0,Hold,10.0,Buy,7.0
5/11/2021,339.27,0.7061889490604307,Hold,8.0,Hold,3.0,Hold,8.0,Hold,4.0,Sell,4.0,Hold,9.0,Hold,7.0,Hold,2.0,Hold,10.0,Sell,7.0
8/11/2021,336.77,0.6638258450815114,Hold,8.0,Hold,3.0,Hold,8.0,Hold,4.0,Hold,4.0,Hold,9.0,Hold,7.0,Hold,2.0,Buy,10.0,Hold,7.0
9/11/2021,333.54,0.6230142797253635,Hold,8.0,Hold,3.0,Hold,8.0,Hold,4.0,Hold,4.0,Hold,9.0,Hold,7.0,Buy,2.0,Sell,10.0,Hold,7.0
10/11/2021,325.85,0.9974401125454548,Hold,8.0,Hold,3.0,Hold,8.0,Hold,4.0,Hold,4.0,Hold,9.0,Hold,7.0,Hold,2.0,Hold,10.0,Hold,7.0
11/11/2021,325.95,0.49004827205,Hold,8.0,Hold,3.0,Hold,8.0,Hold,4.0,Hold,4.0,Hold,9.0,Hold,7.0,Hold,2.0,Sell,10.0,Hold,7.0
12/11/2021,339.03,0.5475022364516129,Hold,8.0,Hold,3.0,Hold,8.0,Hold,4.0,Hold,4.0,Hold,9.0,Hold,7.0,Hold,2.0,Hold,10.0,Hold,7.0
15/11/2021,345.66,0.4506216798328982,Hold,8.0,Hold,3.0,Hold,8.0,Buy,4.0,Buy,4.0,Hold,9.0,Buy,7.0,Hold,2.0,Buy,10.0,Buy,7.0
16/11/2021,341.09,0.949817316304348,Hold,8.0,Hold,3.0,Hold,8.0,Buy,4.0,Hold,4.0,Hold,9.0,Hold,7.0,Hold,2.0,Hold,10.0,Hold,7.0
17/11/2021,338.91,0.7606981861904764,Hold,8.0,Hold,3.0,Hold,8.0,Hold,4.0,Hold,4.0,Hold,9.0,Hold,7.0,Hold,2.0,Hold,10.0,Hold,7.0
18/11/2021,336.84,0.8945730182809524,Hold,8.0,Hold,3.0,Hold,8.0,Hold,4.0,Hold,4.0,Hold,9.0,Hold,7.0,Hold,2.0,Hold,10.0,Hold,7.0
19/11/2021,343.42,0.8786257137895159,Hold,8.0,Hold,3.0,Hold,8.0,Hold,4.0,Hold,4.0,Sell,9.0,Hold,7.0,Hold,2.0,Sell,10.0,Hold,7.0
22/11/2021,339.15,0.7847062282408488,Hold,8.0,Hold,3.0,Hold,8.0,Hold,4.0,Hold,4.0,Hold,9.0,Hold,7.0,Hold,2.0,Buy,10.0,Hold,7.0
23/11/2021,335.41,0.8614276486480456,Hold,8.0,Hold,3.0,Hold,8.0,Hold,4.0,Hold,4.0,Hold,9.0,Hold,7.0,Hold,2.0,Hold,10.0,Hold,7.0
24/11/2021,339.2,0.7129652082758621,Sell,8.0,Hold,3.0,Hold,8.0,Sell,4.0,Sell,4.0,Sell,9.0,Hold,7.0,Sell,2.0,Sell,10.0,Hold,7.0
26/11/2021,331.3,0.9982209941176472,Hold,8.0,Hold,3.0,Hold,8.0,Hold,4.0,Hold,4.0,Hold,9.0,Hold,7.0,Hold,2.0,Buy,10.0,Hold,7.0
29/11/2021,336.19,0.4215625545982759,Sell,8.0,Hold,3.0,Sell,8.0,Sell,4.0,Sell,4.0,Sell,9.0,Sell,7.0,Sell,2.0,Sell,10.0,Sell,7.0
30/11/2021,322.69,0.9820764217582412,Hold,8.0,Hold,3.0,Hold,8.0,Hold,4.0,Hold,4.0,Hold,9.0,Hold,7.0,Hold,2.0,Hold,10.0,Hold,7.0
1/12/2021,308.91,0.9967707992,Hold,8.0,Hold,3.0,Hold,8.0,Hold,4.0,Hold,4.0,Hold,9.0,Sell,7.0,Hold,2.0,Hold,10.0,Sell,7.0
2/12/2021,308.7,0.8113852957736913,Hold,8.0,Hold,3.0,Hold,8.0,Hold,4.0,Hold,4.0,Hold,9.0,Hold,7.0,Hold,2.0,Hold,10.0,Hold,7.0
3/12/2021,305.17,0.8067678995446002,Hold,8.0,Hold,3.0,Hold,8.0,Hold,4.0,Hold,4.0,Hold,9.0,Hold,7.0,Hold,2.0,Hold,10.0,Hold,7.0
6/12/2021,316.14,0.6866966567418888,Hold,8.0,Hold,3.0,Hold,8.0,Hold,4.0,Hold,4.0,Hold,9.0,Hold,7.0,Hold,2.0,Hold,10.0,Hold,7.0
7/12/2021,321.05,0.3313684186536179,Hold,8.0,Hold,3.0,Hold,8.0,Hold,4.0,Hold,4.0,Hold,9.0,Hold,7.0,Hold,2.0,Hold,10.0,Hold,7.0
8/12/2021,328.76,0.6931507476195082,Hold,8.0,Hold,3.0,Hold,8.0,Hold,4.0,Hold,4.0,Hold,9.0,Hold,7.0,Hold,2.0,Hold,10.0,Hold,7.0
9/12/2021,328.02,0.9082395997160002,Buy,8.0,Hold,3.0,Buy,8.0,Buy,4.0,Hold,4.0,Hold,9.0,Buy,7.0,Buy,2.0,Buy,10.0,Hold,7.0
10/12/2021,327.95,0.6641798372093025,Hold,8.0,Hold,3.0,Hold,8.0,Hold,4.0,Hold,4.0,Buy,9.0,Hold,7.0,Hold,2.0,Hold,10.0,Hold,7.0
13/12/2021,332.66,0.8038356587581396,Hold,8.0,Hold,3.0,Hold,8.0,Hold,4.0,Hold,4.0,Hold,9.0,Hold,7.0,Hold,2.0,Hold,10.0,Hold,7.0
14/12/2021,331.92,0.9963108075,Hold,8.0,Hold,3.0,Hold,8.0,Hold,4.0,Hold,4.0,Hold,9.0,Hold,7.0,Hold,2.0,Buy,10.0,Hold,7.0
15/12/2021,339.8,0.8787814386000002,Hold,8.0,Hold,3.0,Hold,8.0,Hold,4.0,Hold,4.0,Hold,9.0,Hold,7.0,Buy,2.0,Hold,10.0,Hold,7.0
16/12/2021,333.07,0.6727376804444445,Hold,8.0,Hold,3.0,Hold,8.0,Buy,4.0,Hold,4.0,Hold,9.0,Buy,7.0,Hold,2.0,Hold,10.0,Hold,7.0
17/12/2021,331.97,0.9968950515384616,Hold,8.0,Hold,3.0,Hold,8.0,Hold,4.0,Hold,4.0,Hold,9.0,Hold,7.0,Hold,2.0,Hold,10.0,Hold,7.0
20/12/2021,323.67,0.8742025254545455,Hold,8.0,Hold,3.0,Hold,8.0,Hold,4.0,Hold,4.0,Hold,9.0,Hold,7.0,Hold,2.0,Sell,10.0,Hold,7.0
21/12/2021,332.38,0.9998663895454544,Hold,8.0,Hold,3.0,Hold,8.0,Hold,4.0,Hold,4.0,Hold,9.0,Hold,7.0,Hold,2.0,Sell,10.0,Hold,7.0
22/12/2021,328.65,0.7752721635714285,Hold,8.0,Hold,3.0,Hold,8.0,Hold,4.0,Buy,4.0,Hold,9.0,Hold,7.0,Hold,2.0,Buy,10.0,Buy,7.0
23/12/2021,333.41,0.6187610324324325,Hold,8.0,Hold,3.0,Hold,8.0,Hold,4.0,Hold,4.0,Hold,9.0,Hold,7.0,Hold,2.0,Sell,10.0,Hold,7.0
27/12/2021,344.29,0.9265966038636364,Hold,8.0,Hold,3.0,Hold,8.0,Hold,4.0,Hold,4.0,Hold,9.0,Hold,7.0,Hold,2.0,Buy,10.0,Hold,7.0
28/12/2021,344.33,0.720229835925773,Hold,8.0,Hold,3.0,Hold,8.0,Hold,4.0,Hold,4.0,Hold,9.0,Hold,7.0,Hold,2.0,Hold,10.0,Hold,7.0
29/12/2021,341.07,0.6663049370716666,Hold,8.0,Hold,3.0,Hold,8.0,Hold,4.0,Hold,4.0,Hold,9.0,Hold,7.0,Hold,2.0,Hold,10.0,Hold,7.0
30/12/2021,342.48,0.9209440694923076,Hold,8.0,Hold,3.0,Hold,8.0,Hold,4.0,Hold,4.0,Hold,9.0,Hold,7.0,Hold,2.0,Hold,10.0,Hold,7.0
31/12/2021,334.51,0.999141239767442,Hold,8.0,Hold,3.0,Hold,8.0,Hold,4.0,Hold,4.0,Hold,9.0,Hold,7.0,Hold,2.0,Hold,10.0,Hold,7.0
3/1/2022,336.69,0.8885924013888888,Sell,8.0,Hold,3.0,Hold,8.0,Sell,4.0,Hold,4.0,Hold,9.0,Hold,7.0,Sell,2.0,Sell,10.0,Hold,7.0
4/1/2022,334.69,0.8799021031111111,Hold,8.0,Hold,3.0,Hold,8.0,Hold,4.0,Hold,4.0,Hold,9.0,Hold,7.0,Hold,2.0,Hold,10.0,Hold,7.0
5/1/2022,322.4,0.8373853164503272,Sell,8.0,Hold,3.0,Sell,8.0,Sell,4.0,Sell,4.0,Sell,9.0,Hold,7.0,Sell,2.0,Sell,10.0,Hold,7.0
6/1/2022,330.65,0.6758786548575675,Hold,8.0,Hold,3.0,Hold,8.0,Hold,4.0,Hold,4.0,Hold,9.0,Sell,7.0,Hold,2.0,Sell,10.0,Sell,7.0
7/1/2022,329.98,0.7089078583601593,Hold,8.0,Hold,3.0,Hold,8.0,Hold,4.0,Hold,4.0,Hold,9.0,Hold,7.0,Hold,2.0,Hold,10.0,Hold,7.0
10/1/2022,326.28,0.7641580398514124,Hold,8.0,Hold,3.0,Hold,8.0,Hold,4.0,Hold,4.0,Hold,9.0,Hold,7.0,Sell,2.0,Hold,10.0,Hold,7.0
11/1/2022,332.55,0.850941791067416,Hold,8.0,Hold,3.0,Hold,8.0,Sell,4.0,Hold,4.0,Hold,9.0,Sell,7.0,Hold,2.0,Hold,10.0,Hold,7.0
12/1/2022,331.44,0.694800925308642,Hold,8.0,Hold,3.0,Hold,8.0,Hold,4.0,Hold,4.0,Hold,9.0,Hold,7.0,Hold,2.0,Hold,10.0,Hold,7.0
13/1/2022,324.7,0.8200714250000001,Hold,8.0,Hold,3.0,Hold,8.0,Hold,4.0,Sell,4.0,Hold,9.0,Hold,7.0,Hold,2.0,Hold,10.0,Sell,7.0
14/1/2022,330.09,0.4271493691549294,Hold,8.0,Hold,3.0,Hold,8.0,Hold,4.0,Hold,4.0,Hold,9.0,Hold,7.0,Hold,2.0,Hold,10.0,Hold,7.0
18/1/2022,316.41,0.679901262676075,Hold,8.0,Hold,3.0,Hold,8.0,Hold,4.0,Hold,4.0,Hold,9.0,Hold,7.0,Hold,2.0,Hold,10.0,Hold,7.0
19/1/2022,317.85,0.6312407860361444,Hold,8.0,Hold,3.0,Hold,8.0,Hold,4.0,Hold,4.0,Hold,9.0,Hold,7.0,Hold,2.0,Hold,10.0,Hold,7.0
20/1/2022,314.83,0.9038235575803923,Hold,8.0,Hold,3.0,Hold,8.0,Hold,4.0,Hold,4.0,Hold,9.0,Hold,7.0,Hold,2.0,Hold,10.0,Hold,7.0
21/1/2022,301.52,0.7674250476811595,Hold,8.0,Hold,3.0,Hold,8.0,Hold,4.0,Hold,4.0,Hold,9.0,Hold,7.0,Hold,2.0,Hold,10.0,Hold,7.0
24/1/2022,307.03,0.6795839712555674,Hold,8.0,Hold,3.0,Hold,8.0,Hold,4.0,Hold,4.0,Hold,9.0,Hold,7.0,Hold,2.0,Hold,10.0,Hold,7.0
25/1/2022,298.51,0.7138078815401656,Hold,8.0,Hold,3.0,Hold,8.0,Hold,4.0,Hold,4.0,Hold,9.0,Hold,7.0,Hold,2.0,Hold,10.0,Hold,7.0
26/1/2022,293.02,0.5965661647222222,Hold,8.0,Hold,3.0,Hold,8.0,Hold,4.0,Hold,4.0,Hold,9.0,Hold,7.0,Hold,2.0,Hold,10.0,Hold,7.0
27/1/2022,293.03,0.4469305811188988,Hold,8.0,Hold,3.0,Hold,8.0,Hold,4.0,Hold,4.0,Hold,9.0,Hold,7.0,Hold,2.0,Hold,10.0,Hold,7.0
28/1/2022,300.06,0.5597128065708334,Hold,8.0,Hold,3.0,Hold,8.0,Hold,4.0,Hold,4.0,Hold,9.0,Hold,7.0,Hold,2.0,Hold,10.0,Hold,7.0
31/1/2022,311.55,0.8631453303664703,Hold,8.0,Hold,3.0,Hold,8.0,Hold,4.0,Hold,4.0,Hold,9.0,Hold,7.0,Hold,2.0,Hold,10.0,Hold,7.0
1/2/2022,317.26,0.4786664474709374,Buy,8.0,Hold,3.0,Hold,8.0,Hold,4.0,Hold,4.0,Hold,9.0,Hold,7.0,Hold,2.0,Hold,10.0,Hold,7.0
2/2/2022,321.24,0.0600173270647442,Hold,8.0,Hold,3.0,Buy,8.0,Hold,4.0,Hold,4.0,Hold,9.0,Hold,7.0,Hold,2.0,Hold,10.0,Hold,7.0
3/2/2022,236.46,-0.0891971571222989,Sell,8.0,Hold,3.0,Sell,8.0,Hold,4.0,Hold,4.0,Hold,9.0,Hold,7.0,Hold,2.0,Hold,10.0,Hold,7.0
4/2/2022,235.8,-0.0319749536013409,Hold,8.0,Hold,3.0,Hold,8.0,Hold,4.0,Hold,4.0,Hold,9.0,Hold,7.0,Hold,2.0,Hold,10.0,Hold,7.0
7/2/2022,223.68,0.4135265209816674,Hold,8.0,Hold,3.0,Hold,8.0,Hold,4.0,Hold,4.0,Hold,9.0,Hold,7.0,Hold,2.0,Hold,10.0,Hold,7.0
8/2/2022,218.98,0.3645881201694201,Hold,8.0,Hold,3.0,Hold,8.0,Hold,4.0,Hold,4.0,Hold,9.0,Hold,7.0,Hold,2.0,Hold,10.0,Hold,7.0
9/2/2022,230.73,0.59680283649375,Hold,8.0,Hold,3.0,Hold,8.0,Hold,4.0,Hold,4.0,Hold,9.0,Hold,7.0,Hold,2.0,Hold,10.0,Hold,7.0
10/2/2022,226.83,0.0517318572799999,Hold,8.0,Hold,3.0,Hold,8.0,Hold,4.0,Hold,4.0,Hold,9.0,Hold,7.0,Hold,2.0,Hold,10.0,Hold,7.0
11/2/2022,218.35,0.6087453036744187,Hold,8.0,Hold,3.0,Hold,8.0,Hold,4.0,Hold,4.0,Hold,9.0,Hold,7.0,Hold,2.0,Hold,10.0,Hold,7.0
14/2/2022,216.51,0.3712313150234375,Hold,8.0,Hold,3.0,Hold,8.0,Hold,4.0,Hold,4.0,Hold,9.0,Hold,7.0,Hold,2.0,Hold,10.0,Hold,7.0
15/2/2022,219.79,0.7272100139285714,Hold,8.0,Hold,3.0,Hold,8.0,Hold,4.0,Hold,4.0,Hold,9.0,Hold,7.0,Hold,2.0,Hold,10.0,Hold,7.0
16/2/2022,215.36,0.5413716118026783,Hold,8.0,Hold,3.0,Hold,8.0,Hold,4.0,Hold,4.0,Hold,9.0,Hold,7.0,Hold,2.0,Hold,10.0,Hold,7.0
17/2/2022,206.58,0.804656554185551,Hold,8.0,Hold,3.0,Hold,8.0,Hold,4.0,Hold,4.0,Hold,9.0,Hold,7.0,Hold,2.0,Hold,10.0,Hold,7.0
18/2/2022,205.04,0.2918948278688525,Hold,8.0,Hold,3.0,Hold,8.0,Hold,4.0,Hold,4.0,Hold,9.0,Hold,7.0,Hold,2.0,Hold,10.0,Hold,7.0
22/2/2022,200.98,0.5764008743796,Hold,8.0,Hold,3.0,Hold,8.0,Hold,4.0,Hold,4.0,Hold,9.0,Hold,7.0,Hold,2.0,Hold,10.0,Hold,7.0
23/2/2022,197.37,0.7445449257812499,Hold,8.0,Hold,3.0,Hold,8.0,Hold,4.0,Hold,4.0,Hold,9.0,Hold,7.0,Hold,2.0,Hold,10.0,Hold,7.0
24/2/2022,206.47,0.594274166923077,Hold,8.0,Hold,3.0,Hold,8.0,Hold,4.0,Hold,4.0,Hold,9.0,Hold,7.0,Hold,2.0,Hold,10.0,Hold,7.0
25/2/2022,209.33,0.5978982857365608,Hold,8.0,Hold,3.0,Hold,8.0,Hold,4.0,Hold,4.0,Hold,9.0,Hold,7.0,Hold,2.0,Hold,10.0,Hold,7.0
28/2/2022,209.88,0.5151381032307693,Hold,8.0,Hold,3.0,Hold,8.0,Hold,4.0,Hold,4.0,Hold,9.0,Hold,7.0,Hold,2.0,Hold,10.0,Hold,7.0
1/3/2022,202.38,0.7871867201515153,Hold,8.0,Hold,3.0,Hold,8.0,Hold,4.0,Hold,4.0,Hold,9.0,Hold,7.0,Hold,2.0,Hold,10.0,Hold,7.0
2/3/2022,206.97,0.1284216434090908,Hold,8.0,Hold,3.0,Hold,8.0,Hold,4.0,Hold,4.0,Hold,9.0,Hold,7.0,Hold,2.0,Hold,10.0,Hold,7.0
3/3/2022,201.86,0.9999706474074076,Hold,8.0,Hold,3.0,Hold,8.0,Hold,4.0,Hold,4.0,Hold,9.0,Hold,7.0,Hold,2.0,Hold,10.0,Hold,7.0
4/3/2022,198.97,0.8183139819999998,Hold,8.0,Hold,3.0,Hold,8.0,Hold,4.0,Hold,4.0,Hold,9.0,Hold,7.0,Hold,2.0,Hold,10.0,Hold,7.0
7/3/2022,186.45,0.7203161023999999,Hold,8.0,Buy,3.0,Hold,8.0,Hold,4.0,Hold,4.0,Hold,9.0,Hold,7.0,Hold,2.0,Hold,10.0,Hold,7.0
8/3/2022,189.25,0.6002899788571427,Hold,8.0,Buy,3.0,Hold,8.0,Hold,4.0,Hold,4.0,Hold,9.0,Hold,7.0,Buy,2.0,Hold,10.0,Hold,7.0
9/3/2022,197.42,0.9992442768421052,Hold,8.0,Hold,3.0,Hold,8.0,Hold,4.0,Hold,4.0,Hold,9.0,Hold,7.0,Hold,2.0,Hold,10.0,Hold,7.0
10/3/2022,194.14,0.2917780625333334,Hold,8.0,Hold,3.0,Hold,8.0,Hold,4.0,Hold,4.0,Hold,9.0,Hold,7.0,Hold,2.0,Hold,10.0,Hold,7.0
11/3/2022,186.59,0.2917419101886792,Hold,8.0,Hold,3.0,Hold,8.0,Hold,4.0,Hold,4.0,Hold,9.0,Hold,7.0,Hold,2.0,Hold,10.0,Hold,7.0
14/3/2022,185.61,0.6936406017894738,Hold,8.0,Hold,3.0,Hold,8.0,Hold,4.0,Hold,4.0,Hold,9.0,Hold,7.0,Hold,2.0,Hold,10.0,Hold,7.0
15/3/2022,190.98,0.9842926185714284,Hold,8.0,Hold,3.0,Hold,8.0,Hold,4.0,Hold,4.0,Hold,9.0,Hold,7.0,Hold,2.0,Hold,10.0,Hold,7.0
16/3/2022,202.52,0.6444487815081966,Hold,8.0,Hold,3.0,Hold,8.0,Hold,4.0,Hold,4.0,Hold,9.0,Hold,7.0,Hold,2.0,Hold,10.0,Hold,7.0
17/3/2022,206.71,0.7617768981725423,Hold,8.0,Hold,3.0,Hold,8.0,Hold,4.0,Buy,4.0,Hold,9.0,Hold,7.0,Buy,2.0,Hold,10.0,Hold,7.0
18/3/2022,215.31,0.1645830412672917,Hold,8.0,Hold,3.0,Hold,8.0,Hold,4.0,Hold,4.0,Hold,9.0,Buy,7.0,Hold,2.0,Hold,10.0,Buy,7.0
21/3/2022,210.34,0.5969853420061545,Hold,8.0,Hold,3.0,Hold,8.0,Hold,4.0,Hold,4.0,Hold,9.0,Hold,7.0,Hold,2.0,Hold,10.0,Hold,7.0
22/3/2022,215.47,0.069171755,Hold,8.0,Hold,3.0,Hold,8.0,Hold,4.0,Hold,4.0,Hold,9.0,Hold,7.0,Hold,2.0,Hold,10.0,Hold,7.0
23/3/2022,212.3,0.9965658844444446,Hold,8.0,Hold,3.0,Hold,8.0,Hold,4.0,Hold,4.0,Hold,9.0,Hold,7.0,Hold,2.0,Hold,10.0,Hold,7.0
24/3/2022,218.37,0.7338854981644444,Hold,8.0,Hold,3.0,Hold,8.0,Hold,4.0,Hold,4.0,Hold,9.0,Hold,7.0,Hold,2.0,Hold,10.0,Hold,7.0
25/3/2022,220.61,0.8980614754363636,Hold,8.0,Hold,3.0,Hold,8.0,Hold,4.0,Hold,4.0,Hold,9.0,Hold,7.0,Hold,2.0,Hold,10.0,Hold,7.0
28/3/2022,222.37,0.610369949880824,Hold,8.0,Hold,3.0,Hold,8.0,Hold,4.0,Hold,4.0,Hold,9.0,Hold,7.0,Hold,2.0,Hold,10.0,Hold,7.0
29/3/2022,228.61,0.9104325476666668,Hold,8.0,Hold,3.0,Hold,8.0,Hold,4.0,Hold,4.0,Hold,9.0,Hold,7.0,Hold,2.0,Hold,10.0,Hold,7.0
30/3/2022,226.61,0.9689919067999998,Hold,8.0,Hold,3.0,Hold,8.0,Hold,4.0,Hold,4.0,Hold,9.0,Hold,7.0,Hold,2.0,Hold,10.0,Hold,7.0
31/3/2022,221.15,0.5429814646666667,Hold,8.0,Hold,3.0,Hold,8.0,Hold,4.0,Hold,4.0,Hold,9.0,Hold,7.0,Hold,2.0,Hold,10.0,Hold,7.0
1/4/2022,223.62,0.6925231513559322,Hold,8.0,Sell,3.0,Hold,8.0,Hold,4.0,Hold,4.0,Hold,9.0,Hold,7.0,Hold,2.0,Hold,10.0,Hold,7.0
4/4/2022,232.61,0.6795254106666665,Hold,8.0,Sell,3.0,Hold,8.0,Hold,4.0,Hold,4.0,Hold,9.0,Hold,7.0,Hold,2.0,Hold,10.0,Hold,7.0
5/4/2022,230.58,0.997757604848485,Hold,8.0,Sell,3.0,Hold,8.0,Hold,4.0,Hold,4.0,Hold,9.0,Hold,7.0,Hold,2.0,Hold,10.0,Hold,7.0
6/4/2022,222.08,0.6438826867307692,Hold,8.0,Hold,3.0,Hold,8.0,Hold,4.0,Hold,4.0,Hold,9.0,Hold,7.0,Hold,2.0,Hold,10.0,Hold,7.0
7/4/2022,221.73,0.9993826007407408,Hold,8.0,Hold,3.0,Hold,8.0,Hold,4.0,Hold,4.0,Hold,9.0,Hold,7.0,Hold,2.0,Hold,10.0,Hold,7.0
8/4/2022,221.12,0.1824125921875,Sell,8.0,Hold,3.0,Hold,8.0,Sell,4.0,Sell,4.0,Hold,9.0,Hold,7.0,Sell,2.0,Hold,10.0,Hold,7.0
11/4/2022,215.28,0.7418300448478261,Hold,8.0,Hold,3.0,Hold,8.0,Hold,4.0,Hold,4.0,Hold,9.0,Hold,7.0,Hold,2.0,Hold,10.0,Hold,7.0
12/4/2022,212.97,0.8142656595709115,Hold,8.0,Hold,3.0,Sell,8.0,Hold,4.0,Hold,4.0,Hold,9.0,Sell,7.0,Sell,2.0,Hold,10.0,Sell,7.0
13/4/2022,213.82,0.2456676972727273,Sell,8.0,Hold,3.0,Hold,8.0,Hold,4.0,Hold,4.0,Hold,9.0,Hold,7.0,Hold,2.0,Hold,10.0,Hold,7.0
14/4/2022,209.03,0.4812720087115385,Hold,8.0,Hold,3.0,Hold,8.0,Hold,4.0,Hold,4.0,Hold,9.0,Hold,7.0,Hold,2.0,Hold,10.0,Hold,7.0
18/4/2022,209.62,0.8334993939285715,Hold,8.0,Hold,3.0,Hold,8.0,Hold,4.0,Hold,4.0,Hold,9.0,Hold,7.0,Hold,2.0,Hold,10.0,Hold,7.0
19/4/2022,216.12,0.6865757457777778,Hold,8.0,Hold,3.0,Hold,8.0,Sell,4.0,Hold,4.0,Hold,9.0,Hold,7.0,Hold,2.0,Hold,10.0,Hold,7.0
20/4/2022,199.33,0.5617831170488636,Hold,8.0,Hold,3.0,Hold,8.0,Hold,4.0,Hold,4.0,Hold,9.0,Hold,7.0,Hold,2.0,Hold,10.0,Hold,7.0
21/4/2022,187.04,0.7620154526595744,Hold,8.0,Hold,3.0,Hold,8.0,Hold,4.0,Hold,4.0,Hold,9.0,Hold,7.0,Hold,2.0,Hold,10.0,Hold,7.0
22/4/2022,183.11,0.3829244053241379,Hold,8.0,Hold,3.0,Hold,8.0,Hold,4.0,Hold,4.0,Hold,9.0,Hold,7.0,Hold,2.0,Hold,10.0,Hold,7.0
25/4/2022,185.97,0.7550781051970885,Hold,8.0,Hold,3.0,Hold,8.0,Hold,4.0,Hold,4.0,Hold,9.0,Hold,7.0,Hold,2.0,Hold,10.0,Hold,7.0
26/4/2022,179.96,0.3799821982816065,Hold,8.0,Buy,3.0,Hold,8.0,Hold,4.0,Hold,4.0,Hold,9.0,Hold,7.0,Hold,2.0,Hold,10.0,Hold,7.0
27/4/2022,174.0,0.1891555003571973,Hold,8.0,Buy,3.0,Hold,8.0,Hold,4.0,Hold,4.0,Hold,9.0,Hold,7.0,Hold,2.0,Hold,10.0,Hold,7.0
28/4/2022,204.61,0.2198705820795626,Hold,8.0,Hold,3.0,Hold,8.0,Hold,4.0,Hold,4.0,Hold,9.0,Hold,7.0,Hold,2.0,Hold,10.0,Hold,7.0
29/4/2022,199.38,0.6290049187204589,Buy,8.0,Hold,3.0,Buy,8.0,Hold,4.0,Hold,4.0,Hold,9.0,Hold,7.0,Buy,2.0,Buy,10.0,Hold,7.0
2/5/2022,209.98,0.8336442347826087,Hold,8.0,Hold,3.0,Hold,8.0,Hold,4.0,Hold,4.0,Buy,9.0,Hold,7.0,Hold,2.0,Hold,10.0,Hold,7.0
3/5/2022,210.87,0.4958622184615385,Hold,8.0,Hold,3.0,Hold,8.0,Hold,4.0,Hold,4.0,Hold,9.0,Hold,7.0,Hold,2.0,Hold,10.0,Hold,7.0
4/5/2022,222.19,0.8426296384883544,Hold,8.0,Hold,3.0,Hold,8.0,Hold,4.0,Hold,4.0,Hold,9.0,Hold,7.0,Hold,2.0,Hold,10.0,Hold,7.0
5/5/2022,207.14,0.0349382717033333,Hold,8.0,Hold,3.0,Hold,8.0,Hold,4.0,Hold,4.0,Buy,9.0,Hold,7.0,Hold,2.0,Hold,10.0,Hold,7.0
6/5/2022,202.66,0.5871637400674314,Hold,8.0,Hold,3.0,Hold,8.0,Hold,4.0,Hold,4.0,Sell,9.0,Hold,7.0,Hold,2.0,Sell,10.0,Hold,7.0
9/5/2022,195.14,0.7603207862068965,Sell,8.0,Hold,3.0,Sell,8.0,Hold,4.0,Hold,4.0,Hold,9.0,Hold,7.0,Sell,2.0,Hold,10.0,Hold,7.0
10/5/2022,196.57,0.8373828131818182,Hold,8.0,Hold,3.0,Hold,8.0,Hold,4.0,Hold,4.0,Hold,9.0,Hold,7.0,Hold,2.0,Hold,10.0,Hold,7.0
11/5/2022,187.71,0.7003143012765958,Sell,8.0,Hold,3.0,Sell,8.0,Hold,4.0,Hold,4.0,Hold,9.0,Hold,7.0,Hold,2.0,Hold,10.0,Hold,7.0
12/5/2022,190.2,0.0579606634375,Hold,8.0,Hold,3.0,Hold,8.0,Hold,4.0,Hold,4.0,Hold,9.0,Hold,7.0,Hold,2.0,Hold,10.0,Hold,7.0
13/5/2022,197.54,0.9989457469696972,Hold,8.0,Hold,3.0,Hold,8.0,Hold,4.0,Buy,4.0,Hold,9.0,Hold,7.0,Hold,2.0,Hold,10.0,Buy,7.0
16/5/2022,198.95,0.9958981332352942,Buy,8.0,Hold,3.0,Buy,8.0,Hold,4.0,Hold,4.0,Hold,9.0,Hold,7.0,Sell,2.0,Hold,10.0,Hold,7.0
17/5/2022,201.51,0.3758738516216217,Buy,8.0,Hold,3.0,Hold,8.0,Hold,4.0,Hold,4.0,Hold,9.0,Hold,7.0,Buy,2.0,Hold,10.0,Hold,7.0
18/5/2022,191.19,0.400037715433897,Hold,8.0,Hold,3.0,Buy,8.0,Hold,4.0,Hold,4.0,Hold,9.0,Hold,7.0,Hold,2.0,Hold,10.0,Hold,7.0
19/5/2022,190.25,0.7260307560784315,Sell,8.0,Hold,3.0,Sell,8.0,Hold,4.0,Sell,4.0,Hold,9.0,Hold,7.0,Sell,2.0,Hold,10.0,Sell,7.0
20/5/2022,192.48,0.740079040352941,Hold,8.0,Hold,3.0,Hold,8.0,Hold,4.0,Hold,4.0,Hold,9.0,Hold,7.0,Hold,2.0,Hold,10.0,Hold,7.0
23/5/2022,195.16,0.8403811964583332,Buy,8.0,Hold,3.0,Hold,8.0,Hold,4.0,Sell,4.0,Hold,9.0,Hold,7.0,Hold,2.0,Hold,10.0,Hold,7.0
24/5/2022,180.29,-0.0299502207181818,Sell,8.0,Buy,3.0,Hold,8.0,Hold,4.0,Hold,4.0,Hold,9.0,Hold,7.0,Hold,2.0,Hold,10.0,Hold,7.0
25/5/2022,182.83,0.5749105652570425,Hold,8.0,Hold,3.0,Hold,8.0,Hold,4.0,Hold,4.0,Hold,9.0,Hold,7.0,Buy,2.0,Hold,10.0,Hold,7.0
26/5/2022,190.58,0.7105441618753214,Hold,8.0,Hold,3.0,Hold,8.0,Hold,4.0,Hold,4.0,Hold,9.0,Hold,7.0,Sell,2.0,Hold,10.0,Hold,7.0
27/5/2022,194.07,0.229791386875,Buy,8.0,Hold,3.0,Buy,8.0,Hold,4.0,Hold,4.0,Hold,9.0,Hold,7.0,Hold,2.0,Hold,10.0,Hold,7.0
31/5/2022,192.58,0.8256949766594008,Hold,8.0,Hold,3.0,Hold,8.0,Hold,4.0,Hold,4.0,Hold,9.0,Hold,7.0,Buy,2.0,Hold,10.0,Hold,7.0
1/6/2022,187.61,0.8868071763863014,Hold,8.0,Hold,3.0,Hold,8.0,Hold,4.0,Hold,4.0,Hold,9.0,Hold,7.0,Hold,2.0,Hold,10.0,Hold,7.0
2/6/2022,197.77,0.7474546548148149,Sell,8.0,Hold,3.0,Hold,8.0,Hold,4.0,Hold,4.0,Hold,9.0,Hold,7.0,Sell,2.0,Hold,10.0,Hold,7.0
3/6/2022,189.74,0.486779435733606,Hold,8.0,Hold,3.0,Hold,8.0,Hold,4.0,Hold,4.0,Hold,9.0,Hold,7.0,Buy,2.0,Hold,10.0,Hold,7.0
6/6/2022,193.19,0.753046698235294,Sell,8.0,Hold,3.0,Sell,8.0,Hold,4.0,Hold,4.0,Hold,9.0,Hold,7.0,Sell,2.0,Hold,10.0,Hold,7.0
7/6/2022,194.58,0.6920272355612246,Hold,8.0,Hold,3.0,Hold,8.0,Hold,4.0,Hold,4.0,Hold,9.0,Hold,7.0,Buy,2.0,Hold,10.0,Hold,7.0
8/6/2022,195.57,0.730545849574468,Hold,8.0,Hold,3.0,Hold,8.0,Hold,4.0,Hold,4.0,Hold,9.0,Hold,7.0,Hold,2.0,Hold,10.0,Hold,7.0
9/6/2022,183.0,0.4470155723324073,Hold,8.0,Hold,3.0,Hold,8.0,Hold,4.0,Hold,4.0,Hold,9.0,Hold,7.0,Hold,2.0,Hold,10.0,Hold,7.0
10/6/2022,174.61,0.651519943509434,Sell,8.0,Hold,3.0,Sell,8.0,Hold,4.0,Hold,4.0,Hold,9.0,Hold,7.0,Sell,2.0,Hold,10.0,Hold,7.0
13/6/2022,163.36,0.953763556153846,Hold,8.0,Hold,3.0,Hold,8.0,Hold,4.0,Hold,4.0,Hold,9.0,Hold,7.0,Hold,2.0,Hold,10.0,Hold,7.0
14/6/2022,162.84,0.7825982728942138,Hold,8.0,Hold,3.0,Hold,8.0,Hold,4.0,Hold,4.0,Hold,9.0,Hold,7.0,Hold,2.0,Hold,10.0,Hold,7.0
15/6/2022,168.43,0.5863892152631579,Hold,8.0,Hold,3.0,Hold,8.0,Hold,4.0,Hold,4.0,Hold,9.0,Hold,7.0,Hold,2.0,Hold,10.0,Hold,7.0
16/6/2022,159.99,0.8716864006119529,Hold,8.0,Hold,3.0,Hold,8.0,Hold,4.0,Hold,4.0,Hold,9.0,Hold,7.0,Hold,2.0,Hold,10.0,Hold,7.0
17/6/2022,162.85,0.4169072290140844,Hold,8.0,Hold,3.0,Hold,8.0,Hold,4.0,Hold,4.0,Hold,9.0,Hold,7.0,Hold,2.0,Hold,10.0,Hold,7.0
21/6/2022,156.19,0.5765222369789486,Hold,8.0,Hold,3.0,Hold,8.0,Hold,4.0,Hold,4.0,Hold,9.0,Hold,7.0,Hold,2.0,Hold,10.0,Hold,7.0
22/6/2022,155.0,0.5889509899534884,Hold,8.0,Hold,3.0,Hold,8.0,Hold,4.0,Hold,4.0,Hold,9.0,Hold,7.0,Hold,2.0,Hold,10.0,Hold,7.0
23/6/2022,157.88,0.6191592742121682,Hold,8.0,Hold,3.0,Hold,8.0,Hold,4.0,Hold,4.0,Hold,9.0,Hold,7.0,Hold,2.0,Hold,10.0,Hold,7.0
24/6/2022,169.23,0.3863263872419355,Hold,8.0,Hold,3.0,Hold,8.0,Hold,4.0,Hold,4.0,Hold,9.0,Hold,7.0,Hold,2.0,Hold,10.0,Hold,7.0
27/6/2022,168.57,0.4223588776122448,Buy,8.0,Hold,3.0,Hold,8.0,Hold,4.0,Hold,4.0,Hold,9.0,Hold,7.0,Buy,2.0,Hold,10.0,Hold,7.0
28/6/2022,159.8,0.8377237946859375,Hold,8.0,Buy,3.0,Hold,8.0,Hold,4.0,Hold,4.0,Hold,9.0,Hold,7.0,Hold,2.0,Hold,10.0,Hold,7.0
29/6/2022,163.05,0.6901265392344463,Hold,8.0,Hold,3.0,Buy,8.0,Hold,4.0,Hold,4.0,Hold,9.0,Hold,7.0,Hold,2.0,Hold,10.0,Hold,7.0
30/6/2022,160.37,0.8239322925714285,Hold,8.0,Hold,3.0,Hold,8.0,Hold,4.0,Hold,4.0,Hold,9.0,Hold,7.0,Hold,2.0,Hold,10.0,Hold,7.0
1/7/2022,159.16,0.2055315458321839,Hold,8.0,Hold,3.0,Hold,8.0,Hold,4.0,Hold,4.0,Hold,9.0,Hold,7.0,Hold,2.0,Hold,10.0,Hold,7.0
5/7/2022,167.27,-0.1130583429850745,Hold,8.0,Hold,3.0,Hold,8.0,Hold,4.0,Hold,4.0,Hold,9.0,Hold,7.0,Hold,2.0,Hold,10.0,Hold,7.0
6/7/2022,168.84,0.4059905320896078,Hold,8.0,Hold,3.0,Hold,8.0,Hold,4.0,Buy,4.0,Hold,9.0,Hold,7.0,Buy,2.0,Hold,10.0,Hold,7.0
7/7/2022,171.25,0.2683210892125491,Hold,8.0,Hold,3.0,Hold,8.0,Hold,4.0,Hold,4.0,Hold,9.0,Hold,7.0,Hold,2.0,Hold,10.0,Buy,7.0
8/7/2022,169.95,0.8797352793225808,Hold,8.0,Hold,3.0,Hold,8.0,Hold,4.0,Hold,4.0,Hold,9.0,Hold,7.0,Hold,2.0,Hold,10.0,Hold,7.0
11/7/2022,161.99,0.9496907729104476,Hold,8.0,Hold,3.0,Hold,8.0,Hold,4.0,Hold,4.0,Hold,9.0,Hold,7.0,Hold,2.0,Hold,10.0,Hold,7.0
12/7/2022,162.38,0.8658494560714286,Hold,8.0,Hold,3.0,Hold,8.0,Hold,4.0,Hold,4.0,Hold,9.0,Hold,7.0,Sell,2.0,Hold,10.0,Hold,7.0
13/7/2022,162.6,0.325352663076923,Hold,8.0,Sell,3.0,Hold,8.0,Hold,4.0,Hold,4.0,Hold,9.0,Hold,7.0,Hold,2.0,Hold,10.0,Hold,7.0
14/7/2022,157.19,0.994624705172414,Hold,8.0,Hold,3.0,Hold,8.0,Hold,4.0,Hold,4.0,Hold,9.0,Hold,7.0,Buy,2.0,Hold,10.0,Hold,7.0
15/7/2022,163.8,0.6488946388679246,Hold,8.0,Hold,3.0,Hold,8.0,Hold,4.0,Hold,4.0,Hold,9.0,Hold,7.0,Hold,2.0,Hold,10.0,Hold,7.0
18/7/2022,166.32,0.7423068268965518,Hold,8.0,Hold,3.0,Hold,8.0,Hold,4.0,Hold,4.0,Hold,9.0,Hold,7.0,Hold,2.0,Hold,10.0,Hold,7.0
19/7/2022,174.82,0.758244297631579,Hold,8.0,Hold,3.0,Hold,8.0,Buy,4.0,Hold,4.0,Hold,9.0,Buy,7.0,Buy,2.0,Buy,10.0,Hold,7.0
20/7/2022,182.09,0.2058868596825396,Hold,8.0,Sell,3.0,Hold,8.0,Hold,4.0,Hold,4.0,Hold,9.0,Hold,7.0,Sell,2.0,Hold,10.0,Hold,7.0
21/7/2022,182.17,0.5811129343373492,Hold,8.0,Hold,3.0,Hold,8.0,Hold,4.0,Hold,4.0,Hold,9.0,Hold,7.0,Hold,2.0,Buy,10.0,Hold,7.0
22/7/2022,168.35,0.235907104054054,Hold,8.0,Hold,3.0,Hold,8.0,Buy,4.0,Hold,4.0,Hold,9.0,Buy,7.0,Buy,2.0,Hold,10.0,Hold,7.0
25/7/2022,165.74,0.2685506153773584,Sell,8.0,Hold,3.0,Sell,8.0,Sell,4.0,Hold,4.0,Sell,9.0,Sell,7.0,Sell,2.0,Sell,10.0,Hold,7.0
26/7/2022,158.28,0.5507288899402278,Hold,8.0,Hold,3.0,Hold,8.0,Hold,4.0,Hold,4.0,Hold,9.0,Hold,7.0,Hold,2.0,Hold,10.0,Hold,7.0
27/7/2022,168.65,-0.2453799182436428,Hold,8.0,Hold,3.0,Hold,8.0,Sell,4.0,Hold,4.0,Hold,9.0,Sell,7.0,Hold,2.0,Hold,10.0,Hold,7.0
28/7/2022,159.84,0.2064585246183097,Buy,8.0,Hold,3.0,Buy,8.0,Hold,4.0,Hold,4.0,Hold,9.0,Hold,7.0,Hold,2.0,Hold,10.0,Hold,7.0
29/7/2022,158.23,0.0775279427419355,Sell,8.0,Hold,3.0,Sell,8.0,Hold,4.0,Sell,4.0,Hold,9.0,Hold,7.0,Sell,2.0,Hold,10.0,Sell,7.0
1/8/2022,159.06,0.0479804400657894,Hold,8.0,Hold,3.0,Hold,8.0,Hold,4.0,Hold,4.0,Hold,9.0,Hold,7.0,Hold,2.0,Hold,10.0,Hold,7.0
2/8/2022,159.32,0.6299576782250002,Hold,8.0,Hold,3.0,Hold,8.0,Hold,4.0,Hold,4.0,Hold,9.0,Hold,7.0,Hold,2.0,Hold,10.0,Hold,7.0
3/8/2022,167.88,0.4939703380769231,Hold,8.0,Hold,3.0,Hold,8.0,Hold,4.0,Hold,4.0,Hold,9.0,Hold,7.0,Hold,2.0,Hold,10.0,Hold,7.0
4/8/2022,169.64,0.7884824081690139,Buy,8.0,Hold,3.0,Buy,8.0,Buy,4.0,Hold,4.0,Buy,9.0,Buy,7.0,Buy,2.0,Buy,10.0,Hold,7.0
5/8/2022,166.2,0.6708832169518987,Hold,8.0,Hold,3.0,Hold,8.0,Hold,4.0,Hold,4.0,Hold,9.0,Hold,7.0,Hold,2.0,Hold,10.0,Hold,7.0
8/8/2022,169.32,0.7098936846153845,Hold,8.0,Hold,3.0,Hold,8.0,Hold,4.0,Hold,4.0,Hold,9.0,Hold,7.0,Hold,2.0,Hold,10.0,Hold,7.0
9/8/2022,167.61,0.5139385870731707,Hold,8.0,Hold,3.0,Hold,8.0,Hold,4.0,Hold,4.0,Hold,9.0,Hold,7.0,Hold,2.0,Hold,10.0,Hold,7.0
10/8/2022,177.37,0.7564251051846781,Hold,8.0,Hold,3.0,Hold,8.0,Hold,4.0,Hold,4.0,Hold,9.0,Hold,7.0,Hold,2.0,Hold,10.0,Hold,7.0
11/8/2022,176.52,0.7261017708040817,Hold,8.0,Hold,3.0,Hold,8.0,Hold,4.0,Hold,4.0,Hold,9.0,Hold,7.0,Hold,2.0,Hold,10.0,Hold,7.0
12/8/2022,179.52,0.7033460536363636,Hold,8.0,Hold,3.0,Hold,8.0,Hold,4.0,Hold,4.0,Hold,9.0,Hold,7.0,Hold,2.0,Hold,10.0,Hold,7.0
15/8/2022,179.9,0.5056467188104861,Hold,8.0,Hold,3.0,Hold,8.0,Hold,4.0,Hold,4.0,Hold,9.0,Hold,7.0,Hold,2.0,Hold,10.0,Hold,7.0
16/8/2022,178.49,0.8170767303564104,Hold,8.0,Hold,3.0,Hold,8.0,Hold,4.0,Hold,4.0,Hold,9.0,Hold,7.0,Hold,2.0,Hold,10.0,Hold,7.0
17/8/2022,173.9,0.9943575912962964,Hold,8.0,Hold,3.0,Hold,8.0,Hold,4.0,Hold,4.0,Hold,9.0,Hold,7.0,Hold,2.0,Hold,10.0,Hold,7.0
18/8/2022,173.71,0.9898449124,Hold,8.0,Hold,3.0,Hold,8.0,Hold,4.0,Hold,4.0,Hold,9.0,Hold,7.0,Hold,2.0,Hold,10.0,Hold,7.0
19/8/2022,167.04,0.6388263094202898,Hold,8.0,Hold,3.0,Hold,8.0,Hold,4.0,Hold,4.0,Hold,9.0,Hold,7.0,Hold,2.0,Hold,10.0,Hold,7.0
22/8/2022,162.16,0.5929639152455223,Sell,8.0,Hold,3.0,Sell,8.0,Sell,4.0,Sell,4.0,Sell,9.0,Sell,7.0,Sell,2.0,Sell,10.0,Sell,7.0
23/8/2022,160.23,0.221136989874775,Hold,8.0,Hold,3.0,Hold,8.0,Hold,4.0,Hold,4.0,Hold,9.0,Hold,7.0,Hold,2.0,Hold,10.0,Hold,7.0
24/8/2022,162.37,0.6901236066666666,Hold,8.0,Hold,3.0,Hold,8.0,Hold,4.0,Hold,4.0,Hold,9.0,Hold,7.0,Hold,2.0,Hold,10.0,Hold,7.0
25/8/2022,167.86,0.6446433273281251,Hold,8.0,Hold,3.0,Hold,8.0,Hold,4.0,Hold,4.0,Hold,9.0,Hold,7.0,Hold,2.0,Hold,10.0,Hold,7.0
26/8/2022,160.9,0.9998683205714284,Hold,8.0,Hold,3.0,Hold,8.0,Hold,4.0,Hold,4.0,Hold,9.0,Hold,7.0,Hold,2.0,Hold,10.0,Hold,7.0
29/8/2022,158.3,0.5597888108,Hold,8.0,Hold,3.0,Hold,8.0,Hold,4.0,Hold,4.0,Hold,9.0,Hold,7.0,Hold,2.0,Hold,10.0,Hold,7.0
30/8/2022,156.3,0.7074057704166667,Hold,8.0,Hold,3.0,Hold,8.0,Hold,4.0,Sell,4.0,Hold,9.0,Hold,7.0,Hold,2.0,Hold,10.0,Hold,7.0
31/8/2022,162.04,0.9525729847058824,Hold,8.0,Hold,3.0,Hold,8.0,Hold,4.0,Hold,4.0,Hold,9.0,Hold,7.0,Hold,2.0,Hold,10.0,Hold,7.0
1/9/2022,164.46,0.7032479008771929,Hold,8.0,Hold,3.0,Hold,8.0,Hold,4.0,Hold,4.0,Hold,9.0,Hold,7.0,Hold,2.0,Hold,10.0,Hold,7.0
2/9/2022,159.45,0.5887475438890191,Buy,8.0,Hold,3.0,Hold,8.0,Hold,4.0,Hold,4.0,Hold,9.0,Hold,7.0,Buy,2.0,Hold,10.0,Hold,7.0
6/9/2022,157.67,0.9896600416666668,Sell,8.0,Hold,3.0,Hold,8.0,Hold,4.0,Hold,4.0,Hold,9.0,Hold,7.0,Sell,2.0,Hold,10.0,Hold,7.0
7/9/2022,159.51,0.9618520714583332,Hold,8.0,Hold,3.0,Hold,8.0,Hold,4.0,Hold,4.0,Hold,9.0,Hold,7.0,Hold,2.0,Hold,10.0,Hold,7.0
8/9/2022,161.18,0.8954105661538462,Hold,8.0,Hold,3.0,Hold,8.0,Hold,4.0,Hold,4.0,Hold,9.0,Hold,7.0,Hold,2.0,Hold,10.0,Hold,7.0
9/9/2022,168.23,0.8972754647404548,Buy,8.0,Hold,3.0,Buy,8.0,Hold,4.0,Hold,4.0,Hold,9.0,Hold,7.0,Hold,2.0,Hold,10.0,Hold,7.0
12/9/2022,168.04,0.588615360173077,Hold,8.0,Hold,3.0,Hold,8.0,Hold,4.0,Hold,4.0,Hold,9.0,Hold,7.0,Buy,2.0,Hold,10.0,Hold,7.0
13/9/2022,152.29,0.6984249666666665,Sell,8.0,Buy,3.0,Sell,8.0,Hold,4.0,Hold,4.0,Hold,9.0,Hold,7.0,Hold,2.0,Hold,10.0,Hold,7.0
14/9/2022,150.64,0.4338454007692308,Hold,8.0,Hold,3.0,Hold,8.0,Hold,4.0,Hold,4.0,Hold,9.0,Hold,7.0,Sell,2.0,Hold,10.0,Hold,7.0
15/9/2022,148.73,0.5652810410838397,Hold,8.0,Hold,3.0,Hold,8.0,Hold,4.0,Hold,4.0,Hold,9.0,Hold,7.0,Hold,2.0,Hold,10.0,Hold,7.0
16/9/2022,145.49,-0.1042758634615384,Hold,8.0,Hold,3.0,Hold,8.0,Hold,4.0,Hold,4.0,Hold,9.0,Hold,7.0,Hold,2.0,Hold,10.0,Hold,7.0
19/9/2022,147.21,0.8154342776986302,Hold,8.0,Hold,3.0,Hold,8.0,Hold,4.0,Hold,4.0,Hold,9.0,Hold,7.0,Hold,2.0,Hold,10.0,Hold,7.0
20/9/2022,145.29,0.0857808427397654,Hold,8.0,Hold,3.0,Hold,8.0,Hold,4.0,Hold,4.0,Hold,9.0,Hold,7.0,Hold,2.0,Hold,10.0,Hold,7.0
21/9/2022,141.34,0.0531827502307691,Hold,8.0,Hold,3.0,Hold,8.0,Hold,4.0,Hold,4.0,Hold,9.0,Hold,7.0,Hold,2.0,Hold,10.0,Hold,7.0
22/9/2022,142.04,0.6539905641320312,Hold,8.0,Hold,3.0,Hold,8.0,Hold,4.0,Hold,4.0,Hold,9.0,Hold,7.0,Hold,2.0,Hold,10.0,Hold,7.0
23/9/2022,139.64,0.2483386204255319,Hold,8.0,Hold,3.0,Hold,8.0,Hold,4.0,Hold,4.0,Hold,9.0,Hold,7.0,Hold,2.0,Hold,10.0,Hold,7.0
26/9/2022,135.63,0.9395393766666664,Hold,8.0,Hold,3.0,Hold,8.0,Hold,4.0,Hold,4.0,Hold,9.0,Hold,7.0,Hold,2.0,Hold,10.0,Hold,7.0
27/9/2022,133.67,0.8293839825,Hold,8.0,Hold,3.0,Hold,8.0,Hold,4.0,Hold,4.0,Hold,9.0,Hold,7.0,Hold,2.0,Hold,10.0,Hold,7.0
28/9/2022,140.84,0.700825708275862,Hold,8.0,Hold,3.0,Hold,8.0,Hold,4.0,Hold,4.0,Hold,9.0,Hold,7.0,Hold,2.0,Hold,10.0,Hold,7.0
29/9/2022,135.67,0.8912925862173913,Hold,8.0,Hold,3.0,Hold,8.0,Hold,4.0,Hold,4.0,Hold,9.0,Hold,7.0,Hold,2.0,Hold,10.0,Hold,7.0
30/9/2022,134.94,-0.1694245611494252,Hold,8.0,Hold,3.0,Hold,8.0,Hold,4.0,Hold,4.0,Hold,9.0,Hold,7.0,Hold,2.0,Hold,10.0,Hold,7.0
3/10/2022,137.85,0.5320368122608108,Hold,8.0,Hold,3.0,Hold,8.0,Hold,4.0,Hold,4.0,Hold,9.0,Hold,7.0,Hold,2.0,Hold,10.0,Hold,7.0
4/10/2022,139.51,0.6078407468247369,Hold,8.0,Hold,3.0,Hold,8.0,Hold,4.0,Hold,4.0,Hold,9.0,Hold,7.0,Hold,2.0,Hold,10.0,Hold,7.0
5/10/2022,138.22,0.8247945659523808,Hold,8.0,Hold,3.0,Hold,8.0,Hold,4.0,Hold,4.0,Hold,9.0,Hold,7.0,Hold,2.0,Hold,10.0,Hold,7.0
6/10/2022,138.31,0.548699529032258,Hold,8.0,Hold,3.0,Hold,8.0,Hold,4.0,Hold,4.0,Hold,9.0,Hold,7.0,Hold,2.0,Hold,10.0,Hold,7.0
7/10/2022,132.72,0.3218996938297871,Hold,8.0,Hold,3.0,Hold,8.0,Hold,4.0,Hold,4.0,Hold,9.0,Hold,7.0,Hold,2.0,Hold,10.0,Hold,7.0
10/10/2022,133.06,0.3707736745985402,Hold,8.0,Hold,3.0,Hold,8.0,Hold,4.0,Hold,4.0,Hold,9.0,Hold,7.0,Hold,2.0,Hold,10.0,Hold,7.0
11/10/2022,127.84,0.1633780768362637,Sell,8.0,Hold,3.0,Hold,8.0,Hold,4.0,Hold,4.0,Hold,9.0,Hold,7.0,Hold,2.0,Hold,10.0,Hold,7.0
12/10/2022,126.8,0.7390217239981153,Hold,8.0,Hold,3.0,Hold,8.0,Hold,4.0,Hold,4.0,Hold,9.0,Hold,7.0,Hold,2.0,Hold,10.0,Hold,7.0
13/10/2022,129.58,0.655863940867209,Hold,8.0,Hold,3.0,Hold,8.0,Hold,4.0,Hold,4.0,Hold,9.0,Hold,7.0,Hold,2.0,Hold,10.0,Hold,7.0
14/10/2022,126.07,0.6950768028016429,Hold,8.0,Hold,3.0,Hold,8.0,Hold,4.0,Hold,4.0,Hold,9.0,Hold,7.0,Hold,2.0,Hold,10.0,Hold,7.0
17/10/2022,133.31,0.4073934414551807,Buy,8.0,Hold,3.0,Buy,8.0,Hold,4.0,Hold,4.0,Hold,9.0,Hold,7.0,Hold,2.0,Hold,10.0,Hold,7.0
18/10/2022,132.08,0.4333352278674116,Hold,8.0,Hold,3.0,Hold,8.0,Hold,4.0,Hold,4.0,Hold,9.0,Hold,7.0,Buy,2.0,Hold,10.0,Hold,7.0
19/10/2022,132.5,0.6092812627483636,Sell,8.0,Hold,3.0,Hold,8.0,Hold,4.0,Hold,4.0,Hold,9.0,Hold,7.0,Sell,2.0,Hold,10.0,Hold,7.0
20/10/2022,130.81,0.7796098517241379,Hold,8.0,Hold,3.0,Hold,8.0,Hold,4.0,Hold,4.0,Hold,9.0,Hold,7.0,Hold,2.0,Hold,10.0,Hold,7.0
21/10/2022,129.3,0.3399804763484285,Hold,8.0,Hold,3.0,Hold,8.0,Hold,4.0,Hold,4.0,Hold,9.0,Hold,7.0,Hold,2.0,Hold,10.0,Hold,7.0
24/10/2022,129.01,-0.0300799362052235,Hold,8.0,Hold,3.0,Hold,8.0,Hold,4.0,Hold,4.0,Hold,9.0,Hold,7.0,Hold,2.0,Hold,10.0,Hold,7.0
25/10/2022,136.76,0.1717313799523809,Hold,8.0,Buy,3.0,Hold,8.0,Hold,4.0,Hold,4.0,Hold,9.0,Hold,7.0,Buy,2.0,Hold,10.0,Hold,7.0
26/10/2022,129.11,-0.0882043303491378,Hold,8.0,Hold,3.0,Hold,8.0,Hold,4.0,Hold,4.0,Hold,9.0,Hold,7.0,Hold,2.0,Hold,10.0,Hold,7.0
27/10/2022,97.41,-0.0211556544077216,Sell,8.0,Hold,3.0,Sell,8.0,Hold,4.0,Hold,4.0,Hold,9.0,Hold,7.0,Sell,2.0,Hold,10.0,Hold,7.0
28/10/2022,98.66,0.0328179099218565,Hold,8.0,Hold,3.0,Hold,8.0,Hold,4.0,Hold,4.0,Hold,9.0,Hold,7.0,Hold,2.0,Hold,10.0,Hold,7.0
31/10/2022,92.65,0.4843137450180291,Hold,8.0,Hold,3.0,Hold,8.0,Hold,4.0,Hold,4.0,Hold,9.0,Hold,7.0,Hold,2.0,Hold,10.0,Hold,7.0
1/11/2022,94.68,0.3516302854285714,Hold,8.0,Hold,3.0,Hold,8.0,Hold,4.0,Hold,4.0,Hold,9.0,Hold,7.0,Hold,2.0,Hold,10.0,Hold,7.0
2/11/2022,90.05,0.489897429345098,Hold,8.0,Hold,3.0,Hold,8.0,Hold,4.0,Hold,4.0,Hold,9.0,Hold,7.0,Hold,2.0,Hold,10.0,Hold,7.0
3/11/2022,88.42,0.5951934906896551,Hold,8.0,Buy,3.0,Hold,8.0,Hold,4.0,Hold,4.0,Hold,9.0,Hold,7.0,Hold,2.0,Hold,10.0,Hold,7.0
4/11/2022,90.29,0.8476440611019787,Hold,8.0,Buy,3.0,Hold,8.0,Hold,4.0,Hold,4.0,Hold,9.0,Hold,7.0,Hold,2.0,Hold,10.0,Hold,7.0
7/11/2022,96.19,0.4075692728819792,Hold,8.0,Buy,3.0,Hold,8.0,Hold,4.0,Hold,4.0,Hold,9.0,Hold,7.0,Hold,2.0,Hold,10.0,Hold,7.0
8/11/2022,95.94,0.6794554033430666,Hold,8.0,Buy,3.0,Hold,8.0,Hold,4.0,Hold,4.0,Hold,9.0,Hold,7.0,Hold,2.0,Hold,10.0,Hold,7.0
9/11/2022,100.92,0.3162537974452554,Hold,8.0,Hold,3.0,Hold,8.0,Hold,4.0,Hold,4.0,Hold,9.0,Hold,7.0,Hold,2.0,Hold,10.0,Hold,7.0
10/11/2022,111.26,0.6735986906015038,Buy,8.0,Hold,3.0,Buy,8.0,Hold,4.0,Hold,4.0,Hold,9.0,Hold,7.0,Hold,2.0,Hold,10.0,Hold,7.0
11/11/2022,112.4,0.7571495050325223,Hold,8.0,Hold,3.0,Hold,8.0,Hold,4.0,Buy,4.0,Hold,9.0,Hold,7.0,Buy,2.0,Hold,10.0,Buy,7.0
14/11/2022,113.6,0.6255069098428571,Hold,8.0,Hold,3.0,Hold,8.0,Hold,4.0,Hold,4.0,Hold,9.0,Hold,7.0,Hold,2.0,Hold,10.0,Hold,7.0
15/11/2022,116.44,0.7699520696202532,Hold,8.0,Hold,3.0,Hold,8.0,Hold,4.0,Hold,4.0,Hold,9.0,Hold,7.0,Hold,2.0,Hold,10.0,Hold,7.0
16/11/2022,112.61,0.9073346496,Hold,8.0,Hold,3.0,Hold,8.0,Hold,4.0,Hold,4.0,Hold,9.0,Hold,7.0,Hold,2.0,Hold,10.0,Hold,7.0
17/11/2022,110.84,0.8790901986542543,Hold,8.0,Hold,3.0,Hold,8.0,Hold,4.0,Hold,4.0,Hold,9.0,Hold,7.0,Hold,2.0,Hold,10.0,Hold,7.0
18/11/2022,111.44,0.7004142992203388,Hold,8.0,Sell,3.0,Hold,8.0,Hold,4.0,Hold,4.0,Hold,9.0,Hold,7.0,Hold,2.0,Hold,10.0,Hold,7.0
21/11/2022,109.26,0.8420380993023255,Hold,8.0,Hold,3.0,Hold,8.0,Hold,4.0,Hold,4.0,Hold,9.0,Hold,7.0,Hold,2.0,Hold,10.0,Hold,7.0
22/11/2022,110.83,0.9467692703030304,Hold,8.0,Sell,3.0,Hold,8.0,Hold,4.0,Buy,4.0,Hold,9.0,Hold,7.0,Hold,2.0,Hold,10.0,Hold,7.0
23/11/2022,111.63,0.3461661457229851,Hold,8.0,Sell,3.0,Hold,8.0,Hold,4.0,Hold,4.0,Hold,9.0,Buy,7.0,Hold,2.0,Hold,10.0,Hold,7.0
25/11/2022,110.8,0.8745326630219107,Hold,8.0,Sell,3.0,Hold,8.0,Hold,4.0,Hold,4.0,Hold,9.0,Hold,7.0,Hold,2.0,Hold,10.0,Hold,7.0
28/11/2022,108.19,0.3285748415580153,Hold,8.0,Hold,3.0,Hold,8.0,Hold,4.0,Hold,4.0,Hold,9.0,Hold,7.0,Hold,2.0,Hold,10.0,Hold,7.0
29/11/2022,108.86,0.845934349230769,Hold,8.0,Sell,3.0,Hold,8.0,Hold,4.0,Hold,4.0,Hold,9.0,Hold,7.0,Sell,2.0,Sell,10.0,Hold,7.0
30/11/2022,117.46,0.8637598679367737,Hold,8.0,Hold,3.0,Hold,8.0,Hold,4.0,Hold,4.0,Hold,9.0,Hold,7.0,Hold,2.0,Hold,10.0,Hold,7.0
1/12/2022,119.78,0.8093806489782841,Hold,8.0,Hold,3.0,Hold,8.0,Buy,4.0,Hold,4.0,Hold,9.0,Buy,7.0,Buy,2.0,Buy,10.0,Hold,7.0
2/12/2022,122.82,0.5043052676666666,Hold,8.0,Hold,3.0,Hold,8.0,Buy,4.0,Hold,4.0,Hold,9.0,Buy,7.0,Hold,2.0,Hold,10.0,Hold,7.0
5/12/2022,121.76,0.674065762183908,Hold,8.0,Hold,3.0,Hold,8.0,Hold,4.0,Hold,4.0,Hold,9.0,Hold,7.0,Buy,2.0,Buy,10.0,Hold,7.0
6/12/2022,113.5,0.3911739037647058,Hold,8.0,Hold,3.0,Hold,8.0,Hold,4.0,Hold,4.0,Hold,9.0,Hold,7.0,Hold,2.0,Hold,10.0,Hold,7.0
7/12/2022,113.31,0.8397835552941176,Hold,8.0,Hold,3.0,Hold,8.0,Hold,4.0,Hold,4.0,Hold,9.0,Hold,7.0,Sell,2.0,Sell,10.0,Hold,7.0
8/12/2022,114.7,0.8521225834090909,Hold,8.0,Hold,3.0,Hold,8.0,Hold,4.0,Hold,4.0,Hold,9.0,Hold,7.0,Hold,2.0,Hold,10.0,Hold,7.0
9/12/2022,115.27,0.540511697,Hold,8.0,Hold,3.0,Hold,8.0,Hold,4.0,Hold,4.0,Hold,9.0,Hold,7.0,Hold,2.0,Buy,10.0,Hold,7.0
12/12/2022,114.08,0.0994045096551724,Hold,8.0,Hold,3.0,Hold,8.0,Hold,4.0,Hold,4.0,Hold,9.0,Hold,7.0,Hold,2.0,Hold,10.0,Hold,7.0
13/12/2022,119.49,0.651449670737255,Hold,8.0,Hold,3.0,Hold,8.0,Hold,4.0,Hold,4.0,Hold,9.0,Hold,7.0,Sell,2.0,Sell,10.0,Hold,7.0
14/12/2022,120.93,0.6884348538333332,Hold,8.0,Hold,3.0,Hold,8.0,Hold,4.0,Hold,4.0,Hold,9.0,Hold,7.0,Buy,2.0,Buy,10.0,Hold,7.0
15/12/2022,115.52,0.853678745722286,Hold,8.0,Hold,3.0,Hold,8.0,Hold,4.0,Hold,4.0,Hold,9.0,Hold,7.0,Sell,2.0,Buy,10.0,Hold,7.0
16/12/2022,118.78,0.5804225124301481,Sell,8.0,Hold,3.0,Hold,8.0,Hold,4.0,Hold,4.0,Sell,9.0,Hold,7.0,Sell,2.0,Sell,10.0,Hold,7.0
19/12/2022,113.86,0.6084399919642857,Buy,8.0,Hold,3.0,Hold,8.0,Hold,4.0,Hold,4.0,Hold,9.0,Hold,7.0,Buy,2.0,Hold,10.0,Hold,7.0
20/12/2022,116.45,0.6682845226190476,Sell,8.0,Hold,3.0,Sell,8.0,Hold,4.0,Sell,4.0,Hold,9.0,Hold,7.0,Sell,2.0,Hold,10.0,Sell,7.0
21/12/2022,119.11,0.4675200880470587,Buy,8.0,Hold,3.0,Buy,8.0,Hold,4.0,Buy,4.0,Hold,9.0,Hold,7.0,Buy,2.0,Buy,10.0,Buy,7.0
22/12/2022,116.48,0.7900810387096775,Hold,8.0,Hold,3.0,Hold,8.0,Hold,4.0,Hold,4.0,Hold,9.0,Hold,7.0,Hold,2.0,Hold,10.0,Hold,7.0
23/12/2022,117.4,0.9005202203278689,Sell,8.0,Hold,3.0,Hold,8.0,Hold,4.0,Sell,4.0,Hold,9.0,Hold,7.0,Sell,2.0,Hold,10.0,Hold,7.0
27/12/2022,116.24,0.7518604971153526,Buy,8.0,Hold,3.0,Hold,8.0,Hold,4.0,Buy,4.0,Hold,9.0,Hold,7.0,Buy,2.0,Buy,10.0,Hold,7.0
28/12/2022,114.99,0.4461733698363635,Sell,8.0,Hold,3.0,Sell,8.0,Hold,4.0,Sell,4.0,Hold,9.0,Hold,7.0,Sell,2.0,Hold,10.0,Hold,7.0
29/12/2022,119.6,0.165157307820909,Buy,8.0,Hold,3.0,Hold,8.0,Hold,4.0,Hold,4.0,Buy,9.0,Hold,7.0,Hold,2.0,Hold,10.0,Sell,7.0
30/12/2022,119.68,0.5905478420486027,Hold,8.0,Hold,3.0,Hold,8.0,Hold,4.0,Buy,4.0,Hold,9.0,Hold,7.0,Buy,2.0,Buy,10.0,Buy,7.0
3/1/2023,124.06,0.7501751087898111,Hold,8.0,Hold,3.0,Hold,8.0,Hold,4.0,Hold,4.0,Hold,9.0,Hold,7.0,Hold,2.0,Hold,10.0,Hold,7.0
4/1/2023,126.68,0.3261102098788262,Hold,8.0,Hold,3.0,Hold,8.0,Hold,4.0,Hold,4.0,Hold,9.0,Hold,7.0,Hold,2.0,Hold,10.0,Hold,7.0
5/1/2023,126.25,0.4587980036142104,Hold,8.0,Hold,3.0,Hold,8.0,Hold,4.0,Hold,4.0,Hold,9.0,Hold,7.0,Hold,2.0,Hold,10.0,Hold,7.0
6/1/2023,129.31,0.1733968732352941,Hold,8.0,Hold,3.0,Hold,8.0,Hold,4.0,Hold,4.0,Hold,9.0,Hold,7.0,Hold,2.0,Hold,10.0,Hold,7.0
9/1/2023,128.76,0.4994030653658537,Hold,8.0,Hold,3.0,Hold,8.0,Hold,4.0,Hold,4.0,Hold,9.0,Hold,7.0,Hold,2.0,Hold,10.0,Hold,7.0
10/1/2023,132.26,0.1569962466265835,Hold,8.0,Hold,3.0,Hold,8.0,Hold,4.0,Hold,4.0,Hold,9.0,Hold,7.0,Hold,2.0,Hold,10.0,Hold,7.0
11/1/2023,132.16,0.2618882439765384,Hold,8.0,Hold,3.0,Hold,8.0,Hold,4.0,Hold,4.0,Hold,9.0,Hold,7.0,Hold,2.0,Hold,10.0,Hold,7.0
12/1/2023,135.96,-3.506999999997834e-05,Hold,8.0,Hold,3.0,Hold,8.0,Hold,4.0,Hold,4.0,Hold,9.0,Hold,7.0,Hold,2.0,Hold,10.0,Hold,7.0
13/1/2023,136.23,0.9994647252941176,Hold,8.0,Hold,3.0,Hold,8.0,Hold,4.0,Hold,4.0,Hold,9.0,Hold,7.0,Hold,2.0,Hold,10.0,Hold,7.0
17/1/2023,134.62,0.5449454254838709,Hold,8.0,Hold,3.0,Hold,8.0,Hold,4.0,Hold,4.0,Hold,9.0,Hold,7.0,Hold,2.0,Hold,10.0,Hold,7.0
18/1/2023,132.29,0.4582116707843136,Hold,8.0,Hold,3.0,Hold,8.0,Hold,4.0,Hold,4.0,Hold,9.0,Hold,7.0,Hold,2.0,Hold,10.0,Hold,7.0
19/1/2023,135.41,0.4216877166566666,Hold,8.0,Hold,3.0,Hold,8.0,Hold,4.0,Hold,4.0,Hold,9.0,Hold,7.0,Hold,2.0,Hold,10.0,Hold,7.0
20/1/2023,138.61,0.999450815,Hold,8.0,Hold,3.0,Hold,8.0,Hold,4.0,Hold,4.0,Hold,9.0,Hold,7.0,Hold,2.0,Hold,10.0,Hold,7.0
23/1/2023,142.49,-0.0045902199999999,Hold,8.0,Hold,3.0,Hold,8.0,Hold,4.0,Hold,4.0,Hold,9.0,Hold,7.0,Hold,2.0,Hold,10.0,Hold,7.0
24/1/2023,142.36,0.7338227007142856,Hold,8.0,Hold,3.0,Hold,8.0,Hold,4.0,Hold,4.0,Hold,9.0,Hold,7.0,Hold,2.0,Hold,10.0,Hold,7.0
25/1/2023,140.73,0.4109246711363635,Hold,8.0,Hold,3.0,Hold,8.0,Hold,4.0,Hold,4.0,Hold,9.0,Hold,7.0,Hold,2.0,Hold,10.0,Hold,7.0
26/1/2023,146.5,0.0700136304473062,Hold,8.0,Hold,3.0,Hold,8.0,Hold,4.0,Hold,4.0,Hold,9.0,Hold,7.0,Hold,2.0,Hold,10.0,Hold,7.0
27/1/2023,150.91,0.4904039037937187,Hold,8.0,Hold,3.0,Hold,8.0,Hold,4.0,Hold,4.0,Hold,9.0,Hold,7.0,Hold,2.0,Hold,10.0,Hold,7.0
30/1/2023,146.26,0.6200689548076923,Hold,8.0,Hold,3.0,Hold,8.0,Hold,4.0,Hold,4.0,Hold,9.0,Hold,7.0,Hold,2.0,Hold,10.0,Hold,7.0
31/1/2023,148.16,0.3937384094736841,Hold,8.0,Hold,3.0,Hold,8.0,Hold,4.0,Hold,4.0,Hold,9.0,Hold,7.0,Hold,2.0,Hold,10.0,Hold,7.0
1/2/2023,152.28,0.0422763524962896,Hold,8.0,Hold,3.0,Hold,8.0,Hold,4.0,Hold,4.0,Hold,9.0,Hold,7.0,Hold,2.0,Hold,10.0,Hold,7.0
2/2/2023,187.74,0.2285158620067774,Hold,8.0,Hold,3.0,Hold,8.0,Hold,4.0,Hold,4.0,Hold,9.0,Hold,7.0,Hold,2.0,Hold,10.0,Hold,7.0
3/2/2023,185.51,0.3764246376337098,Hold,8.0,Hold,3.0,Hold,8.0,Hold,4.0,Hold,4.0,Hold,9.0,Hold,7.0,Hold,2.0,Hold,10.0,Hold,7.0
6/2/2023,185.04,0.5412577712356468,Hold,8.0,Hold,3.0,Hold,8.0,Hold,4.0,Hold,4.0,Hold,9.0,Hold,7.0,Hold,2.0,Hold,10.0,Hold,7.0
7/2/2023,190.57,0.8201458214545454,Hold,8.0,Hold,3.0,Hold,8.0,Hold,4.0,Hold,4.0,Hold,9.0,Hold,7.0,Hold,2.0,Hold,10.0,Hold,7.0
8/2/2023,182.43,0.6161478453541963,Hold,8.0,Hold,3.0,Hold,8.0,Hold,4.0,Hold,4.0,Hold,9.0,Hold,7.0,Hold,2.0,Hold,10.0,Hold,7.0
9/2/2023,176.95,0.3415644094871794,Hold,8.0,Sell,3.0,Hold,8.0,Hold,4.0,Hold,4.0,Hold,9.0,Hold,7.0,Hold,2.0,Hold,10.0,Hold,7.0
10/2/2023,173.2,0.5962787179999999,Hold,8.0,Hold,3.0,Hold,8.0,Hold,4.0,Hold,4.0,Hold,9.0,Hold,7.0,Hold,2.0,Hold,10.0,Hold,7.0
13/2/2023,178.45,0.4366006262187895,Hold,8.0,Sell,3.0,Hold,8.0,Hold,4.0,Hold,4.0,Hold,9.0,Hold,7.0,Hold,2.0,Hold,10.0,Hold,7.0
14/2/2023,178.5,0.7426039758075,Hold,8.0,Sell,3.0,Hold,8.0,Hold,4.0,Hold,4.0,Hold,9.0,Hold,7.0,Hold,2.0,Hold,10.0,Hold,7.0
15/2/2023,176.19,0.5404992386486486,Sell,8.0,Hold,3.0,Hold,8.0,Hold,4.0,Hold,4.0,Hold,9.0,Hold,7.0,Hold,2.0,Hold,10.0,Hold,7.0
16/2/2023,171.5,0.1201504979549999,Hold,8.0,Hold,3.0,Hold,8.0,Hold,4.0,Hold,4.0,Hold,9.0,Hold,7.0,Hold,2.0,Hold,10.0,Hold,7.0
17/2/2023,171.94,0.3983872154545455,Hold,8.0,Hold,3.0,Hold,8.0,Hold,4.0,Sell,4.0,Hold,9.0,Hold,7.0,Sell,2.0,Hold,10.0,Hold,7.0
21/2/2023,171.14,0.5310867721160001,Hold,8.0,Hold,3.0,Hold,8.0,Hold,4.0,Hold,4.0,Hold,9.0,Hold,7.0,Hold,2.0,Hold,10.0,Hold,7.0
22/2/2023,170.19,0.6018730155645162,Hold,8.0,Hold,3.0,Hold,8.0,Hold,4.0,Hold,4.0,Hold,9.0,Hold,7.0,Hold,2.0,Hold,10.0,Hold,7.0
23/2/2023,171.1,0.9789419540740738,Hold,8.0,Buy,3.0,Hold,8.0,Hold,4.0,Hold,4.0,Hold,9.0,Hold,7.0,Hold,2.0,Hold,10.0,Hold,7.0
24/2/2023,169.46,0.2893906199999999,Hold,8.0,Hold,3.0,Hold,8.0,Hold,4.0,Hold,4.0,Hold,9.0,Hold,7.0,Hold,2.0,Hold,10.0,Hold,7.0
27/2/2023,168.61,0.6666684639130434,Hold,8.0,Buy,3.0,Hold,8.0,Hold,4.0,Hold,4.0,Hold,9.0,Hold,7.0,Hold,2.0,Hold,10.0,Hold,7.0
28/2/2023,173.99,0.4812448627738711,Hold,8.0,Buy,3.0,Hold,8.0,Hold,4.0,Hold,4.0,Hold,9.0,Hold,7.0,Hold,2.0,Hold,10.0,Hold,7.0
1/3/2023,172.47,0.1628741800586187,Hold,8.0,Hold,3.0,Hold,8.0,Hold,4.0,Hold,4.0,Hold,9.0,Hold,7.0,Buy,2.0,Hold,10.0,Hold,7.0
2/3/2023,173.58,0.1316020177671758,Hold,8.0,Hold,3.0,Hold,8.0,Hold,4.0,Hold,4.0,Hold,9.0,Hold,7.0,Hold,2.0,Hold,10.0,Hold,7.0
3/3/2023,184.24,-0.4681566399999999,Hold,8.0,Hold,3.0,Hold,8.0,Hold,4.0,Hold,4.0,Hold,9.0,Hold,7.0,Hold,2.0,Hold,10.0,Hold,7.0
6/3/2023,183.89,0.1444824129467677,Hold,8.0,Hold,3.0,Hold,8.0,Hold,4.0,Hold,4.0,Hold,9.0,Hold,7.0,Hold,2.0,Hold,10.0,Hold,7.0
7/3/2023,183.5,0.5916873167113039,Hold,8.0,Hold,3.0,Hold,8.0,Hold,4.0,Hold,4.0,Hold,9.0,Hold,7.0,Hold,2.0,Hold,10.0,Hold,7.0
8/3/2023,183.96,0.6658803206476667,Hold,8.0,Hold,3.0,Hold,8.0,Hold,4.0,Hold,4.0,Hold,9.0,Hold,7.0,Hold,2.0,Hold,10.0,Hold,7.0
9/3/2023,180.7,0.249275808614756,Hold,8.0,Hold,3.0,Hold,8.0,Hold,4.0,Hold,4.0,Hold,9.0,Hold,7.0,Hold,2.0,Hold,10.0,Hold,7.0
10/3/2023,178.53,0.796143029618421,Hold,8.0,Hold,3.0,Hold,8.0,Hold,4.0,Hold,4.0,Hold,9.0,Hold,7.0,Hold,2.0,Hold,10.0,Hold,7.0
13/3/2023,179.91,0.8287009618764564,Hold,8.0,Hold,3.0,Hold,8.0,Hold,4.0,Hold,4.0,Hold,9.0,Hold,7.0,Hold,2.0,Hold,10.0,Hold,7.0
14/3/2023,192.96,0.5162470684745764,Hold,8.0,Hold,3.0,Hold,8.0,Hold,4.0,Hold,4.0,Hold,9.0,Hold,7.0,Hold,2.0,Hold,10.0,Hold,7.0
15/3/2023,196.67,0.5470699252278094,Hold,8.0,Hold,3.0,Hold,8.0,Hold,4.0,Hold,4.0,Hold,9.0,Hold,7.0,Hold,2.0,Hold,10.0,Hold,7.0
16/3/2023,203.81,0.8872827294876979,Hold,8.0,Hold,3.0,Hold,8.0,Hold,4.0,Hold,4.0,Hold,9.0,Hold,7.0,Hold,2.0,Hold,10.0,Hold,7.0
17/3/2023,194.54,0.8014502838688288,Hold,8.0,Hold,3.0,Hold,8.0,Hold,4.0,Hold,4.0,Hold,9.0,Hold,7.0,Hold,2.0,Hold,10.0,Hold,7.0
20/3/2023,196.73,0.4508760155820947,Hold,8.0,Hold,3.0,Hold,8.0,Hold,4.0,Hold,4.0,Hold,9.0,Hold,7.0,Hold,2.0,Hold,10.0,Hold,7.0
21/3/2023,201.06,0.5756280138942744,Hold,8.0,Hold,3.0,Hold,8.0,Hold,4.0,Hold,4.0,Hold,9.0,Hold,7.0,Hold,2.0,Hold,10.0,Hold,7.0
22/3/2023,198.72,0.3646630221905328,Hold,8.0,Hold,3.0,Hold,8.0,Hold,4.0,Hold,4.0,Hold,9.0,Hold,7.0,Hold,2.0,Hold,10.0,Hold,7.0
23/3/2023,203.17,0.7833853407368421,Hold,8.0,Hold,3.0,Hold,8.0,Hold,4.0,Hold,4.0,Hold,9.0,Hold,7.0,Hold,2.0,Hold,10.0,Hold,7.0
24/3/2023,204.89,0.7075678658222083,Hold,8.0,Hold,3.0,Hold,8.0,Hold,4.0,Hold,4.0,Hold,9.0,Hold,7.0,Hold,2.0,Hold,10.0,Hold,7.0
27/3/2023,201.73,0.8818025439491526,Hold,8.0,Hold,3.0,Hold,8.0,Hold,4.0,Hold,4.0,Hold,9.0,Hold,7.0,Hold,2.0,Hold,10.0,Hold,7.0
28/3/2023,199.59,0.4645200550085632,Hold,8.0,Hold,3.0,Hold,8.0,Hold,4.0,Hold,4.0,Hold,9.0,Hold,7.0,Hold,2.0,Hold,10.0,Hold,7.0
29/3/2023,204.23,0.6387083778797483,Hold,8.0,Hold,3.0,Hold,8.0,Hold,4.0,Hold,4.0,Hold,9.0,Hold,7.0,Hold,2.0,Hold,10.0,Hold,7.0
30/3/2023,206.71,0.5785437439102404,Hold,8.0,Hold,3.0,Hold,8.0,Hold,4.0,Hold,4.0,Hold,9.0,Hold,7.0,Hold,2.0,Hold,10.0,Hold,7.0
31/3/2023,210.78,0.5949371981818181,Hold,8.0,Hold,3.0,Hold,8.0,Hold,4.0,Hold,4.0,Hold,9.0,Hold,7.0,Hold,2.0,Hold,10.0,Hold,7.0
3/4/2023,211.91,0.5498890545454546,Hold,8.0,Hold,3.0,Hold,8.0,Hold,4.0,Hold,4.0,Hold,9.0,Hold,7.0,Hold,2.0,Hold,10.0,Hold,7.0
4/4/2023,213.55,0.3359103027304878,Hold,8.0,Hold,3.0,Hold,8.0,Hold,4.0,Hold,4.0,Hold,9.0,Hold,7.0,Hold,2.0,Hold,10.0,Hold,7.0
5/4/2023,210.33,0.7261561743066364,Hold,8.0,Hold,3.0,Hold,8.0,Hold,4.0,Hold,4.0,Hold,9.0,Hold,7.0,Hold,2.0,Hold,10.0,Hold,7.0
6/4/2023,214.92,0.643544703265,Hold,8.0,Hold,3.0,Hold,8.0,Hold,4.0,Hold,4.0,Hold,9.0,Hold,7.0,Hold,2.0,Hold,10.0,Hold,7.0
10/4/2023,213.58,0.207548866228923,Hold,8.0,Hold,3.0,Hold,8.0,Hold,4.0,Hold,4.0,Hold,9.0,Hold,7.0,Hold,2.0,Hold,10.0,Hold,7.0
11/4/2023,212.68,0.99692416,Hold,8.0,Hold,3.0,Hold,8.0,Hold,4.0,Hold,4.0,Hold,9.0,Hold,7.0,Hold,2.0,Hold,10.0,Hold,7.0
12/4/2023,212.83,-0.39428793820625,Hold,8.0,Hold,3.0,Hold,8.0,Hold,4.0,Hold,4.0,Hold,9.0,Hold,7.0,Hold,2.0,Hold,10.0,Hold,7.0
13/4/2023,219.15,0.590201058235294,Hold,8.0,Hold,3.0,Hold,8.0,Hold,4.0,Hold,4.0,Hold,9.0,Hold,7.0,Hold,2.0,Hold,10.0,Hold,7.0
14/4/2023,220.28,0.3259590517741935,Hold,8.0,Hold,3.0,Hold,8.0,Hold,4.0,Hold,4.0,Hold,9.0,Hold,7.0,Hold,2.0,Hold,10.0,Hold,7.0
17/4/2023,217.67,0.7570952129634148,Hold,8.0,Sell,3.0,Hold,8.0,Hold,4.0,Hold,4.0,Hold,9.0,Hold,7.0,Hold,2.0,Hold,10.0,Hold,7.0
18/4/2023,216.7,0.1452957850695652,Hold,8.0,Sell,3.0,Hold,8.0,Hold,4.0,Hold,4.0,Hold,9.0,Hold,7.0,Hold,2.0,Hold,10.0,Hold,7.0
19/4/2023,214.52,0.4807115963048387,Hold,8.0,Hold,3.0,Hold,8.0,Hold,4.0,Hold,4.0,Hold,9.0,Hold,7.0,Hold,2.0,Hold,10.0,Hold,7.0
20/4/2023,211.91,0.4738481480263157,Hold,8.0,Hold,3.0,Hold,8.0,Hold,4.0,Hold,4.0,Hold,9.0,Hold,7.0,Hold,2.0,Hold,10.0,Hold,7.0
21/4/2023,211.73,0.5876711023529413,Hold,8.0,Hold,3.0,Hold,8.0,Hold,4.0,Hold,4.0,Hold,9.0,Hold,7.0,Sell,2.0,Hold,10.0,Hold,7.0
24/4/2023,211.63,0.9494356155263158,Hold,8.0,Hold,3.0,Hold,8.0,Hold,4.0,Hold,4.0,Hold,9.0,Hold,7.0,Hold,2.0,Hold,10.0,Hold,7.0
25/4/2023,206.42,0.6504293417647058,Hold,8.0,Hold,3.0,Hold,8.0,Hold,4.0,Hold,4.0,Hold,9.0,Hold,7.0,Hold,2.0,Hold,10.0,Hold,7.0
26/4/2023,208.26,0.1967494883937397,Hold,8.0,Sell,3.0,Hold,8.0,Hold,4.0,Hold,4.0,Hold,9.0,Hold,7.0,Hold,2.0,Hold,10.0,Hold,7.0
27/4/2023,237.26,0.3068388266913811,Hold,8.0,Hold,3.0,Hold,8.0,Hold,4.0,Hold,4.0,Hold,9.0,Hold,7.0,Hold,2.0,Hold,10.0,Hold,7.0
28/4/2023,239.01,0.5412898159233531,Buy,8.0,Hold,3.0,Buy,8.0,Hold,4.0,Hold,4.0,Hold,9.0,Hold,7.0,Buy,2.0,Hold,10.0,Hold,7.0
1/5/2023,241.85,0.458055299,Hold,8.0,Hold,3.0,Hold,8.0,Hold,4.0,Hold,4.0,Hold,9.0,Hold,7.0,Hold,2.0,Hold,10.0,Hold,7.0
2/5/2023,237.93,0.6662046887333334,Hold,8.0,Hold,3.0,Hold,8.0,Hold,4.0,Hold,4.0,Hold,9.0,Hold,7.0,Hold,2.0,Hold,10.0,Hold,7.0
3/5/2023,235.74,0.0362863625543837,Hold,8.0,Hold,3.0,Hold,8.0,Hold,4.0,Hold,4.0,Hold,9.0,Hold,7.0,Hold,2.0,Hold,10.0,Hold,7.0
4/5/2023,232.25,0.8709754433333332,Hold,8.0,Hold,3.0,Hold,8.0,Hold,4.0,Hold,4.0,Hold,9.0,Hold,7.0,Hold,2.0,Hold,10.0,Hold,7.0
5/5/2023,231.51,0.6313554803131106,Hold,8.0,Hold,3.0,Hold,8.0,Hold,4.0,Hold,4.0,Hold,9.0,Hold,7.0,Hold,2.0,Hold,10.0,Hold,7.0
8/5/2023,232.0,0.5882965813770885,Hold,8.0,Hold,3.0,Hold,8.0,Hold,4.0,Hold,4.0,Hold,9.0,Hold,7.0,Hold,2.0,Hold,10.0,Hold,7.0
9/5/2023,232.1,0.4845018205084747,Hold,8.0,Hold,3.0,Hold,8.0,Hold,4.0,Hold,4.0,Hold,9.0,Hold,7.0,Hold,2.0,Hold,10.0,Hold,7.0
10/5/2023,231.81,0.1486503064705882,Hold,8.0,Hold,3.0,Hold,8.0,Hold,4.0,Hold,4.0,Hold,9.0,Hold,7.0,Hold,2.0,Hold,10.0,Hold,7.0
11/5/2023,234.5,0.9769007170833336,Hold,8.0,Sell,3.0,Hold,8.0,Hold,4.0,Hold,4.0,Hold,9.0,Hold,7.0,Hold,2.0,Hold,10.0,Hold,7.0
12/5/2023,232.53,0.512017647,Hold,8.0,Hold,3.0,Hold,8.0,Hold,4.0,Hold,4.0,Hold,9.0,Hold,7.0,Hold,2.0,Hold,10.0,Hold,7.0
15/5/2023,237.56,0.3808813998200001,Hold,8.0,Sell,3.0,Hold,8.0,Hold,4.0,Hold,4.0,Hold,9.0,Hold,7.0,Hold,2.0,Hold,10.0,Hold,7.0
16/5/2023,237.52,0.3556835421666667,Hold,8.0,Hold,3.0,Hold,8.0,Hold,4.0,Hold,4.0,Hold,9.0,Hold,7.0,Hold,2.0,Hold,10.0,Hold,7.0
17/5/2023,241.17,0.5662807858384117,Hold,8.0,Hold,3.0,Hold,8.0,Hold,4.0,Hold,4.0,Hold,9.0,Hold,7.0,Hold,2.0,Hold,10.0,Hold,7.0
18/5/2023,245.5,0.8809767858333334,Hold,8.0,Hold,3.0,Hold,8.0,Hold,4.0,Hold,4.0,Hold,9.0,Hold,7.0,Hold,2.0,Hold,10.0,Hold,7.0
19/5/2023,244.3,0.4940717949238332,Hold,8.0,Hold,3.0,Hold,8.0,Hold,4.0,Hold,4.0,Hold,9.0,Hold,7.0,Hold,2.0,Hold,10.0,Hold,7.0
22/5/2023,246.97,0.2708933093603579,Hold,8.0,Hold,3.0,Hold,8.0,Hold,4.0,Hold,4.0,Hold,9.0,Hold,7.0,Hold,2.0,Hold,10.0,Hold,7.0
23/5/2023,245.39,0.1146248154162322,Hold,8.0,Hold,3.0,Hold,8.0,Hold,4.0,Hold,4.0,Hold,9.0,Hold,7.0,Hold,2.0,Hold,10.0,Hold,7.0
24/5/2023,247.85,0.1956057505492957,Hold,8.0,Hold,3.0,Hold,8.0,Hold,4.0,Hold,4.0,Hold,9.0,Hold,7.0,Hold,2.0,Hold,10.0,Hold,7.0
25/5/2023,251.31,0.2956876341935484,Hold,8.0,Hold,3.0,Hold,8.0,Hold,4.0,Hold,4.0,Hold,9.0,Hold,7.0,Hold,2.0,Hold,10.0,Hold,7.0
26/5/2023,260.61,0.3157666231707317,Hold,8.0,Hold,3.0,Hold,8.0,Hold,4.0,Hold,4.0,Hold,9.0,Hold,7.0,Hold,2.0,Hold,10.0,Hold,7.0
30/5/2023,261.09,0.7097715493508772,Hold,8.0,Hold,3.0,Hold,8.0,Hold,4.0,Hold,4.0,Hold,9.0,Hold,7.0,Hold,2.0,Hold,10.0,Hold,7.0
31/5/2023,263.28,0.5959185936170212,Hold,8.0,Hold,3.0,Hold,8.0,Hold,4.0,Hold,4.0,Hold,9.0,Hold,7.0,Hold,2.0,Hold,10.0,Hold,7.0
1/6/2023,271.12,0.0653272863846153,Hold,8.0,Hold,3.0,Hold,8.0,Hold,4.0,Hold,4.0,Hold,9.0,Hold,7.0,Hold,2.0,Hold,10.0,Hold,7.0
2/6/2023,271.12,0.6008988743943661,Hold,8.0,Hold,3.0,Hold,8.0,Hold,4.0,Hold,4.0,Hold,9.0,Hold,7.0,Hold,2.0,Hold,10.0,Hold,7.0
5/6/2023,269.91,0.6645148688034366,Hold,8.0,Hold,3.0,Hold,8.0,Hold,4.0,Hold,4.0,Hold,9.0,Hold,7.0,Hold,2.0,Hold,10.0,Hold,7.0
6/6/2023,269.64,0.963293182,Hold,8.0,Hold,3.0,Hold,8.0,Hold,4.0,Hold,4.0,Hold,9.0,Hold,7.0,Hold,2.0,Hold,10.0,Hold,7.0
7/6/2023,262.16,0.1540668422665471,Hold,8.0,Sell,3.0,Hold,8.0,Hold,4.0,Hold,4.0,Hold,9.0,Hold,7.0,Hold,2.0,Hold,10.0,Hold,7.0
8/6/2023,263.14,0.9860974514705882,Hold,8.0,Sell,3.0,Hold,8.0,Hold,4.0,Hold,4.0,Hold,9.0,Hold,7.0,Hold,2.0,Hold,10.0,Hold,7.0
9/6/2023,263.5,0.1050589717657072,Hold,8.0,Sell,3.0,Hold,8.0,Hold,4.0,Hold,4.0,Hold,9.0,Hold,7.0,Hold,2.0,Hold,10.0,Hold,7.0
12/6/2023,269.57,0.952584211764706,Hold,8.0,Sell,3.0,Hold,8.0,Hold,4.0,Hold,4.0,Hold,9.0,Hold,7.0,Hold,2.0,Hold,10.0,Hold,7.0
13/6/2023,269.84,0.9996457425000002,Hold,8.0,Sell,3.0,Hold,8.0,Hold,4.0,Hold,4.0,Hold,9.0,Hold,7.0,Hold,2.0,Hold,10.0,Hold,7.0
14/6/2023,271.86,0.7007651809903847,Hold,8.0,Sell,3.0,Hold,8.0,Hold,4.0,Hold,4.0,Hold,9.0,Hold,7.0,Hold,2.0,Hold,10.0,Hold,7.0
15/6/2023,280.29,-0.1180752176944627,Hold,8.0,Sell,3.0,Hold,8.0,Hold,4.0,Hold,4.0,Hold,9.0,Hold,7.0,Hold,2.0,Hold,10.0,Hold,7.0
16/6/2023,279.47,0.6064706573333333,Hold,8.0,Sell,3.0,Hold,8.0,Hold,4.0,Hold,4.0,Hold,9.0,Hold,7.0,Hold,2.0,Hold,10.0,Hold,7.0
20/6/2023,282.78,-0.2273124239473684,Hold,8.0,Hold,3.0,Hold,8.0,Hold,4.0,Hold,4.0,Hold,9.0,Hold,7.0,Hold,2.0,Hold,10.0,Hold,7.0
21/6/2023,280.1,-0.243298185,Hold,8.0,Hold,3.0,Hold,8.0,Hold,4.0,Hold,4.0,Hold,9.0,Hold,7.0,Hold,2.0,Hold,10.0,Hold,7.0
22/6/2023,283.33,0.5392204009366196,Hold,8.0,Hold,3.0,Hold,8.0,Hold,4.0,Hold,4.0,Hold,9.0,Hold,7.0,Hold,2.0,Hold,10.0,Hold,7.0
23/6/2023,287.15,0.7475653762162161,Hold,8.0,Hold,3.0,Hold,8.0,Hold,4.0,Hold,4.0,Hold,9.0,Hold,7.0,Hold,2.0,Hold,10.0,Hold,7.0
26/6/2023,276.95,0.6255458599669725,Hold,8.0,Hold,3.0,Hold,8.0,Hold,4.0,Hold,4.0,Hold,9.0,Hold,7.0,Hold,2.0,Hold,10.0,Hold,7.0
27/6/2023,285.48,0.6646002830769232,Hold,8.0,Hold,3.0,Hold,8.0,Hold,4.0,Hold,4.0,Hold,9.0,Hold,7.0,Hold,2.0,Hold,10.0,Hold,7.0
28/6/2023,283.73,-0.1431195059999999,Hold,8.0,Hold,3.0,Hold,8.0,Hold,4.0,Hold,4.0,Hold,9.0,Hold,7.0,Hold,2.0,Hold,10.0,Hold,7.0
29/6/2023,279.99,0.8434115559999998,Hold,8.0,Hold,3.0,Hold,8.0,Hold,4.0,Hold,4.0,Hold,9.0,Hold,7.0,Hold,2.0,Hold,10.0,Hold,7.0
30/6/2023,285.41,0.6566171516666665,Hold,8.0,Hold,3.0,Hold,8.0,Hold,4.0,Hold,4.0,Hold,9.0,Hold,7.0,Hold,2.0,Hold,10.0,Hold,7.0
3/7/2023,284.46,0.4284937595330345,Hold,8.0,Hold,3.0,Hold,8.0,Hold,4.0,Hold,4.0,Hold,9.0,Hold,7.0,Hold,2.0,Hold,10.0,Hold,7.0
5/7/2023,292.76,0.6640038629890324,Hold,8.0,Hold,3.0,Hold,8.0,Hold,4.0,Hold,4.0,Hold,9.0,Hold,7.0,Hold,2.0,Hold,10.0,Hold,7.0
6/7/2023,290.4,0.514335459160452,Hold,8.0,Hold,3.0,Hold,8.0,Hold,4.0,Hold,4.0,Hold,9.0,Hold,7.0,Hold,2.0,Hold,10.0,Hold,7.0
7/7/2023,288.94,0.2760761202400489,Hold,8.0,Hold,3.0,Hold,8.0,Hold,4.0,Hold,4.0,Hold,9.0,Hold,7.0,Hold,2.0,Hold,10.0,Hold,7.0
10/7/2023,292.5,0.3828348215537019,Hold,8.0,Hold,3.0,Hold,8.0,Hold,4.0,Hold,4.0,Hold,9.0,Hold,7.0,Hold,2.0,Hold,10.0,Hold,7.0
11/7/2023,296.66,0.4244977051503018,Hold,8.0,Hold,3.0,Hold,8.0,Hold,4.0,Hold,4.0,Hold,9.0,Hold,7.0,Hold,2.0,Hold,10.0,Hold,7.0
12/7/2023,307.65,0.596137275385345,Hold,8.0,Hold,3.0,Hold,8.0,Hold,4.0,Hold,4.0,Hold,9.0,Hold,7.0,Hold,2.0,Hold,10.0,Hold,7.0
13/7/2023,311.7,0.4184555736904874,Hold,8.0,Hold,3.0,Hold,8.0,Hold,4.0,Hold,4.0,Hold,9.0,Hold,7.0,Hold,2.0,Hold,10.0,Hold,7.0
14/7/2023,307.18,0.0802190317748999,Hold,8.0,Hold,3.0,Hold,8.0,Hold,4.0,Hold,4.0,Hold,9.0,Hold,7.0,Hold,2.0,Hold,10.0,Hold,7.0
17/7/2023,308.93,0.4269286836634552,Hold,8.0,Hold,3.0,Hold,8.0,Hold,4.0,Hold,4.0,Hold,9.0,Hold,7.0,Hold,2.0,Hold,10.0,Hold,7.0
18/7/2023,310.35,0.640805122967122,Hold,8.0,Sell,3.0,Hold,8.0,Hold,4.0,Hold,4.0,Hold,9.0,Hold,7.0,Hold,2.0,Hold,10.0,Hold,7.0
19/7/2023,314.29,0.4899292479850383,Hold,8.0,Sell,3.0,Hold,8.0,Hold,4.0,Hold,4.0,Hold,9.0,Hold,7.0,Hold,2.0,Hold,10.0,Hold,7.0
20/7/2023,300.87,0.6606749929964517,Hold,8.0,Hold,3.0,Hold,8.0,Hold,4.0,Hold,4.0,Hold,9.0,Hold,7.0,Hold,2.0,Hold,10.0,Hold,7.0
21/7/2023,292.65,-0.4991637227880601,Sell,8.0,Hold,3.0,Sell,8.0,Hold,4.0,Hold,4.0,Hold,9.0,Hold,7.0,Sell,2.0,Hold,10.0,Hold,7.0
24/7/2023,290.02,0.1597936604942553,Hold,8.0,Hold,3.0,Hold,8.0,Hold,4.0,Hold,4.0,Hold,9.0,Hold,7.0,Hold,2.0,Hold,10.0,Hold,7.0
25/7/2023,292.86,0.3014107867447585,Hold,8.0,Hold,3.0,Hold,8.0,Hold,4.0,Hold,4.0,Hold,9.0,Hold,7.0,Hold,2.0,Hold,10.0,Hold,7.0
26/7/2023,296.94,0.5314095913379338,Hold,8.0,Hold,3.0,Hold,8.0,Hold,4.0,Hold,4.0,Hold,9.0,Hold,7.0,Hold,2.0,Hold,10.0,Hold,7.0
27/7/2023,310.01,0.3024856878010147,Hold,8.0,Hold,3.0,Buy,8.0,Hold,4.0,Hold,4.0,Hold,9.0,Hold,7.0,Hold,2.0,Hold,10.0,Hold,7.0
28/7/2023,323.7,0.1033345743393491,Buy,8.0,Hold,3.0,Hold,8.0,Hold,4.0,Hold,4.0,Hold,9.0,Hold,7.0,Buy,2.0,Hold,10.0,Hold,7.0
31/7/2023,316.86,0.422813054432768,Hold,8.0,Hold,3.0,Hold,8.0,Hold,4.0,Hold,4.0,Hold,9.0,Hold,7.0,Hold,2.0,Hold,10.0,Hold,7.0
1/8/2023,320.95,0.5951457813070593,Hold,8.0,Hold,3.0,Hold,8.0,Hold,4.0,Hold,4.0,Hold,9.0,Hold,7.0,Hold,2.0,Hold,10.0,Hold,7.0
2/8/2023,312.6,0.6128352303333333,Hold,8.0,Hold,3.0,Hold,8.0,Hold,4.0,Hold,4.0,Hold,9.0,Hold,7.0,Hold,2.0,Hold,10.0,Hold,7.0
3/8/2023,311.48,0.9933433525,Sell,8.0,Hold,3.0,Sell,8.0,Hold,4.0,Hold,4.0,Hold,9.0,Hold,7.0,Hold,2.0,Hold,10.0,Hold,7.0
4/8/2023,309.03,0.2984462345367827,Hold,8.0,Hold,3.0,Hold,8.0,Hold,4.0,Hold,4.0,Hold,9.0,Hold,7.0,Hold,2.0,Hold,10.0,Hold,7.0
7/8/2023,314.83,0.798289216226335,Hold,8.0,Hold,3.0,Hold,8.0,Hold,4.0,Hold,4.0,Hold,9.0,Hold,7.0,Hold,2.0,Hold,10.0,Hold,7.0
8/8/2023,310.93,0.3514046308943692,Hold,8.0,Hold,3.0,Hold,8.0,Hold,4.0,Hold,4.0,Hold,9.0,Hold,7.0,Hold,2.0,Hold,10.0,Hold,7.0
9/8/2023,303.54,0.5525124308219178,Hold,8.0,Hold,3.0,Hold,8.0,Hold,4.0,Hold,4.0,Hold,9.0,Hold,7.0,Hold,2.0,Hold,10.0,Hold,7.0
10/8/2023,304.07,0.2664962042389318,Hold,8.0,Hold,3.0,Hold,8.0,Sell,4.0,Sell,4.0,Hold,9.0,Sell,7.0,Sell,2.0,Sell,10.0,Sell,7.0
11/8/2023,299.99,0.6396695498020789,Hold,8.0,Hold,3.0,Hold,8.0,Hold,4.0,Hold,4.0,Hold,9.0,Hold,7.0,Hold,2.0,Hold,10.0,Hold,7.0
14/8/2023,304.52,0.1076318331343283,Hold,8.0,Hold,3.0,Hold,8.0,Hold,4.0,Hold,4.0,Hold,9.0,Hold,7.0,Hold,2.0,Hold,10.0,Hold,7.0
15/8/2023,300.3,0.9069907359574466,Hold,8.0,Hold,3.0,Hold,8.0,Hold,4.0,Hold,4.0,Hold,9.0,Hold,7.0,Hold,2.0,Hold,10.0,Hold,7.0
16/8/2023,292.68,0.9873482233333334,Hold,8.0,Hold,3.0,Hold,8.0,Hold,4.0,Hold,4.0,Hold,9.0,Hold,7.0,Hold,2.0,Hold,10.0,Hold,7.0
17/8/2023,283.53,0.4616314329264,Hold,8.0,Hold,3.0,Hold,8.0,Hold,4.0,Hold,4.0,Hold,9.0,Hold,7.0,Hold,2.0,Hold,10.0,Hold,7.0
18/8/2023,281.7,0.4761351316755555,Hold,8.0,Hold,3.0,Hold,8.0,Hold,4.0,Hold,4.0,Hold,9.0,Hold,7.0,Hold,2.0,Hold,10.0,Hold,7.0
21/8/2023,288.32,0.362476307326383,Hold,8.0,Hold,3.0,Hold,8.0,Hold,4.0,Hold,4.0,Hold,9.0,Hold,7.0,Hold,2.0,Hold,10.0,Hold,7.0
22/8/2023,286.03,0.1860993809419432,Hold,8.0,Hold,3.0,Hold,8.0,Hold,4.0,Hold,4.0,Hold,9.0,Hold,7.0,Hold,2.0,Hold,10.0,Hold,7.0
23/8/2023,292.63,0.7430484425,Hold,8.0,Hold,3.0,Hold,8.0,Hold,4.0,Hold,4.0,Hold,9.0,Hold,7.0,Hold,2.0,Hold,10.0,Hold,7.0
24/8/2023,285.19,0.9301754591666668,Hold,8.0,Hold,3.0,Hold,8.0,Hold,4.0,Hold,4.0,Buy,9.0,Hold,7.0,Hold,2.0,Buy,10.0,Hold,7.0
25/8/2023,283.94,0.8163240063777777,Hold,8.0,Buy,3.0,Hold,8.0,Hold,4.0,Hold,4.0,Hold,9.0,Hold,7.0,Hold,2.0,Hold,10.0,Hold,7.0
28/8/2023,288.68,0.4154064010463413,Hold,8.0,Hold,3.0,Hold,8.0,Hold,4.0,Hold,4.0,Hold,9.0,Hold,7.0,Hold,2.0,Hold,10.0,Hold,7.0
29/8/2023,296.36,0.6475327453999998,Hold,8.0,Hold,3.0,Hold,8.0,Hold,4.0,Hold,4.0,Hold,9.0,Hold,7.0,Hold,2.0,Hold,10.0,Hold,7.0
30/8/2023,293.49,0.6007077207272726,Buy,8.0,Hold,3.0,Buy,8.0,Hold,4.0,Buy,4.0,Buy,9.0,Hold,7.0,Buy,2.0,Buy,10.0,Buy,7.0
31/8/2023,294.28,0.5877884062236759,Hold,8.0,Hold,3.0,Hold,8.0,Hold,4.0,Hold,4.0,Hold,9.0,Hold,7.0,Hold,2.0,Hold,10.0,Hold,7.0
1/9/2023,294.76,0.8146563949,Hold,8.0,Hold,3.0,Buy,8.0,Hold,4.0,Hold,4.0,Hold,9.0,Hold,7.0,Hold,2.0,Hold,10.0,Hold,7.0
5/9/2023,298.51,0.5839297794868492,Hold,8.0,Hold,3.0,Hold,8.0,Hold,4.0,Hold,4.0,Hold,9.0,Buy,7.0,Hold,2.0,Hold,10.0,Buy,7.0
6/9/2023,297.54,0.764858408012,Hold,8.0,Hold,3.0,Hold,8.0,Hold,4.0,Hold,4.0,Hold,9.0,Hold,7.0,Hold,2.0,Hold,10.0,Hold,7.0
7/9/2023,297.04,0.3529912953425577,Hold,8.0,Hold,3.0,Hold,8.0,Hold,4.0,Hold,4.0,Hold,9.0,Hold,7.0,Hold,2.0,Hold,10.0,Hold,7.0
8/9/2023,296.26,0.3865715917061912,Hold,8.0,Hold,3.0,Hold,8.0,Hold,4.0,Hold,4.0,Hold,9.0,Hold,7.0,Hold,2.0,Hold,10.0,Hold,7.0
11/9/2023,305.88,0.4913084833731923,Hold,8.0,Hold,3.0,Hold,8.0,Hold,4.0,Buy,4.0,Hold,9.0,Hold,7.0,Hold,2.0,Hold,10.0,Hold,7.0
12/9/2023,300.01,0.2837977358536585,Hold,8.0,Hold,3.0,Hold,8.0,Buy,4.0,Hold,4.0,Hold,9.0,Hold,7.0,Hold,2.0,Hold,10.0,Hold,7.0
13/9/2023,303.4,0.4493948031001223,Hold,8.0,Hold,3.0,Hold,8.0,Hold,4.0,Hold,4.0,Hold,9.0,Hold,7.0,Hold,2.0,Hold,10.0,Hold,7.0
14/9/2023,310.02,0.6181295591891891,Hold,8.0,Hold,3.0,Hold,8.0,Hold,4.0,Hold,4.0,Hold,9.0,Hold,7.0,Hold,2.0,Hold,10.0,Hold,7.0
15/9/2023,298.67,0.6920686859999998,Hold,8.0,Hold,3.0,Hold,8.0,Hold,4.0,Hold,4.0,Hold,9.0,Hold,7.0,Hold,2.0,Hold,10.0,Hold,7.0
18/9/2023,300.9,0.9988518,Sell,8.0,Hold,3.0,Hold,8.0,Hold,4.0,Hold,4.0,Hold,9.0,Hold,7.0,Sell,2.0,Sell,10.0,Hold,7.0
19/9/2023,303.41,0.52472680699701,Hold,8.0,Hold,3.0,Hold,8.0,Hold,4.0,Hold,4.0,Hold,9.0,Hold,7.0,Hold,2.0,Buy,10.0,Hold,7.0
20/9/2023,298.03,0.9250749529230768,Hold,8.0,Hold,3.0,Hold,8.0,Hold,4.0,Hold,4.0,Hold,9.0,Hold,7.0,Hold,2.0,Hold,10.0,Hold,7.0
21/9/2023,294.12,0.481147207438,Sell,8.0,Hold,3.0,Sell,8.0,Hold,4.0,Hold,4.0,Sell,9.0,Hold,7.0,Sell,2.0,Sell,10.0,Hold,7.0
22/9/2023,297.45,0.7243925028699922,Hold,8.0,Hold,3.0,Hold,8.0,Hold,4.0,Hold,4.0,Hold,9.0,Hold,7.0,Hold,2.0,Sell,10.0,Hold,7.0
25/9/2023,299.19,0.0010355917,Hold,8.0,Hold,3.0,Hold,8.0,Hold,4.0,Hold,4.0,Buy,9.0,Hold,7.0,Hold,2.0,Buy,10.0,Hold,7.0
26/9/2023,297.33,0.9983511717647056,Buy,8.0,Hold,3.0,Buy,8.0,Hold,4.0,Hold,4.0,Hold,9.0,Hold,7.0,Hold,2.0,Hold,10.0,Hold,7.0
27/9/2023,296.12,0.5307149207044445,Hold,8.0,Hold,3.0,Hold,8.0,Hold,4.0,Sell,4.0,Hold,9.0,Hold,7.0,Hold,2.0,Hold,10.0,Sell,7.0
28/9/2023,302.3,0.3072747800000001,Hold,8.0,Hold,3.0,Hold,8.0,Hold,4.0,Hold,4.0,Hold,9.0,Hold,7.0,Hold,2.0,Hold,10.0,Hold,7.0
29/9/2023,298.57,0.6120966923575676,Buy,8.0,Hold,3.0,Buy,8.0,Hold,4.0,Buy,4.0,Hold,9.0,Hold,7.0,Buy,2.0,Hold,10.0,Buy,7.0
2/10/2023,305.15,0.2930924917148,Hold,8.0,Hold,3.0,Hold,8.0,Hold,4.0,Sell,4.0,Hold,9.0,Hold,7.0,Hold,2.0,Hold,10.0,Sell,7.0
3/10/2023,299.3,0.2260532155894838,Hold,8.0,Hold,3.0,Hold,8.0,Hold,4.0,Hold,4.0,Hold,9.0,Hold,7.0,Buy,2.0,Hold,10.0,Hold,7.0
4/10/2023,303.91,0.784508993151611,Hold,8.0,Hold,3.0,Hold,8.0,Hold,4.0,Hold,4.0,Hold,9.0,Hold,7.0,Hold,2.0,Hold,10.0,Hold,7.0
5/10/2023,303.13,0.6461480448657584,Hold,8.0,Hold,3.0,Hold,8.0,Hold,4.0,Buy,4.0,Hold,9.0,Hold,7.0,Hold,2.0,Hold,10.0,Hold,7.0
6/10/2023,313.71,0.014975814854,Hold,8.0,Hold,3.0,Hold,8.0,Hold,4.0,Hold,4.0,Hold,9.0,Hold,7.0,Hold,2.0,Hold,10.0,Hold,7.0
9/10/2023,316.62,0.1702166370833333,Hold,8.0,Hold,3.0,Hold,8.0,Hold,4.0,Hold,4.0,Hold,9.0,Hold,7.0,Hold,2.0,Hold,10.0,Hold,7.0
10/10/2023,320.08,0.6169942580000001,Hold,8.0,Hold,3.0,Hold,8.0,Hold,4.0,Hold,4.0,Hold,9.0,Hold,7.0,Hold,2.0,Hold,10.0,Hold,7.0
11/10/2023,326.03,0.0015728722083333,Hold,8.0,Hold,3.0,Hold,8.0,Hold,4.0,Hold,4.0,Hold,9.0,Hold,7.0,Hold,2.0,Hold,10.0,Hold,7.0
12/10/2023,322.39,0.8735876777777779,Hold,8.0,Hold,3.0,Hold,8.0,Hold,4.0,Hold,4.0,Hold,9.0,Hold,7.0,Hold,2.0,Hold,10.0,Hold,7.0
13/10/2023,312.97,0.3945438885,Hold,8.0,Hold,3.0,Hold,8.0,Hold,4.0,Hold,4.0,Hold,9.0,Hold,7.0,Hold,2.0,Hold,10.0,Hold,7.0
16/10/2023,319.4,0.4338038926315789,Hold,8.0,Hold,3.0,Hold,8.0,Hold,4.0,Hold,4.0,Hold,9.0,Hold,7.0,Hold,2.0,Hold,10.0,Hold,7.0
17/10/2023,322.23,0.9758008,Hold,8.0,Hold,3.0,Hold,8.0,Hold,4.0,Hold,4.0,Hold,9.0,Hold,7.0,Hold,2.0,Hold,10.0,Hold,7.0
18/10/2023,315.24,0.6051949146285,Hold,8.0,Hold,3.0,Hold,8.0,Hold,4.0,Hold,4.0,Hold,9.0,Hold,7.0,Hold,2.0,Hold,10.0,Hold,7.0
19/10/2023,311.1,0.3883074565671428,Hold,8.0,Hold,3.0,Hold,8.0,Hold,4.0,Hold,4.0,Hold,9.0,Hold,7.0,Hold,2.0,Hold,10.0,Hold,7.0
20/10/2023,306.97,0.9963724047058824,Sell,8.0,Hold,3.0,Sell,8.0,Sell,4.0,Sell,4.0,Sell,9.0,Sell,7.0,Sell,2.0,Sell,10.0,Sell,7.0
23/10/2023,312.3,0.4104387752978051,Hold,8.0,Hold,3.0,Hold,8.0,Hold,4.0,Hold,4.0,Hold,9.0,Hold,7.0,Hold,2.0,Hold,10.0,Hold,7.0
24/10/2023,310.84,-0.1766073885232124,Hold,8.0,Hold,3.0,Hold,8.0,Hold,4.0,Hold,4.0,Hold,9.0,Hold,7.0,Hold,2.0,Hold,10.0,Hold,7.0
25/10/2023,297.9,-0.1196541667796878,Hold,8.0,Hold,3.0,Hold,8.0,Hold,4.0,Hold,4.0,Hold,9.0,Sell,7.0,Hold,2.0,Hold,10.0,Sell,7.0
26/10/2023,286.78,-0.0367031492572013,Hold,8.0,Hold,3.0,Hold,8.0,Hold,4.0,Hold,4.0,Hold,9.0,Hold,7.0,Hold,2.0,Hold,10.0,Hold,7.0
27/10/2023,295.11,0.472211958117878,Hold,8.0,Hold,3.0,Hold,8.0,Hold,4.0,Hold,4.0,Hold,9.0,Hold,7.0,Hold,2.0,Hold,10.0,Hold,7.0
30/10/2023,301.01,0.9060016224167236,Hold,8.0,Hold,3.0,Hold,8.0,Hold,4.0,Hold,4.0,Hold,9.0,Hold,7.0,Hold,2.0,Hold,10.0,Hold,7.0
31/10/2023,299.63,0.999565401,Hold,8.0,Hold,3.0,Hold,8.0,Hold,4.0,Hold,4.0,Hold,9.0,Hold,7.0,Hold,2.0,Hold,10.0,Hold,7.0
1/11/2023,310.15,0.6926467723529411,Hold,8.0,Hold,3.0,Hold,8.0,Hold,4.0,Hold,4.0,Hold,9.0,Hold,7.0,Hold,2.0,Hold,10.0,Hold,7.0
2/11/2023,309.17,0.6769020908,Buy,8.0,Hold,3.0,Buy,8.0,Buy,4.0,Hold,4.0,Buy,9.0,Buy,7.0,Buy,2.0,Buy,10.0,Hold,7.0
3/11/2023,312.88,0.6940713495995952,Hold,8.0,Hold,3.0,Hold,8.0,Hold,4.0,Hold,4.0,Hold,9.0,Hold,7.0,Hold,2.0,Hold,10.0,Hold,7.0
6/11/2023,314.08,0.997827612,Hold,8.0,Hold,3.0,Hold,8.0,Hold,4.0,Hold,4.0,Hold,9.0,Hold,7.0,Hold,2.0,Hold,10.0,Hold,7.0
7/11/2023,317.08,0.0006029699999999,Hold,8.0,Hold,3.0,Hold,8.0,Hold,4.0,Hold,4.0,Hold,9.0,Hold,7.0,Hold,2.0,Hold,10.0,Hold,7.0
8/11/2023,318.04,0.7076263908919813,Hold,8.0,Hold,3.0,Hold,8.0,Hold,4.0,Hold,4.0,Hold,9.0,Hold,7.0,Hold,2.0,Hold,10.0,Hold,7.0
9/11/2023,318.8,0.5520349321151515,Hold,8.0,Hold,3.0,Hold,8.0,Hold,4.0,Hold,4.0,Hold,9.0,Hold,7.0,Hold,2.0,Hold,10.0,Hold,7.0
10/11/2023,326.98,0.4449525785776257,Hold,8.0,Hold,3.0,Hold,8.0,Hold,4.0,Hold,4.0,Hold,9.0,Hold,7.0,Hold,2.0,Hold,10.0,Hold,7.0
13/11/2023,327.39,0.498818077281235,Hold,8.0,Hold,3.0,Hold,8.0,Hold,4.0,Hold,4.0,Hold,9.0,Hold,7.0,Hold,2.0,Hold,10.0,Hold,7.0
14/11/2023,334.48,0.8134525339515154,Hold,8.0,Hold,3.0,Hold,8.0,Hold,4.0,Hold,4.0,Hold,9.0,Hold,7.0,Hold,2.0,Hold,10.0,Hold,7.0
15/11/2023,330.89,0.899344585,Hold,8.0,Hold,3.0,Hold,8.0,Hold,4.0,Hold,4.0,Hold,9.0,Hold,7.0,Hold,2.0,Hold,10.0,Hold,7.0
16/11/2023,332.37,0.9038627225,Hold,8.0,Hold,3.0,Hold,8.0,Hold,4.0,Hold,4.0,Hold,9.0,Hold,7.0,Hold,2.0,Hold,10.0,Hold,7.0
17/11/2023,333.21,-0.0618430393690737,Hold,8.0,Hold,3.0,Hold,8.0,Hold,4.0,Hold,4.0,Hold,9.0,Hold,7.0,Hold,2.0,Hold,10.0,Hold,7.0
20/11/2023,338.12,0.86582255,Hold,8.0,Hold,3.0,Hold,8.0,Hold,4.0,Hold,4.0,Hold,9.0,Hold,7.0,Hold,2.0,Hold,10.0,Hold,7.0
21/11/2023,335.14,0.97682915,Hold,8.0,Hold,3.0,Hold,8.0,Hold,4.0,Hold,4.0,Hold,9.0,Hold,7.0,Hold,2.0,Hold,10.0,Hold,7.0
22/11/2023,339.63,0.9948208,Hold,8.0,Sell,3.0,Hold,8.0,Hold,4.0,Hold,4.0,Hold,9.0,Hold,7.0,Hold,2.0,Hold,10.0,Hold,7.0
24/11/2023,336.38,0.6553949012139969,Hold,8.0,Sell,3.0,Hold,8.0,Hold,4.0,Hold,4.0,Hold,9.0,Hold,7.0,Hold,2.0,Hold,10.0,Hold,7.0
27/11/2023,332.87,-0.999338,Hold,8.0,Sell,3.0,Hold,8.0,Hold,4.0,Hold,4.0,Hold,9.0,Hold,7.0,Hold,2.0,Hold,10.0,Hold,7.0
28/11/2023,337.14,0.9993639,Hold,8.0,Sell,3.0,Hold,8.0,Hold,4.0,Hold,4.0,Hold,9.0,Hold,7.0,Hold,2.0,Hold,10.0,Hold,7.0
29/11/2023,330.39,0.9948208,Sell,8.0,Hold,3.0,Sell,8.0,Hold,4.0,Hold,4.0,Sell,9.0,Hold,7.0,Hold,2.0,Hold,10.0,Hold,7.0
30/11/2023,325.37,-0.4913315344913043,Hold,8.0,Hold,3.0,Hold,8.0,Hold,4.0,Sell,4.0,Hold,9.0,Hold,7.0,Sell,2.0,Sell,10.0,Hold,7.0
1/12/2023,323.05,0.999820375,Hold,8.0,Hold,3.0,Hold,8.0,Hold,4.0,Hold,4.0,Hold,9.0,Hold,7.0,Hold,2.0,Hold,10.0,Sell,7.0
4/12/2023,318.27,0.9867279352941176,Hold,8.0,Hold,3.0,Hold,8.0,Hold,4.0,Hold,4.0,Hold,9.0,Hold,7.0,Sell,2.0,Hold,10.0,Hold,7.0
5/12/2023,316.55,0.9992897422580648,Hold,8.0,Hold,3.0,Hold,8.0,Hold,4.0,Hold,4.0,Hold,9.0,Hold,7.0,Hold,2.0,Hold,10.0,Hold,7.0
6/12/2023,315.72,0.5667040273,Hold,8.0,Hold,3.0,Hold,8.0,Hold,4.0,Hold,4.0,Hold,9.0,Hold,7.0,Hold,2.0,Sell,10.0,Hold,7.0
7/12/2023,324.81,0.5819884368208001,Hold,8.0,Hold,3.0,Hold,8.0,Hold,4.0,Hold,4.0,Hold,9.0,Hold,7.0,Hold,2.0,Hold,10.0,Hold,7.0
8/12/2023,330.93,0.9975906984615384,Buy,8.0,Hold,3.0,Buy,8.0,Hold,4.0,Hold,4.0,Buy,9.0,Hold,7.0,Buy,2.0,Buy,10.0,Hold,7.0
11/12/2023,323.51,0.6802886060088219,Hold,8.0,Hold,3.0,Hold,8.0,Hold,4.0,Hold,4.0,Hold,9.0,Hold,7.0,Hold,2.0,Hold,10.0,Hold,7.0
12/12/2023,332.4,0.6123435384583268,Hold,8.0,Hold,3.0,Hold,8.0,Hold,4.0,Hold,4.0,Hold,9.0,Hold,7.0,Hold,2.0,Hold,10.0,Hold,7.0
13/12/2023,332.91,0.8236077292,Buy,8.0,Hold,3.0,Buy,8.0,Hold,4.0,Buy,4.0,Hold,9.0,Hold,7.0,Buy,2.0,Hold,10.0,Buy,7.0
14/12/2023,331.35,0.9992700333333334,Hold,8.0,Hold,3.0,Hold,8.0,Hold,4.0,Hold,4.0,Hold,9.0,Hold,7.0,Hold,2.0,Hold,10.0,Hold,7.0
15/12/2023,333.09,0.2999717676539999,Hold,8.0,Hold,3.0,Hold,8.0,Hold,4.0,Hold,4.0,Hold,9.0,Hold,7.0,Hold,2.0,Hold,10.0,Hold,7.0
18/12/2023,342.74,0.818115094448623,Hold,8.0,Hold,3.0,Hold,8.0,Hold,4.0,Hold,4.0,Hold,9.0,Hold,7.0,Hold,2.0,Hold,10.0,Hold,7.0
19/12/2023,348.45,0.5768659851755089,Hold,8.0,Hold,3.0,Hold,8.0,Hold,4.0,Hold,4.0,Hold,9.0,Hold,7.0,Hold,2.0,Hold,10.0,Hold,7.0
20/12/2023,347.37,0.7059723295170514,Hold,8.0,Hold,3.0,Hold,8.0,Hold,4.0,Hold,4.0,Hold,9.0,Hold,7.0,Hold,2.0,Hold,10.0,Hold,7.0
21/12/2023,352.16,0.8911191743749998,Hold,8.0,Hold,3.0,Hold,8.0,Hold,4.0,Hold,4.0,Hold,9.0,Hold,7.0,Hold,2.0,Hold,10.0,Hold,7.0
22/12/2023,351.46,-0.0820177376923076,Hold,8.0,Hold,3.0,Hold,8.0,Hold,4.0,Hold,4.0,Hold,9.0,Hold,7.0,Hold,2.0,Hold,10.0,Hold,7.0
26/12/2023,352.89,0.423615195,Hold,8.0,Hold,3.0,Hold,8.0,Hold,4.0,Hold,4.0,Hold,9.0,Hold,7.0,Hold,2.0,Hold,10.0,Hold,7.0
27/12/2023,355.88,0.9975829384615384,Hold,8.0,Hold,3.0,Hold,8.0,Hold,4.0,Hold,4.0,Hold,9.0,Hold,7.0,Hold,2.0,Hold,10.0,Hold,7.0
28/12/2023,356.36,0.3802188411737597,Hold,8.0,Sell,3.0,Hold,8.0,Hold,4.0,Hold,4.0,Hold,9.0,Hold,7.0,Hold,2.0,Hold,10.0,Hold,7.0
29/12/2023,352.03,0.7775472366666666,Hold,8.0,Sell,3.0,Hold,8.0,Hold,4.0,Hold,4.0,Hold,9.0,Hold,7.0,Hold,2.0,Hold,10.0,Hold,7.0
2/1/2024,344.4,0.2999265064199999,Hold,8.0,Sell,3.0,Hold,8.0,Hold,4.0,Hold,4.0,Hold,9.0,Hold,7.0,Hold,2.0,Hold,10.0,Hold,7.0
3/1/2024,342.59,0.99930112,Sell,8.0,Hold,3.0,Hold,8.0,Hold,4.0,Hold,4.0,Hold,9.0,Hold,7.0,Sell,2.0,Hold,10.0,Hold,7.0
4/1/2024,345.23,0.8579672736451613,Hold,8.0,Hold,3.0,Hold,8.0,Hold,4.0,Hold,4.0,Hold,9.0,Hold,7.0,Hold,2.0,Hold,10.0,Hold,7.0
5/1/2024,350.03,0.832159,Hold,8.0,Hold,3.0,Hold,8.0,Hold,4.0,Hold,4.0,Hold,9.0,Hold,7.0,Hold,2.0,Hold,10.0,Hold,7.0
8/1/2024,356.7,0.9984139,Buy,8.0,Sell,3.0,Hold,8.0,Hold,4.0,Hold,4.0,Hold,9.0,Hold,7.0,Buy,2.0,Hold,10.0,Hold,7.0
9/1/2024,355.48,0.0063234989999999,Hold,8.0,Hold,3.0,Hold,8.0,Hold,4.0,Hold,4.0,Hold,9.0,Hold,7.0,Hold,2.0,Hold,10.0,Hold,7.0
10/1/2024,368.45,0.4997963500135118,Hold,8.0,Hold,3.0,Hold,8.0,Hold,4.0,Hold,4.0,Hold,9.0,Hold,7.0,Hold,2.0,Hold,10.0,Hold,7.0
11/1/2024,367.65,0.58003560153,Hold,8.0,Hold,3.0,Hold,8.0,Hold,4.0,Hold,4.0,Hold,9.0,Hold,7.0,Hold,2.0,Hold,10.0,Hold,7.0
12/1/2024,372.45,0.7320779627822495,Hold,8.0,Hold,3.0,Hold,8.0,Hold,4.0,Hold,4.0,Hold,9.0,Hold,7.0,Hold,2.0,Hold,10.0,Hold,7.0
16/1/2024,365.46,0.7210347699999998,Hold,8.0,Hold,3.0,Hold,8.0,Hold,4.0,Hold,4.0,Hold,9.0,Hold,7.0,Hold,2.0,Hold,10.0,Hold,7.0
17/1/2024,366.36,0.9815461270270268,Hold,8.0,Hold,3.0,Hold,8.0,Hold,4.0,Hold,4.0,Hold,9.0,Hold,7.0,Hold,2.0,Hold,10.0,Hold,7.0
18/1/2024,374.08,0.8996277140384615,Hold,8.0,Hold,3.0,Hold,8.0,Hold,4.0,Hold,4.0,Hold,9.0,Hold,7.0,Hold,2.0,Hold,10.0,Hold,7.0
19/1/2024,381.36,0.5553778548061101,Hold,8.0,Hold,3.0,Hold,8.0,Hold,4.0,Hold,4.0,Hold,9.0,Hold,7.0,Hold,2.0,Hold,10.0,Hold,7.0
22/1/2024,379.7,0.7657982527689169,Hold,8.0,Hold,3.0,Hold,8.0,Hold,4.0,Hold,4.0,Hold,9.0,Hold,7.0,Hold,2.0,Hold,10.0,Hold,7.0
23/1/2024,383.1,0.4092915699999999,Hold,8.0,Hold,3.0,Hold,8.0,Hold,4.0,Hold,4.0,Hold,9.0,Hold,7.0,Hold,2.0,Hold,10.0,Hold,7.0
24/1/2024,388.57,0.8853212922333334,Hold,8.0,Hold,3.0,Hold,8.0,Hold,4.0,Hold,4.0,Hold,9.0,Hold,7.0,Hold,2.0,Hold,10.0,Hold,7.0
25/1/2024,391.03,0.4912963681081082,Hold,8.0,Hold,3.0,Hold,8.0,Hold,4.0,Hold,4.0,Hold,9.0,Hold,7.0,Hold,2.0,Hold,10.0,Hold,7.0
26/1/2024,391.99,0.9920190257894737,Hold,8.0,Hold,3.0,Hold,8.0,Hold,4.0,Hold,4.0,Hold,9.0,Hold,7.0,Hold,2.0,Hold,10.0,Hold,7.0
29/1/2024,398.83,0.227553835338718,Hold,8.0,Hold,3.0,Hold,8.0,Hold,4.0,Hold,4.0,Hold,9.0,Hold,7.0,Hold,2.0,Hold,10.0,Hold,7.0
30/1/2024,397.88,0.7117380431578947,Hold,8.0,Hold,3.0,Hold,8.0,Hold,4.0,Hold,4.0,Hold,9.0,Hold,7.0,Hold,2.0,Hold,10.0,Hold,7.0
31/1/2024,388.01,0.701836035273831,Hold,8.0,Hold,3.0,Hold,8.0,Hold,4.0,Hold,4.0,Hold,9.0,Hold,7.0,Hold,2.0,Hold,10.0,Hold,7.0
1/2/2024,392.63,0.4914697176524017,Hold,8.0,Hold,3.0,Hold,8.0,Hold,4.0,Hold,4.0,Hold,9.0,Hold,7.0,Hold,2.0,Hold,10.0,Hold,7.0
2/2/2024,472.4,0.518014408250688,Hold,8.0,Hold,3.0,Hold,8.0,Hold,4.0,Hold,4.0,Hold,9.0,Hold,7.0,Hold,2.0,Hold,10.0,Hold,7.0
5/2/2024,456.9,0.3916737404574072,Hold,8.0,Hold,3.0,Hold,8.0,Hold,4.0,Hold,4.0,Hold,9.0,Hold,7.0,Hold,2.0,Hold,10.0,Hold,7.0
6/2/2024,452.24,0.6154889721456718,Hold,8.0,Hold,3.0,Hold,8.0,Hold,4.0,Hold,4.0,Hold,9.0,Hold,7.0,Hold,2.0,Hold,10.0,Hold,7.0
7/2/2024,467.03,0.4142538751543324,Hold,8.0,Hold,3.0,Hold,8.0,Hold,4.0,Hold,4.0,Hold,9.0,Hold,7.0,Hold,2.0,Hold,10.0,Hold,7.0
8/2/2024,467.44,0.788679609736842,Hold,8.0,Hold,3.0,Hold,8.0,Hold,4.0,Hold,4.0,Hold,9.0,Hold,7.0,Hold,2.0,Hold,10.0,Hold,7.0
9/2/2024,465.56,0.8240457609756098,Hold,8.0,Hold,3.0,Hold,8.0,Hold,4.0,Hold,4.0,Hold,9.0,Hold,7.0,Hold,2.0,Hold,10.0,Hold,7.0
12/2/2024,466.34,0.7768613069285928,Hold,8.0,Hold,3.0,Hold,8.0,Hold,4.0,Hold,4.0,Hold,9.0,Hold,7.0,Hold,2.0,Hold,10.0,Hold,7.0
13/2/2024,457.61,0.3170115240003226,Hold,8.0,Hold,3.0,Hold,8.0,Hold,4.0,Hold,4.0,Hold,9.0,Hold,7.0,Hold,2.0,Hold,10.0,Hold,7.0
14/2/2024,470.7,0.7058365237723941,Hold,8.0,Hold,3.0,Hold,8.0,Hold,4.0,Hold,4.0,Hold,9.0,Hold,7.0,Hold,2.0,Hold,10.0,Hold,7.0
15/2/2024,481.39,0.8741682300000001,Hold,8.0,Hold,3.0,Hold,8.0,Hold,4.0,Hold,4.0,Hold,9.0,Hold,7.0,Hold,2.0,Hold,10.0,Hold,7.0
16/2/2024,470.74,0.7484712662962963,Hold,8.0,Hold,3.0,Hold,8.0,Hold,4.0,Hold,4.0,Hold,9.0,Hold,7.0,Hold,2.0,Hold,10.0,Hold,7.0
20/2/2024,469.18,0.6880235599999999,Hold,8.0,Hold,3.0,Hold,8.0,Hold,4.0,Hold,4.0,Hold,9.0,Hold,7.0,Hold,2.0,Hold,10.0,Hold,7.0
21/2/2024,465.97,0.975327426818182,Hold,8.0,Hold,3.0,Hold,8.0,Hold,4.0,Hold,4.0,Hold,9.0,Hold,7.0,Hold,2.0,Hold,10.0,Hold,7.0
22/2/2024,483.99,0.5740777045356493,Hold,8.0,Hold,3.0,Hold,8.0,Hold,4.0,Hold,4.0,Hold,9.0,Hold,7.0,Hold,2.0,Hold,10.0,Hold,7.0
23/2/2024,481.9,0.72658345,Hold,8.0,Hold,3.0,Hold,8.0,Hold,4.0,Hold,4.0,Hold,9.0,Hold,7.0,Hold,2.0,Hold,10.0,Hold,7.0
26/2/2024,479.62,0.2980747962692307,Hold,8.0,Hold,3.0,Hold,8.0,Hold,4.0,Hold,4.0,Hold,9.0,Hold,7.0,Hold,2.0,Hold,10.0,Hold,7.0
27/2/2024,484.91,-0.025732812,Hold,8.0,Hold,3.0,Hold,8.0,Hold,4.0,Hold,4.0,Hold,9.0,Hold,7.0,Hold,2.0,Hold,10.0,Hold,7.0
28/2/2024,481.89,0.6287863493749999,Hold,8.0,Hold,3.0,Hold,8.0,Hold,4.0,Hold,4.0,Hold,9.0,Hold,7.0,Hold,2.0,Hold,10.0,Hold,7.0
29/2/2024,487.97,0.58830307,Hold,8.0,Hold,3.0,Hold,8.0,Hold,4.0,Hold,4.0,Hold,9.0,Hold,7.0,Hold,2.0,Hold,10.0,Hold,7.0
1/3/2024,500.09,0.9990408941176472,Hold,8.0,Hold,3.0,Hold,8.0,Hold,4.0,Hold,4.0,Hold,9.0,Hold,7.0,Hold,2.0,Hold,10.0,Hold,7.0
4/3/2024,496.0,0.6574346427586208,Hold,8.0,Hold,3.0,Hold,8.0,Hold,4.0,Hold,4.0,Hold,9.0,Hold,7.0,Hold,2.0,Hold,10.0,Hold,7.0
5/3/2024,488.06,0.2100524407,Hold,8.0,Hold,3.0,Hold,8.0,Hold,4.0,Hold,4.0,Hold,9.0,Hold,7.0,Hold,2.0,Hold,10.0,Hold,7.0
6/3/2024,493.91,0.6576266000000001,Hold,8.0,Hold,3.0,Hold,8.0,Hold,4.0,Hold,4.0,Hold,9.0,Hold,7.0,Hold,2.0,Hold,10.0,Hold,7.0
7/3/2024,509.94,0.700009703955699,Hold,8.0,Hold,3.0,Hold,8.0,Hold,4.0,Hold,4.0,Hold,9.0,Hold,7.0,Hold,2.0,Hold,10.0,Hold,7.0
8/3/2024,503.72,1.4212816e-06,Hold,8.0,Hold,3.0,Hold,8.0,Hold,4.0,Hold,4.0,Hold,9.0,Hold,7.0,Hold,2.0,Hold,10.0,Hold,7.0
11/3/2024,481.46,0.0296990362962962,Hold,8.0,Hold,3.0,Hold,8.0,Hold,4.0,Hold,4.0,Hold,9.0,Hold,7.0,Hold,2.0,Hold,10.0,Hold,7.0
12/3/2024,497.55,0.6722259875,Hold,8.0,Hold,3.0,Hold,8.0,Hold,4.0,Hold,4.0,Hold,9.0,Hold,7.0,Sell,2.0,Hold,10.0,Hold,7.0
13/3/2024,493.39,0.7986934015384615,Hold,8.0,Hold,3.0,Hold,8.0,Hold,4.0,Hold,4.0,Hold,9.0,Hold,7.0,Hold,2.0,Hold,10.0,Hold,7.0
14/3/2024,489.67,-0.3566708934460693,Hold,8.0,Hold,3.0,Hold,8.0,Hold,4.0,Hold,4.0,Hold,9.0,Hold,7.0,Hold,2.0,Hold,10.0,Hold,7.0
15/3/2024,481.97,0.6640532178826087,Hold,8.0,Hold,3.0,Hold,8.0,Hold,4.0,Hold,4.0,Hold,9.0,Hold,7.0,Sell,2.0,Hold,10.0,Hold,7.0
18/3/2024,494.79,0.0022738448,Hold,8.0,Hold,3.0,Hold,8.0,Hold,4.0,Hold,4.0,Hold,9.0,Hold,7.0,Hold,2.0,Hold,10.0,Hold,7.0
19/3/2024,494.06,0.9973774635294118,Hold,8.0,Hold,3.0,Hold,8.0,Hold,4.0,Hold,4.0,Hold,9.0,Hold,7.0,Hold,2.0,Hold,10.0,Hold,7.0
20/3/2024,503.3,0.9948095603448276,Hold,8.0,Hold,3.0,Hold,8.0,Hold,4.0,Hold,4.0,Hold,9.0,Hold,7.0,Hold,2.0,Hold,10.0,Hold,7.0
21/3/2024,505.53,0.5475450968181819,Hold,8.0,Hold,3.0,Hold,8.0,Hold,4.0,Hold,4.0,Hold,9.0,Hold,7.0,Hold,2.0,Hold,10.0,Hold,7.0
22/3/2024,507.34,0.7090199783333332,Hold,8.0,Hold,3.0,Hold,8.0,Hold,4.0,Hold,4.0,Hold,9.0,Hold,7.0,Hold,2.0,Hold,10.0,Hold,7.0
25/3/2024,500.81,0.9788079823529412,Hold,8.0,Hold,3.0,Hold,8.0,Hold,4.0,Hold,4.0,Hold,9.0,Hold,7.0,Hold,2.0,Hold,10.0,Hold,7.0
26/3/2024,493.71,0.8115242712812499,Hold,8.0,Hold,3.0,Hold,8.0,Hold,4.0,Hold,4.0,Hold,9.0,Hold,7.0,Buy,2.0,Hold,10.0,Hold,7.0
27/3/2024,491.69,0.9948208,Hold,8.0,Hold,3.0,Hold,8.0,Hold,4.0,Sell,4.0,Hold,9.0,Hold,7.0,Sell,2.0,Hold,10.0,Hold,7.0
28/3/2024,483.44,-0.1291427032045,Hold,8.0,Hold,3.0,Hold,8.0,Hold,4.0,Hold,4.0,Hold,9.0,Hold,7.0,Hold,2.0,Hold,10.0,Hold,7.0
1/4/2024,489.19,0.9966844773913044,Hold,8.0,Hold,3.0,Hold,8.0,Hold,4.0,Hold,4.0,Hold,9.0,Hold,7.0,Hold,2.0,Hold,10.0,Sell,7.0
2/4/2024,495.18,0.706748496775,Hold,8.0,Hold,3.0,Hold,8.0,Hold,4.0,Hold,4.0,Hold,9.0,Hold,7.0,Hold,2.0,Hold,10.0,Hold,7.0
3/4/2024,504.51,-0.2027308191281657,Buy,8.0,Hold,3.0,Buy,8.0,Hold,4.0,Buy,4.0,Hold,9.0,Hold,7.0,Buy,2.0,Hold,10.0,Buy,7.0
4/4/2024,508.67,0.7439419658965518,Hold,8.0,Sell,3.0,Hold,8.0,Hold,4.0,Hold,4.0,Hold,9.0,Hold,7.0,Hold,2.0,Hold,10.0,Hold,7.0
5/4/2024,525.02,0.7147113576563888,Hold,8.0,Hold,3.0,Hold,8.0,Hold,4.0,Hold,4.0,Hold,9.0,Hold,7.0,Hold,2.0,Hold,10.0,Hold,7.0
8/4/2024,516.96,0.5645096203589745,Hold,8.0,Hold,3.0,Hold,8.0,Hold,4.0,Hold,4.0,Hold,9.0,Hold,7.0,Hold,2.0,Hold,10.0,Hold,7.0
9/4/2024,514.63,0.9970862979310348,Hold,8.0,Hold,3.0,Hold,8.0,Hold,4.0,Hold,4.0,Hold,9.0,Hold,7.0,Hold,2.0,Hold,10.0,Hold,7.0
10/4/2024,517.54,0.702326015,Hold,8.0,Hold,3.0,Hold,8.0,Hold,4.0,Hold,4.0,Hold,9.0,Hold,7.0,Hold,2.0,Hold,10.0,Hold,7.0
11/4/2024,520.86,0.7826254931578948,Hold,8.0,Hold,3.0,Hold,8.0,Hold,4.0,Hold,4.0,Hold,9.0,Hold,7.0,Hold,2.0,Hold,10.0,Hold,7.0
12/4/2024,509.65,0.9999286,Sell,8.0,Hold,3.0,Sell,8.0,Hold,4.0,Hold,4.0,Sell,9.0,Hold,7.0,Hold,2.0,Hold,10.0,Hold,7.0
15/4/2024,498.03,0.706134797889447,Hold,8.0,Hold,3.0,Hold,8.0,Hold,4.0,Hold,4.0,Hold,9.0,Hold,7.0,Hold,2.0,Hold,10.0,Hold,7.0
16/4/2024,497.56,0.3929488770793801,Hold,8.0,Hold,3.0,Hold,8.0,Sell,4.0,Sell,4.0,Hold,9.0,Sell,7.0,Sell,2.0,Sell,10.0,Sell,7.0
17/4/2024,492.0,0.5648116259426668,Hold,8.0,Hold,3.0,Hold,8.0,Hold,4.0,Hold,4.0,Hold,9.0,Hold,7.0,Hold,2.0,Hold,10.0,Hold,7.0
18/4/2024,499.59,0.8649772410204083,Hold,8.0,Hold,3.0,Hold,8.0,Hold,4.0,Hold,4.0,Hold,9.0,Hold,7.0,Hold,2.0,Hold,10.0,Hold,7.0
19/4/2024,478.95,0.5052967876785713,Hold,8.0,Hold,3.0,Hold,8.0,Hold,4.0,Hold,4.0,Hold,9.0,Hold,7.0,Hold,2.0,Hold,10.0,Hold,7.0
22/4/2024,479.61,0.8642864042302174,Hold,8.0,Hold,3.0,Hold,8.0,Hold,4.0,Hold,4.0,Hold,9.0,Hold,7.0,Hold,2.0,Hold,10.0,Hold,7.0
23/4/2024,493.92,0.5778140184154359,Hold,8.0,Hold,3.0,Hold,8.0,Hold,4.0,Hold,4.0,Hold,9.0,Hold,7.0,Hold,2.0,Hold,10.0,Hold,7.0
24/4/2024,491.33,-0.1180771933241502,Hold,8.0,Hold,3.0,Hold,8.0,Hold,4.0,Hold,4.0,Hold,9.0,Hold,7.0,Hold,2.0,Hold,10.0,Hold,7.0
25/4/2024,439.44,0.1016963462208884,Hold,8.0,Hold,3.0,Hold,8.0,Hold,4.0,Hold,4.0,Hold,9.0,Hold,7.0,Hold,2.0,Hold,10.0,Hold,7.0
26/4/2024,441.34,0.6004131039448006,Hold,8.0,Hold,3.0,Hold,8.0,Hold,4.0,Hold,4.0,Hold,9.0,Hold,7.0,Hold,2.0,Hold,10.0,Hold,7.0
29/4/2024,430.72,0.5758586509963928,Hold,8.0,Hold,3.0,Hold,8.0,Hold,4.0,Hold,4.0,Hold,9.0,Hold,7.0,Hold,2.0,Hold,10.0,Hold,7.0
30/4/2024,428.28,0.8207777876923077,Hold,8.0,Hold,3.0,Hold,8.0,Hold,4.0,Hold,4.0,Hold,9.0,Hold,7.0,Hold,2.0,Hold,10.0,Hold,7.0
1/5/2024,437.26,0.8943930911342858,Hold,8.0,Buy,3.0,Hold,8.0,Hold,4.0,Hold,4.0,Hold,9.0,Hold,7.0,Hold,2.0,Hold,10.0,Hold,7.0
2/5/2024,439.74,0.3084428116041667,Hold,8.0,Buy,3.0,Hold,8.0,Hold,4.0,Hold,4.0,Hold,9.0,Hold,7.0,Hold,2.0,Hold,10.0,Hold,7.0
3/5/2024,449.97,0.2700716924727894,Hold,8.0,Hold,3.0,Hold,8.0,Hold,4.0,Hold,4.0,Hold,9.0,Hold,7.0,Hold,2.0,Hold,10.0,Hold,7.0
6/5/2024,463.63,0.7693273559999999,Hold,8.0,Hold,3.0,Hold,8.0,Hold,4.0,Hold,4.0,Hold,9.0,Hold,7.0,Hold,2.0,Hold,10.0,Hold,7.0
7/5/2024,466.18,0.8662696294117648,Buy,8.0,Hold,3.0,Hold,8.0,Hold,4.0,Hold,4.0,Hold,9.0,Hold,7.0,Buy,2.0,Buy,10.0,Hold,7.0
8/5/2024,470.52,0.3035201447460607,Hold,8.0,Hold,3.0,Buy,8.0,Hold,4.0,Hold,4.0,Buy,9.0,Hold,7.0,Hold,2.0,Hold,10.0,Hold,7.0
9/5/2024,473.33,0.5870018961723141,Hold,8.0,Hold,3.0,Hold,8.0,Hold,4.0,Hold,4.0,Hold,9.0,Hold,7.0,Hold,2.0,Hold,10.0,Buy,7.0
10/5/2024,474.1,0.505371984,Hold,8.0,Hold,3.0,Hold,8.0,Hold,4.0,Hold,4.0,Hold,9.0,Hold,7.0,Hold,2.0,Hold,10.0,Hold,7.0
13/5/2024,465.95,0.9924245,Hold,8.0,Hold,3.0,Hold,8.0,Hold,4.0,Hold,4.0,Hold,9.0,Hold,7.0,Hold,2.0,Hold,10.0,Hold,7.0
14/5/2024,469.77,0.986526095,Hold,8.0,Hold,3.0,Hold,8.0,Hold,4.0,Hold,4.0,Hold,9.0,Hold,7.0,Hold,2.0,Sell,10.0,Hold,7.0
15/5/2024,479.42,0.8818730633333334,Hold,8.0,Sell,3.0,Hold,8.0,Hold,4.0,Hold,4.0,Hold,9.0,Hold,7.0,Hold,2.0,Hold,10.0,Buy,7.0
16/5/2024,471.15,-0.1143888453846154,Hold,8.0,Hold,3.0,Hold,8.0,Hold,4.0,Hold,4.0,Hold,9.0,Hold,7.0,Hold,2.0,Buy,10.0,Hold,7.0
17/5/2024,469.83,0.9999603,Hold,8.0,Sell,3.0,Hold,8.0,Hold,4.0,Buy,4.0,Hold,9.0,Hold,7.0,Hold,2.0,Hold,10.0,Buy,7.0
20/5/2024,466.78,-0.2135926418181817,Hold,8.0,Sell,3.0,Hold,8.0,Hold,4.0,Hold,4.0,Hold,9.0,Hold,7.0,Hold,2.0,Sell,10.0,Hold,7.0
21/5/2024,462.59,0.99706297,Hold,8.0,Hold,3.0,Hold,8.0,Sell,4.0,Hold,4.0,Hold,9.0,Sell,7.0,Sell,2.0,Sell,10.0,Hold,7.0
22/5/2024,465.72,0.9988858263157894,Hold,8.0,Hold,3.0,Hold,8.0,Hold,4.0,Hold,4.0,Hold,9.0,Hold,7.0,Hold,2.0,Hold,10.0,Hold,7.0
23/5/2024,463.73,0.5967084942468001,Hold,8.0,Hold,3.0,Hold,8.0,Hold,4.0,Hold,4.0,Hold,9.0,Hold,7.0,Sell,2.0,Hold,10.0,Hold,7.0
24/5/2024,476.12,0.99592973,Hold,8.0,Hold,3.0,Hold,8.0,Hold,4.0,Hold,4.0,Hold,9.0,Hold,7.0,Hold,2.0,Hold,10.0,Hold,7.0
28/5/2024,477.81,0.981331705,Hold,8.0,Hold,3.0,Hold,8.0,Buy,4.0,Hold,4.0,Hold,9.0,Buy,7.0,Buy,2.0,Buy,10.0,Hold,7.0
29/5/2024,472.27,0.5182486850212101,Hold,8.0,Hold,3.0,Hold,8.0,Hold,4.0,Hold,4.0,Hold,9.0,Hold,7.0,Hold,2.0,Hold,10.0,Hold,7.0
30/5/2024,464.99,0.6969499412725757,Hold,8.0,Hold,3.0,Hold,8.0,Buy,4.0,Hold,4.0,Hold,9.0,Buy,7.0,Hold,2.0,Hold,10.0,Hold,7.0
31/5/2024,464.78,0.9948208,Hold,8.0,Hold,3.0,Hold,8.0,Sell,4.0,Sell,4.0,Hold,9.0,Sell,7.0,Hold,2.0,Sell,10.0,Sell,7.0
3/6/2024,475.39,0.7664727657217298,Hold,8.0,Hold,3.0,Hold,8.0,Hold,4.0,Hold,4.0,Hold,9.0,Hold,7.0,Hold,2.0,Hold,10.0,Hold,7.0
4/6/2024,474.89,0.628574078289,Hold,8.0,Hold,3.0,Hold,8.0,Buy,4.0,Hold,4.0,Hold,9.0,Buy,7.0,Buy,2.0,Buy,10.0,Hold,7.0
5/6/2024,492.88,0.3460687722923077,Hold,8.0,Hold,3.0,Hold,8.0,Hold,4.0,Hold,4.0,Hold,9.0,Hold,7.0,Hold,2.0,Hold,10.0,Hold,7.0
6/6/2024,491.59,0.94509035,Hold,8.0,Hold,3.0,Hold,8.0,Hold,4.0,Hold,4.0,Hold,9.0,Hold,7.0,Hold,2.0,Hold,10.0,Hold,7.0
7/6/2024,490.79,0.6631691219999999,Hold,8.0,Hold,3.0,Hold,8.0,Hold,4.0,Hold,4.0,Hold,9.0,Hold,7.0,Hold,2.0,Hold,10.0,Hold,7.0
10/6/2024,500.39,0.630514659375,Hold,8.0,Hold,3.0,Hold,8.0,Hold,4.0,Hold,4.0,Hold,9.0,Hold,7.0,Hold,2.0,Hold,10.0,Hold,7.0
11/6/2024,505.24,0.5563353340656945,Hold,8.0,Hold,3.0,Hold,8.0,Hold,4.0,Hold,4.0,Hold,9.0,Hold,7.0,Hold,2.0,Hold,10.0,Hold,7.0
12/6/2024,506.6,0.7876992,Hold,8.0,Hold,3.0,Hold,8.0,Hold,4.0,Hold,4.0,Hold,9.0,Hold,7.0,Hold,2.0,Hold,10.0,Hold,7.0
13/6/2024,501.88,0.9963458666666668,Hold,8.0,Hold,3.0,Hold,8.0,Hold,4.0,Hold,4.0,Hold,9.0,Hold,7.0,Hold,2.0,Hold,10.0,Hold,7.0
14/6/2024,502.44,0.9810049630769232,Hold,8.0,Hold,3.0,Hold,8.0,Hold,4.0,Hold,4.0,Hold,9.0,Hold,7.0,Hold,2.0,Hold,10.0,Hold,7.0
17/6/2024,504.9,0.7552353966188856,Hold,8.0,Hold,3.0,Hold,8.0,Hold,4.0,Hold,4.0,Hold,9.0,Hold,7.0,Hold,2.0,Hold,10.0,Hold,7.0
18/6/2024,497.79,0.6102764751428571,Hold,8.0,Hold,3.0,Hold,8.0,Hold,4.0,Hold,4.0,Hold,9.0,Hold,7.0,Hold,2.0,Hold,10.0,Hold,7.0
20/6/2024,499.99,0.4190967892038379,Hold,8.0,Sell,3.0,Hold,8.0,Hold,4.0,Hold,4.0,Hold,9.0,Hold,7.0,Hold,2.0,Hold,10.0,Hold,7.0
21/6/2024,493.09,0.1257207878344725,Hold,8.0,Hold,3.0,Hold,8.0,Hold,4.0,Hold,4.0,Hold,9.0,Hold,7.0,Hold,2.0,Hold,10.0,Hold,7.0
24/6/2024,497.21,0.6696677998782878,Sell,8.0,Hold,3.0,Hold,8.0,Hold,4.0,Hold,4.0,Hold,9.0,Hold,7.0,Sell,2.0,Hold,10.0,Hold,7.0
25/6/2024,508.86,0.9976801525925926,Buy,8.0,Sell,3.0,Hold,8.0,Hold,4.0,Hold,4.0,Hold,9.0,Hold,7.0,Buy,2.0,Hold,10.0,Hold,7.0
26/6/2024,511.37,0.6357740157737757,Hold,8.0,Hold,3.0,Hold,8.0,Hold,4.0,Hold,4.0,Hold,9.0,Hold,7.0,Hold,2.0,Hold,10.0,Hold,7.0
27/6/2024,517.79,0.8398308072727272,Hold,8.0,Sell,3.0,Hold,8.0,Hold,4.0,Hold,4.0,Hold,9.0,Hold,7.0,Sell,2.0,Hold,10.0,Hold,7.0
28/6/2024,502.5,0.9158679127272727,Hold,8.0,Hold,3.0,Hold,8.0,Hold,4.0,Hold,4.0,Hold,9.0,Hold,7.0,Hold,2.0,Hold,10.0,Hold,7.0
1/7/2024,502.96,0.0528680384432362,Sell,8.0,Hold,3.0,Hold,8.0,Hold,4.0,Hold,4.0,Hold,9.0,Hold,7.0,Hold,2.0,Hold,10.0,Hold,7.0
2/7/2024,507.76,0.8402847720689657,Buy,8.0,Hold,3.0,Hold,8.0,Hold,4.0,Hold,4.0,Hold,9.0,Hold,7.0,Buy,2.0,Hold,10.0,Hold,7.0
3/7/2024,508.22,0.7047679103405999,Hold,8.0,Hold,3.0,Hold,8.0,Hold,4.0,Hold,4.0,Hold,9.0,Hold,7.0,Hold,2.0,Hold,10.0,Hold,7.0
5/7/2024,538.07,0.4320757247256974,Hold,8.0,Hold,3.0,Hold,8.0,Hold,4.0,Hold,4.0,Hold,9.0,Hold,7.0,Hold,2.0,Hold,10.0,Hold,7.0
8/7/2024,527.51,0.4864365015353076,Hold,8.0,Hold,3.0,Hold,8.0,Hold,4.0,Hold,4.0,Hold,9.0,Hold,7.0,Hold,2.0,Hold,10.0,Hold,7.0
9/7/2024,528.19,0.0244891836515722,Hold,8.0,Hold,3.0,Hold,8.0,Hold,4.0,Hold,4.0,Hold,9.0,Hold,7.0,Hold,2.0,Hold,10.0,Hold,7.0
10/7/2024,532.87,0.1997750419999999,Hold,8.0,Hold,3.0,Hold,8.0,Hold,4.0,Hold,4.0,Hold,9.0,Hold,7.0,Hold,2.0,Hold,10.0,Hold,7.0
11/7/2024,510.95,0.5348151461538462,Hold,8.0,Hold,3.0,Hold,8.0,Hold,4.0,Hold,4.0,Hold,9.0,Hold,7.0,Hold,2.0,Hold,10.0,Hold,7.0
12/7/2024,497.17,0.9714018486956522,Sell,8.0,Hold,3.0,Sell,8.0,Sell,4.0,Sell,4.0,Sell,9.0,Hold,7.0,Sell,2.0,Sell,10.0,Hold,7.0
15/7/2024,494.47,-0.121631881125,Hold,8.0,Hold,3.0,Hold,8.0,Hold,4.0,Hold,4.0,Hold,9.0,Sell,7.0,Hold,2.0,Hold,10.0,Sell,7.0
16/7/2024,488.12,0.935280662,Hold,8.0,Hold,3.0,Hold,8.0,Hold,4.0,Hold,4.0,Hold,9.0,Hold,7.0,Hold,2.0,Hold,10.0,Hold,7.0
17/7/2024,460.41,0.4103048,Hold,8.0,Hold,3.0,Hold,8.0,Hold,4.0,Hold,4.0,Hold,9.0,Hold,7.0,Hold,2.0,Hold,10.0,Hold,7.0
18/7/2024,474.23,0.9996171080645164,Hold,8.0,Hold,3.0,Hold,8.0,Hold,4.0,Hold,4.0,Hold,9.0,Hold,7.0,Hold,2.0,Hold,10.0,Hold,7.0
19/7/2024,475.16,0.9980156105,Hold,8.0,Hold,3.0,Hold,8.0,Hold,4.0,Hold,4.0,Hold,9.0,Hold,7.0,Hold,2.0,Hold,10.0,Hold,7.0
22/7/2024,485.74,0.4999874421623975,Hold,8.0,Hold,3.0,Hold,8.0,Hold,4.0,Hold,4.0,Hold,9.0,Hold,7.0,Hold,2.0,Hold,10.0,Hold,7.0
23/7/2024,487.02,0.9948208,Hold,8.0,Hold,3.0,Hold,8.0,Hold,4.0,Hold,4.0,Hold,9.0,Hold,7.0,Hold,2.0,Hold,10.0,Hold,7.0
24/7/2024,459.7,0.5465284787500001,Hold,8.0,Hold,3.0,Hold,8.0,Hold,4.0,Hold,4.0,Hold,9.0,Hold,7.0,Hold,2.0,Hold,10.0,Hold,7.0
25/7/2024,451.86,0.8665817080519458,Hold,8.0,Hold,3.0,Hold,8.0,Hold,4.0,Hold,4.0,Hold,9.0,Hold,7.0,Hold,2.0,Hold,10.0,Hold,7.0
26/7/2024,464.11,0.4856004909678343,Hold,8.0,Hold,3.0,Hold,8.0,Hold,4.0,Hold,4.0,Hold,9.0,Hold,7.0,Hold,2.0,Hold,10.0,Hold,7.0
29/7/2024,464.12,0.7863797980647058,Hold,8.0,Buy,3.0,Hold,8.0,Hold,4.0,Hold,4.0,Hold,9.0,Hold,7.0,Hold,2.0,Hold,10.0,Hold,7.0
30/7/2024,461.61,0.68822958125,Hold,8.0,Buy,3.0,Hold,8.0,Hold,4.0,Hold,4.0,Hold,9.0,Hold,7.0,Hold,2.0,Hold,10.0,Hold,7.0
31/7/2024,473.21,0.2778510839996902,Hold,8.0,Hold,3.0,Hold,8.0,Hold,4.0,Hold,4.0,Hold,9.0,Hold,7.0,Hold,2.0,Hold,10.0,Hold,7.0
1/8/2024,496.04,0.2545851297951214,Hold,8.0,Hold,3.0,Hold,8.0,Hold,4.0,Hold,4.0,Hold,9.0,Hold,7.0,Hold,2.0,Hold,10.0,Hold,7.0
2/8/2024,486.47,0.7281486284444446,Buy,8.0,Hold,3.0,Buy,8.0,Buy,4.0,Buy,4.0,Buy,9.0,Buy,7.0,Buy,2.0,Buy,10.0,Buy,7.0
5/8/2024,474.11,0.2047371313157894,Hold,8.0,Hold,3.0,Hold,8.0,Hold,4.0,Hold,4.0,Hold,9.0,Hold,7.0,Hold,2.0,Hold,10.0,Hold,7.0
6/8/2024,492.4,0.4948852180645162,Hold,8.0,Hold,3.0,Hold,8.0,Hold,4.0,Hold,4.0,Hold,9.0,Hold,7.0,Hold,2.0,Sell,10.0,Hold,7.0
7/8/2024,487.25,0.9134192606210374,Hold,8.0,Hold,3.0,Hold,8.0,Buy,4.0,Buy,4.0,Hold,9.0,Buy,7.0,Buy,2.0,Buy,10.0,Buy,7.0
8/8/2024,507.89,0.7690901335076923,Hold,8.0,Hold,3.0,Hold,8.0,Hold,4.0,Hold,4.0,Hold,9.0,Hold,7.0,Hold,2.0,Hold,10.0,Hold,7.0
9/8/2024,516.0,0.999442983125,Hold,8.0,Hold,3.0,Hold,8.0,Hold,4.0,Hold,4.0,Hold,9.0,Hold,7.0,Hold,2.0,Hold,10.0,Hold,7.0
12/8/2024,514.19,0.2310524961817845,Hold,8.0,Hold,3.0,Hold,8.0,Hold,4.0,Hold,4.0,Hold,9.0,Hold,7.0,Hold,2.0,Hold,10.0,Hold,7.0
13/8/2024,526.74,0.9999288,Hold,8.0,Hold,3.0,Hold,8.0,Hold,4.0,Hold,4.0,Hold,9.0,Hold,7.0,Hold,2.0,Hold,10.0,Hold,7.0
14/8/2024,524.96,0.4550076861578948,Hold,8.0,Hold,3.0,Hold,8.0,Hold,4.0,Hold,4.0,Hold,9.0,Hold,7.0,Hold,2.0,Hold,10.0,Hold,7.0
15/8/2024,535.5,0.6142214309090909,Hold,8.0,Hold,3.0,Hold,8.0,Hold,4.0,Hold,4.0,Hold,9.0,Hold,7.0,Hold,2.0,Hold,10.0,Hold,7.0
16/8/2024,525.62,0.2328940675675675,Hold,8.0,Hold,3.0,Hold,8.0,Hold,4.0,Hold,4.0,Hold,9.0,Hold,7.0,Hold,2.0,Hold,10.0,Hold,7.0
19/8/2024,527.47,0.8638584674416668,Hold,8.0,Hold,3.0,Hold,8.0,Hold,4.0,Hold,4.0,Hold,9.0,Hold,7.0,Hold,2.0,Hold,10.0,Hold,7.0
20/8/2024,524.93,0.644223811,Hold,8.0,Hold,3.0,Hold,8.0,Hold,4.0,Hold,4.0,Hold,9.0,Hold,7.0,Hold,2.0,Hold,10.0,Hold,7.0
21/8/2024,533.33,0.6687899805882352,Hold,8.0,Hold,3.0,Hold,8.0,Hold,4.0,Hold,4.0,Hold,9.0,Hold,7.0,Hold,2.0,Hold,10.0,Hold,7.0
22/8/2024,530.11,0.7079077130500001,Hold,8.0,Hold,3.0,Hold,8.0,Hold,4.0,Hold,4.0,Hold,9.0,Hold,7.0,Hold,2.0,Hold,10.0,Hold,7.0
23/8/2024,526.2,0.5080371899999999,Hold,8.0,Sell,3.0,Hold,8.0,Hold,4.0,Hold,4.0,Hold,9.0,Hold,7.0,Hold,2.0,Hold,10.0,Hold,7.0
26/8/2024,519.34,0.2049349936665924,Hold,8.0,Hold,3.0,Hold,8.0,Hold,4.0,Hold,4.0,Hold,9.0,Hold,7.0,Hold,2.0,Hold,10.0,Hold,7.0
27/8/2024,517.33,0.5827786060526315,Sell,8.0,Hold,3.0,Hold,8.0,Hold,4.0,Sell,4.0,Hold,9.0,Hold,7.0,Sell,2.0,Hold,10.0,Hold,7.0
28/8/2024,515.02,0.71320698,Sell,8.0,Hold,3.0,Sell,8.0,Hold,4.0,Hold,4.0,Sell,9.0,Hold,7.0,Hold,2.0,Hold,10.0,Hold,7.0
29/8/2024,516.45,0.97366904,Hold,8.0,Hold,3.0,Hold,8.0,Hold,4.0,Hold,4.0,Hold,9.0,Hold,7.0,Sell,2.0,Hold,10.0,Hold,7.0
30/8/2024,519.53,-0.4000017999999999,Hold,8.0,Hold,3.0,Hold,8.0,Hold,4.0,Hold,4.0,Hold,9.0,Hold,7.0,Hold,2.0,Hold,10.0,Hold,7.0
3/9/2024,510.01,-0.4072945279999999,Hold,8.0,Hold,3.0,Hold,8.0,Hold,4.0,Hold,4.0,Hold,9.0,Hold,7.0,Hold,2.0,Buy,10.0,Hold,7.0
4/9/2024,510.99,0.83946717,Hold,8.0,Hold,3.0,Hold,8.0,Sell,4.0,Sell,4.0,Hold,9.0,Sell,7.0,Hold,2.0,Sell,10.0,Sell,7.0
5/9/2024,515.1,0.8528465229411765,Hold,8.0,Hold,3.0,Hold,8.0,Hold,4.0,Hold,4.0,Hold,9.0,Hold,7.0,Hold,2.0,Hold,10.0,Hold,7.0
6/9/2024,498.56,-0.45148868,Hold,8.0,Hold,3.0,Buy,8.0,Hold,4.0,Hold,4.0,Hold,9.0,Buy,7.0,Hold,2.0,Hold,10.0,Hold,7.0
9/9/2024,503.07,0.0002269403528695,Hold,8.0,Hold,3.0,Hold,8.0,Hold,4.0,Hold,4.0,Hold,9.0,Sell,7.0,Hold,2.0,Hold,10.0,Hold,7.0
10/9/2024,503.07,0.2324454213394117,Hold,8.0,Hold,3.0,Hold,8.0,Hold,4.0,Hold,4.0,Hold,9.0,Hold,7.0,Hold,2.0,Hold,10.0,Hold,7.0
11/9/2024,510.08,-0.2208003043749999,Hold,8.0,Hold,3.0,Hold,8.0,Hold,4.0,Hold,4.0,Hold,9.0,Hold,7.0,Hold,2.0,Hold,10.0,Hold,7.0
12/9/2024,523.81,0.00019999569,Hold,8.0,Hold,3.0,Hold,8.0,Hold,4.0,Hold,4.0,Buy,9.0,Hold,7.0,Hold,2.0,Buy,10.0,Hold,7.0
13/9/2024,522.83,0.5900997842882353,Buy,8.0,Hold,3.0,Buy,8.0,Buy,4.0,Buy,4.0,Hold,9.0,Buy,7.0,Buy,2.0,Hold,10.0,Buy,7.0
16/9/2024,531.97,0.5772201092823529,Hold,8.0,Hold,3.0,Hold,8.0,Hold,4.0,Hold,4.0,Hold,9.0,Hold,7.0,Hold,2.0,Hold,10.0,Hold,7.0
17/9/2024,535.0,0.760006264,Hold,8.0,Hold,3.0,Hold,8.0,Hold,4.0,Hold,4.0,Hold,9.0,Hold,7.0,Hold,2.0,Hold,10.0,Hold,7.0
18/9/2024,536.63,0.9999077,Hold,8.0,Hold,3.0,Hold,8.0,Hold,4.0,Hold,4.0,Hold,9.0,Hold,7.0,Hold,2.0,Hold,10.0,Hold,7.0
19/9/2024,557.72,0.5507204684909432,Hold,8.0,Hold,3.0,Hold,8.0,Hold,4.0,Hold,4.0,Hold,9.0,Hold,7.0,Hold,2.0,Hold,10.0,Hold,7.0
20/9/2024,559.97,0.5098197710798544,Hold,8.0,Hold,3.0,Hold,8.0,Hold,4.0,Hold,4.0,Hold,9.0,Hold,7.0,Hold,2.0,Hold,10.0,Hold,7.0
23/9/2024,563.02,0.7893991489553936,Hold,8.0,Hold,3.0,Hold,8.0,Hold,4.0,Hold,4.0,Hold,9.0,Hold,7.0,Hold,2.0,Hold,10.0,Hold,7.0
24/9/2024,561.94,0.5866209014814816,Hold,8.0,Hold,3.0,Hold,8.0,Hold,4.0,Hold,4.0,Hold,9.0,Hold,7.0,Hold,2.0,Hold,10.0,Hold,7.0
25/9/2024,566.91,0.6053567183098783,Hold,8.0,Hold,3.0,Hold,8.0,Hold,4.0,Hold,4.0,Hold,9.0,Hold,7.0,Hold,2.0,Hold,10.0,Hold,7.0
26/9/2024,566.44,0.6010921651747054,Hold,8.0,Hold,3.0,Hold,8.0,Hold,4.0,Hold,4.0,Hold,9.0,Hold,7.0,Hold,2.0,Hold,10.0,Hold,7.0
27/9/2024,565.96,0.99944275,Hold,8.0,Hold,3.0,Hold,8.0,Hold,4.0,Hold,4.0,Hold,9.0,Hold,7.0,Hold,2.0,Hold,10.0,Hold,7.0
30/9/2024,571.03,0.7238831817058824,Hold,8.0,Hold,3.0,Hold,8.0,Hold,4.0,Hold,4.0,Hold,9.0,Hold,7.0,Hold,2.0,Hold,10.0,Hold,7.0
1/10/2024,575.05,0.6333616521286228,Hold,8.0,Hold,3.0,Hold,8.0,Hold,4.0,Hold,4.0,Hold,9.0,Hold,7.0,Hold,2.0,Hold,10.0,Hold,7.0
2/10/2024,571.4,0.997038856,Hold,8.0,Hold,3.0,Hold,8.0,Hold,4.0,Hold,4.0,Hold,9.0,Hold,7.0,Hold,2.0,Hold,10.0,Hold,7.0
3/10/2024,581.34,0.4106507003791666,Hold,8.0,Hold,3.0,Hold,8.0,Hold,4.0,Hold,4.0,Hold,9.0,Hold,7.0,Hold,2.0,Hold,10.0,Hold,7.0
4/10/2024,594.47,0.4166006276384428,Hold,8.0,Hold,3.0,Hold,8.0,Hold,4.0,Hold,4.0,Hold,9.0,Hold,7.0,Hold,2.0,Hold,10.0,Hold,7.0
7/10/2024,583.34,0.5056238695,Hold,8.0,Hold,3.0,Hold,8.0,Hold,4.0,Hold,4.0,Hold,9.0,Hold,7.0,Hold,2.0,Hold,10.0,Hold,7.0
8/10/2024,591.43,0.9950225230769232,Hold,8.0,Hold,3.0,Hold,8.0,Hold,4.0,Hold,4.0,Hold,9.0,Hold,7.0,Hold,2.0,Hold,10.0,Hold,7.0
9/10/2024,589.06,0.5968122628125,Hold,8.0,Hold,3.0,Hold,8.0,Hold,4.0,Hold,4.0,Hold,9.0,Hold,7.0,Hold,2.0,Hold,10.0,Hold,7.0
10/10/2024,582.39,0.5090270340780485,Hold,8.0,Hold,3.0,Hold,8.0,Hold,4.0,Hold,4.0,Hold,9.0,Hold,7.0,Hold,2.0,Hold,10.0,Hold,7.0
11/10/2024,588.5,0.16714126,Hold,8.0,Hold,3.0,Hold,8.0,Hold,4.0,Hold,4.0,Hold,9.0,Hold,7.0,Hold,2.0,Hold,10.0,Hold,7.0
14/10/2024,588.97,0.2272744593453712,Sell,8.0,Hold,3.0,Hold,8.0,Hold,4.0,Hold,4.0,Hold,9.0,Hold,7.0,Hold,2.0,Hold,10.0,Hold,7.0
15/10/2024,584.83,0.9815676,Hold,8.0,Hold,3.0,Hold,8.0,Hold,4.0,Hold,4.0,Hold,9.0,Hold,7.0,Hold,2.0,Hold,10.0,Hold,7.0
16/10/2024,575.37,0.6715375456976637,Hold,8.0,Hold,3.0,Hold,8.0,Hold,4.0,Hold,4.0,Hold,9.0,Hold,7.0,Hold,2.0,Hold,10.0,Hold,7.0
17/10/2024,575.51,0.6785644253623188,Hold,8.0,Hold,3.0,Hold,8.0,Hold,4.0,Sell,4.0,Hold,9.0,Hold,7.0,Sell,2.0,Hold,10.0,Hold,7.0
18/10/2024,575.05,0.7308839570450002,Hold,8.0,Hold,3.0,Hold,8.0,Hold,4.0,Hold,4.0,Hold,9.0,Hold,7.0,Hold,2.0,Hold,10.0,Hold,7.0
21/10/2024,573.74,0.99025382,Hold,8.0,Hold,3.0,Hold,8.0,Hold,4.0,Hold,4.0,Hold,9.0,Hold,7.0,Sell,2.0,Hold,10.0,Hold,7.0
22/10/2024,580.58,0.9010907666666668,Hold,8.0,Hold,3.0,Hold,8.0,Hold,4.0,Hold,4.0,Hold,9.0,Hold,7.0,Hold,2.0,Hold,10.0,Hold,7.0
23/10/2024,562.3,0.4990451563306149,Hold,8.0,Hold,3.0,Hold,8.0,Hold,4.0,Hold,4.0,Hold,9.0,Hold,7.0,Buy,2.0,Hold,10.0,Hold,7.0
24/10/2024,566.38,0.4128385169374999,Hold,8.0,Hold,3.0,Hold,8.0,Hold,4.0,Sell,4.0,Hold,9.0,Hold,7.0,Sell,2.0,Hold,10.0,Sell,7.0
25/10/2024,571.84,0.4208342866729886,Hold,8.0,Hold,3.0,Hold,8.0,Hold,4.0,Sell,4.0,Hold,9.0,Hold,7.0,Hold,2.0,Hold,10.0,Sell,7.0
28/10/2024,576.74,0.4597656949407778,Hold,8.0,Hold,3.0,Hold,8.0,Hold,4.0,Hold,4.0,Hold,9.0,Hold,7.0,Hold,2.0,Hold,10.0,Hold,7.0
29/10/2024,591.82,0.3973288860860714,Hold,8.0,Hold,3.0,Hold,8.0,Hold,4.0,Hold,4.0,Hold,9.0,Hold,7.0,Buy,2.0,Hold,10.0,Hold,7.0
30/10/2024,590.34,-0.142140781082925,Hold,8.0,Hold,3.0,Hold,8.0,Hold,4.0,Hold,4.0,Hold,9.0,Hold,7.0,Hold,2.0,Hold,10.0,Hold,7.0
31/10/2024,566.18,0.1499568828802049,Hold,8.0,Hold,3.0,Hold,8.0,Hold,4.0,Hold,4.0,Hold,9.0,Hold,7.0,Hold,2.0,Hold,10.0,Hold,7.0
1/11/2024,565.76,0.800127732,Hold,8.0,Hold,3.0,Hold,8.0,Hold,4.0,Hold,4.0,Hold,9.0,Hold,7.0,Hold,2.0,Hold,10.0,Hold,7.0
4/11/2024,559.3,0.4148641924551107,Hold,8.0,Hold,3.0,Hold,8.0,Hold,4.0,Hold,4.0,Hold,9.0,Hold,7.0,Hold,2.0,Hold,10.0,Hold,7.0
5/11/2024,571.02,0.28806123028015,Hold,8.0,Hold,3.0,Hold,8.0,Hold,4.0,Hold,4.0,Hold,9.0,Hold,7.0,Buy,2.0,Hold,10.0,Hold,7.0
6/11/2024,570.64,0.561097194664069,Hold,8.0,Hold,3.0,Hold,8.0,Hold,4.0,Hold,4.0,Hold,9.0,Hold,7.0,Hold,2.0,Hold,10.0,Hold,7.0
7/11/2024,590.24,0.6881134449999999,Hold,8.0,Hold,3.0,Hold,8.0,Hold,4.0,Hold,4.0,Hold,9.0,Hold,7.0,Hold,2.0,Hold,10.0,Hold,7.0
8/11/2024,587.89,0.9971511,Buy,8.0,Hold,3.0,Buy,8.0,Hold,4.0,Buy,4.0,Hold,9.0,Hold,7.0,Buy,2.0,Hold,10.0,Buy,7.0
11/11/2024,581.73,0.9934080192307692,Hold,8.0,Hold,3.0,Hold,8.0,Hold,4.0,Hold,4.0,Hold,9.0,Hold,7.0,Sell,2.0,Hold,10.0,Hold,7.0
12/11/2024,583.38,0.8712364436189655,Hold,8.0,Hold,3.0,Hold,8.0,Hold,4.0,Hold,4.0,Buy,9.0,Hold,7.0,Hold,2.0,Hold,10.0,Hold,7.0
13/11/2024,578.57,0.9888899155,Sell,8.0,Hold,3.0,Sell,8.0,Hold,4.0,Hold,4.0,Sell,9.0,Hold,7.0,Hold,2.0,Hold,10.0,Hold,7.0
14/11/2024,575.74,-0.0344852409385514,Hold,8.0,Hold,3.0,Hold,8.0,Sell,4.0,Sell,4.0,Hold,9.0,Hold,7.0,Sell,2.0,Sell,10.0,Hold,7.0
15/11/2024,552.72,0.5847918359993077,Hold,8.0,Hold,3.0,Hold,8.0,Hold,4.0,Hold,4.0,Hold,9.0,Sell,7.0,Hold,2.0,Hold,10.0,Sell,7.0
18/11/2024,553.04,0.2056512143749999,Hold,8.0,Hold,3.0,Hold,8.0,Hold,4.0,Hold,4.0,Hold,9.0,Hold,7.0,Hold,2.0,Hold,10.0,Hold,7.0
19/11/2024,559.71,0.1150081709577037,Hold,8.0,Hold,3.0,Hold,8.0,Hold,4.0,Hold,4.0,Hold,9.0,Hold,7.0,Hold,2.0,Hold,10.0,Hold,7.0
20/11/2024,564.13,0.9987416,Hold,8.0,Hold,3.0,Hold,8.0,Hold,4.0,Hold,4.0,Hold,9.0,Hold,7.0,Hold,2.0,Hold,10.0,Hold,7.0
21/11/2024,561.7,0.97648716,Hold,8.0,Hold,3.0,Hold,8.0,Hold,4.0,Hold,4.0,Buy,9.0,Hold,7.0,Hold,2.0,Buy,10.0,Hold,7.0
22/11/2024,557.76,0.9161683891914896,Hold,8.0,Hold,3.0,Hold,8.0,Hold,4.0,Hold,4.0,Hold,9.0,Hold,7.0,Hold,2.0,Hold,10.0,Hold,7.0
25/11/2024,563.72,0.9893903884615384,Hold,8.0,Hold,3.0,Hold,8.0,Hold,4.0,Hold,4.0,Hold,9.0,Hold,7.0,Hold,2.0,Hold,10.0,Hold,7.0
26/11/2024,572.13,0.0776376654028279,Hold,8.0,Hold,3.0,Hold,8.0,Hold,4.0,Hold,4.0,Buy,9.0,Hold,7.0,Hold,2.0,Buy,10.0,Hold,7.0
27/11/2024,567.8,0.9993444158823528,Buy,8.0,Hold,3.0,Buy,8.0,Buy,4.0,Buy,4.0,Hold,9.0,Buy,7.0,Buy,2.0,Hold,10.0,Buy,7.0
29/11/2024,572.91,0.9129682137499998,Hold,8.0,Hold,3.0,Hold,8.0,Hold,4.0,Hold,4.0,Hold,9.0,Hold,7.0,Hold,2.0,Hold,10.0,Hold,7.0
2/12/2024,591.37,0.9998327575,Hold,8.0,Hold,3.0,Buy,8.0,Hold,4.0,Hold,4.0,Hold,9.0,Buy,7.0,Hold,2.0,Hold,10.0,Buy,7.0
3/12/2024,612.14,0.4716655469521852,Hold,8.0,Hold,3.0,Hold,8.0,Hold,4.0,Hold,4.0,Hold,9.0,Hold,7.0,Hold,2.0,Hold,10.0,Hold,7.0
4/12/2024,612.27,0.6583906516761805,Hold,8.0,Hold,3.0,Hold,8.0,Hold,4.0,Hold,4.0,Hold,9.0,Hold,7.0,Hold,2.0,Hold,10.0,Hold,7.0
5/12/2024,607.43,0.9984363011764706,Hold,8.0,Hold,3.0,Hold,8.0,Hold,4.0,Hold,4.0,Hold,9.0,Hold,7.0,Hold,2.0,Hold,10.0,Hold,7.0
6/12/2024,622.23,0.2829834417282135,Hold,8.0,Hold,3.0,Hold,8.0,Hold,4.0,Hold,4.0,Hold,9.0,Hold,7.0,Hold,2.0,Hold,10.0,Hold,7.0
9/12/2024,612.06,0.2624408178151967,Hold,8.0,Hold,3.0,Hold,8.0,Hold,4.0,Hold,4.0,Hold,9.0,Hold,7.0,Hold,2.0,Hold,10.0,Hold,7.0
10/12/2024,617.8,-0.1663310703703704,Hold,8.0,Hold,3.0,Hold,8.0,Hold,4.0,Hold,4.0,Hold,9.0,Hold,7.0,Hold,2.0,Hold,10.0,Hold,7.0
11/12/2024,631.12,0.1752616533264038,Hold,8.0,Hold,3.0,Hold,8.0,Hold,4.0,Hold,4.0,Hold,9.0,Hold,7.0,Hold,2.0,Hold,10.0,Hold,7.0
12/12/2024,629.24,-0.2436100158634977,Hold,8.0,Sell,3.0,Hold,8.0,Hold,4.0,Hold,4.0,Hold,9.0,Hold,7.0,Hold,2.0,Hold,10.0,Hold,7.0
13/12/2024,618.82,0.9993368,Hold,8.0,Sell,3.0,Hold,8.0,Hold,4.0,Hold,4.0,Hold,9.0,Hold,7.0,Hold,2.0,Hold,10.0,Hold,7.0
16/12/2024,623.21,-0.931378455,Hold,8.0,Sell,3.0,Hold,8.0,Hold,4.0,Hold,4.0,Hold,9.0,Hold,7.0,Hold,2.0,Hold,10.0,Hold,7.0
17/12/2024,618.41,0.4117672167975517,Hold,8.0,Hold,3.0,Hold,8.0,Hold,4.0,Hold,4.0,Hold,9.0,Hold,7.0,Hold,2.0,Hold,10.0,Hold,7.0
18/12/2024,596.2,0.5882134638542647,Sell,8.0,Hold,3.0,Sell,8.0,Hold,4.0,Hold,4.0,Sell,9.0,Hold,7.0,Hold,2.0,Hold,10.0,Hold,7.0
19/12/2024,594.58,0.3846995855908713,Hold,8.0,Hold,3.0,Hold,8.0,Hold,4.0,Hold,4.0,Hold,9.0,Hold,7.0,Sell,2.0,Sell,10.0,Hold,7.0
20/12/2024,584.28,0.40867231,Hold,8.0,Hold,3.0,Hold,8.0,Hold,4.0,Hold,4.0,Hold,9.0,Hold,7.0,Hold,2.0,Hold,10.0,Hold,7.0
23/12/2024,598.86,0.4153441750000001,Hold,8.0,Hold,3.0,Hold,8.0,Hold,4.0,Hold,4.0,Hold,9.0,Hold,7.0,Sell,2.0,Sell,10.0,Hold,7.0
24/12/2024,606.74,0.99666727,Hold,8.0,Hold,3.0,Hold,8.0,Hold,4.0,Hold,4.0,Hold,9.0,Hold,7.0,Hold,2.0,Buy,10.0,Hold,7.0
26/12/2024,602.35,0.9300836384615384,Hold,8.0,Hold,3.0,Hold,8.0,Hold,4.0,Hold,4.0,Hold,9.0,Hold,7.0,Hold,2.0,Hold,10.0,Hold,7.0
27/12/2024,598.82,0.9734423952,Hold,8.0,Hold,3.0,Hold,8.0,Hold,4.0,Hold,4.0,Hold,9.0,Hold,7.0,Hold,2.0,Hold,10.0,Hold,7.0
30/12/2024,590.26,0.6003187189082055,Hold,8.0,Hold,3.0,Hold,8.0,Hold,4.0,Hold,4.0,Hold,9.0,Hold,7.0,Hold,2.0,Hold,10.0,Hold,7.0
