Date,Close,Weighted Sentiment Score,Combi 1: Crossover (Price & EMA 12) + MACD Crossover,Combi 1 Days,Combi 2: Crossover (Price & EMA 12) + EMA Crossover (12 &20),Combi 2 Days,Combi 3: Overbought/ Overbought + SMA Crossover (8 & 12),Combi 3 Days,Combi 4: Crossover (Price & EMA 20) + SMA Crossover (12 & 20),Combi 4 Days,Combi 5: Crossover (Price & EMA 12) + Crossover (Price & EMA 20),Combi 5 Days,Combi 6: Crossover (Price & EMA 12) + SMA Crossover (8 & 12),Combi 6 Days,Combi 7: Crossover (Price & EMA 12) + SMA Crossover (12 & 20),Combi 7 Days,Combi 8: Crossover (Price & EMA 20) + EMA Crossover (12 &20),Combi 8 Days,Combi 9: Crossover (Price & EMA 12) + Crossover (Price & EMA 50),Combi 9 Days,Combi 10: Crossover (Price & EMA 50) + SMA Crossover (8 & 12),Combi 10 Days
2/1/2020,5.97,0.6761239461144558,Hold,10.0,Hold,9.0,Sell,9.0,Hold,8.0,Hold,10.0,Hold,8.0,Hold,8.0,Hold,8.0,Hold,10.0,Hold,10.0
3/1/2020,5.88,0.6621408073926022,Hold,10.0,Hold,9.0,Hold,9.0,Hold,8.0,Hold,10.0,Hold,8.0,Hold,8.0,Hold,8.0,Hold,10.0,Hold,10.0
6/1/2020,5.9,0.704148466712372,Hold,10.0,Hold,9.0,Hold,9.0,Hold,8.0,Hold,10.0,Hold,8.0,Hold,8.0,Hold,8.0,Hold,10.0,Hold,10.0
7/1/2020,5.97,0.7246488303999321,Hold,10.0,Hold,9.0,Hold,9.0,Hold,8.0,Hold,10.0,Hold,8.0,Hold,8.0,Hold,8.0,Hold,10.0,Hold,10.0
8/1/2020,5.98,0.6883014543504303,Hold,10.0,Hold,9.0,Hold,9.0,Hold,8.0,Hold,10.0,Hold,8.0,Hold,8.0,Hold,8.0,Hold,10.0,Hold,10.0
9/1/2020,6.05,0.7163932634800066,Hold,10.0,Hold,9.0,Hold,9.0,Hold,8.0,Hold,10.0,Hold,8.0,Hold,8.0,Hold,8.0,Hold,10.0,Hold,10.0
10/1/2020,6.08,0.5484588833816083,Hold,10.0,Hold,9.0,Hold,9.0,Hold,8.0,Hold,10.0,Hold,8.0,Hold,8.0,Hold,8.0,Hold,10.0,Hold,10.0
13/1/2020,6.27,0.4982455637188322,Hold,10.0,Hold,9.0,Hold,9.0,Hold,8.0,Hold,10.0,Hold,8.0,Hold,8.0,Hold,8.0,Hold,10.0,Hold,10.0
14/1/2020,6.16,0.7605923458108442,Hold,10.0,Hold,9.0,Hold,9.0,Hold,8.0,Hold,10.0,Hold,8.0,Hold,8.0,Hold,8.0,Hold,10.0,Hold,10.0
15/1/2020,6.11,0.6432798653148548,Hold,10.0,Hold,9.0,Hold,9.0,Hold,8.0,Hold,10.0,Hold,8.0,Hold,8.0,Hold,8.0,Hold,10.0,Hold,10.0
16/1/2020,6.2,0.7616887702068267,Hold,10.0,Hold,9.0,Hold,9.0,Hold,8.0,Hold,10.0,Hold,8.0,Hold,8.0,Hold,8.0,Hold,10.0,Hold,10.0
17/1/2020,6.2,0.6847101366820824,Hold,10.0,Hold,9.0,Hold,9.0,Hold,8.0,Hold,10.0,Hold,8.0,Hold,8.0,Hold,8.0,Hold,10.0,Hold,10.0
21/1/2020,6.17,0.6665491789943436,Sell,10.0,Hold,9.0,Sell,9.0,Hold,8.0,Hold,10.0,Hold,8.0,Hold,8.0,Hold,8.0,Hold,10.0,Hold,10.0
22/1/2020,6.23,0.7522332913930726,Hold,10.0,Hold,9.0,Hold,9.0,Hold,8.0,Hold,10.0,Hold,8.0,Hold,8.0,Hold,8.0,Hold,10.0,Hold,10.0
23/1/2020,6.29,0.5581808336971876,Hold,10.0,Hold,9.0,Hold,9.0,Hold,8.0,Hold,10.0,Hold,8.0,Hold,8.0,Hold,8.0,Hold,10.0,Hold,10.0
24/1/2020,6.23,0.553365897737001,Hold,10.0,Hold,9.0,Sell,9.0,Hold,8.0,Hold,10.0,Hold,8.0,Hold,8.0,Hold,8.0,Hold,10.0,Hold,10.0
27/1/2020,5.98,0.6667149410364676,Hold,10.0,Hold,9.0,Hold,9.0,Hold,8.0,Hold,10.0,Hold,8.0,Hold,8.0,Hold,8.0,Hold,10.0,Hold,10.0
28/1/2020,6.17,0.6686556349484057,Hold,10.0,Hold,9.0,Hold,9.0,Sell,8.0,Sell,10.0,Sell,8.0,Sell,8.0,Hold,8.0,Hold,10.0,Hold,10.0
29/1/2020,6.11,0.6309964880967264,Hold,10.0,Hold,9.0,Hold,9.0,Hold,8.0,Buy,10.0,Hold,8.0,Hold,8.0,Hold,8.0,Hold,10.0,Hold,10.0
30/1/2020,6.12,0.6666320729814516,Hold,10.0,Hold,9.0,Hold,9.0,Hold,8.0,Sell,10.0,Sell,8.0,Sell,8.0,Hold,8.0,Hold,10.0,Hold,10.0
31/1/2020,5.89,0.6851719126141488,Hold,10.0,Hold,9.0,Hold,9.0,Hold,8.0,Hold,10.0,Hold,8.0,Hold,8.0,Hold,8.0,Hold,10.0,Hold,10.0
3/2/2020,5.98,0.6173905823104893,Hold,10.0,Hold,9.0,Hold,9.0,Sell,8.0,Hold,10.0,Hold,8.0,Hold,8.0,Hold,8.0,Hold,10.0,Hold,10.0
4/2/2020,6.15,0.6780137589045114,Hold,10.0,Hold,9.0,Hold,9.0,Hold,8.0,Hold,10.0,Hold,8.0,Hold,8.0,Hold,8.0,Hold,10.0,Hold,10.0
5/2/2020,6.24,0.63384757624378,Buy,10.0,Hold,9.0,Hold,9.0,Buy,8.0,Buy,10.0,Buy,8.0,Buy,8.0,Hold,8.0,Hold,10.0,Hold,10.0
6/2/2020,6.33,0.8044549227797669,Hold,10.0,Hold,9.0,Hold,9.0,Hold,8.0,Hold,10.0,Hold,8.0,Hold,8.0,Hold,8.0,Hold,10.0,Hold,10.0
7/2/2020,6.26,0.5828163514710039,Hold,10.0,Hold,9.0,Hold,9.0,Hold,8.0,Hold,10.0,Hold,8.0,Hold,8.0,Hold,8.0,Hold,10.0,Hold,10.0
10/2/2020,6.55,0.6745394689118309,Hold,10.0,Hold,9.0,Hold,9.0,Hold,8.0,Hold,10.0,Hold,8.0,Hold,8.0,Hold,8.0,Hold,10.0,Hold,10.0
11/2/2020,6.67,0.6005905686151848,Hold,10.0,Hold,9.0,Hold,9.0,Hold,8.0,Hold,10.0,Hold,8.0,Hold,8.0,Hold,8.0,Hold,10.0,Hold,10.0
12/2/2020,6.78,0.5695628157039268,Hold,10.0,Hold,9.0,Hold,9.0,Hold,8.0,Hold,10.0,Hold,8.0,Hold,8.0,Hold,8.0,Hold,10.0,Hold,10.0
13/2/2020,6.74,0.6184640407126287,Hold,10.0,Hold,9.0,Hold,9.0,Hold,8.0,Hold,10.0,Hold,8.0,Hold,8.0,Hold,8.0,Hold,10.0,Hold,10.0
14/2/2020,7.21,0.5878777393328997,Hold,10.0,Hold,9.0,Hold,9.0,Hold,8.0,Hold,10.0,Hold,8.0,Hold,8.0,Hold,8.0,Hold,10.0,Hold,10.0
18/2/2020,7.38,0.5973240966798095,Hold,10.0,Hold,9.0,Hold,9.0,Hold,8.0,Hold,10.0,Hold,8.0,Hold,8.0,Hold,8.0,Hold,10.0,Hold,10.0
19/2/2020,7.83,0.711310618510791,Hold,10.0,Hold,9.0,Hold,9.0,Hold,8.0,Hold,10.0,Hold,8.0,Hold,8.0,Hold,8.0,Hold,10.0,Hold,10.0
20/2/2020,7.68,0.649093797058357,Hold,10.0,Hold,9.0,Sell,9.0,Hold,8.0,Hold,10.0,Hold,8.0,Hold,8.0,Hold,8.0,Hold,10.0,Hold,10.0
21/2/2020,7.32,0.6122177878607055,Hold,10.0,Hold,9.0,Sell,9.0,Hold,8.0,Hold,10.0,Hold,8.0,Hold,8.0,Hold,8.0,Hold,10.0,Hold,10.0
24/2/2020,6.8,0.6716623582394293,Hold,10.0,Hold,9.0,Hold,9.0,Hold,8.0,Hold,10.0,Hold,8.0,Hold,8.0,Hold,8.0,Hold,10.0,Hold,10.0
25/2/2020,6.52,0.5284131807950426,Sell,10.0,Hold,9.0,Hold,9.0,Hold,8.0,Sell,10.0,Sell,8.0,Hold,8.0,Hold,8.0,Sell,10.0,Hold,10.0
26/2/2020,6.66,0.5883348784361478,Sell,10.0,Hold,9.0,Hold,9.0,Hold,8.0,Sell,10.0,Hold,8.0,Hold,8.0,Hold,8.0,Hold,10.0,Hold,10.0
27/2/2020,6.29,0.5729705681575962,Hold,10.0,Hold,9.0,Hold,9.0,Hold,8.0,Hold,10.0,Hold,8.0,Hold,8.0,Hold,8.0,Hold,10.0,Hold,10.0
28/2/2020,6.73,0.601873195446071,Hold,10.0,Hold,9.0,Hold,9.0,Hold,8.0,Hold,10.0,Hold,8.0,Hold,8.0,Hold,8.0,Sell,10.0,Sell,10.0
2/3/2020,6.88,0.6283982257425494,Hold,10.0,Hold,9.0,Hold,9.0,Hold,8.0,Buy,10.0,Sell,8.0,Hold,8.0,Hold,8.0,Buy,10.0,Hold,10.0
3/3/2020,6.62,0.5847118867975107,Hold,10.0,Hold,9.0,Hold,9.0,Hold,8.0,Buy,10.0,Buy,8.0,Hold,8.0,Hold,8.0,Buy,10.0,Hold,10.0
4/3/2020,7.09,0.6091169369374019,Hold,10.0,Sell,9.0,Hold,9.0,Sell,8.0,Sell,10.0,Sell,8.0,Sell,8.0,Sell,8.0,Sell,10.0,Hold,10.0
5/3/2020,6.81,0.6426084479240703,Hold,10.0,Hold,9.0,Hold,9.0,Hold,8.0,Buy,10.0,Buy,8.0,Hold,8.0,Hold,8.0,Buy,10.0,Hold,10.0
6/3/2020,6.63,0.6909786925804873,Hold,10.0,Sell,9.0,Hold,9.0,Hold,8.0,Sell,10.0,Sell,8.0,Sell,8.0,Hold,8.0,Sell,10.0,Hold,10.0
9/3/2020,6.11,0.6129796082927909,Hold,10.0,Hold,9.0,Hold,9.0,Sell,8.0,Hold,10.0,Hold,8.0,Hold,8.0,Sell,8.0,Hold,10.0,Hold,10.0
10/3/2020,6.5,0.5422266067070362,Hold,10.0,Hold,9.0,Hold,9.0,Hold,8.0,Hold,10.0,Hold,8.0,Hold,8.0,Hold,8.0,Hold,10.0,Sell,10.0
11/3/2020,6.14,0.5534851581633559,Hold,10.0,Hold,9.0,Hold,9.0,Hold,8.0,Hold,10.0,Hold,8.0,Hold,8.0,Hold,8.0,Hold,10.0,Buy,10.0
12/3/2020,5.39,0.670109993965175,Hold,10.0,Hold,9.0,Hold,9.0,Hold,8.0,Hold,10.0,Hold,8.0,Hold,8.0,Hold,8.0,Hold,10.0,Sell,10.0
13/3/2020,6.0,0.6456259908869457,Hold,10.0,Hold,9.0,Hold,9.0,Hold,8.0,Hold,10.0,Hold,8.0,Hold,8.0,Hold,8.0,Hold,10.0,Hold,10.0
16/3/2020,4.89,0.6734711997365419,Hold,10.0,Hold,9.0,Hold,9.0,Hold,8.0,Hold,10.0,Hold,8.0,Hold,8.0,Hold,8.0,Hold,10.0,Hold,10.0
17/3/2020,5.41,0.5641789634527089,Hold,10.0,Hold,9.0,Hold,9.0,Hold,8.0,Hold,10.0,Hold,8.0,Hold,8.0,Hold,8.0,Hold,10.0,Hold,10.0
18/3/2020,5.05,0.5832756864006549,Hold,10.0,Hold,9.0,Hold,9.0,Hold,8.0,Hold,10.0,Hold,8.0,Hold,8.0,Hold,8.0,Hold,10.0,Hold,10.0
19/3/2020,5.3,0.6456316545503753,Hold,10.0,Hold,9.0,Hold,9.0,Hold,8.0,Hold,10.0,Hold,8.0,Hold,8.0,Hold,8.0,Hold,10.0,Hold,10.0
20/3/2020,5.12,0.5633792467046836,Hold,10.0,Hold,9.0,Hold,9.0,Hold,8.0,Hold,10.0,Hold,8.0,Hold,8.0,Hold,8.0,Hold,10.0,Hold,10.0
23/3/2020,5.3,0.5918910511456306,Hold,10.0,Hold,9.0,Hold,9.0,Hold,8.0,Hold,10.0,Hold,8.0,Hold,8.0,Hold,8.0,Hold,10.0,Hold,10.0
24/3/2020,6.21,0.6441760744868749,Hold,10.0,Hold,9.0,Hold,9.0,Hold,8.0,Hold,10.0,Hold,8.0,Hold,8.0,Hold,8.0,Hold,10.0,Hold,10.0
25/3/2020,6.12,0.5909087405193615,Buy,10.0,Buy,9.0,Hold,9.0,Buy,8.0,Buy,10.0,Buy,8.0,Buy,8.0,Buy,8.0,Buy,10.0,Buy,10.0
26/3/2020,6.41,0.6234687465349481,Hold,10.0,Hold,9.0,Hold,9.0,Hold,8.0,Hold,10.0,Hold,8.0,Hold,8.0,Hold,8.0,Hold,10.0,Hold,10.0
27/3/2020,6.29,0.5612246220943694,Hold,10.0,Hold,9.0,Hold,9.0,Hold,8.0,Hold,10.0,Buy,8.0,Hold,8.0,Hold,8.0,Hold,10.0,Buy,10.0
30/3/2020,6.61,0.6130968234640681,Hold,10.0,Hold,9.0,Hold,9.0,Hold,8.0,Hold,10.0,Hold,8.0,Hold,8.0,Hold,8.0,Hold,10.0,Hold,10.0
31/3/2020,6.57,0.6437560740846345,Hold,10.0,Hold,9.0,Hold,9.0,Hold,8.0,Hold,10.0,Hold,8.0,Hold,8.0,Hold,8.0,Hold,10.0,Hold,10.0
1/4/2020,6.05,0.7178529704712961,Hold,10.0,Buy,9.0,Hold,9.0,Hold,8.0,Hold,10.0,Hold,8.0,Hold,8.0,Buy,8.0,Hold,10.0,Hold,10.0
2/4/2020,6.36,0.6088935184373072,Hold,10.0,Hold,9.0,Hold,9.0,Hold,8.0,Sell,10.0,Sell,8.0,Hold,8.0,Hold,8.0,Sell,10.0,Sell,10.0
3/4/2020,6.07,0.6026878128599942,Hold,10.0,Hold,9.0,Hold,9.0,Buy,8.0,Buy,10.0,Buy,8.0,Buy,8.0,Hold,8.0,Buy,10.0,Buy,10.0
6/4/2020,6.68,0.6403306900973073,Hold,10.0,Hold,9.0,Hold,9.0,Hold,8.0,Sell,10.0,Sell,8.0,Hold,8.0,Hold,8.0,Sell,10.0,Sell,10.0
7/4/2020,6.45,0.5906007489980074,Hold,10.0,Hold,9.0,Hold,9.0,Hold,8.0,Buy,10.0,Buy,8.0,Hold,8.0,Hold,8.0,Buy,10.0,Buy,10.0
8/4/2020,6.65,0.562034785752173,Hold,10.0,Hold,9.0,Hold,9.0,Hold,8.0,Hold,10.0,Hold,8.0,Hold,8.0,Hold,8.0,Hold,10.0,Hold,10.0
9/4/2020,6.55,0.5583979140865757,Hold,10.0,Hold,9.0,Hold,9.0,Hold,8.0,Hold,10.0,Hold,8.0,Hold,8.0,Hold,8.0,Hold,10.0,Hold,10.0
13/4/2020,6.72,0.5482439510671365,Hold,10.0,Hold,9.0,Hold,9.0,Hold,8.0,Hold,10.0,Hold,8.0,Hold,8.0,Hold,8.0,Hold,10.0,Hold,10.0
14/4/2020,7.07,0.6125474701554063,Hold,10.0,Hold,9.0,Hold,9.0,Hold,8.0,Hold,10.0,Sell,8.0,Hold,8.0,Hold,8.0,Hold,10.0,Hold,10.0
15/4/2020,6.99,0.6476235242038337,Hold,10.0,Hold,9.0,Hold,9.0,Hold,8.0,Hold,10.0,Buy,8.0,Hold,8.0,Hold,8.0,Hold,10.0,Hold,10.0
16/4/2020,7.34,0.6198014191916031,Hold,10.0,Hold,9.0,Hold,9.0,Hold,8.0,Hold,10.0,Hold,8.0,Hold,8.0,Hold,8.0,Hold,10.0,Hold,10.0
17/4/2020,7.28,0.5844911222654592,Hold,10.0,Hold,9.0,Hold,9.0,Hold,8.0,Hold,10.0,Hold,8.0,Hold,8.0,Hold,8.0,Hold,10.0,Hold,10.0
20/4/2020,7.15,0.6490538589099042,Hold,10.0,Hold,9.0,Hold,9.0,Hold,8.0,Hold,10.0,Hold,8.0,Hold,8.0,Hold,8.0,Hold,10.0,Hold,10.0
21/4/2020,6.71,0.6890959922244657,Hold,10.0,Hold,9.0,Hold,9.0,Hold,8.0,Hold,10.0,Hold,8.0,Hold,8.0,Hold,8.0,Hold,10.0,Hold,10.0
22/4/2020,7.13,0.7076767940910742,Sell,10.0,Hold,9.0,Hold,9.0,Hold,8.0,Hold,10.0,Sell,8.0,Hold,8.0,Hold,8.0,Hold,10.0,Hold,10.0
23/4/2020,7.07,0.5787184643882843,Hold,10.0,Hold,9.0,Hold,9.0,Hold,8.0,Hold,10.0,Buy,8.0,Hold,8.0,Hold,8.0,Hold,10.0,Hold,10.0
24/4/2020,7.21,0.5721876323384913,Hold,10.0,Hold,9.0,Hold,9.0,Hold,8.0,Hold,10.0,Hold,8.0,Hold,8.0,Hold,8.0,Hold,10.0,Hold,10.0
27/4/2020,7.4,0.6688954668956989,Hold,10.0,Hold,9.0,Hold,9.0,Hold,8.0,Hold,10.0,Hold,8.0,Hold,8.0,Hold,8.0,Hold,10.0,Hold,10.0
28/4/2020,7.26,0.6300939078530131,Hold,10.0,Hold,9.0,Hold,9.0,Hold,8.0,Hold,10.0,Hold,8.0,Hold,8.0,Hold,8.0,Hold,10.0,Hold,10.0
29/4/2020,7.43,0.6723061125520523,Hold,10.0,Hold,9.0,Hold,9.0,Hold,8.0,Hold,10.0,Hold,8.0,Hold,8.0,Hold,8.0,Hold,10.0,Hold,10.0
30/4/2020,7.28,0.5876859671214505,Hold,10.0,Hold,9.0,Sell,9.0,Hold,8.0,Hold,10.0,Sell,8.0,Hold,8.0,Hold,8.0,Hold,10.0,Hold,10.0
1/5/2020,7.04,0.5124787354758444,Sell,10.0,Hold,9.0,Hold,9.0,Hold,8.0,Hold,10.0,Hold,8.0,Hold,8.0,Hold,8.0,Hold,10.0,Hold,10.0
4/5/2020,7.26,0.5652306435213015,Hold,10.0,Hold,9.0,Hold,9.0,Hold,8.0,Hold,10.0,Hold,8.0,Hold,8.0,Hold,8.0,Hold,10.0,Hold,10.0
5/5/2020,7.32,0.6669892697382924,Buy,10.0,Hold,9.0,Hold,9.0,Hold,8.0,Hold,10.0,Hold,8.0,Hold,8.0,Hold,8.0,Hold,10.0,Hold,10.0
6/5/2020,7.42,0.6529217767436489,Hold,10.0,Hold,9.0,Hold,9.0,Hold,8.0,Hold,10.0,Hold,8.0,Hold,8.0,Hold,8.0,Hold,10.0,Hold,10.0
7/5/2020,7.59,0.5497950559328129,Hold,10.0,Hold,9.0,Hold,9.0,Hold,8.0,Hold,10.0,Hold,8.0,Hold,8.0,Hold,8.0,Hold,10.0,Hold,10.0
8/5/2020,7.78,0.6120530562483489,Hold,10.0,Hold,9.0,Hold,9.0,Hold,8.0,Hold,10.0,Hold,8.0,Hold,8.0,Hold,8.0,Hold,10.0,Hold,10.0
11/5/2020,8.04,0.563633707158342,Hold,10.0,Hold,9.0,Hold,9.0,Hold,8.0,Hold,10.0,Hold,8.0,Hold,8.0,Hold,8.0,Hold,10.0,Hold,10.0
12/5/2020,7.77,0.6223242855193187,Hold,10.0,Hold,9.0,Hold,9.0,Hold,8.0,Hold,10.0,Hold,8.0,Hold,8.0,Hold,8.0,Hold,10.0,Hold,10.0
13/5/2020,7.75,0.5938716890432996,Hold,10.0,Hold,9.0,Hold,9.0,Hold,8.0,Hold,10.0,Hold,8.0,Hold,8.0,Hold,8.0,Hold,10.0,Hold,10.0
14/5/2020,8.0,0.6387390104892988,Hold,10.0,Hold,9.0,Hold,9.0,Hold,8.0,Hold,10.0,Hold,8.0,Hold,8.0,Hold,8.0,Hold,10.0,Hold,10.0
15/5/2020,8.46,0.6477875574072761,Hold,10.0,Hold,9.0,Hold,9.0,Hold,8.0,Hold,10.0,Hold,8.0,Hold,8.0,Hold,8.0,Hold,10.0,Hold,10.0
18/5/2020,8.72,0.5968743624644653,Hold,10.0,Hold,9.0,Hold,9.0,Hold,8.0,Hold,10.0,Hold,8.0,Hold,8.0,Hold,8.0,Hold,10.0,Hold,10.0
19/5/2020,8.77,0.61295426317782,Hold,10.0,Hold,9.0,Hold,9.0,Hold,8.0,Hold,10.0,Hold,8.0,Hold,8.0,Hold,8.0,Hold,10.0,Hold,10.0
20/5/2020,8.94,0.6714599117457963,Hold,10.0,Hold,9.0,Hold,9.0,Hold,8.0,Hold,10.0,Hold,8.0,Hold,8.0,Hold,8.0,Hold,10.0,Hold,10.0
21/5/2020,8.74,0.6153510461104988,Hold,10.0,Hold,9.0,Hold,9.0,Hold,8.0,Hold,10.0,Hold,8.0,Hold,8.0,Hold,8.0,Hold,10.0,Hold,10.0
22/5/2020,8.99,0.5718860006314855,Hold,10.0,Hold,9.0,Hold,9.0,Hold,8.0,Hold,10.0,Hold,8.0,Hold,8.0,Hold,8.0,Hold,10.0,Hold,10.0
26/5/2020,8.69,0.6371119081953946,Hold,10.0,Hold,9.0,Sell,9.0,Hold,8.0,Hold,10.0,Hold,8.0,Hold,8.0,Hold,8.0,Hold,10.0,Hold,10.0
27/5/2020,8.49,0.6382256718506012,Hold,10.0,Hold,9.0,Hold,9.0,Hold,8.0,Hold,10.0,Hold,8.0,Hold,8.0,Hold,8.0,Hold,10.0,Hold,10.0
28/5/2020,8.46,0.7275629444058095,Hold,10.0,Hold,9.0,Hold,9.0,Hold,8.0,Hold,10.0,Hold,8.0,Hold,8.0,Hold,8.0,Hold,10.0,Hold,10.0
29/5/2020,8.84,0.6445736689444667,Hold,10.0,Hold,9.0,Hold,9.0,Hold,8.0,Hold,10.0,Hold,8.0,Hold,8.0,Hold,8.0,Hold,10.0,Hold,10.0
1/6/2020,8.77,0.648538804610186,Hold,10.0,Hold,9.0,Hold,9.0,Hold,8.0,Hold,10.0,Hold,8.0,Hold,8.0,Hold,8.0,Hold,10.0,Hold,10.0
2/6/2020,8.79,0.6422622602509486,Hold,10.0,Hold,9.0,Hold,9.0,Hold,8.0,Hold,10.0,Hold,8.0,Hold,8.0,Hold,8.0,Hold,10.0,Hold,10.0
3/6/2020,8.74,0.5514285997701492,Hold,10.0,Hold,9.0,Hold,9.0,Hold,8.0,Hold,10.0,Hold,8.0,Hold,8.0,Hold,8.0,Hold,10.0,Hold,10.0
4/6/2020,8.74,0.7268553174274555,Hold,10.0,Hold,9.0,Hold,9.0,Hold,8.0,Hold,10.0,Sell,8.0,Hold,8.0,Hold,8.0,Hold,10.0,Hold,10.0
5/6/2020,8.89,0.7605385955393098,Hold,10.0,Hold,9.0,Hold,9.0,Hold,8.0,Hold,10.0,Hold,8.0,Hold,8.0,Hold,8.0,Hold,10.0,Hold,10.0
8/6/2020,8.78,0.6727074534859053,Hold,10.0,Hold,9.0,Hold,9.0,Hold,8.0,Hold,10.0,Hold,8.0,Hold,8.0,Hold,8.0,Hold,10.0,Hold,10.0
9/6/2020,9.02,0.5990711728767075,Hold,10.0,Hold,9.0,Hold,9.0,Hold,8.0,Hold,10.0,Buy,8.0,Hold,8.0,Hold,8.0,Hold,10.0,Hold,10.0
10/6/2020,9.34,0.6476305946699935,Hold,10.0,Hold,9.0,Hold,9.0,Hold,8.0,Hold,10.0,Hold,8.0,Hold,8.0,Hold,8.0,Hold,10.0,Hold,10.0
11/6/2020,8.77,0.6383070986472825,Hold,10.0,Hold,9.0,Hold,9.0,Hold,8.0,Hold,10.0,Hold,8.0,Hold,8.0,Hold,8.0,Hold,10.0,Hold,10.0
12/6/2020,8.9,0.5804919566131044,Hold,10.0,Hold,9.0,Hold,9.0,Hold,8.0,Hold,10.0,Hold,8.0,Hold,8.0,Hold,8.0,Hold,10.0,Hold,10.0
15/6/2020,9.14,0.6576627348389706,Hold,10.0,Hold,9.0,Hold,9.0,Hold,8.0,Hold,10.0,Hold,8.0,Hold,8.0,Hold,8.0,Hold,10.0,Hold,10.0
16/6/2020,9.04,0.6078312947402302,Hold,10.0,Hold,9.0,Hold,9.0,Hold,8.0,Hold,10.0,Hold,8.0,Hold,8.0,Hold,8.0,Hold,10.0,Hold,10.0
17/6/2020,9.21,0.5868481505313121,Hold,10.0,Hold,9.0,Hold,9.0,Hold,8.0,Hold,10.0,Hold,8.0,Hold,8.0,Hold,8.0,Hold,10.0,Hold,10.0
18/6/2020,9.19,0.5849363097807738,Hold,10.0,Hold,9.0,Hold,9.0,Hold,8.0,Hold,10.0,Hold,8.0,Hold,8.0,Hold,8.0,Hold,10.0,Hold,10.0
19/6/2020,9.23,0.6561264518855614,Hold,10.0,Hold,9.0,Hold,9.0,Hold,8.0,Hold,10.0,Hold,8.0,Hold,8.0,Hold,8.0,Hold,10.0,Hold,10.0
22/6/2020,9.5,0.6946358938800782,Hold,10.0,Hold,9.0,Hold,9.0,Hold,8.0,Hold,10.0,Hold,8.0,Hold,8.0,Hold,8.0,Hold,10.0,Hold,10.0
23/6/2020,9.42,0.6681365388579095,Hold,10.0,Hold,9.0,Hold,9.0,Hold,8.0,Hold,10.0,Hold,8.0,Hold,8.0,Hold,8.0,Hold,10.0,Hold,10.0
24/6/2020,9.21,0.6385144159760956,Hold,10.0,Hold,9.0,Hold,9.0,Hold,8.0,Hold,10.0,Hold,8.0,Hold,8.0,Hold,8.0,Hold,10.0,Hold,10.0
25/6/2020,9.46,0.6022735924651132,Hold,10.0,Hold,9.0,Hold,9.0,Hold,8.0,Hold,10.0,Hold,8.0,Hold,8.0,Hold,8.0,Hold,10.0,Hold,10.0
26/6/2020,9.12,0.6362984542799329,Hold,10.0,Hold,9.0,Hold,9.0,Hold,8.0,Hold,10.0,Hold,8.0,Hold,8.0,Hold,8.0,Hold,10.0,Hold,10.0
29/6/2020,9.17,0.6274101661162139,Hold,10.0,Hold,9.0,Hold,9.0,Hold,8.0,Hold,10.0,Hold,8.0,Hold,8.0,Hold,8.0,Hold,10.0,Hold,10.0
30/6/2020,9.47,0.7528296846485202,Hold,10.0,Hold,9.0,Hold,9.0,Hold,8.0,Hold,10.0,Hold,8.0,Hold,8.0,Hold,8.0,Hold,10.0,Hold,10.0
1/7/2020,9.5,0.7316302649110132,Buy,10.0,Hold,9.0,Hold,9.0,Hold,8.0,Hold,10.0,Hold,8.0,Hold,8.0,Hold,8.0,Hold,10.0,Hold,10.0
2/7/2020,9.58,0.6544064815348029,Hold,10.0,Hold,9.0,Hold,9.0,Hold,8.0,Hold,10.0,Hold,8.0,Hold,8.0,Hold,8.0,Hold,10.0,Hold,10.0
6/7/2020,9.81,0.671974951962626,Hold,10.0,Hold,9.0,Hold,9.0,Hold,8.0,Hold,10.0,Hold,8.0,Hold,8.0,Hold,8.0,Hold,10.0,Hold,10.0
7/7/2020,9.84,0.6950518907045248,Hold,10.0,Hold,9.0,Hold,9.0,Hold,8.0,Hold,10.0,Hold,8.0,Hold,8.0,Hold,8.0,Hold,10.0,Hold,10.0
8/7/2020,10.18,0.6965929316223544,Hold,10.0,Hold,9.0,Hold,9.0,Hold,8.0,Hold,10.0,Hold,8.0,Hold,8.0,Hold,8.0,Hold,10.0,Hold,10.0
9/7/2020,10.47,0.6379948127635398,Hold,10.0,Hold,9.0,Hold,9.0,Hold,8.0,Hold,10.0,Hold,8.0,Hold,8.0,Hold,8.0,Hold,10.0,Hold,10.0
10/7/2020,10.44,0.6793229069555083,Hold,10.0,Hold,9.0,Hold,9.0,Hold,8.0,Hold,10.0,Hold,8.0,Hold,8.0,Hold,8.0,Hold,10.0,Hold,10.0
13/7/2020,10.02,0.6372132673767194,Hold,10.0,Hold,9.0,Hold,9.0,Hold,8.0,Hold,10.0,Hold,8.0,Hold,8.0,Hold,8.0,Hold,10.0,Hold,10.0
14/7/2020,10.34,0.6458777899204164,Hold,10.0,Hold,9.0,Hold,9.0,Hold,8.0,Hold,10.0,Hold,8.0,Hold,8.0,Hold,8.0,Hold,10.0,Hold,10.0
15/7/2020,10.19,0.6150371749269286,Hold,10.0,Hold,9.0,Hold,9.0,Hold,8.0,Hold,10.0,Hold,8.0,Hold,8.0,Hold,8.0,Hold,10.0,Hold,10.0
16/7/2020,10.1,0.6064502685193628,Hold,10.0,Hold,9.0,Hold,9.0,Hold,8.0,Hold,10.0,Hold,8.0,Hold,8.0,Hold,8.0,Hold,10.0,Hold,10.0
17/7/2020,10.17,0.671160071170842,Sell,10.0,Hold,9.0,Sell,9.0,Hold,8.0,Hold,10.0,Hold,8.0,Hold,8.0,Hold,8.0,Hold,10.0,Hold,10.0
20/7/2020,10.48,0.6634771932420949,Buy,10.0,Hold,9.0,Sell,9.0,Hold,8.0,Hold,10.0,Hold,8.0,Hold,8.0,Hold,8.0,Hold,10.0,Hold,10.0
21/7/2020,10.29,0.5903817922334266,Sell,10.0,Hold,9.0,Hold,9.0,Hold,8.0,Hold,10.0,Hold,8.0,Hold,8.0,Hold,8.0,Hold,10.0,Hold,10.0
22/7/2020,10.4,0.5974049112953818,Hold,10.0,Hold,9.0,Hold,9.0,Hold,8.0,Hold,10.0,Hold,8.0,Hold,8.0,Hold,8.0,Hold,10.0,Hold,10.0
23/7/2020,10.1,0.6091875355482805,Hold,10.0,Hold,9.0,Hold,9.0,Hold,8.0,Hold,10.0,Hold,8.0,Hold,8.0,Hold,8.0,Hold,10.0,Hold,10.0
24/7/2020,10.16,0.5632520963855574,Hold,10.0,Hold,9.0,Hold,9.0,Hold,8.0,Hold,10.0,Sell,8.0,Hold,8.0,Hold,8.0,Hold,10.0,Hold,10.0
27/7/2020,10.39,0.6263105923651341,Buy,10.0,Hold,9.0,Hold,9.0,Hold,8.0,Hold,10.0,Buy,8.0,Hold,8.0,Hold,8.0,Hold,10.0,Hold,10.0
28/7/2020,10.18,0.6084721860631362,Hold,10.0,Hold,9.0,Hold,9.0,Hold,8.0,Hold,10.0,Buy,8.0,Hold,8.0,Hold,8.0,Hold,10.0,Hold,10.0
29/7/2020,10.43,0.6316728054111208,Hold,10.0,Hold,9.0,Hold,9.0,Hold,8.0,Hold,10.0,Hold,8.0,Hold,8.0,Hold,8.0,Hold,10.0,Hold,10.0
30/7/2020,10.58,0.62603340250716,Buy,10.0,Hold,9.0,Hold,9.0,Hold,8.0,Hold,10.0,Hold,8.0,Hold,8.0,Hold,8.0,Hold,10.0,Hold,10.0
31/7/2020,10.58,0.6487104740250298,Hold,10.0,Hold,9.0,Hold,9.0,Hold,8.0,Hold,10.0,Hold,8.0,Hold,8.0,Hold,8.0,Hold,10.0,Hold,10.0
3/8/2020,10.97,0.60073770564695,Hold,10.0,Hold,9.0,Hold,9.0,Hold,8.0,Hold,10.0,Hold,8.0,Hold,8.0,Hold,8.0,Hold,10.0,Hold,10.0
4/8/2020,11.19,0.6935176484043764,Hold,10.0,Hold,9.0,Hold,9.0,Hold,8.0,Hold,10.0,Hold,8.0,Hold,8.0,Hold,8.0,Hold,10.0,Hold,10.0
5/8/2020,11.25,0.6533509493897983,Hold,10.0,Hold,9.0,Hold,9.0,Hold,8.0,Hold,10.0,Hold,8.0,Hold,8.0,Hold,8.0,Hold,10.0,Hold,10.0
6/8/2020,11.3,0.6600600221132505,Hold,10.0,Hold,9.0,Hold,9.0,Hold,8.0,Hold,10.0,Hold,8.0,Hold,8.0,Hold,8.0,Hold,10.0,Hold,10.0
7/8/2020,11.16,0.7156421417483584,Hold,10.0,Hold,9.0,Hold,9.0,Hold,8.0,Hold,10.0,Hold,8.0,Hold,8.0,Hold,8.0,Hold,10.0,Hold,10.0
10/8/2020,11.13,0.6030638502351813,Hold,10.0,Hold,9.0,Hold,9.0,Hold,8.0,Hold,10.0,Hold,8.0,Hold,8.0,Hold,8.0,Hold,10.0,Hold,10.0
11/8/2020,10.81,0.6425216850879978,Hold,10.0,Hold,9.0,Hold,9.0,Hold,8.0,Hold,10.0,Hold,8.0,Hold,8.0,Hold,8.0,Hold,10.0,Hold,10.0
12/8/2020,11.4,0.6871091919845705,Hold,10.0,Hold,9.0,Hold,9.0,Hold,8.0,Hold,10.0,Hold,8.0,Hold,8.0,Hold,8.0,Hold,10.0,Hold,10.0
13/8/2020,11.41,0.6528348467294699,Hold,10.0,Hold,9.0,Hold,9.0,Hold,8.0,Hold,10.0,Hold,8.0,Hold,8.0,Hold,8.0,Hold,10.0,Hold,10.0
14/8/2020,11.53,0.650548434877262,Hold,10.0,Hold,9.0,Hold,9.0,Hold,8.0,Hold,10.0,Hold,8.0,Hold,8.0,Hold,8.0,Hold,10.0,Hold,10.0
17/8/2020,12.3,0.6793057439270879,Hold,10.0,Hold,9.0,Hold,9.0,Hold,8.0,Hold,10.0,Hold,8.0,Hold,8.0,Hold,8.0,Hold,10.0,Hold,10.0
18/8/2020,12.22,0.6988814949397438,Hold,10.0,Hold,9.0,Hold,9.0,Hold,8.0,Hold,10.0,Hold,8.0,Hold,8.0,Hold,8.0,Hold,10.0,Hold,10.0
19/8/2020,12.1,0.6269250022637005,Hold,10.0,Hold,9.0,Hold,9.0,Hold,8.0,Hold,10.0,Hold,8.0,Hold,8.0,Hold,8.0,Hold,10.0,Hold,10.0
20/8/2020,12.1,0.5144525331286681,Hold,10.0,Hold,9.0,Hold,9.0,Hold,8.0,Hold,10.0,Hold,8.0,Hold,8.0,Hold,8.0,Hold,10.0,Hold,10.0
21/8/2020,12.64,0.5376515216452601,Hold,10.0,Hold,9.0,Hold,9.0,Hold,8.0,Hold,10.0,Hold,8.0,Hold,8.0,Hold,8.0,Hold,10.0,Hold,10.0
24/8/2020,12.68,0.577269739758365,Hold,10.0,Hold,9.0,Hold,9.0,Hold,8.0,Hold,10.0,Hold,8.0,Hold,8.0,Hold,8.0,Hold,10.0,Hold,10.0
25/8/2020,12.71,0.88802342406,Hold,10.0,Hold,9.0,Hold,9.0,Hold,8.0,Hold,10.0,Hold,8.0,Hold,8.0,Hold,8.0,Hold,10.0,Hold,10.0
26/8/2020,12.73,0.8232789333519787,Hold,10.0,Hold,9.0,Hold,9.0,Hold,8.0,Hold,10.0,Hold,8.0,Hold,8.0,Hold,8.0,Hold,10.0,Hold,10.0
27/8/2020,12.59,0.983745779375,Hold,10.0,Hold,9.0,Hold,9.0,Hold,8.0,Hold,10.0,Hold,8.0,Hold,8.0,Hold,8.0,Hold,10.0,Hold,10.0
28/8/2020,13.1,0.5294656480456513,Hold,10.0,Hold,9.0,Hold,9.0,Hold,8.0,Hold,10.0,Hold,8.0,Hold,8.0,Hold,8.0,Hold,10.0,Hold,10.0
31/8/2020,13.33,0.5267980084210526,Hold,10.0,Hold,9.0,Hold,9.0,Hold,8.0,Hold,10.0,Hold,8.0,Hold,8.0,Hold,8.0,Hold,10.0,Hold,10.0
1/9/2020,13.78,0.5969493601063455,Hold,10.0,Hold,9.0,Hold,9.0,Hold,8.0,Hold,10.0,Hold,8.0,Hold,8.0,Hold,8.0,Hold,10.0,Hold,10.0
2/9/2020,14.3,0.8150918509903083,Hold,10.0,Hold,9.0,Sell,9.0,Hold,8.0,Hold,10.0,Hold,8.0,Hold,8.0,Hold,8.0,Hold,10.0,Hold,10.0
3/9/2020,12.98,0.7137933660416664,Hold,10.0,Hold,9.0,Hold,9.0,Hold,8.0,Hold,10.0,Hold,8.0,Hold,8.0,Hold,8.0,Hold,10.0,Hold,10.0
4/9/2020,12.58,0.9317659139325842,Sell,10.0,Hold,9.0,Hold,9.0,Hold,8.0,Hold,10.0,Hold,8.0,Hold,8.0,Hold,8.0,Hold,10.0,Hold,10.0
8/9/2020,11.88,0.310259240326087,Hold,10.0,Hold,9.0,Hold,9.0,Hold,8.0,Sell,10.0,Sell,8.0,Hold,8.0,Hold,8.0,Hold,10.0,Hold,10.0
9/9/2020,12.68,0.9795292785714288,Hold,10.0,Hold,9.0,Hold,9.0,Hold,8.0,Sell,10.0,Hold,8.0,Hold,8.0,Hold,8.0,Hold,10.0,Hold,10.0
10/9/2020,12.27,0.9963513915384618,Hold,10.0,Hold,9.0,Hold,9.0,Hold,8.0,Buy,10.0,Hold,8.0,Hold,8.0,Hold,8.0,Hold,10.0,Hold,10.0
11/9/2020,12.13,0.99843744,Hold,10.0,Hold,9.0,Hold,9.0,Sell,8.0,Sell,10.0,Hold,8.0,Hold,8.0,Hold,8.0,Hold,10.0,Hold,10.0
14/9/2020,12.83,0.7805584809556756,Hold,10.0,Hold,9.0,Hold,9.0,Hold,8.0,Hold,10.0,Sell,8.0,Hold,8.0,Hold,8.0,Hold,10.0,Hold,10.0
15/9/2020,12.95,0.4696911283130953,Hold,10.0,Hold,9.0,Hold,9.0,Hold,8.0,Buy,10.0,Buy,8.0,Hold,8.0,Hold,8.0,Hold,10.0,Hold,10.0
16/9/2020,12.48,0.7291067269484376,Hold,10.0,Hold,9.0,Hold,9.0,Hold,8.0,Hold,10.0,Hold,8.0,Hold,8.0,Hold,8.0,Hold,10.0,Hold,10.0
17/9/2020,12.43,0.4796337465913978,Hold,10.0,Hold,9.0,Hold,9.0,Sell,8.0,Sell,10.0,Sell,8.0,Sell,8.0,Hold,8.0,Hold,10.0,Hold,10.0
18/9/2020,12.15,0.6892199091980008,Hold,10.0,Hold,9.0,Hold,9.0,Hold,8.0,Hold,10.0,Hold,8.0,Hold,8.0,Hold,8.0,Hold,10.0,Hold,10.0
21/9/2020,12.48,0.9836335444594596,Hold,10.0,Hold,9.0,Hold,9.0,Sell,8.0,Hold,10.0,Hold,8.0,Sell,8.0,Hold,8.0,Hold,10.0,Hold,10.0
22/9/2020,12.6,0.4383023195384615,Hold,10.0,Hold,9.0,Hold,9.0,Hold,8.0,Buy,10.0,Hold,8.0,Hold,8.0,Hold,8.0,Hold,10.0,Hold,10.0
23/9/2020,12.09,0.4570338702715625,Buy,10.0,Hold,9.0,Hold,9.0,Hold,8.0,Buy,10.0,Buy,8.0,Buy,8.0,Hold,8.0,Hold,10.0,Hold,10.0
24/9/2020,12.31,0.2470084416176471,Hold,10.0,Hold,9.0,Hold,9.0,Hold,8.0,Sell,10.0,Sell,8.0,Hold,8.0,Hold,8.0,Hold,10.0,Hold,10.0
25/9/2020,12.84,0.3883302016675807,Hold,10.0,Hold,9.0,Hold,9.0,Hold,8.0,Hold,10.0,Hold,8.0,Hold,8.0,Hold,8.0,Hold,10.0,Hold,10.0
28/9/2020,13.0,0.2286112848900874,Buy,10.0,Hold,9.0,Hold,9.0,Buy,8.0,Buy,10.0,Buy,8.0,Buy,8.0,Hold,8.0,Hold,10.0,Hold,10.0
29/9/2020,13.19,0.580479935880575,Hold,10.0,Hold,9.0,Hold,9.0,Hold,8.0,Hold,10.0,Hold,8.0,Hold,8.0,Hold,8.0,Hold,10.0,Hold,10.0
30/9/2020,13.49,0.960521625,Hold,10.0,Hold,9.0,Hold,9.0,Hold,8.0,Hold,10.0,Hold,8.0,Hold,8.0,Hold,8.0,Hold,10.0,Hold,10.0
1/10/2020,13.57,0.7200050195772726,Hold,10.0,Hold,9.0,Hold,9.0,Hold,8.0,Hold,10.0,Hold,8.0,Hold,8.0,Hold,8.0,Hold,10.0,Hold,10.0
2/10/2020,13.02,0.0451195990657596,Hold,10.0,Hold,9.0,Hold,9.0,Hold,8.0,Hold,10.0,Hold,8.0,Hold,8.0,Hold,8.0,Hold,10.0,Hold,10.0
5/10/2020,13.6,0.7102357878487954,Hold,10.0,Hold,9.0,Hold,9.0,Hold,8.0,Hold,10.0,Hold,8.0,Hold,8.0,Hold,8.0,Hold,10.0,Hold,10.0
6/10/2020,13.7,0.6942420535773528,Hold,10.0,Hold,9.0,Hold,9.0,Hold,8.0,Hold,10.0,Hold,8.0,Hold,8.0,Hold,8.0,Hold,10.0,Hold,10.0
7/10/2020,13.92,0.7248186884771372,Hold,10.0,Hold,9.0,Hold,9.0,Hold,8.0,Hold,10.0,Hold,8.0,Hold,8.0,Hold,8.0,Hold,10.0,Hold,10.0
8/10/2020,13.8,0.6276821664136757,Hold,10.0,Hold,9.0,Hold,9.0,Hold,8.0,Hold,10.0,Hold,8.0,Hold,8.0,Hold,8.0,Hold,10.0,Hold,10.0
9/10/2020,13.72,0.5956207683862461,Hold,10.0,Hold,9.0,Hold,9.0,Hold,8.0,Hold,10.0,Hold,8.0,Hold,8.0,Hold,8.0,Hold,10.0,Hold,10.0
12/10/2020,14.18,0.7061817384132046,Hold,10.0,Hold,9.0,Hold,9.0,Hold,8.0,Hold,10.0,Hold,8.0,Hold,8.0,Hold,8.0,Hold,10.0,Hold,10.0
13/10/2020,14.21,0.7543708036152511,Hold,10.0,Hold,9.0,Hold,9.0,Hold,8.0,Hold,10.0,Hold,8.0,Hold,8.0,Hold,8.0,Hold,10.0,Hold,10.0
14/10/2020,14.05,0.6771874570619602,Hold,10.0,Hold,9.0,Sell,9.0,Hold,8.0,Hold,10.0,Hold,8.0,Hold,8.0,Hold,8.0,Hold,10.0,Hold,10.0
15/10/2020,13.93,0.6971586287803823,Hold,10.0,Hold,9.0,Hold,9.0,Hold,8.0,Hold,10.0,Hold,8.0,Hold,8.0,Hold,8.0,Hold,10.0,Hold,10.0
16/10/2020,13.77,0.7219271322694804,Hold,10.0,Hold,9.0,Hold,9.0,Hold,8.0,Hold,10.0,Hold,8.0,Hold,8.0,Hold,8.0,Hold,10.0,Hold,10.0
19/10/2020,13.46,0.6754758086319914,Sell,10.0,Hold,9.0,Hold,9.0,Hold,8.0,Hold,10.0,Hold,8.0,Hold,8.0,Hold,8.0,Hold,10.0,Hold,10.0
20/10/2020,13.6,0.6399619720737931,Hold,10.0,Sell,9.0,Hold,9.0,Sell,8.0,Sell,10.0,Sell,8.0,Sell,8.0,Sell,8.0,Sell,10.0,Hold,10.0
21/10/2020,13.48,0.612653948986846,Hold,10.0,Hold,9.0,Hold,9.0,Hold,8.0,Hold,10.0,Hold,8.0,Hold,8.0,Hold,8.0,Hold,10.0,Hold,10.0
22/10/2020,13.32,0.6603419970130282,Hold,10.0,Hold,9.0,Hold,9.0,Sell,8.0,Hold,10.0,Hold,8.0,Hold,8.0,Sell,8.0,Hold,10.0,Hold,10.0
23/10/2020,13.55,0.6467236909461792,Hold,10.0,Hold,9.0,Hold,9.0,Hold,8.0,Hold,10.0,Hold,8.0,Hold,8.0,Hold,8.0,Hold,10.0,Sell,10.0
26/10/2020,13.1,0.645952026172853,Hold,10.0,Hold,9.0,Hold,9.0,Hold,8.0,Hold,10.0,Hold,8.0,Hold,8.0,Hold,8.0,Hold,10.0,Hold,10.0
27/10/2020,13.36,0.6431311010750352,Hold,10.0,Hold,9.0,Hold,9.0,Sell,8.0,Hold,10.0,Hold,8.0,Hold,8.0,Sell,8.0,Hold,10.0,Hold,10.0
28/10/2020,12.59,0.6808570259466574,Hold,10.0,Hold,9.0,Hold,9.0,Hold,8.0,Hold,10.0,Hold,8.0,Hold,8.0,Hold,8.0,Hold,10.0,Hold,10.0
29/10/2020,12.99,0.6995702976569032,Hold,10.0,Hold,9.0,Hold,9.0,Hold,8.0,Hold,10.0,Hold,8.0,Hold,8.0,Hold,8.0,Hold,10.0,Hold,10.0
30/10/2020,12.5,0.6084020925299036,Hold,10.0,Hold,9.0,Buy,9.0,Hold,8.0,Hold,10.0,Hold,8.0,Hold,8.0,Hold,8.0,Buy,10.0,Buy,10.0
2/11/2020,12.54,0.6100071683825203,Hold,10.0,Hold,9.0,Buy,9.0,Hold,8.0,Hold,10.0,Hold,8.0,Hold,8.0,Hold,8.0,Sell,10.0,Hold,10.0
3/11/2020,12.98,0.7054850839200799,Hold,10.0,Hold,9.0,Hold,9.0,Hold,8.0,Hold,10.0,Hold,8.0,Hold,8.0,Hold,8.0,Hold,10.0,Hold,10.0
4/11/2020,13.75,0.6673865158498136,Hold,10.0,Hold,9.0,Hold,9.0,Hold,8.0,Hold,10.0,Hold,8.0,Hold,8.0,Hold,8.0,Buy,10.0,Buy,10.0
5/11/2020,14.12,0.6901613189678356,Buy,10.0,Buy,9.0,Hold,9.0,Buy,8.0,Buy,10.0,Buy,8.0,Buy,8.0,Buy,8.0,Buy,10.0,Hold,10.0
6/11/2020,14.52,0.638385112238383,Hold,10.0,Buy,9.0,Hold,9.0,Hold,8.0,Hold,10.0,Hold,8.0,Hold,8.0,Buy,8.0,Hold,10.0,Hold,10.0
9/11/2020,13.59,0.648633545149011,Hold,10.0,Hold,9.0,Hold,9.0,Hold,8.0,Hold,10.0,Hold,8.0,Hold,8.0,Hold,8.0,Hold,10.0,Hold,10.0
10/11/2020,12.73,0.66511874097056,Sell,10.0,Hold,9.0,Hold,9.0,Hold,8.0,Hold,10.0,Buy,8.0,Hold,8.0,Hold,8.0,Hold,10.0,Buy,10.0
11/11/2020,13.38,0.6923193396491046,Hold,10.0,Hold,9.0,Hold,9.0,Hold,8.0,Sell,10.0,Sell,8.0,Hold,8.0,Hold,8.0,Sell,10.0,Sell,10.0
12/11/2020,13.42,0.6607612530282924,Hold,10.0,Hold,9.0,Hold,9.0,Buy,8.0,Buy,10.0,Hold,8.0,Hold,8.0,Hold,8.0,Buy,10.0,Hold,10.0
13/11/2020,13.26,0.6181365030297451,Hold,10.0,Hold,9.0,Hold,9.0,Hold,8.0,Buy,10.0,Hold,8.0,Buy,8.0,Hold,8.0,Buy,10.0,Hold,10.0
16/11/2020,13.47,0.6177840088665771,Hold,10.0,Sell,9.0,Hold,9.0,Hold,8.0,Sell,10.0,Sell,8.0,Hold,8.0,Sell,8.0,Sell,10.0,Hold,10.0
17/11/2020,13.38,0.6565166197041131,Hold,10.0,Hold,9.0,Hold,9.0,Hold,8.0,Buy,10.0,Buy,8.0,Hold,8.0,Hold,8.0,Buy,10.0,Hold,10.0
18/11/2020,13.39,0.6148510295153136,Hold,10.0,Sell,9.0,Hold,9.0,Hold,8.0,Sell,10.0,Sell,8.0,Sell,8.0,Hold,8.0,Sell,10.0,Hold,10.0
19/11/2020,13.4,0.5762776141385696,Hold,10.0,Hold,9.0,Hold,9.0,Hold,8.0,Buy,10.0,Hold,8.0,Hold,8.0,Hold,8.0,Buy,10.0,Sell,10.0
20/11/2020,13.05,0.6382036735483361,Hold,10.0,Hold,9.0,Hold,9.0,Hold,8.0,Hold,10.0,Hold,8.0,Hold,8.0,Hold,8.0,Hold,10.0,Hold,10.0
23/11/2020,13.1,0.6310769481449208,Hold,10.0,Sell,9.0,Hold,9.0,Sell,8.0,Sell,10.0,Sell,8.0,Sell,8.0,Sell,8.0,Sell,10.0,Sell,10.0
24/11/2020,12.92,0.6341395043214648,Hold,10.0,Hold,9.0,Hold,9.0,Hold,8.0,Hold,10.0,Hold,8.0,Hold,8.0,Hold,8.0,Buy,10.0,Buy,10.0
25/11/2020,13.2,0.6486272497053204,Hold,10.0,Hold,9.0,Hold,9.0,Hold,8.0,Hold,10.0,Hold,8.0,Hold,8.0,Hold,8.0,Hold,10.0,Sell,10.0
27/11/2020,13.22,0.6902463534720233,Hold,10.0,Hold,9.0,Hold,9.0,Hold,8.0,Hold,10.0,Buy,8.0,Hold,8.0,Hold,8.0,Buy,10.0,Buy,10.0
30/11/2020,13.36,0.7035421584821937,Hold,10.0,Hold,9.0,Hold,9.0,Hold,8.0,Hold,10.0,Sell,8.0,Hold,8.0,Hold,8.0,Hold,10.0,Hold,10.0
1/12/2020,13.35,0.7045631021599422,Buy,10.0,Buy,9.0,Hold,9.0,Hold,8.0,Buy,10.0,Buy,8.0,Hold,8.0,Buy,8.0,Hold,10.0,Hold,10.0
2/12/2020,13.5,0.677784564548519,Hold,10.0,Hold,9.0,Hold,9.0,Hold,8.0,Hold,10.0,Hold,8.0,Hold,8.0,Hold,8.0,Hold,10.0,Hold,10.0
3/12/2020,13.36,0.6941566243288665,Hold,10.0,Hold,9.0,Hold,9.0,Hold,8.0,Hold,10.0,Hold,8.0,Hold,8.0,Hold,8.0,Hold,10.0,Hold,10.0
4/12/2020,13.52,0.6204303243546432,Hold,10.0,Buy,9.0,Hold,9.0,Hold,8.0,Hold,10.0,Hold,8.0,Hold,8.0,Buy,8.0,Hold,10.0,Hold,10.0
7/12/2020,13.57,0.6736935623309729,Hold,10.0,Hold,9.0,Hold,9.0,Hold,8.0,Hold,10.0,Buy,8.0,Hold,8.0,Hold,8.0,Hold,10.0,Buy,10.0
8/12/2020,13.31,0.6074888249528433,Hold,10.0,Hold,9.0,Hold,9.0,Hold,8.0,Hold,10.0,Hold,8.0,Hold,8.0,Hold,8.0,Hold,10.0,Hold,10.0
9/12/2020,12.9,0.7433164355567019,Sell,10.0,Sell,9.0,Hold,9.0,Hold,8.0,Sell,10.0,Sell,8.0,Hold,8.0,Sell,8.0,Sell,10.0,Hold,10.0
10/12/2020,12.94,0.6626391138088435,Hold,10.0,Sell,9.0,Hold,9.0,Hold,8.0,Hold,10.0,Hold,8.0,Hold,8.0,Sell,8.0,Sell,10.0,Sell,10.0
11/12/2020,12.98,0.7068732127356983,Hold,10.0,Hold,9.0,Hold,9.0,Hold,8.0,Hold,10.0,Hold,8.0,Hold,8.0,Hold,8.0,Hold,10.0,Hold,10.0
14/12/2020,13.27,0.7261281546065808,Hold,10.0,Hold,9.0,Hold,9.0,Buy,8.0,Hold,10.0,Sell,8.0,Buy,8.0,Hold,8.0,Hold,10.0,Hold,10.0
15/12/2020,13.32,0.680229136801081,Buy,10.0,Hold,9.0,Hold,9.0,Hold,8.0,Buy,10.0,Buy,8.0,Hold,8.0,Hold,8.0,Buy,10.0,Buy,10.0
16/12/2020,13.21,0.6312662551428337,Hold,10.0,Hold,9.0,Hold,9.0,Hold,8.0,Hold,10.0,Hold,8.0,Hold,8.0,Hold,8.0,Hold,10.0,Hold,10.0
17/12/2020,13.31,0.6629812715422386,Sell,10.0,Hold,9.0,Hold,9.0,Sell,8.0,Sell,10.0,Hold,8.0,Sell,8.0,Hold,8.0,Sell,10.0,Hold,10.0
18/12/2020,13.24,0.6255645359237215,Buy,10.0,Hold,9.0,Hold,9.0,Hold,8.0,Buy,10.0,Buy,8.0,Hold,8.0,Hold,8.0,Hold,10.0,Hold,10.0
21/12/2020,13.3,0.7161996632085377,Sell,10.0,Hold,9.0,Hold,9.0,Sell,8.0,Sell,10.0,Sell,8.0,Sell,8.0,Hold,8.0,Sell,10.0,Hold,10.0
22/12/2020,13.24,0.7171797596780272,Hold,10.0,Hold,9.0,Hold,9.0,Hold,8.0,Buy,10.0,Buy,8.0,Hold,8.0,Hold,8.0,Hold,10.0,Hold,10.0
23/12/2020,12.97,0.7390824236975744,Sell,10.0,Hold,9.0,Hold,9.0,Hold,8.0,Sell,10.0,Hold,8.0,Hold,8.0,Hold,8.0,Sell,10.0,Hold,10.0
24/12/2020,12.96,0.7757170578586311,Hold,10.0,Hold,9.0,Hold,9.0,Hold,8.0,Hold,10.0,Hold,8.0,Hold,8.0,Hold,8.0,Sell,10.0,Sell,10.0
28/12/2020,12.87,0.6957167210529445,Hold,10.0,Hold,9.0,Hold,9.0,Hold,8.0,Hold,10.0,Hold,8.0,Hold,8.0,Hold,8.0,Hold,10.0,Hold,10.0
29/12/2020,12.91,0.7130595626624716,Hold,10.0,Hold,9.0,Hold,9.0,Hold,8.0,Hold,10.0,Hold,8.0,Hold,8.0,Hold,8.0,Hold,10.0,Hold,10.0
30/12/2020,13.11,0.6874130370405892,Hold,10.0,Hold,9.0,Hold,9.0,Hold,8.0,Hold,10.0,Sell,8.0,Hold,8.0,Hold,8.0,Hold,10.0,Sell,10.0
31/12/2020,13.02,0.648797632308904,Buy,10.0,Buy,9.0,Hold,9.0,Hold,8.0,Buy,10.0,Buy,8.0,Hold,8.0,Hold,8.0,Buy,10.0,Hold,10.0
4/1/2021,13.08,0.6724192752536471,Sell,10.0,Hold,9.0,Hold,9.0,Hold,8.0,Sell,10.0,Hold,8.0,Hold,8.0,Hold,8.0,Sell,10.0,Hold,10.0
5/1/2021,13.37,0.6852413239743008,Buy,10.0,Hold,9.0,Hold,9.0,Hold,8.0,Hold,10.0,Hold,8.0,Hold,8.0,Hold,8.0,Hold,10.0,Hold,10.0
6/1/2021,12.58,0.6649435918237594,Hold,10.0,Buy,9.0,Hold,9.0,Buy,8.0,Buy,10.0,Buy,8.0,Buy,8.0,Buy,8.0,Buy,10.0,Buy,10.0
7/1/2021,13.31,0.6921080574731121,Hold,10.0,Hold,9.0,Hold,9.0,Hold,8.0,Sell,10.0,Hold,8.0,Hold,8.0,Hold,8.0,Sell,10.0,Hold,10.0
8/1/2021,13.24,0.7045640048828098,Buy,10.0,Buy,9.0,Hold,9.0,Buy,8.0,Buy,10.0,Buy,8.0,Buy,8.0,Buy,8.0,Buy,10.0,Buy,10.0
11/1/2021,13.58,0.6847061730320048,Hold,10.0,Hold,9.0,Hold,9.0,Hold,8.0,Hold,10.0,Buy,8.0,Hold,8.0,Hold,8.0,Hold,10.0,Buy,10.0
12/1/2021,13.45,0.7549553090523259,Hold,10.0,Buy,9.0,Hold,9.0,Hold,8.0,Hold,10.0,Hold,8.0,Hold,8.0,Buy,8.0,Hold,10.0,Hold,10.0
13/1/2021,13.5,0.6288076860717592,Hold,10.0,Hold,9.0,Hold,9.0,Hold,8.0,Hold,10.0,Hold,8.0,Hold,8.0,Hold,8.0,Hold,10.0,Hold,10.0
14/1/2021,13.16,0.6628521364247991,Hold,10.0,Hold,9.0,Hold,9.0,Hold,8.0,Hold,10.0,Hold,8.0,Hold,8.0,Hold,8.0,Hold,10.0,Hold,10.0
15/1/2021,12.82,0.5772811682852375,Sell,10.0,Sell,9.0,Hold,9.0,Hold,8.0,Sell,10.0,Sell,8.0,Hold,8.0,Sell,8.0,Sell,10.0,Sell,10.0
19/1/2021,12.99,0.5906697335902029,Sell,10.0,Hold,9.0,Hold,9.0,Hold,8.0,Hold,10.0,Hold,8.0,Hold,8.0,Hold,8.0,Hold,10.0,Hold,10.0
20/1/2021,13.33,0.691886088969461,Buy,10.0,Sell,9.0,Hold,9.0,Hold,8.0,Hold,10.0,Hold,8.0,Hold,8.0,Sell,8.0,Hold,10.0,Hold,10.0
21/1/2021,13.83,0.668478485891342,Hold,10.0,Buy,9.0,Hold,9.0,Hold,8.0,Buy,10.0,Buy,8.0,Hold,8.0,Buy,8.0,Buy,10.0,Buy,10.0
22/1/2021,13.68,0.6332883675478316,Hold,10.0,Hold,9.0,Hold,9.0,Hold,8.0,Hold,10.0,Hold,8.0,Hold,8.0,Hold,8.0,Hold,10.0,Hold,10.0
25/1/2021,13.62,0.6755651466363868,Hold,10.0,Hold,9.0,Hold,9.0,Hold,8.0,Hold,10.0,Hold,8.0,Hold,8.0,Hold,8.0,Hold,10.0,Hold,10.0
26/1/2021,13.4,0.6437178721625981,Hold,10.0,Hold,9.0,Hold,9.0,Hold,8.0,Hold,10.0,Sell,8.0,Hold,8.0,Hold,8.0,Hold,10.0,Sell,10.0
27/1/2021,12.88,0.6001195435292952,Sell,10.0,Hold,9.0,Hold,9.0,Hold,8.0,Hold,10.0,Hold,8.0,Hold,8.0,Hold,8.0,Hold,10.0,Hold,10.0
28/1/2021,13.02,0.6664086177282944,Hold,10.0,Sell,9.0,Hold,9.0,Sell,8.0,Sell,10.0,Sell,8.0,Sell,8.0,Sell,8.0,Sell,10.0,Sell,10.0
29/1/2021,12.95,0.6792049893542426,Hold,10.0,Hold,9.0,Hold,9.0,Hold,8.0,Hold,10.0,Buy,8.0,Hold,8.0,Hold,8.0,Hold,10.0,Buy,10.0
1/2/2021,13.2,0.6420865282360837,Hold,10.0,Hold,9.0,Hold,9.0,Hold,8.0,Hold,10.0,Hold,8.0,Hold,8.0,Hold,8.0,Hold,10.0,Hold,10.0
2/2/2021,13.52,0.6621119579788963,Hold,10.0,Hold,9.0,Hold,9.0,Hold,8.0,Hold,10.0,Hold,8.0,Hold,8.0,Hold,8.0,Buy,10.0,Buy,10.0
3/2/2021,13.49,0.6615835930588042,Buy,10.0,Buy,9.0,Hold,9.0,Buy,8.0,Buy,10.0,Buy,8.0,Buy,8.0,Buy,8.0,Hold,10.0,Hold,10.0
4/2/2021,13.63,0.6743084594032096,Hold,10.0,Hold,9.0,Sell,9.0,Hold,8.0,Hold,10.0,Hold,8.0,Hold,8.0,Hold,8.0,Hold,10.0,Hold,10.0
5/2/2021,13.55,0.7559051025477799,Hold,10.0,Hold,9.0,Hold,9.0,Hold,8.0,Hold,10.0,Hold,8.0,Hold,8.0,Hold,8.0,Hold,10.0,Hold,10.0
8/2/2021,14.4,0.7260647334592664,Hold,10.0,Hold,9.0,Hold,9.0,Hold,8.0,Hold,10.0,Hold,8.0,Hold,8.0,Hold,8.0,Hold,10.0,Hold,10.0
9/2/2021,14.22,0.6726187344759041,Hold,10.0,Hold,9.0,Hold,9.0,Hold,8.0,Hold,10.0,Hold,8.0,Hold,8.0,Hold,8.0,Hold,10.0,Hold,10.0
10/2/2021,14.72,0.6905780232917068,Hold,10.0,Hold,9.0,Hold,9.0,Hold,8.0,Hold,10.0,Hold,8.0,Hold,8.0,Hold,8.0,Hold,10.0,Hold,10.0
11/2/2021,15.21,0.6986162974052389,Hold,10.0,Hold,9.0,Hold,9.0,Hold,8.0,Hold,10.0,Hold,8.0,Hold,8.0,Hold,8.0,Hold,10.0,Hold,10.0
12/2/2021,14.92,0.6224483628391159,Hold,10.0,Hold,9.0,Hold,9.0,Hold,8.0,Hold,10.0,Hold,8.0,Hold,8.0,Hold,8.0,Hold,10.0,Hold,10.0
16/2/2021,15.29,0.6337323739482621,Hold,10.0,Hold,9.0,Hold,9.0,Hold,8.0,Hold,10.0,Hold,8.0,Hold,8.0,Hold,8.0,Hold,10.0,Hold,10.0
17/2/2021,14.87,0.6141330499612164,Hold,10.0,Hold,9.0,Sell,9.0,Hold,8.0,Hold,10.0,Hold,8.0,Hold,8.0,Hold,8.0,Hold,10.0,Hold,10.0
18/2/2021,14.79,0.6561928811880432,Hold,10.0,Hold,9.0,Sell,9.0,Hold,8.0,Hold,10.0,Hold,8.0,Hold,8.0,Hold,8.0,Hold,10.0,Hold,10.0
19/2/2021,14.89,0.6941475078257842,Hold,10.0,Hold,9.0,Sell,9.0,Hold,8.0,Hold,10.0,Hold,8.0,Hold,8.0,Hold,8.0,Hold,10.0,Hold,10.0
22/2/2021,14.32,0.6119929144628403,Hold,10.0,Hold,9.0,Hold,9.0,Hold,8.0,Hold,10.0,Hold,8.0,Hold,8.0,Hold,8.0,Hold,10.0,Hold,10.0
23/2/2021,14.1,0.6356361080402707,Sell,10.0,Sell,9.0,Hold,9.0,Hold,8.0,Sell,10.0,Sell,8.0,Sell,8.0,Hold,8.0,Sell,10.0,Hold,10.0
24/2/2021,14.46,0.6355319631055304,Hold,10.0,Hold,9.0,Hold,9.0,Sell,8.0,Sell,10.0,Hold,8.0,Hold,8.0,Sell,8.0,Hold,10.0,Hold,10.0
25/2/2021,13.27,0.5978690033701142,Hold,10.0,Hold,9.0,Hold,9.0,Hold,8.0,Buy,10.0,Hold,8.0,Hold,8.0,Hold,8.0,Buy,10.0,Hold,10.0
26/2/2021,13.68,0.6508417964543185,Hold,10.0,Sell,9.0,Hold,9.0,Sell,8.0,Sell,10.0,Sell,8.0,Sell,8.0,Sell,8.0,Sell,10.0,Sell,10.0
1/3/2021,13.8,0.684792773606755,Hold,10.0,Hold,9.0,Hold,9.0,Hold,8.0,Hold,10.0,Hold,8.0,Hold,8.0,Hold,8.0,Hold,10.0,Hold,10.0
2/3/2021,13.37,0.6289002882972528,Hold,10.0,Hold,9.0,Hold,9.0,Hold,8.0,Hold,10.0,Hold,8.0,Hold,8.0,Hold,8.0,Hold,10.0,Hold,10.0
3/3/2021,12.77,0.5389059249639543,Hold,10.0,Hold,9.0,Hold,9.0,Hold,8.0,Hold,10.0,Hold,8.0,Hold,8.0,Hold,8.0,Hold,10.0,Hold,10.0
4/3/2021,12.34,0.6544111041422442,Hold,10.0,Hold,9.0,Hold,9.0,Hold,8.0,Hold,10.0,Hold,8.0,Sell,8.0,Hold,8.0,Hold,10.0,Hold,10.0
5/3/2021,12.43,0.637500142257029,Hold,10.0,Hold,9.0,Hold,9.0,Hold,8.0,Hold,10.0,Hold,8.0,Hold,8.0,Hold,8.0,Hold,10.0,Hold,10.0
8/3/2021,11.56,0.5760772541070414,Hold,10.0,Hold,9.0,Hold,9.0,Hold,8.0,Hold,10.0,Hold,8.0,Hold,8.0,Hold,8.0,Hold,10.0,Hold,10.0
9/3/2021,12.49,0.6600568646081457,Hold,10.0,Hold,9.0,Hold,9.0,Hold,8.0,Hold,10.0,Hold,8.0,Hold,8.0,Hold,8.0,Hold,10.0,Hold,10.0
10/3/2021,12.44,0.6742032231607773,Hold,10.0,Hold,9.0,Hold,9.0,Hold,8.0,Hold,10.0,Hold,8.0,Hold,8.0,Hold,8.0,Hold,10.0,Hold,10.0
11/3/2021,12.96,0.6638649345811201,Hold,10.0,Hold,9.0,Hold,9.0,Hold,8.0,Hold,10.0,Hold,8.0,Hold,8.0,Hold,8.0,Hold,10.0,Hold,10.0
12/3/2021,12.83,0.6221483059050403,Buy,10.0,Hold,9.0,Hold,9.0,Hold,8.0,Buy,10.0,Buy,8.0,Hold,8.0,Hold,8.0,Hold,10.0,Hold,10.0
15/3/2021,13.16,0.6867941264394195,Hold,10.0,Hold,9.0,Hold,9.0,Hold,8.0,Sell,10.0,Hold,8.0,Hold,8.0,Hold,8.0,Hold,10.0,Hold,10.0
16/3/2021,13.26,0.7674844551719869,Buy,10.0,Hold,9.0,Hold,9.0,Hold,8.0,Buy,10.0,Buy,8.0,Hold,8.0,Hold,8.0,Hold,10.0,Hold,10.0
17/3/2021,13.31,0.6710247293908123,Buy,10.0,Hold,9.0,Hold,9.0,Buy,8.0,Buy,10.0,Hold,8.0,Hold,8.0,Hold,8.0,Hold,10.0,Hold,10.0
18/3/2021,12.69,0.6542414192272411,Hold,10.0,Hold,9.0,Hold,9.0,Hold,8.0,Hold,10.0,Buy,8.0,Hold,8.0,Hold,8.0,Hold,10.0,Hold,10.0
19/3/2021,12.82,0.706143047223867,Hold,10.0,Hold,9.0,Hold,9.0,Hold,8.0,Sell,10.0,Sell,8.0,Hold,8.0,Hold,8.0,Hold,10.0,Hold,10.0
22/3/2021,13.16,0.6598703897690092,Hold,10.0,Hold,9.0,Hold,9.0,Hold,8.0,Hold,10.0,Hold,8.0,Hold,8.0,Hold,8.0,Hold,10.0,Hold,10.0
23/3/2021,13.04,0.5867861746094869,Hold,10.0,Hold,9.0,Hold,9.0,Buy,8.0,Buy,10.0,Hold,8.0,Buy,8.0,Hold,8.0,Buy,10.0,Hold,10.0
24/3/2021,12.61,0.7040469935934032,Hold,10.0,Hold,9.0,Hold,9.0,Hold,8.0,Sell,10.0,Hold,8.0,Hold,8.0,Hold,8.0,Hold,10.0,Hold,10.0
25/3/2021,12.51,0.6718975677590885,Hold,10.0,Hold,9.0,Hold,9.0,Hold,8.0,Hold,10.0,Sell,8.0,Hold,8.0,Hold,8.0,Hold,10.0,Hold,10.0
26/3/2021,12.81,0.7179478691742753,Hold,10.0,Hold,9.0,Hold,9.0,Buy,8.0,Hold,10.0,Hold,8.0,Buy,8.0,Hold,8.0,Hold,10.0,Hold,10.0
29/3/2021,12.92,0.6422839972479237,Hold,10.0,Hold,9.0,Sell,9.0,Hold,8.0,Hold,10.0,Sell,8.0,Hold,8.0,Hold,8.0,Hold,10.0,Hold,10.0
30/3/2021,12.84,0.8226613419691067,Hold,10.0,Buy,9.0,Hold,9.0,Hold,8.0,Buy,10.0,Buy,8.0,Hold,8.0,Hold,8.0,Buy,10.0,Hold,10.0
31/3/2021,13.32,0.717662540928805,Hold,10.0,Hold,9.0,Hold,9.0,Hold,8.0,Hold,10.0,Hold,8.0,Hold,8.0,Hold,8.0,Hold,10.0,Hold,10.0
1/4/2021,13.78,0.6637686428314703,Hold,10.0,Buy,9.0,Hold,9.0,Hold,8.0,Buy,10.0,Buy,8.0,Hold,8.0,Buy,8.0,Buy,10.0,Buy,10.0
5/4/2021,13.95,0.6027896929376826,Hold,10.0,Hold,9.0,Hold,9.0,Hold,8.0,Hold,10.0,Hold,8.0,Hold,8.0,Hold,8.0,Hold,10.0,Hold,10.0
6/4/2021,13.83,0.7525779934346678,Hold,10.0,Hold,9.0,Hold,9.0,Hold,8.0,Hold,10.0,Hold,8.0,Hold,8.0,Hold,8.0,Hold,10.0,Hold,10.0
7/4/2021,14.11,0.6481266297136178,Hold,10.0,Hold,9.0,Hold,9.0,Hold,8.0,Hold,10.0,Hold,8.0,Hold,8.0,Hold,8.0,Hold,10.0,Hold,10.0
8/4/2021,14.28,0.681083045644493,Hold,10.0,Hold,9.0,Hold,9.0,Hold,8.0,Hold,10.0,Hold,8.0,Hold,8.0,Hold,8.0,Hold,10.0,Hold,10.0
9/4/2021,14.37,0.7518837799489546,Hold,10.0,Hold,9.0,Hold,9.0,Hold,8.0,Hold,10.0,Hold,8.0,Hold,8.0,Hold,8.0,Hold,10.0,Hold,10.0
12/4/2021,15.17,0.7446963342311634,Hold,10.0,Hold,9.0,Hold,9.0,Hold,8.0,Hold,10.0,Hold,8.0,Hold,8.0,Hold,8.0,Hold,10.0,Hold,10.0
13/4/2021,15.64,0.6910290642903307,Hold,10.0,Hold,9.0,Hold,9.0,Hold,8.0,Hold,10.0,Hold,8.0,Hold,8.0,Hold,8.0,Hold,10.0,Hold,10.0
14/4/2021,15.24,0.620780769560909,Hold,10.0,Hold,9.0,Hold,9.0,Hold,8.0,Hold,10.0,Hold,8.0,Hold,8.0,Hold,8.0,Hold,10.0,Hold,10.0
15/4/2021,16.1,0.6442069739113592,Hold,10.0,Hold,9.0,Hold,9.0,Hold,8.0,Hold,10.0,Hold,8.0,Hold,8.0,Hold,8.0,Hold,10.0,Hold,10.0
16/4/2021,15.88,0.6996350454253275,Hold,10.0,Hold,9.0,Hold,9.0,Hold,8.0,Hold,10.0,Hold,8.0,Hold,8.0,Hold,8.0,Hold,10.0,Hold,10.0
19/4/2021,15.33,0.6760892293012578,Hold,10.0,Hold,9.0,Sell,9.0,Hold,8.0,Hold,10.0,Hold,8.0,Hold,8.0,Hold,8.0,Hold,10.0,Hold,10.0
20/4/2021,15.14,0.7057448813446765,Hold,10.0,Hold,9.0,Sell,9.0,Hold,8.0,Hold,10.0,Hold,8.0,Hold,8.0,Hold,8.0,Hold,10.0,Hold,10.0
21/4/2021,15.32,0.7477027687384806,Hold,10.0,Hold,9.0,Sell,9.0,Hold,8.0,Hold,10.0,Hold,8.0,Hold,8.0,Hold,8.0,Hold,10.0,Hold,10.0
22/4/2021,14.82,0.6482333590676111,Hold,10.0,Hold,9.0,Hold,9.0,Hold,8.0,Hold,10.0,Hold,8.0,Hold,8.0,Hold,8.0,Hold,10.0,Hold,10.0
23/4/2021,15.23,0.6649386733391536,Sell,10.0,Hold,9.0,Hold,9.0,Hold,8.0,Sell,10.0,Sell,8.0,Hold,8.0,Hold,8.0,Hold,10.0,Hold,10.0
26/4/2021,15.44,0.7864330512935306,Hold,10.0,Hold,9.0,Hold,9.0,Hold,8.0,Hold,10.0,Hold,8.0,Hold,8.0,Hold,8.0,Hold,10.0,Hold,10.0
27/4/2021,15.35,0.7743632845458661,Sell,10.0,Hold,9.0,Hold,9.0,Hold,8.0,Hold,10.0,Hold,8.0,Hold,8.0,Hold,8.0,Hold,10.0,Hold,10.0
28/4/2021,15.24,0.6650749349532908,Hold,10.0,Hold,9.0,Hold,9.0,Hold,8.0,Hold,10.0,Sell,8.0,Hold,8.0,Hold,8.0,Hold,10.0,Hold,10.0
29/4/2021,15.29,0.7648782570240157,Hold,10.0,Hold,9.0,Hold,9.0,Hold,8.0,Hold,10.0,Hold,8.0,Hold,8.0,Hold,8.0,Hold,10.0,Hold,10.0
30/4/2021,14.97,0.6507678645556718,Hold,10.0,Hold,9.0,Hold,9.0,Hold,8.0,Hold,10.0,Hold,8.0,Hold,8.0,Hold,8.0,Hold,10.0,Hold,10.0
3/5/2021,14.8,0.6060131614798238,Hold,10.0,Sell,9.0,Hold,9.0,Hold,8.0,Sell,10.0,Hold,8.0,Sell,8.0,Hold,8.0,Sell,10.0,Hold,10.0
4/5/2021,14.32,0.54875219816204,Hold,10.0,Hold,9.0,Hold,9.0,Sell,8.0,Hold,10.0,Hold,8.0,Hold,8.0,Sell,8.0,Hold,10.0,Hold,10.0
5/5/2021,14.42,0.6696737611556445,Hold,10.0,Hold,9.0,Hold,9.0,Hold,8.0,Hold,10.0,Hold,8.0,Hold,8.0,Hold,8.0,Hold,10.0,Hold,10.0
6/5/2021,14.49,0.6783078673288183,Hold,10.0,Hold,9.0,Hold,9.0,Sell,8.0,Hold,10.0,Hold,8.0,Hold,8.0,Hold,8.0,Hold,10.0,Hold,10.0
7/5/2021,14.78,0.7350574013708904,Hold,10.0,Hold,9.0,Hold,9.0,Hold,8.0,Hold,10.0,Hold,8.0,Hold,8.0,Hold,8.0,Hold,10.0,Hold,10.0
10/5/2021,14.23,0.6853926709861338,Hold,10.0,Hold,9.0,Hold,9.0,Hold,8.0,Hold,10.0,Hold,8.0,Hold,8.0,Hold,8.0,Hold,10.0,Hold,10.0
11/5/2021,14.27,0.7182483515340975,Hold,10.0,Hold,9.0,Hold,9.0,Hold,8.0,Hold,10.0,Hold,8.0,Hold,8.0,Sell,8.0,Hold,10.0,Hold,10.0
12/5/2021,13.73,0.7255370082747195,Hold,10.0,Hold,9.0,Hold,9.0,Hold,8.0,Hold,10.0,Hold,8.0,Hold,8.0,Hold,8.0,Hold,10.0,Hold,10.0
13/5/2021,13.63,0.684545421768204,Hold,10.0,Hold,9.0,Hold,9.0,Hold,8.0,Hold,10.0,Hold,8.0,Hold,8.0,Hold,8.0,Hold,10.0,Hold,10.0
14/5/2021,14.21,0.5863269421500813,Hold,10.0,Hold,9.0,Hold,9.0,Hold,8.0,Hold,10.0,Hold,8.0,Hold,8.0,Hold,8.0,Hold,10.0,Hold,10.0
17/5/2021,14.13,0.6448616366132165,Hold,10.0,Hold,9.0,Hold,9.0,Hold,8.0,Hold,10.0,Hold,8.0,Hold,8.0,Hold,8.0,Hold,10.0,Hold,10.0
18/5/2021,13.98,0.6994273630304341,Hold,10.0,Hold,9.0,Hold,9.0,Hold,8.0,Hold,10.0,Hold,8.0,Hold,8.0,Hold,8.0,Hold,10.0,Hold,10.0
19/5/2021,14.03,0.6340873687901801,Hold,10.0,Hold,9.0,Hold,9.0,Hold,8.0,Hold,10.0,Hold,8.0,Hold,8.0,Hold,8.0,Hold,10.0,Hold,10.0
20/5/2021,14.58,0.6575661508283515,Hold,10.0,Hold,9.0,Hold,9.0,Hold,8.0,Hold,10.0,Hold,8.0,Hold,8.0,Hold,8.0,Hold,10.0,Hold,10.0
21/5/2021,14.96,0.7556114555719803,Buy,10.0,Buy,9.0,Hold,9.0,Buy,8.0,Buy,10.0,Buy,8.0,Buy,8.0,Buy,8.0,Buy,10.0,Buy,10.0
24/5/2021,15.58,0.7289085404519491,Hold,10.0,Hold,9.0,Hold,9.0,Hold,8.0,Hold,10.0,Hold,8.0,Hold,8.0,Hold,8.0,Hold,10.0,Hold,10.0
25/5/2021,15.61,0.6969247618846207,Hold,10.0,Hold,9.0,Hold,9.0,Hold,8.0,Hold,10.0,Hold,8.0,Hold,8.0,Hold,8.0,Hold,10.0,Hold,10.0
26/5/2021,15.66,0.6449200827193639,Hold,10.0,Hold,9.0,Hold,9.0,Hold,8.0,Hold,10.0,Hold,8.0,Hold,8.0,Hold,8.0,Hold,10.0,Hold,10.0
27/5/2021,15.45,0.6245027053154408,Hold,10.0,Hold,9.0,Hold,9.0,Hold,8.0,Hold,10.0,Hold,8.0,Hold,8.0,Hold,8.0,Hold,10.0,Hold,10.0
28/5/2021,16.21,0.7032001369909278,Hold,10.0,Hold,9.0,Hold,9.0,Hold,8.0,Hold,10.0,Hold,8.0,Hold,8.0,Hold,8.0,Hold,10.0,Hold,10.0
1/6/2021,16.23,0.728768094645067,Hold,10.0,Hold,9.0,Hold,9.0,Hold,8.0,Hold,10.0,Hold,8.0,Hold,8.0,Hold,8.0,Hold,10.0,Hold,10.0
2/6/2021,16.74,0.7184992509911923,Hold,10.0,Hold,9.0,Hold,9.0,Hold,8.0,Hold,10.0,Hold,8.0,Hold,8.0,Hold,8.0,Hold,10.0,Hold,10.0
3/6/2021,16.93,0.7131909280481888,Hold,10.0,Hold,9.0,Hold,9.0,Hold,8.0,Hold,10.0,Hold,8.0,Hold,8.0,Hold,8.0,Hold,10.0,Hold,10.0
4/6/2021,17.54,0.7483745753294133,Hold,10.0,Hold,9.0,Hold,9.0,Hold,8.0,Hold,10.0,Hold,8.0,Hold,8.0,Hold,8.0,Hold,10.0,Hold,10.0
7/6/2021,17.58,0.7476603698996597,Hold,10.0,Hold,9.0,Hold,9.0,Hold,8.0,Hold,10.0,Hold,8.0,Hold,8.0,Hold,8.0,Hold,10.0,Hold,10.0
8/6/2021,17.42,0.7039300631355687,Hold,10.0,Hold,9.0,Hold,9.0,Hold,8.0,Hold,10.0,Hold,8.0,Hold,8.0,Hold,8.0,Hold,10.0,Hold,10.0
9/6/2021,17.32,0.7313351767853191,Hold,10.0,Hold,9.0,Hold,9.0,Hold,8.0,Hold,10.0,Hold,8.0,Hold,8.0,Hold,8.0,Hold,10.0,Hold,10.0
10/6/2021,17.39,0.710142910893662,Hold,10.0,Hold,9.0,Hold,9.0,Hold,8.0,Hold,10.0,Hold,8.0,Hold,8.0,Hold,8.0,Hold,10.0,Hold,10.0
11/6/2021,17.79,0.7500344740441884,Hold,10.0,Hold,9.0,Hold,9.0,Hold,8.0,Hold,10.0,Hold,8.0,Hold,8.0,Hold,8.0,Hold,10.0,Hold,10.0
14/6/2021,17.98,0.6868005287483673,Hold,10.0,Hold,9.0,Hold,9.0,Hold,8.0,Hold,10.0,Hold,8.0,Hold,8.0,Hold,8.0,Hold,10.0,Hold,10.0
15/6/2021,17.75,0.6938693332198651,Hold,10.0,Hold,9.0,Hold,9.0,Hold,8.0,Hold,10.0,Hold,8.0,Hold,8.0,Hold,8.0,Hold,10.0,Hold,10.0
16/6/2021,17.77,0.7420871905731387,Hold,10.0,Hold,9.0,Hold,9.0,Hold,8.0,Hold,10.0,Hold,8.0,Hold,8.0,Hold,8.0,Hold,10.0,Hold,10.0
17/6/2021,18.62,0.738485880108826,Hold,10.0,Hold,9.0,Hold,9.0,Hold,8.0,Hold,10.0,Hold,8.0,Hold,8.0,Hold,8.0,Hold,10.0,Hold,10.0
18/6/2021,18.6,0.7429585724642331,Hold,10.0,Hold,9.0,Hold,9.0,Hold,8.0,Hold,10.0,Hold,8.0,Hold,8.0,Hold,8.0,Hold,10.0,Hold,10.0
21/6/2021,18.39,0.6840600224672033,Hold,10.0,Hold,9.0,Hold,9.0,Hold,8.0,Hold,10.0,Hold,8.0,Hold,8.0,Hold,8.0,Hold,10.0,Hold,10.0
22/6/2021,18.85,0.7209871809482821,Hold,10.0,Hold,9.0,Hold,9.0,Hold,8.0,Hold,10.0,Hold,8.0,Hold,8.0,Hold,8.0,Hold,10.0,Hold,10.0
23/6/2021,19.02,0.6810849223237488,Hold,10.0,Hold,9.0,Hold,9.0,Hold,8.0,Hold,10.0,Hold,8.0,Hold,8.0,Hold,8.0,Hold,10.0,Hold,10.0
24/6/2021,19.16,0.7065901520647792,Hold,10.0,Hold,9.0,Hold,9.0,Hold,8.0,Hold,10.0,Hold,8.0,Hold,8.0,Hold,8.0,Hold,10.0,Hold,10.0
25/6/2021,18.99,0.707926199029666,Hold,10.0,Hold,9.0,Hold,9.0,Hold,8.0,Hold,10.0,Hold,8.0,Hold,8.0,Hold,8.0,Hold,10.0,Hold,10.0
28/6/2021,19.94,0.7502661054484308,Hold,10.0,Hold,9.0,Hold,9.0,Hold,8.0,Hold,10.0,Hold,8.0,Hold,8.0,Hold,8.0,Hold,10.0,Hold,10.0
29/6/2021,19.98,0.7389077359009563,Hold,10.0,Hold,9.0,Hold,9.0,Hold,8.0,Hold,10.0,Hold,8.0,Hold,8.0,Hold,8.0,Hold,10.0,Hold,10.0
30/6/2021,19.96,0.7036974806045301,Hold,10.0,Hold,9.0,Hold,9.0,Hold,8.0,Hold,10.0,Hold,8.0,Hold,8.0,Hold,8.0,Hold,10.0,Hold,10.0
1/7/2021,20.17,0.6675635989227721,Hold,10.0,Hold,9.0,Hold,9.0,Hold,8.0,Hold,10.0,Hold,8.0,Hold,8.0,Hold,8.0,Hold,10.0,Hold,10.0
2/7/2021,20.44,0.7465985717324585,Hold,10.0,Hold,9.0,Hold,9.0,Hold,8.0,Hold,10.0,Hold,8.0,Hold,8.0,Hold,8.0,Hold,10.0,Hold,10.0
6/7/2021,20.65,0.6820894719121972,Hold,10.0,Hold,9.0,Hold,9.0,Hold,8.0,Hold,10.0,Hold,8.0,Hold,8.0,Hold,8.0,Hold,10.0,Hold,10.0
7/7/2021,20.33,0.6923676897555732,Hold,10.0,Hold,9.0,Sell,9.0,Hold,8.0,Hold,10.0,Hold,8.0,Hold,8.0,Hold,8.0,Hold,10.0,Hold,10.0
8/7/2021,19.86,0.6832719736070658,Sell,10.0,Hold,9.0,Hold,9.0,Hold,8.0,Hold,10.0,Hold,8.0,Hold,8.0,Hold,8.0,Hold,10.0,Hold,10.0
9/7/2021,20.01,0.7551504891627456,Hold,10.0,Hold,9.0,Hold,9.0,Hold,8.0,Hold,10.0,Hold,8.0,Hold,8.0,Hold,8.0,Hold,10.0,Hold,10.0
12/7/2021,20.47,0.7728379801661324,Hold,10.0,Hold,9.0,Sell,9.0,Hold,8.0,Hold,10.0,Hold,8.0,Hold,8.0,Hold,8.0,Hold,10.0,Hold,10.0
13/7/2021,20.21,0.7632850583814385,Hold,10.0,Hold,9.0,Hold,9.0,Hold,8.0,Hold,10.0,Hold,8.0,Hold,8.0,Hold,8.0,Hold,10.0,Hold,10.0
14/7/2021,19.8,0.716193170960211,Hold,10.0,Hold,9.0,Hold,9.0,Hold,8.0,Hold,10.0,Hold,8.0,Hold,8.0,Hold,8.0,Hold,10.0,Hold,10.0
15/7/2021,18.93,0.6870143940365777,Hold,10.0,Hold,9.0,Hold,9.0,Hold,8.0,Sell,10.0,Sell,8.0,Sell,8.0,Hold,8.0,Hold,10.0,Hold,10.0
16/7/2021,18.12,0.6718525965595977,Hold,10.0,Hold,9.0,Hold,9.0,Sell,8.0,Sell,10.0,Sell,8.0,Hold,8.0,Hold,8.0,Hold,10.0,Hold,10.0
19/7/2021,18.74,0.6642812886406636,Hold,10.0,Hold,9.0,Hold,9.0,Hold,8.0,Hold,10.0,Hold,8.0,Hold,8.0,Hold,8.0,Hold,10.0,Hold,10.0
20/7/2021,18.57,0.6857636003583272,Hold,10.0,Hold,9.0,Hold,9.0,Hold,8.0,Hold,10.0,Hold,8.0,Hold,8.0,Hold,8.0,Hold,10.0,Hold,10.0
21/7/2021,19.37,0.7315213143179634,Hold,10.0,Hold,9.0,Hold,9.0,Hold,8.0,Hold,10.0,Hold,8.0,Hold,8.0,Hold,8.0,Hold,10.0,Hold,10.0
22/7/2021,19.55,0.7293407357504449,Hold,10.0,Hold,9.0,Hold,9.0,Hold,8.0,Buy,10.0,Buy,8.0,Hold,8.0,Hold,8.0,Hold,10.0,Hold,10.0
23/7/2021,19.52,0.6990882253149029,Hold,10.0,Hold,9.0,Hold,9.0,Hold,8.0,Hold,10.0,Hold,8.0,Hold,8.0,Hold,8.0,Hold,10.0,Hold,10.0
26/7/2021,19.25,0.63691769005719,Hold,10.0,Hold,9.0,Hold,9.0,Hold,8.0,Hold,10.0,Hold,8.0,Hold,8.0,Hold,8.0,Hold,10.0,Hold,10.0
27/7/2021,19.17,0.6207351750824395,Hold,10.0,Hold,9.0,Hold,9.0,Hold,8.0,Sell,10.0,Hold,8.0,Hold,8.0,Hold,8.0,Hold,10.0,Hold,10.0
28/7/2021,19.46,0.6959156469974447,Hold,10.0,Hold,9.0,Hold,9.0,Hold,8.0,Hold,10.0,Hold,8.0,Hold,8.0,Hold,8.0,Hold,10.0,Hold,10.0
29/7/2021,19.62,0.7431376765750876,Buy,10.0,Hold,9.0,Hold,9.0,Buy,8.0,Buy,10.0,Buy,8.0,Buy,8.0,Hold,8.0,Hold,10.0,Hold,10.0
30/7/2021,19.46,0.6931168767252405,Hold,10.0,Hold,9.0,Hold,9.0,Hold,8.0,Hold,10.0,Hold,8.0,Hold,8.0,Hold,8.0,Hold,10.0,Hold,10.0
2/8/2021,19.71,0.7776856598198477,Hold,10.0,Hold,9.0,Hold,9.0,Hold,8.0,Hold,10.0,Hold,8.0,Hold,8.0,Hold,8.0,Hold,10.0,Hold,10.0
3/8/2021,19.77,0.6436461953933615,Hold,10.0,Hold,9.0,Hold,9.0,Hold,8.0,Hold,10.0,Hold,8.0,Hold,8.0,Hold,8.0,Hold,10.0,Hold,10.0
4/8/2021,20.23,0.7366818452103301,Hold,10.0,Hold,9.0,Hold,9.0,Hold,8.0,Hold,10.0,Hold,8.0,Hold,8.0,Hold,8.0,Hold,10.0,Hold,10.0
5/8/2021,20.59,0.7594667353890061,Buy,10.0,Hold,9.0,Hold,9.0,Hold,8.0,Hold,10.0,Hold,8.0,Hold,8.0,Hold,8.0,Hold,10.0,Hold,10.0
6/8/2021,20.32,0.6631163069890917,Hold,10.0,Hold,9.0,Hold,9.0,Buy,8.0,Hold,10.0,Hold,8.0,Buy,8.0,Hold,8.0,Hold,10.0,Hold,10.0
9/8/2021,20.25,0.6509548154779065,Hold,10.0,Hold,9.0,Sell,9.0,Hold,8.0,Hold,10.0,Hold,8.0,Hold,8.0,Hold,8.0,Hold,10.0,Hold,10.0
10/8/2021,19.89,0.676844631602495,Hold,10.0,Hold,9.0,Hold,9.0,Hold,8.0,Hold,10.0,Hold,8.0,Hold,8.0,Hold,8.0,Hold,10.0,Hold,10.0
11/8/2021,19.66,0.57794504150502,Sell,10.0,Hold,9.0,Hold,9.0,Hold,8.0,Sell,10.0,Sell,8.0,Hold,8.0,Hold,8.0,Hold,10.0,Hold,10.0
12/8/2021,19.86,0.6462896862484396,Hold,10.0,Hold,9.0,Hold,9.0,Hold,8.0,Sell,10.0,Hold,8.0,Hold,8.0,Hold,8.0,Hold,10.0,Hold,10.0
13/8/2021,20.15,0.6640515055793793,Hold,10.0,Hold,9.0,Hold,9.0,Hold,8.0,Buy,10.0,Hold,8.0,Hold,8.0,Hold,8.0,Hold,10.0,Hold,10.0
16/8/2021,19.91,0.6831646249249411,Buy,10.0,Hold,9.0,Hold,9.0,Hold,8.0,Buy,10.0,Buy,8.0,Hold,8.0,Hold,8.0,Hold,10.0,Hold,10.0
17/8/2021,19.42,0.6143360052576721,Hold,10.0,Hold,9.0,Hold,9.0,Hold,8.0,Sell,10.0,Sell,8.0,Hold,8.0,Hold,8.0,Hold,10.0,Hold,10.0
18/8/2021,19.0,0.6185570034905508,Hold,10.0,Hold,9.0,Hold,9.0,Hold,8.0,Hold,10.0,Hold,8.0,Hold,8.0,Hold,8.0,Hold,10.0,Hold,10.0
19/8/2021,19.76,0.664279794076502,Hold,10.0,Hold,9.0,Hold,9.0,Hold,8.0,Hold,10.0,Hold,8.0,Hold,8.0,Hold,8.0,Hold,10.0,Hold,10.0
20/8/2021,20.77,0.7364045671269335,Buy,10.0,Hold,9.0,Hold,9.0,Hold,8.0,Buy,10.0,Buy,8.0,Hold,8.0,Hold,8.0,Hold,10.0,Hold,10.0
23/8/2021,21.91,0.7470880445538765,Hold,10.0,Hold,9.0,Hold,9.0,Hold,8.0,Hold,10.0,Hold,8.0,Hold,8.0,Hold,8.0,Hold,10.0,Hold,10.0
24/8/2021,21.75,0.7127190134140357,Hold,10.0,Hold,9.0,Hold,9.0,Hold,8.0,Hold,10.0,Hold,8.0,Hold,8.0,Hold,8.0,Hold,10.0,Hold,10.0
25/8/2021,22.17,0.7149088608873433,Hold,10.0,Hold,9.0,Hold,9.0,Hold,8.0,Hold,10.0,Hold,8.0,Hold,8.0,Hold,8.0,Hold,10.0,Hold,10.0
26/8/2021,22.02,0.693462793995612,Hold,10.0,Hold,9.0,Hold,9.0,Hold,8.0,Hold,10.0,Hold,8.0,Hold,8.0,Hold,8.0,Hold,10.0,Hold,10.0
27/8/2021,22.59,0.7538429530743717,Hold,10.0,Hold,9.0,Hold,9.0,Hold,8.0,Hold,10.0,Hold,8.0,Hold,8.0,Hold,8.0,Hold,10.0,Hold,10.0
30/8/2021,22.64,0.7054252281588307,Hold,10.0,Hold,9.0,Hold,9.0,Hold,8.0,Hold,10.0,Hold,8.0,Hold,8.0,Hold,8.0,Hold,10.0,Hold,10.0
31/8/2021,22.34,0.705900130507052,Hold,10.0,Hold,9.0,Hold,9.0,Hold,8.0,Hold,10.0,Hold,8.0,Hold,8.0,Hold,8.0,Hold,10.0,Hold,10.0
1/9/2021,22.4,0.7132567241884769,Hold,10.0,Hold,9.0,Hold,9.0,Hold,8.0,Hold,10.0,Hold,8.0,Hold,8.0,Hold,8.0,Hold,10.0,Hold,10.0
2/9/2021,22.35,0.725351152036855,Hold,10.0,Hold,9.0,Hold,9.0,Hold,8.0,Hold,10.0,Hold,8.0,Hold,8.0,Hold,8.0,Hold,10.0,Hold,10.0
3/9/2021,22.8,0.6842789625641263,Hold,10.0,Hold,9.0,Sell,9.0,Hold,8.0,Hold,10.0,Hold,8.0,Hold,8.0,Hold,8.0,Hold,10.0,Hold,10.0
7/9/2021,22.62,0.5860250616177062,Hold,10.0,Hold,9.0,Sell,9.0,Hold,8.0,Hold,10.0,Hold,8.0,Hold,8.0,Hold,8.0,Hold,10.0,Hold,10.0
8/9/2021,22.3,0.6867323172124504,Hold,10.0,Hold,9.0,Sell,9.0,Hold,8.0,Hold,10.0,Hold,8.0,Hold,8.0,Hold,8.0,Hold,10.0,Hold,10.0
9/9/2021,22.13,0.658810035339818,Sell,10.0,Hold,9.0,Sell,9.0,Hold,8.0,Hold,10.0,Hold,8.0,Hold,8.0,Hold,8.0,Hold,10.0,Hold,10.0
10/9/2021,22.43,0.7618195146246712,Hold,10.0,Hold,9.0,Hold,9.0,Hold,8.0,Hold,10.0,Hold,8.0,Hold,8.0,Hold,8.0,Hold,10.0,Hold,10.0
13/9/2021,22.11,0.6537325657922605,Hold,10.0,Hold,9.0,Hold,9.0,Hold,8.0,Hold,10.0,Hold,8.0,Hold,8.0,Hold,8.0,Hold,10.0,Hold,10.0
14/9/2021,22.2,0.6777489063227631,Hold,10.0,Hold,9.0,Hold,9.0,Hold,8.0,Sell,10.0,Sell,8.0,Sell,8.0,Hold,8.0,Hold,10.0,Hold,10.0
15/9/2021,22.3,0.7452857017792349,Hold,10.0,Hold,9.0,Hold,9.0,Hold,8.0,Buy,10.0,Hold,8.0,Hold,8.0,Hold,8.0,Hold,10.0,Hold,10.0
16/9/2021,22.2,0.7028876235117641,Hold,10.0,Hold,9.0,Hold,9.0,Hold,8.0,Hold,10.0,Hold,8.0,Hold,8.0,Hold,8.0,Hold,10.0,Hold,10.0
17/9/2021,21.86,0.7340699799146907,Hold,10.0,Hold,9.0,Hold,9.0,Hold,8.0,Hold,10.0,Hold,8.0,Hold,8.0,Hold,8.0,Hold,10.0,Hold,10.0
20/9/2021,21.07,0.6749707277376585,Hold,10.0,Sell,9.0,Hold,9.0,Sell,8.0,Sell,10.0,Hold,8.0,Sell,8.0,Sell,8.0,Sell,10.0,Hold,10.0
21/9/2021,21.2,0.6530140520360752,Hold,10.0,Hold,9.0,Hold,9.0,Sell,8.0,Hold,10.0,Hold,8.0,Sell,8.0,Hold,8.0,Hold,10.0,Hold,10.0
22/9/2021,21.9,0.6636854958987711,Hold,10.0,Hold,9.0,Hold,9.0,Hold,8.0,Hold,10.0,Hold,8.0,Hold,8.0,Hold,8.0,Hold,10.0,Hold,10.0
23/9/2021,22.44,0.6878976680461291,Hold,10.0,Hold,9.0,Hold,9.0,Hold,8.0,Buy,10.0,Hold,8.0,Hold,8.0,Hold,8.0,Hold,10.0,Hold,10.0
24/9/2021,22.04,0.6419743102396553,Hold,10.0,Hold,9.0,Hold,9.0,Hold,8.0,Hold,10.0,Hold,8.0,Hold,8.0,Hold,8.0,Hold,10.0,Hold,10.0
27/9/2021,21.62,0.6360986789276301,Hold,10.0,Hold,9.0,Hold,9.0,Hold,8.0,Hold,10.0,Hold,8.0,Hold,8.0,Hold,8.0,Hold,10.0,Hold,10.0
28/9/2021,20.66,0.5633820254898173,Hold,10.0,Sell,9.0,Hold,9.0,Hold,8.0,Sell,10.0,Hold,8.0,Hold,8.0,Sell,8.0,Sell,10.0,Hold,10.0
29/9/2021,20.48,0.660544445644965,Hold,10.0,Hold,9.0,Hold,9.0,Hold,8.0,Hold,10.0,Hold,8.0,Hold,8.0,Hold,8.0,Hold,10.0,Hold,10.0
30/9/2021,20.68,0.6388931062064629,Hold,10.0,Hold,9.0,Hold,9.0,Hold,8.0,Hold,10.0,Hold,8.0,Hold,8.0,Hold,8.0,Hold,10.0,Hold,10.0
1/10/2021,20.7,0.6343253171664108,Hold,10.0,Hold,9.0,Hold,9.0,Hold,8.0,Hold,10.0,Hold,8.0,Hold,8.0,Hold,8.0,Hold,10.0,Hold,10.0
4/10/2021,19.69,0.5581229495766094,Hold,10.0,Hold,9.0,Hold,9.0,Hold,8.0,Hold,10.0,Hold,8.0,Hold,8.0,Hold,8.0,Hold,10.0,Hold,10.0
5/10/2021,20.41,0.6518914129207825,Hold,10.0,Hold,9.0,Hold,9.0,Hold,8.0,Hold,10.0,Hold,8.0,Hold,8.0,Hold,8.0,Hold,10.0,Hold,10.0
6/10/2021,20.66,0.6976127385110128,Hold,10.0,Hold,9.0,Hold,9.0,Hold,8.0,Hold,10.0,Hold,8.0,Hold,8.0,Hold,8.0,Hold,10.0,Hold,10.0
7/10/2021,21.03,0.6931456515015588,Hold,10.0,Hold,9.0,Hold,9.0,Hold,8.0,Hold,10.0,Hold,8.0,Hold,8.0,Hold,8.0,Hold,10.0,Hold,10.0
8/10/2021,20.79,0.6612801917609453,Buy,10.0,Buy,9.0,Hold,9.0,Hold,8.0,Buy,10.0,Buy,8.0,Hold,8.0,Hold,8.0,Buy,10.0,Buy,10.0
11/10/2021,20.65,0.7454011560711155,Hold,10.0,Hold,9.0,Hold,9.0,Hold,8.0,Hold,10.0,Hold,8.0,Hold,8.0,Hold,8.0,Sell,10.0,Hold,10.0
12/10/2021,20.63,0.6324534947546586,Hold,10.0,Hold,9.0,Hold,9.0,Hold,8.0,Hold,10.0,Hold,8.0,Hold,8.0,Hold,8.0,Hold,10.0,Hold,10.0
13/10/2021,20.9,0.7185264156670034,Hold,10.0,Hold,9.0,Hold,9.0,Hold,8.0,Hold,10.0,Hold,8.0,Hold,8.0,Hold,8.0,Hold,10.0,Hold,10.0
14/10/2021,21.7,0.7012871393547907,Buy,10.0,Buy,9.0,Hold,9.0,Hold,8.0,Buy,10.0,Buy,8.0,Buy,8.0,Hold,8.0,Buy,10.0,Buy,10.0
15/10/2021,21.82,0.7240625077092345,Hold,10.0,Hold,9.0,Hold,9.0,Buy,8.0,Hold,10.0,Hold,8.0,Hold,8.0,Buy,8.0,Hold,10.0,Hold,10.0
18/10/2021,22.18,0.7107728884899548,Hold,10.0,Hold,9.0,Hold,9.0,Hold,8.0,Hold,10.0,Hold,8.0,Hold,8.0,Hold,8.0,Hold,10.0,Hold,10.0
19/10/2021,22.25,0.7119925658460335,Hold,10.0,Hold,9.0,Hold,9.0,Hold,8.0,Hold,10.0,Hold,8.0,Hold,8.0,Hold,8.0,Hold,10.0,Hold,10.0
20/10/2021,22.06,0.6474449173239774,Hold,10.0,Hold,9.0,Hold,9.0,Hold,8.0,Hold,10.0,Hold,8.0,Hold,8.0,Hold,8.0,Hold,10.0,Hold,10.0
21/10/2021,22.65,0.6393883058845308,Hold,10.0,Hold,9.0,Hold,9.0,Hold,8.0,Hold,10.0,Hold,8.0,Hold,8.0,Hold,8.0,Hold,10.0,Hold,10.0
22/10/2021,22.68,0.6597560849172708,Hold,10.0,Hold,9.0,Hold,9.0,Hold,8.0,Hold,10.0,Hold,8.0,Hold,8.0,Hold,8.0,Hold,10.0,Hold,10.0
25/10/2021,23.12,0.6835134305962982,Hold,10.0,Hold,9.0,Hold,9.0,Hold,8.0,Hold,10.0,Hold,8.0,Hold,8.0,Hold,8.0,Hold,10.0,Hold,10.0
26/10/2021,24.67,0.7078926870520617,Hold,10.0,Hold,9.0,Hold,9.0,Hold,8.0,Hold,10.0,Hold,8.0,Hold,8.0,Hold,8.0,Hold,10.0,Hold,10.0
27/10/2021,24.4,0.7122981874001865,Hold,10.0,Hold,9.0,Hold,9.0,Hold,8.0,Hold,10.0,Hold,8.0,Hold,8.0,Hold,8.0,Hold,10.0,Hold,10.0
28/10/2021,24.89,0.638606471768053,Hold,10.0,Hold,9.0,Hold,9.0,Hold,8.0,Hold,10.0,Hold,8.0,Hold,8.0,Hold,8.0,Hold,10.0,Hold,10.0
29/10/2021,25.52,0.6685081140047537,Hold,10.0,Hold,9.0,Hold,9.0,Hold,8.0,Hold,10.0,Hold,8.0,Hold,8.0,Hold,8.0,Hold,10.0,Hold,10.0
1/11/2021,25.78,0.6886728404324851,Hold,10.0,Hold,9.0,Hold,9.0,Hold,8.0,Hold,10.0,Hold,8.0,Hold,8.0,Hold,8.0,Hold,10.0,Hold,10.0
2/11/2021,26.35,0.7336883804467168,Hold,10.0,Hold,9.0,Hold,9.0,Hold,8.0,Hold,10.0,Hold,8.0,Hold,8.0,Hold,8.0,Hold,10.0,Hold,10.0
3/11/2021,26.55,0.6954601056195925,Hold,10.0,Hold,9.0,Hold,9.0,Hold,8.0,Hold,10.0,Hold,8.0,Hold,8.0,Hold,8.0,Hold,10.0,Hold,10.0
4/11/2021,29.74,0.745088894064735,Hold,10.0,Hold,9.0,Hold,9.0,Hold,8.0,Hold,10.0,Hold,8.0,Hold,8.0,Hold,8.0,Hold,10.0,Hold,10.0
5/11/2021,29.69,0.7132816485046318,Hold,10.0,Hold,9.0,Hold,9.0,Hold,8.0,Hold,10.0,Hold,8.0,Hold,8.0,Hold,8.0,Hold,10.0,Hold,10.0
8/11/2021,30.74,0.718210195488571,Hold,10.0,Hold,9.0,Hold,9.0,Hold,8.0,Hold,10.0,Hold,8.0,Hold,8.0,Hold,8.0,Hold,10.0,Hold,10.0
9/11/2021,30.6,0.7372792237278364,Hold,10.0,Hold,9.0,Hold,9.0,Hold,8.0,Hold,10.0,Hold,8.0,Hold,8.0,Hold,8.0,Hold,10.0,Hold,10.0
10/11/2021,29.4,0.6458854948862126,Hold,10.0,Hold,9.0,Hold,9.0,Hold,8.0,Hold,10.0,Hold,8.0,Hold,8.0,Hold,8.0,Hold,10.0,Hold,10.0
11/11/2021,30.33,0.663345549249653,Hold,10.0,Hold,9.0,Hold,9.0,Hold,8.0,Hold,10.0,Hold,8.0,Hold,8.0,Hold,8.0,Hold,10.0,Hold,10.0
12/11/2021,30.33,0.6351454393052218,Hold,10.0,Hold,9.0,Hold,9.0,Hold,8.0,Hold,10.0,Hold,8.0,Hold,8.0,Hold,8.0,Hold,10.0,Hold,10.0
15/11/2021,29.97,0.6743649474056036,Hold,10.0,Hold,9.0,Hold,9.0,Hold,8.0,Hold,10.0,Hold,8.0,Hold,8.0,Hold,8.0,Hold,10.0,Hold,10.0
16/11/2021,30.14,0.6625610842559473,Hold,10.0,Hold,9.0,Hold,9.0,Hold,8.0,Hold,10.0,Hold,8.0,Hold,8.0,Hold,8.0,Hold,10.0,Hold,10.0
17/11/2021,29.2,0.6411056440662186,Hold,10.0,Hold,9.0,Hold,9.0,Hold,8.0,Hold,10.0,Hold,8.0,Hold,8.0,Hold,8.0,Hold,10.0,Hold,10.0
18/11/2021,31.61,0.6767511048019138,Hold,10.0,Hold,9.0,Hold,9.0,Hold,8.0,Hold,10.0,Hold,8.0,Hold,8.0,Hold,8.0,Hold,10.0,Hold,10.0
19/11/2021,32.92,0.7522578036886992,Hold,10.0,Hold,9.0,Hold,9.0,Hold,8.0,Hold,10.0,Hold,8.0,Hold,8.0,Hold,8.0,Hold,10.0,Hold,10.0
22/11/2021,31.89,0.6819932644098169,Hold,10.0,Hold,9.0,Hold,9.0,Hold,8.0,Hold,10.0,Hold,8.0,Hold,8.0,Hold,8.0,Hold,10.0,Hold,10.0
23/11/2021,31.68,0.6897452319441089,Hold,10.0,Hold,9.0,Hold,9.0,Hold,8.0,Hold,10.0,Hold,8.0,Hold,8.0,Hold,8.0,Hold,10.0,Hold,10.0
24/11/2021,32.61,0.6732541703521735,Hold,10.0,Hold,9.0,Hold,9.0,Hold,8.0,Hold,10.0,Hold,8.0,Hold,8.0,Hold,8.0,Hold,10.0,Hold,10.0
26/11/2021,31.44,0.5903853187748076,Sell,10.0,Hold,9.0,Hold,9.0,Hold,8.0,Hold,10.0,Hold,8.0,Hold,8.0,Hold,8.0,Hold,10.0,Hold,10.0
29/11/2021,33.31,0.7447464965883667,Buy,10.0,Hold,9.0,Hold,9.0,Hold,8.0,Hold,10.0,Hold,8.0,Hold,8.0,Hold,8.0,Hold,10.0,Hold,10.0
30/11/2021,32.61,0.6700644428658916,Sell,10.0,Hold,9.0,Hold,9.0,Hold,8.0,Hold,10.0,Hold,8.0,Hold,8.0,Hold,8.0,Hold,10.0,Hold,10.0
1/12/2021,31.38,0.6719633917679642,Hold,10.0,Hold,9.0,Hold,9.0,Hold,8.0,Hold,10.0,Hold,8.0,Hold,8.0,Hold,8.0,Hold,10.0,Hold,10.0
2/12/2021,32.07,0.6384335053449779,Hold,10.0,Hold,9.0,Hold,9.0,Hold,8.0,Sell,10.0,Sell,8.0,Hold,8.0,Hold,8.0,Hold,10.0,Hold,10.0
3/12/2021,30.64,0.614967155651187,Hold,10.0,Hold,9.0,Hold,9.0,Hold,8.0,Buy,10.0,Hold,8.0,Hold,8.0,Hold,8.0,Hold,10.0,Hold,10.0
6/12/2021,29.98,0.6390981688390961,Hold,10.0,Hold,9.0,Hold,9.0,Hold,8.0,Sell,10.0,Sell,8.0,Sell,8.0,Hold,8.0,Hold,10.0,Hold,10.0
7/12/2021,32.37,0.7067172421172372,Hold,10.0,Hold,9.0,Hold,9.0,Sell,8.0,Sell,10.0,Sell,8.0,Hold,8.0,Hold,8.0,Hold,10.0,Hold,10.0
8/12/2021,31.77,0.67980981742509,Hold,10.0,Hold,9.0,Hold,9.0,Hold,8.0,Buy,10.0,Hold,8.0,Hold,8.0,Hold,8.0,Hold,10.0,Hold,10.0
9/12/2021,30.43,0.6608192273654419,Hold,10.0,Hold,9.0,Hold,9.0,Hold,8.0,Hold,10.0,Hold,8.0,Hold,8.0,Hold,8.0,Hold,10.0,Hold,10.0
10/12/2021,30.14,0.6847034847547678,Hold,10.0,Sell,9.0,Hold,9.0,Sell,8.0,Sell,10.0,Hold,8.0,Sell,8.0,Sell,8.0,Sell,10.0,Hold,10.0
13/12/2021,28.11,0.592132954411056,Hold,10.0,Hold,9.0,Hold,9.0,Hold,8.0,Hold,10.0,Hold,8.0,Hold,8.0,Hold,8.0,Hold,10.0,Hold,10.0
14/12/2021,28.29,0.6172560695172922,Hold,10.0,Hold,9.0,Hold,9.0,Sell,8.0,Hold,10.0,Hold,8.0,Sell,8.0,Hold,8.0,Hold,10.0,Hold,10.0
15/12/2021,30.4,0.7312253930571946,Hold,10.0,Hold,9.0,Hold,9.0,Hold,8.0,Hold,10.0,Hold,8.0,Hold,8.0,Hold,8.0,Hold,10.0,Hold,10.0
16/12/2021,28.34,0.6788367389571452,Hold,10.0,Hold,9.0,Hold,9.0,Hold,8.0,Buy,10.0,Hold,8.0,Hold,8.0,Hold,8.0,Buy,10.0,Hold,10.0
17/12/2021,27.75,0.6772512081945397,Hold,10.0,Sell,9.0,Hold,9.0,Hold,8.0,Sell,10.0,Hold,8.0,Hold,8.0,Sell,8.0,Sell,10.0,Hold,10.0
20/12/2021,27.67,0.6110106279322349,Hold,10.0,Hold,9.0,Hold,9.0,Hold,8.0,Hold,10.0,Hold,8.0,Hold,8.0,Hold,8.0,Hold,10.0,Hold,10.0
21/12/2021,29.02,0.7162688702112835,Hold,10.0,Hold,9.0,Hold,9.0,Hold,8.0,Hold,10.0,Hold,8.0,Hold,8.0,Hold,8.0,Hold,10.0,Hold,10.0
22/12/2021,29.35,0.7096830459013177,Hold,10.0,Hold,9.0,Hold,9.0,Hold,8.0,Hold,10.0,Hold,8.0,Hold,8.0,Hold,8.0,Buy,10.0,Buy,10.0
23/12/2021,29.59,0.7441271684914056,Hold,10.0,Hold,9.0,Hold,9.0,Hold,8.0,Buy,10.0,Buy,8.0,Hold,8.0,Hold,8.0,Hold,10.0,Hold,10.0
27/12/2021,30.89,0.7213054192680902,Hold,10.0,Hold,9.0,Hold,9.0,Hold,8.0,Buy,10.0,Hold,8.0,Hold,8.0,Hold,8.0,Hold,10.0,Hold,10.0
28/12/2021,30.27,0.6376430675646649,Hold,10.0,Hold,9.0,Hold,9.0,Hold,8.0,Hold,10.0,Hold,8.0,Hold,8.0,Hold,8.0,Hold,10.0,Hold,10.0
29/12/2021,29.95,0.7184593336432715,Hold,10.0,Hold,9.0,Hold,9.0,Hold,8.0,Hold,10.0,Hold,8.0,Hold,8.0,Hold,8.0,Hold,10.0,Hold,10.0
30/12/2021,29.53,0.7178972442020058,Hold,10.0,Hold,9.0,Hold,9.0,Hold,8.0,Hold,10.0,Buy,8.0,Hold,8.0,Hold,8.0,Hold,10.0,Hold,10.0
31/12/2021,29.36,0.7567943305155023,Hold,10.0,Hold,9.0,Hold,9.0,Hold,8.0,Sell,10.0,Sell,8.0,Hold,8.0,Hold,8.0,Sell,10.0,Hold,10.0
3/1/2022,30.07,0.7301244377709285,Hold,10.0,Hold,9.0,Hold,9.0,Hold,8.0,Hold,10.0,Hold,8.0,Hold,8.0,Hold,8.0,Hold,10.0,Hold,10.0
4/1/2022,29.24,0.6848908333554972,Hold,10.0,Hold,9.0,Hold,9.0,Buy,8.0,Buy,10.0,Hold,8.0,Buy,8.0,Hold,8.0,Hold,10.0,Hold,10.0
5/1/2022,27.55,0.6548595445584905,Hold,10.0,Hold,9.0,Hold,9.0,Sell,8.0,Sell,10.0,Sell,8.0,Sell,8.0,Hold,8.0,Sell,10.0,Hold,10.0
6/1/2022,28.13,0.687198690155839,Hold,10.0,Hold,9.0,Hold,9.0,Hold,8.0,Hold,10.0,Hold,8.0,Hold,8.0,Hold,8.0,Hold,10.0,Sell,10.0
7/1/2022,27.2,0.650324312168275,Hold,10.0,Hold,9.0,Hold,9.0,Hold,8.0,Hold,10.0,Hold,8.0,Hold,8.0,Hold,8.0,Hold,10.0,Hold,10.0
10/1/2022,27.35,0.6813478047525606,Hold,10.0,Hold,9.0,Hold,9.0,Hold,8.0,Hold,10.0,Hold,8.0,Hold,8.0,Hold,8.0,Hold,10.0,Hold,10.0
11/1/2022,27.77,0.6617204384508315,Hold,10.0,Hold,9.0,Hold,9.0,Hold,8.0,Hold,10.0,Hold,8.0,Hold,8.0,Hold,8.0,Hold,10.0,Hold,10.0
12/1/2022,27.95,0.6705336280433556,Hold,10.0,Hold,9.0,Hold,9.0,Hold,8.0,Hold,10.0,Hold,8.0,Hold,8.0,Hold,8.0,Hold,10.0,Hold,10.0
13/1/2022,26.53,0.6258842130730317,Hold,10.0,Hold,9.0,Hold,9.0,Hold,8.0,Hold,10.0,Hold,8.0,Hold,8.0,Hold,8.0,Hold,10.0,Hold,10.0
14/1/2022,26.89,0.6611660750961531,Hold,10.0,Hold,9.0,Hold,9.0,Hold,8.0,Hold,10.0,Hold,8.0,Hold,8.0,Hold,8.0,Hold,10.0,Hold,10.0
18/1/2022,25.86,0.6518772623654828,Hold,10.0,Hold,9.0,Hold,9.0,Hold,8.0,Hold,10.0,Hold,8.0,Hold,8.0,Hold,8.0,Hold,10.0,Hold,10.0
19/1/2022,25.02,0.6285760554789438,Hold,10.0,Hold,9.0,Hold,9.0,Hold,8.0,Hold,10.0,Hold,8.0,Hold,8.0,Hold,8.0,Hold,10.0,Hold,10.0
20/1/2022,24.11,0.5726315661585808,Hold,10.0,Hold,9.0,Hold,9.0,Hold,8.0,Hold,10.0,Hold,8.0,Hold,8.0,Hold,8.0,Hold,10.0,Hold,10.0
21/1/2022,23.33,0.6494861207194802,Hold,10.0,Hold,9.0,Hold,9.0,Hold,8.0,Hold,10.0,Hold,8.0,Hold,8.0,Hold,8.0,Hold,10.0,Hold,10.0
24/1/2022,23.33,0.6298645632283532,Hold,10.0,Hold,9.0,Hold,9.0,Hold,8.0,Hold,10.0,Hold,8.0,Hold,8.0,Hold,8.0,Hold,10.0,Hold,10.0
25/1/2022,22.28,0.6928369746352142,Hold,10.0,Hold,9.0,Hold,9.0,Hold,8.0,Hold,10.0,Hold,8.0,Hold,8.0,Hold,8.0,Hold,10.0,Hold,10.0
26/1/2022,22.73,0.6778645806186585,Hold,10.0,Hold,9.0,Hold,9.0,Hold,8.0,Hold,10.0,Hold,8.0,Hold,8.0,Hold,8.0,Hold,10.0,Hold,10.0
27/1/2022,21.9,0.6391552963901317,Hold,10.0,Hold,9.0,Buy,9.0,Hold,8.0,Hold,10.0,Hold,8.0,Hold,8.0,Hold,8.0,Hold,10.0,Hold,10.0
28/1/2022,22.8,0.6947885812904445,Hold,10.0,Hold,9.0,Buy,9.0,Hold,8.0,Hold,10.0,Hold,8.0,Hold,8.0,Hold,8.0,Hold,10.0,Hold,10.0
31/1/2022,24.44,0.7153789940539063,Hold,10.0,Hold,9.0,Hold,9.0,Hold,8.0,Hold,10.0,Hold,8.0,Hold,8.0,Hold,8.0,Hold,10.0,Hold,10.0
1/2/2022,24.59,0.6976380086576296,Buy,10.0,Hold,9.0,Hold,9.0,Hold,8.0,Buy,10.0,Buy,8.0,Hold,8.0,Hold,8.0,Buy,10.0,Hold,10.0
2/2/2022,25.2,0.6144319227926837,Buy,10.0,Hold,9.0,Hold,9.0,Hold,8.0,Hold,10.0,Hold,8.0,Hold,8.0,Hold,8.0,Hold,10.0,Hold,10.0
3/2/2022,23.9,0.5957735706605036,Hold,10.0,Hold,9.0,Hold,9.0,Buy,8.0,Buy,10.0,Hold,8.0,Hold,8.0,Hold,8.0,Hold,10.0,Hold,10.0
4/2/2022,24.27,0.6549372983186066,Hold,10.0,Hold,9.0,Hold,9.0,Hold,8.0,Sell,10.0,Hold,8.0,Hold,8.0,Hold,8.0,Sell,10.0,Hold,10.0
7/2/2022,24.68,0.6504392131745764,Hold,10.0,Hold,9.0,Hold,9.0,Hold,8.0,Hold,10.0,Buy,8.0,Hold,8.0,Hold,8.0,Hold,10.0,Buy,10.0
8/2/2022,25.06,0.6565661457611118,Hold,10.0,Hold,9.0,Hold,9.0,Hold,8.0,Buy,10.0,Hold,8.0,Buy,8.0,Hold,8.0,Buy,10.0,Hold,10.0
9/2/2022,26.66,0.6821761014401454,Hold,10.0,Hold,9.0,Hold,9.0,Buy,8.0,Buy,10.0,Hold,8.0,Hold,8.0,Hold,8.0,Hold,10.0,Hold,10.0
10/2/2022,25.78,0.6879675859594072,Hold,10.0,Hold,9.0,Hold,9.0,Hold,8.0,Hold,10.0,Hold,8.0,Hold,8.0,Hold,8.0,Buy,10.0,Hold,10.0
11/2/2022,23.91,0.6530765913810936,Hold,10.0,Hold,9.0,Hold,9.0,Hold,8.0,Hold,10.0,Hold,8.0,Hold,8.0,Hold,8.0,Sell,10.0,Sell,10.0
14/2/2022,24.22,0.6747432793130551,Sell,10.0,Hold,9.0,Hold,9.0,Hold,8.0,Sell,10.0,Sell,8.0,Hold,8.0,Hold,8.0,Sell,10.0,Hold,10.0
15/2/2022,26.45,0.673201995269235,Hold,10.0,Hold,9.0,Hold,9.0,Hold,8.0,Hold,10.0,Hold,8.0,Hold,8.0,Hold,8.0,Hold,10.0,Hold,10.0
16/2/2022,26.46,0.6569613774914113,Buy,10.0,Hold,9.0,Hold,9.0,Hold,8.0,Buy,10.0,Hold,8.0,Hold,8.0,Hold,8.0,Buy,10.0,Hold,10.0
17/2/2022,24.46,0.587486449462629,Hold,10.0,Hold,9.0,Hold,9.0,Hold,8.0,Hold,10.0,Hold,8.0,Hold,8.0,Hold,8.0,Hold,10.0,Hold,10.0
18/2/2022,23.6,0.66425729507678,Sell,10.0,Hold,9.0,Hold,9.0,Sell,8.0,Sell,10.0,Sell,8.0,Sell,8.0,Hold,8.0,Sell,10.0,Sell,10.0
22/2/2022,23.35,0.6222898376426377,Hold,10.0,Hold,9.0,Hold,9.0,Hold,8.0,Hold,10.0,Hold,8.0,Hold,8.0,Hold,8.0,Hold,10.0,Hold,10.0
23/2/2022,22.35,0.6246793137894909,Sell,10.0,Hold,9.0,Hold,9.0,Hold,8.0,Hold,10.0,Sell,8.0,Hold,8.0,Hold,8.0,Hold,10.0,Hold,10.0
24/2/2022,23.7,0.6652178456677924,Hold,10.0,Hold,9.0,Hold,9.0,Hold,8.0,Hold,10.0,Hold,8.0,Hold,8.0,Hold,8.0,Hold,10.0,Hold,10.0
25/2/2022,24.11,0.7125847023101497,Hold,10.0,Hold,9.0,Hold,9.0,Hold,8.0,Hold,10.0,Hold,8.0,Hold,8.0,Hold,8.0,Hold,10.0,Hold,10.0
28/2/2022,24.34,0.6692064419309951,Buy,10.0,Hold,9.0,Hold,9.0,Hold,8.0,Hold,10.0,Hold,8.0,Hold,8.0,Hold,8.0,Hold,10.0,Hold,10.0
1/3/2022,23.43,0.9837221621212122,Hold,10.0,Hold,9.0,Hold,9.0,Hold,8.0,Hold,10.0,Buy,8.0,Hold,8.0,Hold,8.0,Hold,10.0,Hold,10.0
2/3/2022,24.18,0.4357141045320001,Sell,10.0,Hold,9.0,Hold,9.0,Hold,8.0,Hold,10.0,Sell,8.0,Hold,8.0,Hold,8.0,Hold,10.0,Hold,10.0
3/3/2022,23.67,0.2383806559989356,Hold,10.0,Hold,9.0,Hold,9.0,Hold,8.0,Hold,10.0,Buy,8.0,Hold,8.0,Hold,8.0,Hold,10.0,Hold,10.0
4/3/2022,22.9,0.0407193515621569,Sell,10.0,Hold,9.0,Hold,9.0,Hold,8.0,Hold,10.0,Sell,8.0,Hold,8.0,Hold,8.0,Hold,10.0,Hold,10.0
7/3/2022,21.32,0.879671815873683,Hold,10.0,Hold,9.0,Hold,9.0,Hold,8.0,Hold,10.0,Hold,8.0,Hold,8.0,Hold,8.0,Hold,10.0,Hold,10.0
8/3/2022,21.48,0.7080776253391513,Hold,10.0,Hold,9.0,Buy,9.0,Hold,8.0,Hold,10.0,Buy,8.0,Hold,8.0,Hold,8.0,Hold,10.0,Hold,10.0
9/3/2022,22.98,0.5136159648758679,Hold,10.0,Hold,9.0,Hold,9.0,Hold,8.0,Hold,10.0,Hold,8.0,Hold,8.0,Hold,8.0,Hold,10.0,Hold,10.0
10/3/2022,22.62,0.5485276289223869,Hold,10.0,Hold,9.0,Hold,9.0,Hold,8.0,Hold,10.0,Hold,8.0,Hold,8.0,Hold,8.0,Hold,10.0,Hold,10.0
11/3/2022,22.06,0.584992233741851,Hold,10.0,Hold,9.0,Hold,9.0,Hold,8.0,Hold,10.0,Hold,8.0,Hold,8.0,Hold,8.0,Hold,10.0,Hold,10.0
14/3/2022,21.29,0.5517502384362702,Hold,10.0,Hold,9.0,Hold,9.0,Hold,8.0,Hold,10.0,Hold,8.0,Hold,8.0,Hold,8.0,Hold,10.0,Hold,10.0
15/3/2022,22.94,0.1970898505513519,Hold,10.0,Hold,9.0,Hold,9.0,Hold,8.0,Hold,10.0,Hold,8.0,Hold,8.0,Hold,8.0,Hold,10.0,Hold,10.0
16/3/2022,24.46,0.9762577781666668,Buy,10.0,Buy,9.0,Hold,9.0,Hold,8.0,Buy,10.0,Buy,8.0,Buy,8.0,Hold,8.0,Buy,10.0,Hold,10.0
17/3/2022,24.73,0.9994728142105264,Hold,10.0,Hold,9.0,Hold,9.0,Buy,8.0,Hold,10.0,Hold,8.0,Hold,8.0,Buy,8.0,Hold,10.0,Hold,10.0
18/3/2022,26.41,0.3706260211362137,Hold,10.0,Hold,9.0,Hold,9.0,Hold,8.0,Hold,10.0,Hold,8.0,Hold,8.0,Hold,8.0,Hold,10.0,Buy,10.0
21/3/2022,26.69,0.7607729722919345,Hold,10.0,Hold,9.0,Hold,9.0,Hold,8.0,Hold,10.0,Hold,8.0,Hold,8.0,Hold,8.0,Hold,10.0,Hold,10.0
22/3/2022,26.48,0.7486182596249996,Hold,10.0,Hold,9.0,Hold,9.0,Hold,8.0,Hold,10.0,Hold,8.0,Hold,8.0,Hold,8.0,Hold,10.0,Hold,10.0
23/3/2022,25.59,0.8270742031368624,Hold,10.0,Hold,9.0,Hold,9.0,Hold,8.0,Hold,10.0,Hold,8.0,Hold,8.0,Hold,8.0,Hold,10.0,Hold,10.0
24/3/2022,28.1,0.7300948210526227,Hold,10.0,Hold,9.0,Hold,9.0,Hold,8.0,Hold,10.0,Hold,8.0,Hold,8.0,Hold,8.0,Hold,10.0,Hold,10.0
25/3/2022,27.65,0.4665576955608826,Hold,10.0,Hold,9.0,Hold,9.0,Hold,8.0,Hold,10.0,Hold,8.0,Hold,8.0,Hold,8.0,Hold,10.0,Hold,10.0
28/3/2022,28.17,0.6482433647325031,Hold,10.0,Hold,9.0,Hold,9.0,Hold,8.0,Hold,10.0,Hold,8.0,Hold,8.0,Hold,8.0,Hold,10.0,Hold,10.0
29/3/2022,28.61,0.556982024673172,Hold,10.0,Hold,9.0,Hold,9.0,Hold,8.0,Hold,10.0,Hold,8.0,Hold,8.0,Hold,8.0,Hold,10.0,Hold,10.0
30/3/2022,27.64,0.7383363882175191,Hold,10.0,Hold,9.0,Hold,9.0,Hold,8.0,Hold,10.0,Hold,8.0,Hold,8.0,Hold,8.0,Hold,10.0,Hold,10.0
31/3/2022,27.24,0.8655066424545454,Hold,10.0,Hold,9.0,Sell,9.0,Hold,8.0,Hold,10.0,Hold,8.0,Hold,8.0,Hold,8.0,Hold,10.0,Hold,10.0
1/4/2022,26.67,0.7727996798637508,Hold,10.0,Hold,9.0,Sell,9.0,Hold,8.0,Hold,10.0,Hold,8.0,Hold,8.0,Hold,8.0,Hold,10.0,Hold,10.0
4/4/2022,27.31,0.3805762633534125,Sell,10.0,Sell,9.0,Hold,9.0,Hold,8.0,Sell,10.0,Sell,8.0,Sell,8.0,Hold,8.0,Sell,10.0,Hold,10.0
5/4/2022,25.89,0.7435325894736843,Hold,10.0,Hold,9.0,Hold,9.0,Hold,8.0,Hold,10.0,Hold,8.0,Hold,8.0,Hold,8.0,Hold,10.0,Hold,10.0
6/4/2022,24.37,0.6888177769020389,Sell,10.0,Sell,9.0,Hold,9.0,Sell,8.0,Sell,10.0,Sell,8.0,Sell,8.0,Sell,8.0,Sell,10.0,Hold,10.0
7/4/2022,24.17,0.8541188932516106,Hold,10.0,Hold,9.0,Hold,9.0,Hold,8.0,Hold,10.0,Hold,8.0,Hold,8.0,Hold,8.0,Hold,10.0,Sell,10.0
8/4/2022,23.08,0.3661701008135067,Hold,10.0,Hold,9.0,Hold,9.0,Hold,8.0,Hold,10.0,Hold,8.0,Hold,8.0,Hold,8.0,Hold,10.0,Hold,10.0
11/4/2022,21.88,0.3002156862295377,Hold,10.0,Hold,9.0,Hold,9.0,Hold,8.0,Hold,10.0,Hold,8.0,Hold,8.0,Hold,8.0,Hold,10.0,Hold,10.0
12/4/2022,21.47,0.3979879548994322,Hold,10.0,Hold,9.0,Hold,9.0,Hold,8.0,Hold,10.0,Hold,8.0,Hold,8.0,Hold,8.0,Hold,10.0,Hold,10.0
13/4/2022,22.17,0.0690724245463995,Hold,10.0,Hold,9.0,Hold,9.0,Hold,8.0,Hold,10.0,Hold,8.0,Hold,8.0,Hold,8.0,Hold,10.0,Hold,10.0
14/4/2022,21.22,0.6762526695833334,Hold,10.0,Hold,9.0,Hold,9.0,Hold,8.0,Hold,10.0,Hold,8.0,Hold,8.0,Hold,8.0,Hold,10.0,Hold,10.0
18/4/2022,21.75,0.7384776319450547,Hold,10.0,Hold,9.0,Hold,9.0,Hold,8.0,Hold,10.0,Hold,8.0,Hold,8.0,Hold,8.0,Hold,10.0,Hold,10.0
19/4/2022,22.16,0.6604106078429762,Hold,10.0,Hold,9.0,Hold,9.0,Hold,8.0,Hold,10.0,Hold,8.0,Hold,8.0,Hold,8.0,Hold,10.0,Hold,10.0
20/4/2022,21.45,0.5487189754028209,Hold,10.0,Hold,9.0,Hold,9.0,Hold,8.0,Hold,10.0,Hold,8.0,Hold,8.0,Hold,8.0,Hold,10.0,Hold,10.0
21/4/2022,20.15,0.5146249983911816,Hold,10.0,Hold,9.0,Hold,9.0,Hold,8.0,Hold,10.0,Hold,8.0,Hold,8.0,Hold,8.0,Hold,10.0,Hold,10.0
22/4/2022,19.48,0.7573211699786125,Hold,10.0,Hold,9.0,Hold,9.0,Hold,8.0,Hold,10.0,Hold,8.0,Hold,8.0,Hold,8.0,Hold,10.0,Hold,10.0
25/4/2022,19.87,0.617433146001953,Hold,10.0,Hold,9.0,Hold,9.0,Hold,8.0,Hold,10.0,Hold,8.0,Hold,8.0,Hold,8.0,Hold,10.0,Hold,10.0
26/4/2022,18.76,0.5310873422178568,Hold,10.0,Hold,9.0,Hold,9.0,Hold,8.0,Hold,10.0,Hold,8.0,Hold,8.0,Hold,8.0,Hold,10.0,Hold,10.0
27/4/2022,18.38,0.7175321950000001,Hold,10.0,Hold,9.0,Hold,9.0,Hold,8.0,Hold,10.0,Hold,8.0,Hold,8.0,Hold,8.0,Hold,10.0,Hold,10.0
28/4/2022,19.75,0.4328249726651854,Hold,10.0,Hold,9.0,Hold,9.0,Hold,8.0,Hold,10.0,Hold,8.0,Hold,8.0,Hold,8.0,Hold,10.0,Hold,10.0
29/4/2022,18.52,0.210976801463409,Hold,10.0,Hold,9.0,Hold,9.0,Hold,8.0,Hold,10.0,Hold,8.0,Hold,8.0,Hold,8.0,Hold,10.0,Hold,10.0
2/5/2022,19.5,0.1607597149025504,Hold,10.0,Hold,9.0,Hold,9.0,Hold,8.0,Hold,10.0,Hold,8.0,Hold,8.0,Hold,8.0,Hold,10.0,Hold,10.0
3/5/2022,19.57,0.6631520695843138,Hold,10.0,Hold,9.0,Hold,9.0,Hold,8.0,Hold,10.0,Hold,8.0,Hold,8.0,Hold,8.0,Hold,10.0,Hold,10.0
4/5/2022,20.3,0.4437279245810818,Buy,10.0,Hold,9.0,Hold,9.0,Hold,8.0,Hold,10.0,Hold,8.0,Hold,8.0,Hold,8.0,Hold,10.0,Hold,10.0
5/5/2022,18.81,0.609881106,Hold,10.0,Hold,9.0,Hold,9.0,Hold,8.0,Hold,10.0,Hold,8.0,Hold,8.0,Hold,8.0,Hold,10.0,Hold,10.0
6/5/2022,18.64,0.5959601081095893,Sell,10.0,Hold,9.0,Hold,9.0,Hold,8.0,Hold,10.0,Hold,8.0,Hold,8.0,Hold,8.0,Hold,10.0,Hold,10.0
9/5/2022,16.92,0.3795433984674302,Hold,10.0,Hold,9.0,Hold,9.0,Hold,8.0,Hold,10.0,Hold,8.0,Hold,8.0,Hold,8.0,Hold,10.0,Hold,10.0
10/5/2022,17.57,0.0915130396203222,Hold,10.0,Hold,9.0,Hold,9.0,Hold,8.0,Hold,10.0,Hold,8.0,Hold,8.0,Hold,8.0,Hold,10.0,Hold,10.0
11/5/2022,16.6,0.1973411595219615,Hold,10.0,Hold,9.0,Hold,9.0,Hold,8.0,Hold,10.0,Hold,8.0,Hold,8.0,Hold,8.0,Hold,10.0,Hold,10.0
12/5/2022,16.15,0.4919152153978392,Hold,10.0,Hold,9.0,Hold,9.0,Hold,8.0,Hold,10.0,Hold,8.0,Hold,8.0,Hold,8.0,Hold,10.0,Hold,10.0
13/5/2022,17.68,0.85582031248,Hold,10.0,Hold,9.0,Hold,9.0,Hold,8.0,Hold,10.0,Hold,8.0,Hold,8.0,Hold,8.0,Hold,10.0,Hold,10.0
16/5/2022,17.24,0.8036277783870969,Hold,10.0,Hold,9.0,Hold,9.0,Hold,8.0,Hold,10.0,Hold,8.0,Hold,8.0,Hold,8.0,Hold,10.0,Hold,10.0
17/5/2022,18.15,0.4837821232088889,Buy,10.0,Hold,9.0,Hold,9.0,Hold,8.0,Hold,10.0,Hold,8.0,Hold,8.0,Hold,8.0,Hold,10.0,Hold,10.0
18/5/2022,16.91,0.5292682944860869,Hold,10.0,Hold,9.0,Hold,9.0,Hold,8.0,Hold,10.0,Buy,8.0,Hold,8.0,Hold,8.0,Hold,10.0,Hold,10.0
19/5/2022,17.1,0.4997234341353763,Hold,10.0,Hold,9.0,Hold,9.0,Hold,8.0,Hold,10.0,Sell,8.0,Hold,8.0,Hold,8.0,Hold,10.0,Hold,10.0
20/5/2022,16.67,0.5515494873185184,Hold,10.0,Hold,9.0,Hold,9.0,Hold,8.0,Hold,10.0,Hold,8.0,Hold,8.0,Hold,8.0,Hold,10.0,Hold,10.0
23/5/2022,16.87,0.5172584324980986,Hold,10.0,Hold,9.0,Hold,9.0,Hold,8.0,Hold,10.0,Hold,8.0,Hold,8.0,Hold,8.0,Hold,10.0,Hold,10.0
24/5/2022,16.13,0.4776043377612398,Hold,10.0,Hold,9.0,Hold,9.0,Hold,8.0,Hold,10.0,Hold,8.0,Hold,8.0,Hold,8.0,Hold,10.0,Hold,10.0
25/5/2022,16.95,0.4774262040307203,Hold,10.0,Hold,9.0,Hold,9.0,Hold,8.0,Hold,10.0,Buy,8.0,Hold,8.0,Hold,8.0,Hold,10.0,Hold,10.0
26/5/2022,17.82,0.3212108208586623,Hold,10.0,Hold,9.0,Hold,9.0,Hold,8.0,Hold,10.0,Hold,8.0,Hold,8.0,Hold,8.0,Hold,10.0,Hold,10.0
27/5/2022,18.78,0.4133372225576049,Hold,10.0,Hold,9.0,Hold,9.0,Hold,8.0,Buy,10.0,Buy,8.0,Buy,8.0,Hold,8.0,Hold,10.0,Hold,10.0
31/5/2022,18.64,0.2720656379652885,Hold,10.0,Hold,9.0,Hold,9.0,Buy,8.0,Hold,10.0,Hold,8.0,Hold,8.0,Buy,8.0,Hold,10.0,Hold,10.0
1/6/2022,18.29,0.4299330768937817,Hold,10.0,Hold,9.0,Hold,9.0,Hold,8.0,Hold,10.0,Hold,8.0,Hold,8.0,Hold,8.0,Hold,10.0,Hold,10.0
2/6/2022,19.56,0.4876327877047136,Hold,10.0,Hold,9.0,Hold,9.0,Hold,8.0,Hold,10.0,Hold,8.0,Hold,8.0,Hold,8.0,Hold,10.0,Hold,10.0
3/6/2022,18.69,0.3557743838012653,Hold,10.0,Hold,9.0,Hold,9.0,Hold,8.0,Hold,10.0,Hold,8.0,Hold,8.0,Hold,8.0,Hold,10.0,Hold,10.0
6/6/2022,18.75,0.94435685625,Hold,10.0,Hold,9.0,Hold,9.0,Hold,8.0,Hold,10.0,Hold,8.0,Hold,8.0,Hold,8.0,Hold,10.0,Hold,10.0
7/6/2022,18.89,0.5082019320553278,Hold,10.0,Hold,9.0,Hold,9.0,Hold,8.0,Hold,10.0,Hold,8.0,Hold,8.0,Hold,8.0,Hold,10.0,Hold,10.0
8/6/2022,18.62,0.9241022054746704,Hold,10.0,Hold,9.0,Hold,9.0,Hold,8.0,Hold,10.0,Hold,8.0,Hold,8.0,Hold,8.0,Hold,10.0,Hold,10.0
9/6/2022,18.02,-0.0750691370503749,Hold,10.0,Hold,9.0,Hold,9.0,Hold,8.0,Hold,10.0,Hold,8.0,Hold,8.0,Hold,8.0,Hold,10.0,Hold,10.0
10/6/2022,16.95,0.2340102006129709,Sell,10.0,Sell,9.0,Hold,9.0,Sell,8.0,Sell,10.0,Sell,8.0,Sell,8.0,Sell,8.0,Hold,10.0,Hold,10.0
13/6/2022,15.62,0.7709606139285714,Hold,10.0,Hold,9.0,Hold,9.0,Hold,8.0,Hold,10.0,Hold,8.0,Hold,8.0,Hold,8.0,Hold,10.0,Hold,10.0
14/6/2022,15.81,0.6428096284389712,Hold,10.0,Hold,9.0,Hold,9.0,Hold,8.0,Hold,10.0,Hold,8.0,Hold,8.0,Hold,8.0,Hold,10.0,Hold,10.0
15/6/2022,16.5,0.4610983334131537,Hold,10.0,Hold,9.0,Hold,9.0,Hold,8.0,Hold,10.0,Hold,8.0,Hold,8.0,Hold,8.0,Hold,10.0,Hold,10.0
16/6/2022,15.58,0.5478427324223091,Hold,10.0,Hold,9.0,Hold,9.0,Hold,8.0,Hold,10.0,Hold,8.0,Hold,8.0,Hold,8.0,Hold,10.0,Hold,10.0
17/6/2022,15.86,0.21025555255671,Hold,10.0,Hold,9.0,Hold,9.0,Hold,8.0,Hold,10.0,Hold,8.0,Hold,8.0,Hold,8.0,Hold,10.0,Hold,10.0
21/6/2022,16.54,0.3858444420423103,Hold,10.0,Hold,9.0,Hold,9.0,Sell,8.0,Hold,10.0,Hold,8.0,Sell,8.0,Hold,8.0,Hold,10.0,Hold,10.0
22/6/2022,16.34,0.9407333742307692,Hold,10.0,Hold,9.0,Hold,9.0,Hold,8.0,Hold,10.0,Hold,8.0,Hold,8.0,Hold,8.0,Hold,10.0,Hold,10.0
23/6/2022,16.2,0.2636810368421053,Hold,10.0,Hold,9.0,Buy,9.0,Hold,8.0,Hold,10.0,Hold,8.0,Hold,8.0,Hold,8.0,Hold,10.0,Hold,10.0
24/6/2022,17.1,0.2202022584743904,Buy,10.0,Hold,9.0,Hold,9.0,Hold,8.0,Hold,10.0,Hold,8.0,Hold,8.0,Hold,8.0,Hold,10.0,Hold,10.0
27/6/2022,16.84,0.9160100761538464,Hold,10.0,Hold,9.0,Hold,9.0,Hold,8.0,Buy,10.0,Buy,8.0,Hold,8.0,Hold,8.0,Hold,10.0,Hold,10.0
28/6/2022,15.96,-0.0749835990292682,Hold,10.0,Hold,9.0,Hold,9.0,Hold,8.0,Sell,10.0,Hold,8.0,Hold,8.0,Hold,8.0,Hold,10.0,Hold,10.0
29/6/2022,15.52,0.022859937641791,Sell,10.0,Hold,9.0,Hold,9.0,Hold,8.0,Hold,10.0,Hold,8.0,Hold,8.0,Hold,8.0,Hold,10.0,Hold,10.0
30/6/2022,15.14,0.5609691408298887,Hold,10.0,Hold,9.0,Hold,9.0,Hold,8.0,Hold,10.0,Hold,8.0,Hold,8.0,Hold,8.0,Hold,10.0,Hold,10.0
1/7/2022,14.5,0.1345379462532344,Hold,10.0,Hold,9.0,Hold,9.0,Hold,8.0,Hold,10.0,Hold,8.0,Hold,8.0,Hold,8.0,Hold,10.0,Hold,10.0
5/7/2022,14.94,0.7740728748484851,Hold,10.0,Hold,9.0,Hold,9.0,Hold,8.0,Hold,10.0,Sell,8.0,Hold,8.0,Hold,8.0,Hold,10.0,Hold,10.0
6/7/2022,15.11,0.6585387939163029,Hold,10.0,Hold,9.0,Hold,9.0,Hold,8.0,Hold,10.0,Hold,8.0,Hold,8.0,Hold,8.0,Hold,10.0,Hold,10.0
7/7/2022,15.84,0.4486948436772843,Hold,10.0,Hold,9.0,Hold,9.0,Hold,8.0,Hold,10.0,Hold,8.0,Hold,8.0,Hold,8.0,Hold,10.0,Hold,10.0
8/7/2022,15.82,0.4102937807949969,Buy,10.0,Hold,9.0,Hold,9.0,Hold,8.0,Buy,10.0,Buy,8.0,Hold,8.0,Hold,8.0,Hold,10.0,Hold,10.0
11/7/2022,15.13,0.6131830865843547,Hold,10.0,Hold,9.0,Hold,9.0,Hold,8.0,Hold,10.0,Hold,8.0,Hold,8.0,Hold,8.0,Hold,10.0,Hold,10.0
12/7/2022,15.06,0.5241638662962963,Hold,10.0,Hold,9.0,Hold,9.0,Hold,8.0,Hold,10.0,Hold,8.0,Hold,8.0,Hold,8.0,Hold,10.0,Hold,10.0
13/7/2022,15.14,0.3619239923649173,Hold,10.0,Hold,9.0,Hold,9.0,Hold,8.0,Hold,10.0,Hold,8.0,Hold,8.0,Hold,8.0,Hold,10.0,Hold,10.0
14/7/2022,15.35,0.439770995,Hold,10.0,Hold,9.0,Hold,9.0,Hold,8.0,Hold,10.0,Hold,8.0,Hold,8.0,Hold,8.0,Hold,10.0,Hold,10.0
15/7/2022,15.74,0.6851805736500174,Hold,10.0,Hold,9.0,Hold,9.0,Hold,8.0,Hold,10.0,Buy,8.0,Hold,8.0,Hold,8.0,Hold,10.0,Buy,10.0
18/7/2022,16.08,0.7769952746084806,Hold,10.0,Buy,9.0,Hold,9.0,Hold,8.0,Buy,10.0,Hold,8.0,Buy,8.0,Hold,8.0,Buy,10.0,Hold,10.0
19/7/2022,16.97,0.8061407706971375,Hold,10.0,Hold,9.0,Hold,9.0,Buy,8.0,Buy,10.0,Hold,8.0,Hold,8.0,Buy,8.0,Hold,10.0,Hold,10.0
20/7/2022,17.78,0.3452586429300182,Hold,10.0,Hold,9.0,Hold,9.0,Hold,8.0,Hold,10.0,Hold,8.0,Hold,8.0,Hold,8.0,Hold,10.0,Hold,10.0
21/7/2022,18.02,0.8971323993333334,Hold,10.0,Buy,9.0,Hold,9.0,Hold,8.0,Hold,10.0,Hold,8.0,Hold,8.0,Hold,8.0,Buy,10.0,Hold,10.0
22/7/2022,17.29,0.3096527230850592,Hold,10.0,Hold,9.0,Hold,9.0,Hold,8.0,Hold,10.0,Hold,8.0,Buy,8.0,Hold,8.0,Hold,10.0,Hold,10.0
25/7/2022,17.0,0.8202212648,Hold,10.0,Hold,9.0,Hold,9.0,Hold,8.0,Hold,10.0,Hold,8.0,Hold,8.0,Hold,8.0,Hold,10.0,Hold,10.0
26/7/2022,16.51,0.8841029880952381,Hold,10.0,Hold,9.0,Hold,9.0,Hold,8.0,Hold,10.0,Hold,8.0,Hold,8.0,Hold,8.0,Sell,10.0,Hold,10.0
27/7/2022,17.76,0.4066027371320753,Hold,10.0,Hold,9.0,Hold,9.0,Hold,8.0,Hold,10.0,Hold,8.0,Hold,8.0,Hold,8.0,Hold,10.0,Hold,10.0
28/7/2022,17.96,0.8611775611999999,Hold,10.0,Hold,9.0,Hold,9.0,Hold,8.0,Hold,10.0,Hold,8.0,Hold,8.0,Hold,8.0,Buy,10.0,Hold,10.0
29/7/2022,18.14,0.6963702042861526,Hold,10.0,Hold,9.0,Hold,9.0,Hold,8.0,Hold,10.0,Hold,8.0,Hold,8.0,Hold,8.0,Hold,10.0,Hold,10.0
1/8/2022,18.41,0.7283898427027029,Hold,10.0,Hold,9.0,Hold,9.0,Hold,8.0,Hold,10.0,Hold,8.0,Hold,8.0,Hold,8.0,Hold,10.0,Hold,10.0
2/8/2022,18.5,0.7131426959873485,Hold,10.0,Hold,9.0,Hold,9.0,Hold,8.0,Hold,10.0,Hold,8.0,Hold,8.0,Hold,8.0,Hold,10.0,Hold,10.0
3/8/2022,18.87,0.8323506310512152,Hold,10.0,Hold,9.0,Hold,9.0,Hold,8.0,Hold,10.0,Hold,8.0,Hold,8.0,Hold,8.0,Hold,10.0,Hold,10.0
4/8/2022,19.19,0.7209138391434051,Hold,10.0,Hold,9.0,Hold,9.0,Hold,8.0,Hold,10.0,Hold,8.0,Hold,8.0,Hold,8.0,Hold,10.0,Hold,10.0
5/8/2022,18.96,0.9809218352941176,Hold,10.0,Hold,9.0,Sell,9.0,Hold,8.0,Hold,10.0,Hold,8.0,Hold,8.0,Hold,8.0,Hold,10.0,Hold,10.0
8/8/2022,17.77,0.3152821660134232,Hold,10.0,Hold,9.0,Hold,9.0,Hold,8.0,Hold,10.0,Hold,8.0,Hold,8.0,Hold,8.0,Hold,10.0,Hold,10.0
9/8/2022,17.06,0.1867928592375982,Sell,10.0,Hold,9.0,Hold,9.0,Hold,8.0,Sell,10.0,Sell,8.0,Hold,8.0,Hold,8.0,Sell,10.0,Hold,10.0
10/8/2022,18.07,-0.014133004485874,Sell,10.0,Hold,9.0,Hold,9.0,Hold,8.0,Sell,10.0,Hold,8.0,Hold,8.0,Hold,8.0,Sell,10.0,Sell,10.0
11/8/2022,17.92,0.107214872569741,Buy,10.0,Hold,9.0,Hold,9.0,Hold,8.0,Buy,10.0,Buy,8.0,Hold,8.0,Hold,8.0,Buy,10.0,Buy,10.0
12/8/2022,18.68,0.3208343074792856,Sell,10.0,Hold,9.0,Hold,9.0,Hold,8.0,Sell,10.0,Sell,8.0,Hold,8.0,Hold,8.0,Sell,10.0,Hold,10.0
15/8/2022,19.0,0.7358942886153848,Buy,10.0,Hold,9.0,Hold,9.0,Hold,8.0,Hold,10.0,Buy,8.0,Hold,8.0,Hold,8.0,Hold,10.0,Hold,10.0
16/8/2022,18.85,0.8486826576000002,Hold,10.0,Hold,9.0,Hold,9.0,Hold,8.0,Hold,10.0,Sell,8.0,Hold,8.0,Hold,8.0,Hold,10.0,Sell,10.0
17/8/2022,18.31,0.0290178202418763,Hold,10.0,Hold,9.0,Hold,9.0,Hold,8.0,Hold,10.0,Hold,8.0,Hold,8.0,Hold,8.0,Hold,10.0,Hold,10.0
18/8/2022,18.75,0.5318535374027447,Hold,10.0,Hold,9.0,Hold,9.0,Hold,8.0,Hold,10.0,Hold,8.0,Hold,8.0,Hold,8.0,Hold,10.0,Hold,10.0
19/8/2022,17.82,0.7500264905063292,Sell,10.0,Hold,9.0,Hold,9.0,Hold,8.0,Hold,10.0,Hold,8.0,Hold,8.0,Hold,8.0,Hold,10.0,Hold,10.0
22/8/2022,17.01,0.7349605762653593,Hold,10.0,Sell,9.0,Hold,9.0,Sell,8.0,Sell,10.0,Hold,8.0,Sell,8.0,Sell,8.0,Sell,10.0,Buy,10.0
23/8/2022,17.16,0.5193207740948065,Hold,10.0,Hold,9.0,Hold,9.0,Hold,8.0,Hold,10.0,Hold,8.0,Hold,8.0,Hold,8.0,Sell,10.0,Sell,10.0
24/8/2022,17.2,0.4018526454693009,Hold,10.0,Hold,9.0,Hold,9.0,Sell,8.0,Hold,10.0,Hold,8.0,Sell,8.0,Hold,8.0,Hold,10.0,Hold,10.0
25/8/2022,17.89,0.0831836573898104,Hold,10.0,Hold,9.0,Hold,9.0,Hold,8.0,Hold,10.0,Hold,8.0,Hold,8.0,Hold,8.0,Hold,10.0,Hold,10.0
26/8/2022,16.24,0.2113919895945512,Hold,10.0,Hold,9.0,Hold,9.0,Hold,8.0,Buy,10.0,Hold,8.0,Hold,8.0,Hold,8.0,Buy,10.0,Hold,10.0
29/8/2022,15.78,0.2548216256559139,Hold,10.0,Sell,9.0,Hold,9.0,Hold,8.0,Sell,10.0,Hold,8.0,Hold,8.0,Sell,8.0,Sell,10.0,Hold,10.0
30/8/2022,15.45,0.3193067813454349,Hold,10.0,Hold,9.0,Hold,9.0,Hold,8.0,Hold,10.0,Hold,8.0,Hold,8.0,Hold,8.0,Hold,10.0,Hold,10.0
31/8/2022,15.07,0.4770543778737863,Hold,10.0,Hold,9.0,Hold,9.0,Hold,8.0,Hold,10.0,Hold,8.0,Hold,8.0,Hold,8.0,Hold,10.0,Hold,10.0
1/9/2022,13.92,0.4781007884411557,Hold,10.0,Hold,9.0,Hold,9.0,Hold,8.0,Hold,10.0,Hold,8.0,Hold,8.0,Hold,8.0,Hold,10.0,Hold,10.0
2/9/2022,13.63,0.4589527074099988,Hold,10.0,Hold,9.0,Hold,9.0,Hold,8.0,Hold,10.0,Hold,8.0,Hold,8.0,Hold,8.0,Hold,10.0,Hold,10.0
6/9/2022,13.45,0.6231049594444443,Hold,10.0,Hold,9.0,Hold,9.0,Hold,8.0,Hold,10.0,Hold,8.0,Hold,8.0,Hold,8.0,Hold,10.0,Hold,10.0
7/9/2022,13.7,0.6736595464752009,Hold,10.0,Hold,9.0,Hold,9.0,Hold,8.0,Hold,10.0,Hold,8.0,Hold,8.0,Hold,8.0,Hold,10.0,Hold,10.0
8/9/2022,13.97,0.5304942593765695,Hold,10.0,Hold,9.0,Hold,9.0,Hold,8.0,Hold,10.0,Hold,8.0,Hold,8.0,Hold,8.0,Hold,10.0,Hold,10.0
9/9/2022,14.37,0.3751160907820043,Hold,10.0,Hold,9.0,Hold,9.0,Hold,8.0,Hold,10.0,Hold,8.0,Hold,8.0,Hold,8.0,Hold,10.0,Hold,10.0
12/9/2022,14.49,0.8795123911714643,Hold,10.0,Hold,9.0,Hold,9.0,Hold,8.0,Hold,10.0,Hold,8.0,Hold,8.0,Hold,8.0,Hold,10.0,Hold,10.0
13/9/2022,13.12,0.5402302335597222,Hold,10.0,Hold,9.0,Hold,9.0,Hold,8.0,Hold,10.0,Hold,8.0,Hold,8.0,Hold,8.0,Hold,10.0,Hold,10.0
14/9/2022,13.11,0.0141613084210525,Hold,10.0,Hold,9.0,Hold,9.0,Hold,8.0,Hold,10.0,Hold,8.0,Hold,8.0,Hold,8.0,Hold,10.0,Hold,10.0
15/9/2022,12.91,0.2531844547572696,Hold,10.0,Hold,9.0,Hold,9.0,Hold,8.0,Hold,10.0,Hold,8.0,Hold,8.0,Hold,8.0,Hold,10.0,Hold,10.0
16/9/2022,13.18,0.4693404929323324,Hold,10.0,Hold,9.0,Hold,9.0,Hold,8.0,Hold,10.0,Hold,8.0,Hold,8.0,Hold,8.0,Hold,10.0,Hold,10.0
19/9/2022,13.37,0.24792336703125,Hold,10.0,Hold,9.0,Hold,9.0,Hold,8.0,Hold,10.0,Hold,8.0,Hold,8.0,Hold,8.0,Hold,10.0,Hold,10.0
20/9/2022,13.16,0.6310840580030919,Hold,10.0,Hold,9.0,Hold,9.0,Hold,8.0,Hold,10.0,Hold,8.0,Hold,8.0,Hold,8.0,Hold,10.0,Hold,10.0
21/9/2022,13.25,0.6874378780998235,Hold,10.0,Hold,9.0,Hold,9.0,Hold,8.0,Hold,10.0,Hold,8.0,Hold,8.0,Hold,8.0,Hold,10.0,Hold,10.0
22/9/2022,12.55,0.3152737592386437,Hold,10.0,Hold,9.0,Hold,9.0,Hold,8.0,Hold,10.0,Hold,8.0,Hold,8.0,Hold,8.0,Hold,10.0,Hold,10.0
23/9/2022,12.5,0.6415623525203801,Hold,10.0,Hold,9.0,Hold,9.0,Hold,8.0,Hold,10.0,Hold,8.0,Hold,8.0,Hold,8.0,Hold,10.0,Hold,10.0
26/9/2022,12.21,0.8724543589076923,Hold,10.0,Hold,9.0,Hold,9.0,Hold,8.0,Hold,10.0,Hold,8.0,Hold,8.0,Hold,8.0,Hold,10.0,Hold,10.0
27/9/2022,12.4,0.1710888267568342,Hold,10.0,Hold,9.0,Hold,9.0,Hold,8.0,Hold,10.0,Hold,8.0,Hold,8.0,Hold,8.0,Hold,10.0,Hold,10.0
28/9/2022,12.72,0.5299355641025641,Buy,10.0,Hold,9.0,Hold,9.0,Hold,8.0,Hold,10.0,Hold,8.0,Hold,8.0,Hold,8.0,Hold,10.0,Hold,10.0
29/9/2022,12.21,0.761679356477695,Hold,10.0,Hold,9.0,Buy,9.0,Hold,8.0,Hold,10.0,Hold,8.0,Hold,8.0,Hold,8.0,Hold,10.0,Hold,10.0
30/9/2022,12.13,0.9544539954054052,Hold,10.0,Hold,9.0,Buy,9.0,Hold,8.0,Hold,10.0,Hold,8.0,Hold,8.0,Hold,8.0,Hold,10.0,Hold,10.0
3/10/2022,12.5,0.3603671664242425,Hold,10.0,Hold,9.0,Hold,9.0,Hold,8.0,Hold,10.0,Hold,8.0,Hold,8.0,Hold,8.0,Hold,10.0,Hold,10.0
4/10/2022,13.15,0.2659408415291054,Hold,10.0,Hold,9.0,Hold,9.0,Hold,8.0,Hold,10.0,Hold,8.0,Hold,8.0,Hold,8.0,Hold,10.0,Hold,10.0
5/10/2022,13.19,0.4448054711294117,Hold,10.0,Hold,9.0,Hold,9.0,Hold,8.0,Hold,10.0,Buy,8.0,Hold,8.0,Hold,8.0,Hold,10.0,Hold,10.0
6/10/2022,13.11,0.269363517726875,Hold,10.0,Hold,9.0,Hold,9.0,Hold,8.0,Hold,10.0,Hold,8.0,Hold,8.0,Hold,8.0,Hold,10.0,Hold,10.0
7/10/2022,12.06,0.2161474696691557,Hold,10.0,Hold,9.0,Hold,9.0,Hold,8.0,Hold,10.0,Hold,8.0,Hold,8.0,Hold,8.0,Hold,10.0,Hold,10.0
10/10/2022,11.66,0.7444438657733021,Hold,10.0,Hold,9.0,Hold,9.0,Hold,8.0,Hold,10.0,Sell,8.0,Hold,8.0,Hold,8.0,Hold,10.0,Hold,10.0
11/10/2022,11.57,0.3929712893,Hold,10.0,Hold,9.0,Hold,9.0,Hold,8.0,Hold,10.0,Hold,8.0,Hold,8.0,Hold,8.0,Hold,10.0,Hold,10.0
12/10/2022,11.49,0.3953711632096833,Hold,10.0,Hold,9.0,Hold,9.0,Hold,8.0,Hold,10.0,Hold,8.0,Hold,8.0,Hold,8.0,Hold,10.0,Hold,10.0
13/10/2022,11.95,0.8248896817142858,Hold,10.0,Hold,9.0,Hold,9.0,Hold,8.0,Hold,10.0,Hold,8.0,Hold,8.0,Hold,8.0,Hold,10.0,Hold,10.0
14/10/2022,11.21,0.8240042091771619,Hold,10.0,Hold,9.0,Hold,9.0,Hold,8.0,Hold,10.0,Hold,8.0,Hold,8.0,Hold,8.0,Hold,10.0,Hold,10.0
17/10/2022,11.87,0.2471434555769231,Hold,10.0,Hold,9.0,Hold,9.0,Hold,8.0,Hold,10.0,Hold,8.0,Hold,8.0,Hold,8.0,Hold,10.0,Hold,10.0
18/10/2022,11.95,0.7964288110726934,Hold,10.0,Hold,9.0,Hold,9.0,Hold,8.0,Hold,10.0,Hold,8.0,Hold,8.0,Hold,8.0,Hold,10.0,Hold,10.0
19/10/2022,12.04,0.6313838871830987,Hold,10.0,Hold,9.0,Hold,9.0,Hold,8.0,Hold,10.0,Hold,8.0,Hold,8.0,Hold,8.0,Hold,10.0,Hold,10.0
20/10/2022,12.18,0.759295192051282,Hold,10.0,Buy,9.0,Hold,9.0,Hold,8.0,Buy,10.0,Buy,8.0,Buy,8.0,Hold,8.0,Buy,10.0,Hold,10.0
21/10/2022,12.45,0.8219666774040527,Hold,10.0,Hold,9.0,Hold,9.0,Hold,8.0,Hold,10.0,Hold,8.0,Hold,8.0,Hold,8.0,Hold,10.0,Hold,10.0
24/10/2022,12.58,0.2339557658334883,Hold,10.0,Hold,9.0,Hold,9.0,Buy,8.0,Hold,10.0,Hold,8.0,Hold,8.0,Buy,8.0,Hold,10.0,Hold,10.0
25/10/2022,13.25,0.4359304272608695,Hold,10.0,Hold,9.0,Hold,9.0,Hold,8.0,Hold,10.0,Hold,8.0,Hold,8.0,Hold,8.0,Hold,10.0,Buy,10.0
26/10/2022,12.88,0.1879759503125,Hold,10.0,Hold,9.0,Hold,9.0,Hold,8.0,Hold,10.0,Hold,8.0,Hold,8.0,Hold,8.0,Hold,10.0,Hold,10.0
27/10/2022,13.16,0.682506245823173,Hold,10.0,Hold,9.0,Hold,9.0,Hold,8.0,Hold,10.0,Hold,8.0,Hold,8.0,Hold,8.0,Hold,10.0,Hold,10.0
28/10/2022,13.82,0.3695521657457023,Hold,10.0,Hold,9.0,Hold,9.0,Hold,8.0,Hold,10.0,Hold,8.0,Hold,8.0,Hold,8.0,Hold,10.0,Hold,10.0
31/10/2022,13.48,-0.1070178669565217,Hold,10.0,Hold,9.0,Hold,9.0,Hold,8.0,Hold,10.0,Hold,8.0,Hold,8.0,Hold,8.0,Hold,10.0,Hold,10.0
1/11/2022,13.53,0.3603790608194,Hold,10.0,Hold,9.0,Hold,9.0,Hold,8.0,Hold,10.0,Hold,8.0,Hold,8.0,Hold,8.0,Hold,10.0,Hold,10.0
2/11/2022,13.2,0.9936323,Hold,10.0,Hold,9.0,Hold,9.0,Hold,8.0,Hold,10.0,Hold,8.0,Hold,8.0,Hold,8.0,Hold,10.0,Hold,10.0
3/11/2022,13.41,0.6458831667385888,Hold,10.0,Hold,9.0,Hold,9.0,Hold,8.0,Hold,10.0,Hold,8.0,Hold,8.0,Hold,8.0,Hold,10.0,Hold,10.0
4/11/2022,14.14,0.701813887804878,Hold,10.0,Hold,9.0,Hold,9.0,Hold,8.0,Hold,10.0,Hold,8.0,Hold,8.0,Hold,8.0,Hold,10.0,Hold,10.0
7/11/2022,14.28,0.40769258125,Hold,10.0,Hold,9.0,Hold,9.0,Hold,8.0,Hold,10.0,Hold,8.0,Hold,8.0,Hold,8.0,Hold,10.0,Hold,10.0
8/11/2022,14.59,0.4255936839610849,Hold,10.0,Hold,9.0,Hold,9.0,Hold,8.0,Hold,10.0,Hold,8.0,Hold,8.0,Hold,8.0,Hold,10.0,Hold,10.0
9/11/2022,13.76,-0.2106055229124043,Hold,10.0,Hold,9.0,Hold,9.0,Hold,8.0,Hold,10.0,Hold,8.0,Hold,8.0,Hold,8.0,Hold,10.0,Hold,10.0
10/11/2022,15.73,0.5574496642037682,Hold,10.0,Hold,9.0,Hold,9.0,Hold,8.0,Hold,10.0,Hold,8.0,Hold,8.0,Hold,8.0,Hold,10.0,Hold,10.0
11/11/2022,16.31,0.6987479813483144,Hold,10.0,Hold,9.0,Hold,9.0,Hold,8.0,Hold,10.0,Hold,8.0,Hold,8.0,Hold,8.0,Hold,10.0,Hold,10.0
14/11/2022,16.28,0.593930510244967,Hold,10.0,Hold,9.0,Hold,9.0,Hold,8.0,Hold,10.0,Hold,8.0,Hold,8.0,Hold,8.0,Hold,10.0,Hold,10.0
15/11/2022,16.65,0.7147441916039982,Hold,10.0,Hold,9.0,Hold,9.0,Hold,8.0,Hold,10.0,Hold,8.0,Hold,8.0,Hold,8.0,Hold,10.0,Hold,10.0
16/11/2022,15.89,0.342669409474225,Hold,10.0,Hold,9.0,Hold,9.0,Hold,8.0,Hold,10.0,Hold,8.0,Hold,8.0,Hold,8.0,Hold,10.0,Hold,10.0
17/11/2022,15.66,0.4178958722447923,Hold,10.0,Hold,9.0,Hold,9.0,Hold,8.0,Hold,10.0,Hold,8.0,Hold,8.0,Hold,8.0,Hold,10.0,Hold,10.0
18/11/2022,15.39,0.3588375346875,Hold,10.0,Hold,9.0,Hold,9.0,Hold,8.0,Hold,10.0,Hold,8.0,Hold,8.0,Hold,8.0,Hold,10.0,Hold,10.0
21/11/2022,15.3,0.900378222,Hold,10.0,Hold,9.0,Hold,9.0,Hold,8.0,Hold,10.0,Hold,8.0,Hold,8.0,Hold,8.0,Hold,10.0,Hold,10.0
22/11/2022,16.02,0.5172769853333333,Hold,10.0,Hold,9.0,Hold,9.0,Hold,8.0,Hold,10.0,Hold,8.0,Hold,8.0,Hold,8.0,Hold,10.0,Hold,10.0
23/11/2022,16.5,0.5847397640929065,Hold,10.0,Hold,9.0,Sell,9.0,Hold,8.0,Hold,10.0,Hold,8.0,Hold,8.0,Hold,8.0,Hold,10.0,Hold,10.0
25/11/2022,16.25,0.1433823136666668,Hold,10.0,Hold,9.0,Hold,9.0,Hold,8.0,Hold,10.0,Hold,8.0,Hold,8.0,Hold,8.0,Hold,10.0,Hold,10.0
28/11/2022,15.81,0.7352582052470678,Hold,10.0,Hold,9.0,Hold,9.0,Hold,8.0,Hold,10.0,Hold,8.0,Hold,8.0,Hold,8.0,Hold,10.0,Hold,10.0
29/11/2022,15.62,-0.1238072805400662,Sell,10.0,Hold,9.0,Sell,9.0,Hold,8.0,Hold,10.0,Sell,8.0,Hold,8.0,Hold,8.0,Hold,10.0,Hold,10.0
30/11/2022,16.91,0.3105815626000001,Hold,10.0,Hold,9.0,Hold,9.0,Hold,8.0,Hold,10.0,Hold,8.0,Hold,8.0,Hold,8.0,Hold,10.0,Hold,10.0
1/12/2022,17.12,0.9375258445806124,Buy,10.0,Hold,9.0,Hold,9.0,Hold,8.0,Hold,10.0,Buy,8.0,Hold,8.0,Hold,8.0,Hold,10.0,Hold,10.0
2/12/2022,16.86,0.2813193341391097,Hold,10.0,Hold,9.0,Hold,9.0,Hold,8.0,Hold,10.0,Buy,8.0,Hold,8.0,Hold,8.0,Hold,10.0,Hold,10.0
5/12/2022,16.6,0.9476648576470588,Hold,10.0,Hold,9.0,Hold,9.0,Hold,8.0,Hold,10.0,Hold,8.0,Hold,8.0,Hold,8.0,Hold,10.0,Hold,10.0
6/12/2022,15.97,0.9597841782608696,Sell,10.0,Hold,9.0,Hold,9.0,Hold,8.0,Hold,10.0,Hold,8.0,Hold,8.0,Hold,8.0,Hold,10.0,Hold,10.0
7/12/2022,16.11,0.4065427582859502,Sell,10.0,Hold,9.0,Hold,9.0,Hold,8.0,Hold,10.0,Hold,8.0,Hold,8.0,Hold,8.0,Hold,10.0,Hold,10.0
8/12/2022,17.15,0.7574979084761356,Hold,10.0,Hold,9.0,Hold,9.0,Hold,8.0,Hold,10.0,Hold,8.0,Hold,8.0,Hold,8.0,Hold,10.0,Hold,10.0
9/12/2022,16.99,0.4387864426143753,Buy,10.0,Hold,9.0,Hold,9.0,Hold,8.0,Hold,10.0,Hold,8.0,Hold,8.0,Hold,8.0,Hold,10.0,Hold,10.0
12/12/2022,17.52,0.5061987171804878,Hold,10.0,Hold,9.0,Hold,9.0,Hold,8.0,Hold,10.0,Hold,8.0,Hold,8.0,Hold,8.0,Hold,10.0,Hold,10.0
13/12/2022,18.06,0.4983997854343421,Hold,10.0,Hold,9.0,Hold,9.0,Hold,8.0,Hold,10.0,Hold,8.0,Hold,8.0,Hold,8.0,Hold,10.0,Hold,10.0
14/12/2022,17.66,0.5418458186554898,Hold,10.0,Hold,9.0,Hold,9.0,Hold,8.0,Hold,10.0,Hold,8.0,Hold,8.0,Hold,8.0,Hold,10.0,Hold,10.0
15/12/2022,16.94,0.4483930699200296,Sell,10.0,Hold,9.0,Hold,9.0,Hold,8.0,Hold,10.0,Hold,8.0,Hold,8.0,Hold,8.0,Hold,10.0,Hold,10.0
16/12/2022,16.56,0.4997230976909204,Hold,10.0,Sell,9.0,Hold,9.0,Hold,8.0,Sell,10.0,Sell,8.0,Sell,8.0,Hold,8.0,Sell,10.0,Hold,10.0
19/12/2022,16.24,0.446456545096,Hold,10.0,Hold,9.0,Hold,9.0,Hold,8.0,Hold,10.0,Hold,8.0,Hold,8.0,Hold,8.0,Hold,10.0,Hold,10.0
20/12/2022,16.07,0.9522423070370372,Hold,10.0,Hold,9.0,Hold,9.0,Sell,8.0,Hold,10.0,Hold,8.0,Hold,8.0,Sell,8.0,Hold,10.0,Hold,10.0
21/12/2022,16.49,0.5952070734149973,Hold,10.0,Hold,9.0,Hold,9.0,Hold,8.0,Hold,10.0,Hold,8.0,Hold,8.0,Hold,8.0,Hold,10.0,Hold,10.0
22/12/2022,15.33,0.8043769549001324,Hold,10.0,Hold,9.0,Hold,9.0,Hold,8.0,Hold,10.0,Hold,8.0,Hold,8.0,Hold,8.0,Hold,10.0,Hold,10.0
23/12/2022,15.19,0.9952136120930232,Hold,10.0,Hold,9.0,Hold,9.0,Sell,8.0,Hold,10.0,Hold,8.0,Hold,8.0,Sell,8.0,Hold,10.0,Sell,10.0
27/12/2022,14.11,0.4095005041176471,Hold,10.0,Hold,9.0,Hold,9.0,Hold,8.0,Hold,10.0,Hold,8.0,Hold,8.0,Hold,8.0,Hold,10.0,Hold,10.0
28/12/2022,14.02,0.6693570087261907,Hold,10.0,Hold,9.0,Hold,9.0,Hold,8.0,Hold,10.0,Hold,8.0,Hold,8.0,Hold,8.0,Hold,10.0,Hold,10.0
29/12/2022,14.59,0.9952861297058826,Hold,10.0,Hold,9.0,Hold,9.0,Hold,8.0,Hold,10.0,Hold,8.0,Hold,8.0,Hold,8.0,Hold,10.0,Hold,10.0
30/12/2022,14.6,0.7092587807063656,Hold,10.0,Hold,9.0,Hold,9.0,Hold,8.0,Hold,10.0,Hold,8.0,Hold,8.0,Hold,8.0,Hold,10.0,Hold,10.0
3/1/2023,14.3,0.6011922594922676,Hold,10.0,Hold,9.0,Buy,9.0,Hold,8.0,Hold,10.0,Hold,8.0,Hold,8.0,Hold,8.0,Hold,10.0,Hold,10.0
4/1/2023,14.74,0.950003615,Hold,10.0,Hold,9.0,Buy,9.0,Hold,8.0,Hold,10.0,Hold,8.0,Hold,8.0,Hold,8.0,Hold,10.0,Hold,10.0
5/1/2023,14.25,0.4823836557828061,Hold,10.0,Hold,9.0,Buy,9.0,Hold,8.0,Hold,10.0,Hold,8.0,Hold,8.0,Hold,8.0,Hold,10.0,Hold,10.0
6/1/2023,14.85,0.98685539,Hold,10.0,Hold,9.0,Hold,9.0,Hold,8.0,Hold,10.0,Hold,8.0,Hold,8.0,Hold,8.0,Hold,10.0,Hold,10.0
9/1/2023,15.61,0.6118432068749999,Hold,10.0,Hold,9.0,Hold,9.0,Hold,8.0,Hold,10.0,Hold,8.0,Hold,8.0,Hold,8.0,Hold,10.0,Hold,10.0
10/1/2023,15.89,0.1697985247058823,Buy,10.0,Buy,9.0,Hold,9.0,Buy,8.0,Buy,10.0,Buy,8.0,Buy,8.0,Buy,8.0,Buy,10.0,Buy,10.0
11/1/2023,15.99,0.4325508942,Hold,10.0,Hold,9.0,Hold,9.0,Hold,8.0,Hold,10.0,Hold,8.0,Hold,8.0,Hold,8.0,Hold,10.0,Hold,10.0
12/1/2023,16.5,0.2544503830789473,Hold,10.0,Hold,9.0,Hold,9.0,Hold,8.0,Hold,10.0,Hold,8.0,Hold,8.0,Hold,8.0,Hold,10.0,Hold,10.0
13/1/2023,16.88,0.8512691627272726,Hold,10.0,Hold,9.0,Hold,9.0,Hold,8.0,Hold,10.0,Hold,8.0,Hold,8.0,Hold,8.0,Hold,10.0,Hold,10.0
17/1/2023,17.69,0.5267498302082061,Hold,10.0,Hold,9.0,Hold,9.0,Hold,8.0,Hold,10.0,Hold,8.0,Hold,8.0,Hold,8.0,Hold,10.0,Hold,10.0
18/1/2023,17.36,0.6853612665034375,Hold,10.0,Hold,9.0,Hold,9.0,Hold,8.0,Hold,10.0,Hold,8.0,Hold,8.0,Hold,8.0,Hold,10.0,Hold,10.0
19/1/2023,16.75,0.8332865625762361,Hold,10.0,Hold,9.0,Hold,9.0,Hold,8.0,Hold,10.0,Hold,8.0,Hold,8.0,Hold,8.0,Hold,10.0,Hold,10.0
20/1/2023,17.82,0.903965961153846,Hold,10.0,Hold,9.0,Hold,9.0,Hold,8.0,Hold,10.0,Hold,8.0,Hold,8.0,Hold,8.0,Hold,10.0,Hold,10.0
23/1/2023,19.18,0.3003130209359924,Hold,10.0,Hold,9.0,Hold,9.0,Hold,8.0,Hold,10.0,Hold,8.0,Hold,8.0,Hold,8.0,Hold,10.0,Hold,10.0
24/1/2023,19.25,0.6661147220721271,Hold,10.0,Hold,9.0,Hold,9.0,Hold,8.0,Hold,10.0,Hold,8.0,Hold,8.0,Hold,8.0,Hold,10.0,Hold,10.0
25/1/2023,19.31,0.7580992447150905,Hold,10.0,Hold,9.0,Hold,9.0,Hold,8.0,Hold,10.0,Hold,8.0,Hold,8.0,Hold,8.0,Hold,10.0,Hold,10.0
26/1/2023,19.78,0.815650797878788,Hold,10.0,Hold,9.0,Hold,9.0,Hold,8.0,Hold,10.0,Hold,8.0,Hold,8.0,Hold,8.0,Hold,10.0,Hold,10.0
27/1/2023,20.35,0.379612121348182,Hold,10.0,Hold,9.0,Hold,9.0,Hold,8.0,Hold,10.0,Hold,8.0,Hold,8.0,Hold,8.0,Hold,10.0,Hold,10.0
30/1/2023,19.14,-0.2368405466315151,Hold,10.0,Hold,9.0,Hold,9.0,Hold,8.0,Hold,10.0,Hold,8.0,Hold,8.0,Hold,8.0,Hold,10.0,Hold,10.0
31/1/2023,19.52,0.5421182700027027,Hold,10.0,Hold,9.0,Hold,9.0,Hold,8.0,Hold,10.0,Hold,8.0,Hold,8.0,Hold,8.0,Hold,10.0,Hold,10.0
1/2/2023,20.92,0.9778182495833334,Hold,10.0,Hold,9.0,Hold,9.0,Hold,8.0,Hold,10.0,Hold,8.0,Hold,8.0,Hold,8.0,Hold,10.0,Hold,10.0
2/2/2023,21.69,0.6449788094139001,Hold,10.0,Hold,9.0,Hold,9.0,Hold,8.0,Hold,10.0,Hold,8.0,Hold,8.0,Hold,8.0,Hold,10.0,Hold,10.0
3/2/2023,21.08,0.4764583946158175,Hold,10.0,Hold,9.0,Hold,9.0,Hold,8.0,Hold,10.0,Hold,8.0,Hold,8.0,Hold,8.0,Hold,10.0,Hold,10.0
6/2/2023,21.07,0.7368212990100743,Hold,10.0,Hold,9.0,Hold,9.0,Hold,8.0,Hold,10.0,Hold,8.0,Hold,8.0,Hold,8.0,Hold,10.0,Hold,10.0
7/2/2023,22.15,0.4136095129999999,Hold,10.0,Hold,9.0,Hold,9.0,Hold,8.0,Hold,10.0,Hold,8.0,Hold,8.0,Hold,8.0,Hold,10.0,Hold,10.0
8/2/2023,22.19,0.8090246515128205,Hold,10.0,Hold,9.0,Hold,9.0,Hold,8.0,Hold,10.0,Hold,8.0,Hold,8.0,Hold,8.0,Hold,10.0,Hold,10.0
9/2/2023,22.32,0.3274245285671652,Hold,10.0,Hold,9.0,Hold,9.0,Hold,8.0,Hold,10.0,Hold,8.0,Hold,8.0,Hold,8.0,Hold,10.0,Hold,10.0
10/2/2023,21.25,0.2830641649871129,Hold,10.0,Hold,9.0,Hold,9.0,Hold,8.0,Hold,10.0,Hold,8.0,Hold,8.0,Hold,8.0,Hold,10.0,Hold,10.0
13/2/2023,21.77,0.2574550593623126,Hold,10.0,Hold,9.0,Hold,9.0,Hold,8.0,Hold,10.0,Hold,8.0,Hold,8.0,Hold,8.0,Hold,10.0,Hold,10.0
14/2/2023,22.95,0.6033279134258,Hold,10.0,Hold,9.0,Hold,9.0,Hold,8.0,Hold,10.0,Hold,8.0,Hold,8.0,Hold,8.0,Hold,10.0,Hold,10.0
15/2/2023,22.74,0.5223268594902489,Hold,10.0,Hold,9.0,Hold,9.0,Hold,8.0,Hold,10.0,Hold,8.0,Hold,8.0,Hold,8.0,Hold,10.0,Hold,10.0
16/2/2023,21.98,0.5725449909237407,Hold,10.0,Hold,9.0,Hold,9.0,Hold,8.0,Hold,10.0,Hold,8.0,Hold,8.0,Hold,8.0,Hold,10.0,Hold,10.0
17/2/2023,21.37,0.5085620773173365,Sell,10.0,Hold,9.0,Hold,9.0,Hold,8.0,Hold,10.0,Hold,8.0,Hold,8.0,Hold,8.0,Hold,10.0,Hold,10.0
21/2/2023,20.64,0.58338908498626,Hold,10.0,Hold,9.0,Hold,9.0,Hold,8.0,Sell,10.0,Sell,8.0,Hold,8.0,Hold,8.0,Hold,10.0,Hold,10.0
22/2/2023,20.74,0.2408651122534773,Hold,10.0,Hold,9.0,Hold,9.0,Hold,8.0,Hold,10.0,Hold,8.0,Hold,8.0,Hold,8.0,Hold,10.0,Hold,10.0
23/2/2023,23.64,0.3497865407696879,Hold,10.0,Hold,9.0,Hold,9.0,Hold,8.0,Hold,10.0,Hold,8.0,Hold,8.0,Hold,8.0,Hold,10.0,Hold,10.0
24/2/2023,23.27,0.6472274858765034,Hold,10.0,Hold,9.0,Hold,9.0,Hold,8.0,Buy,10.0,Buy,8.0,Hold,8.0,Hold,8.0,Hold,10.0,Hold,10.0
27/2/2023,23.48,0.4683830985109426,Hold,10.0,Hold,9.0,Hold,9.0,Hold,8.0,Hold,10.0,Hold,8.0,Hold,8.0,Hold,8.0,Hold,10.0,Hold,10.0
28/2/2023,23.2,0.7482736919749492,Hold,10.0,Hold,9.0,Hold,9.0,Hold,8.0,Hold,10.0,Hold,8.0,Hold,8.0,Hold,8.0,Hold,10.0,Hold,10.0
1/3/2023,22.68,0.4555543271170767,Hold,10.0,Hold,9.0,Hold,9.0,Hold,8.0,Hold,10.0,Hold,8.0,Hold,8.0,Hold,8.0,Hold,10.0,Hold,10.0
2/3/2023,23.29,0.4080280716901409,Hold,10.0,Hold,9.0,Hold,9.0,Hold,8.0,Hold,10.0,Hold,8.0,Hold,8.0,Hold,8.0,Hold,10.0,Hold,10.0
3/3/2023,23.87,0.6432986494462856,Hold,10.0,Hold,9.0,Hold,9.0,Hold,8.0,Hold,10.0,Hold,8.0,Hold,8.0,Hold,8.0,Hold,10.0,Hold,10.0
6/3/2023,23.53,0.6488053064425926,Hold,10.0,Hold,9.0,Hold,9.0,Hold,8.0,Hold,10.0,Hold,8.0,Hold,8.0,Hold,8.0,Hold,10.0,Hold,10.0
7/3/2023,23.27,0.6613576618677857,Hold,10.0,Hold,9.0,Hold,9.0,Hold,8.0,Hold,10.0,Hold,8.0,Hold,8.0,Hold,8.0,Hold,10.0,Hold,10.0
8/3/2023,24.16,0.4838571945565847,Hold,10.0,Hold,9.0,Hold,9.0,Hold,8.0,Hold,10.0,Hold,8.0,Hold,8.0,Hold,8.0,Hold,10.0,Hold,10.0
9/3/2023,23.42,0.7066102640533195,Hold,10.0,Hold,9.0,Hold,9.0,Hold,8.0,Hold,10.0,Hold,8.0,Hold,8.0,Hold,8.0,Hold,10.0,Hold,10.0
10/3/2023,22.95,0.6923639668395604,Hold,10.0,Hold,9.0,Hold,9.0,Hold,8.0,Hold,10.0,Hold,8.0,Hold,8.0,Hold,8.0,Hold,10.0,Hold,10.0
13/3/2023,22.95,0.4807196349043181,Hold,10.0,Hold,9.0,Hold,9.0,Hold,8.0,Hold,10.0,Hold,8.0,Hold,8.0,Hold,8.0,Hold,10.0,Hold,10.0
14/3/2023,24.05,0.6906237718131578,Hold,10.0,Hold,9.0,Hold,9.0,Hold,8.0,Hold,10.0,Hold,8.0,Hold,8.0,Hold,8.0,Hold,10.0,Hold,10.0
15/3/2023,24.21,0.5657386750778114,Buy,10.0,Hold,9.0,Hold,9.0,Hold,8.0,Hold,10.0,Hold,8.0,Hold,8.0,Hold,8.0,Hold,10.0,Hold,10.0
16/3/2023,25.52,0.8269069213972728,Hold,10.0,Hold,9.0,Hold,9.0,Hold,8.0,Hold,10.0,Hold,8.0,Hold,8.0,Hold,8.0,Hold,10.0,Hold,10.0
17/3/2023,25.71,0.4243434021997869,Hold,10.0,Hold,9.0,Hold,9.0,Hold,8.0,Hold,10.0,Hold,8.0,Hold,8.0,Hold,8.0,Hold,10.0,Hold,10.0
20/3/2023,25.88,0.6956889428085105,Hold,10.0,Hold,9.0,Hold,9.0,Hold,8.0,Hold,10.0,Hold,8.0,Hold,8.0,Hold,8.0,Hold,10.0,Hold,10.0
21/3/2023,26.18,0.6929521945765429,Hold,10.0,Hold,9.0,Hold,9.0,Hold,8.0,Hold,10.0,Hold,8.0,Hold,8.0,Hold,8.0,Hold,10.0,Hold,10.0
22/3/2023,26.45,0.5542568633749618,Hold,10.0,Hold,9.0,Hold,9.0,Hold,8.0,Hold,10.0,Hold,8.0,Hold,8.0,Hold,8.0,Hold,10.0,Hold,10.0
23/3/2023,27.17,0.661531227318048,Hold,10.0,Hold,9.0,Hold,9.0,Hold,8.0,Hold,10.0,Hold,8.0,Hold,8.0,Hold,8.0,Hold,10.0,Hold,10.0
24/3/2023,26.76,0.5737057035444468,Hold,10.0,Hold,9.0,Hold,9.0,Hold,8.0,Hold,10.0,Hold,8.0,Hold,8.0,Hold,8.0,Hold,10.0,Hold,10.0
27/3/2023,26.51,0.6575655435690079,Hold,10.0,Hold,9.0,Hold,9.0,Hold,8.0,Hold,10.0,Hold,8.0,Hold,8.0,Hold,8.0,Hold,10.0,Hold,10.0
28/3/2023,26.39,0.799993629411765,Hold,10.0,Hold,9.0,Hold,9.0,Hold,8.0,Hold,10.0,Hold,8.0,Hold,8.0,Hold,8.0,Hold,10.0,Hold,10.0
29/3/2023,26.96,0.1476844235121334,Hold,10.0,Hold,9.0,Hold,9.0,Hold,8.0,Hold,10.0,Hold,8.0,Hold,8.0,Hold,8.0,Hold,10.0,Hold,10.0
30/3/2023,27.36,0.6469287267898371,Hold,10.0,Hold,9.0,Hold,9.0,Hold,8.0,Hold,10.0,Hold,8.0,Hold,8.0,Hold,8.0,Hold,10.0,Hold,10.0
31/3/2023,27.76,0.222553437926325,Hold,10.0,Hold,9.0,Hold,9.0,Hold,8.0,Hold,10.0,Hold,8.0,Hold,8.0,Hold,8.0,Hold,10.0,Hold,10.0
3/4/2023,27.94,0.6616400063331526,Hold,10.0,Hold,9.0,Hold,9.0,Hold,8.0,Hold,10.0,Hold,8.0,Hold,8.0,Hold,8.0,Hold,10.0,Hold,10.0
4/4/2023,27.43,0.432215091534996,Hold,10.0,Hold,9.0,Sell,9.0,Hold,8.0,Hold,10.0,Hold,8.0,Hold,8.0,Hold,8.0,Hold,10.0,Hold,10.0
5/4/2023,26.86,0.3985637895380111,Sell,10.0,Hold,9.0,Hold,9.0,Hold,8.0,Hold,10.0,Hold,8.0,Hold,8.0,Hold,8.0,Hold,10.0,Hold,10.0
6/4/2023,27.02,0.1435802539317664,Hold,10.0,Hold,9.0,Hold,9.0,Hold,8.0,Hold,10.0,Hold,8.0,Hold,8.0,Hold,8.0,Hold,10.0,Hold,10.0
10/4/2023,27.56,0.8347091837106155,Hold,10.0,Hold,9.0,Hold,9.0,Hold,8.0,Hold,10.0,Hold,8.0,Hold,8.0,Hold,8.0,Hold,10.0,Hold,10.0
11/4/2023,27.15,0.1931721066848667,Hold,10.0,Hold,9.0,Hold,9.0,Hold,8.0,Hold,10.0,Hold,8.0,Hold,8.0,Hold,8.0,Hold,10.0,Hold,10.0
12/4/2023,26.48,0.4316390713381549,Hold,10.0,Hold,9.0,Hold,9.0,Hold,8.0,Hold,10.0,Hold,8.0,Hold,8.0,Hold,8.0,Hold,10.0,Hold,10.0
13/4/2023,26.44,0.9950893898039216,Hold,10.0,Hold,9.0,Hold,9.0,Hold,8.0,Hold,10.0,Sell,8.0,Sell,8.0,Hold,8.0,Hold,10.0,Hold,10.0
14/4/2023,26.74,0.8186226246425359,Hold,10.0,Hold,9.0,Hold,9.0,Hold,8.0,Hold,10.0,Sell,8.0,Hold,8.0,Hold,8.0,Hold,10.0,Hold,10.0
17/4/2023,26.98,0.2862627110470515,Hold,10.0,Hold,9.0,Hold,9.0,Hold,8.0,Hold,10.0,Hold,8.0,Hold,8.0,Hold,8.0,Hold,10.0,Hold,10.0
18/4/2023,27.65,0.3631252402487294,Hold,10.0,Hold,9.0,Hold,9.0,Hold,8.0,Buy,10.0,Buy,8.0,Hold,8.0,Hold,8.0,Hold,10.0,Hold,10.0
19/4/2023,27.91,0.3717016426041067,Hold,10.0,Hold,9.0,Hold,9.0,Hold,8.0,Hold,10.0,Hold,8.0,Hold,8.0,Hold,8.0,Hold,10.0,Hold,10.0
20/4/2023,27.08,0.424936702644567,Hold,10.0,Hold,9.0,Hold,9.0,Hold,8.0,Hold,10.0,Hold,8.0,Hold,8.0,Hold,8.0,Hold,10.0,Hold,10.0
21/4/2023,27.1,0.8034515437884606,Hold,10.0,Hold,9.0,Hold,9.0,Hold,8.0,Sell,10.0,Sell,8.0,Sell,8.0,Hold,8.0,Hold,10.0,Hold,10.0
24/4/2023,27.02,0.2082686119775524,Hold,10.0,Hold,9.0,Hold,9.0,Sell,8.0,Hold,10.0,Hold,8.0,Hold,8.0,Hold,8.0,Hold,10.0,Hold,10.0
25/4/2023,26.22,0.2393999546999847,Hold,10.0,Hold,9.0,Hold,9.0,Hold,8.0,Hold,10.0,Buy,8.0,Hold,8.0,Hold,8.0,Hold,10.0,Hold,10.0
26/4/2023,26.94,0.8500694956603773,Hold,10.0,Hold,9.0,Hold,9.0,Hold,8.0,Sell,10.0,Hold,8.0,Hold,8.0,Hold,8.0,Hold,10.0,Hold,10.0
27/4/2023,27.21,0.468500752567647,Hold,10.0,Hold,9.0,Hold,9.0,Buy,8.0,Buy,10.0,Hold,8.0,Hold,8.0,Hold,8.0,Hold,10.0,Hold,10.0
28/4/2023,27.73,0.8758536900000002,Buy,10.0,Hold,9.0,Hold,9.0,Hold,8.0,Hold,10.0,Buy,8.0,Buy,8.0,Hold,8.0,Hold,10.0,Hold,10.0
1/5/2023,28.89,0.478282257232353,Hold,10.0,Hold,9.0,Hold,9.0,Hold,8.0,Hold,10.0,Hold,8.0,Hold,8.0,Hold,8.0,Hold,10.0,Hold,10.0
2/5/2023,28.19,0.6823269145624999,Buy,10.0,Hold,9.0,Hold,9.0,Hold,8.0,Hold,10.0,Sell,8.0,Buy,8.0,Hold,8.0,Hold,10.0,Hold,10.0
3/5/2023,27.78,0.2908802220306,Sell,10.0,Hold,9.0,Hold,9.0,Hold,8.0,Hold,10.0,Buy,8.0,Hold,8.0,Hold,8.0,Hold,10.0,Hold,10.0
4/5/2023,27.54,0.8286483925806453,Hold,10.0,Hold,9.0,Hold,9.0,Hold,8.0,Hold,10.0,Hold,8.0,Hold,8.0,Hold,8.0,Hold,10.0,Hold,10.0
5/5/2023,28.66,0.3705431312580366,Hold,10.0,Hold,9.0,Hold,9.0,Hold,8.0,Hold,10.0,Hold,8.0,Hold,8.0,Hold,8.0,Hold,10.0,Hold,10.0
8/5/2023,29.13,0.5434396024745518,Buy,10.0,Hold,9.0,Hold,9.0,Hold,8.0,Hold,10.0,Hold,8.0,Hold,8.0,Hold,8.0,Hold,10.0,Hold,10.0
9/5/2023,28.55,0.5094677911233285,Hold,10.0,Hold,9.0,Hold,9.0,Hold,8.0,Hold,10.0,Hold,8.0,Hold,8.0,Hold,8.0,Hold,10.0,Hold,10.0
10/5/2023,28.86,0.7010993467324412,Hold,10.0,Hold,9.0,Hold,9.0,Hold,8.0,Hold,10.0,Hold,8.0,Hold,8.0,Hold,8.0,Hold,10.0,Hold,10.0
11/5/2023,28.56,0.7512112237470208,Hold,10.0,Hold,9.0,Hold,9.0,Hold,8.0,Hold,10.0,Hold,8.0,Hold,8.0,Hold,8.0,Hold,10.0,Hold,10.0
12/5/2023,28.32,0.4200282216827586,Hold,10.0,Hold,9.0,Hold,9.0,Hold,8.0,Hold,10.0,Hold,8.0,Hold,8.0,Hold,8.0,Hold,10.0,Hold,10.0
15/5/2023,28.93,0.0024753612783912,Hold,10.0,Hold,9.0,Hold,9.0,Hold,8.0,Hold,10.0,Hold,8.0,Hold,8.0,Hold,8.0,Hold,10.0,Hold,10.0
16/5/2023,29.19,0.5230579866972529,Hold,10.0,Hold,9.0,Hold,9.0,Hold,8.0,Hold,10.0,Hold,8.0,Hold,8.0,Hold,8.0,Hold,10.0,Hold,10.0
17/5/2023,30.16,0.5554325714181356,Hold,10.0,Hold,9.0,Hold,9.0,Hold,8.0,Hold,10.0,Hold,8.0,Hold,8.0,Hold,8.0,Hold,10.0,Hold,10.0
18/5/2023,31.66,0.6132320519293769,Hold,10.0,Hold,9.0,Hold,9.0,Hold,8.0,Hold,10.0,Hold,8.0,Hold,8.0,Hold,8.0,Hold,10.0,Hold,10.0
19/5/2023,31.24,0.6351934383527849,Hold,10.0,Hold,9.0,Hold,9.0,Hold,8.0,Hold,10.0,Hold,8.0,Hold,8.0,Hold,8.0,Hold,10.0,Hold,10.0
22/5/2023,31.15,0.5526316742419354,Hold,10.0,Hold,9.0,Hold,9.0,Hold,8.0,Hold,10.0,Hold,8.0,Hold,8.0,Hold,8.0,Hold,10.0,Hold,10.0
23/5/2023,30.67,0.3999131433150229,Hold,10.0,Hold,9.0,Hold,9.0,Hold,8.0,Hold,10.0,Hold,8.0,Hold,8.0,Hold,8.0,Hold,10.0,Hold,10.0
24/5/2023,30.52,0.3842412468644748,Hold,10.0,Hold,9.0,Hold,9.0,Hold,8.0,Hold,10.0,Hold,8.0,Hold,8.0,Hold,8.0,Hold,10.0,Hold,10.0
25/5/2023,37.95,0.4443733327183942,Hold,10.0,Hold,9.0,Hold,9.0,Hold,8.0,Hold,10.0,Hold,8.0,Hold,8.0,Hold,8.0,Hold,10.0,Hold,10.0
26/5/2023,38.92,0.4977386752853627,Hold,10.0,Hold,9.0,Hold,9.0,Hold,8.0,Hold,10.0,Hold,8.0,Hold,8.0,Hold,8.0,Hold,10.0,Hold,10.0
30/5/2023,40.08,0.5354088106778134,Hold,10.0,Hold,9.0,Hold,9.0,Hold,8.0,Hold,10.0,Hold,8.0,Hold,8.0,Hold,8.0,Hold,10.0,Hold,10.0
31/5/2023,37.81,0.5743774584899495,Hold,10.0,Hold,9.0,Hold,9.0,Hold,8.0,Hold,10.0,Hold,8.0,Hold,8.0,Hold,8.0,Hold,10.0,Hold,10.0
1/6/2023,39.74,0.4451689975987926,Hold,10.0,Hold,9.0,Hold,9.0,Hold,8.0,Hold,10.0,Hold,8.0,Hold,8.0,Hold,8.0,Hold,10.0,Hold,10.0
2/6/2023,39.3,0.3991969335628296,Hold,10.0,Hold,9.0,Hold,9.0,Hold,8.0,Hold,10.0,Hold,8.0,Hold,8.0,Hold,8.0,Hold,10.0,Hold,10.0
5/6/2023,39.14,0.7129003516191286,Hold,10.0,Hold,9.0,Sell,9.0,Hold,8.0,Hold,10.0,Hold,8.0,Hold,8.0,Hold,8.0,Hold,10.0,Hold,10.0
6/6/2023,38.63,0.0872273658096857,Hold,10.0,Hold,9.0,Sell,9.0,Hold,8.0,Hold,10.0,Hold,8.0,Hold,8.0,Hold,8.0,Hold,10.0,Hold,10.0
7/6/2023,37.45,0.8979189146666668,Hold,10.0,Hold,9.0,Hold,9.0,Hold,8.0,Hold,10.0,Hold,8.0,Hold,8.0,Hold,8.0,Hold,10.0,Hold,10.0
8/6/2023,38.49,0.4767169133132361,Hold,10.0,Hold,9.0,Hold,9.0,Hold,8.0,Hold,10.0,Hold,8.0,Hold,8.0,Hold,8.0,Hold,10.0,Hold,10.0
9/6/2023,38.75,0.4181862398473859,Hold,10.0,Hold,9.0,Sell,9.0,Hold,8.0,Hold,10.0,Hold,8.0,Hold,8.0,Hold,8.0,Hold,10.0,Hold,10.0
12/6/2023,39.46,0.7742184470491804,Hold,10.0,Hold,9.0,Sell,9.0,Hold,8.0,Hold,10.0,Hold,8.0,Hold,8.0,Hold,8.0,Hold,10.0,Hold,10.0
13/6/2023,41.0,0.6270813297686583,Hold,10.0,Hold,9.0,Sell,9.0,Hold,8.0,Hold,10.0,Hold,8.0,Hold,8.0,Hold,8.0,Hold,10.0,Hold,10.0
14/6/2023,42.97,0.479919673396469,Hold,10.0,Hold,9.0,Sell,9.0,Hold,8.0,Hold,10.0,Hold,8.0,Hold,8.0,Hold,8.0,Hold,10.0,Hold,10.0
15/6/2023,42.63,0.4034543278385618,Hold,10.0,Hold,9.0,Hold,9.0,Hold,8.0,Hold,10.0,Hold,8.0,Hold,8.0,Hold,8.0,Hold,10.0,Hold,10.0
16/6/2023,42.67,0.5043769552920441,Hold,10.0,Hold,9.0,Hold,9.0,Hold,8.0,Hold,10.0,Hold,8.0,Hold,8.0,Hold,8.0,Hold,10.0,Hold,10.0
20/6/2023,43.78,0.5958116960459987,Hold,10.0,Hold,9.0,Hold,9.0,Hold,8.0,Hold,10.0,Hold,8.0,Hold,8.0,Hold,8.0,Hold,10.0,Hold,10.0
21/6/2023,43.02,0.5607898619222064,Hold,10.0,Hold,9.0,Sell,9.0,Hold,8.0,Hold,10.0,Hold,8.0,Hold,8.0,Hold,8.0,Hold,10.0,Hold,10.0
22/6/2023,43.0,0.3511134963888736,Hold,10.0,Hold,9.0,Hold,9.0,Hold,8.0,Hold,10.0,Hold,8.0,Hold,8.0,Hold,8.0,Hold,10.0,Hold,10.0
23/6/2023,42.18,0.5587105095227275,Sell,10.0,Hold,9.0,Hold,9.0,Hold,8.0,Hold,10.0,Hold,8.0,Hold,8.0,Hold,8.0,Hold,10.0,Hold,10.0
26/6/2023,40.61,0.5592807046492984,Hold,10.0,Hold,9.0,Hold,9.0,Hold,8.0,Hold,10.0,Hold,8.0,Hold,8.0,Hold,8.0,Hold,10.0,Hold,10.0
27/6/2023,41.85,0.5120335453044956,Hold,10.0,Hold,9.0,Hold,9.0,Hold,8.0,Hold,10.0,Sell,8.0,Hold,8.0,Hold,8.0,Hold,10.0,Hold,10.0
28/6/2023,41.09,0.5504569775846839,Hold,10.0,Hold,9.0,Hold,9.0,Hold,8.0,Hold,10.0,Hold,8.0,Hold,8.0,Hold,8.0,Hold,10.0,Hold,10.0
29/6/2023,40.8,0.3589203811808661,Hold,10.0,Hold,9.0,Hold,9.0,Hold,8.0,Hold,10.0,Sell,8.0,Hold,8.0,Hold,8.0,Hold,10.0,Hold,10.0
30/6/2023,42.28,0.7637546937679467,Hold,10.0,Hold,9.0,Hold,9.0,Hold,8.0,Hold,10.0,Hold,8.0,Hold,8.0,Hold,8.0,Hold,10.0,Hold,10.0
3/7/2023,42.39,0.6252756770158264,Hold,10.0,Hold,9.0,Hold,9.0,Hold,8.0,Hold,10.0,Buy,8.0,Hold,8.0,Hold,8.0,Hold,10.0,Hold,10.0
5/7/2023,42.29,0.5796635782769239,Hold,10.0,Hold,9.0,Hold,9.0,Hold,8.0,Hold,10.0,Hold,8.0,Hold,8.0,Hold,8.0,Hold,10.0,Hold,10.0
6/7/2023,42.08,0.2011305962476903,Hold,10.0,Hold,9.0,Hold,9.0,Hold,8.0,Hold,10.0,Hold,8.0,Hold,8.0,Hold,8.0,Hold,10.0,Hold,10.0
7/7/2023,42.48,-0.0041321529725216,Hold,10.0,Hold,9.0,Hold,9.0,Hold,8.0,Hold,10.0,Hold,8.0,Hold,8.0,Hold,8.0,Hold,10.0,Hold,10.0
10/7/2023,42.15,0.4180711286221272,Hold,10.0,Hold,9.0,Hold,9.0,Hold,8.0,Hold,10.0,Hold,8.0,Hold,8.0,Hold,8.0,Hold,10.0,Hold,10.0
11/7/2023,42.38,0.2962369308016949,Hold,10.0,Hold,9.0,Hold,9.0,Hold,8.0,Hold,10.0,Hold,8.0,Hold,8.0,Hold,8.0,Hold,10.0,Hold,10.0
12/7/2023,43.87,0.7903440041170328,Hold,10.0,Hold,9.0,Hold,9.0,Hold,8.0,Hold,10.0,Hold,8.0,Hold,8.0,Hold,8.0,Hold,10.0,Hold,10.0
13/7/2023,45.95,0.5847869190121573,Hold,10.0,Hold,9.0,Hold,9.0,Hold,8.0,Hold,10.0,Hold,8.0,Hold,8.0,Hold,8.0,Hold,10.0,Hold,10.0
14/7/2023,45.44,0.5059185199054052,Hold,10.0,Hold,9.0,Hold,9.0,Hold,8.0,Hold,10.0,Hold,8.0,Hold,8.0,Hold,8.0,Hold,10.0,Hold,10.0
17/7/2023,46.43,0.7766168233746678,Hold,10.0,Hold,9.0,Hold,9.0,Hold,8.0,Hold,10.0,Hold,8.0,Buy,8.0,Hold,8.0,Hold,10.0,Hold,10.0
18/7/2023,47.46,0.6007154476585582,Hold,10.0,Hold,9.0,Hold,9.0,Hold,8.0,Hold,10.0,Hold,8.0,Hold,8.0,Hold,8.0,Hold,10.0,Hold,10.0
19/7/2023,47.05,0.7670368802490176,Hold,10.0,Hold,9.0,Hold,9.0,Hold,8.0,Hold,10.0,Hold,8.0,Hold,8.0,Hold,8.0,Hold,10.0,Hold,10.0
20/7/2023,45.49,0.5350573927026798,Hold,10.0,Hold,9.0,Sell,9.0,Hold,8.0,Hold,10.0,Hold,8.0,Hold,8.0,Hold,8.0,Hold,10.0,Hold,10.0
21/7/2023,44.28,0.7342093868333333,Sell,10.0,Hold,9.0,Hold,9.0,Hold,8.0,Hold,10.0,Hold,8.0,Hold,8.0,Hold,8.0,Hold,10.0,Hold,10.0
24/7/2023,44.58,0.5392792953932669,Hold,10.0,Hold,9.0,Hold,9.0,Hold,8.0,Hold,10.0,Sell,8.0,Hold,8.0,Hold,8.0,Hold,10.0,Hold,10.0
25/7/2023,45.65,0.4255283845048052,Hold,10.0,Hold,9.0,Hold,9.0,Hold,8.0,Hold,10.0,Hold,8.0,Hold,8.0,Hold,8.0,Hold,10.0,Hold,10.0
26/7/2023,45.42,0.5406338517376674,Hold,10.0,Hold,9.0,Hold,9.0,Hold,8.0,Hold,10.0,Buy,8.0,Hold,8.0,Hold,8.0,Hold,10.0,Hold,10.0
27/7/2023,45.87,0.944859590681875,Hold,10.0,Hold,9.0,Hold,9.0,Hold,8.0,Hold,10.0,Hold,8.0,Hold,8.0,Hold,8.0,Hold,10.0,Hold,10.0
28/7/2023,46.72,0.6966945076065815,Hold,10.0,Hold,9.0,Hold,9.0,Hold,8.0,Hold,10.0,Hold,8.0,Hold,8.0,Hold,8.0,Hold,10.0,Hold,10.0
31/7/2023,46.7,0.5632342974434483,Hold,10.0,Hold,9.0,Hold,9.0,Hold,8.0,Hold,10.0,Sell,8.0,Hold,8.0,Hold,8.0,Hold,10.0,Hold,10.0
1/8/2023,46.48,0.5335320873424999,Hold,10.0,Hold,9.0,Hold,9.0,Hold,8.0,Hold,10.0,Hold,8.0,Hold,8.0,Hold,8.0,Hold,10.0,Hold,10.0
2/8/2023,44.24,0.7435058508327013,Hold,10.0,Hold,9.0,Hold,9.0,Hold,8.0,Hold,10.0,Hold,8.0,Hold,8.0,Hold,8.0,Hold,10.0,Hold,10.0
3/8/2023,44.49,0.5106579325082659,Hold,10.0,Sell,9.0,Hold,9.0,Sell,8.0,Sell,10.0,Sell,8.0,Sell,8.0,Sell,8.0,Sell,10.0,Hold,10.0
4/8/2023,44.65,0.4137596384094914,Hold,10.0,Hold,9.0,Hold,9.0,Hold,8.0,Hold,10.0,Buy,8.0,Hold,8.0,Hold,8.0,Hold,10.0,Buy,10.0
7/8/2023,45.39,0.483443338845481,Hold,10.0,Hold,9.0,Hold,9.0,Hold,8.0,Hold,10.0,Hold,8.0,Hold,8.0,Hold,8.0,Hold,10.0,Hold,10.0
8/8/2023,44.64,0.712380021102831,Hold,10.0,Hold,9.0,Hold,9.0,Hold,8.0,Buy,10.0,Hold,8.0,Hold,8.0,Hold,8.0,Buy,10.0,Hold,10.0
9/8/2023,42.53,0.5397375997482967,Hold,10.0,Sell,9.0,Hold,9.0,Hold,8.0,Sell,10.0,Sell,8.0,Hold,8.0,Sell,8.0,Sell,10.0,Hold,10.0
10/8/2023,42.36,0.3640060402834839,Hold,10.0,Hold,9.0,Hold,9.0,Hold,8.0,Hold,10.0,Sell,8.0,Hold,8.0,Hold,8.0,Hold,10.0,Sell,10.0
11/8/2023,40.83,0.6816391880176691,Hold,10.0,Sell,9.0,Hold,9.0,Hold,8.0,Hold,10.0,Hold,8.0,Hold,8.0,Hold,8.0,Hold,10.0,Hold,10.0
14/8/2023,43.73,0.4469483041081666,Hold,10.0,Hold,9.0,Hold,9.0,Hold,8.0,Hold,10.0,Hold,8.0,Hold,8.0,Hold,8.0,Sell,10.0,Hold,10.0
15/8/2023,43.91,0.5010646026788874,Hold,10.0,Hold,9.0,Hold,9.0,Hold,8.0,Hold,10.0,Hold,8.0,Hold,8.0,Hold,8.0,Buy,10.0,Buy,10.0
16/8/2023,43.46,0.2812084050424687,Buy,10.0,Buy,9.0,Hold,9.0,Hold,8.0,Buy,10.0,Buy,8.0,Hold,8.0,Hold,8.0,Hold,10.0,Hold,10.0
17/8/2023,43.32,0.4505010619331155,Hold,10.0,Hold,9.0,Hold,9.0,Hold,8.0,Hold,10.0,Hold,8.0,Hold,8.0,Hold,8.0,Hold,10.0,Hold,10.0
18/8/2023,43.27,0.5786198074608457,Hold,10.0,Hold,9.0,Hold,9.0,Hold,8.0,Hold,10.0,Hold,8.0,Hold,8.0,Hold,8.0,Hold,10.0,Hold,10.0
21/8/2023,46.94,0.7080385870382367,Hold,10.0,Hold,9.0,Hold,9.0,Hold,8.0,Hold,10.0,Hold,8.0,Hold,8.0,Hold,8.0,Hold,10.0,Hold,10.0
22/8/2023,45.64,0.4513737125022179,Buy,10.0,Buy,9.0,Hold,9.0,Buy,8.0,Buy,10.0,Buy,8.0,Buy,8.0,Buy,8.0,Hold,10.0,Hold,10.0
23/8/2023,47.09,0.4378373946142012,Hold,10.0,Hold,9.0,Hold,9.0,Hold,8.0,Hold,10.0,Hold,8.0,Hold,8.0,Hold,8.0,Hold,10.0,Hold,10.0
24/8/2023,47.13,0.3594012826739594,Hold,10.0,Hold,9.0,Hold,9.0,Hold,8.0,Hold,10.0,Hold,8.0,Hold,8.0,Hold,8.0,Hold,10.0,Hold,10.0
25/8/2023,45.99,0.5051778434957841,Hold,10.0,Hold,9.0,Hold,9.0,Hold,8.0,Hold,10.0,Hold,8.0,Hold,8.0,Hold,8.0,Hold,10.0,Hold,10.0
28/8/2023,46.81,0.3546713841778641,Hold,10.0,Hold,9.0,Hold,9.0,Hold,8.0,Hold,10.0,Hold,8.0,Hold,8.0,Hold,8.0,Hold,10.0,Hold,10.0
29/8/2023,48.75,0.40502628871494,Hold,10.0,Hold,9.0,Hold,9.0,Hold,8.0,Hold,10.0,Hold,8.0,Hold,8.0,Hold,8.0,Hold,10.0,Hold,10.0
30/8/2023,49.23,0.2768269576292615,Hold,10.0,Hold,9.0,Hold,9.0,Hold,8.0,Hold,10.0,Hold,8.0,Hold,8.0,Hold,8.0,Hold,10.0,Hold,10.0
31/8/2023,49.32,0.2889654704629416,Hold,10.0,Hold,9.0,Hold,9.0,Hold,8.0,Hold,10.0,Hold,8.0,Hold,8.0,Hold,8.0,Hold,10.0,Hold,10.0
1/9/2023,48.48,0.4012410883394895,Hold,10.0,Hold,9.0,Hold,9.0,Hold,8.0,Hold,10.0,Hold,8.0,Hold,8.0,Hold,8.0,Hold,10.0,Hold,10.0
5/9/2023,48.52,0.5003258657566644,Hold,10.0,Hold,9.0,Hold,9.0,Hold,8.0,Hold,10.0,Hold,8.0,Hold,8.0,Hold,8.0,Hold,10.0,Hold,10.0
6/9/2023,47.04,0.6218901554743469,Hold,10.0,Hold,9.0,Hold,9.0,Hold,8.0,Hold,10.0,Hold,8.0,Hold,8.0,Hold,8.0,Hold,10.0,Hold,10.0
7/9/2023,46.22,0.6825205417685979,Sell,10.0,Sell,9.0,Hold,9.0,Hold,8.0,Sell,10.0,Sell,8.0,Hold,8.0,Hold,8.0,Sell,10.0,Hold,10.0
8/9/2023,45.55,0.5805189442772615,Hold,10.0,Hold,9.0,Hold,9.0,Sell,8.0,Hold,10.0,Hold,8.0,Hold,8.0,Sell,8.0,Hold,10.0,Hold,10.0
11/9/2023,45.15,0.3036016417053662,Hold,10.0,Hold,9.0,Hold,9.0,Hold,8.0,Hold,10.0,Hold,8.0,Hold,8.0,Hold,8.0,Hold,10.0,Hold,10.0
12/9/2023,44.85,0.7799662825168725,Hold,10.0,Hold,9.0,Hold,9.0,Hold,8.0,Hold,10.0,Hold,8.0,Hold,8.0,Hold,8.0,Hold,10.0,Hold,10.0
13/9/2023,45.46,0.6581171012426258,Hold,10.0,Hold,9.0,Hold,9.0,Hold,8.0,Hold,10.0,Hold,8.0,Hold,8.0,Hold,8.0,Hold,10.0,Sell,10.0
14/9/2023,45.56,0.7417162912838896,Hold,10.0,Hold,9.0,Hold,9.0,Hold,8.0,Hold,10.0,Hold,8.0,Hold,8.0,Hold,8.0,Hold,10.0,Hold,10.0
15/9/2023,43.88,0.2370859012999999,Hold,10.0,Hold,9.0,Hold,9.0,Hold,8.0,Hold,10.0,Hold,8.0,Hold,8.0,Hold,8.0,Hold,10.0,Hold,10.0
18/9/2023,43.94,0.6030684457140358,Hold,10.0,Hold,9.0,Hold,9.0,Hold,8.0,Hold,10.0,Hold,8.0,Hold,8.0,Hold,8.0,Hold,10.0,Hold,10.0
19/9/2023,43.5,0.5168013883333333,Hold,10.0,Hold,9.0,Hold,9.0,Hold,8.0,Hold,10.0,Hold,8.0,Hold,8.0,Hold,8.0,Hold,10.0,Hold,10.0
20/9/2023,42.22,0.5100152228047954,Hold,10.0,Hold,9.0,Hold,9.0,Hold,8.0,Hold,10.0,Hold,8.0,Hold,8.0,Hold,8.0,Hold,10.0,Hold,10.0
21/9/2023,41.0,0.6177212941946666,Hold,10.0,Hold,9.0,Hold,9.0,Hold,8.0,Hold,10.0,Hold,8.0,Hold,8.0,Hold,8.0,Hold,10.0,Hold,10.0
22/9/2023,41.59,0.087259664087168,Hold,10.0,Hold,9.0,Hold,9.0,Hold,8.0,Hold,10.0,Hold,8.0,Hold,8.0,Hold,8.0,Hold,10.0,Hold,10.0
25/9/2023,42.2,0.9901076417391304,Hold,10.0,Hold,9.0,Buy,9.0,Hold,8.0,Hold,10.0,Hold,8.0,Hold,8.0,Hold,8.0,Hold,10.0,Hold,10.0
26/9/2023,41.89,0.4028510804901739,Hold,10.0,Hold,9.0,Buy,9.0,Hold,8.0,Hold,10.0,Hold,8.0,Hold,8.0,Hold,8.0,Hold,10.0,Hold,10.0
27/9/2023,42.45,0.3718192221779192,Hold,10.0,Hold,9.0,Buy,9.0,Hold,8.0,Hold,10.0,Hold,8.0,Hold,8.0,Hold,8.0,Hold,10.0,Hold,10.0
28/9/2023,43.07,0.6739235313902114,Hold,10.0,Hold,9.0,Hold,9.0,Hold,8.0,Hold,10.0,Hold,8.0,Hold,8.0,Hold,8.0,Hold,10.0,Hold,10.0
29/9/2023,43.48,0.6507443919797823,Hold,10.0,Hold,9.0,Hold,9.0,Hold,8.0,Hold,10.0,Hold,8.0,Hold,8.0,Hold,8.0,Hold,10.0,Hold,10.0
2/10/2023,44.76,0.3032467864424882,Buy,10.0,Buy,9.0,Hold,9.0,Hold,8.0,Buy,10.0,Buy,8.0,Buy,8.0,Hold,8.0,Buy,10.0,Hold,10.0
3/10/2023,43.49,0.3731630445352113,Hold,10.0,Hold,9.0,Hold,9.0,Buy,8.0,Hold,10.0,Hold,8.0,Hold,8.0,Buy,8.0,Hold,10.0,Buy,10.0
4/10/2023,44.02,0.5576996015108439,Hold,10.0,Hold,9.0,Hold,9.0,Hold,8.0,Hold,10.0,Hold,8.0,Hold,8.0,Hold,8.0,Hold,10.0,Hold,10.0
5/10/2023,44.66,0.6685441173333334,Hold,10.0,Hold,9.0,Hold,9.0,Buy,8.0,Hold,10.0,Hold,8.0,Hold,8.0,Buy,8.0,Hold,10.0,Hold,10.0
6/10/2023,45.74,0.5121277511815618,Hold,10.0,Hold,9.0,Hold,9.0,Hold,8.0,Hold,10.0,Hold,8.0,Hold,8.0,Hold,8.0,Hold,10.0,Hold,10.0
9/10/2023,45.25,0.4307972460792308,Hold,10.0,Hold,9.0,Hold,9.0,Hold,8.0,Hold,10.0,Hold,8.0,Hold,8.0,Hold,8.0,Hold,10.0,Hold,10.0
10/10/2023,45.77,0.3075312195851196,Hold,10.0,Hold,9.0,Hold,9.0,Hold,8.0,Hold,10.0,Hold,8.0,Hold,8.0,Hold,8.0,Hold,10.0,Hold,10.0
11/10/2023,46.78,0.5403564213467023,Hold,10.0,Hold,9.0,Sell,9.0,Hold,8.0,Hold,10.0,Hold,8.0,Hold,8.0,Hold,8.0,Hold,10.0,Hold,10.0
12/10/2023,46.92,0.4328452078202151,Hold,10.0,Hold,9.0,Sell,9.0,Hold,8.0,Hold,10.0,Hold,8.0,Hold,8.0,Hold,8.0,Hold,10.0,Hold,10.0
13/10/2023,45.44,0.6365052857865822,Hold,10.0,Hold,9.0,Hold,9.0,Hold,8.0,Hold,10.0,Hold,8.0,Hold,8.0,Hold,8.0,Hold,10.0,Hold,10.0
16/10/2023,46.07,0.31681313578125,Hold,10.0,Hold,9.0,Hold,9.0,Hold,8.0,Hold,10.0,Hold,8.0,Hold,8.0,Hold,8.0,Hold,10.0,Hold,10.0
17/10/2023,43.91,0.5605764780684044,Hold,10.0,Hold,9.0,Hold,9.0,Hold,8.0,Hold,10.0,Hold,8.0,Hold,8.0,Hold,8.0,Hold,10.0,Hold,10.0
18/10/2023,42.17,0.0304162725418268,Sell,10.0,Sell,9.0,Hold,9.0,Sell,8.0,Sell,10.0,Sell,8.0,Sell,8.0,Sell,8.0,Sell,10.0,Sell,10.0
19/10/2023,42.08,0.6935257211111112,Hold,10.0,Hold,9.0,Hold,9.0,Hold,8.0,Hold,10.0,Hold,8.0,Hold,8.0,Hold,8.0,Hold,10.0,Hold,10.0
20/10/2023,41.36,0.2105738978495654,Hold,10.0,Hold,9.0,Hold,9.0,Hold,8.0,Hold,10.0,Hold,8.0,Hold,8.0,Hold,8.0,Hold,10.0,Hold,10.0
23/10/2023,42.95,0.5939076910534432,Hold,10.0,Hold,9.0,Hold,9.0,Hold,8.0,Hold,10.0,Hold,8.0,Hold,8.0,Hold,8.0,Hold,10.0,Hold,10.0
24/10/2023,43.64,0.3033601941920363,Hold,10.0,Hold,9.0,Hold,9.0,Hold,8.0,Hold,10.0,Hold,8.0,Hold,8.0,Hold,8.0,Hold,10.0,Hold,10.0
25/10/2023,41.76,0.5740752835852309,Hold,10.0,Hold,9.0,Hold,9.0,Hold,8.0,Hold,10.0,Hold,8.0,Hold,8.0,Hold,8.0,Hold,10.0,Hold,10.0
26/10/2023,40.3,0.2032459893506493,Hold,10.0,Hold,9.0,Hold,9.0,Hold,8.0,Hold,10.0,Hold,8.0,Hold,8.0,Hold,8.0,Hold,10.0,Hold,10.0
27/10/2023,40.48,1.3573716185326275e-06,Hold,10.0,Hold,9.0,Hold,9.0,Hold,8.0,Hold,10.0,Hold,8.0,Hold,8.0,Hold,8.0,Hold,10.0,Hold,10.0
30/10/2023,41.14,0.4772518778775133,Hold,10.0,Hold,9.0,Hold,9.0,Hold,8.0,Hold,10.0,Hold,8.0,Hold,8.0,Hold,8.0,Hold,10.0,Hold,10.0
31/10/2023,40.76,0.3227398443835617,Hold,10.0,Hold,9.0,Buy,9.0,Hold,8.0,Hold,10.0,Hold,8.0,Hold,8.0,Hold,8.0,Hold,10.0,Hold,10.0
1/11/2023,42.3,0.2079079731548001,Hold,10.0,Hold,9.0,Hold,9.0,Hold,8.0,Hold,10.0,Hold,8.0,Hold,8.0,Hold,8.0,Hold,10.0,Hold,10.0
2/11/2023,43.48,0.2497315427432783,Buy,10.0,Buy,9.0,Hold,9.0,Hold,8.0,Buy,10.0,Buy,8.0,Buy,8.0,Hold,8.0,Buy,10.0,Hold,10.0
3/11/2023,44.98,0.4739366659254238,Hold,10.0,Hold,9.0,Hold,9.0,Buy,8.0,Hold,10.0,Hold,8.0,Hold,8.0,Buy,8.0,Hold,10.0,Buy,10.0
6/11/2023,45.73,0.729648655027085,Hold,10.0,Hold,9.0,Hold,9.0,Hold,8.0,Hold,10.0,Hold,8.0,Hold,8.0,Hold,8.0,Hold,10.0,Hold,10.0
7/11/2023,45.93,0.6405523166666668,Hold,10.0,Hold,9.0,Hold,9.0,Hold,8.0,Hold,10.0,Hold,8.0,Hold,8.0,Hold,8.0,Hold,10.0,Hold,10.0
8/11/2023,46.55,0.435123944,Hold,10.0,Hold,9.0,Hold,9.0,Hold,8.0,Hold,10.0,Hold,8.0,Hold,8.0,Hold,8.0,Hold,10.0,Hold,10.0
9/11/2023,46.92,0.8226934436767105,Hold,10.0,Hold,9.0,Hold,9.0,Hold,8.0,Hold,10.0,Hold,8.0,Hold,8.0,Hold,8.0,Hold,10.0,Hold,10.0
10/11/2023,48.31,0.6495372564259569,Hold,10.0,Hold,9.0,Hold,9.0,Hold,8.0,Hold,10.0,Hold,8.0,Hold,8.0,Hold,8.0,Hold,10.0,Hold,10.0
13/11/2023,48.59,0.6334607872159818,Hold,10.0,Hold,9.0,Hold,9.0,Hold,8.0,Hold,10.0,Hold,8.0,Hold,8.0,Hold,8.0,Hold,10.0,Hold,10.0
14/11/2023,49.63,0.6329179733050574,Hold,10.0,Hold,9.0,Hold,9.0,Hold,8.0,Hold,10.0,Hold,8.0,Hold,8.0,Hold,8.0,Hold,10.0,Hold,10.0
15/11/2023,48.86,0.5673004209166991,Hold,10.0,Hold,9.0,Hold,9.0,Hold,8.0,Hold,10.0,Hold,8.0,Hold,8.0,Hold,8.0,Hold,10.0,Hold,10.0
16/11/2023,49.45,0.6617275358356202,Hold,10.0,Hold,9.0,Hold,9.0,Hold,8.0,Hold,10.0,Hold,8.0,Hold,8.0,Hold,8.0,Hold,10.0,Hold,10.0
17/11/2023,49.27,0.7071499402810532,Hold,10.0,Hold,9.0,Hold,9.0,Hold,8.0,Hold,10.0,Hold,8.0,Hold,8.0,Hold,8.0,Hold,10.0,Hold,10.0
20/11/2023,50.38,0.6303168899569558,Hold,10.0,Hold,9.0,Sell,9.0,Hold,8.0,Hold,10.0,Hold,8.0,Hold,8.0,Hold,8.0,Hold,10.0,Hold,10.0
21/11/2023,49.92,0.498709214206577,Hold,10.0,Hold,9.0,Sell,9.0,Hold,8.0,Hold,10.0,Hold,8.0,Hold,8.0,Hold,8.0,Hold,10.0,Hold,10.0
22/11/2023,48.69,0.2628992428979211,Hold,10.0,Hold,9.0,Sell,9.0,Hold,8.0,Hold,10.0,Hold,8.0,Hold,8.0,Hold,8.0,Hold,10.0,Hold,10.0
24/11/2023,47.75,0.163394371946214,Hold,10.0,Hold,9.0,Hold,9.0,Hold,8.0,Hold,10.0,Hold,8.0,Hold,8.0,Hold,8.0,Hold,10.0,Hold,10.0
27/11/2023,48.22,0.0783954967325817,Sell,10.0,Hold,9.0,Hold,9.0,Hold,8.0,Sell,10.0,Sell,8.0,Sell,8.0,Hold,8.0,Sell,10.0,Hold,10.0
28/11/2023,47.8,0.6162018004234042,Hold,10.0,Hold,9.0,Hold,9.0,Hold,8.0,Hold,10.0,Hold,8.0,Hold,8.0,Hold,8.0,Buy,10.0,Hold,10.0
29/11/2023,48.11,0.4844941713217247,Hold,10.0,Hold,9.0,Hold,9.0,Hold,8.0,Sell,10.0,Sell,8.0,Sell,8.0,Hold,8.0,Sell,10.0,Hold,10.0
30/11/2023,46.75,0.3715958246691177,Hold,10.0,Hold,9.0,Hold,9.0,Hold,8.0,Hold,10.0,Hold,8.0,Hold,8.0,Hold,8.0,Hold,10.0,Sell,10.0
1/12/2023,46.74,0.3377339357899455,Hold,10.0,Hold,9.0,Hold,9.0,Sell,8.0,Sell,10.0,Hold,8.0,Hold,8.0,Hold,8.0,Hold,10.0,Hold,10.0
4/12/2023,45.49,0.4338488133041043,Hold,10.0,Hold,9.0,Hold,9.0,Hold,8.0,Hold,10.0,Hold,8.0,Hold,8.0,Hold,8.0,Hold,10.0,Hold,10.0
5/12/2023,46.55,0.6364782041620161,Hold,10.0,Hold,9.0,Hold,9.0,Hold,8.0,Hold,10.0,Hold,8.0,Hold,8.0,Hold,8.0,Sell,10.0,Hold,10.0
6/12/2023,45.48,0.7587249411249493,Hold,10.0,Hold,9.0,Hold,9.0,Sell,8.0,Hold,10.0,Hold,8.0,Sell,8.0,Hold,8.0,Buy,10.0,Buy,10.0
7/12/2023,46.58,0.4823068262145196,Hold,10.0,Hold,9.0,Hold,9.0,Hold,8.0,Hold,10.0,Hold,8.0,Hold,8.0,Hold,8.0,Sell,10.0,Hold,10.0
8/12/2023,47.48,0.5783341426259042,Hold,10.0,Hold,9.0,Hold,9.0,Hold,8.0,Hold,10.0,Hold,8.0,Hold,8.0,Hold,8.0,Buy,10.0,Buy,10.0
11/12/2023,46.61,0.5576671139932659,Buy,10.0,Hold,9.0,Hold,9.0,Hold,8.0,Buy,10.0,Buy,8.0,Hold,8.0,Hold,8.0,Hold,10.0,Hold,10.0
12/12/2023,47.64,0.6562419682174128,Hold,10.0,Hold,9.0,Hold,9.0,Hold,8.0,Sell,10.0,Hold,8.0,Hold,8.0,Hold,8.0,Hold,10.0,Hold,10.0
13/12/2023,48.07,0.745607403797,Buy,10.0,Hold,9.0,Hold,9.0,Buy,8.0,Buy,10.0,Buy,8.0,Buy,8.0,Hold,8.0,Hold,10.0,Hold,10.0
14/12/2023,48.33,0.5365183967,Hold,10.0,Hold,9.0,Hold,9.0,Hold,8.0,Hold,10.0,Hold,8.0,Hold,8.0,Hold,8.0,Hold,10.0,Hold,10.0
15/12/2023,48.87,0.3210927550957799,Buy,10.0,Hold,9.0,Hold,9.0,Hold,8.0,Hold,10.0,Buy,8.0,Hold,8.0,Hold,8.0,Hold,10.0,Hold,10.0
18/12/2023,50.05,0.5483490654643626,Hold,10.0,Hold,9.0,Hold,9.0,Hold,8.0,Hold,10.0,Hold,8.0,Hold,8.0,Hold,8.0,Hold,10.0,Hold,10.0
19/12/2023,49.58,0.2170508491223145,Hold,10.0,Hold,9.0,Hold,9.0,Hold,8.0,Hold,10.0,Hold,8.0,Hold,8.0,Hold,8.0,Hold,10.0,Hold,10.0
20/12/2023,48.09,0.8533131279024391,Hold,10.0,Hold,9.0,Hold,9.0,Hold,8.0,Hold,10.0,Hold,8.0,Hold,8.0,Hold,8.0,Hold,10.0,Hold,10.0
21/12/2023,48.97,-0.5325261,Sell,10.0,Hold,9.0,Hold,9.0,Hold,8.0,Sell,10.0,Sell,8.0,Hold,8.0,Hold,8.0,Hold,10.0,Hold,10.0
22/12/2023,48.81,0.8640475670807692,Hold,10.0,Hold,9.0,Hold,9.0,Hold,8.0,Hold,10.0,Hold,8.0,Hold,8.0,Hold,8.0,Hold,10.0,Hold,10.0
26/12/2023,49.26,0.6548175590322582,Hold,10.0,Hold,9.0,Hold,9.0,Hold,8.0,Hold,10.0,Hold,8.0,Hold,8.0,Hold,8.0,Hold,10.0,Hold,10.0
27/12/2023,49.4,0.3972083488000529,Hold,10.0,Hold,9.0,Hold,9.0,Hold,8.0,Hold,10.0,Hold,8.0,Hold,8.0,Hold,8.0,Hold,10.0,Hold,10.0
28/12/2023,49.5,0.6375194941134149,Hold,10.0,Hold,9.0,Hold,9.0,Hold,8.0,Hold,10.0,Hold,8.0,Hold,8.0,Hold,8.0,Hold,10.0,Hold,10.0
29/12/2023,49.5,0.284839331199386,Hold,10.0,Hold,9.0,Hold,9.0,Hold,8.0,Hold,10.0,Hold,8.0,Hold,8.0,Hold,8.0,Hold,10.0,Hold,10.0
2/1/2024,48.15,0.5346210932557561,Sell,10.0,Hold,9.0,Hold,9.0,Hold,8.0,Hold,10.0,Hold,8.0,Hold,8.0,Hold,8.0,Hold,10.0,Hold,10.0
3/1/2024,47.55,0.274316043254347,Hold,10.0,Hold,9.0,Sell,9.0,Hold,8.0,Sell,10.0,Sell,8.0,Hold,8.0,Hold,8.0,Hold,10.0,Hold,10.0
4/1/2024,47.98,0.1248052035865796,Hold,10.0,Hold,9.0,Hold,9.0,Hold,8.0,Hold,10.0,Hold,8.0,Hold,8.0,Hold,8.0,Hold,10.0,Hold,10.0
5/1/2024,49.08,0.4933457722012946,Hold,10.0,Hold,9.0,Hold,9.0,Hold,8.0,Hold,10.0,Hold,8.0,Hold,8.0,Hold,8.0,Hold,10.0,Hold,10.0
8/1/2024,52.23,0.5018265681204052,Buy,10.0,Hold,9.0,Hold,9.0,Hold,8.0,Buy,10.0,Buy,8.0,Hold,8.0,Hold,8.0,Hold,10.0,Hold,10.0
9/1/2024,53.12,0.4738890931476113,Hold,10.0,Hold,9.0,Hold,9.0,Hold,8.0,Hold,10.0,Hold,8.0,Hold,8.0,Hold,8.0,Hold,10.0,Hold,10.0
10/1/2024,54.33,0.7209548968182156,Hold,10.0,Hold,9.0,Hold,9.0,Hold,8.0,Hold,10.0,Hold,8.0,Hold,8.0,Hold,8.0,Hold,10.0,Hold,10.0
11/1/2024,54.8,0.6621122779736339,Hold,10.0,Hold,9.0,Hold,9.0,Hold,8.0,Hold,10.0,Hold,8.0,Hold,8.0,Hold,8.0,Hold,10.0,Hold,10.0
12/1/2024,54.69,0.2651705831654999,Hold,10.0,Hold,9.0,Hold,9.0,Hold,8.0,Hold,10.0,Hold,8.0,Hold,8.0,Hold,8.0,Hold,10.0,Hold,10.0
16/1/2024,56.36,0.6755636855839959,Hold,10.0,Hold,9.0,Hold,9.0,Hold,8.0,Hold,10.0,Hold,8.0,Hold,8.0,Hold,8.0,Hold,10.0,Hold,10.0
17/1/2024,56.03,0.7047870308182161,Hold,10.0,Hold,9.0,Hold,9.0,Hold,8.0,Hold,10.0,Hold,8.0,Hold,8.0,Hold,8.0,Hold,10.0,Hold,10.0
18/1/2024,57.08,0.4596382732418766,Hold,10.0,Hold,9.0,Hold,9.0,Hold,8.0,Hold,10.0,Hold,8.0,Hold,8.0,Hold,8.0,Hold,10.0,Hold,10.0
19/1/2024,59.46,0.5742730906110545,Hold,10.0,Hold,9.0,Hold,9.0,Hold,8.0,Hold,10.0,Hold,8.0,Hold,8.0,Hold,8.0,Hold,10.0,Hold,10.0
22/1/2024,59.63,0.8490905137418309,Hold,10.0,Hold,9.0,Hold,9.0,Hold,8.0,Hold,10.0,Hold,8.0,Hold,8.0,Hold,8.0,Hold,10.0,Hold,10.0
23/1/2024,59.85,0.8839459792630372,Hold,10.0,Hold,9.0,Hold,9.0,Hold,8.0,Hold,10.0,Hold,8.0,Hold,8.0,Hold,8.0,Hold,10.0,Hold,10.0
24/1/2024,61.33,0.6735751042684851,Hold,10.0,Hold,9.0,Hold,9.0,Hold,8.0,Hold,10.0,Hold,8.0,Hold,8.0,Hold,8.0,Hold,10.0,Hold,10.0
25/1/2024,61.59,0.450534372654122,Hold,10.0,Hold,9.0,Hold,9.0,Hold,8.0,Hold,10.0,Hold,8.0,Hold,8.0,Hold,8.0,Hold,10.0,Hold,10.0
26/1/2024,61.0,0.566834883174066,Hold,10.0,Hold,9.0,Hold,9.0,Hold,8.0,Hold,10.0,Hold,8.0,Hold,8.0,Hold,8.0,Hold,10.0,Hold,10.0
29/1/2024,62.44,0.5719766955642702,Hold,10.0,Hold,9.0,Hold,9.0,Hold,8.0,Hold,10.0,Hold,8.0,Hold,8.0,Hold,8.0,Hold,10.0,Hold,10.0
30/1/2024,62.75,0.6681371996569317,Hold,10.0,Hold,9.0,Hold,9.0,Hold,8.0,Hold,10.0,Hold,8.0,Hold,8.0,Hold,8.0,Hold,10.0,Hold,10.0
31/1/2024,61.5,0.4757019048441352,Hold,10.0,Hold,9.0,Hold,9.0,Hold,8.0,Hold,10.0,Hold,8.0,Hold,8.0,Hold,8.0,Hold,10.0,Hold,10.0
1/2/2024,63.0,0.5181818524717449,Hold,10.0,Hold,9.0,Hold,9.0,Hold,8.0,Hold,10.0,Hold,8.0,Hold,8.0,Hold,8.0,Hold,10.0,Hold,10.0
2/2/2024,66.13,0.6029581370740419,Hold,10.0,Hold,9.0,Hold,9.0,Hold,8.0,Hold,10.0,Hold,8.0,Hold,8.0,Hold,8.0,Hold,10.0,Hold,10.0
5/2/2024,69.3,0.6445360247263653,Hold,10.0,Hold,9.0,Hold,9.0,Hold,8.0,Hold,10.0,Hold,8.0,Hold,8.0,Hold,8.0,Hold,10.0,Hold,10.0
6/2/2024,68.19,0.6590922917113172,Hold,10.0,Hold,9.0,Hold,9.0,Hold,8.0,Hold,10.0,Hold,8.0,Hold,8.0,Hold,8.0,Hold,10.0,Hold,10.0
7/2/2024,70.07,0.8032236367219133,Hold,10.0,Hold,9.0,Hold,9.0,Hold,8.0,Hold,10.0,Hold,8.0,Hold,8.0,Hold,8.0,Hold,10.0,Hold,10.0
8/2/2024,69.61,0.6544049820162271,Hold,10.0,Hold,9.0,Hold,9.0,Hold,8.0,Hold,10.0,Hold,8.0,Hold,8.0,Hold,8.0,Hold,10.0,Hold,10.0
9/2/2024,72.1,0.7486447478569073,Hold,10.0,Hold,9.0,Hold,9.0,Hold,8.0,Hold,10.0,Hold,8.0,Hold,8.0,Hold,8.0,Hold,10.0,Hold,10.0
12/2/2024,72.22,0.7024330200747743,Hold,10.0,Hold,9.0,Hold,9.0,Hold,8.0,Hold,10.0,Hold,8.0,Hold,8.0,Hold,8.0,Hold,10.0,Hold,10.0
13/2/2024,72.1,0.4414572498183258,Hold,10.0,Hold,9.0,Hold,9.0,Hold,8.0,Hold,10.0,Hold,8.0,Hold,8.0,Hold,8.0,Hold,10.0,Hold,10.0
14/2/2024,73.87,0.6528247455000513,Hold,10.0,Hold,9.0,Hold,9.0,Hold,8.0,Hold,10.0,Hold,8.0,Hold,8.0,Hold,8.0,Hold,10.0,Hold,10.0
15/2/2024,72.63,0.5509495195739984,Hold,10.0,Hold,9.0,Hold,9.0,Hold,8.0,Hold,10.0,Hold,8.0,Hold,8.0,Hold,8.0,Hold,10.0,Hold,10.0
16/2/2024,72.58,0.695850253876042,Hold,10.0,Hold,9.0,Hold,9.0,Hold,8.0,Hold,10.0,Hold,8.0,Hold,8.0,Hold,8.0,Hold,10.0,Hold,10.0
20/2/2024,69.42,0.4336972018882457,Sell,10.0,Hold,9.0,Hold,9.0,Hold,8.0,Hold,10.0,Hold,8.0,Hold,8.0,Hold,8.0,Hold,10.0,Hold,10.0
21/2/2024,67.44,0.5302036632513548,Hold,10.0,Hold,9.0,Hold,9.0,Hold,8.0,Hold,10.0,Hold,8.0,Hold,8.0,Hold,8.0,Hold,10.0,Hold,10.0
22/2/2024,78.5,0.484139601362327,Hold,10.0,Hold,9.0,Hold,9.0,Hold,8.0,Hold,10.0,Hold,8.0,Hold,8.0,Hold,8.0,Hold,10.0,Hold,10.0
23/2/2024,78.78,0.4752298586698186,Buy,10.0,Hold,9.0,Hold,9.0,Hold,8.0,Hold,10.0,Hold,8.0,Hold,8.0,Hold,8.0,Hold,10.0,Hold,10.0
26/2/2024,79.06,0.6012944721156939,Hold,10.0,Hold,9.0,Hold,9.0,Hold,8.0,Hold,10.0,Hold,8.0,Hold,8.0,Hold,8.0,Hold,10.0,Hold,10.0
27/2/2024,78.67,0.3654714119026902,Hold,10.0,Hold,9.0,Hold,9.0,Hold,8.0,Hold,10.0,Hold,8.0,Hold,8.0,Hold,8.0,Hold,10.0,Hold,10.0
28/2/2024,77.63,0.5141234717979128,Hold,10.0,Hold,9.0,Hold,9.0,Hold,8.0,Hold,10.0,Hold,8.0,Hold,8.0,Hold,8.0,Hold,10.0,Hold,10.0
29/2/2024,79.08,0.4230049743216974,Hold,10.0,Hold,9.0,Hold,9.0,Hold,8.0,Hold,10.0,Hold,8.0,Hold,8.0,Hold,8.0,Hold,10.0,Hold,10.0
1/3/2024,82.24,0.6429892551744842,Hold,10.0,Hold,9.0,Hold,9.0,Hold,8.0,Hold,10.0,Hold,8.0,Hold,8.0,Hold,8.0,Hold,10.0,Hold,10.0
4/3/2024,85.2,0.573275619336702,Hold,10.0,Hold,9.0,Hold,9.0,Hold,8.0,Hold,10.0,Hold,8.0,Hold,8.0,Hold,8.0,Hold,10.0,Hold,10.0
5/3/2024,85.93,0.6735170884845161,Hold,10.0,Hold,9.0,Hold,9.0,Hold,8.0,Hold,10.0,Hold,8.0,Hold,8.0,Hold,8.0,Hold,10.0,Hold,10.0
6/3/2024,88.66,0.6296230151351433,Hold,10.0,Hold,9.0,Hold,9.0,Hold,8.0,Hold,10.0,Hold,8.0,Hold,8.0,Hold,8.0,Hold,10.0,Hold,10.0
7/3/2024,92.63,0.5069213378421944,Hold,10.0,Hold,9.0,Hold,9.0,Hold,8.0,Hold,10.0,Hold,8.0,Hold,8.0,Hold,8.0,Hold,10.0,Hold,10.0
8/3/2024,87.49,0.7077268151378907,Hold,10.0,Hold,9.0,Hold,9.0,Hold,8.0,Hold,10.0,Hold,8.0,Hold,8.0,Hold,8.0,Hold,10.0,Hold,10.0
11/3/2024,85.74,0.5446307976615168,Hold,10.0,Hold,9.0,Hold,9.0,Hold,8.0,Hold,10.0,Hold,8.0,Hold,8.0,Hold,8.0,Hold,10.0,Hold,10.0
12/3/2024,91.88,0.832759118967266,Hold,10.0,Hold,9.0,Hold,9.0,Hold,8.0,Hold,10.0,Hold,8.0,Hold,8.0,Hold,8.0,Hold,10.0,Hold,10.0
13/3/2024,90.85,0.6546801107058755,Hold,10.0,Hold,9.0,Hold,9.0,Hold,8.0,Hold,10.0,Hold,8.0,Hold,8.0,Hold,8.0,Hold,10.0,Hold,10.0
14/3/2024,87.91,0.5673301800756103,Hold,10.0,Hold,9.0,Hold,9.0,Hold,8.0,Hold,10.0,Hold,8.0,Hold,8.0,Hold,8.0,Hold,10.0,Hold,10.0
15/3/2024,87.8,0.6391417753431974,Hold,10.0,Hold,9.0,Hold,9.0,Hold,8.0,Hold,10.0,Hold,8.0,Hold,8.0,Hold,8.0,Hold,10.0,Hold,10.0
18/3/2024,88.42,0.7789204364140143,Hold,10.0,Hold,9.0,Hold,9.0,Hold,8.0,Hold,10.0,Hold,8.0,Hold,8.0,Hold,8.0,Hold,10.0,Hold,10.0
19/3/2024,89.36,0.6689231315248164,Hold,10.0,Hold,9.0,Hold,9.0,Hold,8.0,Hold,10.0,Hold,8.0,Hold,8.0,Hold,8.0,Hold,10.0,Hold,10.0
20/3/2024,90.34,0.4168993576431011,Hold,10.0,Hold,9.0,Hold,9.0,Hold,8.0,Hold,10.0,Hold,8.0,Hold,8.0,Hold,8.0,Hold,10.0,Hold,10.0
21/3/2024,91.4,0.7017813759559753,Hold,10.0,Hold,9.0,Hold,9.0,Hold,8.0,Hold,10.0,Hold,8.0,Hold,8.0,Hold,8.0,Hold,10.0,Hold,10.0
22/3/2024,94.25,0.7059711515838236,Hold,10.0,Hold,9.0,Hold,9.0,Hold,8.0,Hold,10.0,Hold,8.0,Hold,8.0,Hold,8.0,Hold,10.0,Hold,10.0
25/3/2024,94.96,0.5343094428406032,Hold,10.0,Hold,9.0,Hold,9.0,Hold,8.0,Hold,10.0,Hold,8.0,Hold,8.0,Hold,8.0,Hold,10.0,Hold,10.0
26/3/2024,92.52,0.5477452938427119,Hold,10.0,Hold,9.0,Hold,9.0,Hold,8.0,Hold,10.0,Hold,8.0,Hold,8.0,Hold,8.0,Hold,10.0,Hold,10.0
27/3/2024,90.21,0.4535692876176646,Hold,10.0,Hold,9.0,Hold,9.0,Hold,8.0,Hold,10.0,Hold,8.0,Hold,8.0,Hold,8.0,Hold,10.0,Hold,10.0
28/3/2024,90.32,0.6271947065568911,Hold,10.0,Hold,9.0,Hold,9.0,Hold,8.0,Sell,10.0,Sell,8.0,Hold,8.0,Hold,8.0,Hold,10.0,Hold,10.0
1/4/2024,90.33,0.5640097077314048,Hold,10.0,Hold,9.0,Hold,9.0,Hold,8.0,Hold,10.0,Hold,8.0,Hold,8.0,Hold,8.0,Hold,10.0,Hold,10.0
2/4/2024,89.42,0.5126734551937037,Hold,10.0,Hold,9.0,Hold,9.0,Hold,8.0,Hold,10.0,Hold,8.0,Hold,8.0,Hold,8.0,Hold,10.0,Hold,10.0
3/4/2024,88.93,0.5045905585819166,Hold,10.0,Hold,9.0,Hold,9.0,Hold,8.0,Hold,10.0,Hold,8.0,Hold,8.0,Hold,8.0,Hold,10.0,Hold,10.0
4/4/2024,85.87,0.4649489433618367,Hold,10.0,Hold,9.0,Hold,9.0,Hold,8.0,Hold,10.0,Hold,8.0,Hold,8.0,Hold,8.0,Hold,10.0,Hold,10.0
5/4/2024,87.97,0.5421476285601957,Hold,10.0,Hold,9.0,Hold,9.0,Sell,8.0,Sell,10.0,Sell,8.0,Hold,8.0,Hold,8.0,Hold,10.0,Hold,10.0
8/4/2024,87.1,0.4372391264913783,Hold,10.0,Hold,9.0,Hold,9.0,Hold,8.0,Hold,10.0,Hold,8.0,Hold,8.0,Hold,8.0,Hold,10.0,Hold,10.0
9/4/2024,85.32,0.3867771888499999,Hold,10.0,Hold,9.0,Hold,9.0,Hold,8.0,Hold,10.0,Hold,8.0,Hold,8.0,Hold,8.0,Hold,10.0,Hold,10.0
10/4/2024,87.0,0.2667235037873424,Hold,10.0,Hold,9.0,Hold,9.0,Hold,8.0,Hold,10.0,Hold,8.0,Hold,8.0,Hold,8.0,Hold,10.0,Hold,10.0
11/4/2024,90.58,0.3707301699735641,Hold,10.0,Hold,9.0,Hold,9.0,Sell,8.0,Hold,10.0,Hold,8.0,Sell,8.0,Hold,8.0,Hold,10.0,Hold,10.0
12/4/2024,88.15,0.162203410368672,Hold,10.0,Hold,9.0,Hold,9.0,Hold,8.0,Buy,10.0,Hold,8.0,Hold,8.0,Hold,8.0,Hold,10.0,Hold,10.0
15/4/2024,85.97,0.4123633661822738,Hold,10.0,Sell,9.0,Hold,9.0,Hold,8.0,Sell,10.0,Hold,8.0,Hold,8.0,Hold,8.0,Sell,10.0,Hold,10.0
16/4/2024,87.38,0.49348416116188,Hold,10.0,Hold,9.0,Hold,9.0,Hold,8.0,Hold,10.0,Hold,8.0,Hold,8.0,Sell,8.0,Hold,10.0,Hold,10.0
17/4/2024,84.0,0.598307253584651,Hold,10.0,Hold,9.0,Hold,9.0,Hold,8.0,Hold,10.0,Hold,8.0,Hold,8.0,Hold,8.0,Hold,10.0,Hold,10.0
18/4/2024,84.64,0.2497071529738303,Hold,10.0,Hold,9.0,Hold,9.0,Hold,8.0,Hold,10.0,Hold,8.0,Hold,8.0,Hold,8.0,Hold,10.0,Hold,10.0
19/4/2024,76.17,0.3760981770711061,Hold,10.0,Hold,9.0,Hold,9.0,Hold,8.0,Hold,10.0,Hold,8.0,Hold,8.0,Hold,8.0,Hold,10.0,Hold,10.0
22/4/2024,79.49,0.4776003569591999,Hold,10.0,Hold,9.0,Hold,9.0,Hold,8.0,Hold,10.0,Hold,8.0,Hold,8.0,Hold,8.0,Hold,10.0,Hold,10.0
23/4/2024,82.39,0.2975727390615591,Hold,10.0,Hold,9.0,Hold,9.0,Hold,8.0,Hold,10.0,Hold,8.0,Hold,8.0,Hold,8.0,Hold,10.0,Hold,10.0
24/4/2024,79.65,0.537097952628492,Hold,10.0,Hold,9.0,Hold,9.0,Hold,8.0,Hold,10.0,Hold,8.0,Hold,8.0,Hold,8.0,Buy,10.0,Buy,10.0
25/4/2024,82.6,0.8929743638986487,Hold,10.0,Hold,9.0,Hold,9.0,Hold,8.0,Hold,10.0,Hold,8.0,Hold,8.0,Hold,8.0,Sell,10.0,Hold,10.0
26/4/2024,87.7,0.7433944295446859,Hold,10.0,Hold,9.0,Hold,9.0,Hold,8.0,Hold,10.0,Hold,8.0,Hold,8.0,Hold,8.0,Buy,10.0,Buy,10.0
29/4/2024,87.72,0.8103537159341678,Buy,10.0,Buy,9.0,Hold,9.0,Buy,8.0,Buy,10.0,Buy,8.0,Buy,8.0,Buy,8.0,Hold,10.0,Hold,10.0
30/4/2024,86.37,0.4304060903485625,Buy,10.0,Hold,9.0,Hold,9.0,Hold,8.0,Hold,10.0,Hold,8.0,Hold,8.0,Hold,8.0,Hold,10.0,Hold,10.0
1/5/2024,83.01,0.502656469542683,Sell,10.0,Hold,9.0,Hold,9.0,Hold,8.0,Hold,10.0,Hold,8.0,Hold,8.0,Hold,8.0,Hold,10.0,Hold,10.0
2/5/2024,85.78,0.5708089002697045,Hold,10.0,Hold,9.0,Hold,9.0,Hold,8.0,Sell,10.0,Hold,8.0,Hold,8.0,Hold,8.0,Hold,10.0,Hold,10.0
3/5/2024,88.75,0.6823233585721225,Hold,10.0,Buy,9.0,Hold,9.0,Buy,8.0,Buy,10.0,Hold,8.0,Buy,8.0,Buy,8.0,Hold,10.0,Hold,10.0
6/5/2024,92.1,0.6916403199786904,Hold,10.0,Hold,9.0,Hold,9.0,Hold,8.0,Hold,10.0,Hold,8.0,Hold,8.0,Hold,8.0,Hold,10.0,Hold,10.0
7/5/2024,90.52,0.5103134203528223,Hold,10.0,Hold,9.0,Hold,9.0,Hold,8.0,Hold,10.0,Hold,8.0,Hold,8.0,Hold,8.0,Hold,10.0,Hold,10.0
8/5/2024,90.38,0.5443722314145857,Hold,10.0,Hold,9.0,Hold,9.0,Hold,8.0,Hold,10.0,Hold,8.0,Hold,8.0,Hold,8.0,Hold,10.0,Hold,10.0
9/5/2024,88.71,0.4373846062753846,Hold,10.0,Hold,9.0,Hold,9.0,Hold,8.0,Hold,10.0,Hold,8.0,Hold,8.0,Hold,8.0,Hold,10.0,Hold,10.0
10/5/2024,89.84,0.4494042184741554,Hold,10.0,Hold,9.0,Hold,9.0,Hold,8.0,Hold,10.0,Hold,8.0,Hold,8.0,Hold,8.0,Hold,10.0,Hold,10.0
13/5/2024,90.36,0.471490418876014,Hold,10.0,Hold,9.0,Hold,9.0,Hold,8.0,Hold,10.0,Hold,8.0,Hold,8.0,Hold,8.0,Hold,10.0,Hold,10.0
14/5/2024,91.32,0.3121524895802463,Hold,10.0,Hold,9.0,Hold,9.0,Hold,8.0,Hold,10.0,Hold,8.0,Hold,8.0,Hold,8.0,Hold,10.0,Hold,10.0
15/5/2024,94.59,0.6187847976993595,Hold,10.0,Hold,9.0,Hold,9.0,Hold,8.0,Hold,10.0,Hold,8.0,Hold,8.0,Hold,8.0,Hold,10.0,Hold,10.0
16/5/2024,94.32,0.4914112752224163,Hold,10.0,Hold,9.0,Hold,9.0,Hold,8.0,Hold,10.0,Hold,8.0,Hold,8.0,Hold,8.0,Hold,10.0,Hold,10.0
17/5/2024,92.44,0.5371155714385963,Hold,10.0,Hold,9.0,Hold,9.0,Hold,8.0,Hold,10.0,Hold,8.0,Hold,8.0,Hold,8.0,Hold,10.0,Hold,10.0
20/5/2024,94.74,0.4827847051894514,Hold,10.0,Hold,9.0,Hold,9.0,Hold,8.0,Hold,10.0,Hold,8.0,Hold,8.0,Hold,8.0,Hold,10.0,Hold,10.0
21/5/2024,95.35,0.6148678355484183,Hold,10.0,Hold,9.0,Hold,9.0,Hold,8.0,Hold,10.0,Hold,8.0,Hold,8.0,Hold,8.0,Hold,10.0,Hold,10.0
22/5/2024,94.91,0.5431641806681377,Hold,10.0,Hold,9.0,Hold,9.0,Hold,8.0,Hold,10.0,Hold,8.0,Hold,8.0,Hold,8.0,Hold,10.0,Hold,10.0
23/5/2024,103.76,0.4580235183768062,Hold,10.0,Hold,9.0,Hold,9.0,Hold,8.0,Hold,10.0,Hold,8.0,Hold,8.0,Hold,8.0,Hold,10.0,Hold,10.0
24/5/2024,106.43,0.5943902278968745,Hold,10.0,Hold,9.0,Hold,9.0,Hold,8.0,Hold,10.0,Hold,8.0,Hold,8.0,Hold,8.0,Hold,10.0,Hold,10.0
28/5/2024,113.86,0.664736394606635,Hold,10.0,Hold,9.0,Hold,9.0,Hold,8.0,Hold,10.0,Hold,8.0,Hold,8.0,Hold,8.0,Hold,10.0,Hold,10.0
29/5/2024,114.78,0.6319358456852413,Hold,10.0,Hold,9.0,Hold,9.0,Hold,8.0,Hold,10.0,Hold,8.0,Hold,8.0,Hold,8.0,Hold,10.0,Hold,10.0
30/5/2024,110.46,0.4711864172253861,Hold,10.0,Hold,9.0,Hold,9.0,Hold,8.0,Hold,10.0,Hold,8.0,Hold,8.0,Hold,8.0,Hold,10.0,Hold,10.0
31/5/2024,109.59,0.595228175685514,Hold,10.0,Hold,9.0,Hold,9.0,Hold,8.0,Hold,10.0,Hold,8.0,Hold,8.0,Hold,8.0,Hold,10.0,Hold,10.0
3/6/2024,114.95,0.6912775844414087,Hold,10.0,Hold,9.0,Hold,9.0,Hold,8.0,Hold,10.0,Hold,8.0,Hold,8.0,Hold,8.0,Hold,10.0,Hold,10.0
4/6/2024,116.39,0.6904473568490989,Hold,10.0,Hold,9.0,Hold,9.0,Hold,8.0,Hold,10.0,Hold,8.0,Hold,8.0,Hold,8.0,Hold,10.0,Hold,10.0
5/6/2024,122.39,0.6718590124854737,Hold,10.0,Hold,9.0,Hold,9.0,Hold,8.0,Hold,10.0,Hold,8.0,Hold,8.0,Hold,8.0,Hold,10.0,Hold,10.0
6/6/2024,120.95,0.5712463296478238,Hold,10.0,Hold,9.0,Hold,9.0,Hold,8.0,Hold,10.0,Hold,8.0,Hold,8.0,Hold,8.0,Hold,10.0,Hold,10.0
7/6/2024,120.84,0.699712624336905,Hold,10.0,Hold,9.0,Hold,9.0,Hold,8.0,Hold,10.0,Hold,8.0,Hold,8.0,Hold,8.0,Hold,10.0,Hold,10.0
10/6/2024,121.74,0.6293529113237495,Hold,10.0,Hold,9.0,Hold,9.0,Hold,8.0,Hold,10.0,Hold,8.0,Hold,8.0,Hold,8.0,Hold,10.0,Hold,10.0
11/6/2024,120.87,0.6474280261071568,Hold,10.0,Hold,9.0,Hold,9.0,Hold,8.0,Hold,10.0,Hold,8.0,Hold,8.0,Hold,8.0,Hold,10.0,Hold,10.0
12/6/2024,125.16,0.6212301562278775,Hold,10.0,Hold,9.0,Hold,9.0,Hold,8.0,Hold,10.0,Hold,8.0,Hold,8.0,Hold,8.0,Hold,10.0,Hold,10.0
13/6/2024,129.57,0.5627719463002552,Hold,10.0,Hold,9.0,Hold,9.0,Hold,8.0,Hold,10.0,Hold,8.0,Hold,8.0,Hold,8.0,Hold,10.0,Hold,10.0
14/6/2024,131.84,0.6846669874374873,Hold,10.0,Hold,9.0,Hold,9.0,Hold,8.0,Hold,10.0,Hold,8.0,Hold,8.0,Hold,8.0,Hold,10.0,Hold,10.0
17/6/2024,130.94,0.6872205915888951,Hold,10.0,Hold,9.0,Hold,9.0,Hold,8.0,Hold,10.0,Hold,8.0,Hold,8.0,Hold,8.0,Hold,10.0,Hold,10.0
18/6/2024,135.54,0.53068500421752,Hold,10.0,Hold,9.0,Hold,9.0,Hold,8.0,Hold,10.0,Hold,8.0,Hold,8.0,Hold,8.0,Hold,10.0,Hold,10.0
20/6/2024,130.74,0.7183360955516808,Hold,10.0,Hold,9.0,Sell,9.0,Hold,8.0,Hold,10.0,Hold,8.0,Hold,8.0,Hold,8.0,Hold,10.0,Hold,10.0
21/6/2024,126.53,0.47637633221225,Hold,10.0,Hold,9.0,Sell,9.0,Hold,8.0,Hold,10.0,Hold,8.0,Hold,8.0,Hold,8.0,Hold,10.0,Hold,10.0
24/6/2024,118.07,0.4309079908245382,Sell,10.0,Hold,9.0,Hold,9.0,Hold,8.0,Hold,10.0,Hold,8.0,Hold,8.0,Hold,8.0,Hold,10.0,Hold,10.0
25/6/2024,126.05,0.4627176742404507,Hold,10.0,Hold,9.0,Hold,9.0,Hold,8.0,Sell,10.0,Sell,8.0,Hold,8.0,Hold,8.0,Hold,10.0,Hold,10.0
26/6/2024,126.36,0.5393900852349457,Hold,10.0,Hold,9.0,Hold,9.0,Hold,8.0,Buy,10.0,Hold,8.0,Hold,8.0,Hold,8.0,Hold,10.0,Hold,10.0
27/6/2024,123.95,0.5183885426838513,Hold,10.0,Hold,9.0,Hold,9.0,Hold,8.0,Hold,10.0,Hold,8.0,Hold,8.0,Hold,8.0,Hold,10.0,Hold,10.0
28/6/2024,123.5,0.4885815014459637,Hold,10.0,Hold,9.0,Hold,9.0,Hold,8.0,Hold,10.0,Sell,8.0,Sell,8.0,Hold,8.0,Hold,10.0,Hold,10.0
1/7/2024,124.26,0.4603861542644623,Hold,10.0,Hold,9.0,Hold,9.0,Hold,8.0,Hold,10.0,Hold,8.0,Hold,8.0,Hold,8.0,Hold,10.0,Hold,10.0
2/7/2024,122.63,0.3230887996657415,Hold,10.0,Hold,9.0,Hold,9.0,Hold,8.0,Hold,10.0,Hold,8.0,Hold,8.0,Hold,8.0,Hold,10.0,Hold,10.0
3/7/2024,128.24,0.7257940356919478,Hold,10.0,Hold,9.0,Hold,9.0,Hold,8.0,Hold,10.0,Hold,8.0,Hold,8.0,Hold,8.0,Hold,10.0,Hold,10.0
5/7/2024,125.79,0.6302766357845065,Hold,10.0,Hold,9.0,Hold,9.0,Hold,8.0,Hold,10.0,Buy,8.0,Hold,8.0,Hold,8.0,Hold,10.0,Hold,10.0
8/7/2024,128.16,0.5477668361912512,Hold,10.0,Hold,9.0,Hold,9.0,Hold,8.0,Hold,10.0,Hold,8.0,Hold,8.0,Hold,8.0,Hold,10.0,Hold,10.0
9/7/2024,131.34,0.3639214963799528,Hold,10.0,Hold,9.0,Hold,9.0,Sell,8.0,Hold,10.0,Buy,8.0,Sell,8.0,Hold,8.0,Hold,10.0,Hold,10.0
10/7/2024,134.87,0.5477498512675449,Hold,10.0,Hold,9.0,Hold,9.0,Hold,8.0,Hold,10.0,Hold,8.0,Hold,8.0,Hold,8.0,Hold,10.0,Hold,10.0
11/7/2024,127.36,0.514695515216019,Hold,10.0,Hold,9.0,Hold,9.0,Hold,8.0,Hold,10.0,Hold,8.0,Hold,8.0,Hold,8.0,Hold,10.0,Hold,10.0
12/7/2024,129.2,0.5043698536195262,Hold,10.0,Hold,9.0,Hold,9.0,Hold,8.0,Sell,10.0,Sell,8.0,Hold,8.0,Hold,8.0,Hold,10.0,Hold,10.0
15/7/2024,128.4,0.3982227741785794,Hold,10.0,Hold,9.0,Hold,9.0,Hold,8.0,Hold,10.0,Hold,8.0,Buy,8.0,Hold,8.0,Hold,10.0,Hold,10.0
16/7/2024,126.32,0.4605748518162051,Hold,10.0,Hold,9.0,Hold,9.0,Hold,8.0,Hold,10.0,Hold,8.0,Hold,8.0,Hold,8.0,Hold,10.0,Hold,10.0
17/7/2024,117.95,0.1165013197325516,Hold,10.0,Sell,9.0,Hold,9.0,Hold,8.0,Sell,10.0,Sell,8.0,Hold,8.0,Hold,8.0,Sell,10.0,Hold,10.0
18/7/2024,121.05,0.4840814981440433,Hold,10.0,Hold,9.0,Hold,9.0,Sell,8.0,Hold,10.0,Hold,8.0,Hold,8.0,Sell,8.0,Hold,10.0,Hold,10.0
19/7/2024,117.89,0.686215684925712,Hold,10.0,Hold,9.0,Hold,9.0,Hold,8.0,Hold,10.0,Hold,8.0,Hold,8.0,Hold,8.0,Hold,10.0,Hold,10.0
22/7/2024,123.5,0.4047659388379571,Hold,10.0,Hold,9.0,Hold,9.0,Hold,8.0,Hold,10.0,Hold,8.0,Hold,8.0,Hold,8.0,Hold,10.0,Sell,10.0
23/7/2024,122.55,0.4343735507768042,Hold,10.0,Hold,9.0,Hold,9.0,Hold,8.0,Hold,10.0,Hold,8.0,Hold,8.0,Hold,8.0,Hold,10.0,Hold,10.0
24/7/2024,114.21,0.4238373513710307,Hold,10.0,Sell,9.0,Hold,9.0,Hold,8.0,Hold,10.0,Hold,8.0,Hold,8.0,Hold,8.0,Hold,10.0,Hold,10.0
25/7/2024,112.24,0.3708314278097884,Hold,10.0,Hold,9.0,Hold,9.0,Hold,8.0,Hold,10.0,Hold,8.0,Sell,8.0,Hold,8.0,Sell,10.0,Hold,10.0
26/7/2024,113.02,0.4561536405904774,Hold,10.0,Hold,9.0,Hold,9.0,Hold,8.0,Hold,10.0,Hold,8.0,Hold,8.0,Hold,8.0,Hold,10.0,Hold,10.0
29/7/2024,111.55,0.4597468015528365,Hold,10.0,Hold,9.0,Hold,9.0,Hold,8.0,Hold,10.0,Hold,8.0,Hold,8.0,Hold,8.0,Hold,10.0,Hold,10.0
30/7/2024,103.7,0.4732717084085371,Hold,10.0,Hold,9.0,Hold,9.0,Hold,8.0,Hold,10.0,Hold,8.0,Hold,8.0,Hold,8.0,Hold,10.0,Hold,10.0
31/7/2024,116.98,0.5423704967929627,Hold,10.0,Hold,9.0,Hold,9.0,Hold,8.0,Hold,10.0,Hold,8.0,Hold,8.0,Hold,8.0,Hold,10.0,Hold,10.0
1/8/2024,109.18,0.6390337692417744,Hold,10.0,Hold,9.0,Hold,9.0,Hold,8.0,Hold,10.0,Hold,8.0,Hold,8.0,Hold,8.0,Buy,10.0,Hold,10.0
2/8/2024,107.24,0.3606305098583549,Hold,10.0,Hold,9.0,Hold,9.0,Hold,8.0,Hold,10.0,Hold,8.0,Hold,8.0,Hold,8.0,Sell,10.0,Hold,10.0
5/8/2024,100.42,0.3033590536843206,Hold,10.0,Hold,9.0,Hold,9.0,Hold,8.0,Hold,10.0,Hold,8.0,Hold,8.0,Hold,8.0,Hold,10.0,Hold,10.0
6/8/2024,104.22,0.3145550302370354,Hold,10.0,Hold,9.0,Hold,9.0,Hold,8.0,Hold,10.0,Hold,8.0,Hold,8.0,Hold,8.0,Hold,10.0,Hold,10.0
7/8/2024,98.88,0.4927412753608482,Hold,10.0,Hold,9.0,Hold,9.0,Hold,8.0,Hold,10.0,Hold,8.0,Hold,8.0,Hold,8.0,Hold,10.0,Hold,10.0
8/8/2024,104.94,0.4790258113522279,Hold,10.0,Hold,9.0,Hold,9.0,Hold,8.0,Hold,10.0,Hold,8.0,Hold,8.0,Hold,8.0,Hold,10.0,Hold,10.0
9/8/2024,104.72,0.4277528061477089,Hold,10.0,Hold,9.0,Hold,9.0,Hold,8.0,Hold,10.0,Hold,8.0,Hold,8.0,Hold,8.0,Hold,10.0,Hold,10.0
12/8/2024,108.99,0.5850788579573155,Hold,10.0,Hold,9.0,Hold,9.0,Hold,8.0,Hold,10.0,Hold,8.0,Hold,8.0,Hold,8.0,Hold,10.0,Hold,10.0
13/8/2024,116.1,0.4239253486446455,Buy,10.0,Buy,9.0,Hold,9.0,Hold,8.0,Buy,10.0,Buy,8.0,Buy,8.0,Hold,8.0,Buy,10.0,Hold,10.0
14/8/2024,118.04,0.6793469248934503,Hold,10.0,Hold,9.0,Hold,9.0,Buy,8.0,Hold,10.0,Hold,8.0,Hold,8.0,Buy,8.0,Hold,10.0,Buy,10.0
15/8/2024,122.82,0.4679897262710767,Hold,10.0,Hold,9.0,Hold,9.0,Hold,8.0,Hold,10.0,Hold,8.0,Hold,8.0,Hold,8.0,Hold,10.0,Hold,10.0
16/8/2024,124.54,0.5898429480128806,Hold,10.0,Hold,9.0,Hold,9.0,Hold,8.0,Hold,10.0,Hold,8.0,Hold,8.0,Hold,8.0,Hold,10.0,Hold,10.0
19/8/2024,129.96,0.6781385634681004,Hold,10.0,Hold,9.0,Hold,9.0,Hold,8.0,Hold,10.0,Hold,8.0,Hold,8.0,Hold,8.0,Hold,10.0,Hold,10.0
20/8/2024,127.21,0.5587867635542729,Hold,10.0,Hold,9.0,Hold,9.0,Hold,8.0,Hold,10.0,Hold,8.0,Hold,8.0,Hold,8.0,Hold,10.0,Hold,10.0
21/8/2024,128.46,0.5213120762483404,Hold,10.0,Hold,9.0,Hold,9.0,Hold,8.0,Hold,10.0,Hold,8.0,Hold,8.0,Hold,8.0,Hold,10.0,Hold,10.0
22/8/2024,123.7,0.6300016839195063,Hold,10.0,Hold,9.0,Hold,9.0,Hold,8.0,Hold,10.0,Hold,8.0,Hold,8.0,Hold,8.0,Hold,10.0,Hold,10.0
23/8/2024,129.33,0.6042976558711007,Hold,10.0,Hold,9.0,Sell,9.0,Hold,8.0,Hold,10.0,Hold,8.0,Hold,8.0,Hold,8.0,Hold,10.0,Hold,10.0
26/8/2024,126.42,0.4941530195720299,Hold,10.0,Hold,9.0,Sell,9.0,Hold,8.0,Hold,10.0,Hold,8.0,Hold,8.0,Hold,8.0,Hold,10.0,Hold,10.0
27/8/2024,128.26,0.3762699359990432,Hold,10.0,Hold,9.0,Sell,9.0,Hold,8.0,Hold,10.0,Hold,8.0,Hold,8.0,Hold,8.0,Hold,10.0,Hold,10.0
28/8/2024,125.57,0.4231681764003172,Hold,10.0,Hold,9.0,Sell,9.0,Hold,8.0,Hold,10.0,Hold,8.0,Hold,8.0,Hold,8.0,Hold,10.0,Hold,10.0
29/8/2024,117.55,0.1835680341027795,Hold,10.0,Hold,9.0,Hold,9.0,Hold,8.0,Hold,10.0,Hold,8.0,Hold,8.0,Hold,8.0,Hold,10.0,Hold,10.0
30/8/2024,119.33,0.52674236037679,Sell,10.0,Sell,9.0,Hold,9.0,Sell,8.0,Sell,10.0,Sell,8.0,Sell,8.0,Sell,8.0,Sell,10.0,Sell,10.0
3/9/2024,107.97,0.041166340553479,Hold,10.0,Hold,9.0,Hold,9.0,Hold,8.0,Hold,10.0,Hold,8.0,Hold,8.0,Hold,8.0,Buy,10.0,Hold,10.0
4/9/2024,106.18,0.1542481120557556,Hold,10.0,Hold,9.0,Hold,9.0,Hold,8.0,Hold,10.0,Hold,8.0,Hold,8.0,Hold,8.0,Hold,10.0,Hold,10.0
5/9/2024,107.18,0.3618854628048444,Hold,10.0,Hold,9.0,Hold,9.0,Hold,8.0,Hold,10.0,Hold,8.0,Hold,8.0,Hold,8.0,Hold,10.0,Hold,10.0
6/9/2024,102.8,0.5139819440416038,Hold,10.0,Hold,9.0,Hold,9.0,Hold,8.0,Hold,10.0,Hold,8.0,Hold,8.0,Hold,8.0,Hold,10.0,Hold,10.0
9/9/2024,106.44,0.4013759929806813,Hold,10.0,Hold,9.0,Buy,9.0,Hold,8.0,Hold,10.0,Hold,8.0,Hold,8.0,Hold,8.0,Hold,10.0,Hold,10.0
10/9/2024,108.07,0.2429743803503615,Hold,10.0,Hold,9.0,Hold,9.0,Hold,8.0,Hold,10.0,Hold,8.0,Hold,8.0,Hold,8.0,Hold,10.0,Hold,10.0
11/9/2024,116.87,0.1769451415953149,Hold,10.0,Hold,9.0,Hold,9.0,Hold,8.0,Hold,10.0,Hold,8.0,Hold,8.0,Hold,8.0,Hold,10.0,Hold,10.0
12/9/2024,119.11,0.4913541174584056,Buy,10.0,Hold,9.0,Hold,9.0,Hold,8.0,Buy,10.0,Buy,8.0,Hold,8.0,Hold,8.0,Buy,10.0,Buy,10.0
13/9/2024,119.07,0.4635277072879776,Buy,10.0,Hold,9.0,Hold,9.0,Hold,8.0,Hold,10.0,Hold,8.0,Hold,8.0,Hold,8.0,Hold,10.0,Hold,10.0
16/9/2024,116.75,0.3179619920493373,Hold,10.0,Hold,9.0,Hold,9.0,Hold,8.0,Hold,10.0,Hold,8.0,Hold,8.0,Hold,8.0,Hold,10.0,Hold,10.0
17/9/2024,115.56,0.7434536745209632,Hold,10.0,Hold,9.0,Hold,9.0,Hold,8.0,Hold,10.0,Hold,8.0,Hold,8.0,Hold,8.0,Hold,10.0,Hold,10.0
18/9/2024,113.34,0.5281207602290326,Hold,10.0,Hold,9.0,Hold,9.0,Hold,8.0,Hold,10.0,Buy,8.0,Hold,8.0,Hold,8.0,Sell,10.0,Hold,10.0
19/9/2024,117.84,0.4706997574350105,Hold,10.0,Hold,9.0,Hold,9.0,Hold,8.0,Sell,10.0,Hold,8.0,Hold,8.0,Hold,8.0,Hold,10.0,Hold,10.0
20/9/2024,115.97,0.6105790060023422,Hold,10.0,Buy,9.0,Hold,9.0,Buy,8.0,Buy,10.0,Hold,8.0,Buy,8.0,Buy,8.0,Buy,10.0,Hold,10.0
23/9/2024,116.23,0.1508052136796754,Hold,10.0,Hold,9.0,Hold,9.0,Hold,8.0,Hold,10.0,Hold,8.0,Hold,8.0,Hold,8.0,Hold,10.0,Hold,10.0
24/9/2024,120.84,0.4088295227572121,Hold,10.0,Hold,9.0,Hold,9.0,Hold,8.0,Hold,10.0,Hold,8.0,Hold,8.0,Hold,8.0,Hold,10.0,Hold,10.0
25/9/2024,123.48,0.3262420961469552,Hold,10.0,Buy,9.0,Hold,9.0,Buy,8.0,Hold,10.0,Hold,8.0,Buy,8.0,Buy,8.0,Hold,10.0,Hold,10.0
26/9/2024,124.01,0.635258307903608,Hold,10.0,Hold,9.0,Hold,9.0,Hold,8.0,Hold,10.0,Hold,8.0,Hold,8.0,Hold,8.0,Hold,10.0,Hold,10.0
27/9/2024,121.37,0.6752716653857421,Hold,10.0,Hold,9.0,Hold,9.0,Hold,8.0,Hold,10.0,Hold,8.0,Hold,8.0,Hold,8.0,Hold,10.0,Hold,10.0
30/9/2024,121.41,0.6280001171395648,Hold,10.0,Hold,9.0,Hold,9.0,Hold,8.0,Hold,10.0,Hold,8.0,Hold,8.0,Hold,8.0,Hold,10.0,Hold,10.0
1/10/2024,116.97,0.1479846023523802,Hold,10.0,Hold,9.0,Hold,9.0,Hold,8.0,Hold,10.0,Hold,8.0,Hold,8.0,Hold,8.0,Hold,10.0,Hold,10.0
2/10/2024,118.82,0.3806508128959697,Hold,10.0,Hold,9.0,Hold,9.0,Hold,8.0,Sell,10.0,Hold,8.0,Hold,8.0,Hold,8.0,Hold,10.0,Hold,10.0
3/10/2024,122.82,0.4759361206967515,Hold,10.0,Hold,9.0,Hold,9.0,Hold,8.0,Buy,10.0,Hold,8.0,Hold,8.0,Hold,8.0,Hold,10.0,Hold,10.0
4/10/2024,124.89,0.4243179081718635,Hold,10.0,Hold,9.0,Hold,9.0,Hold,8.0,Hold,10.0,Hold,8.0,Hold,8.0,Hold,8.0,Hold,10.0,Hold,10.0
7/10/2024,127.69,0.5534251554582494,Hold,10.0,Hold,9.0,Hold,9.0,Hold,8.0,Hold,10.0,Hold,8.0,Hold,8.0,Hold,8.0,Hold,10.0,Hold,10.0
8/10/2024,132.86,0.5897030223165363,Hold,10.0,Hold,9.0,Hold,9.0,Hold,8.0,Hold,10.0,Hold,8.0,Hold,8.0,Hold,8.0,Hold,10.0,Hold,10.0
9/10/2024,132.62,0.3722171509109659,Hold,10.0,Hold,9.0,Hold,9.0,Hold,8.0,Hold,10.0,Hold,8.0,Hold,8.0,Hold,8.0,Hold,10.0,Hold,10.0
10/10/2024,134.78,0.4071142673275839,Hold,10.0,Hold,9.0,Hold,9.0,Hold,8.0,Hold,10.0,Hold,8.0,Hold,8.0,Hold,8.0,Hold,10.0,Hold,10.0
11/10/2024,134.77,0.3265618200858807,Hold,10.0,Hold,9.0,Hold,9.0,Hold,8.0,Hold,10.0,Hold,8.0,Hold,8.0,Hold,8.0,Hold,10.0,Hold,10.0
14/10/2024,138.04,0.4478576903209916,Hold,10.0,Hold,9.0,Hold,9.0,Hold,8.0,Hold,10.0,Hold,8.0,Hold,8.0,Hold,8.0,Hold,10.0,Hold,10.0
15/10/2024,131.57,-0.0565820314068809,Hold,10.0,Hold,9.0,Hold,9.0,Hold,8.0,Hold,10.0,Hold,8.0,Hold,8.0,Hold,8.0,Hold,10.0,Hold,10.0
16/10/2024,135.69,0.2449214539537006,Hold,10.0,Hold,9.0,Hold,9.0,Hold,8.0,Hold,10.0,Hold,8.0,Hold,8.0,Hold,8.0,Hold,10.0,Hold,10.0
17/10/2024,136.9,0.4096545558800115,Hold,10.0,Hold,9.0,Hold,9.0,Hold,8.0,Hold,10.0,Hold,8.0,Hold,8.0,Hold,8.0,Hold,10.0,Hold,10.0
18/10/2024,137.97,0.4517388469260496,Hold,10.0,Hold,9.0,Hold,9.0,Hold,8.0,Hold,10.0,Hold,8.0,Hold,8.0,Hold,8.0,Hold,10.0,Hold,10.0
21/10/2024,143.68,0.5772073460548724,Hold,10.0,Hold,9.0,Hold,9.0,Hold,8.0,Hold,10.0,Hold,8.0,Hold,8.0,Hold,8.0,Hold,10.0,Hold,10.0
22/10/2024,143.56,0.4955065013673232,Hold,10.0,Hold,9.0,Hold,9.0,Hold,8.0,Hold,10.0,Hold,8.0,Hold,8.0,Hold,8.0,Hold,10.0,Hold,10.0
23/10/2024,139.53,0.4336400941955911,Hold,10.0,Hold,9.0,Hold,9.0,Hold,8.0,Hold,10.0,Hold,8.0,Hold,8.0,Hold,8.0,Hold,10.0,Hold,10.0
24/10/2024,140.38,0.7079909818413913,Hold,10.0,Hold,9.0,Sell,9.0,Hold,8.0,Hold,10.0,Hold,8.0,Hold,8.0,Hold,8.0,Hold,10.0,Hold,10.0
25/10/2024,141.51,0.5370835104587167,Hold,10.0,Hold,9.0,Hold,9.0,Hold,8.0,Hold,10.0,Hold,8.0,Hold,8.0,Hold,8.0,Hold,10.0,Hold,10.0
28/10/2024,140.49,0.521144275885687,Hold,10.0,Hold,9.0,Hold,9.0,Hold,8.0,Hold,10.0,Hold,8.0,Hold,8.0,Hold,8.0,Hold,10.0,Hold,10.0
29/10/2024,141.22,0.3637527248042156,Hold,10.0,Hold,9.0,Hold,9.0,Hold,8.0,Hold,10.0,Hold,8.0,Hold,8.0,Hold,8.0,Hold,10.0,Hold,10.0
30/10/2024,139.31,0.3875207231716157,Sell,10.0,Hold,9.0,Hold,9.0,Hold,8.0,Hold,10.0,Hold,8.0,Hold,8.0,Hold,8.0,Hold,10.0,Hold,10.0
31/10/2024,132.73,0.2054899426814659,Hold,10.0,Hold,9.0,Hold,9.0,Hold,8.0,Hold,10.0,Hold,8.0,Hold,8.0,Hold,8.0,Hold,10.0,Hold,10.0
1/11/2024,135.37,0.5633946732645675,Hold,10.0,Hold,9.0,Hold,9.0,Hold,8.0,Sell,10.0,Sell,8.0,Hold,8.0,Hold,8.0,Hold,10.0,Hold,10.0
4/11/2024,136.02,0.4696669738049853,Hold,10.0,Hold,9.0,Hold,9.0,Hold,8.0,Hold,10.0,Hold,8.0,Hold,8.0,Hold,8.0,Hold,10.0,Hold,10.0
5/11/2024,139.88,0.3817327080891106,Hold,10.0,Hold,9.0,Hold,9.0,Hold,8.0,Buy,10.0,Hold,8.0,Hold,8.0,Hold,8.0,Hold,10.0,Hold,10.0
6/11/2024,145.58,0.4589605811552332,Buy,10.0,Hold,9.0,Hold,9.0,Hold,8.0,Hold,10.0,Buy,8.0,Hold,8.0,Hold,8.0,Hold,10.0,Hold,10.0
7/11/2024,148.85,0.5150496848334105,Hold,10.0,Hold,9.0,Hold,9.0,Hold,8.0,Hold,10.0,Hold,8.0,Hold,8.0,Hold,8.0,Hold,10.0,Hold,10.0
8/11/2024,147.6,0.5388608561534663,Hold,10.0,Hold,9.0,Hold,9.0,Hold,8.0,Hold,10.0,Hold,8.0,Hold,8.0,Hold,8.0,Hold,10.0,Hold,10.0
11/11/2024,145.23,0.2108068849929,Hold,10.0,Hold,9.0,Hold,9.0,Hold,8.0,Hold,10.0,Hold,8.0,Hold,8.0,Hold,8.0,Hold,10.0,Hold,10.0
12/11/2024,148.26,0.3863956549374737,Hold,10.0,Hold,9.0,Hold,9.0,Hold,8.0,Hold,10.0,Buy,8.0,Hold,8.0,Hold,8.0,Hold,10.0,Hold,10.0
13/11/2024,146.24,0.4311435270119224,Hold,10.0,Hold,9.0,Hold,9.0,Hold,8.0,Hold,10.0,Hold,8.0,Hold,8.0,Hold,8.0,Hold,10.0,Hold,10.0
14/11/2024,146.73,0.3559905773020021,Hold,10.0,Hold,9.0,Hold,9.0,Hold,8.0,Hold,10.0,Hold,8.0,Hold,8.0,Hold,8.0,Hold,10.0,Hold,10.0
15/11/2024,141.95,0.4491305674012829,Sell,10.0,Hold,9.0,Hold,9.0,Hold,8.0,Hold,10.0,Hold,8.0,Hold,8.0,Hold,8.0,Hold,10.0,Hold,10.0
18/11/2024,140.12,0.1888023488572862,Hold,10.0,Hold,9.0,Hold,9.0,Hold,8.0,Sell,10.0,Sell,8.0,Hold,8.0,Hold,8.0,Hold,10.0,Hold,10.0
19/11/2024,146.98,0.3492726928051693,Hold,10.0,Hold,9.0,Hold,9.0,Hold,8.0,Sell,10.0,Hold,8.0,Hold,8.0,Sell,8.0,Hold,10.0,Hold,10.0
20/11/2024,145.86,0.3211353129113603,Hold,10.0,Hold,9.0,Hold,9.0,Hold,8.0,Buy,10.0,Hold,8.0,Hold,8.0,Hold,8.0,Buy,10.0,Hold,10.0
21/11/2024,146.64,0.3617002267123242,Hold,10.0,Hold,9.0,Hold,9.0,Hold,8.0,Hold,10.0,Sell,8.0,Hold,8.0,Hold,8.0,Hold,10.0,Sell,10.0
22/11/2024,141.92,0.3783627450138667,Hold,10.0,Hold,9.0,Hold,9.0,Hold,8.0,Hold,10.0,Hold,8.0,Hold,8.0,Hold,8.0,Hold,10.0,Hold,10.0
25/11/2024,135.99,0.2819990158650812,Hold,10.0,Sell,9.0,Hold,9.0,Sell,8.0,Sell,10.0,Hold,8.0,Sell,8.0,Sell,8.0,Sell,10.0,Hold,10.0
26/11/2024,136.89,0.4424578172983534,Hold,10.0,Hold,9.0,Hold,9.0,Hold,8.0,Hold,10.0,Hold,8.0,Hold,8.0,Hold,8.0,Hold,10.0,Hold,10.0
27/11/2024,135.31,0.0946040418691195,Hold,10.0,Hold,9.0,Hold,9.0,Hold,8.0,Hold,10.0,Hold,8.0,Hold,8.0,Hold,8.0,Hold,10.0,Hold,10.0
29/11/2024,138.22,0.4445188195132226,Hold,10.0,Sell,9.0,Hold,9.0,Hold,8.0,Hold,10.0,Hold,8.0,Hold,8.0,Sell,8.0,Sell,10.0,Hold,10.0
2/12/2024,138.6,0.4608451551943117,Hold,10.0,Hold,9.0,Hold,9.0,Sell,8.0,Hold,10.0,Hold,8.0,Sell,8.0,Hold,8.0,Buy,10.0,Buy,10.0
3/12/2024,140.23,0.2716384346131386,Hold,10.0,Hold,9.0,Hold,9.0,Hold,8.0,Hold,10.0,Hold,8.0,Hold,8.0,Hold,8.0,Hold,10.0,Hold,10.0
4/12/2024,145.11,0.3647211255901384,Hold,10.0,Buy,9.0,Hold,9.0,Hold,8.0,Buy,10.0,Buy,8.0,Hold,8.0,Hold,8.0,Buy,10.0,Hold,10.0
5/12/2024,145.04,0.7530855605093825,Hold,10.0,Hold,9.0,Hold,9.0,Hold,8.0,Hold,10.0,Hold,8.0,Hold,8.0,Buy,8.0,Hold,10.0,Hold,10.0
6/12/2024,142.42,0.4781121276538203,Hold,10.0,Hold,9.0,Hold,9.0,Hold,8.0,Hold,10.0,Hold,8.0,Hold,8.0,Hold,8.0,Hold,10.0,Hold,10.0
9/12/2024,138.79,0.1513117576692737,Hold,10.0,Hold,9.0,Hold,9.0,Hold,8.0,Hold,10.0,Hold,8.0,Hold,8.0,Hold,8.0,Hold,10.0,Hold,10.0
10/12/2024,135.05,0.3407908875856776,Hold,10.0,Sell,9.0,Hold,9.0,Hold,8.0,Sell,10.0,Hold,8.0,Hold,8.0,Sell,8.0,Sell,10.0,Buy,10.0
11/12/2024,139.29,0.4536231505417211,Hold,10.0,Hold,9.0,Hold,9.0,Hold,8.0,Hold,10.0,Hold,8.0,Hold,8.0,Hold,8.0,Hold,10.0,Sell,10.0
12/12/2024,137.32,0.6872795615795743,Hold,10.0,Hold,9.0,Hold,9.0,Hold,8.0,Hold,10.0,Hold,8.0,Hold,8.0,Hold,8.0,Hold,10.0,Hold,10.0
13/12/2024,134.23,0.467818727365047,Hold,10.0,Hold,9.0,Hold,9.0,Hold,8.0,Hold,10.0,Hold,8.0,Hold,8.0,Hold,8.0,Hold,10.0,Hold,10.0
16/12/2024,131.98,0.331885866532553,Hold,10.0,Hold,9.0,Hold,9.0,Hold,8.0,Hold,10.0,Hold,8.0,Hold,8.0,Hold,8.0,Hold,10.0,Sell,10.0
17/12/2024,130.37,0.1407096370474661,Hold,10.0,Hold,9.0,Hold,9.0,Hold,8.0,Hold,10.0,Hold,8.0,Hold,8.0,Hold,8.0,Hold,10.0,Hold,10.0
18/12/2024,128.89,0.3634481815182631,Hold,10.0,Hold,9.0,Hold,9.0,Hold,8.0,Hold,10.0,Hold,8.0,Hold,8.0,Hold,8.0,Hold,10.0,Hold,10.0
19/12/2024,130.66,0.4392847803321644,Hold,10.0,Hold,9.0,Hold,9.0,Hold,8.0,Hold,10.0,Hold,8.0,Hold,8.0,Hold,8.0,Hold,10.0,Hold,10.0
20/12/2024,134.68,0.1708289228758082,Hold,10.0,Hold,9.0,Hold,9.0,Hold,8.0,Hold,10.0,Hold,8.0,Hold,8.0,Hold,8.0,Hold,10.0,Hold,10.0
23/12/2024,139.65,0.5135237724424859,Hold,10.0,Hold,9.0,Hold,9.0,Hold,8.0,Hold,10.0,Hold,8.0,Hold,8.0,Hold,8.0,Hold,10.0,Hold,10.0
24/12/2024,140.2,0.646329328626818,Buy,10.0,Hold,9.0,Hold,9.0,Hold,8.0,Buy,10.0,Hold,8.0,Hold,8.0,Hold,8.0,Buy,10.0,Hold,10.0
26/12/2024,139.91,0.4608635292355693,Hold,10.0,Hold,9.0,Hold,9.0,Hold,8.0,Hold,10.0,Hold,8.0,Hold,8.0,Hold,8.0,Hold,10.0,Hold,10.0
27/12/2024,136.99,0.5681343560259143,Hold,10.0,Hold,9.0,Hold,9.0,Hold,8.0,Hold,10.0,Hold,8.0,Hold,8.0,Hold,8.0,Hold,10.0,Hold,10.0
30/12/2024,137.47,0.3531106794747563,Hold,10.0,Hold,9.0,Hold,9.0,Hold,8.0,Hold,10.0,Hold,8.0,Hold,8.0,Hold,8.0,Hold,10.0,Hold,10.0
