Date,Close,Weighted Sentiment Score,Combi 1: Crossover (Price & EMA 12) + MACD Crossover,Combi 1 Days,Combi 2: Crossover (Price & EMA 12) + SMA Crossover (8 & 12),Combi 2 Days,Combi 3: Crossover (Price & EMA 12) + EMA Crossover (12 &20),Combi 3 Days,Combi 4: Crossover (Price & EMA 20) + MACD Crossover,Combi 4 Days,Combi 5: Overbought/ Overbought + SMA Crossover (8 & 12),Combi 5 Days,Combi 6: Crossover (Price & EMA 20) + EMA Crossover (12 &20),Combi 6 Days,Combi 7: Crossover (Price & EMA 20) + SMA Crossover (8 & 12),Combi 7 Days,Combi 8: Crossover (Price & EMA 12) + SMA Crossover (12 & 20),Combi 8 Days,Combi 9. Overbought/ Overbought,Combi 9 Days,Combi 10. MACD Crossover + SMA Crossover (12 & 20),Combi 10 Days
2/1/2020,299.41,0.5467125875980405,Hold,10.0,Hold,10.0,Hold,4.0,Hold,10.0,Hold,3.0,Hold,9.0,Hold,9.0,Hold,4.0,Sell,4.0,Hold,10.0
3/1/2020,297.14,0.5281314581408355,Hold,10.0,Hold,10.0,Hold,4.0,Hold,10.0,Hold,3.0,Hold,9.0,Hold,9.0,Hold,4.0,Sell,4.0,Hold,10.0
6/1/2020,298.27,0.5747732468666471,Hold,10.0,Hold,10.0,Hold,4.0,Hold,10.0,Hold,3.0,Hold,9.0,Hold,9.0,Hold,4.0,Sell,4.0,Hold,10.0
7/1/2020,297.43,0.50045362195,Hold,10.0,Hold,10.0,Hold,4.0,Hold,10.0,Hold,3.0,Hold,9.0,Hold,9.0,Hold,4.0,Hold,4.0,Hold,10.0
8/1/2020,299.02,0.990850098,Hold,10.0,Hold,10.0,Hold,4.0,Hold,10.0,Hold,3.0,Hold,9.0,Hold,9.0,Hold,4.0,Sell,4.0,Hold,10.0
9/1/2020,301.05,0.03711718,Hold,10.0,Hold,10.0,Hold,4.0,Hold,10.0,Hold,3.0,Hold,9.0,Hold,9.0,Hold,4.0,Sell,4.0,Hold,10.0
10/1/2020,300.18,0.996265442,Hold,10.0,Hold,10.0,Hold,4.0,Hold,10.0,Hold,3.0,Hold,9.0,Hold,9.0,Hold,4.0,Hold,4.0,Hold,10.0
13/1/2020,302.24,0.997621103125,Hold,10.0,Hold,10.0,Hold,4.0,Hold,10.0,Hold,3.0,Hold,9.0,Hold,9.0,Hold,4.0,Hold,4.0,Hold,10.0
14/1/2020,301.78,0.5784879890167441,Hold,10.0,Hold,10.0,Hold,4.0,Hold,10.0,Hold,3.0,Hold,9.0,Hold,9.0,Hold,4.0,Hold,4.0,Hold,10.0
15/1/2020,302.47,0.5082662246153847,Hold,10.0,Hold,10.0,Hold,4.0,Hold,10.0,Hold,3.0,Hold,9.0,Hold,9.0,Hold,4.0,Hold,4.0,Hold,10.0
16/1/2020,304.98,0.1770690579814076,Hold,10.0,Hold,10.0,Hold,4.0,Hold,10.0,Hold,3.0,Hold,9.0,Hold,9.0,Hold,4.0,Hold,4.0,Hold,10.0
17/1/2020,305.93,0.7886732993069566,Hold,10.0,Hold,10.0,Hold,4.0,Hold,10.0,Hold,3.0,Hold,9.0,Hold,9.0,Hold,4.0,Sell,4.0,Hold,10.0
21/1/2020,305.33,0.3328424899999999,Hold,10.0,Hold,10.0,Hold,4.0,Hold,10.0,Hold,3.0,Hold,9.0,Hold,9.0,Hold,4.0,Sell,4.0,Hold,10.0
22/1/2020,305.37,0.1991728738461538,Hold,10.0,Hold,10.0,Hold,4.0,Hold,10.0,Sell,3.0,Hold,9.0,Hold,9.0,Hold,4.0,Sell,4.0,Hold,10.0
23/1/2020,305.72,0.9999763,Hold,10.0,Hold,10.0,Hold,4.0,Hold,10.0,Hold,3.0,Hold,9.0,Hold,9.0,Hold,4.0,Hold,4.0,Hold,10.0
24/1/2020,303.0,0.54757583,Sell,10.0,Hold,10.0,Hold,4.0,Sell,10.0,Hold,3.0,Hold,9.0,Hold,9.0,Hold,4.0,Hold,4.0,Hold,10.0
27/1/2020,298.14,-0.5635983,Hold,10.0,Hold,10.0,Hold,4.0,Hold,10.0,Hold,3.0,Hold,9.0,Hold,9.0,Hold,4.0,Hold,4.0,Hold,10.0
28/1/2020,301.27,0.3335402866666667,Hold,10.0,Sell,10.0,Hold,4.0,Hold,10.0,Hold,3.0,Hold,9.0,Sell,9.0,Hold,4.0,Hold,4.0,Hold,10.0
29/1/2020,301.02,0.998066712,Hold,10.0,Hold,10.0,Hold,4.0,Buy,10.0,Hold,3.0,Hold,9.0,Hold,9.0,Hold,4.0,Hold,4.0,Hold,10.0
30/1/2020,302.0,0.2222355038032263,Hold,10.0,Hold,10.0,Hold,4.0,Hold,10.0,Hold,3.0,Hold,9.0,Hold,9.0,Hold,4.0,Hold,4.0,Hold,10.0
31/1/2020,296.51,0.9734623015384616,Buy,10.0,Hold,10.0,Hold,4.0,Hold,10.0,Hold,3.0,Hold,9.0,Sell,9.0,Hold,4.0,Hold,4.0,Hold,10.0
3/2/2020,298.72,0.5011112318,Hold,10.0,Hold,10.0,Hold,4.0,Hold,10.0,Hold,3.0,Hold,9.0,Hold,9.0,Sell,4.0,Hold,4.0,Hold,10.0
4/2/2020,303.27,0.9984647373913044,Hold,10.0,Hold,10.0,Hold,4.0,Hold,10.0,Hold,3.0,Hold,9.0,Hold,9.0,Hold,4.0,Hold,4.0,Hold,10.0
5/2/2020,306.77,0.4055432182476655,Buy,10.0,Buy,10.0,Hold,4.0,Buy,10.0,Hold,3.0,Hold,9.0,Buy,9.0,Buy,4.0,Hold,4.0,Hold,10.0
6/2/2020,307.8,0.6112285337031744,Hold,10.0,Hold,10.0,Hold,4.0,Hold,10.0,Hold,3.0,Hold,9.0,Hold,9.0,Hold,4.0,Hold,4.0,Hold,10.0
7/2/2020,306.16,0.999929736470588,Hold,10.0,Hold,10.0,Hold,4.0,Hold,10.0,Hold,3.0,Hold,9.0,Hold,9.0,Hold,4.0,Hold,4.0,Hold,10.0
10/2/2020,308.45,0.999869072,Hold,10.0,Hold,10.0,Hold,4.0,Hold,10.0,Hold,3.0,Hold,9.0,Hold,9.0,Hold,4.0,Hold,4.0,Hold,10.0
11/2/2020,308.98,0.6570547970789474,Hold,10.0,Hold,10.0,Hold,4.0,Hold,10.0,Hold,3.0,Hold,9.0,Hold,9.0,Hold,4.0,Hold,4.0,Hold,10.0
12/2/2020,310.97,0.0019088249999999,Hold,10.0,Hold,10.0,Hold,4.0,Hold,10.0,Hold,3.0,Hold,9.0,Hold,9.0,Hold,4.0,Hold,4.0,Hold,10.0
13/2/2020,310.64,0.499999459186513,Hold,10.0,Hold,10.0,Hold,4.0,Hold,10.0,Hold,3.0,Hold,9.0,Hold,9.0,Hold,4.0,Hold,4.0,Hold,10.0
14/2/2020,311.14,0.5004440158,Hold,10.0,Hold,10.0,Hold,4.0,Hold,10.0,Sell,3.0,Hold,9.0,Hold,9.0,Hold,4.0,Sell,4.0,Hold,10.0
18/2/2020,310.34,0.82887655120846,Hold,10.0,Hold,10.0,Hold,4.0,Hold,10.0,Hold,3.0,Hold,9.0,Hold,9.0,Hold,4.0,Hold,4.0,Hold,10.0
19/2/2020,311.82,0.5743821930745274,Hold,10.0,Hold,10.0,Hold,4.0,Hold,10.0,Hold,3.0,Hold,9.0,Hold,9.0,Hold,4.0,Hold,4.0,Hold,10.0
20/2/2020,310.54,0.8674561940000001,Hold,10.0,Hold,10.0,Hold,4.0,Hold,10.0,Hold,3.0,Hold,9.0,Hold,9.0,Hold,4.0,Hold,4.0,Hold,10.0
21/2/2020,307.34,0.9863342,Sell,10.0,Hold,10.0,Hold,4.0,Sell,10.0,Sell,3.0,Hold,9.0,Hold,9.0,Hold,4.0,Sell,4.0,Sell,10.0
24/2/2020,297.15,0.9998953,Hold,10.0,Sell,10.0,Sell,4.0,Hold,10.0,Hold,3.0,Hold,9.0,Hold,9.0,Sell,4.0,Hold,4.0,Hold,10.0
25/2/2020,288.14,0.3331362766666667,Hold,10.0,Hold,10.0,Hold,4.0,Hold,10.0,Hold,3.0,Sell,9.0,Sell,9.0,Hold,4.0,Buy,4.0,Hold,10.0
26/2/2020,287.08,0.3323019205555556,Hold,10.0,Hold,10.0,Hold,4.0,Hold,10.0,Hold,3.0,Hold,9.0,Hold,9.0,Hold,4.0,Buy,4.0,Hold,10.0
27/2/2020,274.19,0.5288831603703703,Hold,10.0,Hold,10.0,Hold,4.0,Hold,10.0,Hold,3.0,Hold,9.0,Hold,9.0,Hold,4.0,Buy,4.0,Hold,10.0
28/2/2020,273.04,0.11566714,Hold,10.0,Hold,10.0,Hold,4.0,Hold,10.0,Hold,3.0,Hold,9.0,Hold,9.0,Hold,4.0,Buy,4.0,Hold,10.0
2/3/2020,284.86,0.7244237550000001,Hold,10.0,Hold,10.0,Hold,4.0,Hold,10.0,Hold,3.0,Hold,9.0,Hold,9.0,Hold,4.0,Buy,4.0,Hold,10.0
3/3/2020,276.71,0.64556640443,Hold,10.0,Hold,10.0,Hold,4.0,Hold,10.0,Hold,3.0,Hold,9.0,Hold,9.0,Hold,4.0,Buy,4.0,Hold,10.0
4/3/2020,288.34,0.99962642,Hold,10.0,Hold,10.0,Hold,4.0,Hold,10.0,Hold,3.0,Hold,9.0,Hold,9.0,Hold,4.0,Hold,4.0,Hold,10.0
5/3/2020,278.75,0.6318805565217392,Hold,10.0,Hold,10.0,Hold,4.0,Hold,10.0,Hold,3.0,Hold,9.0,Hold,9.0,Hold,4.0,Hold,4.0,Hold,10.0
6/3/2020,274.14,0.2244343499999999,Hold,10.0,Hold,10.0,Hold,4.0,Hold,10.0,Hold,3.0,Hold,9.0,Hold,9.0,Hold,4.0,Buy,4.0,Hold,10.0
9/3/2020,252.74,0.3232525189999999,Hold,10.0,Hold,10.0,Hold,4.0,Hold,10.0,Hold,3.0,Hold,9.0,Hold,9.0,Hold,4.0,Buy,4.0,Hold,10.0
10/3/2020,265.81,0.6666385406122448,Hold,10.0,Hold,10.0,Hold,4.0,Hold,10.0,Hold,3.0,Hold,9.0,Hold,9.0,Hold,4.0,Hold,4.0,Hold,10.0
11/3/2020,252.86,0.5993201042538463,Hold,10.0,Hold,10.0,Hold,4.0,Hold,10.0,Hold,3.0,Hold,9.0,Hold,9.0,Hold,4.0,Buy,4.0,Hold,10.0
12/3/2020,228.66,0.1068473051219512,Hold,10.0,Hold,10.0,Hold,4.0,Hold,10.0,Hold,3.0,Hold,9.0,Hold,9.0,Hold,4.0,Buy,4.0,Hold,10.0
13/3/2020,248.21,0.65302995771742,Hold,10.0,Hold,10.0,Hold,4.0,Hold,10.0,Hold,3.0,Hold,9.0,Hold,9.0,Hold,4.0,Hold,4.0,Hold,10.0
16/3/2020,221.05,0.4579447034883721,Hold,10.0,Hold,10.0,Hold,4.0,Hold,10.0,Hold,3.0,Hold,9.0,Hold,9.0,Hold,4.0,Hold,4.0,Hold,10.0
17/3/2020,232.99,0.7642104964062498,Hold,10.0,Hold,10.0,Hold,4.0,Hold,10.0,Hold,3.0,Hold,9.0,Hold,9.0,Hold,4.0,Hold,4.0,Hold,10.0
18/3/2020,221.19,0.7620111373076925,Hold,10.0,Hold,10.0,Hold,4.0,Hold,10.0,Hold,3.0,Hold,9.0,Hold,9.0,Hold,4.0,Hold,4.0,Hold,10.0
19/3/2020,221.66,0.1769444386923077,Hold,10.0,Hold,10.0,Hold,4.0,Hold,10.0,Hold,3.0,Hold,9.0,Hold,9.0,Hold,4.0,Hold,4.0,Hold,10.0
20/3/2020,212.11,0.8741665988235294,Hold,10.0,Hold,10.0,Hold,4.0,Hold,10.0,Hold,3.0,Hold,9.0,Hold,9.0,Hold,4.0,Hold,4.0,Hold,10.0
23/3/2020,206.68,0.996000644,Hold,10.0,Hold,10.0,Hold,4.0,Hold,10.0,Hold,3.0,Hold,9.0,Hold,9.0,Hold,4.0,Hold,4.0,Hold,10.0
24/3/2020,225.41,0.3831202457170588,Hold,10.0,Hold,10.0,Hold,4.0,Hold,10.0,Hold,3.0,Hold,9.0,Hold,9.0,Hold,4.0,Hold,4.0,Hold,10.0
25/3/2020,228.78,0.9506816384210526,Hold,10.0,Hold,10.0,Hold,4.0,Hold,10.0,Hold,3.0,Hold,9.0,Hold,9.0,Hold,4.0,Hold,4.0,Hold,10.0
26/3/2020,242.14,0.706503495586207,Buy,10.0,Hold,10.0,Hold,4.0,Hold,10.0,Hold,3.0,Hold,9.0,Hold,9.0,Hold,4.0,Hold,4.0,Hold,10.0
27/3/2020,234.93,0.6500620377118524,Hold,10.0,Buy,10.0,Hold,4.0,Hold,10.0,Hold,3.0,Hold,9.0,Hold,9.0,Hold,4.0,Hold,4.0,Hold,10.0
30/3/2020,242.56,0.22196806993,Hold,10.0,Hold,10.0,Hold,4.0,Hold,10.0,Hold,3.0,Hold,9.0,Hold,9.0,Hold,4.0,Hold,4.0,Hold,10.0
31/3/2020,238.94,0.8465230114634147,Hold,10.0,Hold,10.0,Hold,4.0,Hold,10.0,Hold,3.0,Hold,9.0,Hold,9.0,Hold,4.0,Hold,4.0,Hold,10.0
1/4/2020,228.19,0.9269089476923076,Hold,10.0,Buy,10.0,Hold,4.0,Hold,10.0,Hold,3.0,Hold,9.0,Buy,9.0,Hold,4.0,Hold,4.0,Hold,10.0
2/4/2020,233.46,0.7309312572692308,Hold,10.0,Hold,10.0,Hold,4.0,Hold,10.0,Hold,3.0,Hold,9.0,Hold,9.0,Hold,4.0,Hold,4.0,Hold,10.0
3/4/2020,230.08,-0.0646888560869565,Hold,10.0,Hold,10.0,Hold,4.0,Hold,10.0,Hold,3.0,Hold,9.0,Hold,9.0,Hold,4.0,Hold,4.0,Hold,10.0
6/4/2020,245.54,0.2783748546559579,Hold,10.0,Hold,10.0,Hold,4.0,Hold,10.0,Hold,3.0,Hold,9.0,Hold,9.0,Hold,4.0,Hold,4.0,Hold,10.0
7/4/2020,245.79,0.9990047533333334,Hold,10.0,Hold,10.0,Buy,4.0,Hold,10.0,Hold,3.0,Buy,9.0,Hold,9.0,Buy,4.0,Hold,4.0,Hold,10.0
8/4/2020,254.04,0.012464372320739,Hold,10.0,Hold,10.0,Hold,4.0,Hold,10.0,Hold,3.0,Hold,9.0,Hold,9.0,Hold,4.0,Hold,4.0,Hold,10.0
9/4/2020,257.9,0.5566365736490385,Hold,10.0,Hold,10.0,Hold,4.0,Hold,10.0,Hold,3.0,Hold,9.0,Hold,9.0,Hold,4.0,Sell,4.0,Hold,10.0
13/4/2020,255.55,0.9563199780487806,Hold,10.0,Hold,10.0,Hold,4.0,Hold,10.0,Hold,3.0,Hold,9.0,Hold,9.0,Hold,4.0,Sell,4.0,Hold,10.0
14/4/2020,263.08,0.8264372446511628,Hold,10.0,Hold,10.0,Hold,4.0,Hold,10.0,Hold,3.0,Hold,9.0,Hold,9.0,Hold,4.0,Sell,4.0,Hold,10.0
15/4/2020,257.49,0.7693338177419354,Hold,10.0,Hold,10.0,Buy,4.0,Hold,10.0,Hold,3.0,Hold,9.0,Hold,9.0,Hold,4.0,Hold,4.0,Hold,10.0
16/4/2020,258.74,0.91577256625,Hold,10.0,Hold,10.0,Hold,4.0,Hold,10.0,Hold,3.0,Hold,9.0,Hold,9.0,Hold,4.0,Hold,4.0,Hold,10.0
17/4/2020,265.73,0.4489135344444445,Hold,10.0,Hold,10.0,Hold,4.0,Hold,10.0,Hold,3.0,Hold,9.0,Hold,9.0,Hold,4.0,Hold,4.0,Hold,10.0
20/4/2020,261.04,0.6049664481578948,Hold,10.0,Hold,10.0,Hold,4.0,Hold,10.0,Hold,3.0,Hold,9.0,Hold,9.0,Hold,4.0,Hold,4.0,Hold,10.0
21/4/2020,253.12,-0.3161301989999999,Hold,10.0,Hold,10.0,Hold,4.0,Hold,10.0,Hold,3.0,Hold,9.0,Hold,9.0,Hold,4.0,Hold,4.0,Hold,10.0
22/4/2020,258.74,0.3404448788391176,Hold,10.0,Hold,10.0,Hold,4.0,Hold,10.0,Hold,3.0,Hold,9.0,Hold,9.0,Hold,4.0,Hold,4.0,Hold,10.0
23/4/2020,258.72,0.7256016133333335,Hold,10.0,Hold,10.0,Hold,4.0,Hold,10.0,Hold,3.0,Hold,9.0,Hold,9.0,Hold,4.0,Hold,4.0,Hold,10.0
24/4/2020,262.32,0.527756758368421,Hold,10.0,Hold,10.0,Hold,4.0,Hold,10.0,Hold,3.0,Hold,9.0,Hold,9.0,Hold,4.0,Sell,4.0,Hold,10.0
27/4/2020,266.11,-0.99270445,Hold,10.0,Hold,10.0,Hold,4.0,Hold,10.0,Hold,3.0,Hold,9.0,Hold,9.0,Hold,4.0,Hold,4.0,Hold,10.0
28/4/2020,264.88,0.5619385238047887,Hold,10.0,Hold,10.0,Hold,4.0,Hold,10.0,Hold,3.0,Hold,9.0,Hold,9.0,Hold,4.0,Hold,4.0,Hold,10.0
29/4/2020,271.82,0.6611532947493245,Hold,10.0,Hold,10.0,Hold,4.0,Hold,10.0,Hold,3.0,Hold,9.0,Hold,9.0,Hold,4.0,Hold,4.0,Hold,10.0
30/4/2020,269.29,0.9929513277777778,Hold,10.0,Hold,10.0,Hold,4.0,Hold,10.0,Hold,3.0,Hold,9.0,Hold,9.0,Hold,4.0,Hold,4.0,Hold,10.0
1/5/2020,262.16,0.999993,Hold,10.0,Hold,10.0,Hold,4.0,Hold,10.0,Hold,3.0,Hold,9.0,Hold,9.0,Hold,4.0,Hold,4.0,Hold,10.0
4/5/2020,262.88,0.5777296394235295,Sell,10.0,Sell,10.0,Hold,4.0,Hold,10.0,Hold,3.0,Hold,9.0,Hold,9.0,Hold,4.0,Hold,4.0,Hold,10.0
5/5/2020,265.31,0.7461942281999999,Hold,10.0,Hold,10.0,Hold,4.0,Hold,10.0,Hold,3.0,Hold,9.0,Hold,9.0,Hold,4.0,Hold,4.0,Hold,10.0
6/5/2020,263.51,0.9902429658823528,Hold,10.0,Hold,10.0,Hold,4.0,Hold,10.0,Hold,3.0,Hold,9.0,Hold,9.0,Hold,4.0,Hold,4.0,Hold,10.0
7/5/2020,266.69,0.9705215570833337,Hold,10.0,Hold,10.0,Hold,4.0,Hold,10.0,Hold,3.0,Hold,9.0,Hold,9.0,Hold,4.0,Hold,4.0,Hold,10.0
8/5/2020,271.1,0.9297314225,Hold,10.0,Hold,10.0,Hold,4.0,Hold,10.0,Hold,3.0,Hold,9.0,Hold,9.0,Hold,4.0,Hold,4.0,Hold,10.0
11/5/2020,271.16,0.000155308092,Hold,10.0,Hold,10.0,Hold,4.0,Hold,10.0,Sell,3.0,Hold,9.0,Hold,9.0,Hold,4.0,Sell,4.0,Hold,10.0
12/5/2020,265.75,0.992135405,Hold,10.0,Hold,10.0,Hold,4.0,Hold,10.0,Hold,3.0,Hold,9.0,Hold,9.0,Hold,4.0,Hold,4.0,Hold,10.0
13/5/2020,261.05,0.94607617,Sell,10.0,Sell,10.0,Hold,4.0,Sell,10.0,Hold,3.0,Hold,9.0,Sell,9.0,Hold,4.0,Hold,4.0,Hold,10.0
14/5/2020,264.18,0.5007466887,Hold,10.0,Hold,10.0,Hold,4.0,Hold,10.0,Hold,3.0,Hold,9.0,Hold,9.0,Hold,4.0,Hold,4.0,Hold,10.0
15/5/2020,265.39,0.315267908443178,Hold,10.0,Hold,10.0,Hold,4.0,Buy,10.0,Hold,3.0,Hold,9.0,Buy,9.0,Hold,4.0,Hold,4.0,Hold,10.0
18/5/2020,273.48,0.999255098,Buy,10.0,Buy,10.0,Hold,4.0,Hold,10.0,Hold,3.0,Hold,9.0,Hold,9.0,Hold,4.0,Hold,4.0,Hold,10.0
19/5/2020,270.67,0.999875965,Hold,10.0,Hold,10.0,Hold,4.0,Hold,10.0,Hold,3.0,Hold,9.0,Hold,9.0,Hold,4.0,Hold,4.0,Hold,10.0
20/5/2020,275.27,0.2713972322860569,Hold,10.0,Hold,10.0,Hold,4.0,Hold,10.0,Hold,3.0,Hold,9.0,Hold,9.0,Hold,4.0,Hold,4.0,Hold,10.0
21/5/2020,273.37,0.35607619875,Hold,10.0,Hold,10.0,Hold,4.0,Hold,10.0,Hold,3.0,Hold,9.0,Hold,9.0,Hold,4.0,Hold,4.0,Hold,10.0
22/5/2020,273.88,0.2925909989999999,Hold,10.0,Hold,10.0,Hold,4.0,Hold,10.0,Hold,3.0,Hold,9.0,Hold,9.0,Hold,4.0,Hold,4.0,Hold,10.0
26/5/2020,277.26,0.5550258188235294,Hold,10.0,Hold,10.0,Hold,4.0,Hold,10.0,Hold,3.0,Hold,9.0,Hold,9.0,Hold,4.0,Hold,4.0,Hold,10.0
27/5/2020,281.38,0.9999944,Hold,10.0,Hold,10.0,Hold,4.0,Hold,10.0,Hold,3.0,Hold,9.0,Hold,9.0,Hold,4.0,Hold,4.0,Hold,10.0
28/5/2020,280.86,0.0872093630323635,Hold,10.0,Hold,10.0,Hold,4.0,Hold,10.0,Hold,3.0,Hold,9.0,Hold,9.0,Hold,4.0,Hold,4.0,Hold,10.0
29/5/2020,282.12,0.8789527066511562,Hold,10.0,Hold,10.0,Hold,4.0,Hold,10.0,Hold,3.0,Hold,9.0,Hold,9.0,Hold,4.0,Hold,4.0,Hold,10.0
1/6/2020,283.26,0.2757050103543924,Hold,10.0,Hold,10.0,Hold,4.0,Hold,10.0,Hold,3.0,Hold,9.0,Hold,9.0,Hold,4.0,Hold,4.0,Hold,10.0
2/6/2020,285.6,0.4964801743919499,Hold,10.0,Hold,10.0,Hold,4.0,Hold,10.0,Hold,3.0,Hold,9.0,Hold,9.0,Hold,4.0,Sell,4.0,Hold,10.0
3/6/2020,289.4,0.3074900901999999,Hold,10.0,Hold,10.0,Hold,4.0,Hold,10.0,Hold,3.0,Hold,9.0,Hold,9.0,Hold,4.0,Sell,4.0,Hold,10.0
4/6/2020,288.64,0.6396851901905263,Hold,10.0,Hold,10.0,Hold,4.0,Hold,10.0,Hold,3.0,Hold,9.0,Hold,9.0,Hold,4.0,Sell,4.0,Hold,10.0
5/6/2020,296.04,0.2272781046659472,Hold,10.0,Hold,10.0,Hold,4.0,Hold,10.0,Hold,3.0,Hold,9.0,Hold,9.0,Hold,4.0,Sell,4.0,Hold,10.0
8/6/2020,299.62,0.5404027678524999,Hold,10.0,Hold,10.0,Hold,4.0,Hold,10.0,Hold,3.0,Hold,9.0,Hold,9.0,Hold,4.0,Sell,4.0,Hold,10.0
9/6/2020,297.38,0.19595374813875,Hold,10.0,Hold,10.0,Hold,4.0,Hold,10.0,Sell,3.0,Hold,9.0,Hold,9.0,Hold,4.0,Sell,4.0,Hold,10.0
10/6/2020,295.73,0.8254713056521739,Hold,10.0,Hold,10.0,Hold,4.0,Hold,10.0,Sell,3.0,Hold,9.0,Hold,9.0,Hold,4.0,Sell,4.0,Hold,10.0
11/6/2020,278.68,0.6845314489473684,Sell,10.0,Hold,10.0,Hold,4.0,Sell,10.0,Hold,3.0,Hold,9.0,Hold,9.0,Hold,4.0,Hold,4.0,Hold,10.0
12/6/2020,282.01,0.9033571863249998,Hold,10.0,Sell,10.0,Hold,4.0,Hold,10.0,Hold,3.0,Hold,9.0,Sell,9.0,Hold,4.0,Hold,4.0,Hold,10.0
15/6/2020,284.65,0.91834932375,Hold,10.0,Hold,10.0,Hold,4.0,Hold,10.0,Hold,3.0,Hold,9.0,Hold,9.0,Hold,4.0,Hold,4.0,Hold,10.0
16/6/2020,290.13,0.650057151035,Hold,10.0,Hold,10.0,Hold,4.0,Hold,10.0,Hold,3.0,Hold,9.0,Hold,9.0,Hold,4.0,Hold,4.0,Hold,10.0
17/6/2020,288.92,0.7831199114814814,Hold,10.0,Buy,10.0,Hold,4.0,Hold,10.0,Hold,3.0,Hold,9.0,Hold,9.0,Hold,4.0,Hold,4.0,Hold,10.0
18/6/2020,289.03,-0.0002747775822846,Hold,10.0,Sell,10.0,Hold,4.0,Hold,10.0,Hold,3.0,Hold,9.0,Sell,9.0,Hold,4.0,Hold,4.0,Hold,10.0
19/6/2020,287.38,0.6104864938666668,Hold,10.0,Hold,10.0,Hold,4.0,Hold,10.0,Hold,3.0,Hold,9.0,Hold,9.0,Hold,4.0,Hold,4.0,Hold,10.0
22/6/2020,289.22,0.4995323674383655,Hold,10.0,Sell,10.0,Hold,4.0,Hold,10.0,Hold,3.0,Hold,9.0,Hold,9.0,Sell,4.0,Hold,4.0,Hold,10.0
23/6/2020,290.56,0.998916428,Hold,10.0,Buy,10.0,Hold,4.0,Hold,10.0,Hold,3.0,Hold,9.0,Hold,9.0,Hold,4.0,Hold,4.0,Hold,10.0
24/6/2020,283.14,0.7158110919583335,Hold,10.0,Hold,10.0,Hold,4.0,Hold,10.0,Hold,3.0,Hold,9.0,Hold,9.0,Hold,4.0,Hold,4.0,Hold,10.0
25/6/2020,286.18,0.7673376361538461,Hold,10.0,Sell,10.0,Hold,4.0,Hold,10.0,Hold,3.0,Hold,9.0,Sell,9.0,Sell,4.0,Hold,4.0,Hold,10.0
26/6/2020,279.38,-2.191999999996102e-05,Hold,10.0,Buy,10.0,Hold,4.0,Buy,10.0,Hold,3.0,Hold,9.0,Buy,9.0,Hold,4.0,Hold,4.0,Hold,10.0
29/6/2020,283.49,0.000157096744,Hold,10.0,Hold,10.0,Hold,4.0,Hold,10.0,Hold,3.0,Hold,9.0,Sell,9.0,Hold,4.0,Hold,4.0,Hold,10.0
30/6/2020,287.12,0.0338263065033517,Hold,10.0,Hold,10.0,Hold,4.0,Hold,10.0,Hold,3.0,Hold,9.0,Hold,9.0,Hold,4.0,Hold,4.0,Hold,10.0
1/7/2020,289.13,0.4847130648219142,Buy,10.0,Buy,10.0,Hold,4.0,Buy,10.0,Hold,3.0,Hold,9.0,Buy,9.0,Buy,4.0,Hold,4.0,Hold,10.0
2/7/2020,290.72,0.7568745866896552,Hold,10.0,Hold,10.0,Hold,4.0,Hold,10.0,Hold,3.0,Hold,9.0,Hold,9.0,Hold,4.0,Hold,4.0,Hold,10.0
6/7/2020,295.21,0.3819961848384616,Hold,10.0,Hold,10.0,Hold,4.0,Hold,10.0,Hold,3.0,Hold,9.0,Hold,9.0,Hold,4.0,Hold,4.0,Hold,10.0
7/7/2020,292.17,0.9963333486956522,Hold,10.0,Hold,10.0,Hold,4.0,Hold,10.0,Hold,3.0,Hold,9.0,Hold,9.0,Hold,4.0,Hold,4.0,Hold,10.0
8/7/2020,294.4,0.9994865000000002,Hold,10.0,Hold,10.0,Hold,4.0,Hold,10.0,Hold,3.0,Hold,9.0,Hold,9.0,Hold,4.0,Hold,4.0,Buy,10.0
9/7/2020,292.72,0.29991466072855,Hold,10.0,Hold,10.0,Hold,4.0,Hold,10.0,Hold,3.0,Hold,9.0,Hold,9.0,Hold,4.0,Hold,4.0,Hold,10.0
10/7/2020,295.71,0.6193665368484851,Hold,10.0,Hold,10.0,Hold,4.0,Hold,10.0,Hold,3.0,Hold,9.0,Hold,9.0,Hold,4.0,Hold,4.0,Hold,10.0
13/7/2020,293.15,0.753993393595,Hold,10.0,Hold,10.0,Hold,4.0,Hold,10.0,Hold,3.0,Hold,9.0,Hold,9.0,Hold,4.0,Hold,4.0,Hold,10.0
14/7/2020,296.95,0.8436773219444444,Hold,10.0,Hold,10.0,Hold,4.0,Hold,10.0,Hold,3.0,Hold,9.0,Hold,9.0,Hold,4.0,Hold,4.0,Hold,10.0
15/7/2020,299.68,0.8424893,Hold,10.0,Hold,10.0,Hold,4.0,Hold,10.0,Hold,3.0,Hold,9.0,Hold,9.0,Hold,4.0,Hold,4.0,Hold,10.0
16/7/2020,298.69,0.9999751,Hold,10.0,Hold,10.0,Hold,4.0,Hold,10.0,Hold,3.0,Hold,9.0,Hold,9.0,Hold,4.0,Hold,4.0,Hold,10.0
17/7/2020,299.56,0.5965406289541818,Hold,10.0,Hold,10.0,Hold,4.0,Hold,10.0,Hold,3.0,Hold,9.0,Hold,9.0,Hold,4.0,Sell,4.0,Hold,10.0
20/7/2020,301.98,0.4797599970370372,Hold,10.0,Hold,10.0,Hold,4.0,Hold,10.0,Hold,3.0,Hold,9.0,Hold,9.0,Hold,4.0,Sell,4.0,Hold,10.0
21/7/2020,302.62,0.635495390575,Hold,10.0,Hold,10.0,Hold,4.0,Hold,10.0,Hold,3.0,Hold,9.0,Hold,9.0,Hold,4.0,Sell,4.0,Hold,10.0
22/7/2020,304.35,0.4423921297090001,Hold,10.0,Hold,10.0,Hold,4.0,Hold,10.0,Hold,3.0,Hold,9.0,Hold,9.0,Hold,4.0,Sell,4.0,Hold,10.0
23/7/2020,300.71,0.6654760537736512,Hold,10.0,Hold,10.0,Hold,4.0,Hold,10.0,Hold,3.0,Hold,9.0,Hold,9.0,Hold,4.0,Hold,4.0,Hold,10.0
24/7/2020,298.78,0.7625705843478261,Hold,10.0,Hold,10.0,Hold,4.0,Hold,10.0,Hold,3.0,Hold,9.0,Hold,9.0,Hold,4.0,Hold,4.0,Hold,10.0
27/7/2020,300.96,0.9576016,Hold,10.0,Hold,10.0,Hold,4.0,Hold,10.0,Hold,3.0,Hold,9.0,Hold,9.0,Hold,4.0,Hold,4.0,Hold,10.0
28/7/2020,299.05,0.6687979230000001,Hold,10.0,Hold,10.0,Hold,4.0,Hold,10.0,Hold,3.0,Hold,9.0,Hold,9.0,Hold,4.0,Hold,4.0,Hold,10.0
29/7/2020,302.73,-5.730000000037094e-06,Hold,10.0,Hold,10.0,Hold,4.0,Hold,10.0,Hold,3.0,Hold,9.0,Hold,9.0,Hold,4.0,Hold,4.0,Hold,10.0
30/7/2020,301.64,0.995540966153846,Hold,10.0,Hold,10.0,Hold,4.0,Hold,10.0,Hold,3.0,Hold,9.0,Hold,9.0,Hold,4.0,Hold,4.0,Hold,10.0
31/7/2020,304.03,0.91898299,Hold,10.0,Hold,10.0,Hold,4.0,Hold,10.0,Hold,3.0,Hold,9.0,Hold,9.0,Hold,4.0,Hold,4.0,Hold,10.0
3/8/2020,306.14,0.333235671391773,Hold,10.0,Hold,10.0,Hold,4.0,Hold,10.0,Hold,3.0,Hold,9.0,Hold,9.0,Hold,4.0,Hold,4.0,Hold,10.0
4/8/2020,307.32,0.5530973109703705,Hold,10.0,Hold,10.0,Hold,4.0,Hold,10.0,Sell,3.0,Hold,9.0,Hold,9.0,Hold,4.0,Hold,4.0,Hold,10.0
5/8/2020,309.23,0.996529982,Hold,10.0,Hold,10.0,Hold,4.0,Hold,10.0,Hold,3.0,Hold,9.0,Hold,9.0,Hold,4.0,Hold,4.0,Hold,10.0
6/8/2020,311.3,0.99949097,Hold,10.0,Hold,10.0,Hold,4.0,Hold,10.0,Hold,3.0,Hold,9.0,Hold,9.0,Hold,4.0,Sell,4.0,Hold,10.0
7/8/2020,311.52,0.9995667533333334,Hold,10.0,Hold,10.0,Hold,4.0,Hold,10.0,Hold,3.0,Hold,9.0,Hold,9.0,Hold,4.0,Hold,4.0,Hold,10.0
10/8/2020,312.46,0.5371258541666667,Hold,10.0,Hold,10.0,Hold,4.0,Hold,10.0,Hold,3.0,Hold,9.0,Hold,9.0,Hold,4.0,Hold,4.0,Hold,10.0
11/8/2020,309.88,-0.0273735340833823,Hold,10.0,Hold,10.0,Hold,4.0,Hold,10.0,Hold,3.0,Hold,9.0,Hold,9.0,Hold,4.0,Hold,4.0,Hold,10.0
12/8/2020,314.2,0.6478101978883999,Hold,10.0,Hold,10.0,Hold,4.0,Hold,10.0,Hold,3.0,Hold,9.0,Hold,9.0,Hold,4.0,Sell,4.0,Hold,10.0
13/8/2020,313.63,0.8412440619999999,Hold,10.0,Hold,10.0,Hold,4.0,Hold,10.0,Hold,3.0,Hold,9.0,Hold,9.0,Hold,4.0,Sell,4.0,Hold,10.0
14/8/2020,313.64,0.5221211096774194,Hold,10.0,Hold,10.0,Hold,4.0,Hold,10.0,Hold,3.0,Hold,9.0,Hold,9.0,Hold,4.0,Sell,4.0,Hold,10.0
17/8/2020,314.63,0.537280700314465,Hold,10.0,Hold,10.0,Hold,4.0,Hold,10.0,Hold,3.0,Hold,9.0,Hold,9.0,Hold,4.0,Sell,4.0,Hold,10.0
18/8/2020,315.31,0.4054013643423761,Hold,10.0,Hold,10.0,Hold,4.0,Hold,10.0,Hold,3.0,Hold,9.0,Hold,9.0,Hold,4.0,Sell,4.0,Hold,10.0
19/8/2020,314.0,0.47489414475,Hold,10.0,Hold,10.0,Hold,4.0,Hold,10.0,Hold,3.0,Hold,9.0,Hold,9.0,Hold,4.0,Sell,4.0,Hold,10.0
20/8/2020,314.98,0.8651210826666668,Hold,10.0,Hold,10.0,Hold,4.0,Hold,10.0,Hold,3.0,Hold,9.0,Hold,9.0,Hold,4.0,Sell,4.0,Hold,10.0
21/8/2020,316.1,0.999638422,Hold,10.0,Hold,10.0,Hold,4.0,Hold,10.0,Hold,3.0,Hold,9.0,Hold,9.0,Hold,4.0,Sell,4.0,Hold,10.0
24/8/2020,319.3,0.9999918,Hold,10.0,Hold,10.0,Hold,4.0,Hold,10.0,Hold,3.0,Hold,9.0,Hold,9.0,Hold,4.0,Sell,4.0,Hold,10.0
25/8/2020,320.42,0.4878335398557692,Hold,10.0,Hold,10.0,Hold,4.0,Hold,10.0,Hold,3.0,Hold,9.0,Hold,9.0,Hold,4.0,Sell,4.0,Hold,10.0
26/8/2020,323.63,0.2439483427082759,Hold,10.0,Hold,10.0,Hold,4.0,Hold,10.0,Hold,3.0,Hold,9.0,Hold,9.0,Hold,4.0,Sell,4.0,Hold,10.0
27/8/2020,324.34,0.9138987988235292,Hold,10.0,Hold,10.0,Hold,4.0,Hold,10.0,Hold,3.0,Hold,9.0,Hold,9.0,Hold,4.0,Sell,4.0,Hold,10.0
28/8/2020,326.43,0.1058378008787614,Hold,10.0,Hold,10.0,Hold,4.0,Hold,10.0,Hold,3.0,Hold,9.0,Hold,9.0,Hold,4.0,Sell,4.0,Hold,10.0
31/8/2020,325.25,0.49999122539185,Hold,10.0,Hold,10.0,Hold,4.0,Hold,10.0,Hold,3.0,Hold,9.0,Hold,9.0,Hold,4.0,Sell,4.0,Hold,10.0
1/9/2020,328.31,0.2926116419479943,Hold,10.0,Hold,10.0,Hold,4.0,Hold,10.0,Sell,3.0,Hold,9.0,Hold,9.0,Hold,4.0,Sell,4.0,Hold,10.0
2/9/2020,333.06,0.3230656120011451,Hold,10.0,Hold,10.0,Hold,4.0,Hold,10.0,Sell,3.0,Hold,9.0,Hold,9.0,Hold,4.0,Sell,4.0,Hold,10.0
3/9/2020,321.6,0.8252430013793105,Hold,10.0,Hold,10.0,Hold,4.0,Hold,10.0,Hold,3.0,Hold,9.0,Hold,9.0,Hold,4.0,Hold,4.0,Hold,10.0
4/9/2020,318.97,-0.3330815133333333,Sell,10.0,Sell,10.0,Hold,4.0,Sell,10.0,Hold,3.0,Hold,9.0,Hold,9.0,Hold,4.0,Hold,4.0,Hold,10.0
8/9/2020,310.26,0.1927752800730138,Hold,10.0,Hold,10.0,Hold,4.0,Hold,10.0,Hold,3.0,Hold,9.0,Sell,9.0,Hold,4.0,Hold,4.0,Hold,10.0
9/9/2020,316.38,0.5268503184456765,Hold,10.0,Hold,10.0,Hold,4.0,Hold,10.0,Hold,3.0,Hold,9.0,Hold,9.0,Hold,4.0,Hold,4.0,Hold,10.0
10/9/2020,310.89,-0.3999219999999999,Hold,10.0,Hold,10.0,Hold,4.0,Hold,10.0,Hold,3.0,Hold,9.0,Hold,9.0,Hold,4.0,Hold,4.0,Hold,10.0
11/9/2020,311.05,0.9010059346153846,Hold,10.0,Hold,10.0,Hold,4.0,Hold,10.0,Hold,3.0,Hold,9.0,Sell,9.0,Hold,4.0,Hold,4.0,Hold,10.0
14/9/2020,315.15,0.4811875638722687,Hold,10.0,Hold,10.0,Hold,4.0,Hold,10.0,Hold,3.0,Hold,9.0,Hold,9.0,Hold,4.0,Hold,4.0,Hold,10.0
15/9/2020,316.74,0.391481745,Hold,10.0,Hold,10.0,Hold,4.0,Hold,10.0,Hold,3.0,Hold,9.0,Hold,9.0,Hold,4.0,Hold,4.0,Hold,10.0
16/9/2020,315.48,0.2008438235294118,Hold,10.0,Hold,10.0,Hold,4.0,Hold,10.0,Hold,3.0,Hold,9.0,Hold,9.0,Hold,4.0,Hold,4.0,Hold,10.0
17/9/2020,312.71,0.99930456,Hold,10.0,Hold,10.0,Hold,4.0,Hold,10.0,Hold,3.0,Sell,9.0,Hold,9.0,Hold,4.0,Hold,4.0,Hold,10.0
18/9/2020,309.11,0.2744015310526316,Hold,10.0,Hold,10.0,Hold,4.0,Hold,10.0,Hold,3.0,Hold,9.0,Hold,9.0,Hold,4.0,Hold,4.0,Hold,10.0
21/9/2020,305.67,0.8050111749375,Hold,10.0,Hold,10.0,Hold,4.0,Hold,10.0,Hold,3.0,Hold,9.0,Hold,9.0,Hold,4.0,Hold,4.0,Hold,10.0
22/9/2020,308.78,-0.348087935,Hold,10.0,Hold,10.0,Hold,4.0,Hold,10.0,Hold,3.0,Hold,9.0,Hold,9.0,Hold,4.0,Hold,4.0,Hold,10.0
23/9/2020,301.62,0.0769198293020312,Hold,10.0,Hold,10.0,Hold,4.0,Hold,10.0,Hold,3.0,Hold,9.0,Hold,9.0,Hold,4.0,Buy,4.0,Hold,10.0
24/9/2020,302.42,0.8582065163999998,Hold,10.0,Hold,10.0,Hold,4.0,Hold,10.0,Hold,3.0,Hold,9.0,Hold,9.0,Hold,4.0,Hold,4.0,Hold,10.0
25/9/2020,307.31,0.49287788851215,Hold,10.0,Hold,10.0,Hold,4.0,Hold,10.0,Hold,3.0,Hold,9.0,Hold,9.0,Hold,4.0,Hold,4.0,Hold,10.0
28/9/2020,312.42,0.7366849246025368,Hold,10.0,Hold,10.0,Hold,4.0,Hold,10.0,Hold,3.0,Hold,9.0,Hold,9.0,Hold,4.0,Hold,4.0,Hold,10.0
29/9/2020,310.71,0.9172485130287604,Buy,10.0,Buy,10.0,Buy,4.0,Buy,10.0,Hold,3.0,Buy,9.0,Buy,9.0,Hold,4.0,Hold,4.0,Hold,10.0
30/9/2020,313.07,0.74577555025,Hold,10.0,Hold,10.0,Hold,4.0,Hold,10.0,Hold,3.0,Hold,9.0,Hold,9.0,Hold,4.0,Hold,4.0,Hold,10.0
1/10/2020,315.08,0.699829512271,Hold,10.0,Hold,10.0,Hold,4.0,Buy,10.0,Hold,3.0,Buy,9.0,Buy,9.0,Hold,4.0,Hold,4.0,Buy,10.0
2/10/2020,312.09,0.5869193667875294,Hold,10.0,Hold,10.0,Hold,4.0,Hold,10.0,Hold,3.0,Hold,9.0,Hold,9.0,Hold,4.0,Hold,4.0,Hold,10.0
5/10/2020,317.62,2.8092736e-05,Hold,10.0,Hold,10.0,Hold,4.0,Hold,10.0,Hold,3.0,Hold,9.0,Hold,9.0,Hold,4.0,Hold,4.0,Hold,10.0
6/10/2020,313.11,0.9221412076923076,Hold,10.0,Hold,10.0,Hold,4.0,Hold,10.0,Hold,3.0,Hold,9.0,Hold,9.0,Hold,4.0,Hold,4.0,Hold,10.0
7/10/2020,318.56,-0.49823332575,Hold,10.0,Hold,10.0,Hold,4.0,Hold,10.0,Hold,3.0,Hold,9.0,Hold,9.0,Hold,4.0,Hold,4.0,Hold,10.0
8/10/2020,321.38,0.269961328,Hold,10.0,Hold,10.0,Hold,4.0,Hold,10.0,Hold,3.0,Hold,9.0,Hold,9.0,Hold,4.0,Hold,4.0,Hold,10.0
9/10/2020,324.25,0.4887694417578946,Hold,10.0,Hold,10.0,Hold,4.0,Hold,10.0,Hold,3.0,Hold,9.0,Hold,9.0,Hold,4.0,Hold,4.0,Hold,10.0
12/10/2020,329.47,0.6844611240100826,Hold,10.0,Hold,10.0,Hold,4.0,Hold,10.0,Hold,3.0,Hold,9.0,Hold,9.0,Hold,4.0,Hold,4.0,Hold,10.0
13/10/2020,327.32,0.8367414262719712,Hold,10.0,Hold,10.0,Hold,4.0,Hold,10.0,Hold,3.0,Hold,9.0,Hold,9.0,Hold,4.0,Sell,4.0,Hold,10.0
14/10/2020,325.26,0.3175579006896552,Hold,10.0,Hold,10.0,Hold,4.0,Hold,10.0,Sell,3.0,Hold,9.0,Hold,9.0,Hold,4.0,Sell,4.0,Hold,10.0
15/10/2020,324.86,-0.9875107,Hold,10.0,Hold,10.0,Hold,4.0,Hold,10.0,Hold,3.0,Hold,9.0,Hold,9.0,Hold,4.0,Hold,4.0,Hold,10.0
16/10/2020,324.66,0.037446354074074,Hold,10.0,Hold,10.0,Hold,4.0,Hold,10.0,Hold,3.0,Hold,9.0,Hold,9.0,Hold,4.0,Hold,4.0,Hold,10.0
19/10/2020,319.73,0.999739705,Hold,10.0,Hold,10.0,Hold,4.0,Hold,10.0,Hold,3.0,Hold,9.0,Hold,9.0,Hold,4.0,Hold,4.0,Hold,10.0
20/10/2020,321.01,0.7643961388210002,Sell,10.0,Sell,10.0,Sell,4.0,Hold,10.0,Hold,3.0,Hold,9.0,Hold,9.0,Hold,4.0,Hold,4.0,Hold,10.0
21/10/2020,320.4,0.5383885071794872,Hold,10.0,Hold,10.0,Hold,4.0,Hold,10.0,Hold,3.0,Hold,9.0,Hold,9.0,Hold,4.0,Hold,4.0,Hold,10.0
22/10/2020,322.16,0.6699372621739131,Sell,10.0,Hold,10.0,Hold,4.0,Sell,10.0,Hold,3.0,Hold,9.0,Hold,9.0,Hold,4.0,Hold,4.0,Sell,10.0
23/10/2020,323.25,0.93021892,Hold,10.0,Hold,10.0,Hold,4.0,Hold,10.0,Hold,3.0,Hold,9.0,Sell,9.0,Hold,4.0,Hold,4.0,Hold,10.0
26/10/2020,317.28,-0.0767212692307691,Hold,10.0,Hold,10.0,Hold,4.0,Hold,10.0,Hold,3.0,Hold,9.0,Hold,9.0,Hold,4.0,Hold,4.0,Hold,10.0
27/10/2020,316.18,0.9993478,Hold,10.0,Hold,10.0,Sell,4.0,Hold,10.0,Hold,3.0,Sell,9.0,Hold,9.0,Sell,4.0,Hold,4.0,Hold,10.0
28/10/2020,305.38,-0.0830842718824374,Hold,10.0,Hold,10.0,Hold,4.0,Hold,10.0,Hold,3.0,Hold,9.0,Hold,9.0,Hold,4.0,Hold,4.0,Hold,10.0
29/10/2020,308.48,0.9969021405882352,Hold,10.0,Hold,10.0,Hold,4.0,Hold,10.0,Hold,3.0,Hold,9.0,Hold,9.0,Hold,4.0,Hold,4.0,Hold,10.0
30/10/2020,305.26,0.2057494688235293,Hold,10.0,Hold,10.0,Hold,4.0,Hold,10.0,Buy,3.0,Hold,9.0,Hold,9.0,Hold,4.0,Buy,4.0,Hold,10.0
2/11/2020,308.69,0.9246391546153846,Hold,10.0,Hold,10.0,Hold,4.0,Hold,10.0,Buy,3.0,Hold,9.0,Hold,9.0,Hold,4.0,Buy,4.0,Hold,10.0
3/11/2020,314.14,0.5100038615,Hold,10.0,Hold,10.0,Hold,4.0,Hold,10.0,Hold,3.0,Hold,9.0,Hold,9.0,Hold,4.0,Hold,4.0,Hold,10.0
4/11/2020,321.16,0.99999595,Buy,10.0,Buy,10.0,Buy,4.0,Hold,10.0,Hold,3.0,Hold,9.0,Hold,9.0,Hold,4.0,Hold,4.0,Hold,10.0
5/11/2020,327.42,0.3133894116666668,Hold,10.0,Hold,10.0,Hold,4.0,Buy,10.0,Hold,3.0,Buy,9.0,Buy,9.0,Hold,4.0,Hold,4.0,Buy,10.0
6/11/2020,327.35,0.2748413609498175,Hold,10.0,Hold,10.0,Hold,4.0,Hold,10.0,Hold,3.0,Hold,9.0,Hold,9.0,Hold,4.0,Hold,4.0,Hold,10.0
9/11/2020,331.46,0.94768304,Hold,10.0,Hold,10.0,Hold,4.0,Hold,10.0,Hold,3.0,Hold,9.0,Hold,9.0,Hold,4.0,Hold,4.0,Hold,10.0
10/11/2020,330.97,0.0206962799999999,Hold,10.0,Hold,10.0,Hold,4.0,Hold,10.0,Hold,3.0,Hold,9.0,Hold,9.0,Hold,4.0,Hold,4.0,Hold,10.0
11/11/2020,333.43,0.964247579166667,Hold,10.0,Hold,10.0,Hold,4.0,Hold,10.0,Hold,3.0,Hold,9.0,Hold,9.0,Hold,4.0,Hold,4.0,Hold,10.0
12/11/2020,330.2,0.0523011952631578,Hold,10.0,Hold,10.0,Hold,4.0,Hold,10.0,Hold,3.0,Hold,9.0,Hold,9.0,Hold,4.0,Hold,4.0,Hold,10.0
13/11/2020,334.77,0.5855935894256923,Hold,10.0,Hold,10.0,Hold,4.0,Hold,10.0,Hold,3.0,Hold,9.0,Hold,9.0,Hold,4.0,Hold,4.0,Hold,10.0
16/11/2020,338.95,0.7234857177247908,Hold,10.0,Hold,10.0,Hold,4.0,Hold,10.0,Hold,3.0,Hold,9.0,Hold,9.0,Hold,4.0,Hold,4.0,Hold,10.0
17/11/2020,337.12,0.7847938189898594,Hold,10.0,Hold,10.0,Hold,4.0,Hold,10.0,Hold,3.0,Hold,9.0,Hold,9.0,Hold,4.0,Sell,4.0,Hold,10.0
18/11/2020,333.07,0.8520496601052631,Hold,10.0,Hold,10.0,Hold,4.0,Hold,10.0,Hold,3.0,Hold,9.0,Hold,9.0,Hold,4.0,Sell,4.0,Hold,10.0
19/11/2020,334.47,0.797125315161077,Hold,10.0,Hold,10.0,Hold,4.0,Hold,10.0,Hold,3.0,Hold,9.0,Hold,9.0,Hold,4.0,Sell,4.0,Hold,10.0
20/11/2020,332.18,0.4329449953837837,Hold,10.0,Hold,10.0,Hold,4.0,Hold,10.0,Hold,3.0,Hold,9.0,Hold,9.0,Hold,4.0,Sell,4.0,Hold,10.0
23/11/2020,334.17,0.2398167345481482,Hold,10.0,Hold,10.0,Hold,4.0,Hold,10.0,Hold,3.0,Hold,9.0,Hold,9.0,Hold,4.0,Sell,4.0,Hold,10.0
24/11/2020,339.55,0.2200101191879393,Hold,10.0,Hold,10.0,Hold,4.0,Hold,10.0,Hold,3.0,Hold,9.0,Hold,9.0,Hold,4.0,Sell,4.0,Hold,10.0
25/11/2020,339.03,0.5785038814705883,Hold,10.0,Hold,10.0,Hold,4.0,Hold,10.0,Hold,3.0,Hold,9.0,Hold,9.0,Hold,4.0,Hold,4.0,Hold,10.0
27/11/2020,339.98,0.999966215,Hold,10.0,Hold,10.0,Hold,4.0,Hold,10.0,Hold,3.0,Hold,9.0,Hold,9.0,Hold,4.0,Hold,4.0,Hold,10.0
30/11/2020,338.47,0.6822118913405406,Hold,10.0,Hold,10.0,Hold,4.0,Hold,10.0,Hold,3.0,Hold,9.0,Hold,9.0,Hold,4.0,Hold,4.0,Hold,10.0
1/12/2020,342.17,-0.1663193945833333,Hold,10.0,Hold,10.0,Hold,4.0,Hold,10.0,Hold,3.0,Hold,9.0,Hold,9.0,Hold,4.0,Hold,4.0,Hold,10.0
2/12/2020,342.89,0.4029410692201304,Hold,10.0,Hold,10.0,Hold,4.0,Hold,10.0,Hold,3.0,Hold,9.0,Hold,9.0,Hold,4.0,Hold,4.0,Hold,10.0
3/12/2020,342.8,0.9973602954545452,Hold,10.0,Hold,10.0,Hold,4.0,Hold,10.0,Hold,3.0,Hold,9.0,Hold,9.0,Hold,4.0,Hold,4.0,Hold,10.0
4/12/2020,345.75,0.620505791891892,Hold,10.0,Hold,10.0,Hold,4.0,Hold,10.0,Hold,3.0,Hold,9.0,Hold,9.0,Hold,4.0,Hold,4.0,Hold,10.0
7/12/2020,345.04,0.99855188969697,Hold,10.0,Hold,10.0,Hold,4.0,Hold,10.0,Hold,3.0,Hold,9.0,Hold,9.0,Hold,4.0,Hold,4.0,Hold,10.0
8/12/2020,346.05,0.9970653837500004,Hold,10.0,Hold,10.0,Hold,4.0,Hold,10.0,Hold,3.0,Hold,9.0,Hold,9.0,Hold,4.0,Hold,4.0,Hold,10.0
9/12/2020,342.95,0.64916409983,Hold,10.0,Hold,10.0,Hold,4.0,Hold,10.0,Hold,3.0,Hold,9.0,Hold,9.0,Hold,4.0,Hold,4.0,Hold,10.0
10/12/2020,342.84,0.5888009757020513,Sell,10.0,Hold,10.0,Hold,4.0,Hold,10.0,Hold,3.0,Hold,9.0,Hold,9.0,Hold,4.0,Hold,4.0,Hold,10.0
11/12/2020,342.43,0.5900937632791561,Hold,10.0,Hold,10.0,Hold,4.0,Hold,10.0,Sell,3.0,Hold,9.0,Hold,9.0,Hold,4.0,Sell,4.0,Hold,10.0
14/12/2020,340.9,0.4916435169579545,Hold,10.0,Hold,10.0,Hold,4.0,Hold,10.0,Hold,3.0,Hold,9.0,Hold,9.0,Hold,4.0,Hold,4.0,Hold,10.0
15/12/2020,345.51,0.5139993464999999,Hold,10.0,Sell,10.0,Hold,4.0,Hold,10.0,Hold,3.0,Hold,9.0,Hold,9.0,Hold,4.0,Hold,4.0,Hold,10.0
16/12/2020,346.05,0.6722890432191305,Hold,10.0,Buy,10.0,Hold,4.0,Hold,10.0,Hold,3.0,Hold,9.0,Hold,9.0,Hold,4.0,Hold,4.0,Hold,10.0
17/12/2020,347.99,0.2232756695135135,Hold,10.0,Hold,10.0,Hold,4.0,Hold,10.0,Hold,3.0,Hold,9.0,Hold,9.0,Hold,4.0,Hold,4.0,Hold,10.0
18/12/2020,346.6,0.3104985168769113,Hold,10.0,Hold,10.0,Hold,4.0,Hold,10.0,Hold,3.0,Hold,9.0,Hold,9.0,Hold,4.0,Hold,4.0,Hold,10.0
21/12/2020,345.36,0.8398648163782201,Hold,10.0,Hold,10.0,Hold,4.0,Hold,10.0,Sell,3.0,Hold,9.0,Hold,9.0,Hold,4.0,Hold,4.0,Hold,10.0
22/12/2020,344.78,0.1178627933333333,Hold,10.0,Hold,10.0,Hold,4.0,Hold,10.0,Hold,3.0,Hold,9.0,Hold,9.0,Hold,4.0,Hold,4.0,Hold,10.0
23/12/2020,345.09,0.7217779903513706,Hold,10.0,Hold,10.0,Hold,4.0,Hold,10.0,Hold,3.0,Hold,9.0,Hold,9.0,Hold,4.0,Hold,4.0,Hold,10.0
24/12/2020,346.43,-0.0017108049999999,Hold,10.0,Hold,10.0,Hold,4.0,Hold,10.0,Hold,3.0,Hold,9.0,Hold,9.0,Hold,4.0,Hold,4.0,Hold,10.0
28/12/2020,349.4,0.99991388375,Hold,10.0,Hold,10.0,Hold,4.0,Hold,10.0,Hold,3.0,Hold,9.0,Hold,9.0,Hold,4.0,Hold,4.0,Hold,10.0
29/12/2020,348.74,0.0562315,Hold,10.0,Hold,10.0,Hold,4.0,Hold,10.0,Hold,3.0,Hold,9.0,Hold,9.0,Hold,4.0,Hold,4.0,Hold,10.0
30/12/2020,349.24,0.5623382394227513,Hold,10.0,Hold,10.0,Hold,4.0,Hold,10.0,Hold,3.0,Hold,9.0,Hold,9.0,Hold,4.0,Hold,4.0,Hold,10.0
31/12/2020,351.01,0.9956828266666669,Hold,10.0,Hold,10.0,Hold,4.0,Hold,10.0,Hold,3.0,Hold,9.0,Hold,9.0,Hold,4.0,Sell,4.0,Hold,10.0
4/1/2021,346.23,0.6971337970913044,Hold,10.0,Hold,10.0,Hold,4.0,Hold,10.0,Hold,3.0,Hold,9.0,Hold,9.0,Hold,4.0,Hold,4.0,Hold,10.0
5/1/2021,348.62,0.99998164,Hold,10.0,Hold,10.0,Hold,4.0,Hold,10.0,Hold,3.0,Hold,9.0,Hold,9.0,Hold,4.0,Hold,4.0,Hold,10.0
6/1/2021,350.7,0.3941985446916666,Buy,10.0,Hold,10.0,Hold,4.0,Hold,10.0,Hold,3.0,Hold,9.0,Hold,9.0,Hold,4.0,Hold,4.0,Hold,10.0
7/1/2021,355.91,-0.0285098139532083,Hold,10.0,Hold,10.0,Hold,4.0,Hold,10.0,Hold,3.0,Hold,9.0,Hold,9.0,Hold,4.0,Hold,4.0,Hold,10.0
8/1/2021,357.94,0.4326803922582609,Hold,10.0,Hold,10.0,Hold,4.0,Hold,10.0,Hold,3.0,Hold,9.0,Hold,9.0,Hold,4.0,Hold,4.0,Hold,10.0
11/1/2021,355.53,0.737624293017458,Hold,10.0,Hold,10.0,Hold,4.0,Hold,10.0,Hold,3.0,Hold,9.0,Hold,9.0,Hold,4.0,Hold,4.0,Hold,10.0
12/1/2021,355.6,0.8120453855,Hold,10.0,Hold,10.0,Hold,4.0,Hold,10.0,Hold,3.0,Hold,9.0,Hold,9.0,Hold,4.0,Hold,4.0,Hold,10.0
13/1/2021,356.56,6.185000000015682e-06,Hold,10.0,Hold,10.0,Hold,4.0,Hold,10.0,Hold,3.0,Hold,9.0,Hold,9.0,Hold,4.0,Sell,4.0,Hold,10.0
14/1/2021,355.31,0.99878807,Hold,10.0,Hold,10.0,Hold,4.0,Hold,10.0,Hold,3.0,Hold,9.0,Hold,9.0,Hold,4.0,Hold,4.0,Hold,10.0
15/1/2021,352.72,0.2250159724390244,Sell,10.0,Hold,10.0,Hold,4.0,Hold,10.0,Hold,3.0,Hold,9.0,Hold,9.0,Hold,4.0,Hold,4.0,Hold,10.0
19/1/2021,355.49,0.7776056877586207,Sell,10.0,Hold,10.0,Hold,4.0,Hold,10.0,Hold,3.0,Hold,9.0,Hold,9.0,Hold,4.0,Hold,4.0,Hold,10.0
20/1/2021,360.41,0.6637301494685146,Buy,10.0,Hold,10.0,Hold,4.0,Buy,10.0,Hold,3.0,Hold,9.0,Hold,9.0,Hold,4.0,Hold,4.0,Hold,10.0
21/1/2021,360.74,0.29388516760325,Hold,10.0,Hold,10.0,Hold,4.0,Hold,10.0,Hold,3.0,Hold,9.0,Hold,9.0,Hold,4.0,Hold,4.0,Hold,10.0
22/1/2021,359.46,0.3572743733333334,Hold,10.0,Hold,10.0,Hold,4.0,Hold,10.0,Hold,3.0,Hold,9.0,Hold,9.0,Hold,4.0,Hold,4.0,Hold,10.0
25/1/2021,360.88,0.6710242048873792,Hold,10.0,Hold,10.0,Hold,4.0,Hold,10.0,Sell,3.0,Hold,9.0,Hold,9.0,Hold,4.0,Sell,4.0,Hold,10.0
26/1/2021,360.31,0.4448757533534437,Hold,10.0,Hold,10.0,Hold,4.0,Hold,10.0,Sell,3.0,Hold,9.0,Hold,9.0,Hold,4.0,Sell,4.0,Hold,10.0
27/1/2021,351.51,0.5846770383076924,Sell,10.0,Hold,10.0,Hold,4.0,Sell,10.0,Hold,3.0,Hold,9.0,Hold,9.0,Hold,4.0,Hold,4.0,Hold,10.0
28/1/2021,354.53,0.7135175107532469,Hold,10.0,Sell,10.0,Hold,4.0,Hold,10.0,Hold,3.0,Hold,9.0,Sell,9.0,Hold,4.0,Hold,4.0,Hold,10.0
29/1/2021,347.43,0.7240456748478045,Hold,10.0,Hold,10.0,Hold,4.0,Buy,10.0,Hold,3.0,Hold,9.0,Buy,9.0,Hold,4.0,Hold,4.0,Hold,10.0
1/2/2021,353.22,0.6121490467331279,Hold,10.0,Hold,10.0,Hold,4.0,Hold,10.0,Hold,3.0,Hold,9.0,Sell,9.0,Hold,4.0,Hold,4.0,Hold,10.0
2/2/2021,358.21,0.7024632161998124,Hold,10.0,Hold,10.0,Hold,4.0,Hold,10.0,Hold,3.0,Hold,9.0,Hold,9.0,Hold,4.0,Hold,4.0,Hold,10.0
3/2/2021,358.49,0.5578759634054055,Buy,10.0,Hold,10.0,Hold,4.0,Buy,10.0,Hold,3.0,Hold,9.0,Hold,9.0,Hold,4.0,Hold,4.0,Hold,10.0
4/2/2021,362.57,0.800086215301125,Hold,10.0,Hold,10.0,Hold,4.0,Hold,10.0,Hold,3.0,Hold,9.0,Hold,9.0,Hold,4.0,Hold,4.0,Hold,10.0
5/2/2021,363.99,0.566752916875,Hold,10.0,Hold,10.0,Hold,4.0,Hold,10.0,Hold,3.0,Hold,9.0,Hold,9.0,Hold,4.0,Hold,4.0,Hold,10.0
8/2/2021,366.62,0.77788236,Hold,10.0,Hold,10.0,Hold,4.0,Hold,10.0,Hold,3.0,Hold,9.0,Hold,9.0,Hold,4.0,Hold,4.0,Hold,10.0
9/2/2021,366.38,0.8253680635037739,Hold,10.0,Hold,10.0,Hold,4.0,Hold,10.0,Hold,3.0,Hold,9.0,Hold,9.0,Hold,4.0,Hold,4.0,Hold,10.0
10/2/2021,366.22,0.5496682450975611,Hold,10.0,Hold,10.0,Hold,4.0,Hold,10.0,Hold,3.0,Hold,9.0,Hold,9.0,Hold,4.0,Hold,4.0,Hold,10.0
11/2/2021,366.81,0.8006268124979594,Hold,10.0,Hold,10.0,Hold,4.0,Hold,10.0,Hold,3.0,Hold,9.0,Hold,9.0,Hold,4.0,Hold,4.0,Hold,10.0
12/2/2021,368.62,0.2983698439062499,Hold,10.0,Hold,10.0,Hold,4.0,Hold,10.0,Hold,3.0,Hold,9.0,Hold,9.0,Hold,4.0,Hold,4.0,Hold,10.0
16/2/2021,368.3,0.6741994528932227,Hold,10.0,Hold,10.0,Hold,4.0,Hold,10.0,Hold,3.0,Hold,9.0,Hold,9.0,Hold,4.0,Hold,4.0,Hold,10.0
17/2/2021,368.39,0.8951797861612903,Hold,10.0,Hold,10.0,Hold,4.0,Hold,10.0,Sell,3.0,Hold,9.0,Hold,9.0,Hold,4.0,Sell,4.0,Hold,10.0
18/2/2021,366.82,0.9072410969476924,Hold,10.0,Hold,10.0,Hold,4.0,Hold,10.0,Hold,3.0,Hold,9.0,Hold,9.0,Hold,4.0,Hold,4.0,Hold,10.0
19/2/2021,366.17,0.6016655925,Hold,10.0,Hold,10.0,Hold,4.0,Hold,10.0,Sell,3.0,Hold,9.0,Hold,9.0,Hold,4.0,Sell,4.0,Hold,10.0
22/2/2021,363.36,0.7570930532580648,Sell,10.0,Hold,10.0,Hold,4.0,Sell,10.0,Sell,3.0,Hold,9.0,Hold,9.0,Hold,4.0,Sell,4.0,Hold,10.0
23/2/2021,363.8,0.8252163195654744,Hold,10.0,Sell,10.0,Hold,4.0,Hold,10.0,Hold,3.0,Hold,9.0,Hold,9.0,Sell,4.0,Hold,4.0,Hold,10.0
24/2/2021,367.81,0.8598443355200002,Hold,10.0,Hold,10.0,Hold,4.0,Hold,10.0,Sell,3.0,Hold,9.0,Hold,9.0,Hold,4.0,Sell,4.0,Hold,10.0
25/2/2021,358.94,0.6376914489473684,Hold,10.0,Hold,10.0,Hold,4.0,Hold,10.0,Hold,3.0,Hold,9.0,Hold,9.0,Hold,4.0,Hold,4.0,Hold,10.0
26/2/2021,357.09,0.9405971147721311,Hold,10.0,Sell,10.0,Sell,4.0,Hold,10.0,Hold,3.0,Sell,9.0,Sell,9.0,Sell,4.0,Hold,4.0,Hold,10.0
1/3/2021,365.75,0.7691631382397593,Hold,10.0,Hold,10.0,Hold,4.0,Hold,10.0,Hold,3.0,Hold,9.0,Hold,9.0,Hold,4.0,Hold,4.0,Hold,10.0
2/3/2021,362.9,-0.2936521748311978,Buy,10.0,Hold,10.0,Buy,4.0,Buy,10.0,Hold,3.0,Buy,9.0,Hold,9.0,Hold,4.0,Hold,4.0,Hold,10.0
3/3/2021,358.09,0.6191933118338601,Hold,10.0,Hold,10.0,Sell,4.0,Hold,10.0,Hold,3.0,Hold,9.0,Hold,9.0,Sell,4.0,Hold,4.0,Hold,10.0
4/3/2021,353.66,0.5734897614553175,Hold,10.0,Hold,10.0,Hold,4.0,Hold,10.0,Hold,3.0,Sell,9.0,Hold,9.0,Hold,4.0,Hold,4.0,Hold,10.0
5/3/2021,360.16,0.5721760091058824,Hold,10.0,Hold,10.0,Hold,4.0,Hold,10.0,Hold,3.0,Hold,9.0,Hold,9.0,Hold,4.0,Hold,4.0,Hold,10.0
8/3/2021,358.37,0.7739620506976747,Hold,10.0,Hold,10.0,Hold,4.0,Hold,10.0,Hold,3.0,Hold,9.0,Hold,9.0,Hold,4.0,Hold,4.0,Hold,10.0
9/3/2021,363.49,0.4073484078641916,Hold,10.0,Hold,10.0,Hold,4.0,Hold,10.0,Hold,3.0,Hold,9.0,Hold,9.0,Hold,4.0,Hold,4.0,Hold,10.0
10/3/2021,365.75,0.8181438458136202,Buy,10.0,Buy,10.0,Buy,4.0,Buy,10.0,Hold,3.0,Buy,9.0,Buy,9.0,Buy,4.0,Hold,4.0,Hold,10.0
11/3/2021,369.46,0.712172101584522,Hold,10.0,Hold,10.0,Hold,4.0,Hold,10.0,Hold,3.0,Hold,9.0,Hold,9.0,Hold,4.0,Hold,4.0,Buy,10.0
12/3/2021,369.96,0.8783251521596,Hold,10.0,Hold,10.0,Hold,4.0,Hold,10.0,Hold,3.0,Hold,9.0,Hold,9.0,Hold,4.0,Hold,4.0,Hold,10.0
15/3/2021,372.16,0.787070859835,Hold,10.0,Buy,10.0,Hold,4.0,Hold,10.0,Hold,3.0,Hold,9.0,Hold,9.0,Hold,4.0,Hold,4.0,Hold,10.0
16/3/2021,371.69,0.4682251297105263,Hold,10.0,Hold,10.0,Hold,4.0,Hold,10.0,Hold,3.0,Hold,9.0,Hold,9.0,Hold,4.0,Hold,4.0,Hold,10.0
17/3/2021,372.96,0.922690733697763,Hold,10.0,Hold,10.0,Hold,4.0,Hold,10.0,Hold,3.0,Hold,9.0,Hold,9.0,Buy,4.0,Hold,4.0,Buy,10.0
18/3/2021,367.53,0.9245927593488374,Hold,10.0,Hold,10.0,Hold,4.0,Hold,10.0,Hold,3.0,Hold,9.0,Hold,9.0,Hold,4.0,Hold,4.0,Hold,10.0
19/3/2021,366.85,0.6464800067750599,Hold,10.0,Hold,10.0,Hold,4.0,Hold,10.0,Hold,3.0,Hold,9.0,Hold,9.0,Hold,4.0,Hold,4.0,Hold,10.0
22/3/2021,369.78,0.6291021015852042,Sell,10.0,Sell,10.0,Hold,4.0,Hold,10.0,Hold,3.0,Hold,9.0,Hold,9.0,Hold,4.0,Hold,4.0,Hold,10.0
23/3/2021,366.87,0.9150291902889474,Buy,10.0,Buy,10.0,Hold,4.0,Hold,10.0,Hold,3.0,Hold,9.0,Hold,9.0,Hold,4.0,Hold,4.0,Hold,10.0
24/3/2021,365.01,0.8021961239024391,Sell,10.0,Sell,10.0,Hold,4.0,Sell,10.0,Hold,3.0,Hold,9.0,Hold,9.0,Hold,4.0,Hold,4.0,Hold,10.0
25/3/2021,367.06,0.6620719461200294,Hold,10.0,Hold,10.0,Hold,4.0,Hold,10.0,Hold,3.0,Hold,9.0,Sell,9.0,Hold,4.0,Hold,4.0,Hold,10.0
26/3/2021,372.98,0.6528815083217359,Buy,10.0,Hold,10.0,Hold,4.0,Buy,10.0,Hold,3.0,Hold,9.0,Hold,9.0,Hold,4.0,Hold,4.0,Hold,10.0
29/3/2021,372.79,0.8962485751009058,Hold,10.0,Buy,10.0,Hold,4.0,Hold,10.0,Hold,3.0,Hold,9.0,Hold,9.0,Hold,4.0,Hold,4.0,Hold,10.0
30/3/2021,371.8,0.5313433410801899,Hold,10.0,Hold,10.0,Hold,4.0,Hold,10.0,Hold,3.0,Hold,9.0,Hold,9.0,Hold,4.0,Hold,4.0,Hold,10.0
31/3/2021,373.31,0.3754788197835278,Hold,10.0,Hold,10.0,Hold,4.0,Hold,10.0,Hold,3.0,Hold,9.0,Hold,9.0,Hold,4.0,Hold,4.0,Hold,10.0
1/4/2021,377.34,0.7342248278185999,Hold,10.0,Hold,10.0,Hold,4.0,Hold,10.0,Hold,3.0,Hold,9.0,Hold,9.0,Hold,4.0,Hold,4.0,Hold,10.0
5/4/2021,382.75,0.2515869574811814,Hold,10.0,Hold,10.0,Hold,4.0,Hold,10.0,Hold,3.0,Hold,9.0,Hold,9.0,Hold,4.0,Hold,4.0,Hold,10.0
6/4/2021,382.53,0.5431660836613705,Hold,10.0,Hold,10.0,Hold,4.0,Hold,10.0,Hold,3.0,Hold,9.0,Hold,9.0,Hold,4.0,Hold,4.0,Hold,10.0
7/4/2021,382.97,0.8346166433333333,Hold,10.0,Hold,10.0,Hold,4.0,Hold,10.0,Hold,3.0,Hold,9.0,Hold,9.0,Hold,4.0,Hold,4.0,Hold,10.0
8/4/2021,384.79,0.7587470011487778,Hold,10.0,Hold,10.0,Hold,4.0,Hold,10.0,Hold,3.0,Hold,9.0,Hold,9.0,Hold,4.0,Sell,4.0,Hold,10.0
9/4/2021,387.58,0.5683771047450714,Hold,10.0,Hold,10.0,Hold,4.0,Hold,10.0,Hold,3.0,Hold,9.0,Hold,9.0,Hold,4.0,Sell,4.0,Hold,10.0
12/4/2021,387.73,0.8639844741821,Hold,10.0,Hold,10.0,Hold,4.0,Hold,10.0,Hold,3.0,Hold,9.0,Hold,9.0,Hold,4.0,Sell,4.0,Hold,10.0
13/4/2021,388.87,0.6000067628355001,Hold,10.0,Hold,10.0,Hold,4.0,Hold,10.0,Hold,3.0,Hold,9.0,Hold,9.0,Hold,4.0,Sell,4.0,Hold,10.0
14/4/2021,387.55,0.851226410304348,Hold,10.0,Hold,10.0,Hold,4.0,Hold,10.0,Hold,3.0,Hold,9.0,Hold,9.0,Hold,4.0,Sell,4.0,Hold,10.0
15/4/2021,391.71,-0.0741636692307692,Hold,10.0,Hold,10.0,Hold,4.0,Hold,10.0,Hold,3.0,Hold,9.0,Hold,9.0,Hold,4.0,Sell,4.0,Hold,10.0
16/4/2021,393.02,0.6946951887716146,Hold,10.0,Hold,10.0,Hold,4.0,Hold,10.0,Hold,3.0,Hold,9.0,Hold,9.0,Hold,4.0,Sell,4.0,Hold,10.0
19/4/2021,391.09,0.8388230397835961,Hold,10.0,Hold,10.0,Hold,4.0,Hold,10.0,Hold,3.0,Hold,9.0,Hold,9.0,Hold,4.0,Sell,4.0,Hold,10.0
20/4/2021,388.23,0.393397705,Hold,10.0,Hold,10.0,Hold,4.0,Hold,10.0,Hold,3.0,Hold,9.0,Hold,9.0,Hold,4.0,Sell,4.0,Hold,10.0
21/4/2021,391.9,0.8458030285536015,Hold,10.0,Hold,10.0,Hold,4.0,Hold,10.0,Hold,3.0,Hold,9.0,Hold,9.0,Hold,4.0,Sell,4.0,Hold,10.0
22/4/2021,388.32,0.5835488340429449,Hold,10.0,Hold,10.0,Hold,4.0,Hold,10.0,Hold,3.0,Hold,9.0,Hold,9.0,Hold,4.0,Hold,4.0,Hold,10.0
23/4/2021,392.53,0.8817275108928572,Hold,10.0,Hold,10.0,Hold,4.0,Hold,10.0,Hold,3.0,Hold,9.0,Hold,9.0,Hold,4.0,Hold,4.0,Hold,10.0
26/4/2021,393.35,0.8334897042725,Hold,10.0,Hold,10.0,Hold,4.0,Hold,10.0,Hold,3.0,Hold,9.0,Hold,9.0,Hold,4.0,Hold,4.0,Hold,10.0
27/4/2021,393.26,0.7871543038005713,Hold,10.0,Hold,10.0,Hold,4.0,Hold,10.0,Hold,3.0,Hold,9.0,Hold,9.0,Hold,4.0,Hold,4.0,Hold,10.0
28/4/2021,393.15,0.704142366660853,Hold,10.0,Hold,10.0,Hold,4.0,Hold,10.0,Hold,3.0,Hold,9.0,Hold,9.0,Hold,4.0,Hold,4.0,Hold,10.0
29/4/2021,395.66,0.442288266,Hold,10.0,Hold,10.0,Hold,4.0,Hold,10.0,Hold,3.0,Hold,9.0,Hold,9.0,Hold,4.0,Hold,4.0,Hold,10.0
30/4/2021,393.06,0.7072168488888891,Hold,10.0,Hold,10.0,Hold,4.0,Hold,10.0,Hold,3.0,Hold,9.0,Hold,9.0,Hold,4.0,Hold,4.0,Hold,10.0
3/5/2021,393.9,0.647095390772793,Hold,10.0,Hold,10.0,Hold,4.0,Hold,10.0,Hold,3.0,Hold,9.0,Hold,9.0,Hold,4.0,Hold,4.0,Hold,10.0
4/5/2021,391.47,0.2267784978419438,Hold,10.0,Hold,10.0,Hold,4.0,Hold,10.0,Hold,3.0,Hold,9.0,Hold,9.0,Hold,4.0,Hold,4.0,Hold,10.0
5/5/2021,391.6,0.916488158436667,Hold,10.0,Sell,10.0,Hold,4.0,Hold,10.0,Hold,3.0,Hold,9.0,Hold,9.0,Hold,4.0,Hold,4.0,Hold,10.0
6/5/2021,394.72,0.5799444754703127,Hold,10.0,Hold,10.0,Hold,4.0,Hold,10.0,Hold,3.0,Hold,9.0,Hold,9.0,Hold,4.0,Hold,4.0,Hold,10.0
7/5/2021,397.6,0.9881635578125,Hold,10.0,Hold,10.0,Hold,4.0,Hold,10.0,Hold,3.0,Hold,9.0,Hold,9.0,Hold,4.0,Hold,4.0,Hold,10.0
10/5/2021,393.66,0.6675666812738037,Hold,10.0,Hold,10.0,Hold,4.0,Hold,10.0,Hold,3.0,Hold,9.0,Hold,9.0,Hold,4.0,Hold,4.0,Hold,10.0
11/5/2021,390.15,0.5848236732253124,Hold,10.0,Hold,10.0,Hold,4.0,Hold,10.0,Hold,3.0,Hold,9.0,Hold,9.0,Hold,4.0,Hold,4.0,Hold,10.0
12/5/2021,381.86,0.7443262112102256,Hold,10.0,Sell,10.0,Hold,4.0,Hold,10.0,Hold,3.0,Hold,9.0,Sell,9.0,Sell,4.0,Hold,4.0,Hold,10.0
13/5/2021,386.44,0.4749110348076924,Hold,10.0,Hold,10.0,Hold,4.0,Hold,10.0,Hold,3.0,Hold,9.0,Hold,9.0,Hold,4.0,Hold,4.0,Hold,10.0
14/5/2021,392.38,0.855062958222734,Hold,10.0,Hold,10.0,Hold,4.0,Hold,10.0,Hold,3.0,Hold,9.0,Hold,9.0,Hold,4.0,Hold,4.0,Hold,10.0
17/5/2021,391.38,0.4156230560357143,Hold,10.0,Buy,10.0,Hold,4.0,Hold,10.0,Hold,3.0,Hold,9.0,Buy,9.0,Hold,4.0,Hold,4.0,Hold,10.0
18/5/2021,388.01,0.6239632,Hold,10.0,Hold,10.0,Hold,4.0,Hold,10.0,Hold,3.0,Hold,9.0,Hold,9.0,Sell,4.0,Hold,4.0,Hold,10.0
19/5/2021,386.99,0.9115107573029556,Hold,10.0,Hold,10.0,Hold,4.0,Hold,10.0,Hold,3.0,Hold,9.0,Hold,9.0,Hold,4.0,Hold,4.0,Hold,10.0
20/5/2021,391.15,0.7456691638192751,Hold,10.0,Hold,10.0,Hold,4.0,Hold,10.0,Hold,3.0,Hold,9.0,Hold,9.0,Hold,4.0,Hold,4.0,Hold,10.0
21/5/2021,390.83,0.9927789771428572,Buy,10.0,Buy,10.0,Hold,4.0,Buy,10.0,Hold,3.0,Hold,9.0,Buy,9.0,Buy,4.0,Hold,4.0,Hold,10.0
24/5/2021,394.82,0.6380735597619048,Hold,10.0,Hold,10.0,Hold,4.0,Hold,10.0,Hold,3.0,Hold,9.0,Hold,9.0,Hold,4.0,Hold,4.0,Hold,10.0
25/5/2021,393.94,0.6468581586363635,Hold,10.0,Hold,10.0,Hold,4.0,Hold,10.0,Hold,3.0,Hold,9.0,Hold,9.0,Hold,4.0,Hold,4.0,Hold,10.0
26/5/2021,394.72,0.9964864428571428,Hold,10.0,Hold,10.0,Hold,4.0,Hold,10.0,Hold,3.0,Hold,9.0,Hold,9.0,Hold,4.0,Hold,4.0,Hold,10.0
27/5/2021,394.93,0.2241768919089083,Hold,10.0,Hold,10.0,Hold,4.0,Hold,10.0,Hold,3.0,Hold,9.0,Hold,9.0,Hold,4.0,Hold,4.0,Buy,10.0
28/5/2021,395.64,0.3506798415393941,Hold,10.0,Hold,10.0,Hold,4.0,Hold,10.0,Hold,3.0,Hold,9.0,Hold,9.0,Hold,4.0,Hold,4.0,Hold,10.0
1/6/2021,395.29,0.8810304322500715,Hold,10.0,Hold,10.0,Hold,4.0,Hold,10.0,Hold,3.0,Hold,9.0,Hold,9.0,Hold,4.0,Hold,4.0,Hold,10.0
2/6/2021,395.91,0.3721280293030304,Hold,10.0,Hold,10.0,Hold,4.0,Hold,10.0,Hold,3.0,Hold,9.0,Hold,9.0,Hold,4.0,Sell,4.0,Hold,10.0
3/6/2021,394.44,0.9996334931034484,Hold,10.0,Hold,10.0,Hold,4.0,Hold,10.0,Hold,3.0,Hold,9.0,Hold,9.0,Hold,4.0,Hold,4.0,Hold,10.0
4/6/2021,398.05,0.506317564604978,Hold,10.0,Hold,10.0,Hold,4.0,Hold,10.0,Hold,3.0,Hold,9.0,Hold,9.0,Hold,4.0,Hold,4.0,Hold,10.0
7/6/2021,397.66,0.4991768279310345,Hold,10.0,Hold,10.0,Hold,4.0,Hold,10.0,Hold,3.0,Hold,9.0,Hold,9.0,Hold,4.0,Hold,4.0,Hold,10.0
8/6/2021,397.75,0.9752769508,Hold,10.0,Hold,10.0,Hold,4.0,Hold,10.0,Hold,3.0,Hold,9.0,Hold,9.0,Hold,4.0,Sell,4.0,Hold,10.0
9/6/2021,397.15,0.7482766651551725,Hold,10.0,Hold,10.0,Hold,4.0,Hold,10.0,Hold,3.0,Hold,9.0,Hold,9.0,Hold,4.0,Sell,4.0,Hold,10.0
10/6/2021,399.0,0.8817562879999999,Hold,10.0,Hold,10.0,Hold,4.0,Hold,10.0,Hold,3.0,Hold,9.0,Hold,9.0,Hold,4.0,Sell,4.0,Hold,10.0
11/6/2021,399.66,0.6301301509376747,Hold,10.0,Hold,10.0,Hold,4.0,Hold,10.0,Hold,3.0,Hold,9.0,Hold,9.0,Hold,4.0,Sell,4.0,Hold,10.0
14/6/2021,400.55,0.9945639745454544,Hold,10.0,Hold,10.0,Hold,4.0,Hold,10.0,Hold,3.0,Hold,9.0,Hold,9.0,Hold,4.0,Sell,4.0,Hold,10.0
15/6/2021,399.82,0.9818132013513516,Hold,10.0,Hold,10.0,Hold,4.0,Hold,10.0,Sell,3.0,Hold,9.0,Hold,9.0,Hold,4.0,Sell,4.0,Hold,10.0
16/6/2021,397.59,0.6376778336363638,Hold,10.0,Hold,10.0,Hold,4.0,Hold,10.0,Hold,3.0,Hold,9.0,Hold,9.0,Hold,4.0,Hold,4.0,Hold,10.0
17/6/2021,397.46,0.805208318,Sell,10.0,Sell,10.0,Hold,4.0,Sell,10.0,Hold,3.0,Hold,9.0,Hold,9.0,Hold,4.0,Hold,4.0,Hold,10.0
18/6/2021,392.09,0.8644127650000001,Hold,10.0,Hold,10.0,Hold,4.0,Hold,10.0,Hold,3.0,Hold,9.0,Hold,9.0,Hold,4.0,Hold,4.0,Hold,10.0
21/6/2021,397.71,0.738634494298435,Hold,10.0,Hold,10.0,Hold,4.0,Hold,10.0,Hold,3.0,Hold,9.0,Sell,9.0,Hold,4.0,Hold,4.0,Hold,10.0
22/6/2021,399.83,0.7990238633803157,Buy,10.0,Buy,10.0,Hold,4.0,Buy,10.0,Hold,3.0,Hold,9.0,Buy,9.0,Hold,4.0,Hold,4.0,Hold,10.0
23/6/2021,399.35,0.999954508,Hold,10.0,Hold,10.0,Hold,4.0,Hold,10.0,Hold,3.0,Hold,9.0,Hold,9.0,Hold,4.0,Hold,4.0,Hold,10.0
24/6/2021,401.71,0.9909290052631576,Hold,10.0,Hold,10.0,Hold,4.0,Hold,10.0,Hold,3.0,Hold,9.0,Hold,9.0,Hold,4.0,Hold,4.0,Hold,10.0
25/6/2021,403.14,0.5964325802941176,Hold,10.0,Hold,10.0,Hold,4.0,Hold,10.0,Hold,3.0,Hold,9.0,Hold,9.0,Hold,4.0,Hold,4.0,Hold,10.0
28/6/2021,403.95,0.4280444511525499,Hold,10.0,Hold,10.0,Hold,4.0,Hold,10.0,Hold,3.0,Hold,9.0,Hold,9.0,Hold,4.0,Hold,4.0,Hold,10.0
29/6/2021,404.17,0.2255471836252994,Hold,10.0,Hold,10.0,Hold,4.0,Hold,10.0,Hold,3.0,Hold,9.0,Hold,9.0,Hold,4.0,Hold,4.0,Hold,10.0
30/6/2021,404.51,0.7512034677469838,Hold,10.0,Hold,10.0,Hold,4.0,Hold,10.0,Hold,3.0,Hold,9.0,Hold,9.0,Hold,4.0,Hold,4.0,Hold,10.0
1/7/2021,406.75,0.6937720025989565,Hold,10.0,Hold,10.0,Hold,4.0,Hold,10.0,Hold,3.0,Hold,9.0,Hold,9.0,Hold,4.0,Hold,4.0,Hold,10.0
2/7/2021,409.86,0.5012877050641,Hold,10.0,Hold,10.0,Hold,4.0,Hold,10.0,Hold,3.0,Hold,9.0,Hold,9.0,Hold,4.0,Hold,4.0,Hold,10.0
6/7/2021,409.11,0.6552211161363636,Hold,10.0,Hold,10.0,Hold,4.0,Hold,10.0,Hold,3.0,Hold,9.0,Hold,9.0,Hold,4.0,Hold,4.0,Hold,10.0
7/7/2021,410.56,0.8964782426923078,Hold,10.0,Hold,10.0,Hold,4.0,Hold,10.0,Hold,3.0,Hold,9.0,Hold,9.0,Hold,4.0,Sell,4.0,Hold,10.0
8/7/2021,407.21,0.9332208214634148,Hold,10.0,Hold,10.0,Hold,4.0,Hold,10.0,Hold,3.0,Hold,9.0,Hold,9.0,Hold,4.0,Hold,4.0,Hold,10.0
9/7/2021,411.56,0.4615332937513476,Hold,10.0,Hold,10.0,Hold,4.0,Hold,10.0,Hold,3.0,Hold,9.0,Hold,9.0,Hold,4.0,Sell,4.0,Hold,10.0
12/7/2021,413.03,0.662048487675,Hold,10.0,Hold,10.0,Hold,4.0,Hold,10.0,Hold,3.0,Hold,9.0,Hold,9.0,Hold,4.0,Sell,4.0,Hold,10.0
13/7/2021,411.63,0.3340523498248001,Hold,10.0,Hold,10.0,Hold,4.0,Hold,10.0,Sell,3.0,Hold,9.0,Hold,9.0,Hold,4.0,Sell,4.0,Hold,10.0
14/7/2021,412.24,0.2382253485714285,Hold,10.0,Hold,10.0,Hold,4.0,Hold,10.0,Sell,3.0,Hold,9.0,Hold,9.0,Hold,4.0,Sell,4.0,Hold,10.0
15/7/2021,410.83,0.4605429281355933,Hold,10.0,Hold,10.0,Hold,4.0,Hold,10.0,Hold,3.0,Hold,9.0,Hold,9.0,Hold,4.0,Hold,4.0,Hold,10.0
16/7/2021,407.61,0.8164721469743591,Sell,10.0,Hold,10.0,Hold,4.0,Sell,10.0,Hold,3.0,Hold,9.0,Hold,9.0,Hold,4.0,Hold,4.0,Hold,10.0
19/7/2021,401.59,0.0557543254672886,Hold,10.0,Sell,10.0,Hold,4.0,Hold,10.0,Hold,3.0,Hold,9.0,Hold,9.0,Hold,4.0,Hold,4.0,Hold,10.0
20/7/2021,407.35,0.7542635915646718,Hold,10.0,Hold,10.0,Hold,4.0,Hold,10.0,Hold,3.0,Hold,9.0,Sell,9.0,Hold,4.0,Hold,4.0,Hold,10.0
21/7/2021,410.64,0.5874565804294117,Hold,10.0,Hold,10.0,Hold,4.0,Buy,10.0,Hold,3.0,Hold,9.0,Buy,9.0,Hold,4.0,Hold,4.0,Hold,10.0
22/7/2021,411.5,0.8249562004871795,Buy,10.0,Hold,10.0,Hold,4.0,Hold,10.0,Hold,3.0,Hold,9.0,Hold,9.0,Hold,4.0,Hold,4.0,Hold,10.0
23/7/2021,415.74,0.7271278492000001,Hold,10.0,Hold,10.0,Hold,4.0,Hold,10.0,Hold,3.0,Hold,9.0,Hold,9.0,Hold,4.0,Hold,4.0,Hold,10.0
26/7/2021,416.76,0.5337356991150829,Hold,10.0,Hold,10.0,Hold,4.0,Hold,10.0,Hold,3.0,Hold,9.0,Hold,9.0,Hold,4.0,Hold,4.0,Hold,10.0
27/7/2021,414.86,0.9727207557142856,Hold,10.0,Hold,10.0,Hold,4.0,Hold,10.0,Hold,3.0,Hold,9.0,Hold,9.0,Hold,4.0,Hold,4.0,Hold,10.0
28/7/2021,414.69,0.60184765174,Hold,10.0,Hold,10.0,Hold,4.0,Hold,10.0,Hold,3.0,Hold,9.0,Hold,9.0,Hold,4.0,Hold,4.0,Hold,10.0
29/7/2021,416.41,0.4952300576923076,Hold,10.0,Hold,10.0,Hold,4.0,Hold,10.0,Hold,3.0,Hold,9.0,Hold,9.0,Hold,4.0,Hold,4.0,Hold,10.0
30/7/2021,414.39,0.99999849,Hold,10.0,Hold,10.0,Hold,4.0,Hold,10.0,Hold,3.0,Hold,9.0,Hold,9.0,Hold,4.0,Hold,4.0,Hold,10.0
2/8/2021,413.52,0.99590473875,Hold,10.0,Hold,10.0,Hold,4.0,Hold,10.0,Hold,3.0,Hold,9.0,Hold,9.0,Hold,4.0,Hold,4.0,Hold,10.0
3/8/2021,416.88,0.5610698078124999,Hold,10.0,Hold,10.0,Hold,4.0,Hold,10.0,Hold,3.0,Hold,9.0,Hold,9.0,Hold,4.0,Hold,4.0,Hold,10.0
4/8/2021,414.83,0.7354634151111111,Hold,10.0,Hold,10.0,Hold,4.0,Hold,10.0,Hold,3.0,Hold,9.0,Hold,9.0,Hold,4.0,Hold,4.0,Hold,10.0
5/8/2021,417.46,0.7754590804347826,Hold,10.0,Hold,10.0,Hold,4.0,Hold,10.0,Hold,3.0,Hold,9.0,Hold,9.0,Hold,4.0,Hold,4.0,Hold,10.0
6/8/2021,418.15,0.4554314186649302,Hold,10.0,Hold,10.0,Hold,4.0,Hold,10.0,Hold,3.0,Hold,9.0,Hold,9.0,Hold,4.0,Sell,4.0,Hold,10.0
9/8/2021,417.81,0.7708209428400797,Hold,10.0,Hold,10.0,Hold,4.0,Hold,10.0,Hold,3.0,Hold,9.0,Hold,9.0,Hold,4.0,Sell,4.0,Hold,10.0
10/8/2021,418.33,0.9995606499999998,Hold,10.0,Hold,10.0,Hold,4.0,Hold,10.0,Hold,3.0,Hold,9.0,Hold,9.0,Hold,4.0,Hold,4.0,Hold,10.0
11/8/2021,419.37,0.5792975047993335,Hold,10.0,Hold,10.0,Hold,4.0,Hold,10.0,Hold,3.0,Hold,9.0,Hold,9.0,Hold,4.0,Hold,4.0,Hold,10.0
12/8/2021,420.62,0.0023826699999999,Hold,10.0,Hold,10.0,Hold,4.0,Hold,10.0,Hold,3.0,Hold,9.0,Hold,9.0,Hold,4.0,Hold,4.0,Hold,10.0
13/8/2021,421.39,0.6886812304608146,Hold,10.0,Hold,10.0,Hold,4.0,Hold,10.0,Hold,3.0,Hold,9.0,Hold,9.0,Hold,4.0,Hold,4.0,Hold,10.0
16/8/2021,422.38,0.0881086707722857,Hold,10.0,Hold,10.0,Hold,4.0,Hold,10.0,Hold,3.0,Hold,9.0,Hold,9.0,Hold,4.0,Sell,4.0,Hold,10.0
17/8/2021,419.61,0.425836213125,Hold,10.0,Hold,10.0,Hold,4.0,Hold,10.0,Hold,3.0,Hold,9.0,Hold,9.0,Hold,4.0,Hold,4.0,Hold,10.0
18/8/2021,415.02,0.581772984073625,Sell,10.0,Hold,10.0,Hold,4.0,Sell,10.0,Hold,3.0,Hold,9.0,Hold,9.0,Hold,4.0,Hold,4.0,Hold,10.0
19/8/2021,415.66,0.6603887209302326,Sell,10.0,Sell,10.0,Hold,4.0,Sell,10.0,Hold,3.0,Hold,9.0,Sell,9.0,Hold,4.0,Hold,4.0,Hold,10.0
20/8/2021,418.97,0.999948575,Hold,10.0,Hold,10.0,Hold,4.0,Hold,10.0,Hold,3.0,Hold,9.0,Hold,9.0,Hold,4.0,Hold,4.0,Hold,10.0
23/8/2021,422.65,0.6901941013793105,Buy,10.0,Buy,10.0,Hold,4.0,Buy,10.0,Hold,3.0,Hold,9.0,Buy,9.0,Hold,4.0,Hold,4.0,Hold,10.0
24/8/2021,423.33,0.9986190304347828,Hold,10.0,Hold,10.0,Hold,4.0,Hold,10.0,Hold,3.0,Hold,9.0,Hold,9.0,Hold,4.0,Hold,4.0,Hold,10.0
25/8/2021,424.21,0.6914972987000002,Hold,10.0,Hold,10.0,Hold,4.0,Hold,10.0,Hold,3.0,Hold,9.0,Hold,9.0,Hold,4.0,Hold,4.0,Hold,10.0
26/8/2021,421.71,0.9340887,Hold,10.0,Hold,10.0,Hold,4.0,Hold,10.0,Hold,3.0,Hold,9.0,Hold,9.0,Hold,4.0,Hold,4.0,Hold,10.0
27/8/2021,425.48,0.994861935,Hold,10.0,Hold,10.0,Hold,4.0,Hold,10.0,Sell,3.0,Hold,9.0,Hold,9.0,Hold,4.0,Hold,4.0,Hold,10.0
30/8/2021,427.35,0.35504071681244,Hold,10.0,Hold,10.0,Hold,4.0,Hold,10.0,Hold,3.0,Hold,9.0,Hold,9.0,Hold,4.0,Hold,4.0,Hold,10.0
31/8/2021,426.72,0.468789624620794,Hold,10.0,Hold,10.0,Hold,4.0,Hold,10.0,Hold,3.0,Hold,9.0,Hold,9.0,Hold,4.0,Hold,4.0,Hold,10.0
1/9/2021,426.95,0.5509341465565764,Hold,10.0,Hold,10.0,Hold,4.0,Hold,10.0,Hold,3.0,Hold,9.0,Hold,9.0,Hold,4.0,Hold,4.0,Hold,10.0
2/9/2021,428.26,0.9805778716666668,Hold,10.0,Hold,10.0,Hold,4.0,Hold,10.0,Hold,3.0,Hold,9.0,Hold,9.0,Hold,4.0,Hold,4.0,Hold,10.0
3/9/2021,428.15,0.3434634621183889,Hold,10.0,Hold,10.0,Hold,4.0,Hold,10.0,Hold,3.0,Hold,9.0,Hold,9.0,Hold,4.0,Hold,4.0,Hold,10.0
7/9/2021,426.62,0.5514047363042305,Hold,10.0,Hold,10.0,Hold,4.0,Hold,10.0,Hold,3.0,Hold,9.0,Hold,9.0,Hold,4.0,Hold,4.0,Hold,10.0
8/9/2021,426.1,0.7440744441935485,Sell,10.0,Hold,10.0,Hold,4.0,Sell,10.0,Sell,3.0,Hold,9.0,Hold,9.0,Hold,4.0,Sell,4.0,Hold,10.0
9/9/2021,424.28,0.20383625,Hold,10.0,Hold,10.0,Hold,4.0,Hold,10.0,Hold,3.0,Hold,9.0,Hold,9.0,Hold,4.0,Hold,4.0,Hold,10.0
10/9/2021,420.93,0.8045294223999999,Hold,10.0,Sell,10.0,Sell,4.0,Hold,10.0,Hold,3.0,Hold,9.0,Hold,9.0,Sell,4.0,Hold,4.0,Hold,10.0
13/9/2021,422.01,0.9905406116666664,Hold,10.0,Hold,10.0,Hold,4.0,Hold,10.0,Hold,3.0,Sell,9.0,Sell,9.0,Hold,4.0,Hold,4.0,Hold,10.0
14/9/2021,419.73,0.4868250002199999,Hold,10.0,Hold,10.0,Hold,4.0,Hold,10.0,Hold,3.0,Hold,9.0,Hold,9.0,Hold,4.0,Hold,4.0,Hold,10.0
15/9/2021,423.24,0.6377594071428573,Hold,10.0,Hold,10.0,Hold,4.0,Hold,10.0,Hold,3.0,Hold,9.0,Sell,9.0,Hold,4.0,Hold,4.0,Hold,10.0
16/9/2021,422.57,-0.1135791929333333,Hold,10.0,Hold,10.0,Hold,4.0,Hold,10.0,Hold,3.0,Hold,9.0,Hold,9.0,Hold,4.0,Hold,4.0,Hold,10.0
17/9/2021,418.45,0.9989629962068968,Hold,10.0,Hold,10.0,Hold,4.0,Hold,10.0,Hold,3.0,Sell,9.0,Hold,9.0,Hold,4.0,Hold,4.0,Hold,10.0
20/9/2021,411.48,0.5862854331960786,Hold,10.0,Hold,10.0,Hold,4.0,Hold,10.0,Hold,3.0,Hold,9.0,Hold,9.0,Hold,4.0,Buy,4.0,Hold,10.0
21/9/2021,411.09,0.3417186076166097,Hold,10.0,Hold,10.0,Sell,4.0,Hold,10.0,Hold,3.0,Sell,9.0,Hold,9.0,Sell,4.0,Buy,4.0,Hold,10.0
22/9/2021,415.1,0.8958058626315788,Hold,10.0,Hold,10.0,Hold,4.0,Hold,10.0,Hold,3.0,Hold,9.0,Hold,9.0,Hold,4.0,Hold,4.0,Hold,10.0
23/9/2021,420.14,0.8229521281313634,Hold,10.0,Hold,10.0,Hold,4.0,Hold,10.0,Hold,3.0,Hold,9.0,Hold,9.0,Hold,4.0,Hold,4.0,Hold,10.0
24/9/2021,420.83,0.4525483351309268,Hold,10.0,Hold,10.0,Hold,4.0,Hold,10.0,Hold,3.0,Hold,9.0,Hold,9.0,Hold,4.0,Hold,4.0,Hold,10.0
27/9/2021,419.63,0.6353536292105263,Hold,10.0,Hold,10.0,Hold,4.0,Hold,10.0,Hold,3.0,Hold,9.0,Hold,9.0,Hold,4.0,Hold,4.0,Hold,10.0
28/9/2021,411.17,0.498858069586466,Hold,10.0,Hold,10.0,Hold,4.0,Hold,10.0,Hold,3.0,Hold,9.0,Hold,9.0,Hold,4.0,Hold,4.0,Hold,10.0
29/9/2021,411.86,-0.0703413277295744,Hold,10.0,Hold,10.0,Hold,4.0,Hold,10.0,Hold,3.0,Hold,9.0,Hold,9.0,Hold,4.0,Hold,4.0,Hold,10.0
30/9/2021,406.83,0.9744776560869568,Hold,10.0,Hold,10.0,Hold,4.0,Hold,10.0,Hold,3.0,Hold,9.0,Hold,9.0,Hold,4.0,Hold,4.0,Hold,10.0
1/10/2021,411.67,0.0764749179999999,Hold,10.0,Hold,10.0,Hold,4.0,Hold,10.0,Hold,3.0,Hold,9.0,Hold,9.0,Hold,4.0,Hold,4.0,Hold,10.0
4/10/2021,406.36,0.0853390639215686,Hold,10.0,Hold,10.0,Hold,4.0,Hold,10.0,Hold,3.0,Hold,9.0,Hold,9.0,Hold,4.0,Hold,4.0,Hold,10.0
5/10/2021,410.58,0.5710936025000001,Hold,10.0,Hold,10.0,Hold,4.0,Hold,10.0,Hold,3.0,Hold,9.0,Hold,9.0,Hold,4.0,Hold,4.0,Hold,10.0
6/10/2021,412.29,0.4301851850799998,Hold,10.0,Hold,10.0,Hold,4.0,Hold,10.0,Hold,3.0,Hold,9.0,Hold,9.0,Hold,4.0,Hold,4.0,Hold,10.0
7/10/2021,415.86,0.8103017466845639,Hold,10.0,Hold,10.0,Hold,4.0,Hold,10.0,Hold,3.0,Hold,9.0,Hold,9.0,Hold,4.0,Hold,4.0,Hold,10.0
8/10/2021,415.1,0.970996479090909,Buy,10.0,Buy,10.0,Buy,4.0,Buy,10.0,Hold,3.0,Buy,9.0,Buy,9.0,Hold,4.0,Hold,4.0,Hold,10.0
11/10/2021,412.09,0.909601528,Hold,10.0,Hold,10.0,Hold,4.0,Hold,10.0,Hold,3.0,Hold,9.0,Hold,9.0,Hold,4.0,Hold,4.0,Hold,10.0
12/10/2021,411.08,0.9999270099999998,Hold,10.0,Hold,10.0,Hold,4.0,Hold,10.0,Hold,3.0,Hold,9.0,Hold,9.0,Hold,4.0,Hold,4.0,Hold,10.0
13/10/2021,412.56,0.2811393446153846,Hold,10.0,Hold,10.0,Hold,4.0,Hold,10.0,Hold,3.0,Hold,9.0,Hold,9.0,Hold,4.0,Hold,4.0,Hold,10.0
14/10/2021,419.5,0.6794107161322581,Hold,10.0,Buy,10.0,Hold,4.0,Hold,10.0,Hold,3.0,Hold,9.0,Buy,9.0,Hold,4.0,Hold,4.0,Hold,10.0
15/10/2021,422.69,0.5148822996377601,Hold,10.0,Hold,10.0,Buy,4.0,Hold,10.0,Hold,3.0,Buy,9.0,Hold,9.0,Buy,4.0,Hold,4.0,Hold,10.0
18/10/2021,423.94,0.5031956289911763,Hold,10.0,Hold,10.0,Hold,4.0,Hold,10.0,Hold,3.0,Hold,9.0,Hold,9.0,Hold,4.0,Hold,4.0,Hold,10.0
19/10/2021,427.21,0.1524739944664068,Hold,10.0,Hold,10.0,Hold,4.0,Hold,10.0,Hold,3.0,Hold,9.0,Hold,9.0,Hold,4.0,Hold,4.0,Hold,10.0
20/10/2021,428.89,0.6364024443090506,Hold,10.0,Hold,10.0,Hold,4.0,Hold,10.0,Hold,3.0,Hold,9.0,Hold,9.0,Hold,4.0,Sell,4.0,Hold,10.0
21/10/2021,430.01,0.6133385925423182,Hold,10.0,Hold,10.0,Hold,4.0,Hold,10.0,Hold,3.0,Hold,9.0,Hold,9.0,Hold,4.0,Sell,4.0,Hold,10.0
22/10/2021,429.56,0.9248570169230768,Hold,10.0,Hold,10.0,Hold,4.0,Hold,10.0,Hold,3.0,Hold,9.0,Hold,9.0,Hold,4.0,Sell,4.0,Hold,10.0
25/10/2021,431.87,0.6362984477591302,Hold,10.0,Hold,10.0,Hold,4.0,Hold,10.0,Hold,3.0,Hold,9.0,Hold,9.0,Hold,4.0,Sell,4.0,Hold,10.0
26/10/2021,432.26,0.8569882833333333,Hold,10.0,Hold,10.0,Hold,4.0,Hold,10.0,Hold,3.0,Hold,9.0,Hold,9.0,Hold,4.0,Sell,4.0,Hold,10.0
27/10/2021,430.34,0.401174835830713,Hold,10.0,Hold,10.0,Hold,4.0,Hold,10.0,Hold,3.0,Hold,9.0,Hold,9.0,Hold,4.0,Sell,4.0,Hold,10.0
28/10/2021,434.49,0.7219406948695652,Hold,10.0,Hold,10.0,Hold,4.0,Hold,10.0,Hold,3.0,Hold,9.0,Hold,9.0,Hold,4.0,Sell,4.0,Hold,10.0
29/10/2021,435.38,0.9659737387179488,Hold,10.0,Hold,10.0,Hold,4.0,Hold,10.0,Hold,3.0,Hold,9.0,Hold,9.0,Hold,4.0,Sell,4.0,Hold,10.0
1/11/2021,436.12,0.7133026440152452,Hold,10.0,Hold,10.0,Hold,4.0,Hold,10.0,Hold,3.0,Hold,9.0,Hold,9.0,Hold,4.0,Sell,4.0,Hold,10.0
2/11/2021,437.89,0.8135733765945948,Hold,10.0,Hold,10.0,Hold,4.0,Hold,10.0,Hold,3.0,Hold,9.0,Hold,9.0,Hold,4.0,Sell,4.0,Hold,10.0
3/11/2021,440.56,0.8780423599999999,Hold,10.0,Hold,10.0,Hold,4.0,Hold,10.0,Hold,3.0,Hold,9.0,Hold,9.0,Hold,4.0,Sell,4.0,Hold,10.0
4/11/2021,442.64,0.0883479685639484,Hold,10.0,Hold,10.0,Hold,4.0,Hold,10.0,Hold,3.0,Hold,9.0,Hold,9.0,Hold,4.0,Sell,4.0,Hold,10.0
5/11/2021,444.17,0.8429176,Hold,10.0,Hold,10.0,Hold,4.0,Hold,10.0,Hold,3.0,Hold,9.0,Hold,9.0,Hold,4.0,Sell,4.0,Hold,10.0
8/11/2021,444.55,0.7450485990521729,Hold,10.0,Hold,10.0,Hold,4.0,Hold,10.0,Hold,3.0,Hold,9.0,Hold,9.0,Hold,4.0,Sell,4.0,Hold,10.0
9/11/2021,443.08,0.660286318181818,Hold,10.0,Hold,10.0,Hold,4.0,Hold,10.0,Hold,3.0,Hold,9.0,Hold,9.0,Hold,4.0,Sell,4.0,Hold,10.0
10/11/2021,439.52,0.6808734775240001,Hold,10.0,Hold,10.0,Hold,4.0,Hold,10.0,Hold,3.0,Hold,9.0,Hold,9.0,Hold,4.0,Hold,4.0,Hold,10.0
11/11/2021,439.66,0.5973574077142858,Hold,10.0,Hold,10.0,Hold,4.0,Hold,10.0,Sell,3.0,Hold,9.0,Hold,9.0,Hold,4.0,Sell,4.0,Hold,10.0
12/11/2021,442.98,0.997748025,Hold,10.0,Hold,10.0,Hold,4.0,Hold,10.0,Sell,3.0,Hold,9.0,Hold,9.0,Hold,4.0,Sell,4.0,Hold,10.0
15/11/2021,443.13,-0.2965776103461538,Hold,10.0,Hold,10.0,Hold,4.0,Hold,10.0,Sell,3.0,Hold,9.0,Hold,9.0,Hold,4.0,Sell,4.0,Hold,10.0
16/11/2021,444.88,0.9929248697560976,Hold,10.0,Hold,10.0,Hold,4.0,Hold,10.0,Sell,3.0,Hold,9.0,Hold,9.0,Hold,4.0,Sell,4.0,Hold,10.0
17/11/2021,443.8,0.4379029171137526,Hold,10.0,Hold,10.0,Hold,4.0,Hold,10.0,Sell,3.0,Hold,9.0,Hold,9.0,Hold,4.0,Sell,4.0,Hold,10.0
18/11/2021,445.31,0.461494288172,Hold,10.0,Hold,10.0,Hold,4.0,Hold,10.0,Sell,3.0,Hold,9.0,Hold,9.0,Hold,4.0,Sell,4.0,Hold,10.0
19/11/2021,444.51,0.3131901941463414,Hold,10.0,Sell,10.0,Hold,4.0,Hold,10.0,Hold,3.0,Hold,9.0,Sell,9.0,Hold,4.0,Hold,4.0,Hold,10.0
22/11/2021,443.26,0.414700833676439,Hold,10.0,Hold,10.0,Hold,4.0,Hold,10.0,Hold,3.0,Hold,9.0,Hold,9.0,Hold,4.0,Hold,4.0,Hold,10.0
23/11/2021,443.85,0.9999386231249998,Hold,10.0,Hold,10.0,Hold,4.0,Hold,10.0,Hold,3.0,Hold,9.0,Buy,9.0,Hold,4.0,Hold,4.0,Hold,10.0
24/11/2021,445.04,0.5746714700000002,Hold,10.0,Hold,10.0,Hold,4.0,Hold,10.0,Hold,3.0,Hold,9.0,Hold,9.0,Hold,4.0,Hold,4.0,Hold,10.0
26/11/2021,435.11,0.997967974375,Hold,10.0,Hold,10.0,Hold,4.0,Hold,10.0,Hold,3.0,Hold,9.0,Hold,9.0,Hold,4.0,Hold,4.0,Hold,10.0
29/11/2021,440.45,0.7728006329017544,Hold,10.0,Sell,10.0,Sell,4.0,Hold,10.0,Hold,3.0,Sell,9.0,Sell,9.0,Sell,4.0,Hold,4.0,Hold,10.0
30/11/2021,431.88,0.3555854592777646,Hold,10.0,Hold,10.0,Hold,4.0,Hold,10.0,Hold,3.0,Buy,9.0,Hold,9.0,Hold,4.0,Hold,4.0,Hold,10.0
1/12/2021,427.08,0.976834129032258,Hold,10.0,Hold,10.0,Hold,4.0,Hold,10.0,Hold,3.0,Sell,9.0,Sell,9.0,Hold,4.0,Hold,4.0,Hold,10.0
2/12/2021,433.62,0.9920325308695652,Hold,10.0,Hold,10.0,Hold,4.0,Hold,10.0,Hold,3.0,Hold,9.0,Hold,9.0,Hold,4.0,Hold,4.0,Hold,10.0
3/12/2021,429.85,0.723830170944702,Hold,10.0,Hold,10.0,Hold,4.0,Hold,10.0,Hold,3.0,Hold,9.0,Hold,9.0,Hold,4.0,Hold,4.0,Hold,10.0
6/12/2021,434.94,0.9685408795,Hold,10.0,Hold,10.0,Hold,4.0,Hold,10.0,Hold,3.0,Hold,9.0,Hold,9.0,Hold,4.0,Hold,4.0,Hold,10.0
7/12/2021,443.94,0.6114419201601249,Hold,10.0,Hold,10.0,Hold,4.0,Hold,10.0,Hold,3.0,Hold,9.0,Hold,9.0,Hold,4.0,Hold,4.0,Hold,10.0
8/12/2021,445.11,0.4333108082894737,Buy,10.0,Buy,10.0,Buy,4.0,Buy,10.0,Hold,3.0,Buy,9.0,Buy,9.0,Hold,4.0,Hold,4.0,Hold,10.0
9/12/2021,442.11,0.6259736258067379,Hold,10.0,Hold,10.0,Buy,4.0,Hold,10.0,Hold,3.0,Buy,9.0,Hold,9.0,Hold,4.0,Hold,4.0,Hold,10.0
10/12/2021,446.27,0.5830649118576517,Buy,10.0,Hold,10.0,Hold,4.0,Buy,10.0,Hold,3.0,Hold,9.0,Hold,9.0,Hold,4.0,Hold,4.0,Buy,10.0
13/12/2021,442.32,0.7585333577641179,Hold,10.0,Hold,10.0,Hold,4.0,Hold,10.0,Hold,3.0,Hold,9.0,Hold,9.0,Hold,4.0,Hold,4.0,Hold,10.0
14/12/2021,439.27,0.7568674159683197,Hold,10.0,Buy,10.0,Hold,4.0,Hold,10.0,Hold,3.0,Hold,9.0,Buy,9.0,Hold,4.0,Hold,4.0,Hold,10.0
15/12/2021,446.14,0.9992158,Sell,10.0,Sell,10.0,Hold,4.0,Sell,10.0,Hold,3.0,Hold,9.0,Sell,9.0,Hold,4.0,Hold,4.0,Hold,10.0
16/12/2021,442.2,0.239729464,Buy,10.0,Buy,10.0,Hold,4.0,Buy,10.0,Hold,3.0,Hold,9.0,Buy,9.0,Buy,4.0,Hold,4.0,Hold,10.0
17/12/2021,437.49,0.5408256400740673,Sell,10.0,Hold,10.0,Hold,4.0,Sell,10.0,Hold,3.0,Hold,9.0,Hold,9.0,Hold,4.0,Hold,4.0,Hold,10.0
20/12/2021,432.84,0.615175244658182,Hold,10.0,Sell,10.0,Hold,4.0,Hold,10.0,Hold,3.0,Hold,9.0,Sell,9.0,Hold,4.0,Hold,4.0,Buy,10.0
21/12/2021,440.53,0.6717722066666666,Hold,10.0,Hold,10.0,Hold,4.0,Hold,10.0,Hold,3.0,Hold,9.0,Hold,9.0,Hold,4.0,Hold,4.0,Hold,10.0
22/12/2021,444.93,0.4465046026470588,Buy,10.0,Hold,10.0,Hold,4.0,Buy,10.0,Hold,3.0,Hold,9.0,Hold,9.0,Hold,4.0,Hold,4.0,Hold,10.0
23/12/2021,447.7,0.1288197524083648,Hold,10.0,Hold,10.0,Hold,4.0,Hold,10.0,Hold,3.0,Hold,9.0,Hold,9.0,Hold,4.0,Hold,4.0,Hold,10.0
27/12/2021,454.04,0.4223268055802869,Hold,10.0,Hold,10.0,Hold,4.0,Hold,10.0,Hold,3.0,Hold,9.0,Hold,9.0,Hold,4.0,Hold,4.0,Hold,10.0
28/12/2021,453.67,0.2599920162115789,Hold,10.0,Hold,10.0,Hold,4.0,Hold,10.0,Hold,3.0,Hold,9.0,Hold,9.0,Hold,4.0,Hold,4.0,Hold,10.0
29/12/2021,454.25,-0.1470373885085373,Hold,10.0,Hold,10.0,Hold,4.0,Hold,10.0,Hold,3.0,Hold,9.0,Hold,9.0,Hold,4.0,Hold,4.0,Hold,10.0
30/12/2021,452.99,0.438326730859896,Hold,10.0,Hold,10.0,Hold,4.0,Hold,10.0,Hold,3.0,Hold,9.0,Hold,9.0,Hold,4.0,Hold,4.0,Hold,10.0
31/12/2021,451.85,0.6754903863636366,Hold,10.0,Hold,10.0,Hold,4.0,Hold,10.0,Hold,3.0,Hold,9.0,Hold,9.0,Hold,4.0,Hold,4.0,Hold,10.0
3/1/2022,454.47,0.6114265434323394,Hold,10.0,Hold,10.0,Hold,4.0,Hold,10.0,Hold,3.0,Hold,9.0,Hold,9.0,Hold,4.0,Hold,4.0,Hold,10.0
4/1/2022,454.31,0.6928716130385714,Hold,10.0,Hold,10.0,Hold,4.0,Hold,10.0,Hold,3.0,Hold,9.0,Hold,9.0,Hold,4.0,Hold,4.0,Hold,10.0
5/1/2022,445.59,0.4395331997410493,Hold,10.0,Hold,10.0,Hold,4.0,Hold,10.0,Hold,3.0,Hold,9.0,Hold,9.0,Hold,4.0,Hold,4.0,Hold,10.0
6/1/2022,445.17,0.7795203652092804,Sell,10.0,Sell,10.0,Hold,4.0,Sell,10.0,Hold,3.0,Hold,9.0,Sell,9.0,Hold,4.0,Hold,4.0,Hold,10.0
7/1/2022,443.41,0.574930337878788,Hold,10.0,Hold,10.0,Hold,4.0,Hold,10.0,Hold,3.0,Hold,9.0,Hold,9.0,Hold,4.0,Hold,4.0,Hold,10.0
10/1/2022,442.86,0.521153723351471,Hold,10.0,Hold,10.0,Hold,4.0,Hold,10.0,Hold,3.0,Hold,9.0,Hold,9.0,Hold,4.0,Hold,4.0,Hold,10.0
11/1/2022,446.89,0.9416817336666669,Hold,10.0,Sell,10.0,Hold,4.0,Hold,10.0,Hold,3.0,Hold,9.0,Sell,9.0,Hold,4.0,Hold,4.0,Hold,10.0
12/1/2022,448.1,0.1528709886181818,Hold,10.0,Hold,10.0,Hold,4.0,Hold,10.0,Hold,3.0,Hold,9.0,Hold,9.0,Hold,4.0,Hold,4.0,Hold,10.0
13/1/2022,441.93,0.2851465727096782,Hold,10.0,Hold,10.0,Hold,4.0,Hold,10.0,Hold,3.0,Hold,9.0,Hold,9.0,Hold,4.0,Hold,4.0,Hold,10.0
14/1/2022,442.11,0.9231490764285714,Hold,10.0,Hold,10.0,Sell,4.0,Hold,10.0,Hold,3.0,Sell,9.0,Hold,9.0,Sell,4.0,Buy,4.0,Hold,10.0
18/1/2022,434.28,0.1836350230735588,Hold,10.0,Hold,10.0,Hold,4.0,Hold,10.0,Hold,3.0,Hold,9.0,Hold,9.0,Hold,4.0,Buy,4.0,Hold,10.0
19/1/2022,429.77,0.14743853700044,Hold,10.0,Hold,10.0,Hold,4.0,Hold,10.0,Hold,3.0,Hold,9.0,Hold,9.0,Hold,4.0,Buy,4.0,Hold,10.0
20/1/2022,425.01,0.9947701625,Hold,10.0,Hold,10.0,Hold,4.0,Hold,10.0,Hold,3.0,Hold,9.0,Hold,9.0,Hold,4.0,Buy,4.0,Hold,10.0
21/1/2022,416.67,0.6161739938099999,Hold,10.0,Hold,10.0,Hold,4.0,Hold,10.0,Hold,3.0,Hold,9.0,Hold,9.0,Hold,4.0,Buy,4.0,Hold,10.0
24/1/2022,418.44,0.6352794976770706,Hold,10.0,Hold,10.0,Hold,4.0,Hold,10.0,Hold,3.0,Hold,9.0,Hold,9.0,Hold,4.0,Buy,4.0,Hold,10.0
25/1/2022,413.33,0.7024111412254544,Hold,10.0,Hold,10.0,Hold,4.0,Hold,10.0,Hold,3.0,Hold,9.0,Hold,9.0,Hold,4.0,Buy,4.0,Hold,10.0
26/1/2022,412.29,0.533243009417,Hold,10.0,Hold,10.0,Hold,4.0,Hold,10.0,Hold,3.0,Hold,9.0,Hold,9.0,Hold,4.0,Buy,4.0,Hold,10.0
27/1/2022,410.26,0.4033544528848831,Hold,10.0,Hold,10.0,Hold,4.0,Hold,10.0,Buy,3.0,Hold,9.0,Hold,9.0,Hold,4.0,Buy,4.0,Hold,10.0
28/1/2022,420.45,0.6838538881519994,Hold,10.0,Hold,10.0,Hold,4.0,Hold,10.0,Hold,3.0,Hold,9.0,Hold,9.0,Hold,4.0,Hold,4.0,Hold,10.0
31/1/2022,428.02,0.8948764742657896,Hold,10.0,Hold,10.0,Hold,4.0,Hold,10.0,Hold,3.0,Hold,9.0,Hold,9.0,Hold,4.0,Hold,4.0,Hold,10.0
1/2/2022,430.91,0.3918621051381912,Buy,10.0,Buy,10.0,Hold,4.0,Hold,10.0,Hold,3.0,Hold,9.0,Hold,9.0,Hold,4.0,Hold,4.0,Hold,10.0
2/2/2022,435.1,0.6182022040214109,Buy,10.0,Hold,10.0,Hold,4.0,Buy,10.0,Hold,3.0,Hold,9.0,Buy,9.0,Hold,4.0,Hold,4.0,Hold,10.0
3/2/2022,424.87,0.3519562458354208,Hold,10.0,Hold,10.0,Hold,4.0,Hold,10.0,Hold,3.0,Hold,9.0,Hold,9.0,Hold,4.0,Hold,4.0,Hold,10.0
4/2/2022,426.87,0.5156177666529486,Hold,10.0,Sell,10.0,Hold,4.0,Hold,10.0,Hold,3.0,Hold,9.0,Sell,9.0,Hold,4.0,Hold,4.0,Hold,10.0
7/2/2022,425.5,0.35460639899072,Hold,10.0,Buy,10.0,Hold,4.0,Hold,10.0,Hold,3.0,Hold,9.0,Buy,9.0,Buy,4.0,Hold,4.0,Hold,10.0
8/2/2022,429.0,0.2278419709392983,Sell,10.0,Sell,10.0,Hold,4.0,Hold,10.0,Hold,3.0,Hold,9.0,Hold,9.0,Hold,4.0,Hold,4.0,Hold,10.0
9/2/2022,435.28,0.3637687752462995,Hold,10.0,Hold,10.0,Hold,4.0,Hold,10.0,Hold,3.0,Hold,9.0,Hold,9.0,Buy,4.0,Hold,4.0,Hold,10.0
10/2/2022,427.46,0.5272080978806453,Hold,10.0,Hold,10.0,Hold,4.0,Hold,10.0,Hold,3.0,Hold,9.0,Hold,9.0,Hold,4.0,Hold,4.0,Hold,10.0
11/2/2022,419.03,0.5043995082217435,Sell,10.0,Sell,10.0,Hold,4.0,Sell,10.0,Hold,3.0,Hold,9.0,Sell,9.0,Hold,4.0,Hold,4.0,Hold,10.0
14/2/2022,417.66,0.6718441994968,Hold,10.0,Hold,10.0,Hold,4.0,Hold,10.0,Hold,3.0,Hold,9.0,Hold,9.0,Hold,4.0,Hold,4.0,Hold,10.0
15/2/2022,424.39,0.2722000762785105,Hold,10.0,Hold,10.0,Hold,4.0,Hold,10.0,Hold,3.0,Hold,9.0,Hold,9.0,Hold,4.0,Hold,4.0,Hold,10.0
16/2/2022,424.87,0.4797450175711569,Hold,10.0,Hold,10.0,Hold,4.0,Hold,10.0,Hold,3.0,Hold,9.0,Hold,9.0,Hold,4.0,Hold,4.0,Hold,10.0
17/2/2022,415.79,-0.2364617620122191,Sell,10.0,Hold,10.0,Hold,4.0,Hold,10.0,Hold,3.0,Hold,9.0,Hold,9.0,Hold,4.0,Hold,4.0,Sell,10.0
18/2/2022,413.1,-0.2444818100761481,Hold,10.0,Hold,10.0,Hold,4.0,Hold,10.0,Hold,3.0,Hold,9.0,Hold,9.0,Hold,4.0,Hold,4.0,Hold,10.0
22/2/2022,408.67,0.3564365391028572,Hold,10.0,Hold,10.0,Hold,4.0,Hold,10.0,Hold,3.0,Hold,9.0,Hold,9.0,Hold,4.0,Hold,4.0,Hold,10.0
23/2/2022,401.42,0.2846072250076678,Hold,10.0,Hold,10.0,Hold,4.0,Hold,10.0,Hold,3.0,Hold,9.0,Hold,9.0,Hold,4.0,Buy,4.0,Hold,10.0
24/2/2022,407.46,0.1203947395925221,Hold,10.0,Hold,10.0,Hold,4.0,Hold,10.0,Hold,3.0,Hold,9.0,Hold,9.0,Sell,4.0,Hold,4.0,Sell,10.0
25/2/2022,416.45,0.8435925723765915,Hold,10.0,Hold,10.0,Hold,4.0,Hold,10.0,Hold,3.0,Hold,9.0,Hold,9.0,Hold,4.0,Hold,4.0,Hold,10.0
28/2/2022,415.39,0.1823886040224252,Buy,10.0,Buy,10.0,Hold,4.0,Hold,10.0,Hold,3.0,Hold,9.0,Hold,9.0,Hold,4.0,Hold,4.0,Hold,10.0
1/3/2022,409.06,0.7903499336497061,Sell,10.0,Hold,10.0,Hold,4.0,Hold,10.0,Hold,3.0,Hold,9.0,Hold,9.0,Hold,4.0,Hold,4.0,Hold,10.0
2/3/2022,416.58,0.7695151870403818,Buy,10.0,Hold,10.0,Hold,4.0,Hold,10.0,Hold,3.0,Hold,9.0,Hold,9.0,Hold,4.0,Hold,4.0,Hold,10.0
3/3/2022,414.51,0.7613565886401195,Hold,10.0,Buy,10.0,Hold,4.0,Hold,10.0,Hold,3.0,Hold,9.0,Hold,9.0,Hold,4.0,Hold,4.0,Hold,10.0
4/3/2022,411.14,-0.0446688825,Sell,10.0,Sell,10.0,Hold,4.0,Hold,10.0,Hold,3.0,Hold,9.0,Hold,9.0,Hold,4.0,Hold,4.0,Hold,10.0
7/3/2022,399.02,0.2267639167727272,Hold,10.0,Hold,10.0,Hold,4.0,Hold,10.0,Hold,3.0,Hold,9.0,Hold,9.0,Hold,4.0,Hold,4.0,Hold,10.0
8/3/2022,396.0,0.8475356672222225,Hold,10.0,Buy,10.0,Hold,4.0,Hold,10.0,Hold,3.0,Hold,9.0,Buy,9.0,Hold,4.0,Hold,4.0,Hold,10.0
9/3/2022,406.61,0.3543083587356226,Hold,10.0,Hold,10.0,Hold,4.0,Hold,10.0,Hold,3.0,Hold,9.0,Hold,9.0,Hold,4.0,Hold,4.0,Hold,10.0
10/3/2022,404.78,0.2848387318235295,Hold,10.0,Hold,10.0,Hold,4.0,Hold,10.0,Hold,3.0,Hold,9.0,Hold,9.0,Hold,4.0,Hold,4.0,Hold,10.0
11/3/2022,399.63,0.5583309208810537,Hold,10.0,Hold,10.0,Hold,4.0,Hold,10.0,Hold,3.0,Hold,9.0,Hold,9.0,Hold,4.0,Hold,4.0,Hold,10.0
14/3/2022,396.71,0.2685508767034483,Hold,10.0,Hold,10.0,Hold,4.0,Hold,10.0,Hold,3.0,Hold,9.0,Hold,9.0,Hold,4.0,Hold,4.0,Hold,10.0
15/3/2022,405.43,0.603759824388582,Hold,10.0,Hold,10.0,Hold,4.0,Hold,10.0,Hold,3.0,Hold,9.0,Hold,9.0,Hold,4.0,Hold,4.0,Hold,10.0
16/3/2022,414.42,0.2753908548320508,Buy,10.0,Hold,10.0,Hold,4.0,Buy,10.0,Hold,3.0,Hold,9.0,Hold,9.0,Hold,4.0,Hold,4.0,Buy,10.0
17/3/2022,419.61,0.9810637375,Hold,10.0,Buy,10.0,Buy,4.0,Hold,10.0,Hold,3.0,Buy,9.0,Buy,9.0,Buy,4.0,Hold,4.0,Hold,10.0
18/3/2022,424.21,0.6514170602809923,Hold,10.0,Hold,10.0,Hold,4.0,Hold,10.0,Hold,3.0,Hold,9.0,Hold,9.0,Hold,4.0,Hold,4.0,Hold,10.0
21/3/2022,424.08,0.4450244737180243,Hold,10.0,Hold,10.0,Hold,4.0,Hold,10.0,Hold,3.0,Hold,9.0,Hold,9.0,Hold,4.0,Hold,4.0,Hold,10.0
22/3/2022,429.04,0.3923136653342222,Hold,10.0,Hold,10.0,Hold,4.0,Hold,10.0,Hold,3.0,Hold,9.0,Hold,9.0,Hold,4.0,Hold,4.0,Hold,10.0
23/3/2022,423.52,0.4411700984823674,Hold,10.0,Hold,10.0,Hold,4.0,Hold,10.0,Hold,3.0,Hold,9.0,Hold,9.0,Hold,4.0,Hold,4.0,Hold,10.0
24/3/2022,429.9,-0.109730252869625,Hold,10.0,Hold,10.0,Hold,4.0,Hold,10.0,Hold,3.0,Hold,9.0,Hold,9.0,Hold,4.0,Hold,4.0,Hold,10.0
25/3/2022,432.0,0.2441383040477368,Hold,10.0,Hold,10.0,Hold,4.0,Hold,10.0,Hold,3.0,Hold,9.0,Hold,9.0,Hold,4.0,Sell,4.0,Hold,10.0
28/3/2022,435.08,0.4049008556363478,Hold,10.0,Hold,10.0,Hold,4.0,Hold,10.0,Hold,3.0,Hold,9.0,Hold,9.0,Hold,4.0,Sell,4.0,Hold,10.0
29/3/2022,440.46,0.3840249962627847,Hold,10.0,Hold,10.0,Hold,4.0,Hold,10.0,Hold,3.0,Hold,9.0,Hold,9.0,Hold,4.0,Sell,4.0,Hold,10.0
30/3/2022,437.74,0.6180980636363579,Hold,10.0,Hold,10.0,Hold,4.0,Hold,10.0,Hold,3.0,Hold,9.0,Hold,9.0,Hold,4.0,Sell,4.0,Hold,10.0
31/3/2022,431.0,0.6573097869255706,Hold,10.0,Hold,10.0,Hold,4.0,Hold,10.0,Sell,3.0,Hold,9.0,Hold,9.0,Hold,4.0,Sell,4.0,Hold,10.0
1/4/2022,432.22,0.3634678692472957,Hold,10.0,Hold,10.0,Hold,4.0,Hold,10.0,Sell,3.0,Hold,9.0,Hold,9.0,Hold,4.0,Sell,4.0,Hold,10.0
4/4/2022,435.92,0.5582078908370026,Hold,10.0,Hold,10.0,Hold,4.0,Hold,10.0,Sell,3.0,Hold,9.0,Hold,9.0,Hold,4.0,Sell,4.0,Hold,10.0
5/4/2022,430.42,0.5548293893670834,Hold,10.0,Hold,10.0,Hold,4.0,Hold,10.0,Hold,3.0,Hold,9.0,Hold,9.0,Hold,4.0,Hold,4.0,Hold,10.0
6/4/2022,426.11,0.2040031053765274,Hold,10.0,Hold,10.0,Hold,4.0,Hold,10.0,Hold,3.0,Hold,9.0,Hold,9.0,Hold,4.0,Hold,4.0,Hold,10.0
7/4/2022,428.26,0.286801742173913,Sell,10.0,Sell,10.0,Sell,4.0,Sell,10.0,Hold,3.0,Sell,9.0,Sell,9.0,Sell,4.0,Hold,4.0,Sell,10.0
8/4/2022,427.12,0.0992569255793249,Hold,10.0,Hold,10.0,Hold,4.0,Hold,10.0,Hold,3.0,Hold,9.0,Hold,9.0,Hold,4.0,Hold,4.0,Hold,10.0
11/4/2022,419.82,0.4090606669881959,Hold,10.0,Hold,10.0,Hold,4.0,Hold,10.0,Hold,3.0,Hold,9.0,Sell,9.0,Hold,4.0,Hold,4.0,Hold,10.0
12/4/2022,418.26,0.5420029883711338,Hold,10.0,Hold,10.0,Hold,4.0,Hold,10.0,Hold,3.0,Sell,9.0,Hold,9.0,Hold,4.0,Hold,4.0,Hold,10.0
13/4/2022,423.05,0.8227981032542019,Hold,10.0,Hold,10.0,Hold,4.0,Hold,10.0,Hold,3.0,Hold,9.0,Hold,9.0,Hold,4.0,Hold,4.0,Hold,10.0
14/4/2022,417.78,0.4424264273142858,Hold,10.0,Hold,10.0,Hold,4.0,Hold,10.0,Hold,3.0,Hold,9.0,Hold,9.0,Hold,4.0,Hold,4.0,Hold,10.0
18/4/2022,417.95,0.4487398799152778,Hold,10.0,Hold,10.0,Hold,4.0,Hold,10.0,Hold,3.0,Hold,9.0,Hold,9.0,Sell,4.0,Hold,4.0,Hold,10.0
19/4/2022,424.7,0.3823441291083067,Hold,10.0,Hold,10.0,Sell,4.0,Hold,10.0,Hold,3.0,Sell,9.0,Hold,9.0,Hold,4.0,Hold,4.0,Hold,10.0
20/4/2022,424.39,0.3317449078801313,Hold,10.0,Hold,10.0,Hold,4.0,Hold,10.0,Hold,3.0,Hold,9.0,Hold,9.0,Hold,4.0,Hold,4.0,Hold,10.0
21/4/2022,418.04,0.4873141905093819,Hold,10.0,Hold,10.0,Hold,4.0,Hold,10.0,Hold,3.0,Hold,9.0,Hold,9.0,Hold,4.0,Hold,4.0,Hold,10.0
22/4/2022,406.57,0.3981798211764705,Hold,10.0,Hold,10.0,Hold,4.0,Hold,10.0,Hold,3.0,Hold,9.0,Hold,9.0,Hold,4.0,Buy,4.0,Hold,10.0
25/4/2022,408.93,0.7605690358666487,Hold,10.0,Hold,10.0,Hold,4.0,Hold,10.0,Hold,3.0,Hold,9.0,Hold,9.0,Hold,4.0,Buy,4.0,Hold,10.0
26/4/2022,397.08,0.3023370865440702,Hold,10.0,Hold,10.0,Hold,4.0,Hold,10.0,Hold,3.0,Hold,9.0,Hold,9.0,Hold,4.0,Buy,4.0,Hold,10.0
27/4/2022,398.2,0.8491254537179121,Hold,10.0,Hold,10.0,Hold,4.0,Hold,10.0,Hold,3.0,Hold,9.0,Hold,9.0,Hold,4.0,Buy,4.0,Hold,10.0
28/4/2022,408.26,0.7430180676669119,Hold,10.0,Hold,10.0,Hold,4.0,Hold,10.0,Hold,3.0,Hold,9.0,Hold,9.0,Hold,4.0,Hold,4.0,Hold,10.0
29/4/2022,393.17,-0.0461225409090908,Hold,10.0,Hold,10.0,Hold,4.0,Hold,10.0,Hold,3.0,Hold,9.0,Hold,9.0,Hold,4.0,Buy,4.0,Hold,10.0
2/5/2022,395.54,0.6332057409799187,Hold,10.0,Hold,10.0,Hold,4.0,Hold,10.0,Hold,3.0,Hold,9.0,Hold,9.0,Hold,4.0,Hold,4.0,Hold,10.0
3/5/2022,397.35,0.3565469813307725,Hold,10.0,Hold,10.0,Hold,4.0,Hold,10.0,Hold,3.0,Hold,9.0,Hold,9.0,Hold,4.0,Hold,4.0,Hold,10.0
4/5/2022,409.45,0.5051356860880771,Hold,10.0,Hold,10.0,Hold,4.0,Hold,10.0,Hold,3.0,Hold,9.0,Hold,9.0,Hold,4.0,Hold,4.0,Hold,10.0
5/5/2022,394.9,0.6271443296683952,Hold,10.0,Hold,10.0,Hold,4.0,Hold,10.0,Hold,3.0,Hold,9.0,Hold,9.0,Hold,4.0,Hold,4.0,Hold,10.0
6/5/2022,392.54,0.8991082727647056,Hold,10.0,Hold,10.0,Hold,4.0,Hold,10.0,Hold,3.0,Hold,9.0,Hold,9.0,Hold,4.0,Hold,4.0,Hold,10.0
9/5/2022,379.97,0.1576360867385642,Hold,10.0,Hold,10.0,Hold,4.0,Hold,10.0,Hold,3.0,Hold,9.0,Hold,9.0,Hold,4.0,Buy,4.0,Hold,10.0
10/5/2022,380.85,0.2917741717798728,Hold,10.0,Hold,10.0,Hold,4.0,Hold,10.0,Hold,3.0,Hold,9.0,Hold,9.0,Hold,4.0,Buy,4.0,Hold,10.0
11/5/2022,374.8,0.2099647646276596,Hold,10.0,Hold,10.0,Hold,4.0,Hold,10.0,Hold,3.0,Hold,9.0,Hold,9.0,Hold,4.0,Buy,4.0,Hold,10.0
12/5/2022,374.41,0.4265196534285715,Hold,10.0,Hold,10.0,Hold,4.0,Hold,10.0,Hold,3.0,Hold,9.0,Hold,9.0,Hold,4.0,Hold,4.0,Hold,10.0
13/5/2022,383.36,0.7077939552391221,Hold,10.0,Hold,10.0,Hold,4.0,Hold,10.0,Hold,3.0,Hold,9.0,Hold,9.0,Hold,4.0,Hold,4.0,Hold,10.0
16/5/2022,381.81,0.3507119365789474,Hold,10.0,Hold,10.0,Hold,4.0,Hold,10.0,Hold,3.0,Hold,9.0,Hold,9.0,Hold,4.0,Hold,4.0,Hold,10.0
17/5/2022,389.66,0.6266337886813046,Hold,10.0,Hold,10.0,Hold,4.0,Hold,10.0,Hold,3.0,Hold,9.0,Hold,9.0,Hold,4.0,Hold,4.0,Hold,10.0
18/5/2022,373.95,0.6340490138866529,Buy,10.0,Buy,10.0,Hold,4.0,Hold,10.0,Hold,3.0,Hold,9.0,Hold,9.0,Hold,4.0,Hold,4.0,Hold,10.0
19/5/2022,371.66,0.4757303530693068,Hold,10.0,Sell,10.0,Hold,4.0,Hold,10.0,Hold,3.0,Hold,9.0,Hold,9.0,Hold,4.0,Hold,4.0,Hold,10.0
20/5/2022,371.82,0.4845716260655736,Hold,10.0,Hold,10.0,Hold,4.0,Hold,10.0,Hold,3.0,Hold,9.0,Hold,9.0,Hold,4.0,Hold,4.0,Hold,10.0
23/5/2022,378.78,0.2941174362145206,Hold,10.0,Hold,10.0,Hold,4.0,Hold,10.0,Hold,3.0,Hold,9.0,Hold,9.0,Hold,4.0,Hold,4.0,Hold,10.0
24/5/2022,375.89,0.6435521948398573,Buy,10.0,Hold,10.0,Hold,4.0,Buy,10.0,Buy,3.0,Hold,9.0,Hold,9.0,Hold,4.0,Buy,4.0,Buy,10.0
25/5/2022,379.21,0.4899641181586848,Hold,10.0,Buy,10.0,Hold,4.0,Hold,10.0,Hold,3.0,Hold,9.0,Buy,9.0,Hold,4.0,Hold,4.0,Hold,10.0
26/5/2022,386.79,0.5953343618918919,Hold,10.0,Hold,10.0,Hold,4.0,Hold,10.0,Hold,3.0,Hold,9.0,Hold,9.0,Hold,4.0,Hold,4.0,Hold,10.0
27/5/2022,396.28,0.3478806113590089,Hold,10.0,Buy,10.0,Buy,4.0,Hold,10.0,Hold,3.0,Buy,9.0,Buy,9.0,Buy,4.0,Hold,4.0,Hold,10.0
31/5/2022,394.06,0.6335401531035715,Hold,10.0,Hold,10.0,Hold,4.0,Hold,10.0,Hold,3.0,Hold,9.0,Hold,9.0,Hold,4.0,Hold,4.0,Hold,10.0
1/6/2022,390.87,0.602045521907078,Hold,10.0,Hold,10.0,Hold,4.0,Hold,10.0,Hold,3.0,Hold,9.0,Hold,9.0,Hold,4.0,Hold,4.0,Hold,10.0
2/6/2022,398.32,0.6324681713888889,Hold,10.0,Hold,10.0,Hold,4.0,Hold,10.0,Hold,3.0,Hold,9.0,Hold,9.0,Hold,4.0,Hold,4.0,Hold,10.0
3/6/2022,391.78,0.4292702148510876,Hold,10.0,Hold,10.0,Hold,4.0,Hold,10.0,Hold,3.0,Hold,9.0,Hold,9.0,Hold,4.0,Hold,4.0,Hold,10.0
6/6/2022,392.97,0.6103202344957626,Hold,10.0,Hold,10.0,Hold,4.0,Hold,10.0,Hold,3.0,Hold,9.0,Hold,9.0,Hold,4.0,Hold,4.0,Hold,10.0
7/6/2022,396.74,0.2427036257777778,Hold,10.0,Hold,10.0,Hold,4.0,Hold,10.0,Hold,3.0,Hold,9.0,Hold,9.0,Hold,4.0,Hold,4.0,Hold,10.0
8/6/2022,392.43,0.6247285737358744,Hold,10.0,Hold,10.0,Hold,4.0,Hold,10.0,Hold,3.0,Hold,9.0,Hold,9.0,Hold,4.0,Hold,4.0,Hold,10.0
9/6/2022,383.09,0.5084562985245903,Hold,10.0,Hold,10.0,Hold,4.0,Hold,10.0,Hold,3.0,Hold,9.0,Hold,9.0,Hold,4.0,Hold,4.0,Hold,10.0
10/6/2022,371.99,0.6997354116591729,Sell,10.0,Sell,10.0,Sell,4.0,Sell,10.0,Hold,3.0,Sell,9.0,Sell,9.0,Sell,4.0,Hold,4.0,Hold,10.0
13/6/2022,357.86,0.3117077224637558,Hold,10.0,Hold,10.0,Hold,4.0,Hold,10.0,Hold,3.0,Hold,9.0,Hold,9.0,Hold,4.0,Hold,4.0,Sell,10.0
14/6/2022,356.78,0.6334285919126639,Hold,10.0,Hold,10.0,Hold,4.0,Hold,10.0,Hold,3.0,Hold,9.0,Hold,9.0,Hold,4.0,Hold,4.0,Hold,10.0
15/6/2022,361.87,0.9225688272163268,Hold,10.0,Hold,10.0,Hold,4.0,Hold,10.0,Hold,3.0,Hold,9.0,Hold,9.0,Hold,4.0,Hold,4.0,Hold,10.0
16/6/2022,349.89,0.4534224764285713,Hold,10.0,Hold,10.0,Hold,4.0,Hold,10.0,Hold,3.0,Hold,9.0,Hold,9.0,Hold,4.0,Buy,4.0,Hold,10.0
17/6/2022,350.65,0.517664941766,Hold,10.0,Hold,10.0,Hold,4.0,Hold,10.0,Hold,3.0,Hold,9.0,Hold,9.0,Sell,4.0,Buy,4.0,Hold,10.0
21/6/2022,359.48,0.8646012253357547,Hold,10.0,Hold,10.0,Hold,4.0,Hold,10.0,Hold,3.0,Hold,9.0,Hold,9.0,Hold,4.0,Hold,4.0,Hold,10.0
22/6/2022,358.82,0.5801943561534008,Hold,10.0,Hold,10.0,Hold,4.0,Hold,10.0,Hold,3.0,Hold,9.0,Hold,9.0,Hold,4.0,Hold,4.0,Hold,10.0
23/6/2022,362.34,0.7926035052827123,Hold,10.0,Hold,10.0,Hold,4.0,Hold,10.0,Buy,3.0,Hold,9.0,Hold,9.0,Hold,4.0,Buy,4.0,Hold,10.0
24/6/2022,373.86,0.4608553957823271,Hold,10.0,Hold,10.0,Hold,4.0,Hold,10.0,Hold,3.0,Hold,9.0,Hold,9.0,Hold,4.0,Hold,4.0,Hold,10.0
27/6/2022,372.43,0.7473960512063492,Buy,10.0,Buy,10.0,Hold,4.0,Buy,10.0,Hold,3.0,Hold,9.0,Buy,9.0,Hold,4.0,Hold,4.0,Hold,10.0
28/6/2022,364.82,0.8441252113928571,Hold,10.0,Hold,10.0,Hold,4.0,Hold,10.0,Hold,3.0,Hold,9.0,Hold,9.0,Hold,4.0,Hold,4.0,Hold,10.0
29/6/2022,364.53,0.4697893213541666,Hold,10.0,Hold,10.0,Hold,4.0,Hold,10.0,Hold,3.0,Hold,9.0,Hold,9.0,Hold,4.0,Hold,4.0,Hold,10.0
30/6/2022,361.56,0.0445753150561904,Hold,10.0,Buy,10.0,Hold,4.0,Hold,10.0,Hold,3.0,Hold,9.0,Buy,9.0,Hold,4.0,Hold,4.0,Hold,10.0
1/7/2022,365.39,-0.1678217252119564,Hold,10.0,Hold,10.0,Hold,4.0,Hold,10.0,Hold,3.0,Hold,9.0,Hold,9.0,Hold,4.0,Hold,4.0,Hold,10.0
5/7/2022,366.08,0.0998255354935679,Hold,10.0,Hold,10.0,Hold,4.0,Hold,10.0,Hold,3.0,Hold,9.0,Hold,9.0,Hold,4.0,Hold,4.0,Hold,10.0
6/7/2022,367.32,0.3808307784615384,Hold,10.0,Buy,10.0,Hold,4.0,Hold,10.0,Hold,3.0,Hold,9.0,Hold,9.0,Buy,4.0,Hold,4.0,Hold,10.0
7/7/2022,372.82,0.4812998484862062,Hold,10.0,Hold,10.0,Hold,4.0,Hold,10.0,Hold,3.0,Hold,9.0,Hold,9.0,Hold,4.0,Hold,4.0,Hold,10.0
8/7/2022,372.51,0.4297380333333334,Hold,10.0,Hold,10.0,Hold,4.0,Hold,10.0,Sell,3.0,Hold,9.0,Buy,9.0,Buy,4.0,Sell,4.0,Hold,10.0
11/7/2022,368.25,0.5553227507575758,Hold,10.0,Hold,10.0,Hold,4.0,Hold,10.0,Hold,3.0,Hold,9.0,Hold,9.0,Hold,4.0,Hold,4.0,Hold,10.0
12/7/2022,365.0,0.8265442675406771,Hold,10.0,Sell,10.0,Hold,4.0,Hold,10.0,Sell,3.0,Hold,9.0,Sell,9.0,Hold,4.0,Hold,4.0,Hold,10.0
13/7/2022,363.08,0.6794981228437345,Hold,10.0,Sell,10.0,Hold,4.0,Hold,10.0,Hold,3.0,Hold,9.0,Hold,9.0,Hold,4.0,Hold,4.0,Hold,10.0
14/7/2022,362.2,0.3128405855416395,Hold,10.0,Buy,10.0,Hold,4.0,Hold,10.0,Hold,3.0,Hold,9.0,Buy,9.0,Hold,4.0,Hold,4.0,Hold,10.0
15/7/2022,369.12,0.4884908841616104,Hold,10.0,Hold,10.0,Hold,4.0,Hold,10.0,Hold,3.0,Hold,9.0,Hold,9.0,Hold,4.0,Hold,4.0,Hold,10.0
18/7/2022,366.07,0.0938018905277819,Hold,10.0,Buy,10.0,Buy,4.0,Hold,10.0,Hold,3.0,Buy,9.0,Buy,9.0,Hold,4.0,Hold,4.0,Hold,10.0
19/7/2022,375.96,0.7469405261044775,Hold,10.0,Sell,10.0,Hold,4.0,Hold,10.0,Hold,3.0,Hold,9.0,Sell,9.0,Hold,4.0,Hold,4.0,Hold,10.0
20/7/2022,378.36,0.7746449216271606,Hold,10.0,Hold,10.0,Buy,4.0,Hold,10.0,Sell,3.0,Buy,9.0,Hold,9.0,Hold,4.0,Hold,4.0,Hold,10.0
21/7/2022,382.21,0.4605730072049503,Hold,10.0,Hold,10.0,Hold,4.0,Hold,10.0,Hold,3.0,Hold,9.0,Hold,9.0,Hold,4.0,Sell,4.0,Hold,10.0
22/7/2022,378.66,0.798110919222215,Hold,10.0,Hold,10.0,Hold,4.0,Hold,10.0,Hold,3.0,Hold,9.0,Hold,9.0,Hold,4.0,Hold,4.0,Hold,10.0
25/7/2022,379.12,0.6064838240183779,Hold,10.0,Hold,10.0,Hold,4.0,Hold,10.0,Hold,3.0,Hold,9.0,Hold,9.0,Hold,4.0,Hold,4.0,Hold,10.0
26/7/2022,374.64,0.3765040362499999,Hold,10.0,Hold,10.0,Hold,4.0,Hold,10.0,Hold,3.0,Hold,9.0,Hold,9.0,Hold,4.0,Hold,4.0,Hold,10.0
27/7/2022,384.37,0.8043143858507937,Hold,10.0,Hold,10.0,Hold,4.0,Hold,10.0,Hold,3.0,Hold,9.0,Hold,9.0,Hold,4.0,Hold,4.0,Hold,10.0
28/7/2022,389.19,0.3726589401785714,Hold,10.0,Hold,10.0,Hold,4.0,Hold,10.0,Hold,3.0,Hold,9.0,Hold,9.0,Hold,4.0,Hold,4.0,Hold,10.0
29/7/2022,394.86,0.6123639150000001,Hold,10.0,Hold,10.0,Hold,4.0,Hold,10.0,Hold,3.0,Hold,9.0,Hold,9.0,Hold,4.0,Sell,4.0,Hold,10.0
1/8/2022,393.69,0.6583345443076924,Hold,10.0,Hold,10.0,Hold,4.0,Hold,10.0,Hold,3.0,Hold,9.0,Hold,9.0,Hold,4.0,Sell,4.0,Hold,10.0
2/8/2022,391.09,0.8528954545238095,Hold,10.0,Hold,10.0,Hold,4.0,Hold,10.0,Hold,3.0,Hold,9.0,Hold,9.0,Hold,4.0,Sell,4.0,Hold,10.0
3/8/2022,397.22,0.5660416883937445,Hold,10.0,Hold,10.0,Hold,4.0,Hold,10.0,Hold,3.0,Hold,9.0,Hold,9.0,Hold,4.0,Sell,4.0,Hold,10.0
4/8/2022,396.95,0.8557822621745454,Hold,10.0,Hold,10.0,Hold,4.0,Hold,10.0,Hold,3.0,Hold,9.0,Hold,9.0,Hold,4.0,Sell,4.0,Hold,10.0
5/8/2022,396.28,0.6645822751650923,Hold,10.0,Hold,10.0,Hold,4.0,Hold,10.0,Hold,3.0,Hold,9.0,Hold,9.0,Hold,4.0,Sell,4.0,Hold,10.0
8/8/2022,395.82,0.639217156801988,Hold,10.0,Hold,10.0,Hold,4.0,Hold,10.0,Hold,3.0,Hold,9.0,Hold,9.0,Hold,4.0,Sell,4.0,Hold,10.0
9/8/2022,394.25,0.4071470650156472,Hold,10.0,Hold,10.0,Hold,4.0,Hold,10.0,Hold,3.0,Hold,9.0,Hold,9.0,Hold,4.0,Hold,4.0,Hold,10.0
10/8/2022,402.53,0.3674669939018297,Hold,10.0,Hold,10.0,Hold,4.0,Hold,10.0,Hold,3.0,Hold,9.0,Hold,9.0,Hold,4.0,Sell,4.0,Hold,10.0
11/8/2022,402.53,0.5321096011644307,Hold,10.0,Hold,10.0,Hold,4.0,Hold,10.0,Hold,3.0,Hold,9.0,Hold,9.0,Hold,4.0,Sell,4.0,Hold,10.0
12/8/2022,409.34,0.4566278760333545,Hold,10.0,Hold,10.0,Hold,4.0,Hold,10.0,Hold,3.0,Hold,9.0,Hold,9.0,Hold,4.0,Sell,4.0,Hold,10.0
15/8/2022,411.03,0.6763190502680769,Hold,10.0,Hold,10.0,Hold,4.0,Hold,10.0,Hold,3.0,Hold,9.0,Hold,9.0,Hold,4.0,Sell,4.0,Hold,10.0
16/8/2022,411.83,0.5165727217351528,Hold,10.0,Hold,10.0,Hold,4.0,Hold,10.0,Hold,3.0,Hold,9.0,Hold,9.0,Hold,4.0,Sell,4.0,Hold,10.0
17/8/2022,408.91,0.6065364951529192,Hold,10.0,Hold,10.0,Hold,4.0,Hold,10.0,Sell,3.0,Hold,9.0,Hold,9.0,Hold,4.0,Sell,4.0,Hold,10.0
18/8/2022,410.1,0.7790641451724138,Hold,10.0,Hold,10.0,Hold,4.0,Hold,10.0,Sell,3.0,Hold,9.0,Hold,9.0,Hold,4.0,Sell,4.0,Hold,10.0
19/8/2022,404.59,0.640269963846154,Hold,10.0,Hold,10.0,Hold,4.0,Hold,10.0,Hold,3.0,Hold,9.0,Hold,9.0,Hold,4.0,Hold,4.0,Hold,10.0
22/8/2022,396.16,0.5615448241130951,Sell,10.0,Hold,10.0,Hold,4.0,Sell,10.0,Hold,3.0,Hold,9.0,Hold,9.0,Hold,4.0,Hold,4.0,Hold,10.0
23/8/2022,395.21,0.839257147,Hold,10.0,Sell,10.0,Sell,4.0,Hold,10.0,Hold,3.0,Sell,9.0,Sell,9.0,Sell,4.0,Hold,4.0,Hold,10.0
24/8/2022,396.47,0.3015372048366399,Hold,10.0,Hold,10.0,Hold,4.0,Hold,10.0,Hold,3.0,Hold,9.0,Hold,9.0,Hold,4.0,Hold,4.0,Hold,10.0
25/8/2022,402.07,0.82149527453125,Hold,10.0,Hold,10.0,Hold,4.0,Hold,10.0,Hold,3.0,Hold,9.0,Hold,9.0,Hold,4.0,Hold,4.0,Hold,10.0
26/8/2022,388.46,0.5292647751515153,Hold,10.0,Hold,10.0,Hold,4.0,Hold,10.0,Hold,3.0,Hold,9.0,Hold,9.0,Hold,4.0,Hold,4.0,Hold,10.0
29/8/2022,385.89,0.9216427275,Hold,10.0,Hold,10.0,Sell,4.0,Hold,10.0,Hold,3.0,Sell,9.0,Hold,9.0,Sell,4.0,Hold,4.0,Hold,10.0
30/8/2022,381.65,0.4005249789558824,Hold,10.0,Hold,10.0,Hold,4.0,Hold,10.0,Hold,3.0,Hold,9.0,Hold,9.0,Hold,4.0,Hold,4.0,Hold,10.0
31/8/2022,378.75,0.2847024525206011,Hold,10.0,Hold,10.0,Hold,4.0,Hold,10.0,Hold,3.0,Hold,9.0,Hold,9.0,Hold,4.0,Buy,4.0,Hold,10.0
1/9/2022,379.94,0.2196842355181379,Hold,10.0,Hold,10.0,Hold,4.0,Hold,10.0,Hold,3.0,Hold,9.0,Hold,9.0,Hold,4.0,Buy,4.0,Hold,10.0
2/9/2022,375.93,0.5243826342696628,Hold,10.0,Hold,10.0,Hold,4.0,Hold,10.0,Hold,3.0,Hold,9.0,Hold,9.0,Hold,4.0,Buy,4.0,Hold,10.0
6/9/2022,374.51,0.5558164488978874,Hold,10.0,Hold,10.0,Hold,4.0,Hold,10.0,Buy,3.0,Hold,9.0,Hold,9.0,Hold,4.0,Buy,4.0,Hold,10.0
7/9/2022,381.24,0.5791393478564554,Hold,10.0,Hold,10.0,Hold,4.0,Hold,10.0,Buy,3.0,Hold,9.0,Hold,9.0,Hold,4.0,Buy,4.0,Hold,10.0
8/9/2022,383.73,0.5056023500972222,Hold,10.0,Hold,10.0,Hold,4.0,Hold,10.0,Buy,3.0,Hold,9.0,Hold,9.0,Hold,4.0,Buy,4.0,Hold,10.0
9/9/2022,389.69,0.6198744094328125,Hold,10.0,Hold,10.0,Hold,4.0,Hold,10.0,Hold,3.0,Hold,9.0,Hold,9.0,Hold,4.0,Hold,4.0,Hold,10.0
12/9/2022,393.88,0.8641176190657075,Hold,10.0,Buy,10.0,Hold,4.0,Hold,10.0,Hold,3.0,Hold,9.0,Buy,9.0,Hold,4.0,Hold,4.0,Hold,10.0
13/9/2022,376.76,0.0600833384833928,Hold,10.0,Hold,10.0,Hold,4.0,Hold,10.0,Hold,3.0,Hold,9.0,Hold,9.0,Hold,4.0,Hold,4.0,Hold,10.0
14/9/2022,378.19,0.1702031620999999,Hold,10.0,Sell,10.0,Hold,4.0,Hold,10.0,Hold,3.0,Hold,9.0,Sell,9.0,Hold,4.0,Hold,4.0,Hold,10.0
15/9/2022,373.9,0.18014574163685,Hold,10.0,Hold,10.0,Hold,4.0,Hold,10.0,Hold,3.0,Hold,9.0,Hold,9.0,Hold,4.0,Hold,4.0,Hold,10.0
16/9/2022,371.05,0.4233686944974192,Hold,10.0,Hold,10.0,Hold,4.0,Hold,10.0,Hold,3.0,Hold,9.0,Hold,9.0,Hold,4.0,Hold,4.0,Hold,10.0
19/9/2022,373.92,0.3959387208889472,Hold,10.0,Hold,10.0,Hold,4.0,Hold,10.0,Hold,3.0,Hold,9.0,Hold,9.0,Hold,4.0,Hold,4.0,Hold,10.0
20/9/2022,369.63,0.4819431680925927,Hold,10.0,Hold,10.0,Hold,4.0,Hold,10.0,Hold,3.0,Hold,9.0,Hold,9.0,Hold,4.0,Hold,4.0,Hold,10.0
21/9/2022,363.18,0.7185557018518519,Hold,10.0,Hold,10.0,Hold,4.0,Hold,10.0,Hold,3.0,Hold,9.0,Hold,9.0,Hold,4.0,Hold,4.0,Hold,10.0
22/9/2022,360.13,0.8249732692728461,Hold,10.0,Hold,10.0,Hold,4.0,Hold,10.0,Hold,3.0,Hold,9.0,Hold,9.0,Hold,4.0,Hold,4.0,Hold,10.0
23/9/2022,354.1,0.4169336968347106,Hold,10.0,Hold,10.0,Hold,4.0,Hold,10.0,Hold,3.0,Hold,9.0,Hold,9.0,Hold,4.0,Hold,4.0,Hold,10.0
26/9/2022,350.6,0.6292060250645259,Hold,10.0,Hold,10.0,Hold,4.0,Hold,10.0,Hold,3.0,Hold,9.0,Hold,9.0,Hold,4.0,Hold,4.0,Hold,10.0
27/9/2022,349.7,0.3956490277042022,Hold,10.0,Hold,10.0,Hold,4.0,Hold,10.0,Hold,3.0,Hold,9.0,Hold,9.0,Hold,4.0,Buy,4.0,Hold,10.0
28/9/2022,356.58,0.4426595168489964,Hold,10.0,Hold,10.0,Hold,4.0,Hold,10.0,Hold,3.0,Hold,9.0,Hold,9.0,Hold,4.0,Hold,4.0,Hold,10.0
29/9/2022,349.13,0.2489344329275362,Hold,10.0,Hold,10.0,Hold,4.0,Hold,10.0,Buy,3.0,Hold,9.0,Hold,9.0,Hold,4.0,Buy,4.0,Hold,10.0
30/9/2022,343.74,0.6207416259585369,Hold,10.0,Hold,10.0,Hold,4.0,Hold,10.0,Buy,3.0,Hold,9.0,Hold,9.0,Hold,4.0,Buy,4.0,Hold,10.0
3/10/2022,352.81,0.4745535799303892,Hold,10.0,Hold,10.0,Hold,4.0,Hold,10.0,Hold,3.0,Hold,9.0,Hold,9.0,Hold,4.0,Hold,4.0,Hold,10.0
4/10/2022,363.74,0.5009189588610231,Hold,10.0,Hold,10.0,Hold,4.0,Hold,10.0,Hold,3.0,Hold,9.0,Hold,9.0,Hold,4.0,Hold,4.0,Hold,10.0
5/10/2022,362.9,0.4702574066866078,Buy,10.0,Buy,10.0,Hold,4.0,Hold,10.0,Hold,3.0,Hold,9.0,Hold,9.0,Hold,4.0,Hold,4.0,Hold,10.0
6/10/2022,359.15,0.7373371908732969,Hold,10.0,Hold,10.0,Hold,4.0,Hold,10.0,Hold,3.0,Hold,9.0,Hold,9.0,Hold,4.0,Hold,4.0,Hold,10.0
7/10/2022,349.13,0.9263513295856098,Sell,10.0,Sell,10.0,Hold,4.0,Hold,10.0,Hold,3.0,Hold,9.0,Hold,9.0,Hold,4.0,Hold,4.0,Hold,10.0
10/10/2022,346.47,0.6871598090051614,Hold,10.0,Buy,10.0,Hold,4.0,Hold,10.0,Hold,3.0,Hold,9.0,Buy,9.0,Hold,4.0,Hold,4.0,Hold,10.0
11/10/2022,344.27,0.7286654430422079,Hold,10.0,Hold,10.0,Hold,4.0,Sell,10.0,Hold,3.0,Hold,9.0,Hold,9.0,Hold,4.0,Hold,4.0,Hold,10.0
12/10/2022,343.14,0.7777646264556962,Hold,10.0,Hold,10.0,Hold,4.0,Hold,10.0,Hold,3.0,Hold,9.0,Hold,9.0,Hold,4.0,Hold,4.0,Hold,10.0
13/10/2022,352.19,0.5217509131850981,Buy,10.0,Hold,10.0,Hold,4.0,Buy,10.0,Hold,3.0,Hold,9.0,Hold,9.0,Hold,4.0,Hold,4.0,Buy,10.0
14/10/2022,344.17,0.4132561052351893,Hold,10.0,Hold,10.0,Hold,4.0,Hold,10.0,Hold,3.0,Hold,9.0,Hold,9.0,Hold,4.0,Hold,4.0,Hold,10.0
17/10/2022,353.01,0.3773447133908237,Hold,10.0,Sell,10.0,Hold,4.0,Hold,10.0,Hold,3.0,Hold,9.0,Sell,9.0,Hold,4.0,Hold,4.0,Hold,10.0
18/10/2022,357.16,0.7711781061547945,Hold,10.0,Buy,10.0,Buy,4.0,Hold,10.0,Hold,3.0,Hold,9.0,Hold,9.0,Buy,4.0,Hold,4.0,Hold,10.0
19/10/2022,354.63,0.4691638136368912,Hold,10.0,Hold,10.0,Hold,4.0,Hold,10.0,Hold,3.0,Buy,9.0,Buy,9.0,Hold,4.0,Hold,4.0,Hold,10.0
20/10/2022,351.66,0.6650767381904763,Hold,10.0,Hold,10.0,Hold,4.0,Hold,10.0,Hold,3.0,Hold,9.0,Hold,9.0,Buy,4.0,Hold,4.0,Hold,10.0
21/10/2022,360.2,0.5367469363994496,Hold,10.0,Hold,10.0,Hold,4.0,Hold,10.0,Hold,3.0,Hold,9.0,Hold,9.0,Sell,4.0,Hold,4.0,Hold,10.0
24/10/2022,364.61,0.3969257330434783,Hold,10.0,Buy,10.0,Buy,4.0,Hold,10.0,Hold,3.0,Buy,9.0,Buy,9.0,Buy,4.0,Hold,4.0,Hold,10.0
25/10/2022,370.43,0.719728044064,Hold,10.0,Hold,10.0,Hold,4.0,Hold,10.0,Hold,3.0,Hold,9.0,Hold,9.0,Hold,4.0,Hold,4.0,Hold,10.0
26/10/2022,367.64,0.4531656758,Hold,10.0,Hold,10.0,Hold,4.0,Hold,10.0,Hold,3.0,Hold,9.0,Hold,9.0,Hold,4.0,Hold,4.0,Hold,10.0
27/10/2022,365.68,0.3195472628210526,Hold,10.0,Hold,10.0,Hold,4.0,Hold,10.0,Hold,3.0,Buy,9.0,Hold,9.0,Hold,4.0,Hold,4.0,Hold,10.0
28/10/2022,374.38,0.6173038007317074,Hold,10.0,Hold,10.0,Hold,4.0,Hold,10.0,Hold,3.0,Hold,9.0,Hold,9.0,Hold,4.0,Hold,4.0,Hold,10.0
31/10/2022,371.67,0.8454366254347826,Hold,10.0,Hold,10.0,Hold,4.0,Hold,10.0,Hold,3.0,Hold,9.0,Hold,9.0,Hold,4.0,Hold,4.0,Hold,10.0
1/11/2022,370.05,0.8532898940831248,Hold,10.0,Hold,10.0,Hold,4.0,Hold,10.0,Hold,3.0,Hold,9.0,Hold,9.0,Hold,4.0,Hold,4.0,Hold,10.0
2/11/2022,360.76,0.5149532544958065,Hold,10.0,Hold,10.0,Hold,4.0,Hold,10.0,Hold,3.0,Hold,9.0,Hold,9.0,Hold,4.0,Hold,4.0,Hold,10.0
3/11/2022,357.05,0.3718379998728814,Hold,10.0,Sell,10.0,Hold,4.0,Hold,10.0,Hold,3.0,Hold,9.0,Sell,9.0,Hold,4.0,Hold,4.0,Hold,10.0
4/11/2022,362.18,0.6776923929475137,Hold,10.0,Hold,10.0,Hold,4.0,Hold,10.0,Hold,3.0,Hold,9.0,Hold,9.0,Hold,4.0,Hold,4.0,Hold,10.0
7/11/2022,365.65,0.1380036198701298,Hold,10.0,Hold,10.0,Hold,4.0,Hold,10.0,Hold,3.0,Hold,9.0,Buy,9.0,Hold,4.0,Hold,4.0,Hold,10.0
8/11/2022,367.62,0.9285449553658538,Hold,10.0,Buy,10.0,Hold,4.0,Hold,10.0,Hold,3.0,Hold,9.0,Hold,9.0,Hold,4.0,Hold,4.0,Hold,10.0
9/11/2022,360.05,0.4818756689974511,Hold,10.0,Sell,10.0,Hold,4.0,Hold,10.0,Hold,3.0,Hold,9.0,Sell,9.0,Hold,4.0,Hold,4.0,Hold,10.0
10/11/2022,379.83,0.6914959559671527,Hold,10.0,Hold,10.0,Hold,4.0,Hold,10.0,Hold,3.0,Hold,9.0,Hold,9.0,Hold,4.0,Hold,4.0,Hold,10.0
11/11/2022,383.51,0.1893371094018191,Hold,10.0,Buy,10.0,Hold,4.0,Hold,10.0,Hold,3.0,Hold,9.0,Buy,9.0,Hold,4.0,Hold,4.0,Hold,10.0
14/11/2022,380.25,0.9461266272163934,Hold,10.0,Hold,10.0,Hold,4.0,Hold,10.0,Hold,3.0,Hold,9.0,Hold,9.0,Hold,4.0,Hold,4.0,Hold,10.0
15/11/2022,383.49,0.6655819924315557,Hold,10.0,Hold,10.0,Hold,4.0,Hold,10.0,Hold,3.0,Hold,9.0,Hold,9.0,Hold,4.0,Hold,4.0,Hold,10.0
16/11/2022,380.57,0.7570947564073172,Hold,10.0,Hold,10.0,Hold,4.0,Hold,10.0,Hold,3.0,Hold,9.0,Hold,9.0,Hold,4.0,Hold,4.0,Hold,10.0
17/11/2022,379.4,0.6390096295806451,Hold,10.0,Hold,10.0,Hold,4.0,Hold,10.0,Hold,3.0,Hold,9.0,Hold,9.0,Hold,4.0,Hold,4.0,Hold,10.0
18/11/2022,381.12,0.945612755283019,Hold,10.0,Hold,10.0,Hold,4.0,Hold,10.0,Hold,3.0,Hold,9.0,Hold,9.0,Hold,4.0,Hold,4.0,Hold,10.0
21/11/2022,379.74,0.4368377391859988,Hold,10.0,Hold,10.0,Hold,4.0,Hold,10.0,Hold,3.0,Hold,9.0,Hold,9.0,Hold,4.0,Hold,4.0,Hold,10.0
22/11/2022,384.85,0.3965149770526316,Hold,10.0,Hold,10.0,Hold,4.0,Hold,10.0,Hold,3.0,Hold,9.0,Hold,9.0,Hold,4.0,Hold,4.0,Hold,10.0
23/11/2022,387.27,0.723866062140351,Hold,10.0,Hold,10.0,Hold,4.0,Hold,10.0,Hold,3.0,Hold,9.0,Hold,9.0,Hold,4.0,Sell,4.0,Hold,10.0
25/11/2022,387.19,0.8692380584785715,Hold,10.0,Hold,10.0,Hold,4.0,Hold,10.0,Hold,3.0,Hold,9.0,Hold,9.0,Hold,4.0,Sell,4.0,Hold,10.0
28/11/2022,381.01,0.4717871122778066,Hold,10.0,Hold,10.0,Hold,4.0,Hold,10.0,Hold,3.0,Hold,9.0,Hold,9.0,Hold,4.0,Hold,4.0,Hold,10.0
29/11/2022,380.35,0.3049354937153773,Hold,10.0,Hold,10.0,Hold,4.0,Hold,10.0,Hold,3.0,Hold,9.0,Hold,9.0,Hold,4.0,Hold,4.0,Hold,10.0
30/11/2022,392.33,0.8429305096003437,Sell,10.0,Sell,10.0,Hold,4.0,Hold,10.0,Sell,3.0,Hold,9.0,Hold,9.0,Hold,4.0,Sell,4.0,Hold,10.0
1/12/2022,392.05,0.5370660612578223,Hold,10.0,Buy,10.0,Hold,4.0,Hold,10.0,Hold,3.0,Hold,9.0,Hold,9.0,Hold,4.0,Hold,4.0,Hold,10.0
2/12/2022,391.59,0.7131810390370185,Hold,10.0,Hold,10.0,Hold,4.0,Hold,10.0,Hold,3.0,Hold,9.0,Hold,9.0,Hold,4.0,Hold,4.0,Hold,10.0
5/12/2022,384.55,0.1625466132241509,Hold,10.0,Hold,10.0,Hold,4.0,Hold,10.0,Hold,3.0,Hold,9.0,Hold,9.0,Hold,4.0,Hold,4.0,Hold,10.0
6/12/2022,379.01,-0.063136189766129,Sell,10.0,Sell,10.0,Hold,4.0,Sell,10.0,Hold,3.0,Hold,9.0,Hold,9.0,Hold,4.0,Hold,4.0,Hold,10.0
7/12/2022,378.36,0.2557842285652684,Hold,10.0,Hold,10.0,Hold,4.0,Hold,10.0,Hold,3.0,Hold,9.0,Sell,9.0,Hold,4.0,Hold,4.0,Hold,10.0
8/12/2022,381.33,0.6103829592041429,Hold,10.0,Hold,10.0,Hold,4.0,Hold,10.0,Hold,3.0,Hold,9.0,Hold,9.0,Hold,4.0,Hold,4.0,Hold,10.0
9/12/2022,378.48,0.3915221300153017,Hold,10.0,Sell,10.0,Hold,4.0,Hold,10.0,Hold,3.0,Hold,9.0,Hold,9.0,Hold,4.0,Hold,4.0,Hold,10.0
12/12/2022,383.93,0.8549790561625,Hold,10.0,Buy,10.0,Hold,4.0,Hold,10.0,Buy,3.0,Sell,9.0,Hold,9.0,Hold,4.0,Hold,4.0,Hold,10.0
13/12/2022,386.84,0.7866156474748174,Hold,10.0,Hold,10.0,Hold,4.0,Hold,10.0,Hold,3.0,Hold,9.0,Hold,9.0,Hold,4.0,Hold,4.0,Hold,10.0
14/12/2022,384.37,0.7445347021951219,Hold,10.0,Hold,10.0,Hold,4.0,Hold,10.0,Hold,3.0,Hold,9.0,Hold,9.0,Hold,4.0,Hold,4.0,Hold,10.0
15/12/2022,374.96,0.7662869403866667,Hold,10.0,Hold,10.0,Hold,4.0,Hold,10.0,Hold,3.0,Hold,9.0,Hold,9.0,Hold,4.0,Hold,4.0,Hold,10.0
16/12/2022,370.54,0.4906278300370371,Hold,10.0,Hold,10.0,Sell,4.0,Hold,10.0,Hold,3.0,Sell,9.0,Hold,9.0,Sell,4.0,Hold,4.0,Hold,10.0
19/12/2022,367.4,0.6448920678734177,Hold,10.0,Hold,10.0,Hold,4.0,Hold,10.0,Hold,3.0,Hold,9.0,Hold,9.0,Hold,4.0,Hold,4.0,Hold,10.0
20/12/2022,367.9,0.5326655113349206,Hold,10.0,Hold,10.0,Hold,4.0,Hold,10.0,Hold,3.0,Hold,9.0,Hold,9.0,Hold,4.0,Buy,4.0,Hold,10.0
21/12/2022,373.4,0.5012933856896553,Hold,10.0,Hold,10.0,Hold,4.0,Hold,10.0,Hold,3.0,Hold,9.0,Hold,9.0,Hold,4.0,Hold,4.0,Hold,10.0
22/12/2022,368.07,0.935026968979592,Hold,10.0,Hold,10.0,Hold,4.0,Hold,10.0,Hold,3.0,Hold,9.0,Hold,9.0,Hold,4.0,Buy,4.0,Hold,10.0
23/12/2022,370.19,0.4841437049746835,Hold,10.0,Hold,10.0,Hold,4.0,Hold,10.0,Hold,3.0,Hold,9.0,Hold,9.0,Hold,4.0,Hold,4.0,Hold,10.0
27/12/2022,368.73,0.5101842151485146,Hold,10.0,Hold,10.0,Hold,4.0,Hold,10.0,Hold,3.0,Hold,9.0,Hold,9.0,Hold,4.0,Hold,4.0,Hold,10.0
28/12/2022,364.15,0.0727076501345131,Hold,10.0,Hold,10.0,Hold,4.0,Hold,10.0,Hold,3.0,Hold,9.0,Hold,9.0,Hold,4.0,Hold,4.0,Hold,10.0
29/12/2022,370.7,0.6296435226483477,Hold,10.0,Hold,10.0,Hold,4.0,Hold,10.0,Hold,3.0,Hold,9.0,Hold,9.0,Hold,4.0,Hold,4.0,Hold,10.0
30/12/2022,369.73,0.0443218126315789,Hold,10.0,Hold,10.0,Hold,4.0,Hold,10.0,Hold,3.0,Hold,9.0,Hold,9.0,Hold,4.0,Hold,4.0,Hold,10.0
3/1/2023,368.17,0.7128488049620253,Hold,10.0,Hold,10.0,Hold,4.0,Hold,10.0,Hold,3.0,Hold,9.0,Hold,9.0,Hold,4.0,Hold,4.0,Hold,10.0
4/1/2023,371.01,0.0113197554084925,Hold,10.0,Hold,10.0,Hold,4.0,Hold,10.0,Hold,3.0,Hold,9.0,Hold,9.0,Hold,4.0,Hold,4.0,Hold,10.0
5/1/2023,366.78,0.9206238747948716,Buy,10.0,Buy,10.0,Buy,4.0,Hold,10.0,Hold,3.0,Hold,9.0,Hold,9.0,Buy,4.0,Hold,4.0,Hold,10.0
6/1/2023,375.19,0.0054778802020754,Hold,10.0,Hold,10.0,Hold,4.0,Hold,10.0,Hold,3.0,Hold,9.0,Hold,9.0,Hold,4.0,Hold,4.0,Hold,10.0
9/1/2023,374.97,0.4091849486043881,Buy,10.0,Buy,10.0,Buy,4.0,Buy,10.0,Hold,3.0,Buy,9.0,Buy,9.0,Buy,4.0,Hold,4.0,Buy,10.0
10/1/2023,377.6,0.4855399108974107,Hold,10.0,Hold,10.0,Hold,4.0,Hold,10.0,Hold,3.0,Hold,9.0,Hold,9.0,Hold,4.0,Hold,4.0,Hold,10.0
11/1/2023,382.38,0.9725550505882355,Hold,10.0,Buy,10.0,Hold,4.0,Hold,10.0,Hold,3.0,Hold,9.0,Buy,9.0,Hold,4.0,Hold,4.0,Hold,10.0
12/1/2023,383.77,0.628538722985076,Hold,10.0,Hold,10.0,Buy,4.0,Hold,10.0,Hold,3.0,Buy,9.0,Hold,9.0,Hold,4.0,Hold,4.0,Hold,10.0
13/1/2023,385.26,0.5488994264479152,Hold,10.0,Hold,10.0,Hold,4.0,Hold,10.0,Hold,3.0,Hold,9.0,Hold,9.0,Buy,4.0,Hold,4.0,Hold,10.0
17/1/2023,384.56,0.2937860830833334,Hold,10.0,Hold,10.0,Hold,4.0,Hold,10.0,Hold,3.0,Hold,9.0,Hold,9.0,Hold,4.0,Hold,4.0,Hold,10.0
18/1/2023,378.48,-0.1117599343243243,Hold,10.0,Hold,10.0,Hold,4.0,Hold,10.0,Hold,3.0,Hold,9.0,Hold,9.0,Hold,4.0,Hold,4.0,Hold,10.0
19/1/2023,375.73,0.8213609556721264,Hold,10.0,Hold,10.0,Hold,4.0,Hold,10.0,Hold,3.0,Hold,9.0,Hold,9.0,Hold,4.0,Hold,4.0,Hold,10.0
20/1/2023,382.73,0.6631948146609434,Hold,10.0,Hold,10.0,Hold,4.0,Hold,10.0,Hold,3.0,Hold,9.0,Hold,9.0,Hold,4.0,Hold,4.0,Hold,10.0
23/1/2023,387.32,0.1213530904373263,Hold,10.0,Hold,10.0,Hold,4.0,Hold,10.0,Hold,3.0,Hold,9.0,Hold,9.0,Hold,4.0,Hold,4.0,Hold,10.0
24/1/2023,386.9,0.2782830322028788,Hold,10.0,Hold,10.0,Hold,4.0,Hold,10.0,Hold,3.0,Hold,9.0,Hold,9.0,Hold,4.0,Hold,4.0,Hold,10.0
25/1/2023,387.05,0.2647530949348646,Hold,10.0,Hold,10.0,Hold,4.0,Hold,10.0,Hold,3.0,Hold,9.0,Hold,9.0,Hold,4.0,Hold,4.0,Hold,10.0
26/1/2023,391.3,0.6534545239387701,Hold,10.0,Hold,10.0,Hold,4.0,Hold,10.0,Hold,3.0,Hold,9.0,Hold,9.0,Hold,4.0,Sell,4.0,Hold,10.0
27/1/2023,392.2,0.5993686986844623,Hold,10.0,Hold,10.0,Hold,4.0,Hold,10.0,Hold,3.0,Hold,9.0,Hold,9.0,Hold,4.0,Sell,4.0,Hold,10.0
30/1/2023,387.28,0.54593100747541,Hold,10.0,Hold,10.0,Hold,4.0,Hold,10.0,Hold,3.0,Hold,9.0,Hold,9.0,Hold,4.0,Hold,4.0,Hold,10.0
31/1/2023,392.98,0.6099554363396859,Hold,10.0,Hold,10.0,Hold,4.0,Hold,10.0,Hold,3.0,Hold,9.0,Hold,9.0,Hold,4.0,Hold,4.0,Hold,10.0
1/2/2023,397.15,0.6448109470772717,Hold,10.0,Hold,10.0,Hold,4.0,Hold,10.0,Hold,3.0,Hold,9.0,Hold,9.0,Hold,4.0,Hold,4.0,Hold,10.0
2/2/2023,402.93,0.4450003901463514,Hold,10.0,Hold,10.0,Hold,4.0,Hold,10.0,Hold,3.0,Hold,9.0,Hold,9.0,Hold,4.0,Hold,4.0,Hold,10.0
3/2/2023,398.65,0.5487588048680467,Hold,10.0,Hold,10.0,Hold,4.0,Hold,10.0,Hold,3.0,Hold,9.0,Hold,9.0,Hold,4.0,Hold,4.0,Hold,10.0
6/2/2023,396.21,0.2577641736193574,Hold,10.0,Hold,10.0,Hold,4.0,Hold,10.0,Hold,3.0,Hold,9.0,Hold,9.0,Hold,4.0,Hold,4.0,Hold,10.0
7/2/2023,401.4,0.8428712100000001,Hold,10.0,Hold,10.0,Hold,4.0,Hold,10.0,Sell,3.0,Hold,9.0,Hold,9.0,Hold,4.0,Sell,4.0,Hold,10.0
8/2/2023,397.01,0.4819284295869565,Hold,10.0,Hold,10.0,Hold,4.0,Hold,10.0,Hold,3.0,Hold,9.0,Hold,9.0,Hold,4.0,Hold,4.0,Hold,10.0
9/2/2023,393.57,0.8258936458152681,Hold,10.0,Hold,10.0,Hold,4.0,Hold,10.0,Hold,3.0,Hold,9.0,Hold,9.0,Hold,4.0,Hold,4.0,Hold,10.0
10/2/2023,394.48,0.6343558832690386,Sell,10.0,Sell,10.0,Hold,4.0,Sell,10.0,Hold,3.0,Hold,9.0,Hold,9.0,Hold,4.0,Hold,4.0,Hold,10.0
13/2/2023,399.12,0.510445569190977,Hold,10.0,Hold,10.0,Hold,4.0,Hold,10.0,Hold,3.0,Hold,9.0,Hold,9.0,Hold,4.0,Hold,4.0,Hold,10.0
14/2/2023,398.93,0.7914464277086151,Hold,10.0,Hold,10.0,Hold,4.0,Hold,10.0,Hold,3.0,Hold,9.0,Hold,9.0,Hold,4.0,Hold,4.0,Hold,10.0
15/2/2023,400.23,0.6409028689657256,Hold,10.0,Hold,10.0,Hold,4.0,Hold,10.0,Hold,3.0,Hold,9.0,Hold,9.0,Hold,4.0,Hold,4.0,Hold,10.0
16/2/2023,394.72,0.5777998300042206,Hold,10.0,Sell,10.0,Hold,4.0,Hold,10.0,Hold,3.0,Hold,9.0,Sell,9.0,Hold,4.0,Hold,4.0,Hold,10.0
17/2/2023,393.73,0.436386659143,Hold,10.0,Hold,10.0,Sell,4.0,Hold,10.0,Hold,3.0,Hold,9.0,Hold,9.0,Sell,4.0,Hold,4.0,Hold,10.0
21/2/2023,385.83,0.1965739484602333,Hold,10.0,Hold,10.0,Hold,4.0,Hold,10.0,Hold,3.0,Hold,9.0,Hold,9.0,Hold,4.0,Hold,4.0,Hold,10.0
22/2/2023,385.3,0.7022692684258823,Hold,10.0,Hold,10.0,Hold,4.0,Hold,10.0,Hold,3.0,Sell,9.0,Hold,9.0,Hold,4.0,Hold,4.0,Hold,10.0
23/2/2023,387.35,0.5417333941082234,Hold,10.0,Hold,10.0,Hold,4.0,Hold,10.0,Hold,3.0,Hold,9.0,Hold,9.0,Hold,4.0,Hold,4.0,Hold,10.0
24/2/2023,383.21,0.8575817751874999,Hold,10.0,Hold,10.0,Hold,4.0,Hold,10.0,Hold,3.0,Hold,9.0,Hold,9.0,Hold,4.0,Hold,4.0,Hold,10.0
27/2/2023,384.52,0.3949608225531906,Hold,10.0,Hold,10.0,Sell,4.0,Hold,10.0,Hold,3.0,Sell,9.0,Hold,9.0,Hold,4.0,Hold,4.0,Hold,10.0
28/2/2023,383.1,0.5211737906205473,Hold,10.0,Hold,10.0,Hold,4.0,Hold,10.0,Buy,3.0,Hold,9.0,Hold,9.0,Hold,4.0,Buy,4.0,Hold,10.0
1/3/2023,381.63,0.3863388806403375,Hold,10.0,Hold,10.0,Hold,4.0,Hold,10.0,Buy,3.0,Hold,9.0,Hold,9.0,Hold,4.0,Buy,4.0,Hold,10.0
2/3/2023,384.59,0.3087293839701754,Hold,10.0,Hold,10.0,Hold,4.0,Hold,10.0,Hold,3.0,Hold,9.0,Hold,9.0,Hold,4.0,Hold,4.0,Hold,10.0
3/3/2023,390.76,0.2214516880559143,Hold,10.0,Hold,10.0,Hold,4.0,Hold,10.0,Hold,3.0,Hold,9.0,Hold,9.0,Hold,4.0,Hold,4.0,Hold,10.0
6/3/2023,391.03,0.5039997790349987,Hold,10.0,Buy,10.0,Hold,4.0,Hold,10.0,Hold,3.0,Hold,9.0,Buy,9.0,Hold,4.0,Hold,4.0,Hold,10.0
7/3/2023,385.04,0.2049995040618837,Hold,10.0,Hold,10.0,Hold,4.0,Hold,10.0,Hold,3.0,Hold,9.0,Hold,9.0,Hold,4.0,Hold,4.0,Hold,10.0
8/3/2023,385.67,0.412613260403913,Hold,10.0,Sell,10.0,Hold,4.0,Hold,10.0,Hold,3.0,Hold,9.0,Sell,9.0,Hold,4.0,Hold,4.0,Hold,10.0
9/3/2023,378.55,0.8818041796226417,Hold,10.0,Buy,10.0,Hold,4.0,Hold,10.0,Buy,3.0,Hold,9.0,Hold,9.0,Hold,4.0,Hold,4.0,Hold,10.0
10/3/2023,373.09,0.4885781979681318,Hold,10.0,Sell,10.0,Hold,4.0,Hold,10.0,Hold,3.0,Hold,9.0,Hold,9.0,Hold,4.0,Buy,4.0,Hold,10.0
13/3/2023,372.56,0.472579548891892,Hold,10.0,Hold,10.0,Hold,4.0,Hold,10.0,Hold,3.0,Hold,9.0,Hold,9.0,Hold,4.0,Hold,4.0,Hold,10.0
14/3/2023,378.72,0.3198444309908823,Hold,10.0,Hold,10.0,Hold,4.0,Hold,10.0,Hold,3.0,Hold,9.0,Hold,9.0,Hold,4.0,Hold,4.0,Hold,10.0
15/3/2023,376.35,0.7157708156923077,Hold,10.0,Hold,10.0,Hold,4.0,Hold,10.0,Hold,3.0,Hold,9.0,Hold,9.0,Hold,4.0,Hold,4.0,Hold,10.0
16/3/2023,382.95,0.6501003347915274,Hold,10.0,Hold,10.0,Hold,4.0,Hold,10.0,Hold,3.0,Hold,9.0,Hold,9.0,Hold,4.0,Hold,4.0,Hold,10.0
17/3/2023,378.47,0.9661925854545456,Buy,10.0,Buy,10.0,Hold,4.0,Hold,10.0,Hold,3.0,Hold,9.0,Hold,9.0,Hold,4.0,Hold,4.0,Hold,10.0
20/3/2023,382.11,0.2637209012345909,Hold,10.0,Hold,10.0,Hold,4.0,Hold,10.0,Hold,3.0,Hold,9.0,Hold,9.0,Hold,4.0,Hold,4.0,Hold,10.0
21/3/2023,387.13,0.3927236041136363,Buy,10.0,Buy,10.0,Hold,4.0,Buy,10.0,Hold,3.0,Hold,9.0,Hold,9.0,Hold,4.0,Hold,4.0,Hold,10.0
22/3/2023,380.53,0.65266038948292,Hold,10.0,Hold,10.0,Hold,4.0,Hold,10.0,Hold,3.0,Buy,9.0,Buy,9.0,Hold,4.0,Hold,4.0,Hold,10.0
23/3/2023,381.56,0.6766516354638518,Hold,10.0,Hold,10.0,Hold,4.0,Hold,10.0,Hold,3.0,Hold,9.0,Hold,9.0,Hold,4.0,Hold,4.0,Hold,10.0
24/3/2023,384.06,0.6401310576777778,Hold,10.0,Buy,10.0,Hold,4.0,Hold,10.0,Hold,3.0,Hold,9.0,Buy,9.0,Hold,4.0,Hold,4.0,Hold,10.0
27/3/2023,384.78,0.2332566333338465,Hold,10.0,Hold,10.0,Buy,4.0,Hold,10.0,Hold,3.0,Buy,9.0,Hold,9.0,Buy,4.0,Hold,4.0,Hold,10.0
28/3/2023,383.92,0.2796614435999999,Hold,10.0,Hold,10.0,Hold,4.0,Hold,10.0,Hold,3.0,Hold,9.0,Hold,9.0,Hold,4.0,Hold,4.0,Hold,10.0
29/3/2023,389.5,0.4648393066069938,Hold,10.0,Hold,10.0,Hold,4.0,Hold,10.0,Hold,3.0,Hold,9.0,Hold,9.0,Hold,4.0,Hold,4.0,Hold,10.0
30/3/2023,391.78,0.6976354346712862,Hold,10.0,Hold,10.0,Hold,4.0,Hold,10.0,Hold,3.0,Hold,9.0,Hold,9.0,Hold,4.0,Hold,4.0,Hold,10.0
31/3/2023,397.3,0.1568852778768807,Hold,10.0,Hold,10.0,Hold,4.0,Hold,10.0,Hold,3.0,Hold,9.0,Hold,9.0,Hold,4.0,Sell,4.0,Hold,10.0
3/4/2023,398.81,0.3911337163661971,Hold,10.0,Hold,10.0,Hold,4.0,Hold,10.0,Hold,3.0,Hold,9.0,Hold,9.0,Hold,4.0,Sell,4.0,Hold,10.0
4/4/2023,396.6,-0.0943199539159174,Hold,10.0,Hold,10.0,Hold,4.0,Hold,10.0,Hold,3.0,Hold,9.0,Hold,9.0,Hold,4.0,Sell,4.0,Hold,10.0
5/4/2023,395.56,-0.024405083346279,Hold,10.0,Hold,10.0,Hold,4.0,Hold,10.0,Hold,3.0,Hold,9.0,Hold,9.0,Hold,4.0,Hold,4.0,Hold,10.0
6/4/2023,397.11,0.4733576587209301,Hold,10.0,Hold,10.0,Hold,4.0,Hold,10.0,Hold,3.0,Hold,9.0,Hold,9.0,Hold,4.0,Sell,4.0,Hold,10.0
10/4/2023,397.51,0.1026951112290299,Hold,10.0,Hold,10.0,Hold,4.0,Hold,10.0,Hold,3.0,Hold,9.0,Hold,9.0,Hold,4.0,Sell,4.0,Hold,10.0
11/4/2023,397.62,0.4439569365685374,Hold,10.0,Hold,10.0,Hold,4.0,Hold,10.0,Hold,3.0,Hold,9.0,Hold,9.0,Hold,4.0,Hold,4.0,Hold,10.0
12/4/2023,396.0,-0.2353765185151471,Hold,10.0,Hold,10.0,Hold,4.0,Hold,10.0,Hold,3.0,Hold,9.0,Hold,9.0,Hold,4.0,Sell,4.0,Hold,10.0
13/4/2023,401.26,0.2329973739484071,Hold,10.0,Hold,10.0,Hold,4.0,Hold,10.0,Hold,3.0,Hold,9.0,Hold,9.0,Hold,4.0,Sell,4.0,Hold,10.0
14/4/2023,400.28,0.1651970413037156,Hold,10.0,Hold,10.0,Hold,4.0,Hold,10.0,Hold,3.0,Hold,9.0,Hold,9.0,Hold,4.0,Sell,4.0,Hold,10.0
17/4/2023,401.72,0.6481545558761901,Hold,10.0,Hold,10.0,Hold,4.0,Hold,10.0,Hold,3.0,Hold,9.0,Hold,9.0,Hold,4.0,Sell,4.0,Hold,10.0
18/4/2023,401.98,0.7338511939909906,Hold,10.0,Hold,10.0,Hold,4.0,Hold,10.0,Hold,3.0,Hold,9.0,Hold,9.0,Hold,4.0,Sell,4.0,Hold,10.0
19/4/2023,401.91,0.4723542310415902,Hold,10.0,Hold,10.0,Hold,4.0,Hold,10.0,Sell,3.0,Hold,9.0,Hold,9.0,Hold,4.0,Sell,4.0,Hold,10.0
20/4/2023,399.72,0.3624620108163266,Hold,10.0,Hold,10.0,Hold,4.0,Hold,10.0,Hold,3.0,Hold,9.0,Hold,9.0,Hold,4.0,Hold,4.0,Hold,10.0
21/4/2023,400.03,0.202034552,Hold,10.0,Hold,10.0,Hold,4.0,Hold,10.0,Hold,3.0,Hold,9.0,Hold,9.0,Hold,4.0,Hold,4.0,Hold,10.0
24/4/2023,400.44,0.4049707166666667,Hold,10.0,Hold,10.0,Hold,4.0,Hold,10.0,Hold,3.0,Hold,9.0,Hold,9.0,Hold,4.0,Hold,4.0,Hold,10.0
25/4/2023,394.09,0.8959739414285713,Sell,10.0,Hold,10.0,Hold,4.0,Sell,10.0,Hold,3.0,Hold,9.0,Hold,9.0,Hold,4.0,Hold,4.0,Hold,10.0
26/4/2023,392.42,0.5563135476923078,Hold,10.0,Sell,10.0,Hold,4.0,Hold,10.0,Hold,3.0,Hold,9.0,Sell,9.0,Sell,4.0,Hold,4.0,Hold,10.0
27/4/2023,400.23,0.8794690028252196,Hold,10.0,Hold,10.0,Hold,4.0,Hold,10.0,Hold,3.0,Hold,9.0,Hold,9.0,Hold,4.0,Hold,4.0,Hold,10.0
28/4/2023,403.65,-0.2524621006492,Hold,10.0,Hold,10.0,Hold,4.0,Hold,10.0,Hold,3.0,Hold,9.0,Hold,9.0,Hold,4.0,Hold,4.0,Hold,10.0
1/5/2023,403.24,0.5142388240359245,Hold,10.0,Hold,10.0,Hold,4.0,Hold,10.0,Hold,3.0,Hold,9.0,Hold,9.0,Hold,4.0,Hold,4.0,Hold,10.0
2/5/2023,398.71,0.5158808256052934,Hold,10.0,Hold,10.0,Hold,4.0,Hold,10.0,Hold,3.0,Hold,9.0,Hold,9.0,Hold,4.0,Hold,4.0,Hold,10.0
3/5/2023,395.97,0.1839709934339157,Hold,10.0,Sell,10.0,Hold,4.0,Hold,10.0,Hold,3.0,Hold,9.0,Hold,9.0,Sell,4.0,Hold,4.0,Hold,10.0
4/5/2023,393.17,0.1845220374590164,Hold,10.0,Hold,10.0,Hold,4.0,Hold,10.0,Hold,3.0,Hold,9.0,Sell,9.0,Hold,4.0,Hold,4.0,Hold,10.0
5/5/2023,400.44,0.3847279696933589,Hold,10.0,Hold,10.0,Hold,4.0,Hold,10.0,Hold,3.0,Hold,9.0,Hold,9.0,Hold,4.0,Hold,4.0,Hold,10.0
8/5/2023,400.55,0.329802283500048,Hold,10.0,Buy,10.0,Hold,4.0,Hold,10.0,Hold,3.0,Hold,9.0,Buy,9.0,Buy,4.0,Hold,4.0,Hold,10.0
9/5/2023,398.79,0.6869560329629628,Hold,10.0,Buy,10.0,Hold,4.0,Hold,10.0,Hold,3.0,Hold,9.0,Buy,9.0,Hold,4.0,Hold,4.0,Hold,10.0
10/5/2023,400.66,0.7034078925060938,Hold,10.0,Hold,10.0,Hold,4.0,Hold,10.0,Hold,3.0,Hold,9.0,Hold,9.0,Hold,4.0,Hold,4.0,Hold,10.0
11/5/2023,399.96,0.4106444559724628,Hold,10.0,Hold,10.0,Hold,4.0,Hold,10.0,Hold,3.0,Hold,9.0,Hold,9.0,Hold,4.0,Hold,4.0,Hold,10.0
12/5/2023,399.44,0.4751291534537843,Hold,10.0,Sell,10.0,Hold,4.0,Hold,10.0,Hold,3.0,Hold,9.0,Sell,9.0,Hold,4.0,Hold,4.0,Hold,10.0
15/5/2023,400.81,0.5877787800289855,Hold,10.0,Hold,10.0,Hold,4.0,Hold,10.0,Hold,3.0,Hold,9.0,Hold,9.0,Buy,4.0,Hold,4.0,Buy,10.0
16/5/2023,398.13,0.1927162853290447,Hold,10.0,Hold,10.0,Hold,4.0,Hold,10.0,Hold,3.0,Hold,9.0,Hold,9.0,Hold,4.0,Hold,4.0,Hold,10.0
17/5/2023,402.97,0.2858343810935679,Sell,10.0,Hold,10.0,Hold,4.0,Sell,10.0,Hold,3.0,Hold,9.0,Hold,9.0,Sell,4.0,Hold,4.0,Hold,10.0
18/5/2023,406.85,0.450284236573401,Buy,10.0,Hold,10.0,Hold,4.0,Buy,10.0,Hold,3.0,Hold,9.0,Hold,9.0,Hold,4.0,Hold,4.0,Hold,10.0
19/5/2023,406.26,0.132884606392271,Hold,10.0,Hold,10.0,Hold,4.0,Hold,10.0,Hold,3.0,Hold,9.0,Hold,9.0,Buy,4.0,Hold,4.0,Buy,10.0
22/5/2023,406.42,0.3015990059890976,Hold,10.0,Hold,10.0,Hold,4.0,Hold,10.0,Hold,3.0,Hold,9.0,Hold,9.0,Hold,4.0,Hold,4.0,Hold,10.0
23/5/2023,401.86,0.2008767595678659,Hold,10.0,Hold,10.0,Hold,4.0,Hold,10.0,Hold,3.0,Hold,9.0,Hold,9.0,Hold,4.0,Hold,4.0,Hold,10.0
24/5/2023,398.95,0.5854714456410257,Sell,10.0,Hold,10.0,Hold,4.0,Sell,10.0,Hold,3.0,Hold,9.0,Hold,9.0,Hold,4.0,Hold,4.0,Hold,10.0
25/5/2023,402.4,0.3362564593773319,Hold,10.0,Hold,10.0,Hold,4.0,Hold,10.0,Hold,3.0,Hold,9.0,Hold,9.0,Hold,4.0,Hold,4.0,Hold,10.0
26/5/2023,407.62,0.366361983988573,Buy,10.0,Hold,10.0,Hold,4.0,Buy,10.0,Hold,3.0,Hold,9.0,Hold,9.0,Hold,4.0,Hold,4.0,Hold,10.0
30/5/2023,407.77,0.2218494901467957,Hold,10.0,Hold,10.0,Hold,4.0,Hold,10.0,Hold,3.0,Hold,9.0,Hold,9.0,Hold,4.0,Hold,4.0,Hold,10.0
31/5/2023,405.51,0.00522513474,Hold,10.0,Hold,10.0,Hold,4.0,Hold,10.0,Hold,3.0,Hold,9.0,Hold,9.0,Hold,4.0,Hold,4.0,Hold,10.0
1/6/2023,409.36,0.371121095649515,Hold,10.0,Hold,10.0,Hold,4.0,Hold,10.0,Hold,3.0,Hold,9.0,Hold,9.0,Hold,4.0,Hold,4.0,Hold,10.0
2/6/2023,415.28,0.4796828899168295,Hold,10.0,Hold,10.0,Hold,4.0,Hold,10.0,Hold,3.0,Hold,9.0,Hold,9.0,Hold,4.0,Hold,4.0,Hold,10.0
5/6/2023,414.49,0.1795403125026155,Hold,10.0,Hold,10.0,Hold,4.0,Hold,10.0,Hold,3.0,Hold,9.0,Hold,9.0,Hold,4.0,Hold,4.0,Hold,10.0
6/6/2023,415.39,0.5759221575053762,Hold,10.0,Hold,10.0,Hold,4.0,Hold,10.0,Hold,3.0,Hold,9.0,Hold,9.0,Hold,4.0,Sell,4.0,Hold,10.0
7/6/2023,413.95,0.2201201515548985,Hold,10.0,Hold,10.0,Hold,4.0,Hold,10.0,Hold,3.0,Hold,9.0,Hold,9.0,Hold,4.0,Hold,4.0,Hold,10.0
8/6/2023,416.46,0.3505152119757837,Hold,10.0,Hold,10.0,Hold,4.0,Hold,10.0,Hold,3.0,Hold,9.0,Hold,9.0,Hold,4.0,Hold,4.0,Hold,10.0
9/6/2023,417.2,0.5579796974400482,Hold,10.0,Hold,10.0,Hold,4.0,Hold,10.0,Hold,3.0,Hold,9.0,Hold,9.0,Hold,4.0,Hold,4.0,Hold,10.0
12/6/2023,420.99,0.6636158068918728,Hold,10.0,Hold,10.0,Hold,4.0,Hold,10.0,Hold,3.0,Hold,9.0,Hold,9.0,Hold,4.0,Hold,4.0,Hold,10.0
13/6/2023,423.76,0.5720870672840335,Hold,10.0,Hold,10.0,Hold,4.0,Hold,10.0,Hold,3.0,Hold,9.0,Hold,9.0,Hold,4.0,Sell,4.0,Hold,10.0
14/6/2023,424.27,0.1474714492268807,Hold,10.0,Hold,10.0,Hold,4.0,Hold,10.0,Hold,3.0,Hold,9.0,Hold,9.0,Hold,4.0,Sell,4.0,Hold,10.0
15/6/2023,429.53,0.5059860539648618,Hold,10.0,Hold,10.0,Hold,4.0,Hold,10.0,Hold,3.0,Hold,9.0,Hold,9.0,Hold,4.0,Sell,4.0,Hold,10.0
16/6/2023,428.07,0.3134543056745704,Hold,10.0,Hold,10.0,Hold,4.0,Hold,10.0,Hold,3.0,Hold,9.0,Hold,9.0,Hold,4.0,Sell,4.0,Hold,10.0
20/6/2023,425.85,0.255235243107973,Hold,10.0,Hold,10.0,Hold,4.0,Hold,10.0,Sell,3.0,Hold,9.0,Hold,9.0,Hold,4.0,Sell,4.0,Hold,10.0
21/6/2023,423.66,0.5771867563185248,Hold,10.0,Hold,10.0,Hold,4.0,Hold,10.0,Sell,3.0,Hold,9.0,Hold,9.0,Hold,4.0,Sell,4.0,Hold,10.0
22/6/2023,425.19,0.5195612224251104,Hold,10.0,Hold,10.0,Hold,4.0,Hold,10.0,Sell,3.0,Hold,9.0,Hold,9.0,Hold,4.0,Sell,4.0,Hold,10.0
23/6/2023,421.98,0.3544859989779999,Hold,10.0,Hold,10.0,Hold,4.0,Hold,10.0,Hold,3.0,Hold,9.0,Hold,9.0,Hold,4.0,Hold,4.0,Hold,10.0
26/6/2023,420.25,0.5748634516356886,Sell,10.0,Hold,10.0,Hold,4.0,Hold,10.0,Hold,3.0,Hold,9.0,Hold,9.0,Hold,4.0,Hold,4.0,Hold,10.0
27/6/2023,424.86,0.4649724277345174,Sell,10.0,Sell,10.0,Hold,4.0,Hold,10.0,Hold,3.0,Hold,9.0,Hold,9.0,Hold,4.0,Hold,4.0,Hold,10.0
28/6/2023,425.08,0.3041350582751522,Buy,10.0,Buy,10.0,Hold,4.0,Hold,10.0,Hold,3.0,Hold,9.0,Hold,9.0,Hold,4.0,Hold,4.0,Hold,10.0
29/6/2023,426.75,0.3326809895285849,Hold,10.0,Hold,10.0,Hold,4.0,Hold,10.0,Sell,3.0,Hold,9.0,Hold,9.0,Hold,4.0,Hold,4.0,Hold,10.0
30/6/2023,431.79,0.6599432409838717,Hold,10.0,Hold,10.0,Hold,4.0,Hold,10.0,Hold,3.0,Hold,9.0,Hold,9.0,Hold,4.0,Sell,4.0,Hold,10.0
3/7/2023,432.28,0.613673398881396,Hold,10.0,Hold,10.0,Hold,4.0,Hold,10.0,Hold,3.0,Hold,9.0,Hold,9.0,Hold,4.0,Hold,4.0,Hold,10.0
5/7/2023,431.64,0.0601607285163928,Hold,10.0,Hold,10.0,Hold,4.0,Hold,10.0,Hold,3.0,Hold,9.0,Hold,9.0,Hold,4.0,Hold,4.0,Hold,10.0
6/7/2023,428.26,0.2148818157142857,Hold,10.0,Hold,10.0,Hold,4.0,Hold,10.0,Hold,3.0,Hold,9.0,Hold,9.0,Hold,4.0,Hold,4.0,Hold,10.0
7/7/2023,427.18,0.0537129906073488,Hold,10.0,Hold,10.0,Hold,4.0,Hold,10.0,Hold,3.0,Hold,9.0,Hold,9.0,Hold,4.0,Hold,4.0,Hold,10.0
10/7/2023,428.26,0.1430082653279149,Hold,10.0,Hold,10.0,Hold,4.0,Hold,10.0,Hold,3.0,Hold,9.0,Hold,9.0,Hold,4.0,Hold,4.0,Hold,10.0
11/7/2023,430.99,0.3988078923018182,Hold,10.0,Hold,10.0,Hold,4.0,Hold,10.0,Hold,3.0,Hold,9.0,Hold,9.0,Hold,4.0,Hold,4.0,Hold,10.0
12/7/2023,434.46,-0.1492408299478333,Hold,10.0,Hold,10.0,Hold,4.0,Hold,10.0,Hold,3.0,Hold,9.0,Hold,9.0,Hold,4.0,Hold,4.0,Hold,10.0
13/7/2023,437.9,0.4378586845220233,Hold,10.0,Hold,10.0,Hold,4.0,Hold,10.0,Hold,3.0,Hold,9.0,Hold,9.0,Hold,4.0,Hold,4.0,Hold,10.0
14/7/2023,437.63,0.2200088280703088,Hold,10.0,Hold,10.0,Hold,4.0,Hold,10.0,Hold,3.0,Hold,9.0,Hold,9.0,Hold,4.0,Sell,4.0,Hold,10.0
17/7/2023,439.15,0.4106854547607643,Hold,10.0,Hold,10.0,Hold,4.0,Hold,10.0,Hold,3.0,Hold,9.0,Hold,9.0,Hold,4.0,Sell,4.0,Hold,10.0
18/7/2023,442.41,0.6480773792309118,Hold,10.0,Hold,10.0,Hold,4.0,Hold,10.0,Hold,3.0,Hold,9.0,Hold,9.0,Hold,4.0,Sell,4.0,Hold,10.0
19/7/2023,443.4,0.1409987952014769,Hold,10.0,Hold,10.0,Hold,4.0,Hold,10.0,Hold,3.0,Hold,9.0,Hold,9.0,Hold,4.0,Sell,4.0,Hold,10.0
20/7/2023,440.46,0.021582848488,Hold,10.0,Hold,10.0,Hold,4.0,Hold,10.0,Hold,3.0,Hold,9.0,Hold,9.0,Hold,4.0,Sell,4.0,Hold,10.0
21/7/2023,440.46,0.4109383632662985,Hold,10.0,Hold,10.0,Hold,4.0,Hold,10.0,Hold,3.0,Hold,9.0,Hold,9.0,Hold,4.0,Hold,4.0,Hold,10.0
24/7/2023,442.42,0.4490731063441526,Hold,10.0,Hold,10.0,Hold,4.0,Hold,10.0,Hold,3.0,Hold,9.0,Hold,9.0,Hold,4.0,Hold,4.0,Hold,10.0
25/7/2023,443.63,0.2431622450778478,Hold,10.0,Hold,10.0,Hold,4.0,Hold,10.0,Hold,3.0,Hold,9.0,Hold,9.0,Hold,4.0,Sell,4.0,Hold,10.0
26/7/2023,443.7,0.3272466448543688,Hold,10.0,Hold,10.0,Hold,4.0,Hold,10.0,Hold,3.0,Hold,9.0,Hold,9.0,Hold,4.0,Sell,4.0,Hold,10.0
27/7/2023,440.76,0.150551434948285,Sell,10.0,Hold,10.0,Hold,4.0,Sell,10.0,Sell,3.0,Hold,9.0,Hold,9.0,Hold,4.0,Sell,4.0,Hold,10.0
28/7/2023,445.07,0.4553451277486486,Hold,10.0,Hold,10.0,Hold,4.0,Hold,10.0,Sell,3.0,Hold,9.0,Hold,9.0,Hold,4.0,Sell,4.0,Hold,10.0
31/7/2023,445.92,0.3642109922691565,Hold,10.0,Hold,10.0,Hold,4.0,Hold,10.0,Sell,3.0,Hold,9.0,Hold,9.0,Hold,4.0,Sell,4.0,Hold,10.0
1/8/2023,444.64,0.395753565863659,Hold,10.0,Hold,10.0,Hold,4.0,Hold,10.0,Sell,3.0,Hold,9.0,Hold,9.0,Hold,4.0,Sell,4.0,Hold,10.0
2/8/2023,438.46,0.1752081997340092,Hold,10.0,Hold,10.0,Hold,4.0,Hold,10.0,Hold,3.0,Hold,9.0,Hold,9.0,Hold,4.0,Hold,4.0,Hold,10.0
3/8/2023,437.2,-0.1809568571749591,Hold,10.0,Sell,10.0,Hold,4.0,Hold,10.0,Hold,3.0,Hold,9.0,Sell,9.0,Sell,4.0,Hold,4.0,Hold,10.0
4/8/2023,435.23,0.1610043666723809,Hold,10.0,Hold,10.0,Hold,4.0,Hold,10.0,Hold,3.0,Hold,9.0,Hold,9.0,Hold,4.0,Hold,4.0,Hold,10.0
7/8/2023,439.02,0.1378148913751301,Hold,10.0,Hold,10.0,Hold,4.0,Hold,10.0,Hold,3.0,Hold,9.0,Sell,9.0,Hold,4.0,Hold,4.0,Hold,10.0
8/8/2023,437.12,0.05475320259412,Hold,10.0,Hold,10.0,Hold,4.0,Hold,10.0,Hold,3.0,Hold,9.0,Hold,9.0,Hold,4.0,Hold,4.0,Hold,10.0
9/8/2023,434.19,0.3179752215071918,Hold,10.0,Hold,10.0,Hold,4.0,Hold,10.0,Hold,3.0,Sell,9.0,Hold,9.0,Hold,4.0,Hold,4.0,Hold,10.0
10/8/2023,434.35,0.3657243560646207,Hold,10.0,Hold,10.0,Hold,4.0,Hold,10.0,Hold,3.0,Hold,9.0,Hold,9.0,Hold,4.0,Hold,4.0,Hold,10.0
11/8/2023,434.1,0.2742024858746277,Hold,10.0,Hold,10.0,Hold,4.0,Hold,10.0,Hold,3.0,Hold,9.0,Hold,9.0,Hold,4.0,Hold,4.0,Hold,10.0
14/8/2023,436.49,0.4735710798488508,Hold,10.0,Hold,10.0,Hold,4.0,Hold,10.0,Hold,3.0,Hold,9.0,Hold,9.0,Hold,4.0,Hold,4.0,Hold,10.0
15/8/2023,431.41,0.3015072402701155,Hold,10.0,Hold,10.0,Hold,4.0,Hold,10.0,Hold,3.0,Hold,9.0,Hold,9.0,Hold,4.0,Hold,4.0,Hold,10.0
16/8/2023,428.24,0.7177339457083332,Hold,10.0,Hold,10.0,Sell,4.0,Hold,10.0,Hold,3.0,Hold,9.0,Hold,9.0,Hold,4.0,Hold,4.0,Hold,10.0
17/8/2023,424.98,0.2136789220989607,Hold,10.0,Hold,10.0,Hold,4.0,Hold,10.0,Hold,3.0,Hold,9.0,Hold,9.0,Hold,4.0,Buy,4.0,Hold,10.0
18/8/2023,425.18,0.4594835518065081,Hold,10.0,Hold,10.0,Hold,4.0,Hold,10.0,Hold,3.0,Hold,9.0,Hold,9.0,Hold,4.0,Buy,4.0,Hold,10.0
21/8/2023,427.95,0.2077410284901378,Hold,10.0,Hold,10.0,Hold,4.0,Hold,10.0,Hold,3.0,Hold,9.0,Hold,9.0,Hold,4.0,Buy,4.0,Hold,10.0
22/8/2023,426.79,-0.1176050887635605,Hold,10.0,Hold,10.0,Hold,4.0,Hold,10.0,Hold,3.0,Hold,9.0,Hold,9.0,Hold,4.0,Hold,4.0,Hold,10.0
23/8/2023,431.54,0.3712188162592382,Hold,10.0,Hold,10.0,Hold,4.0,Hold,10.0,Hold,3.0,Hold,9.0,Hold,9.0,Hold,4.0,Hold,4.0,Hold,10.0
24/8/2023,425.56,0.1661006645698071,Buy,10.0,Buy,10.0,Buy,4.0,Hold,10.0,Hold,3.0,Hold,9.0,Hold,9.0,Hold,4.0,Hold,4.0,Hold,10.0
25/8/2023,428.56,0.1553811277469387,Hold,10.0,Hold,10.0,Hold,4.0,Hold,10.0,Hold,3.0,Hold,9.0,Hold,9.0,Hold,4.0,Hold,4.0,Hold,10.0
28/8/2023,431.28,0.509890878413358,Hold,10.0,Hold,10.0,Hold,4.0,Hold,10.0,Hold,3.0,Hold,9.0,Hold,9.0,Hold,4.0,Hold,4.0,Hold,10.0
29/8/2023,437.51,0.1967479312091883,Buy,10.0,Buy,10.0,Buy,4.0,Buy,10.0,Hold,3.0,Hold,9.0,Hold,9.0,Buy,4.0,Hold,4.0,Buy,10.0
30/8/2023,439.32,0.4696083784357878,Hold,10.0,Hold,10.0,Hold,4.0,Hold,10.0,Hold,3.0,Buy,9.0,Buy,9.0,Hold,4.0,Hold,4.0,Hold,10.0
31/8/2023,438.67,0.6947099423158447,Hold,10.0,Buy,10.0,Hold,4.0,Hold,10.0,Hold,3.0,Hold,9.0,Buy,9.0,Hold,4.0,Hold,4.0,Hold,10.0
1/9/2023,439.49,0.5038758081070339,Hold,10.0,Hold,10.0,Buy,4.0,Hold,10.0,Hold,3.0,Buy,9.0,Hold,9.0,Hold,4.0,Hold,4.0,Hold,10.0
5/9/2023,437.59,0.2548280959869972,Hold,10.0,Hold,10.0,Hold,4.0,Hold,10.0,Hold,3.0,Hold,9.0,Hold,9.0,Hold,4.0,Hold,4.0,Hold,10.0
6/9/2023,434.65,0.3532403667444433,Hold,10.0,Hold,10.0,Hold,4.0,Hold,10.0,Hold,3.0,Hold,9.0,Hold,9.0,Hold,4.0,Hold,4.0,Hold,10.0
7/9/2023,433.32,0.501232650326087,Sell,10.0,Sell,10.0,Hold,4.0,Hold,10.0,Hold,3.0,Hold,9.0,Hold,9.0,Hold,4.0,Hold,4.0,Hold,10.0
8/9/2023,433.97,0.033860606409756,Hold,10.0,Hold,10.0,Hold,4.0,Sell,10.0,Hold,3.0,Hold,9.0,Sell,9.0,Hold,4.0,Hold,4.0,Hold,10.0
11/9/2023,436.82,0.0247263647500718,Hold,10.0,Hold,10.0,Hold,4.0,Hold,10.0,Hold,3.0,Hold,9.0,Hold,9.0,Hold,4.0,Hold,4.0,Hold,10.0
12/9/2023,434.43,-0.161090552101944,Hold,10.0,Hold,10.0,Hold,4.0,Hold,10.0,Hold,3.0,Hold,9.0,Hold,9.0,Hold,4.0,Hold,4.0,Hold,10.0
13/9/2023,434.93,0.2760818307777145,Sell,10.0,Sell,10.0,Sell,4.0,Sell,10.0,Hold,3.0,Sell,9.0,Sell,9.0,Sell,4.0,Hold,4.0,Hold,10.0
14/9/2023,438.68,0.5910380064698022,Hold,10.0,Hold,10.0,Hold,4.0,Hold,10.0,Sell,3.0,Hold,9.0,Hold,9.0,Hold,4.0,Sell,4.0,Hold,10.0
15/9/2023,433.4,0.3214671984868185,Hold,10.0,Hold,10.0,Hold,4.0,Hold,10.0,Hold,3.0,Hold,9.0,Hold,9.0,Hold,4.0,Hold,4.0,Hold,10.0
18/9/2023,433.65,0.4735813119559138,Sell,10.0,Hold,10.0,Sell,4.0,Sell,10.0,Hold,3.0,Sell,9.0,Hold,9.0,Sell,4.0,Hold,4.0,Sell,10.0
19/9/2023,432.75,0.3119178948348346,Hold,10.0,Hold,10.0,Hold,4.0,Hold,10.0,Hold,3.0,Hold,9.0,Hold,9.0,Hold,4.0,Hold,4.0,Hold,10.0
20/9/2023,428.77,0.5328700961036569,Hold,10.0,Hold,10.0,Hold,4.0,Hold,10.0,Hold,3.0,Hold,9.0,Hold,9.0,Hold,4.0,Hold,4.0,Hold,10.0
21/9/2023,421.69,0.4743383143361343,Hold,10.0,Hold,10.0,Hold,4.0,Hold,10.0,Hold,3.0,Hold,9.0,Hold,9.0,Hold,4.0,Buy,4.0,Hold,10.0
22/9/2023,420.74,0.1677579328418492,Hold,10.0,Hold,10.0,Hold,4.0,Hold,10.0,Hold,3.0,Hold,9.0,Hold,9.0,Hold,4.0,Buy,4.0,Hold,10.0
25/9/2023,422.51,0.4793290855555555,Hold,10.0,Hold,10.0,Hold,4.0,Hold,10.0,Hold,3.0,Hold,9.0,Hold,9.0,Hold,4.0,Buy,4.0,Hold,10.0
26/9/2023,416.3,0.3531143471428572,Hold,10.0,Hold,10.0,Hold,4.0,Hold,10.0,Hold,3.0,Hold,9.0,Hold,9.0,Hold,4.0,Buy,4.0,Hold,10.0
27/9/2023,416.47,0.3493749818289611,Hold,10.0,Hold,10.0,Hold,4.0,Hold,10.0,Hold,3.0,Hold,9.0,Hold,9.0,Hold,4.0,Buy,4.0,Hold,10.0
28/9/2023,418.88,0.4224309977066666,Hold,10.0,Hold,10.0,Hold,4.0,Hold,10.0,Hold,3.0,Hold,9.0,Hold,9.0,Hold,4.0,Hold,4.0,Hold,10.0
29/9/2023,417.87,0.1435090044705489,Hold,10.0,Hold,10.0,Hold,4.0,Hold,10.0,Hold,3.0,Hold,9.0,Hold,9.0,Hold,4.0,Buy,4.0,Hold,10.0
2/10/2023,417.7,0.1387786082540097,Hold,10.0,Hold,10.0,Hold,4.0,Hold,10.0,Hold,3.0,Hold,9.0,Hold,9.0,Hold,4.0,Buy,4.0,Hold,10.0
3/10/2023,412.11,0.1609536828346988,Hold,10.0,Hold,10.0,Hold,4.0,Hold,10.0,Buy,3.0,Hold,9.0,Hold,9.0,Hold,4.0,Buy,4.0,Hold,10.0
4/10/2023,415.11,0.268967441514143,Hold,10.0,Hold,10.0,Hold,4.0,Hold,10.0,Buy,3.0,Hold,9.0,Hold,9.0,Hold,4.0,Buy,4.0,Hold,10.0
5/10/2023,414.95,0.0187963217479245,Hold,10.0,Hold,10.0,Hold,4.0,Hold,10.0,Buy,3.0,Hold,9.0,Hold,9.0,Hold,4.0,Buy,4.0,Hold,10.0
6/10/2023,419.88,0.3071817241080918,Hold,10.0,Hold,10.0,Hold,4.0,Hold,10.0,Hold,3.0,Hold,9.0,Hold,9.0,Hold,4.0,Hold,4.0,Hold,10.0
9/10/2023,422.57,0.2745452919154535,Buy,10.0,Buy,10.0,Hold,4.0,Buy,10.0,Hold,3.0,Hold,9.0,Hold,9.0,Buy,4.0,Hold,4.0,Buy,10.0
10/10/2023,424.77,0.6501494950200011,Hold,10.0,Hold,10.0,Hold,4.0,Hold,10.0,Hold,3.0,Hold,9.0,Buy,9.0,Hold,4.0,Hold,4.0,Hold,10.0
11/10/2023,426.51,0.5785574654013974,Hold,10.0,Hold,10.0,Hold,4.0,Hold,10.0,Hold,3.0,Hold,9.0,Hold,9.0,Hold,4.0,Hold,4.0,Hold,10.0
12/10/2023,423.91,0.3453550268156287,Hold,10.0,Buy,10.0,Hold,4.0,Hold,10.0,Hold,3.0,Hold,9.0,Buy,9.0,Hold,4.0,Hold,4.0,Hold,10.0
13/10/2023,421.8,0.2690821470683068,Hold,10.0,Hold,10.0,Hold,4.0,Hold,10.0,Hold,3.0,Hold,9.0,Hold,9.0,Hold,4.0,Hold,4.0,Hold,10.0
16/10/2023,426.23,0.501501784705834,Sell,10.0,Sell,10.0,Hold,4.0,Sell,10.0,Hold,3.0,Hold,9.0,Sell,9.0,Hold,4.0,Hold,4.0,Hold,10.0
17/10/2023,426.21,-0.1343556765086046,Hold,10.0,Hold,10.0,Hold,4.0,Hold,10.0,Hold,3.0,Hold,9.0,Hold,9.0,Buy,4.0,Hold,4.0,Hold,10.0
18/10/2023,420.53,0.2991623319857143,Hold,10.0,Hold,10.0,Hold,4.0,Hold,10.0,Hold,3.0,Hold,9.0,Hold,9.0,Hold,4.0,Hold,4.0,Hold,10.0
19/10/2023,416.84,0.2070003915068515,Sell,10.0,Sell,10.0,Hold,4.0,Sell,10.0,Hold,3.0,Hold,9.0,Sell,9.0,Sell,4.0,Hold,4.0,Hold,10.0
20/10/2023,411.72,0.2408423428449198,Hold,10.0,Hold,10.0,Hold,4.0,Hold,10.0,Hold,3.0,Hold,9.0,Hold,9.0,Hold,4.0,Hold,4.0,Sell,10.0
23/10/2023,411.0,0.1591897378853211,Hold,10.0,Hold,10.0,Hold,4.0,Hold,10.0,Hold,3.0,Hold,9.0,Hold,9.0,Hold,4.0,Hold,4.0,Hold,10.0
24/10/2023,414.1,-0.044651165268785,Hold,10.0,Hold,10.0,Hold,4.0,Hold,10.0,Hold,3.0,Hold,9.0,Hold,9.0,Hold,4.0,Hold,4.0,Hold,10.0
25/10/2023,408.16,0.1895291078382583,Hold,10.0,Hold,10.0,Hold,4.0,Hold,10.0,Hold,3.0,Hold,9.0,Hold,9.0,Hold,4.0,Hold,4.0,Hold,10.0
26/10/2023,403.27,0.003651768125,Hold,10.0,Hold,10.0,Hold,4.0,Hold,10.0,Hold,3.0,Hold,9.0,Hold,9.0,Hold,4.0,Hold,4.0,Hold,10.0
27/10/2023,401.44,0.3762068051949478,Hold,10.0,Hold,10.0,Hold,4.0,Hold,10.0,Buy,3.0,Hold,9.0,Hold,9.0,Hold,4.0,Buy,4.0,Hold,10.0
30/10/2023,406.24,0.3054921933527556,Hold,10.0,Hold,10.0,Hold,4.0,Hold,10.0,Hold,3.0,Hold,9.0,Hold,9.0,Hold,4.0,Hold,4.0,Hold,10.0
31/10/2023,408.79,0.6441726673876755,Hold,10.0,Hold,10.0,Hold,4.0,Hold,10.0,Hold,3.0,Hold,9.0,Hold,9.0,Hold,4.0,Hold,4.0,Hold,10.0
1/11/2023,413.15,0.3296155944757227,Hold,10.0,Hold,10.0,Hold,4.0,Hold,10.0,Hold,3.0,Hold,9.0,Hold,9.0,Hold,4.0,Hold,4.0,Hold,10.0
2/11/2023,421.07,0.5430163844384067,Buy,10.0,Buy,10.0,Buy,4.0,Buy,10.0,Hold,3.0,Hold,9.0,Hold,9.0,Buy,4.0,Hold,4.0,Buy,10.0
3/11/2023,424.91,0.0735666804419008,Hold,10.0,Hold,10.0,Hold,4.0,Hold,10.0,Hold,3.0,Buy,9.0,Buy,9.0,Hold,4.0,Hold,4.0,Hold,10.0
6/11/2023,425.89,0.3745912489511163,Hold,10.0,Hold,10.0,Hold,4.0,Hold,10.0,Hold,3.0,Hold,9.0,Hold,9.0,Hold,4.0,Hold,4.0,Hold,10.0
7/11/2023,427.1,0.1549618538056661,Hold,10.0,Hold,10.0,Hold,4.0,Hold,10.0,Hold,3.0,Hold,9.0,Hold,9.0,Hold,4.0,Hold,4.0,Hold,10.0
8/11/2023,427.42,0.2578561262710117,Hold,10.0,Hold,10.0,Hold,4.0,Hold,10.0,Hold,3.0,Hold,9.0,Hold,9.0,Hold,4.0,Hold,4.0,Hold,10.0
9/11/2023,424.08,0.0446378303588403,Hold,10.0,Hold,10.0,Hold,4.0,Hold,10.0,Hold,3.0,Hold,9.0,Hold,9.0,Hold,4.0,Hold,4.0,Hold,10.0
10/11/2023,430.7,0.3327532805279313,Hold,10.0,Hold,10.0,Hold,4.0,Hold,10.0,Hold,3.0,Hold,9.0,Hold,9.0,Hold,4.0,Hold,4.0,Hold,10.0
13/11/2023,430.29,0.5203854976467855,Hold,10.0,Hold,10.0,Hold,4.0,Hold,10.0,Hold,3.0,Hold,9.0,Hold,9.0,Hold,4.0,Hold,4.0,Hold,10.0
14/11/2023,438.64,0.4019475441206144,Hold,10.0,Hold,10.0,Hold,4.0,Hold,10.0,Hold,3.0,Hold,9.0,Hold,9.0,Hold,4.0,Sell,4.0,Hold,10.0
15/11/2023,439.57,0.1122568917265161,Hold,10.0,Hold,10.0,Hold,4.0,Hold,10.0,Hold,3.0,Hold,9.0,Hold,9.0,Hold,4.0,Sell,4.0,Hold,10.0
16/11/2023,440.1,0.2866070466991751,Hold,10.0,Hold,10.0,Hold,4.0,Hold,10.0,Hold,3.0,Hold,9.0,Hold,9.0,Hold,4.0,Sell,4.0,Hold,10.0
17/11/2023,440.65,0.2311301159821933,Hold,10.0,Hold,10.0,Hold,4.0,Hold,10.0,Hold,3.0,Hold,9.0,Hold,9.0,Hold,4.0,Sell,4.0,Hold,10.0
20/11/2023,444.04,0.2752116887294006,Hold,10.0,Hold,10.0,Hold,4.0,Hold,10.0,Hold,3.0,Hold,9.0,Hold,9.0,Hold,4.0,Sell,4.0,Hold,10.0
21/11/2023,443.08,0.2941798636526141,Hold,10.0,Hold,10.0,Hold,4.0,Hold,10.0,Hold,3.0,Hold,9.0,Hold,9.0,Hold,4.0,Sell,4.0,Hold,10.0
22/11/2023,444.79,0.2402214891113156,Hold,10.0,Hold,10.0,Hold,4.0,Hold,10.0,Hold,3.0,Hold,9.0,Hold,9.0,Hold,4.0,Sell,4.0,Hold,10.0
24/11/2023,445.06,0.3246259063541747,Hold,10.0,Hold,10.0,Hold,4.0,Hold,10.0,Hold,3.0,Hold,9.0,Hold,9.0,Hold,4.0,Sell,4.0,Hold,10.0
27/11/2023,444.26,0.2746231065889107,Hold,10.0,Hold,10.0,Hold,4.0,Hold,10.0,Hold,3.0,Hold,9.0,Hold,9.0,Hold,4.0,Sell,4.0,Hold,10.0
28/11/2023,444.7,0.3898334474776119,Hold,10.0,Hold,10.0,Hold,4.0,Hold,10.0,Hold,3.0,Hold,9.0,Hold,9.0,Hold,4.0,Sell,4.0,Hold,10.0
29/11/2023,444.39,0.3661270984201299,Hold,10.0,Hold,10.0,Hold,4.0,Hold,10.0,Hold,3.0,Hold,9.0,Hold,9.0,Hold,4.0,Sell,4.0,Hold,10.0
30/11/2023,446.14,0.7244888880621114,Hold,10.0,Hold,10.0,Hold,4.0,Hold,10.0,Hold,3.0,Hold,9.0,Hold,9.0,Hold,4.0,Sell,4.0,Hold,10.0
1/12/2023,448.77,0.5273546181033987,Hold,10.0,Hold,10.0,Hold,4.0,Hold,10.0,Hold,3.0,Hold,9.0,Hold,9.0,Hold,4.0,Sell,4.0,Hold,10.0
4/12/2023,446.42,0.2558201633693167,Hold,10.0,Hold,10.0,Hold,4.0,Hold,10.0,Hold,3.0,Hold,9.0,Hold,9.0,Hold,4.0,Sell,4.0,Hold,10.0
5/12/2023,446.33,0.4021147700345808,Hold,10.0,Hold,10.0,Hold,4.0,Hold,10.0,Hold,3.0,Hold,9.0,Hold,9.0,Hold,4.0,Sell,4.0,Hold,10.0
6/12/2023,444.53,0.3587706991898091,Hold,10.0,Hold,10.0,Hold,4.0,Hold,10.0,Hold,3.0,Hold,9.0,Hold,9.0,Hold,4.0,Hold,4.0,Hold,10.0
7/12/2023,447.92,0.1980925982895343,Hold,10.0,Hold,10.0,Hold,4.0,Hold,10.0,Hold,3.0,Hold,9.0,Hold,9.0,Hold,4.0,Hold,4.0,Hold,10.0
8/12/2023,449.85,0.5428709243922928,Hold,10.0,Hold,10.0,Hold,4.0,Hold,10.0,Hold,3.0,Hold,9.0,Hold,9.0,Hold,4.0,Sell,4.0,Hold,10.0
11/12/2023,451.6,0.5866469821954328,Hold,10.0,Hold,10.0,Hold,4.0,Hold,10.0,Hold,3.0,Hold,9.0,Hold,9.0,Hold,4.0,Hold,4.0,Hold,10.0
12/12/2023,453.66,0.327151927665987,Hold,10.0,Hold,10.0,Hold,4.0,Hold,10.0,Hold,3.0,Hold,9.0,Hold,9.0,Hold,4.0,Sell,4.0,Hold,10.0
13/12/2023,459.92,0.5055156834590046,Hold,10.0,Hold,10.0,Hold,4.0,Hold,10.0,Hold,3.0,Hold,9.0,Hold,9.0,Hold,4.0,Sell,4.0,Hold,10.0
14/12/2023,461.39,0.5633550178246172,Hold,10.0,Hold,10.0,Hold,4.0,Hold,10.0,Hold,3.0,Hold,9.0,Hold,9.0,Hold,4.0,Sell,4.0,Hold,10.0
15/12/2023,460.63,0.5889718734485934,Hold,10.0,Hold,10.0,Hold,4.0,Hold,10.0,Hold,3.0,Hold,9.0,Hold,9.0,Hold,4.0,Sell,4.0,Hold,10.0
18/12/2023,463.23,0.2588383171347512,Hold,10.0,Hold,10.0,Hold,4.0,Hold,10.0,Hold,3.0,Hold,9.0,Hold,9.0,Hold,4.0,Sell,4.0,Hold,10.0
19/12/2023,466.04,0.3077407283172663,Hold,10.0,Hold,10.0,Hold,4.0,Hold,10.0,Hold,3.0,Hold,9.0,Hold,9.0,Hold,4.0,Sell,4.0,Hold,10.0
20/12/2023,459.58,0.0941095308295005,Hold,10.0,Hold,10.0,Hold,4.0,Hold,10.0,Hold,3.0,Hold,9.0,Hold,9.0,Hold,4.0,Hold,4.0,Hold,10.0
21/12/2023,463.94,0.325018367802572,Hold,10.0,Hold,10.0,Hold,4.0,Hold,10.0,Hold,3.0,Hold,9.0,Hold,9.0,Hold,4.0,Hold,4.0,Hold,10.0
22/12/2023,464.87,0.2159419449003267,Hold,10.0,Hold,10.0,Hold,4.0,Hold,10.0,Hold,3.0,Hold,9.0,Hold,9.0,Hold,4.0,Sell,4.0,Hold,10.0
26/12/2023,466.84,0.5321266730028038,Hold,10.0,Hold,10.0,Hold,4.0,Hold,10.0,Hold,3.0,Hold,9.0,Hold,9.0,Hold,4.0,Sell,4.0,Hold,10.0
27/12/2023,467.68,0.3527158305806506,Hold,10.0,Hold,10.0,Hold,4.0,Hold,10.0,Hold,3.0,Hold,9.0,Hold,9.0,Hold,4.0,Sell,4.0,Hold,10.0
28/12/2023,467.86,0.4136815718941407,Hold,10.0,Hold,10.0,Hold,4.0,Hold,10.0,Sell,3.0,Hold,9.0,Hold,9.0,Hold,4.0,Sell,4.0,Hold,10.0
29/12/2023,466.5,0.3366991166434626,Sell,10.0,Hold,10.0,Hold,4.0,Sell,10.0,Sell,3.0,Hold,9.0,Hold,9.0,Hold,4.0,Sell,4.0,Hold,10.0
2/1/2024,463.89,0.3163063947952631,Hold,10.0,Hold,10.0,Hold,4.0,Hold,10.0,Hold,3.0,Hold,9.0,Hold,9.0,Hold,4.0,Hold,4.0,Hold,10.0
3/1/2024,460.1,0.1406857380105052,Hold,10.0,Hold,10.0,Hold,4.0,Hold,10.0,Hold,3.0,Hold,9.0,Hold,9.0,Hold,4.0,Hold,4.0,Hold,10.0
4/1/2024,458.62,0.457610028321493,Hold,10.0,Sell,10.0,Hold,4.0,Hold,10.0,Hold,3.0,Hold,9.0,Hold,9.0,Hold,4.0,Hold,4.0,Hold,10.0
5/1/2024,459.25,-0.0858385568857711,Hold,10.0,Hold,10.0,Hold,4.0,Hold,10.0,Hold,3.0,Hold,9.0,Sell,9.0,Hold,4.0,Hold,4.0,Hold,10.0
8/1/2024,465.81,0.1620236353341486,Hold,10.0,Hold,10.0,Hold,4.0,Hold,10.0,Hold,3.0,Hold,9.0,Buy,9.0,Hold,4.0,Hold,4.0,Hold,10.0
9/1/2024,465.1,0.3868208567034525,Hold,10.0,Hold,10.0,Hold,4.0,Hold,10.0,Hold,3.0,Hold,9.0,Hold,9.0,Hold,4.0,Hold,4.0,Hold,10.0
10/1/2024,467.73,0.2720487555296439,Hold,10.0,Hold,10.0,Hold,4.0,Hold,10.0,Hold,3.0,Hold,9.0,Hold,9.0,Hold,4.0,Hold,4.0,Hold,10.0
11/1/2024,467.52,0.4774994929356758,Hold,10.0,Hold,10.0,Hold,4.0,Hold,10.0,Hold,3.0,Hold,9.0,Hold,9.0,Hold,4.0,Hold,4.0,Hold,10.0
12/1/2024,467.85,0.3209795312151304,Hold,10.0,Hold,10.0,Hold,4.0,Hold,10.0,Hold,3.0,Hold,9.0,Hold,9.0,Hold,4.0,Hold,4.0,Hold,10.0
16/1/2024,466.13,0.4371809135896343,Hold,10.0,Hold,10.0,Hold,4.0,Hold,10.0,Hold,3.0,Hold,9.0,Hold,9.0,Hold,4.0,Hold,4.0,Hold,10.0
17/1/2024,463.54,0.2328523852383333,Hold,10.0,Buy,10.0,Hold,4.0,Hold,10.0,Hold,3.0,Hold,9.0,Hold,9.0,Hold,4.0,Hold,4.0,Hold,10.0
18/1/2024,467.66,-0.1064333271941176,Hold,10.0,Hold,10.0,Hold,4.0,Hold,10.0,Hold,3.0,Hold,9.0,Hold,9.0,Sell,4.0,Hold,4.0,Hold,10.0
19/1/2024,473.49,0.306393296501351,Buy,10.0,Hold,10.0,Hold,4.0,Hold,10.0,Hold,3.0,Hold,9.0,Hold,9.0,Buy,4.0,Hold,4.0,Hold,10.0
22/1/2024,474.49,0.2326818645698499,Hold,10.0,Hold,10.0,Hold,4.0,Hold,10.0,Hold,3.0,Hold,9.0,Hold,9.0,Hold,4.0,Hold,4.0,Buy,10.0
23/1/2024,475.88,-0.0433739877133336,Hold,10.0,Hold,10.0,Hold,4.0,Hold,10.0,Hold,3.0,Hold,9.0,Hold,9.0,Hold,4.0,Hold,4.0,Hold,10.0
24/1/2024,476.4,0.2082939632283519,Hold,10.0,Hold,10.0,Hold,4.0,Hold,10.0,Hold,3.0,Hold,9.0,Hold,9.0,Hold,4.0,Sell,4.0,Hold,10.0
25/1/2024,478.99,0.4853849249608033,Hold,10.0,Hold,10.0,Hold,4.0,Hold,10.0,Hold,3.0,Hold,9.0,Hold,9.0,Hold,4.0,Sell,4.0,Hold,10.0
26/1/2024,478.38,0.2515397324118952,Hold,10.0,Hold,10.0,Hold,4.0,Hold,10.0,Hold,3.0,Hold,9.0,Hold,9.0,Hold,4.0,Sell,4.0,Hold,10.0
29/1/2024,482.17,0.536086763550787,Hold,10.0,Hold,10.0,Hold,4.0,Hold,10.0,Hold,3.0,Hold,9.0,Hold,9.0,Hold,4.0,Sell,4.0,Hold,10.0
30/1/2024,481.8,0.0938559684555197,Hold,10.0,Hold,10.0,Hold,4.0,Hold,10.0,Hold,3.0,Hold,9.0,Hold,9.0,Hold,4.0,Sell,4.0,Hold,10.0
31/1/2024,473.93,0.4822325443308775,Hold,10.0,Hold,10.0,Hold,4.0,Hold,10.0,Hold,3.0,Hold,9.0,Hold,9.0,Hold,4.0,Hold,4.0,Hold,10.0
1/2/2024,480.14,0.2070989416789857,Hold,10.0,Hold,10.0,Hold,4.0,Hold,10.0,Hold,3.0,Hold,9.0,Hold,9.0,Hold,4.0,Hold,4.0,Hold,10.0
2/2/2024,485.19,0.3839258250571765,Hold,10.0,Hold,10.0,Hold,4.0,Hold,10.0,Hold,3.0,Hold,9.0,Hold,9.0,Hold,4.0,Hold,4.0,Hold,10.0
5/2/2024,483.42,0.1421516207763378,Hold,10.0,Hold,10.0,Hold,4.0,Hold,10.0,Hold,3.0,Hold,9.0,Hold,9.0,Hold,4.0,Hold,4.0,Hold,10.0
6/2/2024,484.83,0.0847089425080372,Hold,10.0,Hold,10.0,Hold,4.0,Hold,10.0,Hold,3.0,Hold,9.0,Hold,9.0,Hold,4.0,Sell,4.0,Hold,10.0
7/2/2024,488.87,0.3269557536538366,Hold,10.0,Hold,10.0,Hold,4.0,Hold,10.0,Hold,3.0,Hold,9.0,Hold,9.0,Hold,4.0,Sell,4.0,Hold,10.0
8/2/2024,489.09,0.5072349820509096,Hold,10.0,Hold,10.0,Hold,4.0,Hold,10.0,Hold,3.0,Hold,9.0,Hold,9.0,Hold,4.0,Sell,4.0,Hold,10.0
9/2/2024,491.91,0.5877127122725656,Hold,10.0,Hold,10.0,Hold,4.0,Hold,10.0,Hold,3.0,Hold,9.0,Hold,9.0,Hold,4.0,Sell,4.0,Hold,10.0
12/2/2024,491.7,0.4344855901247895,Hold,10.0,Hold,10.0,Hold,4.0,Hold,10.0,Hold,3.0,Hold,9.0,Hold,9.0,Hold,4.0,Sell,4.0,Hold,10.0
13/2/2024,484.93,0.0919961744860079,Hold,10.0,Hold,10.0,Hold,4.0,Hold,10.0,Hold,3.0,Hold,9.0,Hold,9.0,Hold,4.0,Hold,4.0,Hold,10.0
14/2/2024,489.33,0.2225211814128818,Hold,10.0,Hold,10.0,Hold,4.0,Hold,10.0,Hold,3.0,Hold,9.0,Hold,9.0,Hold,4.0,Hold,4.0,Hold,10.0
15/2/2024,492.71,0.319713501861764,Hold,10.0,Hold,10.0,Hold,4.0,Hold,10.0,Hold,3.0,Hold,9.0,Hold,9.0,Hold,4.0,Hold,4.0,Hold,10.0
16/2/2024,490.26,0.3812345783163392,Hold,10.0,Hold,10.0,Hold,4.0,Hold,10.0,Hold,3.0,Hold,9.0,Hold,9.0,Hold,4.0,Hold,4.0,Hold,10.0
20/2/2024,487.56,0.281819096985148,Hold,10.0,Hold,10.0,Hold,4.0,Hold,10.0,Hold,3.0,Hold,9.0,Hold,9.0,Hold,4.0,Hold,4.0,Hold,10.0
21/2/2024,488.0,0.1650298935169215,Hold,10.0,Hold,10.0,Hold,4.0,Hold,10.0,Hold,3.0,Hold,9.0,Hold,9.0,Hold,4.0,Hold,4.0,Hold,10.0
22/2/2024,498.1,0.3272543758100723,Hold,10.0,Hold,10.0,Hold,4.0,Hold,10.0,Hold,3.0,Hold,9.0,Hold,9.0,Hold,4.0,Hold,4.0,Hold,10.0
23/2/2024,498.44,0.2888858445524634,Hold,10.0,Hold,10.0,Hold,4.0,Hold,10.0,Hold,3.0,Hold,9.0,Hold,9.0,Hold,4.0,Hold,4.0,Hold,10.0
26/2/2024,496.62,0.4103639994276031,Hold,10.0,Hold,10.0,Hold,4.0,Hold,10.0,Hold,3.0,Hold,9.0,Hold,9.0,Hold,4.0,Hold,4.0,Hold,10.0
27/2/2024,497.54,0.3631969134076583,Hold,10.0,Hold,10.0,Hold,4.0,Hold,10.0,Hold,3.0,Hold,9.0,Hold,9.0,Hold,4.0,Hold,4.0,Hold,10.0
28/2/2024,496.88,0.5494092898871306,Hold,10.0,Hold,10.0,Hold,4.0,Hold,10.0,Hold,3.0,Hold,9.0,Hold,9.0,Hold,4.0,Hold,4.0,Hold,10.0
29/2/2024,498.67,0.3274720583855629,Hold,10.0,Hold,10.0,Hold,4.0,Hold,10.0,Hold,3.0,Hold,9.0,Hold,9.0,Hold,4.0,Hold,4.0,Hold,10.0
1/3/2024,503.35,0.458154384014812,Hold,10.0,Hold,10.0,Hold,4.0,Hold,10.0,Hold,3.0,Hold,9.0,Hold,9.0,Hold,4.0,Hold,4.0,Hold,10.0
4/3/2024,502.81,0.1148960252064463,Hold,10.0,Hold,10.0,Hold,4.0,Hold,10.0,Hold,3.0,Hold,9.0,Hold,9.0,Hold,4.0,Hold,4.0,Hold,10.0
5/3/2024,497.78,0.6769162502881819,Hold,10.0,Hold,10.0,Hold,4.0,Hold,10.0,Hold,3.0,Hold,9.0,Hold,9.0,Hold,4.0,Hold,4.0,Hold,10.0
6/3/2024,500.31,0.513260999,Hold,10.0,Hold,10.0,Hold,4.0,Hold,10.0,Hold,3.0,Hold,9.0,Hold,9.0,Hold,4.0,Hold,4.0,Hold,10.0
7/3/2024,505.27,0.9607465733333334,Hold,10.0,Hold,10.0,Hold,4.0,Hold,10.0,Hold,3.0,Hold,9.0,Hold,9.0,Hold,4.0,Hold,4.0,Hold,10.0
8/3/2024,502.24,0.994802351,Hold,10.0,Hold,10.0,Hold,4.0,Hold,10.0,Hold,3.0,Hold,9.0,Hold,9.0,Hold,4.0,Hold,4.0,Hold,10.0
11/3/2024,501.81,0.8141851603932191,Hold,10.0,Hold,10.0,Hold,4.0,Hold,10.0,Hold,3.0,Hold,9.0,Hold,9.0,Hold,4.0,Hold,4.0,Hold,10.0
12/3/2024,507.21,0.956595315,Hold,10.0,Hold,10.0,Hold,4.0,Hold,10.0,Hold,3.0,Hold,9.0,Hold,9.0,Hold,4.0,Sell,4.0,Hold,10.0
13/3/2024,506.41,0.9975182033333334,Hold,10.0,Hold,10.0,Hold,4.0,Hold,10.0,Hold,3.0,Hold,9.0,Hold,9.0,Hold,4.0,Hold,4.0,Hold,10.0
14/3/2024,505.41,0.1621223731999999,Hold,10.0,Hold,10.0,Hold,4.0,Hold,10.0,Hold,3.0,Hold,9.0,Hold,9.0,Hold,4.0,Hold,4.0,Hold,10.0
15/3/2024,501.94,0.7391069537499999,Hold,10.0,Hold,10.0,Hold,4.0,Hold,10.0,Hold,3.0,Hold,9.0,Hold,9.0,Hold,4.0,Hold,4.0,Hold,10.0
18/3/2024,504.92,0.883889268,Sell,10.0,Hold,10.0,Hold,4.0,Hold,10.0,Hold,3.0,Hold,9.0,Hold,9.0,Hold,4.0,Hold,4.0,Hold,10.0
19/3/2024,507.73,0.50015467375,Buy,10.0,Hold,10.0,Hold,4.0,Hold,10.0,Hold,3.0,Hold,9.0,Hold,9.0,Hold,4.0,Hold,4.0,Hold,10.0
20/3/2024,512.42,0.961492019,Hold,10.0,Hold,10.0,Hold,4.0,Hold,10.0,Hold,3.0,Hold,9.0,Hold,9.0,Hold,4.0,Hold,4.0,Hold,10.0
21/3/2024,514.12,0.7565100533333334,Hold,10.0,Hold,10.0,Hold,4.0,Hold,10.0,Hold,3.0,Hold,9.0,Hold,9.0,Hold,4.0,Hold,4.0,Hold,10.0
22/3/2024,513.14,0.7708762733333333,Hold,10.0,Hold,10.0,Hold,4.0,Hold,10.0,Hold,3.0,Hold,9.0,Hold,9.0,Hold,4.0,Hold,4.0,Hold,10.0
25/3/2024,511.73,0.90704721,Hold,10.0,Hold,10.0,Hold,4.0,Hold,10.0,Hold,3.0,Hold,9.0,Hold,9.0,Hold,4.0,Hold,4.0,Hold,10.0
26/3/2024,510.78,0.9935283675,Sell,10.0,Hold,10.0,Hold,4.0,Sell,10.0,Hold,3.0,Hold,9.0,Hold,9.0,Hold,4.0,Hold,4.0,Hold,10.0
27/3/2024,515.07,0.8849657593868445,Buy,10.0,Hold,10.0,Hold,4.0,Buy,10.0,Hold,3.0,Hold,9.0,Hold,9.0,Hold,4.0,Hold,4.0,Hold,10.0
28/3/2024,514.97,0.8514710681000908,Hold,10.0,Hold,10.0,Hold,4.0,Hold,10.0,Sell,3.0,Hold,9.0,Hold,9.0,Hold,4.0,Sell,4.0,Hold,10.0
1/4/2024,514.08,0.9991388720000004,Sell,10.0,Hold,10.0,Hold,4.0,Sell,10.0,Hold,3.0,Hold,9.0,Hold,9.0,Hold,4.0,Hold,4.0,Hold,10.0
2/4/2024,510.81,0.812046222119489,Hold,10.0,Hold,10.0,Hold,4.0,Hold,10.0,Hold,3.0,Hold,9.0,Hold,9.0,Hold,4.0,Hold,4.0,Hold,10.0
3/4/2024,511.37,0.39272808200545,Hold,10.0,Sell,10.0,Hold,4.0,Hold,10.0,Hold,3.0,Hold,9.0,Hold,9.0,Hold,4.0,Hold,4.0,Hold,10.0
4/4/2024,505.13,0.8328385858382329,Hold,10.0,Hold,10.0,Hold,4.0,Hold,10.0,Hold,3.0,Hold,9.0,Hold,9.0,Hold,4.0,Hold,4.0,Hold,10.0
5/4/2024,510.41,0.856882240340909,Hold,10.0,Sell,10.0,Sell,4.0,Hold,10.0,Hold,3.0,Sell,9.0,Sell,9.0,Sell,4.0,Hold,4.0,Hold,10.0
8/4/2024,510.69,0.4681242378125,Hold,10.0,Hold,10.0,Hold,4.0,Hold,10.0,Hold,3.0,Hold,9.0,Hold,9.0,Hold,4.0,Hold,4.0,Hold,10.0
9/4/2024,511.28,0.9650561316666666,Hold,10.0,Hold,10.0,Hold,4.0,Hold,10.0,Hold,3.0,Hold,9.0,Hold,9.0,Hold,4.0,Hold,4.0,Hold,10.0
10/4/2024,506.16,0.8354551776923079,Hold,10.0,Hold,10.0,Hold,4.0,Hold,10.0,Hold,3.0,Hold,9.0,Hold,9.0,Hold,4.0,Hold,4.0,Hold,10.0
11/4/2024,509.98,0.903849416,Hold,10.0,Hold,10.0,Sell,4.0,Hold,10.0,Hold,3.0,Sell,9.0,Hold,9.0,Sell,4.0,Hold,4.0,Hold,10.0
12/4/2024,502.94,0.8322199352738621,Hold,10.0,Hold,10.0,Hold,4.0,Hold,10.0,Hold,3.0,Hold,9.0,Hold,9.0,Hold,4.0,Hold,4.0,Hold,10.0
15/4/2024,496.64,0.8761689793749999,Hold,10.0,Hold,10.0,Sell,4.0,Hold,10.0,Hold,3.0,Sell,9.0,Hold,9.0,Sell,4.0,Hold,4.0,Hold,10.0
16/4/2024,495.74,0.5671271356124379,Hold,10.0,Hold,10.0,Hold,4.0,Hold,10.0,Hold,3.0,Hold,9.0,Hold,9.0,Hold,4.0,Hold,4.0,Hold,10.0
17/4/2024,492.8,0.7462657850000001,Hold,10.0,Hold,10.0,Hold,4.0,Hold,10.0,Hold,3.0,Hold,9.0,Hold,9.0,Hold,4.0,Buy,4.0,Hold,10.0
18/4/2024,491.79,0.68321518,Hold,10.0,Hold,10.0,Hold,4.0,Hold,10.0,Hold,3.0,Hold,9.0,Hold,9.0,Hold,4.0,Buy,4.0,Hold,10.0
19/4/2024,487.5,0.7150383317647059,Hold,10.0,Hold,10.0,Hold,4.0,Hold,10.0,Hold,3.0,Hold,9.0,Hold,9.0,Hold,4.0,Buy,4.0,Hold,10.0
22/4/2024,491.99,0.5598216719413434,Hold,10.0,Hold,10.0,Hold,4.0,Hold,10.0,Hold,3.0,Hold,9.0,Hold,9.0,Hold,4.0,Hold,4.0,Hold,10.0
23/4/2024,497.82,0.641915787941,Hold,10.0,Hold,10.0,Hold,4.0,Hold,10.0,Hold,3.0,Hold,9.0,Hold,9.0,Hold,4.0,Hold,4.0,Hold,10.0
24/4/2024,497.59,0.5860705564239999,Hold,10.0,Hold,10.0,Hold,4.0,Hold,10.0,Hold,3.0,Hold,9.0,Hold,9.0,Hold,4.0,Hold,4.0,Hold,10.0
25/4/2024,495.7,0.5761062118577778,Hold,10.0,Hold,10.0,Hold,4.0,Hold,10.0,Hold,3.0,Hold,9.0,Hold,9.0,Hold,4.0,Hold,4.0,Hold,10.0
26/4/2024,500.39,0.569869114123125,Hold,10.0,Hold,10.0,Hold,4.0,Hold,10.0,Hold,3.0,Hold,9.0,Hold,9.0,Hold,4.0,Hold,4.0,Hold,10.0
29/4/2024,502.17,0.626130269892575,Buy,10.0,Buy,10.0,Buy,4.0,Buy,10.0,Hold,3.0,Buy,9.0,Buy,9.0,Buy,4.0,Hold,4.0,Hold,10.0
30/4/2024,494.21,0.8466262399999998,Hold,10.0,Hold,10.0,Hold,4.0,Hold,10.0,Hold,3.0,Hold,9.0,Hold,9.0,Hold,4.0,Hold,4.0,Hold,10.0
1/5/2024,492.61,0.9310114224294684,Hold,10.0,Hold,10.0,Hold,4.0,Hold,10.0,Hold,3.0,Hold,9.0,Hold,9.0,Hold,4.0,Hold,4.0,Hold,10.0
2/5/2024,497.21,0.9655716,Hold,10.0,Hold,10.0,Hold,4.0,Hold,10.0,Hold,3.0,Hold,9.0,Hold,9.0,Hold,4.0,Hold,4.0,Hold,10.0
3/5/2024,503.38,0.7088919211111111,Buy,10.0,Hold,10.0,Buy,4.0,Buy,10.0,Hold,3.0,Hold,9.0,Hold,9.0,Buy,4.0,Hold,4.0,Buy,10.0
6/5/2024,508.57,0.98684670875,Hold,10.0,Hold,10.0,Hold,4.0,Hold,10.0,Hold,3.0,Buy,9.0,Hold,9.0,Hold,4.0,Hold,4.0,Hold,10.0
7/5/2024,509.14,0.7418159353846157,Hold,10.0,Hold,10.0,Hold,4.0,Hold,10.0,Hold,3.0,Hold,9.0,Hold,9.0,Hold,4.0,Hold,4.0,Hold,10.0
8/5/2024,509.18,0.8791203024960003,Hold,10.0,Hold,10.0,Hold,4.0,Hold,10.0,Hold,3.0,Hold,9.0,Hold,9.0,Hold,4.0,Hold,4.0,Hold,10.0
9/5/2024,512.12,0.927672675,Hold,10.0,Hold,10.0,Hold,4.0,Hold,10.0,Hold,3.0,Hold,9.0,Hold,9.0,Hold,4.0,Sell,4.0,Hold,10.0
10/5/2024,512.78,0.8608569541666669,Hold,10.0,Hold,10.0,Hold,4.0,Hold,10.0,Hold,3.0,Hold,9.0,Hold,9.0,Hold,4.0,Sell,4.0,Hold,10.0
13/5/2024,512.85,0.6983281752000001,Hold,10.0,Hold,10.0,Hold,4.0,Hold,10.0,Hold,3.0,Hold,9.0,Hold,9.0,Hold,4.0,Hold,4.0,Hold,10.0
14/5/2024,515.2,0.8269406839999999,Hold,10.0,Hold,10.0,Hold,4.0,Hold,10.0,Hold,3.0,Hold,9.0,Hold,9.0,Hold,4.0,Sell,4.0,Hold,10.0
15/5/2024,521.58,0.49696084,Hold,10.0,Hold,10.0,Hold,4.0,Hold,10.0,Hold,3.0,Hold,9.0,Hold,9.0,Hold,4.0,Sell,4.0,Hold,10.0
16/5/2024,520.51,0.5724287862016576,Hold,10.0,Hold,10.0,Hold,4.0,Hold,10.0,Hold,3.0,Hold,9.0,Hold,9.0,Hold,4.0,Sell,4.0,Hold,10.0
17/5/2024,521.26,0.5798279314257143,Hold,10.0,Hold,10.0,Hold,4.0,Hold,10.0,Hold,3.0,Hold,9.0,Hold,9.0,Hold,4.0,Sell,4.0,Hold,10.0
20/5/2024,521.86,0.9999903799999998,Hold,10.0,Hold,10.0,Hold,4.0,Hold,10.0,Hold,3.0,Hold,9.0,Hold,9.0,Hold,4.0,Sell,4.0,Hold,10.0
21/5/2024,523.14,0.738445084,Hold,10.0,Hold,10.0,Hold,4.0,Hold,10.0,Hold,3.0,Hold,9.0,Hold,9.0,Hold,4.0,Sell,4.0,Hold,10.0
22/5/2024,521.63,0.9979327702941178,Hold,10.0,Hold,10.0,Hold,4.0,Hold,10.0,Sell,3.0,Hold,9.0,Hold,9.0,Hold,4.0,Sell,4.0,Hold,10.0
23/5/2024,517.82,0.7423798125000001,Hold,10.0,Hold,10.0,Hold,4.0,Hold,10.0,Sell,3.0,Hold,9.0,Hold,9.0,Hold,4.0,Sell,4.0,Hold,10.0
24/5/2024,521.25,0.64076332,Hold,10.0,Hold,10.0,Hold,4.0,Hold,10.0,Sell,3.0,Hold,9.0,Hold,9.0,Hold,4.0,Sell,4.0,Hold,10.0
28/5/2024,521.61,0.531328770375,Hold,10.0,Hold,10.0,Hold,4.0,Hold,10.0,Sell,3.0,Hold,9.0,Hold,9.0,Hold,4.0,Sell,4.0,Hold,10.0
29/5/2024,517.96,0.92677825,Hold,10.0,Hold,10.0,Hold,4.0,Hold,10.0,Hold,3.0,Hold,9.0,Hold,9.0,Hold,4.0,Hold,4.0,Hold,10.0
30/5/2024,514.52,0.7927586763636364,Sell,10.0,Sell,10.0,Hold,4.0,Sell,10.0,Hold,3.0,Hold,9.0,Hold,9.0,Hold,4.0,Hold,4.0,Hold,10.0
31/5/2024,519.21,0.6148514842042856,Hold,10.0,Hold,10.0,Hold,4.0,Hold,10.0,Hold,3.0,Hold,9.0,Sell,9.0,Hold,4.0,Hold,4.0,Hold,10.0
3/6/2024,519.63,0.8376297333333332,Buy,10.0,Hold,10.0,Hold,4.0,Buy,10.0,Hold,3.0,Hold,9.0,Hold,9.0,Hold,4.0,Hold,4.0,Hold,10.0
4/6/2024,520.21,0.33283611,Hold,10.0,Hold,10.0,Hold,4.0,Hold,10.0,Hold,3.0,Hold,9.0,Hold,9.0,Hold,4.0,Hold,4.0,Hold,10.0
5/6/2024,526.39,0.7766166995611947,Hold,10.0,Hold,10.0,Hold,4.0,Hold,10.0,Hold,3.0,Hold,9.0,Hold,9.0,Hold,4.0,Hold,4.0,Hold,10.0
6/6/2024,526.38,0.7359672535483871,Hold,10.0,Hold,10.0,Hold,4.0,Hold,10.0,Hold,3.0,Hold,9.0,Hold,9.0,Hold,4.0,Hold,4.0,Hold,10.0
7/6/2024,525.74,0.7079706570909092,Hold,10.0,Hold,10.0,Hold,4.0,Hold,10.0,Hold,3.0,Hold,9.0,Hold,9.0,Hold,4.0,Hold,4.0,Hold,10.0
10/6/2024,527.37,0.7139130815789472,Hold,10.0,Hold,10.0,Hold,4.0,Hold,10.0,Hold,3.0,Hold,9.0,Hold,9.0,Hold,4.0,Hold,4.0,Hold,10.0
11/6/2024,528.64,0.9992766725,Hold,10.0,Hold,10.0,Hold,4.0,Hold,10.0,Hold,3.0,Hold,9.0,Hold,9.0,Hold,4.0,Hold,4.0,Hold,10.0
12/6/2024,532.98,0.30611453,Hold,10.0,Hold,10.0,Hold,4.0,Hold,10.0,Hold,3.0,Hold,9.0,Hold,9.0,Hold,4.0,Hold,4.0,Hold,10.0
13/6/2024,534.05,0.8559584785714287,Hold,10.0,Hold,10.0,Hold,4.0,Hold,10.0,Hold,3.0,Hold,9.0,Hold,9.0,Hold,4.0,Sell,4.0,Hold,10.0
14/6/2024,534.38,0.843715459090909,Hold,10.0,Hold,10.0,Hold,4.0,Hold,10.0,Hold,3.0,Hold,9.0,Hold,9.0,Hold,4.0,Sell,4.0,Hold,10.0
17/6/2024,538.63,0.6647403666666666,Hold,10.0,Hold,10.0,Hold,4.0,Hold,10.0,Hold,3.0,Hold,9.0,Hold,9.0,Hold,4.0,Sell,4.0,Hold,10.0
18/6/2024,540.0,0.569768525561135,Hold,10.0,Hold,10.0,Hold,4.0,Hold,10.0,Hold,3.0,Hold,9.0,Hold,9.0,Hold,4.0,Sell,4.0,Hold,10.0
20/6/2024,538.53,0.1988463016666666,Hold,10.0,Hold,10.0,Hold,4.0,Hold,10.0,Hold,3.0,Hold,9.0,Hold,9.0,Hold,4.0,Sell,4.0,Hold,10.0
21/6/2024,537.81,0.4110238399999999,Hold,10.0,Hold,10.0,Hold,4.0,Hold,10.0,Hold,3.0,Hold,9.0,Hold,9.0,Hold,4.0,Sell,4.0,Hold,10.0
24/6/2024,536.06,0.998793039375,Hold,10.0,Hold,10.0,Hold,4.0,Hold,10.0,Hold,3.0,Hold,9.0,Hold,9.0,Hold,4.0,Sell,4.0,Hold,10.0
25/6/2024,538.13,0.9998535538461538,Hold,10.0,Hold,10.0,Hold,4.0,Hold,10.0,Hold,3.0,Hold,9.0,Hold,9.0,Hold,4.0,Sell,4.0,Hold,10.0
26/6/2024,538.8,0.924699506,Hold,10.0,Hold,10.0,Hold,4.0,Hold,10.0,Hold,3.0,Hold,9.0,Hold,9.0,Hold,4.0,Sell,4.0,Hold,10.0
27/6/2024,539.65,0.9990100615384616,Hold,10.0,Hold,10.0,Hold,4.0,Hold,10.0,Hold,3.0,Hold,9.0,Hold,9.0,Hold,4.0,Sell,4.0,Hold,10.0
28/6/2024,537.53,0.717318871926791,Hold,10.0,Hold,10.0,Hold,4.0,Hold,10.0,Hold,3.0,Hold,9.0,Hold,9.0,Hold,4.0,Sell,4.0,Hold,10.0
1/7/2024,538.63,0.9072660681818182,Hold,10.0,Hold,10.0,Hold,4.0,Hold,10.0,Hold,3.0,Hold,9.0,Hold,9.0,Hold,4.0,Sell,4.0,Hold,10.0
2/7/2024,542.26,0.5174316339535714,Hold,10.0,Hold,10.0,Hold,4.0,Hold,10.0,Hold,3.0,Hold,9.0,Hold,9.0,Hold,4.0,Sell,4.0,Hold,10.0
3/7/2024,544.68,0.6810231998999999,Hold,10.0,Hold,10.0,Hold,4.0,Hold,10.0,Hold,3.0,Hold,9.0,Hold,9.0,Hold,4.0,Sell,4.0,Hold,10.0
5/7/2024,547.82,0.99940762125,Hold,10.0,Hold,10.0,Hold,4.0,Hold,10.0,Hold,3.0,Hold,9.0,Hold,9.0,Hold,4.0,Sell,4.0,Hold,10.0
8/7/2024,548.45,0.9997534533333332,Hold,10.0,Hold,10.0,Hold,4.0,Hold,10.0,Hold,3.0,Hold,9.0,Hold,9.0,Hold,4.0,Sell,4.0,Hold,10.0
9/7/2024,548.98,0.9715825161538462,Hold,10.0,Hold,10.0,Hold,4.0,Hold,10.0,Hold,3.0,Hold,9.0,Hold,9.0,Hold,4.0,Sell,4.0,Hold,10.0
10/7/2024,554.41,0.6280623321875001,Hold,10.0,Hold,10.0,Hold,4.0,Hold,10.0,Hold,3.0,Hold,9.0,Hold,9.0,Hold,4.0,Sell,4.0,Hold,10.0
11/7/2024,549.63,0.93073157,Hold,10.0,Hold,10.0,Hold,4.0,Hold,10.0,Hold,3.0,Hold,9.0,Hold,9.0,Hold,4.0,Hold,4.0,Hold,10.0
12/7/2024,553.1,0.7093353777777779,Hold,10.0,Hold,10.0,Hold,4.0,Hold,10.0,Hold,3.0,Hold,9.0,Hold,9.0,Hold,4.0,Sell,4.0,Hold,10.0
15/7/2024,554.62,0.9979194426315788,Hold,10.0,Hold,10.0,Hold,4.0,Hold,10.0,Sell,3.0,Hold,9.0,Hold,9.0,Hold,4.0,Sell,4.0,Hold,10.0
16/7/2024,557.91,0.7828404134397142,Hold,10.0,Hold,10.0,Hold,4.0,Hold,10.0,Sell,3.0,Hold,9.0,Hold,9.0,Hold,4.0,Sell,4.0,Hold,10.0
17/7/2024,550.09,0.6011962612766251,Hold,10.0,Hold,10.0,Hold,4.0,Hold,10.0,Hold,3.0,Hold,9.0,Hold,9.0,Hold,4.0,Hold,4.0,Hold,10.0
18/7/2024,545.86,0.3432817850714285,Sell,10.0,Hold,10.0,Hold,4.0,Sell,10.0,Hold,3.0,Hold,9.0,Hold,9.0,Hold,4.0,Hold,4.0,Hold,10.0
19/7/2024,542.24,0.3794459080037499,Hold,10.0,Sell,10.0,Sell,4.0,Hold,10.0,Hold,3.0,Hold,9.0,Hold,9.0,Sell,4.0,Hold,4.0,Hold,10.0
22/7/2024,547.83,0.8683465799999999,Hold,10.0,Hold,10.0,Hold,4.0,Hold,10.0,Hold,3.0,Sell,9.0,Sell,9.0,Hold,4.0,Hold,4.0,Hold,10.0
23/7/2024,546.97,0.4910451375,Hold,10.0,Hold,10.0,Hold,4.0,Hold,10.0,Hold,3.0,Hold,9.0,Hold,9.0,Hold,4.0,Hold,4.0,Hold,10.0
24/7/2024,534.57,0.7562994134856785,Hold,10.0,Sell,10.0,Sell,4.0,Hold,10.0,Hold,3.0,Hold,9.0,Sell,9.0,Sell,4.0,Hold,4.0,Hold,10.0
25/7/2024,531.79,0.5192946463999999,Hold,10.0,Hold,10.0,Hold,4.0,Hold,10.0,Hold,3.0,Sell,9.0,Hold,9.0,Hold,4.0,Hold,4.0,Hold,10.0
26/7/2024,537.74,0.4987210050000001,Hold,10.0,Hold,10.0,Hold,4.0,Hold,10.0,Hold,3.0,Hold,9.0,Hold,9.0,Hold,4.0,Hold,4.0,Hold,10.0
29/7/2024,538.06,0.9892989811111113,Hold,10.0,Hold,10.0,Sell,4.0,Hold,10.0,Hold,3.0,Sell,9.0,Hold,9.0,Hold,4.0,Hold,4.0,Hold,10.0
30/7/2024,535.33,0.8111992085714286,Hold,10.0,Hold,10.0,Hold,4.0,Hold,10.0,Hold,3.0,Hold,9.0,Hold,9.0,Sell,4.0,Hold,4.0,Hold,10.0
31/7/2024,544.03,0.465516550040225,Hold,10.0,Hold,10.0,Hold,4.0,Hold,10.0,Hold,3.0,Hold,9.0,Hold,9.0,Hold,4.0,Hold,4.0,Hold,10.0
1/8/2024,536.33,0.804429193133921,Hold,10.0,Hold,10.0,Hold,4.0,Hold,10.0,Hold,3.0,Hold,9.0,Hold,9.0,Hold,4.0,Hold,4.0,Hold,10.0
2/8/2024,526.34,0.7644960366666668,Hold,10.0,Hold,10.0,Hold,4.0,Hold,10.0,Hold,3.0,Hold,9.0,Hold,9.0,Hold,4.0,Hold,4.0,Hold,10.0
5/8/2024,511.02,0.7237999008766666,Hold,10.0,Hold,10.0,Hold,4.0,Hold,10.0,Hold,3.0,Hold,9.0,Hold,9.0,Hold,4.0,Buy,4.0,Hold,10.0
6/8/2024,515.73,0.509792971625,Hold,10.0,Hold,10.0,Hold,4.0,Hold,10.0,Hold,3.0,Hold,9.0,Hold,9.0,Hold,4.0,Buy,4.0,Hold,10.0
7/8/2024,512.28,0.7535198233333334,Hold,10.0,Hold,10.0,Hold,4.0,Hold,10.0,Hold,3.0,Hold,9.0,Hold,9.0,Hold,4.0,Hold,4.0,Hold,10.0
8/8/2024,524.12,0.8664002592487501,Hold,10.0,Hold,10.0,Hold,4.0,Hold,10.0,Hold,3.0,Hold,9.0,Hold,9.0,Hold,4.0,Hold,4.0,Hold,10.0
9/8/2024,526.43,0.851716136923077,Hold,10.0,Hold,10.0,Hold,4.0,Hold,10.0,Hold,3.0,Hold,9.0,Hold,9.0,Hold,4.0,Hold,4.0,Hold,10.0
12/8/2024,526.71,0.9623760763157894,Hold,10.0,Hold,10.0,Hold,4.0,Hold,10.0,Hold,3.0,Hold,9.0,Hold,9.0,Hold,4.0,Hold,4.0,Hold,10.0
13/8/2024,535.37,0.99996875,Hold,10.0,Hold,10.0,Hold,4.0,Hold,10.0,Hold,3.0,Hold,9.0,Hold,9.0,Hold,4.0,Hold,4.0,Hold,10.0
14/8/2024,537.06,0.6322961523771429,Buy,10.0,Buy,10.0,Buy,4.0,Buy,10.0,Hold,3.0,Buy,9.0,Buy,9.0,Buy,4.0,Hold,4.0,Buy,10.0
15/8/2024,546.27,0.9159662167741937,Hold,10.0,Hold,10.0,Hold,4.0,Hold,10.0,Hold,3.0,Hold,9.0,Hold,9.0,Hold,4.0,Hold,4.0,Hold,10.0
16/8/2024,547.49,0.6113641785714286,Hold,10.0,Hold,10.0,Hold,4.0,Hold,10.0,Hold,3.0,Hold,9.0,Hold,9.0,Hold,4.0,Hold,4.0,Hold,10.0
19/8/2024,552.73,0.5038318314285714,Hold,10.0,Hold,10.0,Hold,4.0,Hold,10.0,Hold,3.0,Hold,9.0,Hold,9.0,Hold,4.0,Hold,4.0,Hold,10.0
20/8/2024,551.83,0.8987115988070441,Hold,10.0,Hold,10.0,Hold,4.0,Hold,10.0,Hold,3.0,Hold,9.0,Hold,9.0,Hold,4.0,Hold,4.0,Hold,10.0
21/8/2024,553.72,0.8834442407272729,Hold,10.0,Hold,10.0,Hold,4.0,Hold,10.0,Hold,3.0,Hold,9.0,Hold,9.0,Hold,4.0,Hold,4.0,Hold,10.0
22/8/2024,549.38,0.897633272,Hold,10.0,Hold,10.0,Hold,4.0,Hold,10.0,Hold,3.0,Hold,9.0,Hold,9.0,Hold,4.0,Hold,4.0,Hold,10.0
23/8/2024,555.21,0.6107784999999999,Hold,10.0,Hold,10.0,Hold,4.0,Hold,10.0,Hold,3.0,Hold,9.0,Hold,9.0,Hold,4.0,Sell,4.0,Hold,10.0
26/8/2024,553.89,0.7545021090909094,Hold,10.0,Hold,10.0,Hold,4.0,Hold,10.0,Sell,3.0,Hold,9.0,Hold,9.0,Hold,4.0,Sell,4.0,Hold,10.0
27/8/2024,554.65,0.8544210771428572,Hold,10.0,Hold,10.0,Hold,4.0,Hold,10.0,Sell,3.0,Hold,9.0,Hold,9.0,Hold,4.0,Sell,4.0,Hold,10.0
28/8/2024,551.43,0.7998790164519999,Hold,10.0,Hold,10.0,Hold,4.0,Hold,10.0,Sell,3.0,Hold,9.0,Hold,9.0,Hold,4.0,Sell,4.0,Hold,10.0
29/8/2024,551.48,0.73659540511,Hold,10.0,Hold,10.0,Hold,4.0,Hold,10.0,Sell,3.0,Hold,9.0,Hold,9.0,Hold,4.0,Sell,4.0,Hold,10.0
30/8/2024,556.75,0.6204262210000001,Hold,10.0,Hold,10.0,Hold,4.0,Hold,10.0,Sell,3.0,Hold,9.0,Hold,9.0,Hold,4.0,Sell,4.0,Hold,10.0
3/9/2024,545.29,0.5933231805128204,Hold,10.0,Hold,10.0,Hold,4.0,Hold,10.0,Hold,3.0,Hold,9.0,Hold,9.0,Hold,4.0,Hold,4.0,Hold,10.0
4/9/2024,544.17,0.999718202,Sell,10.0,Sell,10.0,Hold,4.0,Sell,10.0,Hold,3.0,Hold,9.0,Sell,9.0,Sell,4.0,Hold,4.0,Sell,10.0
5/9/2024,542.85,0.7845377485714287,Hold,10.0,Hold,10.0,Hold,4.0,Hold,10.0,Hold,3.0,Hold,9.0,Hold,9.0,Hold,4.0,Hold,4.0,Hold,10.0
6/9/2024,533.71,0.8733498455555556,Hold,10.0,Hold,10.0,Hold,4.0,Hold,10.0,Hold,3.0,Hold,9.0,Hold,9.0,Hold,4.0,Hold,4.0,Hold,10.0
9/9/2024,539.69,0.9972903692857146,Hold,10.0,Hold,10.0,Hold,4.0,Hold,10.0,Hold,3.0,Hold,9.0,Hold,9.0,Hold,4.0,Hold,4.0,Hold,10.0
10/9/2024,542.04,0.999795505,Hold,10.0,Hold,10.0,Hold,4.0,Hold,10.0,Hold,3.0,Hold,9.0,Hold,9.0,Hold,4.0,Hold,4.0,Hold,10.0
11/9/2024,547.6,0.7465319102439024,Hold,10.0,Hold,10.0,Hold,4.0,Hold,10.0,Hold,3.0,Hold,9.0,Hold,9.0,Hold,4.0,Hold,4.0,Hold,10.0
12/9/2024,552.21,0.5557749213315073,Buy,10.0,Buy,10.0,Hold,4.0,Buy,10.0,Hold,3.0,Hold,9.0,Buy,9.0,Hold,4.0,Hold,4.0,Hold,10.0
13/9/2024,555.1,0.7539760690218543,Hold,10.0,Hold,10.0,Hold,4.0,Hold,10.0,Hold,3.0,Hold,9.0,Hold,9.0,Hold,4.0,Hold,4.0,Buy,10.0
16/9/2024,555.92,0.9818933485,Hold,10.0,Hold,10.0,Hold,4.0,Hold,10.0,Hold,3.0,Hold,9.0,Hold,9.0,Hold,4.0,Hold,4.0,Hold,10.0
17/9/2024,556.14,0.365462055,Hold,10.0,Hold,10.0,Hold,4.0,Hold,10.0,Hold,3.0,Hold,9.0,Hold,9.0,Hold,4.0,Hold,4.0,Hold,10.0
18/9/2024,554.49,0.7268966158,Hold,10.0,Hold,10.0,Hold,4.0,Hold,10.0,Hold,3.0,Hold,9.0,Hold,9.0,Hold,4.0,Hold,4.0,Hold,10.0
19/9/2024,563.96,0.5443142271647059,Hold,10.0,Hold,10.0,Hold,4.0,Hold,10.0,Hold,3.0,Hold,9.0,Hold,9.0,Hold,4.0,Hold,4.0,Hold,10.0
20/9/2024,562.98,0.817350210803279,Hold,10.0,Hold,10.0,Hold,4.0,Hold,10.0,Hold,3.0,Hold,9.0,Hold,9.0,Hold,4.0,Hold,4.0,Hold,10.0
23/9/2024,564.39,0.920897607142857,Hold,10.0,Hold,10.0,Hold,4.0,Hold,10.0,Hold,3.0,Hold,9.0,Hold,9.0,Hold,4.0,Sell,4.0,Hold,10.0
24/9/2024,566.0,0.7969407312499999,Hold,10.0,Hold,10.0,Hold,4.0,Hold,10.0,Hold,3.0,Hold,9.0,Hold,9.0,Hold,4.0,Sell,4.0,Hold,10.0
25/9/2024,564.75,0.5809300077777779,Hold,10.0,Hold,10.0,Hold,4.0,Hold,10.0,Hold,3.0,Hold,9.0,Hold,9.0,Hold,4.0,Sell,4.0,Hold,10.0
26/9/2024,566.99,0.5143559923195385,Hold,10.0,Hold,10.0,Hold,4.0,Hold,10.0,Hold,3.0,Hold,9.0,Hold,9.0,Hold,4.0,Sell,4.0,Hold,10.0
27/9/2024,566.17,0.655563447647,Hold,10.0,Hold,10.0,Hold,4.0,Hold,10.0,Hold,3.0,Hold,9.0,Hold,9.0,Hold,4.0,Sell,4.0,Hold,10.0
30/9/2024,568.44,0.993345795,Hold,10.0,Hold,10.0,Hold,4.0,Hold,10.0,Sell,3.0,Hold,9.0,Hold,9.0,Hold,4.0,Sell,4.0,Hold,10.0
1/10/2024,563.35,0.16816590625,Hold,10.0,Hold,10.0,Hold,4.0,Hold,10.0,Sell,3.0,Hold,9.0,Hold,9.0,Hold,4.0,Sell,4.0,Hold,10.0
2/10/2024,563.59,0.9171841028571428,Hold,10.0,Hold,10.0,Hold,4.0,Hold,10.0,Hold,3.0,Hold,9.0,Hold,9.0,Hold,4.0,Hold,4.0,Hold,10.0
3/10/2024,562.55,0.9988225,Sell,10.0,Hold,10.0,Hold,4.0,Hold,10.0,Hold,3.0,Hold,9.0,Hold,9.0,Hold,4.0,Hold,4.0,Hold,10.0
4/10/2024,567.67,0.7370900618181819,Hold,10.0,Hold,10.0,Hold,4.0,Hold,10.0,Hold,3.0,Hold,9.0,Hold,9.0,Hold,4.0,Hold,4.0,Hold,10.0
7/10/2024,562.54,0.8711306528571426,Hold,10.0,Hold,10.0,Hold,4.0,Hold,10.0,Hold,3.0,Hold,9.0,Hold,9.0,Hold,4.0,Hold,4.0,Hold,10.0
8/10/2024,567.86,0.40014567046,Hold,10.0,Sell,10.0,Hold,4.0,Hold,10.0,Hold,3.0,Hold,9.0,Hold,9.0,Hold,4.0,Hold,4.0,Hold,10.0
9/10/2024,571.79,0.6636314588000001,Buy,10.0,Hold,10.0,Hold,4.0,Hold,10.0,Hold,3.0,Hold,9.0,Hold,9.0,Hold,4.0,Hold,4.0,Hold,10.0
10/10/2024,570.79,0.96724255,Hold,10.0,Hold,10.0,Hold,4.0,Hold,10.0,Hold,3.0,Hold,9.0,Hold,9.0,Hold,4.0,Hold,4.0,Hold,10.0
11/10/2024,574.21,0.650218615901,Hold,10.0,Hold,10.0,Hold,4.0,Hold,10.0,Hold,3.0,Hold,9.0,Hold,9.0,Hold,4.0,Hold,4.0,Hold,10.0
14/10/2024,578.9,0.7631636743636365,Hold,10.0,Hold,10.0,Hold,4.0,Hold,10.0,Hold,3.0,Hold,9.0,Hold,9.0,Hold,4.0,Hold,4.0,Hold,10.0
15/10/2024,574.4,0.6671571841666668,Hold,10.0,Hold,10.0,Hold,4.0,Hold,10.0,Hold,3.0,Hold,9.0,Hold,9.0,Hold,4.0,Hold,4.0,Hold,10.0
16/10/2024,576.9,0.7731452255978573,Hold,10.0,Hold,10.0,Hold,4.0,Hold,10.0,Hold,3.0,Hold,9.0,Hold,9.0,Hold,4.0,Hold,4.0,Hold,10.0
17/10/2024,576.95,0.9045012298978184,Hold,10.0,Hold,10.0,Hold,4.0,Hold,10.0,Hold,3.0,Hold,9.0,Hold,9.0,Hold,4.0,Hold,4.0,Hold,10.0
18/10/2024,579.17,0.4029183278650595,Hold,10.0,Hold,10.0,Hold,4.0,Hold,10.0,Hold,3.0,Hold,9.0,Hold,9.0,Hold,4.0,Hold,4.0,Hold,10.0
21/10/2024,578.22,0.9821086185714284,Hold,10.0,Hold,10.0,Hold,4.0,Hold,10.0,Hold,3.0,Hold,9.0,Hold,9.0,Hold,4.0,Hold,4.0,Hold,10.0
22/10/2024,577.91,0.7518818850000001,Hold,10.0,Hold,10.0,Hold,4.0,Hold,10.0,Hold,3.0,Hold,9.0,Hold,9.0,Hold,4.0,Hold,4.0,Hold,10.0
23/10/2024,572.63,0.8698391965267499,Sell,10.0,Hold,10.0,Hold,4.0,Sell,10.0,Hold,3.0,Hold,9.0,Hold,9.0,Hold,4.0,Hold,4.0,Hold,10.0
24/10/2024,573.87,0.7639182963636365,Hold,10.0,Sell,10.0,Hold,4.0,Hold,10.0,Hold,3.0,Hold,9.0,Hold,9.0,Hold,4.0,Hold,4.0,Hold,10.0
25/10/2024,573.67,0.6960323882770023,Hold,10.0,Hold,10.0,Hold,4.0,Hold,10.0,Hold,3.0,Hold,9.0,Hold,9.0,Hold,4.0,Hold,4.0,Hold,10.0
28/10/2024,575.44,0.5649322662500001,Hold,10.0,Hold,10.0,Hold,4.0,Hold,10.0,Hold,3.0,Hold,9.0,Hold,9.0,Hold,4.0,Hold,4.0,Hold,10.0
29/10/2024,576.38,0.8879994055555557,Buy,10.0,Hold,10.0,Hold,4.0,Hold,10.0,Hold,3.0,Hold,9.0,Sell,9.0,Hold,4.0,Hold,4.0,Hold,10.0
30/10/2024,574.63,0.8197890122030858,Hold,10.0,Hold,10.0,Hold,4.0,Hold,10.0,Hold,3.0,Hold,9.0,Hold,9.0,Hold,4.0,Hold,4.0,Hold,10.0
31/10/2024,563.37,0.5175403323075889,Hold,10.0,Hold,10.0,Hold,4.0,Hold,10.0,Hold,3.0,Hold,9.0,Hold,9.0,Hold,4.0,Hold,4.0,Hold,10.0
1/11/2024,565.75,0.995287156,Hold,10.0,Hold,10.0,Hold,4.0,Hold,10.0,Hold,3.0,Hold,9.0,Hold,9.0,Sell,4.0,Hold,4.0,Hold,10.0
4/11/2024,564.53,0.8720463679642375,Hold,10.0,Hold,10.0,Hold,4.0,Hold,10.0,Hold,3.0,Hold,9.0,Hold,9.0,Hold,4.0,Hold,4.0,Hold,10.0
5/11/2024,571.35,0.6576892138797946,Hold,10.0,Hold,10.0,Hold,4.0,Hold,10.0,Hold,3.0,Hold,9.0,Hold,9.0,Hold,4.0,Hold,4.0,Hold,10.0
6/11/2024,585.56,0.8004165398925001,Buy,10.0,Buy,10.0,Hold,4.0,Buy,10.0,Hold,3.0,Hold,9.0,Buy,9.0,Buy,4.0,Hold,4.0,Hold,10.0
7/11/2024,590.09,0.9938821421052628,Hold,10.0,Hold,10.0,Hold,4.0,Hold,10.0,Hold,3.0,Hold,9.0,Hold,9.0,Hold,4.0,Hold,4.0,Buy,10.0
8/11/2024,592.64,0.71398136825,Hold,10.0,Hold,10.0,Hold,4.0,Hold,10.0,Hold,3.0,Hold,9.0,Buy,9.0,Hold,4.0,Hold,4.0,Hold,10.0
11/11/2024,593.21,0.609716116,Hold,10.0,Hold,10.0,Hold,4.0,Hold,10.0,Hold,3.0,Hold,9.0,Hold,9.0,Hold,4.0,Hold,4.0,Hold,10.0
12/11/2024,591.37,0.9976985,Hold,10.0,Hold,10.0,Hold,4.0,Hold,10.0,Hold,3.0,Hold,9.0,Hold,9.0,Buy,4.0,Hold,4.0,Hold,10.0
13/11/2024,591.65,0.52388009,Hold,10.0,Hold,10.0,Hold,4.0,Hold,10.0,Hold,3.0,Hold,9.0,Hold,9.0,Hold,4.0,Hold,4.0,Hold,10.0
14/11/2024,587.85,0.9997958559090908,Hold,10.0,Hold,10.0,Hold,4.0,Hold,10.0,Hold,3.0,Hold,9.0,Hold,9.0,Hold,4.0,Hold,4.0,Hold,10.0
15/11/2024,580.32,0.7756523675,Hold,10.0,Hold,10.0,Hold,4.0,Hold,10.0,Hold,3.0,Hold,9.0,Hold,9.0,Hold,4.0,Hold,4.0,Hold,10.0
18/11/2024,582.7,0.9934705425,Sell,10.0,Sell,10.0,Hold,4.0,Sell,10.0,Hold,3.0,Hold,9.0,Sell,9.0,Hold,4.0,Hold,4.0,Hold,10.0
19/11/2024,584.83,0.9813096333333332,Hold,10.0,Hold,10.0,Hold,4.0,Buy,10.0,Hold,3.0,Hold,9.0,Buy,9.0,Hold,4.0,Hold,4.0,Hold,10.0
20/11/2024,585.02,0.5320744175,Buy,10.0,Buy,10.0,Hold,4.0,Hold,10.0,Sell,3.0,Hold,9.0,Hold,9.0,Hold,4.0,Sell,4.0,Hold,10.0
21/11/2024,588.17,0.9662796266666668,Hold,10.0,Hold,10.0,Hold,4.0,Hold,10.0,Sell,3.0,Hold,9.0,Hold,9.0,Hold,4.0,Sell,4.0,Hold,10.0
22/11/2024,589.99,0.963988256875,Hold,10.0,Hold,10.0,Hold,4.0,Hold,10.0,Sell,3.0,Hold,9.0,Hold,9.0,Hold,4.0,Sell,4.0,Hold,10.0
25/11/2024,591.99,0.0303879825,Hold,10.0,Hold,10.0,Hold,4.0,Hold,10.0,Hold,3.0,Hold,9.0,Hold,9.0,Hold,4.0,Sell,4.0,Hold,10.0
26/11/2024,595.08,0.9853682060714288,Hold,10.0,Hold,10.0,Hold,4.0,Hold,10.0,Hold,3.0,Hold,9.0,Hold,9.0,Hold,4.0,Hold,4.0,Hold,10.0
27/11/2024,593.28,0.4988648328571429,Hold,10.0,Hold,10.0,Hold,4.0,Hold,10.0,Hold,3.0,Hold,9.0,Hold,9.0,Hold,4.0,Hold,4.0,Hold,10.0
29/11/2024,596.96,0.83310057177875,Hold,10.0,Hold,10.0,Hold,4.0,Hold,10.0,Hold,3.0,Hold,9.0,Hold,9.0,Hold,4.0,Hold,4.0,Hold,10.0
2/12/2024,598.03,0.4995104085714286,Hold,10.0,Hold,10.0,Hold,4.0,Hold,10.0,Hold,3.0,Hold,9.0,Hold,9.0,Hold,4.0,Hold,4.0,Hold,10.0
3/12/2024,598.31,0.534817498175,Hold,10.0,Hold,10.0,Hold,4.0,Hold,10.0,Hold,3.0,Hold,9.0,Hold,9.0,Hold,4.0,Hold,4.0,Hold,10.0
4/12/2024,602.03,0.7851036966666667,Hold,10.0,Hold,10.0,Hold,4.0,Hold,10.0,Hold,3.0,Hold,9.0,Hold,9.0,Hold,4.0,Hold,4.0,Hold,10.0
5/12/2024,601.03,0.755908306,Hold,10.0,Hold,10.0,Hold,4.0,Hold,10.0,Hold,3.0,Hold,9.0,Hold,9.0,Hold,4.0,Hold,4.0,Hold,10.0
6/12/2024,602.17,0.7789975358797694,Hold,10.0,Hold,10.0,Hold,4.0,Hold,10.0,Hold,3.0,Hold,9.0,Hold,9.0,Hold,4.0,Sell,4.0,Hold,10.0
9/12/2024,599.07,0.41803265875,Hold,10.0,Hold,10.0,Hold,4.0,Hold,10.0,Sell,3.0,Hold,9.0,Hold,9.0,Hold,4.0,Sell,4.0,Hold,10.0
10/12/2024,597.21,0.6667051233333333,Sell,10.0,Hold,10.0,Hold,4.0,Sell,10.0,Sell,3.0,Hold,9.0,Hold,9.0,Hold,4.0,Sell,4.0,Hold,10.0
11/12/2024,601.83,0.8955504196363637,Hold,10.0,Hold,10.0,Hold,4.0,Hold,10.0,Sell,3.0,Hold,9.0,Hold,9.0,Hold,4.0,Sell,4.0,Hold,10.0
12/12/2024,598.73,0.7880486428114,Hold,10.0,Hold,10.0,Hold,4.0,Hold,10.0,Hold,3.0,Hold,9.0,Hold,9.0,Hold,4.0,Hold,4.0,Hold,10.0
13/12/2024,598.61,0.7695869437499999,Hold,10.0,Hold,10.0,Hold,4.0,Hold,10.0,Hold,3.0,Hold,9.0,Hold,9.0,Hold,4.0,Hold,4.0,Hold,10.0
16/12/2024,601.16,0.2521016266116215,Hold,10.0,Hold,10.0,Hold,4.0,Hold,10.0,Hold,3.0,Hold,9.0,Hold,9.0,Hold,4.0,Hold,4.0,Hold,10.0
17/12/2024,598.69,0.7005482244425332,Hold,10.0,Hold,10.0,Hold,4.0,Hold,10.0,Hold,3.0,Hold,9.0,Hold,9.0,Hold,4.0,Hold,4.0,Hold,10.0
18/12/2024,580.84,0.4995467395935898,Hold,10.0,Sell,10.0,Hold,4.0,Hold,10.0,Hold,3.0,Hold,9.0,Sell,9.0,Hold,4.0,Hold,4.0,Hold,10.0
19/12/2024,580.67,0.74986655625,Hold,10.0,Hold,10.0,Sell,4.0,Hold,10.0,Hold,3.0,Sell,9.0,Hold,9.0,Sell,4.0,Hold,4.0,Hold,10.0
20/12/2024,587.64,0.9725138533333336,Hold,10.0,Hold,10.0,Hold,4.0,Hold,10.0,Hold,3.0,Hold,9.0,Hold,9.0,Hold,4.0,Hold,4.0,Hold,10.0
23/12/2024,591.16,0.9545436736363634,Hold,10.0,Hold,10.0,Sell,4.0,Hold,10.0,Hold,3.0,Sell,9.0,Hold,9.0,Sell,4.0,Hold,4.0,Hold,10.0
24/12/2024,597.73,0.9961110142857142,Hold,10.0,Hold,10.0,Hold,4.0,Hold,10.0,Hold,3.0,Hold,9.0,Hold,9.0,Hold,4.0,Hold,4.0,Hold,10.0
26/12/2024,597.77,0.9446850250000002,Hold,10.0,Hold,10.0,Buy,4.0,Hold,10.0,Hold,3.0,Buy,9.0,Hold,9.0,Hold,4.0,Hold,4.0,Hold,10.0
27/12/2024,591.48,0.6527932983797501,Hold,10.0,Hold,10.0,Hold,4.0,Hold,10.0,Hold,3.0,Hold,9.0,Hold,9.0,Hold,4.0,Hold,4.0,Hold,10.0
30/12/2024,584.73,0.8075081337255,Hold,10.0,Hold,10.0,Hold,4.0,Hold,10.0,Hold,3.0,Hold,9.0,Hold,9.0,Hold,4.0,Hold,4.0,Hold,10.0
