Date,Close,Weighted Sentiment Score,Combi 1: Crossover (Price & EMA 20) + SMA Crossover (12 & 20),Combi 1 Days,Combi 2: Crossover (Price & EMA 12) + SMA Crossover (12 & 20),Combi 2 Days,Combi 3: Crossover (Price & EMA 20) + EMA Crossover (12 &20),Combi 3 Days,Combi 4: Overbought/ Overbought + SMA Crossover (8 & 12),Combi 4 Days,Combi 5: Crossover (Price & EMA 20) + Crossover (Price & EMA 50),Combi 5 Days,Combi 6: Crossover (Price & EMA 12) + EMA Crossover (12 &20),Combi 6 Days,Combi 7: Crossover (Price & EMA 12) + Crossover (Price & EMA 20),Combi 7 Days,Combi 8: Crossover (Price & EMA 12) + SMA Crossover (8 & 12),Combi 8 Days,Combi 9: Crossover (Price & EMA 20) + SMA Crossover (8 & 12),Combi 9 Days,Combi 10: Crossover (Price & EMA 12) +Crossover (Price & EMA 50),Combi 10 Days
2/1/2020,28.68400002,0.593815804792155,Hold,9.0,Hold,10.0,Hold,10.0,Hold,10.0,Hold,10.0,Hold,10.0,Hold,10.0,Hold,10.0,Hold,10.0,Hold,10.0
3/1/2020,29.5340004,0.4772886781206297,Hold,9.0,Hold,10.0,Hold,10.0,Hold,10.0,Hold,10.0,Hold,10.0,Hold,10.0,Hold,10.0,Hold,10.0,Hold,10.0
6/1/2020,30.10266685,0.5632015297544619,Hold,9.0,Hold,10.0,Hold,10.0,Hold,10.0,Hold,10.0,Hold,10.0,Hold,10.0,Hold,10.0,Hold,10.0,Hold,10.0
7/1/2020,31.27066612,0.6163085669870078,Hold,9.0,Hold,10.0,Hold,10.0,Hold,10.0,Hold,10.0,Hold,10.0,Hold,10.0,Hold,10.0,Hold,10.0,Hold,10.0
8/1/2020,32.8093338,0.785675444191748,Hold,9.0,Hold,10.0,Hold,10.0,Hold,10.0,Hold,10.0,Hold,10.0,Hold,10.0,Hold,10.0,Hold,10.0,Hold,10.0
9/1/2020,32.08933258,0.5378420782480298,Hold,9.0,Hold,10.0,Hold,10.0,Hold,10.0,Hold,10.0,Hold,10.0,Hold,10.0,Hold,10.0,Hold,10.0,Hold,10.0
10/1/2020,31.87666702,0.6174087946404312,Hold,9.0,Hold,10.0,Hold,10.0,Hold,10.0,Hold,10.0,Hold,10.0,Hold,10.0,Hold,10.0,Hold,10.0,Hold,10.0
13/1/2020,34.99066544,0.6354535794639556,Hold,9.0,Hold,10.0,Hold,10.0,Hold,10.0,Hold,10.0,Hold,10.0,Hold,10.0,Hold,10.0,Hold,10.0,Hold,10.0
14/1/2020,35.86133194,0.7595522955881464,Hold,9.0,Hold,10.0,Hold,10.0,Hold,10.0,Hold,10.0,Hold,10.0,Hold,10.0,Hold,10.0,Hold,10.0,Hold,10.0
15/1/2020,34.56666565,0.8187499179217055,Hold,9.0,Hold,10.0,Hold,10.0,Hold,10.0,Hold,10.0,Hold,10.0,Hold,10.0,Hold,10.0,Hold,10.0,Hold,10.0
16/1/2020,34.23266602,0.5984164660066565,Hold,9.0,Hold,10.0,Hold,10.0,Hold,10.0,Hold,10.0,Hold,10.0,Hold,10.0,Hold,10.0,Hold,10.0,Hold,10.0
17/1/2020,34.03333282,0.5999626766650854,Hold,9.0,Hold,10.0,Hold,10.0,Hold,10.0,Hold,10.0,Hold,10.0,Hold,10.0,Hold,10.0,Hold,10.0,Hold,10.0
21/1/2020,36.47999954,0.731323847688067,Hold,9.0,Hold,10.0,Hold,10.0,Hold,10.0,Hold,10.0,Hold,10.0,Hold,10.0,Hold,10.0,Hold,10.0,Hold,10.0
22/1/2020,37.97066879,0.6738277068034696,Hold,9.0,Hold,10.0,Hold,10.0,Hold,10.0,Hold,10.0,Hold,10.0,Hold,10.0,Hold,10.0,Hold,10.0,Hold,10.0
23/1/2020,38.14666748,0.7206979370973275,Hold,9.0,Hold,10.0,Hold,10.0,Hold,10.0,Hold,10.0,Hold,10.0,Hold,10.0,Hold,10.0,Hold,10.0,Hold,10.0
24/1/2020,37.6546669,0.655525608785569,Hold,9.0,Hold,10.0,Hold,10.0,Hold,10.0,Hold,10.0,Hold,10.0,Hold,10.0,Hold,10.0,Hold,10.0,Hold,10.0
27/1/2020,37.20133209,0.6931153891265788,Hold,9.0,Hold,10.0,Hold,10.0,Hold,10.0,Hold,10.0,Hold,10.0,Hold,10.0,Hold,10.0,Hold,10.0,Hold,10.0
28/1/2020,37.79333115,0.7179897879043484,Hold,9.0,Hold,10.0,Hold,10.0,Hold,10.0,Hold,10.0,Hold,10.0,Hold,10.0,Hold,10.0,Hold,10.0,Hold,10.0
29/1/2020,38.73266602,0.6706676130945705,Hold,9.0,Hold,10.0,Hold,10.0,Hold,10.0,Hold,10.0,Hold,10.0,Hold,10.0,Hold,10.0,Hold,10.0,Hold,10.0
30/1/2020,42.72066879,0.605610630462973,Hold,9.0,Hold,10.0,Hold,10.0,Hold,10.0,Hold,10.0,Hold,10.0,Hold,10.0,Hold,10.0,Hold,10.0,Hold,10.0
31/1/2020,43.37133408,0.712709698034559,Hold,9.0,Hold,10.0,Hold,10.0,Hold,10.0,Hold,10.0,Hold,10.0,Hold,10.0,Hold,10.0,Hold,10.0,Hold,10.0
3/2/2020,52.0,0.7654794362795106,Hold,9.0,Hold,10.0,Hold,10.0,Hold,10.0,Hold,10.0,Hold,10.0,Hold,10.0,Hold,10.0,Hold,10.0,Hold,10.0
4/2/2020,59.13733292,0.7566393673880321,Hold,9.0,Hold,10.0,Hold,10.0,Hold,10.0,Hold,10.0,Hold,10.0,Hold,10.0,Hold,10.0,Hold,10.0,Hold,10.0
5/2/2020,48.97999954,0.7741633798595867,Hold,9.0,Hold,10.0,Hold,10.0,Hold,10.0,Hold,10.0,Hold,10.0,Hold,10.0,Hold,10.0,Hold,10.0,Hold,10.0
6/2/2020,49.93066788,0.6970938492239886,Hold,9.0,Hold,10.0,Hold,10.0,Hold,10.0,Hold,10.0,Hold,10.0,Hold,10.0,Hold,10.0,Hold,10.0,Hold,10.0
7/2/2020,49.87133408,0.6898196057240515,Hold,9.0,Hold,10.0,Hold,10.0,Hold,10.0,Hold,10.0,Hold,10.0,Hold,10.0,Hold,10.0,Hold,10.0,Hold,10.0
10/2/2020,51.41866684,0.8017016170097974,Hold,9.0,Hold,10.0,Hold,10.0,Hold,10.0,Hold,10.0,Hold,10.0,Hold,10.0,Hold,10.0,Hold,10.0,Hold,10.0
11/2/2020,51.62533188,0.6827296442623247,Hold,9.0,Hold,10.0,Hold,10.0,Hold,10.0,Hold,10.0,Hold,10.0,Hold,10.0,Hold,10.0,Hold,10.0,Hold,10.0
12/2/2020,51.152668,0.4841343615408268,Hold,9.0,Hold,10.0,Hold,10.0,Hold,10.0,Hold,10.0,Hold,10.0,Hold,10.0,Hold,10.0,Hold,10.0,Hold,10.0
13/2/2020,53.59999847,0.6803071071649323,Hold,9.0,Hold,10.0,Hold,10.0,Hold,10.0,Hold,10.0,Hold,10.0,Hold,10.0,Hold,10.0,Hold,10.0,Hold,10.0
14/2/2020,53.33533478,0.7264408112415001,Hold,9.0,Hold,10.0,Hold,10.0,Hold,10.0,Hold,10.0,Hold,10.0,Hold,10.0,Hold,10.0,Hold,10.0,Hold,10.0
18/2/2020,57.2266655,0.623887865150877,Hold,9.0,Hold,10.0,Hold,10.0,Hold,10.0,Hold,10.0,Hold,10.0,Hold,10.0,Hold,10.0,Hold,10.0,Hold,10.0
19/2/2020,61.16133118,0.7194571507575819,Hold,9.0,Hold,10.0,Hold,10.0,Hold,10.0,Hold,10.0,Hold,10.0,Hold,10.0,Hold,10.0,Hold,10.0,Hold,10.0
20/2/2020,59.96066666,0.8280459926806948,Hold,9.0,Hold,10.0,Hold,10.0,Hold,10.0,Hold,10.0,Hold,10.0,Hold,10.0,Hold,10.0,Hold,10.0,Hold,10.0
21/2/2020,60.06666565,0.7380472557758817,Hold,9.0,Hold,10.0,Hold,10.0,Sell,10.0,Hold,10.0,Hold,10.0,Hold,10.0,Hold,10.0,Hold,10.0,Hold,10.0
24/2/2020,55.58599854,0.720447884896137,Hold,9.0,Hold,10.0,Hold,10.0,Hold,10.0,Hold,10.0,Hold,10.0,Hold,10.0,Hold,10.0,Hold,10.0,Hold,10.0
25/2/2020,53.32733154,0.5438856110132063,Hold,9.0,Hold,10.0,Hold,10.0,Hold,10.0,Hold,10.0,Hold,10.0,Hold,10.0,Hold,10.0,Hold,10.0,Hold,10.0
26/2/2020,51.91999817,0.7713103420462993,Hold,9.0,Hold,10.0,Hold,10.0,Hold,10.0,Hold,10.0,Hold,10.0,Sell,10.0,Sell,10.0,Hold,10.0,Hold,10.0
27/2/2020,45.26666641,0.7118092858503333,Hold,9.0,Hold,10.0,Hold,10.0,Hold,10.0,Hold,10.0,Hold,10.0,Hold,10.0,Hold,10.0,Hold,10.0,Hold,10.0
28/2/2020,44.53266525,0.6750623978861346,Sell,9.0,Hold,10.0,Sell,10.0,Hold,10.0,Sell,10.0,Hold,10.0,Hold,10.0,Hold,10.0,Sell,10.0,Hold,10.0
2/3/2020,49.57466888,0.4305136373113659,Hold,9.0,Hold,10.0,Hold,10.0,Hold,10.0,Hold,10.0,Hold,10.0,Hold,10.0,Hold,10.0,Hold,10.0,Hold,10.0
3/3/2020,49.70066833,0.5365572977549298,Hold,9.0,Hold,10.0,Hold,10.0,Hold,10.0,Hold,10.0,Hold,10.0,Hold,10.0,Hold,10.0,Hold,10.0,Hold,10.0
4/3/2020,49.96666718,0.4666651777760948,Hold,9.0,Hold,10.0,Hold,10.0,Hold,10.0,Hold,10.0,Hold,10.0,Hold,10.0,Hold,10.0,Hold,10.0,Hold,10.0
5/3/2020,48.30266571,0.4478249703872607,Hold,9.0,Hold,10.0,Hold,10.0,Hold,10.0,Hold,10.0,Hold,10.0,Hold,10.0,Hold,10.0,Hold,10.0,Hold,10.0
6/3/2020,46.89866638,0.575361524782493,Hold,9.0,Hold,10.0,Hold,10.0,Hold,10.0,Hold,10.0,Hold,10.0,Hold,10.0,Hold,10.0,Hold,10.0,Hold,10.0
9/3/2020,40.53333282,0.5189628743228297,Hold,9.0,Hold,10.0,Hold,10.0,Hold,10.0,Hold,10.0,Hold,10.0,Hold,10.0,Hold,10.0,Hold,10.0,Hold,10.0
10/3/2020,43.02199936,0.6116009967369599,Hold,9.0,Hold,10.0,Hold,10.0,Hold,10.0,Hold,10.0,Hold,10.0,Hold,10.0,Hold,10.0,Hold,10.0,Hold,10.0
11/3/2020,42.2820015,0.6402107632949235,Hold,9.0,Hold,10.0,Hold,10.0,Hold,10.0,Hold,10.0,Hold,10.0,Hold,10.0,Hold,10.0,Hold,10.0,Hold,10.0
12/3/2020,37.36999893,0.5573552224179847,Hold,9.0,Hold,10.0,Hold,10.0,Hold,10.0,Hold,10.0,Hold,10.0,Hold,10.0,Hold,10.0,Hold,10.0,Hold,10.0
13/3/2020,36.44133377,0.7189606087313738,Hold,9.0,Hold,10.0,Hold,10.0,Hold,10.0,Hold,10.0,Hold,10.0,Hold,10.0,Hold,10.0,Hold,10.0,Hold,10.0
16/3/2020,29.67133331,0.8336007413492763,Hold,9.0,Hold,10.0,Hold,10.0,Hold,10.0,Hold,10.0,Hold,10.0,Hold,10.0,Hold,10.0,Hold,10.0,Hold,10.0
17/3/2020,28.68000031,0.727224658118316,Hold,9.0,Hold,10.0,Hold,10.0,Hold,10.0,Hold,10.0,Hold,10.0,Hold,10.0,Hold,10.0,Hold,10.0,Hold,10.0
18/3/2020,24.08133316,0.6701871334287985,Hold,9.0,Hold,10.0,Hold,10.0,Hold,10.0,Hold,10.0,Hold,10.0,Hold,10.0,Hold,10.0,Hold,10.0,Hold,10.0
19/3/2020,28.50933266,0.580453967772607,Hold,9.0,Hold,10.0,Hold,10.0,Hold,10.0,Hold,10.0,Hold,10.0,Hold,10.0,Hold,10.0,Hold,10.0,Hold,10.0
20/3/2020,28.50200081,0.7542549633159602,Hold,9.0,Hold,10.0,Hold,10.0,Buy,10.0,Hold,10.0,Hold,10.0,Hold,10.0,Hold,10.0,Hold,10.0,Hold,10.0
23/3/2020,28.95266724,0.87780948974725,Hold,9.0,Hold,10.0,Hold,10.0,Buy,10.0,Hold,10.0,Hold,10.0,Hold,10.0,Hold,10.0,Hold,10.0,Hold,10.0
24/3/2020,33.66666794,0.7648993668656285,Hold,9.0,Hold,10.0,Hold,10.0,Buy,10.0,Hold,10.0,Hold,10.0,Hold,10.0,Hold,10.0,Hold,10.0,Hold,10.0
25/3/2020,35.95000076,0.6600122905126591,Hold,9.0,Hold,10.0,Hold,10.0,Hold,10.0,Hold,10.0,Hold,10.0,Hold,10.0,Hold,10.0,Hold,10.0,Hold,10.0
26/3/2020,35.21066666,0.656895247038874,Hold,9.0,Hold,10.0,Hold,10.0,Hold,10.0,Hold,10.0,Hold,10.0,Hold,10.0,Buy,10.0,Hold,10.0,Hold,10.0
27/3/2020,34.29066849,0.7024245988023953,Hold,9.0,Hold,10.0,Hold,10.0,Hold,10.0,Hold,10.0,Hold,10.0,Hold,10.0,Hold,10.0,Hold,10.0,Hold,10.0
30/3/2020,33.47533417,0.5883072833808745,Hold,9.0,Hold,10.0,Hold,10.0,Hold,10.0,Hold,10.0,Hold,10.0,Hold,10.0,Hold,10.0,Hold,10.0,Hold,10.0
31/3/2020,34.93333435,0.5943536818200977,Hold,9.0,Hold,10.0,Hold,10.0,Hold,10.0,Hold,10.0,Hold,10.0,Hold,10.0,Buy,10.0,Buy,10.0,Hold,10.0
1/4/2020,32.10400009,0.4990080915861072,Hold,9.0,Buy,10.0,Hold,10.0,Hold,10.0,Hold,10.0,Hold,10.0,Buy,10.0,Hold,10.0,Hold,10.0,Buy,10.0
2/4/2020,30.29800034,0.550367331148941,Hold,9.0,Hold,10.0,Hold,10.0,Hold,10.0,Hold,10.0,Hold,10.0,Hold,10.0,Sell,10.0,Hold,10.0,Hold,10.0
3/4/2020,32.00066757,0.6947497179601998,Hold,9.0,Hold,10.0,Hold,10.0,Hold,10.0,Hold,10.0,Hold,10.0,Hold,10.0,Hold,10.0,Hold,10.0,Hold,10.0
6/4/2020,34.41600037,0.676622346646336,Hold,9.0,Hold,10.0,Hold,10.0,Hold,10.0,Hold,10.0,Hold,10.0,Hold,10.0,Hold,10.0,Hold,10.0,Hold,10.0
7/4/2020,36.36333466,0.4549267829147045,Hold,9.0,Buy,10.0,Hold,10.0,Sell,10.0,Hold,10.0,Buy,10.0,Buy,10.0,Buy,10.0,Hold,10.0,Buy,10.0
8/4/2020,36.58933258,0.6283200322718766,Buy,9.0,Hold,10.0,Buy,10.0,Hold,10.0,Buy,10.0,Hold,10.0,Hold,10.0,Hold,10.0,Buy,10.0,Hold,10.0
9/4/2020,38.20000076,0.8470803368238029,Hold,9.0,Hold,10.0,Hold,10.0,Sell,10.0,Hold,10.0,Hold,10.0,Hold,10.0,Hold,10.0,Hold,10.0,Hold,10.0
13/4/2020,43.39666748,0.4927344251894063,Hold,9.0,Hold,10.0,Hold,10.0,Hold,10.0,Hold,10.0,Hold,10.0,Hold,10.0,Hold,10.0,Hold,10.0,Hold,10.0
14/4/2020,47.32600021,0.6922339766097585,Hold,9.0,Hold,10.0,Hold,10.0,Hold,10.0,Hold,10.0,Hold,10.0,Hold,10.0,Hold,10.0,Hold,10.0,Hold,10.0
15/4/2020,48.65533447,0.7161246766349997,Hold,9.0,Hold,10.0,Hold,10.0,Hold,10.0,Hold,10.0,Hold,10.0,Hold,10.0,Hold,10.0,Hold,10.0,Hold,10.0
16/4/2020,49.68066788,0.7397015484192706,Hold,9.0,Hold,10.0,Hold,10.0,Hold,10.0,Hold,10.0,Hold,10.0,Hold,10.0,Hold,10.0,Hold,10.0,Hold,10.0
17/4/2020,50.25933456,0.6900676779356317,Hold,9.0,Hold,10.0,Hold,10.0,Hold,10.0,Hold,10.0,Hold,10.0,Hold,10.0,Hold,10.0,Hold,10.0,Hold,10.0
20/4/2020,49.75733185,0.9138328878910184,Hold,9.0,Hold,10.0,Hold,10.0,Hold,10.0,Hold,10.0,Hold,10.0,Hold,10.0,Hold,10.0,Hold,10.0,Hold,10.0
21/4/2020,45.78133392,0.7158217629900295,Hold,9.0,Hold,10.0,Hold,10.0,Hold,10.0,Hold,10.0,Hold,10.0,Hold,10.0,Hold,10.0,Hold,10.0,Hold,10.0
22/4/2020,48.8073349,0.5642408196042011,Hold,9.0,Hold,10.0,Hold,10.0,Hold,10.0,Hold,10.0,Hold,10.0,Hold,10.0,Hold,10.0,Hold,10.0,Hold,10.0
23/4/2020,47.04199982,0.8529437691712376,Hold,9.0,Hold,10.0,Hold,10.0,Hold,10.0,Hold,10.0,Hold,10.0,Hold,10.0,Hold,10.0,Hold,10.0,Hold,10.0
24/4/2020,48.3433342,0.7892527211133733,Hold,9.0,Hold,10.0,Hold,10.0,Hold,10.0,Hold,10.0,Hold,10.0,Hold,10.0,Hold,10.0,Hold,10.0,Hold,10.0
27/4/2020,53.25,0.6935483586840487,Hold,9.0,Hold,10.0,Hold,10.0,Hold,10.0,Hold,10.0,Hold,10.0,Hold,10.0,Hold,10.0,Hold,10.0,Hold,10.0
28/4/2020,51.27466583,0.7771423834486839,Hold,9.0,Hold,10.0,Hold,10.0,Hold,10.0,Hold,10.0,Hold,10.0,Hold,10.0,Hold,10.0,Hold,10.0,Hold,10.0
29/4/2020,53.36733246,0.563289154041558,Hold,9.0,Hold,10.0,Hold,10.0,Hold,10.0,Hold,10.0,Hold,10.0,Hold,10.0,Hold,10.0,Hold,10.0,Hold,10.0
30/4/2020,52.12533188,0.6149061011565732,Hold,9.0,Hold,10.0,Hold,10.0,Hold,10.0,Hold,10.0,Hold,10.0,Hold,10.0,Hold,10.0,Hold,10.0,Hold,10.0
1/5/2020,46.75466537,0.4480004927651344,Hold,9.0,Hold,10.0,Hold,10.0,Hold,10.0,Hold,10.0,Hold,10.0,Hold,10.0,Hold,10.0,Hold,10.0,Hold,10.0
4/5/2020,50.74599838,0.7739494560237992,Hold,9.0,Hold,10.0,Hold,10.0,Hold,10.0,Hold,10.0,Hold,10.0,Hold,10.0,Sell,10.0,Hold,10.0,Hold,10.0
5/5/2020,51.2140007,0.7408970020695463,Hold,9.0,Hold,10.0,Hold,10.0,Hold,10.0,Hold,10.0,Hold,10.0,Hold,10.0,Buy,10.0,Hold,10.0,Hold,10.0
6/5/2020,52.17200089,0.8480587341693852,Hold,9.0,Hold,10.0,Hold,10.0,Hold,10.0,Hold,10.0,Hold,10.0,Hold,10.0,Hold,10.0,Hold,10.0,Hold,10.0
7/5/2020,52.00266647,0.7465365053050913,Hold,9.0,Hold,10.0,Hold,10.0,Hold,10.0,Hold,10.0,Hold,10.0,Hold,10.0,Hold,10.0,Hold,10.0,Hold,10.0
8/5/2020,54.62799835,0.6200325155654623,Hold,9.0,Hold,10.0,Hold,10.0,Hold,10.0,Hold,10.0,Hold,10.0,Hold,10.0,Hold,10.0,Hold,10.0,Hold,10.0
11/5/2020,54.08599854,0.6369298586041525,Hold,9.0,Hold,10.0,Hold,10.0,Hold,10.0,Hold,10.0,Hold,10.0,Hold,10.0,Hold,10.0,Hold,10.0,Hold,10.0
12/5/2020,53.96066666,0.6764543499139811,Hold,9.0,Hold,10.0,Hold,10.0,Hold,10.0,Hold,10.0,Hold,10.0,Hold,10.0,Hold,10.0,Hold,10.0,Hold,10.0
13/5/2020,52.73066711,0.707317701702828,Hold,9.0,Hold,10.0,Hold,10.0,Sell,10.0,Hold,10.0,Hold,10.0,Hold,10.0,Hold,10.0,Hold,10.0,Hold,10.0
14/5/2020,53.55533218,0.7938411676756291,Hold,9.0,Hold,10.0,Hold,10.0,Hold,10.0,Hold,10.0,Hold,10.0,Hold,10.0,Hold,10.0,Hold,10.0,Hold,10.0
15/5/2020,53.27799988,0.7952930521907999,Hold,9.0,Hold,10.0,Hold,10.0,Hold,10.0,Hold,10.0,Hold,10.0,Hold,10.0,Hold,10.0,Hold,10.0,Hold,10.0
18/5/2020,54.24200058,0.7675918503361707,Hold,9.0,Hold,10.0,Hold,10.0,Hold,10.0,Hold,10.0,Hold,10.0,Hold,10.0,Hold,10.0,Hold,10.0,Hold,10.0
19/5/2020,53.86733246,0.6497034139974236,Hold,9.0,Hold,10.0,Hold,10.0,Hold,10.0,Hold,10.0,Hold,10.0,Hold,10.0,Hold,10.0,Hold,10.0,Hold,10.0
20/5/2020,54.3706665,0.7307598880044004,Hold,9.0,Hold,10.0,Hold,10.0,Hold,10.0,Hold,10.0,Hold,10.0,Hold,10.0,Hold,10.0,Hold,10.0,Hold,10.0
21/5/2020,55.17333221,0.5180152013379052,Hold,9.0,Hold,10.0,Hold,10.0,Hold,10.0,Hold,10.0,Hold,10.0,Hold,10.0,Hold,10.0,Hold,10.0,Hold,10.0
22/5/2020,54.45866776,0.7772381113049767,Hold,9.0,Hold,10.0,Hold,10.0,Hold,10.0,Hold,10.0,Hold,10.0,Hold,10.0,Hold,10.0,Hold,10.0,Hold,10.0
26/5/2020,54.59133148,0.8367223580324454,Hold,9.0,Hold,10.0,Hold,10.0,Hold,10.0,Hold,10.0,Hold,10.0,Hold,10.0,Hold,10.0,Hold,10.0,Hold,10.0
27/5/2020,54.68199921,0.58362567710243,Hold,9.0,Hold,10.0,Hold,10.0,Hold,10.0,Hold,10.0,Hold,10.0,Hold,10.0,Hold,10.0,Hold,10.0,Hold,10.0
28/5/2020,53.72066879,0.8721692031424298,Hold,9.0,Hold,10.0,Hold,10.0,Hold,10.0,Hold,10.0,Hold,10.0,Hold,10.0,Hold,10.0,Hold,10.0,Hold,10.0
29/5/2020,55.66666794,0.7794829068250027,Hold,9.0,Hold,10.0,Hold,10.0,Hold,10.0,Hold,10.0,Hold,10.0,Hold,10.0,Hold,10.0,Hold,10.0,Hold,10.0
1/6/2020,59.87333298,0.6973068167991198,Hold,9.0,Hold,10.0,Hold,10.0,Hold,10.0,Hold,10.0,Hold,10.0,Hold,10.0,Hold,10.0,Hold,10.0,Hold,10.0
2/6/2020,58.77066803,0.8867127676018547,Hold,9.0,Hold,10.0,Hold,10.0,Hold,10.0,Hold,10.0,Hold,10.0,Hold,10.0,Hold,10.0,Hold,10.0,Hold,10.0
3/6/2020,58.86399841,0.7422178181553845,Hold,9.0,Hold,10.0,Hold,10.0,Hold,10.0,Hold,10.0,Hold,10.0,Hold,10.0,Hold,10.0,Hold,10.0,Hold,10.0
4/6/2020,57.62533188,0.6200868298707263,Hold,9.0,Hold,10.0,Hold,10.0,Hold,10.0,Hold,10.0,Hold,10.0,Hold,10.0,Hold,10.0,Hold,10.0,Hold,10.0
5/6/2020,59.04399872,0.662899720855573,Hold,9.0,Hold,10.0,Hold,10.0,Hold,10.0,Hold,10.0,Hold,10.0,Hold,10.0,Hold,10.0,Hold,10.0,Hold,10.0
8/6/2020,63.32799911,0.7455506840212838,Hold,9.0,Hold,10.0,Hold,10.0,Hold,10.0,Hold,10.0,Hold,10.0,Hold,10.0,Hold,10.0,Hold,10.0,Hold,10.0
9/6/2020,62.71133423,0.7746556225741796,Hold,9.0,Hold,10.0,Hold,10.0,Hold,10.0,Hold,10.0,Hold,10.0,Hold,10.0,Hold,10.0,Hold,10.0,Hold,10.0
10/6/2020,68.33666992,0.7674267112468168,Hold,9.0,Hold,10.0,Hold,10.0,Hold,10.0,Hold,10.0,Hold,10.0,Hold,10.0,Hold,10.0,Hold,10.0,Hold,10.0
11/6/2020,64.85600281,0.7952285225055565,Hold,9.0,Hold,10.0,Hold,10.0,Hold,10.0,Hold,10.0,Hold,10.0,Hold,10.0,Hold,10.0,Hold,10.0,Hold,10.0
12/6/2020,62.35200119,0.5242316712911557,Hold,9.0,Hold,10.0,Hold,10.0,Hold,10.0,Hold,10.0,Hold,10.0,Hold,10.0,Hold,10.0,Hold,10.0,Hold,10.0
15/6/2020,66.05999756,0.8253977694470549,Hold,9.0,Hold,10.0,Hold,10.0,Hold,10.0,Hold,10.0,Hold,10.0,Hold,10.0,Hold,10.0,Hold,10.0,Hold,10.0
16/6/2020,65.47533417,0.6432408790720939,Hold,9.0,Hold,10.0,Hold,10.0,Hold,10.0,Hold,10.0,Hold,10.0,Hold,10.0,Hold,10.0,Hold,10.0,Hold,10.0
17/6/2020,66.11933136,0.6501397454739458,Hold,9.0,Hold,10.0,Hold,10.0,Hold,10.0,Hold,10.0,Hold,10.0,Hold,10.0,Hold,10.0,Hold,10.0,Hold,10.0
18/6/2020,66.93066406,0.5740016514355717,Hold,9.0,Hold,10.0,Hold,10.0,Hold,10.0,Hold,10.0,Hold,10.0,Hold,10.0,Hold,10.0,Hold,10.0,Hold,10.0
19/6/2020,66.72666931,0.7326620174516968,Hold,9.0,Hold,10.0,Hold,10.0,Hold,10.0,Hold,10.0,Hold,10.0,Hold,10.0,Hold,10.0,Hold,10.0,Hold,10.0
22/6/2020,66.28800201,0.8314522342767366,Hold,9.0,Hold,10.0,Hold,10.0,Hold,10.0,Hold,10.0,Hold,10.0,Hold,10.0,Hold,10.0,Hold,10.0,Hold,10.0
23/6/2020,66.78533173,0.7434814520691955,Hold,9.0,Hold,10.0,Hold,10.0,Hold,10.0,Hold,10.0,Hold,10.0,Hold,10.0,Hold,10.0,Hold,10.0,Hold,10.0
24/6/2020,64.05666351,0.5772346011382835,Hold,9.0,Hold,10.0,Hold,10.0,Hold,10.0,Hold,10.0,Hold,10.0,Hold,10.0,Hold,10.0,Hold,10.0,Hold,10.0
25/6/2020,65.73200226,0.6999438481579037,Hold,9.0,Hold,10.0,Hold,10.0,Hold,10.0,Hold,10.0,Hold,10.0,Hold,10.0,Hold,10.0,Hold,10.0,Hold,10.0
26/6/2020,63.98266602,0.6772821658774519,Hold,9.0,Hold,10.0,Hold,10.0,Hold,10.0,Hold,10.0,Hold,10.0,Hold,10.0,Hold,10.0,Hold,10.0,Hold,10.0
29/6/2020,67.29000092,0.8169761965693861,Hold,9.0,Hold,10.0,Hold,10.0,Hold,10.0,Hold,10.0,Hold,10.0,Hold,10.0,Hold,10.0,Hold,10.0,Hold,10.0
30/6/2020,71.98733521,0.6481112299317002,Hold,9.0,Hold,10.0,Hold,10.0,Hold,10.0,Hold,10.0,Hold,10.0,Hold,10.0,Hold,10.0,Hold,10.0,Hold,10.0
1/7/2020,74.64199829,0.6711532126450048,Hold,9.0,Hold,10.0,Hold,10.0,Hold,10.0,Hold,10.0,Hold,10.0,Hold,10.0,Hold,10.0,Hold,10.0,Hold,10.0
2/7/2020,80.57733154,0.6724754191735871,Hold,9.0,Hold,10.0,Hold,10.0,Hold,10.0,Hold,10.0,Hold,10.0,Hold,10.0,Hold,10.0,Hold,10.0,Hold,10.0
6/7/2020,91.4386673,0.7475439492172437,Hold,9.0,Hold,10.0,Hold,10.0,Hold,10.0,Hold,10.0,Hold,10.0,Hold,10.0,Hold,10.0,Hold,10.0,Hold,10.0
7/7/2020,92.65733337,0.8007328147372412,Hold,9.0,Hold,10.0,Hold,10.0,Hold,10.0,Hold,10.0,Hold,10.0,Hold,10.0,Hold,10.0,Hold,10.0,Hold,10.0
8/7/2020,91.05867004,0.8217849724529808,Hold,9.0,Hold,10.0,Hold,10.0,Hold,10.0,Hold,10.0,Hold,10.0,Hold,10.0,Hold,10.0,Hold,10.0,Hold,10.0
9/7/2020,92.95200348,0.843050715629018,Hold,9.0,Hold,10.0,Hold,10.0,Hold,10.0,Hold,10.0,Hold,10.0,Hold,10.0,Hold,10.0,Hold,10.0,Hold,10.0
10/7/2020,102.9766693,0.8080195975219736,Hold,9.0,Hold,10.0,Hold,10.0,Hold,10.0,Hold,10.0,Hold,10.0,Hold,10.0,Hold,10.0,Hold,10.0,Hold,10.0
13/7/2020,99.80400085,0.7773990848750477,Hold,9.0,Hold,10.0,Hold,10.0,Hold,10.0,Hold,10.0,Hold,10.0,Hold,10.0,Hold,10.0,Hold,10.0,Hold,10.0
14/7/2020,101.1200027,0.8173288630218852,Hold,9.0,Hold,10.0,Hold,10.0,Hold,10.0,Hold,10.0,Hold,10.0,Hold,10.0,Hold,10.0,Hold,10.0,Hold,10.0
15/7/2020,103.0673294,0.7631793937719975,Hold,9.0,Hold,10.0,Hold,10.0,Hold,10.0,Hold,10.0,Hold,10.0,Hold,10.0,Hold,10.0,Hold,10.0,Hold,10.0
16/7/2020,100.0426636,0.7473097894697736,Hold,9.0,Hold,10.0,Hold,10.0,Hold,10.0,Hold,10.0,Hold,10.0,Hold,10.0,Hold,10.0,Hold,10.0,Hold,10.0
17/7/2020,100.0559998,0.7612693398722682,Hold,9.0,Hold,10.0,Hold,10.0,Hold,10.0,Hold,10.0,Hold,10.0,Hold,10.0,Hold,10.0,Hold,10.0,Hold,10.0
20/7/2020,109.5333328,0.7792915077411392,Hold,9.0,Hold,10.0,Hold,10.0,Hold,10.0,Hold,10.0,Hold,10.0,Hold,10.0,Hold,10.0,Hold,10.0,Hold,10.0
21/7/2020,104.5573349,0.8103349050552211,Hold,9.0,Hold,10.0,Hold,10.0,Hold,10.0,Hold,10.0,Hold,10.0,Hold,10.0,Hold,10.0,Hold,10.0,Hold,10.0
22/7/2020,106.1553345,0.7298597404142859,Hold,9.0,Hold,10.0,Hold,10.0,Sell,10.0,Hold,10.0,Hold,10.0,Hold,10.0,Hold,10.0,Hold,10.0,Hold,10.0
23/7/2020,100.8713303,0.672138716967745,Hold,9.0,Hold,10.0,Hold,10.0,Hold,10.0,Hold,10.0,Hold,10.0,Hold,10.0,Hold,10.0,Hold,10.0,Hold,10.0
24/7/2020,94.46666718,0.7785748879624406,Hold,9.0,Hold,10.0,Hold,10.0,Hold,10.0,Hold,10.0,Hold,10.0,Hold,10.0,Hold,10.0,Hold,10.0,Hold,10.0
27/7/2020,102.6399994,0.6274043527404634,Hold,9.0,Hold,10.0,Hold,10.0,Hold,10.0,Hold,10.0,Hold,10.0,Hold,10.0,Sell,10.0,Hold,10.0,Hold,10.0
28/7/2020,98.43267059,0.7362647909640228,Hold,9.0,Hold,10.0,Hold,10.0,Hold,10.0,Hold,10.0,Hold,10.0,Hold,10.0,Hold,10.0,Hold,10.0,Hold,10.0
29/7/2020,99.9406662,0.7950278781835953,Hold,9.0,Sell,10.0,Hold,10.0,Hold,10.0,Hold,10.0,Hold,10.0,Hold,10.0,Sell,10.0,Hold,10.0,Hold,10.0
30/7/2020,99.16600037,0.7394535349217771,Hold,9.0,Hold,10.0,Hold,10.0,Hold,10.0,Hold,10.0,Hold,10.0,Hold,10.0,Hold,10.0,Hold,10.0,Hold,10.0
31/7/2020,95.38400269,0.7666462716807859,Hold,9.0,Hold,10.0,Hold,10.0,Hold,10.0,Hold,10.0,Hold,10.0,Hold,10.0,Sell,10.0,Sell,10.0,Hold,10.0
3/8/2020,99.0,0.6102386565398865,Hold,9.0,Sell,10.0,Hold,10.0,Hold,10.0,Hold,10.0,Hold,10.0,Sell,10.0,Hold,10.0,Hold,10.0,Hold,10.0
4/8/2020,99.1333313,0.7154501810267686,Hold,9.0,Hold,10.0,Hold,10.0,Hold,10.0,Hold,10.0,Hold,10.0,Buy,10.0,Hold,10.0,Hold,10.0,Hold,10.0
5/8/2020,99.00133514,0.638675701524528,Hold,9.0,Hold,10.0,Hold,10.0,Hold,10.0,Hold,10.0,Hold,10.0,Hold,10.0,Hold,10.0,Hold,10.0,Hold,10.0
6/8/2020,99.305336,0.8071678262048035,Sell,9.0,Sell,10.0,Hold,10.0,Hold,10.0,Hold,10.0,Hold,10.0,Hold,10.0,Hold,10.0,Hold,10.0,Hold,10.0
7/8/2020,96.84733582,0.8350979334967686,Hold,9.0,Hold,10.0,Hold,10.0,Hold,10.0,Hold,10.0,Hold,10.0,Hold,10.0,Hold,10.0,Hold,10.0,Hold,10.0
10/8/2020,94.57133484,0.9312540721857142,Hold,9.0,Hold,10.0,Hold,10.0,Hold,10.0,Hold,10.0,Hold,10.0,Sell,10.0,Hold,10.0,Hold,10.0,Hold,10.0
11/8/2020,91.62599945,0.9150053129881008,Hold,9.0,Hold,10.0,Hold,10.0,Hold,10.0,Hold,10.0,Hold,10.0,Hold,10.0,Hold,10.0,Hold,10.0,Hold,10.0
12/8/2020,103.6506653,0.823427060553096,Hold,9.0,Hold,10.0,Hold,10.0,Hold,10.0,Hold,10.0,Hold,10.0,Hold,10.0,Hold,10.0,Hold,10.0,Hold,10.0
13/8/2020,108.0666656,0.7990491144753932,Buy,9.0,Buy,10.0,Hold,10.0,Hold,10.0,Hold,10.0,Hold,10.0,Buy,10.0,Buy,10.0,Buy,10.0,Hold,10.0
14/8/2020,110.0473328,0.7307053328303831,Hold,9.0,Hold,10.0,Hold,10.0,Hold,10.0,Hold,10.0,Hold,10.0,Hold,10.0,Hold,10.0,Hold,10.0,Hold,10.0
17/8/2020,122.3759995,0.7123564740976978,Hold,9.0,Hold,10.0,Hold,10.0,Hold,10.0,Hold,10.0,Hold,10.0,Hold,10.0,Hold,10.0,Hold,10.0,Hold,10.0
18/8/2020,125.8059998,0.7962815061886651,Hold,9.0,Hold,10.0,Hold,10.0,Hold,10.0,Hold,10.0,Hold,10.0,Hold,10.0,Hold,10.0,Hold,10.0,Hold,10.0
19/8/2020,125.2353363,0.7196822455059614,Hold,9.0,Hold,10.0,Hold,10.0,Hold,10.0,Hold,10.0,Hold,10.0,Hold,10.0,Hold,10.0,Hold,10.0,Hold,10.0
20/8/2020,133.4553375,0.7873735990279642,Hold,9.0,Hold,10.0,Hold,10.0,Hold,10.0,Hold,10.0,Hold,10.0,Hold,10.0,Hold,10.0,Hold,10.0,Hold,10.0
21/8/2020,136.665329,0.8276727142686174,Hold,9.0,Hold,10.0,Hold,10.0,Hold,10.0,Hold,10.0,Hold,10.0,Hold,10.0,Hold,10.0,Hold,10.0,Hold,10.0
24/8/2020,134.2799988,0.8565483568873749,Hold,9.0,Hold,10.0,Hold,10.0,Hold,10.0,Hold,10.0,Hold,10.0,Hold,10.0,Hold,10.0,Hold,10.0,Hold,10.0
25/8/2020,134.889328,0.74643323933167,Hold,9.0,Hold,10.0,Hold,10.0,Hold,10.0,Hold,10.0,Hold,10.0,Hold,10.0,Hold,10.0,Hold,10.0,Hold,10.0
26/8/2020,143.5446625,0.7604538412771804,Hold,9.0,Hold,10.0,Hold,10.0,Hold,10.0,Hold,10.0,Hold,10.0,Hold,10.0,Hold,10.0,Hold,10.0,Hold,10.0
27/8/2020,149.25,0.8357222843677831,Hold,9.0,Hold,10.0,Hold,10.0,Hold,10.0,Hold,10.0,Hold,10.0,Hold,10.0,Hold,10.0,Hold,10.0,Hold,10.0
28/8/2020,147.5599976,0.7785144839022705,Hold,9.0,Hold,10.0,Hold,10.0,Hold,10.0,Hold,10.0,Hold,10.0,Hold,10.0,Hold,10.0,Hold,10.0,Hold,10.0
31/8/2020,166.1066742,0.8047915977485193,Hold,9.0,Hold,10.0,Hold,10.0,Hold,10.0,Hold,10.0,Hold,10.0,Hold,10.0,Hold,10.0,Hold,10.0,Hold,10.0
1/9/2020,158.3500061,0.7863691248485727,Hold,9.0,Hold,10.0,Hold,10.0,Sell,10.0,Hold,10.0,Hold,10.0,Hold,10.0,Hold,10.0,Hold,10.0,Hold,10.0
2/9/2020,149.1233368,0.7959468331520421,Hold,9.0,Hold,10.0,Hold,10.0,Sell,10.0,Hold,10.0,Hold,10.0,Hold,10.0,Hold,10.0,Hold,10.0,Hold,10.0
3/9/2020,135.6666718,0.8260419378020455,Hold,9.0,Hold,10.0,Hold,10.0,Hold,10.0,Hold,10.0,Hold,10.0,Hold,10.0,Hold,10.0,Hold,10.0,Hold,10.0
4/9/2020,139.4400024,0.7837990473643601,Hold,9.0,Hold,10.0,Hold,10.0,Hold,10.0,Hold,10.0,Hold,10.0,Sell,10.0,Sell,10.0,Hold,10.0,Sell,10.0
8/9/2020,110.0699997,0.6614322355174566,Hold,9.0,Hold,10.0,Hold,10.0,Hold,10.0,Hold,10.0,Hold,10.0,Hold,10.0,Hold,10.0,Hold,10.0,Hold,10.0
9/9/2020,122.0933304,0.596025279360569,Sell,9.0,Hold,10.0,Hold,10.0,Hold,10.0,Sell,10.0,Hold,10.0,Hold,10.0,Hold,10.0,Sell,10.0,Hold,10.0
10/9/2020,123.7799988,0.6904093167751565,Hold,9.0,Hold,10.0,Hold,10.0,Hold,10.0,Buy,10.0,Hold,10.0,Hold,10.0,Hold,10.0,Hold,10.0,Buy,10.0
11/9/2020,124.2399979,0.810375938269579,Hold,9.0,Hold,10.0,Hold,10.0,Hold,10.0,Hold,10.0,Hold,10.0,Hold,10.0,Hold,10.0,Hold,10.0,Hold,10.0
14/9/2020,139.8733368,0.8265215173960901,Hold,9.0,Hold,10.0,Hold,10.0,Hold,10.0,Hold,10.0,Hold,10.0,Hold,10.0,Hold,10.0,Hold,10.0,Hold,10.0
15/9/2020,149.9199982,0.8267322344508695,Hold,9.0,Hold,10.0,Hold,10.0,Hold,10.0,Hold,10.0,Hold,10.0,Buy,10.0,Buy,10.0,Buy,10.0,Hold,10.0
16/9/2020,147.2533264,0.8253847088506612,Hold,9.0,Hold,10.0,Hold,10.0,Hold,10.0,Hold,10.0,Hold,10.0,Hold,10.0,Hold,10.0,Hold,10.0,Hold,10.0
17/9/2020,141.1433258,0.7550736036162277,Hold,9.0,Hold,10.0,Hold,10.0,Hold,10.0,Hold,10.0,Hold,10.0,Hold,10.0,Hold,10.0,Hold,10.0,Hold,10.0
18/9/2020,147.3833313,0.6568112989510535,Sell,9.0,Sell,10.0,Hold,10.0,Hold,10.0,Hold,10.0,Hold,10.0,Hold,10.0,Hold,10.0,Hold,10.0,Hold,10.0
21/9/2020,149.7966614,0.7223689285202074,Hold,9.0,Hold,10.0,Hold,10.0,Hold,10.0,Hold,10.0,Hold,10.0,Hold,10.0,Buy,10.0,Buy,10.0,Hold,10.0
22/9/2020,141.4100037,0.7732638019109965,Hold,9.0,Hold,10.0,Hold,10.0,Hold,10.0,Hold,10.0,Hold,10.0,Hold,10.0,Hold,10.0,Hold,10.0,Hold,10.0
23/9/2020,126.7866669,0.5849491819068656,Hold,9.0,Hold,10.0,Hold,10.0,Hold,10.0,Hold,10.0,Hold,10.0,Hold,10.0,Hold,10.0,Hold,10.0,Hold,10.0
24/9/2020,129.2633362,0.7275700105179809,Hold,9.0,Hold,10.0,Hold,10.0,Hold,10.0,Hold,10.0,Hold,10.0,Sell,10.0,Sell,10.0,Sell,10.0,Hold,10.0
25/9/2020,135.7799988,0.6267209390455151,Hold,9.0,Hold,10.0,Hold,10.0,Hold,10.0,Hold,10.0,Hold,10.0,Hold,10.0,Hold,10.0,Hold,10.0,Hold,10.0
28/9/2020,140.3999939,0.7267011482583232,Buy,9.0,Hold,10.0,Hold,10.0,Hold,10.0,Hold,10.0,Hold,10.0,Buy,10.0,Hold,10.0,Buy,10.0,Hold,10.0
29/9/2020,139.6900024,0.7423836753636562,Buy,9.0,Buy,10.0,Hold,10.0,Hold,10.0,Hold,10.0,Hold,10.0,Buy,10.0,Hold,10.0,Sell,10.0,Hold,10.0
30/9/2020,143.0033264,0.8244048749681682,Hold,9.0,Hold,10.0,Hold,10.0,Hold,10.0,Hold,10.0,Hold,10.0,Hold,10.0,Hold,10.0,Hold,10.0,Hold,10.0
1/10/2020,149.386673,0.6233953546956106,Hold,9.0,Hold,10.0,Hold,10.0,Hold,10.0,Hold,10.0,Hold,10.0,Hold,10.0,Hold,10.0,Hold,10.0,Hold,10.0
2/10/2020,138.363327,0.6102961032585755,Hold,9.0,Hold,10.0,Hold,10.0,Hold,10.0,Hold,10.0,Hold,10.0,Hold,10.0,Hold,10.0,Hold,10.0,Hold,10.0
5/10/2020,141.8933258,0.6614993087900432,Hold,9.0,Sell,10.0,Hold,10.0,Hold,10.0,Hold,10.0,Hold,10.0,Sell,10.0,Sell,10.0,Hold,10.0,Hold,10.0
6/10/2020,137.9933319,0.6967195731263256,Hold,9.0,Buy,10.0,Hold,10.0,Hold,10.0,Hold,10.0,Hold,10.0,Buy,10.0,Buy,10.0,Hold,10.0,Hold,10.0
7/10/2020,141.7666626,0.7946121732842801,Sell,9.0,Sell,10.0,Hold,10.0,Hold,10.0,Hold,10.0,Hold,10.0,Sell,10.0,Hold,10.0,Hold,10.0,Hold,10.0
8/10/2020,141.9733276,0.6797236153049128,Hold,9.0,Hold,10.0,Hold,10.0,Hold,10.0,Hold,10.0,Hold,10.0,Buy,10.0,Buy,10.0,Buy,10.0,Hold,10.0
9/10/2020,144.6666718,0.724265033274696,Hold,9.0,Hold,10.0,Hold,10.0,Hold,10.0,Hold,10.0,Hold,10.0,Hold,10.0,Hold,10.0,Hold,10.0,Hold,10.0
12/10/2020,147.4333344,0.6378977850027759,Hold,9.0,Hold,10.0,Hold,10.0,Hold,10.0,Hold,10.0,Hold,10.0,Hold,10.0,Hold,10.0,Hold,10.0,Hold,10.0
13/10/2020,148.8833313,0.7276087461489219,Hold,9.0,Hold,10.0,Hold,10.0,Sell,10.0,Hold,10.0,Hold,10.0,Hold,10.0,Hold,10.0,Hold,10.0,Hold,10.0
14/10/2020,153.7666626,0.672761102406502,Hold,9.0,Hold,10.0,Hold,10.0,Sell,10.0,Hold,10.0,Hold,10.0,Hold,10.0,Sell,10.0,Sell,10.0,Hold,10.0
15/10/2020,149.6266632,0.6427978443309237,Hold,9.0,Hold,10.0,Hold,10.0,Hold,10.0,Hold,10.0,Hold,10.0,Hold,10.0,Hold,10.0,Hold,10.0,Hold,10.0
16/10/2020,146.5566711,0.8629099990309732,Hold,9.0,Hold,10.0,Hold,10.0,Hold,10.0,Hold,10.0,Hold,10.0,Hold,10.0,Hold,10.0,Hold,10.0,Hold,10.0
19/10/2020,143.6100006,0.7593178018603959,Hold,9.0,Hold,10.0,Hold,10.0,Hold,10.0,Hold,10.0,Hold,10.0,Hold,10.0,Hold,10.0,Hold,10.0,Hold,10.0
20/10/2020,140.6466675,0.7004344870483868,Hold,9.0,Hold,10.0,Hold,10.0,Hold,10.0,Hold,10.0,Sell,10.0,Sell,10.0,Sell,10.0,Hold,10.0,Hold,10.0
21/10/2020,140.8800049,0.6477718847016312,Sell,9.0,Hold,10.0,Sell,10.0,Hold,10.0,Hold,10.0,Hold,10.0,Hold,10.0,Hold,10.0,Sell,10.0,Hold,10.0
22/10/2020,141.9299927,0.5653451764080469,Hold,9.0,Hold,10.0,Hold,10.0,Hold,10.0,Hold,10.0,Hold,10.0,Hold,10.0,Hold,10.0,Hold,10.0,Hold,10.0
23/10/2020,140.2100067,0.7053469114329114,Hold,9.0,Hold,10.0,Hold,10.0,Hold,10.0,Hold,10.0,Hold,10.0,Hold,10.0,Hold,10.0,Hold,10.0,Hold,10.0
26/10/2020,140.093338,0.7943538766313327,Hold,9.0,Hold,10.0,Hold,10.0,Hold,10.0,Hold,10.0,Hold,10.0,Hold,10.0,Hold,10.0,Hold,10.0,Hold,10.0
27/10/2020,141.5599976,0.7287914555185515,Hold,9.0,Hold,10.0,Hold,10.0,Hold,10.0,Hold,10.0,Hold,10.0,Hold,10.0,Hold,10.0,Hold,10.0,Hold,10.0
28/10/2020,135.3399963,0.777533550687429,Hold,9.0,Hold,10.0,Hold,10.0,Hold,10.0,Hold,10.0,Hold,10.0,Hold,10.0,Hold,10.0,Hold,10.0,Hold,10.0
29/10/2020,136.9433289,0.6744046892685079,Hold,9.0,Hold,10.0,Hold,10.0,Hold,10.0,Hold,10.0,Hold,10.0,Hold,10.0,Hold,10.0,Hold,10.0,Hold,10.0
30/10/2020,129.3466644,0.6262543753284272,Sell,9.0,Sell,10.0,Hold,10.0,Hold,10.0,Hold,10.0,Hold,10.0,Hold,10.0,Hold,10.0,Hold,10.0,Hold,10.0
2/11/2020,133.5033264,0.7703182111646073,Hold,9.0,Hold,10.0,Hold,10.0,Hold,10.0,Sell,10.0,Hold,10.0,Hold,10.0,Hold,10.0,Hold,10.0,Sell,10.0
3/11/2020,141.3000031,0.660423776598487,Hold,9.0,Hold,10.0,Hold,10.0,Hold,10.0,Hold,10.0,Hold,10.0,Hold,10.0,Hold,10.0,Hold,10.0,Hold,10.0
4/11/2020,140.3266602,0.7672926558656291,Hold,9.0,Hold,10.0,Hold,10.0,Hold,10.0,Buy,10.0,Hold,10.0,Buy,10.0,Buy,10.0,Buy,10.0,Buy,10.0
5/11/2020,146.0299988,0.5235664510894636,Hold,9.0,Hold,10.0,Hold,10.0,Hold,10.0,Hold,10.0,Hold,10.0,Hold,10.0,Hold,10.0,Hold,10.0,Hold,10.0
6/11/2020,143.3166656,0.8210361447035407,Hold,9.0,Hold,10.0,Hold,10.0,Hold,10.0,Hold,10.0,Hold,10.0,Hold,10.0,Hold,10.0,Hold,10.0,Hold,10.0
9/11/2020,140.4199982,0.8060513010263779,Hold,9.0,Hold,10.0,Hold,10.0,Hold,10.0,Hold,10.0,Hold,10.0,Hold,10.0,Hold,10.0,Hold,10.0,Hold,10.0
10/11/2020,136.7866669,0.6422937617865355,Hold,9.0,Hold,10.0,Hold,10.0,Hold,10.0,Sell,10.0,Hold,10.0,Sell,10.0,Sell,10.0,Sell,10.0,Sell,10.0
11/11/2020,139.043335,0.7675614698341288,Hold,9.0,Hold,10.0,Hold,10.0,Hold,10.0,Hold,10.0,Hold,10.0,Hold,10.0,Buy,10.0,Buy,10.0,Hold,10.0
12/11/2020,137.2533264,0.7399913155027531,Hold,9.0,Hold,10.0,Hold,10.0,Hold,10.0,Hold,10.0,Hold,10.0,Hold,10.0,Hold,10.0,Hold,10.0,Hold,10.0
13/11/2020,136.1666718,0.6415265565989444,Hold,9.0,Hold,10.0,Hold,10.0,Hold,10.0,Hold,10.0,Hold,10.0,Hold,10.0,Hold,10.0,Hold,10.0,Hold,10.0
16/11/2020,136.0299988,0.7811499699496275,Hold,9.0,Hold,10.0,Hold,10.0,Hold,10.0,Hold,10.0,Hold,10.0,Hold,10.0,Hold,10.0,Hold,10.0,Hold,10.0
17/11/2020,147.2033386,0.832163860374755,Hold,9.0,Hold,10.0,Hold,10.0,Hold,10.0,Hold,10.0,Hold,10.0,Hold,10.0,Hold,10.0,Hold,10.0,Hold,10.0
18/11/2020,162.2133331,0.7790869045096176,Buy,9.0,Buy,10.0,Buy,10.0,Sell,10.0,Buy,10.0,Buy,10.0,Buy,10.0,Hold,10.0,Hold,10.0,Buy,10.0
19/11/2020,166.4233398,0.7864045454302107,Hold,9.0,Hold,10.0,Hold,10.0,Hold,10.0,Hold,10.0,Hold,10.0,Hold,10.0,Hold,10.0,Hold,10.0,Hold,10.0
20/11/2020,163.2033386,0.6576485564789617,Hold,9.0,Hold,10.0,Hold,10.0,Hold,10.0,Hold,10.0,Hold,10.0,Hold,10.0,Hold,10.0,Hold,10.0,Hold,10.0
23/11/2020,173.9499969,0.7243569727482034,Hold,9.0,Hold,10.0,Hold,10.0,Hold,10.0,Hold,10.0,Hold,10.0,Hold,10.0,Hold,10.0,Hold,10.0,Hold,10.0
24/11/2020,185.1266632,0.7917618411353863,Hold,9.0,Hold,10.0,Hold,10.0,Hold,10.0,Hold,10.0,Hold,10.0,Hold,10.0,Hold,10.0,Hold,10.0,Hold,10.0
25/11/2020,191.3333282,0.7462664892120736,Hold,9.0,Hold,10.0,Hold,10.0,Hold,10.0,Hold,10.0,Hold,10.0,Hold,10.0,Hold,10.0,Hold,10.0,Hold,10.0
27/11/2020,195.2533264,0.7700061788718651,Hold,9.0,Hold,10.0,Hold,10.0,Hold,10.0,Hold,10.0,Hold,10.0,Hold,10.0,Hold,10.0,Hold,10.0,Hold,10.0
30/11/2020,189.1999969,0.7552476916699278,Hold,9.0,Hold,10.0,Hold,10.0,Hold,10.0,Hold,10.0,Hold,10.0,Hold,10.0,Hold,10.0,Hold,10.0,Hold,10.0
1/12/2020,194.9199982,0.7879988500130953,Hold,9.0,Hold,10.0,Hold,10.0,Hold,10.0,Hold,10.0,Hold,10.0,Hold,10.0,Hold,10.0,Hold,10.0,Hold,10.0
2/12/2020,189.6066742,0.690523778486328,Hold,9.0,Hold,10.0,Hold,10.0,Hold,10.0,Hold,10.0,Hold,10.0,Hold,10.0,Hold,10.0,Hold,10.0,Hold,10.0
3/12/2020,197.793335,0.7309500273046021,Hold,9.0,Hold,10.0,Hold,10.0,Hold,10.0,Hold,10.0,Hold,10.0,Hold,10.0,Hold,10.0,Hold,10.0,Hold,10.0
4/12/2020,199.6799927,0.8428809038049739,Hold,9.0,Hold,10.0,Hold,10.0,Hold,10.0,Hold,10.0,Hold,10.0,Hold,10.0,Hold,10.0,Hold,10.0,Hold,10.0
7/12/2020,213.9199982,0.840713778904624,Hold,9.0,Hold,10.0,Hold,10.0,Hold,10.0,Hold,10.0,Hold,10.0,Hold,10.0,Hold,10.0,Hold,10.0,Hold,10.0
8/12/2020,216.6266632,0.7255443829030691,Hold,9.0,Hold,10.0,Hold,10.0,Hold,10.0,Hold,10.0,Hold,10.0,Hold,10.0,Hold,10.0,Hold,10.0,Hold,10.0
9/12/2020,201.4933319,0.74439453470358,Hold,9.0,Hold,10.0,Hold,10.0,Hold,10.0,Hold,10.0,Hold,10.0,Hold,10.0,Hold,10.0,Hold,10.0,Hold,10.0
10/12/2020,209.0233307,0.7375901287277993,Hold,9.0,Hold,10.0,Hold,10.0,Hold,10.0,Hold,10.0,Hold,10.0,Hold,10.0,Hold,10.0,Hold,10.0,Hold,10.0
11/12/2020,203.3300018,0.6976642841955332,Hold,9.0,Hold,10.0,Hold,10.0,Hold,10.0,Hold,10.0,Hold,10.0,Hold,10.0,Hold,10.0,Hold,10.0,Hold,10.0
14/12/2020,213.2766724,0.7301950666944224,Hold,9.0,Hold,10.0,Hold,10.0,Hold,10.0,Hold,10.0,Hold,10.0,Hold,10.0,Hold,10.0,Hold,10.0,Hold,10.0
15/12/2020,211.0833282,0.859613651998696,Hold,9.0,Hold,10.0,Hold,10.0,Hold,10.0,Hold,10.0,Hold,10.0,Hold,10.0,Hold,10.0,Hold,10.0,Hold,10.0
16/12/2020,207.5899963,0.783056583847396,Hold,9.0,Hold,10.0,Hold,10.0,Hold,10.0,Hold,10.0,Hold,10.0,Hold,10.0,Hold,10.0,Hold,10.0,Hold,10.0
17/12/2020,218.6333313,0.7889690075875062,Hold,9.0,Hold,10.0,Hold,10.0,Hold,10.0,Hold,10.0,Hold,10.0,Hold,10.0,Hold,10.0,Hold,10.0,Hold,10.0
18/12/2020,231.6666718,0.7630285629417733,Hold,9.0,Hold,10.0,Hold,10.0,Hold,10.0,Hold,10.0,Hold,10.0,Hold,10.0,Hold,10.0,Hold,10.0,Hold,10.0
21/12/2020,216.6199951,0.7395456955979007,Hold,9.0,Hold,10.0,Hold,10.0,Hold,10.0,Hold,10.0,Hold,10.0,Hold,10.0,Hold,10.0,Hold,10.0,Hold,10.0
22/12/2020,213.4466705,0.7427777000984118,Hold,9.0,Hold,10.0,Hold,10.0,Hold,10.0,Hold,10.0,Hold,10.0,Hold,10.0,Hold,10.0,Hold,10.0,Hold,10.0
23/12/2020,215.3266602,0.7359075644432422,Hold,9.0,Hold,10.0,Hold,10.0,Hold,10.0,Hold,10.0,Hold,10.0,Hold,10.0,Hold,10.0,Hold,10.0,Hold,10.0
24/12/2020,220.5899963,0.7206340148928269,Hold,9.0,Hold,10.0,Hold,10.0,Hold,10.0,Hold,10.0,Hold,10.0,Hold,10.0,Hold,10.0,Hold,10.0,Hold,10.0
28/12/2020,221.2299957,0.8416366676615166,Hold,9.0,Hold,10.0,Hold,10.0,Hold,10.0,Hold,10.0,Hold,10.0,Hold,10.0,Hold,10.0,Hold,10.0,Hold,10.0
29/12/2020,221.9966736,0.7527630793282145,Hold,9.0,Hold,10.0,Hold,10.0,Hold,10.0,Hold,10.0,Hold,10.0,Hold,10.0,Hold,10.0,Hold,10.0,Hold,10.0
30/12/2020,231.593338,0.7294363254458499,Hold,9.0,Hold,10.0,Hold,10.0,Hold,10.0,Hold,10.0,Hold,10.0,Hold,10.0,Hold,10.0,Hold,10.0,Hold,10.0
31/12/2020,235.2233276,0.6886390197965779,Hold,9.0,Hold,10.0,Hold,10.0,Hold,10.0,Hold,10.0,Hold,10.0,Hold,10.0,Hold,10.0,Hold,10.0,Hold,10.0
4/1/2021,243.2566681,0.6884650223969722,Hold,9.0,Hold,10.0,Hold,10.0,Hold,10.0,Hold,10.0,Hold,10.0,Hold,10.0,Hold,10.0,Hold,10.0,Hold,10.0
5/1/2021,245.0366669,0.6306964734257383,Hold,9.0,Hold,10.0,Hold,10.0,Hold,10.0,Hold,10.0,Hold,10.0,Hold,10.0,Hold,10.0,Hold,10.0,Hold,10.0
6/1/2021,251.9933319,0.7681631931412097,Hold,9.0,Hold,10.0,Hold,10.0,Hold,10.0,Hold,10.0,Hold,10.0,Hold,10.0,Hold,10.0,Hold,10.0,Hold,10.0
7/1/2021,272.0133362,0.8242808660103689,Hold,9.0,Hold,10.0,Hold,10.0,Hold,10.0,Hold,10.0,Hold,10.0,Hold,10.0,Hold,10.0,Hold,10.0,Hold,10.0
8/1/2021,293.3399963,0.7759398683825658,Hold,9.0,Hold,10.0,Hold,10.0,Hold,10.0,Hold,10.0,Hold,10.0,Hold,10.0,Hold,10.0,Hold,10.0,Hold,10.0
11/1/2021,270.3966675,0.6956090482599037,Hold,9.0,Hold,10.0,Hold,10.0,Hold,10.0,Hold,10.0,Hold,10.0,Hold,10.0,Hold,10.0,Hold,10.0,Hold,10.0
12/1/2021,283.1466675,0.7890246346682831,Hold,9.0,Hold,10.0,Hold,10.0,Hold,10.0,Hold,10.0,Hold,10.0,Hold,10.0,Hold,10.0,Hold,10.0,Hold,10.0
13/1/2021,284.8033447,0.8159135247743526,Hold,9.0,Hold,10.0,Hold,10.0,Hold,10.0,Hold,10.0,Hold,10.0,Hold,10.0,Hold,10.0,Hold,10.0,Hold,10.0
14/1/2021,281.6666565,0.8240546175698876,Hold,9.0,Hold,10.0,Hold,10.0,Hold,10.0,Hold,10.0,Hold,10.0,Hold,10.0,Hold,10.0,Hold,10.0,Hold,10.0
15/1/2021,275.3866577,0.7717425002584309,Hold,9.0,Hold,10.0,Hold,10.0,Hold,10.0,Hold,10.0,Hold,10.0,Hold,10.0,Hold,10.0,Hold,10.0,Hold,10.0
19/1/2021,281.5166626,0.8237799207311503,Hold,9.0,Hold,10.0,Hold,10.0,Hold,10.0,Hold,10.0,Hold,10.0,Hold,10.0,Hold,10.0,Hold,10.0,Hold,10.0
20/1/2021,283.4833374,0.7279464077239345,Hold,9.0,Hold,10.0,Hold,10.0,Hold,10.0,Hold,10.0,Hold,10.0,Hold,10.0,Hold,10.0,Hold,10.0,Hold,10.0
21/1/2021,281.6633301,0.7125935889678031,Hold,9.0,Hold,10.0,Hold,10.0,Hold,10.0,Hold,10.0,Hold,10.0,Hold,10.0,Hold,10.0,Hold,10.0,Hold,10.0
22/1/2021,282.2133179,0.6995839712669113,Hold,9.0,Hold,10.0,Hold,10.0,Hold,10.0,Hold,10.0,Hold,10.0,Hold,10.0,Hold,10.0,Hold,10.0,Hold,10.0
25/1/2021,293.6000061,0.8594345068596347,Hold,9.0,Hold,10.0,Hold,10.0,Hold,10.0,Hold,10.0,Hold,10.0,Hold,10.0,Hold,10.0,Hold,10.0,Hold,10.0
26/1/2021,294.3633423,0.7425048128754221,Hold,9.0,Hold,10.0,Hold,10.0,Hold,10.0,Hold,10.0,Hold,10.0,Hold,10.0,Hold,10.0,Hold,10.0,Hold,10.0
27/1/2021,288.0533447,0.7038057108424036,Hold,9.0,Hold,10.0,Hold,10.0,Hold,10.0,Hold,10.0,Hold,10.0,Hold,10.0,Hold,10.0,Hold,10.0,Hold,10.0
28/1/2021,278.4766541,0.7754407287778933,Hold,9.0,Hold,10.0,Hold,10.0,Hold,10.0,Hold,10.0,Hold,10.0,Hold,10.0,Hold,10.0,Hold,10.0,Hold,10.0
29/1/2021,264.5100098,0.7910973404916811,Hold,9.0,Hold,10.0,Hold,10.0,Hold,10.0,Hold,10.0,Hold,10.0,Sell,10.0,Sell,10.0,Hold,10.0,Hold,10.0
1/2/2021,279.936676,0.7504833742258735,Hold,9.0,Hold,10.0,Hold,10.0,Hold,10.0,Hold,10.0,Hold,10.0,Hold,10.0,Hold,10.0,Sell,10.0,Hold,10.0
2/2/2021,290.9299927,0.7956339937804707,Hold,9.0,Hold,10.0,Hold,10.0,Hold,10.0,Hold,10.0,Hold,10.0,Buy,10.0,Buy,10.0,Buy,10.0,Hold,10.0
3/2/2021,284.8966675,0.7734280810715002,Hold,9.0,Hold,10.0,Hold,10.0,Hold,10.0,Hold,10.0,Hold,10.0,Hold,10.0,Hold,10.0,Hold,10.0,Hold,10.0
4/2/2021,283.3299866,0.7717703143301503,Hold,9.0,Hold,10.0,Hold,10.0,Hold,10.0,Hold,10.0,Hold,10.0,Hold,10.0,Hold,10.0,Hold,10.0,Hold,10.0
5/2/2021,284.0766602,0.8728978792951778,Hold,9.0,Hold,10.0,Hold,10.0,Hold,10.0,Hold,10.0,Hold,10.0,Hold,10.0,Sell,10.0,Sell,10.0,Hold,10.0
8/2/2021,287.8066711,0.7850137990790886,Hold,9.0,Hold,10.0,Hold,10.0,Hold,10.0,Hold,10.0,Hold,10.0,Hold,10.0,Hold,10.0,Hold,10.0,Hold,10.0
9/2/2021,283.1533203,0.794433820019346,Hold,9.0,Hold,10.0,Hold,10.0,Hold,10.0,Hold,10.0,Hold,10.0,Hold,10.0,Hold,10.0,Hold,10.0,Hold,10.0
10/2/2021,268.2733459,0.860486483175259,Hold,9.0,Hold,10.0,Hold,10.0,Hold,10.0,Hold,10.0,Hold,10.0,Hold,10.0,Hold,10.0,Hold,10.0,Hold,10.0
11/2/2021,270.5533447,0.7965257325037932,Sell,9.0,Sell,10.0,Sell,10.0,Buy,10.0,Sell,10.0,Sell,10.0,Sell,10.0,Hold,10.0,Hold,10.0,Sell,10.0
12/2/2021,272.0400085,0.7609545975321751,Hold,9.0,Hold,10.0,Hold,10.0,Hold,10.0,Hold,10.0,Hold,10.0,Hold,10.0,Hold,10.0,Hold,10.0,Hold,10.0
16/2/2021,265.4066772,0.8813626615613166,Hold,9.0,Hold,10.0,Hold,10.0,Hold,10.0,Hold,10.0,Hold,10.0,Hold,10.0,Hold,10.0,Hold,10.0,Hold,10.0
17/2/2021,266.0499878,0.7584896348975355,Hold,9.0,Hold,10.0,Hold,10.0,Hold,10.0,Hold,10.0,Hold,10.0,Hold,10.0,Hold,10.0,Hold,10.0,Hold,10.0
18/2/2021,262.4599915,0.791101207684689,Hold,9.0,Hold,10.0,Hold,10.0,Hold,10.0,Hold,10.0,Hold,10.0,Hold,10.0,Hold,10.0,Hold,10.0,Hold,10.0
19/2/2021,260.4333191,0.880526873711517,Hold,9.0,Hold,10.0,Hold,10.0,Hold,10.0,Hold,10.0,Hold,10.0,Hold,10.0,Hold,10.0,Hold,10.0,Hold,10.0
22/2/2021,238.1666718,0.7465490033224309,Hold,9.0,Hold,10.0,Hold,10.0,Hold,10.0,Hold,10.0,Hold,10.0,Hold,10.0,Hold,10.0,Hold,10.0,Hold,10.0
23/2/2021,232.9466705,0.6673469778386881,Hold,9.0,Hold,10.0,Hold,10.0,Hold,10.0,Hold,10.0,Hold,10.0,Hold,10.0,Hold,10.0,Hold,10.0,Hold,10.0
24/2/2021,247.3399963,0.797968617643425,Hold,9.0,Hold,10.0,Hold,10.0,Hold,10.0,Hold,10.0,Hold,10.0,Hold,10.0,Hold,10.0,Hold,10.0,Hold,10.0
25/2/2021,227.406662,0.7181523967823978,Hold,9.0,Hold,10.0,Hold,10.0,Hold,10.0,Hold,10.0,Hold,10.0,Hold,10.0,Hold,10.0,Hold,10.0,Hold,10.0
26/2/2021,225.1666718,0.8057058016666268,Hold,9.0,Hold,10.0,Hold,10.0,Hold,10.0,Hold,10.0,Hold,10.0,Hold,10.0,Hold,10.0,Hold,10.0,Hold,10.0
1/3/2021,239.4766693,0.8198104417829218,Hold,9.0,Hold,10.0,Hold,10.0,Hold,10.0,Hold,10.0,Hold,10.0,Hold,10.0,Hold,10.0,Hold,10.0,Hold,10.0
2/3/2021,228.8133392,0.7785012596253303,Hold,9.0,Hold,10.0,Hold,10.0,Hold,10.0,Hold,10.0,Hold,10.0,Hold,10.0,Hold,10.0,Hold,10.0,Hold,10.0
3/3/2021,217.7333374,0.7158483947548164,Hold,9.0,Hold,10.0,Hold,10.0,Hold,10.0,Hold,10.0,Hold,10.0,Hold,10.0,Hold,10.0,Hold,10.0,Hold,10.0
4/3/2021,207.1466675,0.6749607430816392,Hold,9.0,Hold,10.0,Hold,10.0,Hold,10.0,Hold,10.0,Hold,10.0,Hold,10.0,Hold,10.0,Hold,10.0,Hold,10.0
5/3/2021,199.3166656,0.6442334024555758,Hold,9.0,Hold,10.0,Hold,10.0,Hold,10.0,Hold,10.0,Hold,10.0,Hold,10.0,Hold,10.0,Hold,10.0,Hold,10.0
8/3/2021,187.6666718,0.7116584601450032,Hold,9.0,Hold,10.0,Hold,10.0,Hold,10.0,Hold,10.0,Hold,10.0,Hold,10.0,Hold,10.0,Hold,10.0,Hold,10.0
9/3/2021,224.5266724,0.6463757205577617,Hold,9.0,Hold,10.0,Hold,10.0,Hold,10.0,Hold,10.0,Hold,10.0,Hold,10.0,Hold,10.0,Hold,10.0,Hold,10.0
10/3/2021,222.6866608,0.7420079562533702,Hold,9.0,Hold,10.0,Hold,10.0,Hold,10.0,Hold,10.0,Hold,10.0,Buy,10.0,Buy,10.0,Hold,10.0,Hold,10.0
11/3/2021,233.1999969,0.7299670922838754,Hold,9.0,Hold,10.0,Hold,10.0,Hold,10.0,Hold,10.0,Hold,10.0,Sell,10.0,Hold,10.0,Hold,10.0,Hold,10.0
12/3/2021,231.2433319,0.6422441327603858,Hold,9.0,Hold,10.0,Hold,10.0,Hold,10.0,Hold,10.0,Hold,10.0,Buy,10.0,Buy,10.0,Hold,10.0,Hold,10.0
15/3/2021,235.9799957,0.8393468593214922,Hold,9.0,Hold,10.0,Hold,10.0,Hold,10.0,Hold,10.0,Hold,10.0,Hold,10.0,Hold,10.0,Hold,10.0,Hold,10.0
16/3/2021,225.6266632,0.7156093723599489,Buy,9.0,Hold,10.0,Hold,10.0,Hold,10.0,Hold,10.0,Hold,10.0,Buy,10.0,Hold,10.0,Buy,10.0,Hold,10.0
17/3/2021,233.9366608,0.6958633601411146,Hold,9.0,Hold,10.0,Hold,10.0,Hold,10.0,Hold,10.0,Hold,10.0,Sell,10.0,Sell,10.0,Sell,10.0,Hold,10.0
18/3/2021,217.7200012,0.7170369066892658,Buy,9.0,Buy,10.0,Hold,10.0,Hold,10.0,Hold,10.0,Hold,10.0,Buy,10.0,Buy,10.0,Buy,10.0,Hold,10.0
19/3/2021,218.2899933,0.5765697647257473,Hold,9.0,Hold,10.0,Hold,10.0,Hold,10.0,Hold,10.0,Hold,10.0,Sell,10.0,Sell,10.0,Sell,10.0,Hold,10.0
22/3/2021,223.3333282,0.8097263906460177,Hold,9.0,Hold,10.0,Hold,10.0,Hold,10.0,Hold,10.0,Hold,10.0,Hold,10.0,Hold,10.0,Hold,10.0,Hold,10.0
23/3/2021,220.7200012,0.7166154603562608,Hold,9.0,Hold,10.0,Hold,10.0,Hold,10.0,Hold,10.0,Hold,10.0,Hold,10.0,Hold,10.0,Hold,10.0,Hold,10.0
24/3/2021,210.0899963,0.7909978881632461,Hold,9.0,Hold,10.0,Hold,10.0,Hold,10.0,Hold,10.0,Hold,10.0,Hold,10.0,Hold,10.0,Hold,10.0,Hold,10.0
25/3/2021,213.4633331,0.7824842639414687,Buy,9.0,Buy,10.0,Hold,10.0,Hold,10.0,Hold,10.0,Hold,10.0,Hold,10.0,Hold,10.0,Sell,10.0,Hold,10.0
26/3/2021,206.2366638,0.6686753953042297,Hold,9.0,Hold,10.0,Hold,10.0,Hold,10.0,Hold,10.0,Hold,10.0,Hold,10.0,Hold,10.0,Hold,10.0,Hold,10.0
29/3/2021,203.7633362,0.6252391093307312,Hold,9.0,Hold,10.0,Hold,10.0,Hold,10.0,Hold,10.0,Hold,10.0,Hold,10.0,Hold,10.0,Hold,10.0,Hold,10.0
30/3/2021,211.8733368,0.678328324069933,Hold,9.0,Hold,10.0,Hold,10.0,Hold,10.0,Hold,10.0,Hold,10.0,Hold,10.0,Hold,10.0,Hold,10.0,Hold,10.0
31/3/2021,222.6433258,0.6681811207317013,Hold,9.0,Hold,10.0,Hold,10.0,Hold,10.0,Hold,10.0,Hold,10.0,Hold,10.0,Hold,10.0,Hold,10.0,Hold,10.0
1/4/2021,220.5833282,0.7834368507280098,Hold,9.0,Hold,10.0,Buy,10.0,Hold,10.0,Buy,10.0,Buy,10.0,Buy,10.0,Buy,10.0,Buy,10.0,Buy,10.0
5/4/2021,230.3500061,0.6297264310636229,Hold,9.0,Hold,10.0,Hold,10.0,Hold,10.0,Sell,10.0,Hold,10.0,Hold,10.0,Hold,10.0,Hold,10.0,Hold,10.0
6/4/2021,230.5399933,0.7541779051639401,Buy,9.0,Hold,10.0,Buy,10.0,Hold,10.0,Buy,10.0,Hold,10.0,Hold,10.0,Hold,10.0,Buy,10.0,Hold,10.0
7/4/2021,223.656662,0.7058801176950847,Hold,9.0,Hold,10.0,Hold,10.0,Hold,10.0,Hold,10.0,Hold,10.0,Hold,10.0,Hold,10.0,Hold,10.0,Hold,10.0
8/4/2021,227.9333344,0.7537308691557572,Hold,9.0,Hold,10.0,Hold,10.0,Hold,10.0,Hold,10.0,Hold,10.0,Hold,10.0,Hold,10.0,Hold,10.0,Hold,10.0
9/4/2021,225.6733398,0.7017735029937592,Hold,9.0,Hold,10.0,Hold,10.0,Hold,10.0,Hold,10.0,Hold,10.0,Hold,10.0,Hold,10.0,Hold,10.0,Hold,10.0
12/4/2021,233.9933319,0.7883182129776528,Hold,9.0,Hold,10.0,Hold,10.0,Hold,10.0,Hold,10.0,Hold,10.0,Hold,10.0,Hold,10.0,Hold,10.0,Hold,10.0
13/4/2021,254.1066742,0.7932985905887365,Hold,9.0,Hold,10.0,Hold,10.0,Hold,10.0,Hold,10.0,Hold,10.0,Hold,10.0,Hold,10.0,Hold,10.0,Hold,10.0
14/4/2021,244.0766602,0.8255484014715506,Hold,9.0,Hold,10.0,Hold,10.0,Hold,10.0,Hold,10.0,Hold,10.0,Hold,10.0,Hold,10.0,Hold,10.0,Hold,10.0
15/4/2021,246.2833405,0.8024009891855151,Hold,9.0,Hold,10.0,Hold,10.0,Hold,10.0,Hold,10.0,Hold,10.0,Hold,10.0,Hold,10.0,Hold,10.0,Hold,10.0
16/4/2021,246.593338,0.7848004935537951,Hold,9.0,Hold,10.0,Hold,10.0,Hold,10.0,Hold,10.0,Hold,10.0,Hold,10.0,Hold,10.0,Hold,10.0,Hold,10.0
19/4/2021,238.2100067,0.6596258496006191,Hold,9.0,Hold,10.0,Hold,10.0,Hold,10.0,Hold,10.0,Hold,10.0,Hold,10.0,Hold,10.0,Hold,10.0,Hold,10.0
20/4/2021,239.6633301,0.7190737615456517,Hold,9.0,Hold,10.0,Hold,10.0,Hold,10.0,Hold,10.0,Hold,10.0,Hold,10.0,Hold,10.0,Hold,10.0,Hold,10.0
21/4/2021,248.0399933,0.7062213898435024,Hold,9.0,Hold,10.0,Hold,10.0,Hold,10.0,Hold,10.0,Hold,10.0,Hold,10.0,Hold,10.0,Hold,10.0,Hold,10.0
22/4/2021,239.8966675,0.677415996351656,Hold,9.0,Hold,10.0,Hold,10.0,Hold,10.0,Hold,10.0,Hold,10.0,Hold,10.0,Hold,10.0,Hold,10.0,Hold,10.0
23/4/2021,243.1333313,0.7354720853757707,Hold,9.0,Hold,10.0,Hold,10.0,Hold,10.0,Hold,10.0,Hold,10.0,Hold,10.0,Hold,10.0,Hold,10.0,Hold,10.0
26/4/2021,246.0666656,0.5739904756051036,Hold,9.0,Hold,10.0,Hold,10.0,Hold,10.0,Hold,10.0,Hold,10.0,Hold,10.0,Hold,10.0,Hold,10.0,Hold,10.0
27/4/2021,234.9133301,0.6059896091975117,Hold,9.0,Hold,10.0,Hold,10.0,Hold,10.0,Hold,10.0,Hold,10.0,Hold,10.0,Hold,10.0,Hold,10.0,Hold,10.0
28/4/2021,231.4666595,0.723170112796193,Sell,9.0,Sell,10.0,Sell,10.0,Hold,10.0,Sell,10.0,Sell,10.0,Sell,10.0,Sell,10.0,Sell,10.0,Sell,10.0
29/4/2021,225.6666718,0.755971600537198,Hold,9.0,Hold,10.0,Hold,10.0,Hold,10.0,Sell,10.0,Hold,10.0,Hold,10.0,Hold,10.0,Hold,10.0,Sell,10.0
30/4/2021,236.4799957,0.6649101114542304,Hold,9.0,Hold,10.0,Hold,10.0,Hold,10.0,Hold,10.0,Hold,10.0,Hold,10.0,Hold,10.0,Hold,10.0,Hold,10.0
3/5/2021,228.3000031,0.7597451934010574,Hold,9.0,Hold,10.0,Hold,10.0,Hold,10.0,Buy,10.0,Hold,10.0,Buy,10.0,Hold,10.0,Hold,10.0,Buy,10.0
4/5/2021,224.5333405,0.6585279897003289,Sell,9.0,Sell,10.0,Sell,10.0,Hold,10.0,Sell,10.0,Sell,10.0,Sell,10.0,Hold,10.0,Hold,10.0,Sell,10.0
5/5/2021,223.6466675,0.6356939163975466,Hold,9.0,Hold,10.0,Hold,10.0,Hold,10.0,Hold,10.0,Hold,10.0,Hold,10.0,Hold,10.0,Hold,10.0,Hold,10.0
6/5/2021,221.1799927,0.6388747213724163,Hold,9.0,Hold,10.0,Hold,10.0,Hold,10.0,Hold,10.0,Hold,10.0,Hold,10.0,Hold,10.0,Hold,10.0,Hold,10.0
7/5/2021,224.1233368,0.7148737297785749,Hold,9.0,Hold,10.0,Hold,10.0,Hold,10.0,Hold,10.0,Hold,10.0,Hold,10.0,Hold,10.0,Hold,10.0,Hold,10.0
10/5/2021,209.6799927,0.7143520440163249,Hold,9.0,Hold,10.0,Hold,10.0,Hold,10.0,Hold,10.0,Hold,10.0,Hold,10.0,Hold,10.0,Hold,10.0,Hold,10.0
11/5/2021,205.7333374,0.5359368203465209,Hold,9.0,Hold,10.0,Hold,10.0,Hold,10.0,Hold,10.0,Hold,10.0,Hold,10.0,Hold,10.0,Hold,10.0,Hold,10.0
12/5/2021,196.6300049,0.671772874773819,Hold,9.0,Hold,10.0,Hold,10.0,Hold,10.0,Hold,10.0,Hold,10.0,Hold,10.0,Hold,10.0,Hold,10.0,Hold,10.0
13/5/2021,190.5633392,0.7426508902482858,Hold,9.0,Hold,10.0,Hold,10.0,Hold,10.0,Hold,10.0,Hold,10.0,Hold,10.0,Hold,10.0,Hold,10.0,Hold,10.0
14/5/2021,196.5800018,0.8007213848873926,Hold,9.0,Hold,10.0,Hold,10.0,Hold,10.0,Hold,10.0,Hold,10.0,Hold,10.0,Hold,10.0,Hold,10.0,Hold,10.0
17/5/2021,192.2766724,0.8241658635023007,Hold,9.0,Hold,10.0,Hold,10.0,Hold,10.0,Hold,10.0,Hold,10.0,Hold,10.0,Hold,10.0,Hold,10.0,Hold,10.0
18/5/2021,192.6233368,0.7700965255151179,Hold,9.0,Hold,10.0,Hold,10.0,Hold,10.0,Hold,10.0,Hold,10.0,Hold,10.0,Hold,10.0,Hold,10.0,Hold,10.0
19/5/2021,187.8200073,0.7265924495676566,Hold,9.0,Hold,10.0,Hold,10.0,Buy,10.0,Hold,10.0,Hold,10.0,Hold,10.0,Hold,10.0,Hold,10.0,Hold,10.0
20/5/2021,195.593338,0.8084282767678705,Hold,9.0,Hold,10.0,Hold,10.0,Buy,10.0,Hold,10.0,Hold,10.0,Hold,10.0,Hold,10.0,Hold,10.0,Hold,10.0
21/5/2021,193.6266632,0.7779875556520821,Hold,9.0,Hold,10.0,Hold,10.0,Buy,10.0,Hold,10.0,Hold,10.0,Hold,10.0,Hold,10.0,Hold,10.0,Hold,10.0
24/5/2021,202.1466675,0.7284623065207597,Hold,9.0,Hold,10.0,Hold,10.0,Hold,10.0,Hold,10.0,Hold,10.0,Hold,10.0,Hold,10.0,Hold,10.0,Hold,10.0
25/5/2021,201.5633392,0.7873661267995367,Hold,9.0,Hold,10.0,Hold,10.0,Hold,10.0,Hold,10.0,Hold,10.0,Buy,10.0,Buy,10.0,Hold,10.0,Hold,10.0
26/5/2021,206.3766632,0.8821678431574432,Hold,9.0,Hold,10.0,Hold,10.0,Hold,10.0,Hold,10.0,Hold,10.0,Hold,10.0,Hold,10.0,Hold,10.0,Hold,10.0
27/5/2021,210.2833405,0.773454035116926,Hold,9.0,Hold,10.0,Hold,10.0,Hold,10.0,Hold,10.0,Hold,10.0,Hold,10.0,Hold,10.0,Hold,10.0,Hold,10.0
28/5/2021,208.406662,0.6702083439377052,Buy,9.0,Hold,10.0,Hold,10.0,Hold,10.0,Hold,10.0,Hold,10.0,Hold,10.0,Hold,10.0,Buy,10.0,Hold,10.0
1/6/2021,207.9666595,0.5309909042874429,Hold,9.0,Hold,10.0,Hold,10.0,Hold,10.0,Hold,10.0,Hold,10.0,Hold,10.0,Hold,10.0,Hold,10.0,Hold,10.0
2/6/2021,201.706665,0.5724532857823628,Hold,9.0,Hold,10.0,Hold,10.0,Hold,10.0,Hold,10.0,Hold,10.0,Hold,10.0,Hold,10.0,Hold,10.0,Hold,10.0
3/6/2021,190.9466705,0.6840592331033022,Hold,9.0,Hold,10.0,Hold,10.0,Hold,10.0,Hold,10.0,Hold,10.0,Sell,10.0,Sell,10.0,Sell,10.0,Hold,10.0
4/6/2021,199.6833344,0.6814186848639084,Hold,9.0,Hold,10.0,Hold,10.0,Hold,10.0,Hold,10.0,Hold,10.0,Hold,10.0,Hold,10.0,Hold,10.0,Hold,10.0
7/6/2021,201.7100067,0.7377920732167763,Hold,9.0,Hold,10.0,Hold,10.0,Hold,10.0,Hold,10.0,Hold,10.0,Hold,10.0,Hold,10.0,Hold,10.0,Hold,10.0
8/6/2021,201.1966705,0.5866728293069501,Buy,9.0,Buy,10.0,Hold,10.0,Hold,10.0,Hold,10.0,Hold,10.0,Hold,10.0,Hold,10.0,Hold,10.0,Hold,10.0
9/6/2021,199.593338,0.5245154196477608,Hold,9.0,Hold,10.0,Hold,10.0,Hold,10.0,Hold,10.0,Hold,10.0,Hold,10.0,Hold,10.0,Hold,10.0,Hold,10.0
10/6/2021,203.3733368,0.780420390709955,Hold,9.0,Hold,10.0,Hold,10.0,Hold,10.0,Hold,10.0,Hold,10.0,Hold,10.0,Sell,10.0,Sell,10.0,Hold,10.0
11/6/2021,203.2966614,0.8346627079809885,Hold,9.0,Hold,10.0,Hold,10.0,Hold,10.0,Hold,10.0,Hold,10.0,Buy,10.0,Buy,10.0,Hold,10.0,Hold,10.0
14/6/2021,205.8966675,0.6736204541861397,Hold,9.0,Hold,10.0,Hold,10.0,Hold,10.0,Hold,10.0,Hold,10.0,Hold,10.0,Hold,10.0,Hold,10.0,Hold,10.0
15/6/2021,199.7866669,0.7567353030783838,Buy,9.0,Hold,10.0,Buy,10.0,Hold,10.0,Buy,10.0,Hold,10.0,Buy,10.0,Hold,10.0,Buy,10.0,Hold,10.0
16/6/2021,201.6233368,0.7998747516998396,Sell,9.0,Sell,10.0,Hold,10.0,Hold,10.0,Hold,10.0,Hold,10.0,Sell,10.0,Hold,10.0,Hold,10.0,Hold,10.0
17/6/2021,205.5333405,0.8316324234748945,Hold,9.0,Hold,10.0,Hold,10.0,Hold,10.0,Hold,10.0,Hold,10.0,Hold,10.0,Buy,10.0,Buy,10.0,Hold,10.0
18/6/2021,207.7700043,0.8175977238081417,Hold,9.0,Hold,10.0,Buy,10.0,Hold,10.0,Buy,10.0,Buy,10.0,Buy,10.0,Hold,10.0,Hold,10.0,Buy,10.0
21/6/2021,206.9433289,0.6495191485223307,Hold,9.0,Hold,10.0,Hold,10.0,Hold,10.0,Hold,10.0,Hold,10.0,Hold,10.0,Hold,10.0,Hold,10.0,Hold,10.0
22/6/2021,207.9033356,0.7991340114367954,Hold,9.0,Hold,10.0,Hold,10.0,Hold,10.0,Hold,10.0,Hold,10.0,Hold,10.0,Hold,10.0,Hold,10.0,Hold,10.0
23/6/2021,218.8566742,0.8301614503370476,Hold,9.0,Hold,10.0,Hold,10.0,Hold,10.0,Hold,10.0,Hold,10.0,Hold,10.0,Hold,10.0,Hold,10.0,Hold,10.0
24/6/2021,226.6066742,0.827571800564433,Hold,9.0,Hold,10.0,Hold,10.0,Hold,10.0,Hold,10.0,Hold,10.0,Hold,10.0,Hold,10.0,Hold,10.0,Hold,10.0
25/6/2021,223.956665,0.7904924609597183,Hold,9.0,Hold,10.0,Hold,10.0,Hold,10.0,Hold,10.0,Hold,10.0,Hold,10.0,Hold,10.0,Hold,10.0,Hold,10.0
28/6/2021,229.5733337,0.6785896249687686,Hold,9.0,Hold,10.0,Hold,10.0,Hold,10.0,Hold,10.0,Hold,10.0,Hold,10.0,Hold,10.0,Hold,10.0,Hold,10.0
29/6/2021,226.9199982,0.7200575023502734,Hold,9.0,Hold,10.0,Hold,10.0,Hold,10.0,Hold,10.0,Hold,10.0,Hold,10.0,Hold,10.0,Hold,10.0,Hold,10.0
30/6/2021,226.5666656,0.7769137592390045,Hold,9.0,Hold,10.0,Hold,10.0,Sell,10.0,Hold,10.0,Hold,10.0,Hold,10.0,Hold,10.0,Hold,10.0,Hold,10.0
1/7/2021,225.9733276,0.5598944790955848,Hold,9.0,Hold,10.0,Hold,10.0,Sell,10.0,Hold,10.0,Hold,10.0,Hold,10.0,Hold,10.0,Hold,10.0,Hold,10.0
2/7/2021,226.3000031,0.5002689272483737,Hold,9.0,Hold,10.0,Hold,10.0,Sell,10.0,Hold,10.0,Hold,10.0,Hold,10.0,Hold,10.0,Hold,10.0,Hold,10.0
6/7/2021,219.8600006,0.631892327010997,Hold,9.0,Hold,10.0,Hold,10.0,Sell,10.0,Hold,10.0,Hold,10.0,Hold,10.0,Hold,10.0,Hold,10.0,Hold,10.0
7/7/2021,214.8833313,0.691329519876341,Hold,9.0,Hold,10.0,Hold,10.0,Hold,10.0,Hold,10.0,Hold,10.0,Sell,10.0,Sell,10.0,Hold,10.0,Sell,10.0
8/7/2021,217.6033325,0.6923902403338037,Hold,9.0,Hold,10.0,Hold,10.0,Hold,10.0,Sell,10.0,Hold,10.0,Sell,10.0,Hold,10.0,Sell,10.0,Sell,10.0
9/7/2021,218.9833374,0.5590308673810567,Hold,9.0,Hold,10.0,Hold,10.0,Hold,10.0,Buy,10.0,Hold,10.0,Buy,10.0,Hold,10.0,Hold,10.0,Buy,10.0
12/7/2021,228.5666656,0.7303533948802545,Hold,9.0,Hold,10.0,Hold,10.0,Hold,10.0,Hold,10.0,Hold,10.0,Hold,10.0,Sell,10.0,Sell,10.0,Hold,10.0
13/7/2021,222.8466644,0.778463753730704,Hold,9.0,Hold,10.0,Hold,10.0,Hold,10.0,Hold,10.0,Hold,10.0,Buy,10.0,Buy,10.0,Hold,10.0,Buy,10.0
14/7/2021,217.793335,0.5132436337887796,Hold,9.0,Hold,10.0,Hold,10.0,Hold,10.0,Hold,10.0,Hold,10.0,Hold,10.0,Hold,10.0,Hold,10.0,Hold,10.0
15/7/2021,216.8666687,0.6872195662873137,Sell,9.0,Sell,10.0,Hold,10.0,Hold,10.0,Sell,10.0,Hold,10.0,Sell,10.0,Sell,10.0,Sell,10.0,Sell,10.0
16/7/2021,214.7400055,0.6714918800721775,Hold,9.0,Hold,10.0,Hold,10.0,Hold,10.0,Hold,10.0,Hold,10.0,Hold,10.0,Hold,10.0,Hold,10.0,Hold,10.0
19/7/2021,215.406662,0.812361829928859,Hold,9.0,Hold,10.0,Hold,10.0,Hold,10.0,Sell,10.0,Hold,10.0,Hold,10.0,Hold,10.0,Hold,10.0,Sell,10.0
20/7/2021,220.1666718,0.7043621556585599,Sell,9.0,Sell,10.0,Hold,10.0,Hold,10.0,Hold,10.0,Hold,10.0,Hold,10.0,Hold,10.0,Hold,10.0,Hold,10.0
21/7/2021,218.4299927,0.7248010255942257,Hold,9.0,Hold,10.0,Hold,10.0,Hold,10.0,Buy,10.0,Hold,10.0,Buy,10.0,Buy,10.0,Buy,10.0,Buy,10.0
22/7/2021,216.4199982,0.7296377833297198,Hold,9.0,Hold,10.0,Hold,10.0,Hold,10.0,Hold,10.0,Hold,10.0,Sell,10.0,Hold,10.0,Buy,10.0,Sell,10.0
23/7/2021,214.4600067,0.808182079286402,Hold,9.0,Hold,10.0,Hold,10.0,Sell,10.0,Sell,10.0,Hold,10.0,Sell,10.0,Sell,10.0,Sell,10.0,Hold,10.0
26/7/2021,219.206665,0.6342566906915316,Hold,9.0,Hold,10.0,Hold,10.0,Hold,10.0,Sell,10.0,Hold,10.0,Hold,10.0,Hold,10.0,Hold,10.0,Sell,10.0
27/7/2021,214.9266663,0.4914394928659397,Buy,9.0,Buy,10.0,Hold,10.0,Hold,10.0,Buy,10.0,Hold,10.0,Buy,10.0,Buy,10.0,Buy,10.0,Buy,10.0
28/7/2021,215.6600037,0.5858753550409637,Hold,9.0,Hold,10.0,Hold,10.0,Hold,10.0,Sell,10.0,Hold,10.0,Sell,10.0,Hold,10.0,Hold,10.0,Sell,10.0
29/7/2021,225.7833405,0.7999177421302174,Hold,9.0,Hold,10.0,Hold,10.0,Hold,10.0,Hold,10.0,Hold,10.0,Hold,10.0,Hold,10.0,Hold,10.0,Hold,10.0
30/7/2021,229.0666656,0.754895329800386,Buy,9.0,Buy,10.0,Hold,10.0,Hold,10.0,Buy,10.0,Hold,10.0,Buy,10.0,Buy,10.0,Buy,10.0,Buy,10.0
2/8/2021,236.5566711,0.7153882378048073,Hold,9.0,Hold,10.0,Hold,10.0,Hold,10.0,Hold,10.0,Hold,10.0,Hold,10.0,Hold,10.0,Hold,10.0,Hold,10.0
3/8/2021,236.5800018,0.6555174462721188,Hold,9.0,Hold,10.0,Hold,10.0,Hold,10.0,Hold,10.0,Hold,10.0,Hold,10.0,Hold,10.0,Hold,10.0,Hold,10.0
4/8/2021,236.9733276,0.7263359715549492,Hold,9.0,Hold,10.0,Hold,10.0,Hold,10.0,Hold,10.0,Hold,10.0,Hold,10.0,Hold,10.0,Hold,10.0,Hold,10.0
5/8/2021,238.2100067,0.8546185556637934,Hold,9.0,Hold,10.0,Hold,10.0,Hold,10.0,Hold,10.0,Hold,10.0,Hold,10.0,Hold,10.0,Hold,10.0,Hold,10.0
6/8/2021,233.0333405,0.8295738920629727,Hold,9.0,Hold,10.0,Hold,10.0,Hold,10.0,Hold,10.0,Hold,10.0,Hold,10.0,Hold,10.0,Hold,10.0,Hold,10.0
9/8/2021,237.9199982,0.6369191397325352,Hold,9.0,Hold,10.0,Hold,10.0,Hold,10.0,Hold,10.0,Hold,10.0,Hold,10.0,Hold,10.0,Hold,10.0,Hold,10.0
10/8/2021,236.6633301,0.7393408260284533,Hold,9.0,Hold,10.0,Hold,10.0,Hold,10.0,Hold,10.0,Hold,10.0,Hold,10.0,Hold,10.0,Hold,10.0,Hold,10.0
11/8/2021,235.9400024,0.7789409464181658,Hold,9.0,Hold,10.0,Hold,10.0,Sell,10.0,Hold,10.0,Hold,10.0,Hold,10.0,Hold,10.0,Hold,10.0,Hold,10.0
12/8/2021,240.75,0.6205906270575154,Hold,9.0,Hold,10.0,Hold,10.0,Sell,10.0,Hold,10.0,Hold,10.0,Hold,10.0,Hold,10.0,Hold,10.0,Hold,10.0
13/8/2021,239.0566711,0.6616945449506669,Hold,9.0,Hold,10.0,Hold,10.0,Sell,10.0,Hold,10.0,Hold,10.0,Hold,10.0,Hold,10.0,Hold,10.0,Hold,10.0
16/8/2021,228.7233276,0.6379421978028648,Hold,9.0,Hold,10.0,Hold,10.0,Hold,10.0,Hold,10.0,Hold,10.0,Hold,10.0,Hold,10.0,Hold,10.0,Hold,10.0
17/8/2021,221.9033356,0.5544700396575061,Sell,9.0,Sell,10.0,Hold,10.0,Hold,10.0,Sell,10.0,Hold,10.0,Sell,10.0,Sell,10.0,Sell,10.0,Sell,10.0
18/8/2021,229.6633301,0.6970099260156399,Hold,9.0,Hold,10.0,Hold,10.0,Hold,10.0,Hold,10.0,Hold,10.0,Hold,10.0,Hold,10.0,Hold,10.0,Hold,10.0
19/8/2021,224.4900055,0.7216628504126622,Hold,9.0,Hold,10.0,Hold,10.0,Hold,10.0,Buy,10.0,Hold,10.0,Hold,10.0,Hold,10.0,Hold,10.0,Buy,10.0
20/8/2021,226.7533264,0.7278313837990434,Hold,9.0,Hold,10.0,Hold,10.0,Hold,10.0,Hold,10.0,Hold,10.0,Hold,10.0,Hold,10.0,Hold,10.0,Hold,10.0
23/8/2021,235.4333344,0.722944169082816,Hold,9.0,Hold,10.0,Hold,10.0,Hold,10.0,Hold,10.0,Hold,10.0,Hold,10.0,Hold,10.0,Hold,10.0,Hold,10.0
24/8/2021,236.1633301,0.8028573152502598,Hold,9.0,Hold,10.0,Hold,10.0,Hold,10.0,Hold,10.0,Hold,10.0,Buy,10.0,Buy,10.0,Buy,10.0,Hold,10.0
25/8/2021,237.0666656,0.6320731834605502,Hold,9.0,Hold,10.0,Hold,10.0,Hold,10.0,Hold,10.0,Hold,10.0,Hold,10.0,Hold,10.0,Hold,10.0,Hold,10.0
26/8/2021,233.7200012,0.8863026919735933,Hold,9.0,Hold,10.0,Hold,10.0,Hold,10.0,Hold,10.0,Hold,10.0,Hold,10.0,Hold,10.0,Hold,10.0,Hold,10.0
27/8/2021,237.3066711,0.8303291352326919,Hold,9.0,Hold,10.0,Hold,10.0,Hold,10.0,Hold,10.0,Hold,10.0,Hold,10.0,Hold,10.0,Hold,10.0,Hold,10.0
30/8/2021,243.636673,0.8354443621840464,Hold,9.0,Hold,10.0,Hold,10.0,Hold,10.0,Hold,10.0,Hold,10.0,Hold,10.0,Hold,10.0,Hold,10.0,Hold,10.0
31/8/2021,245.2400055,0.8798718086902948,Hold,9.0,Hold,10.0,Hold,10.0,Hold,10.0,Hold,10.0,Hold,10.0,Hold,10.0,Hold,10.0,Hold,10.0,Hold,10.0
1/9/2021,244.6966705,0.7091487611063909,Hold,9.0,Hold,10.0,Hold,10.0,Hold,10.0,Hold,10.0,Hold,10.0,Hold,10.0,Hold,10.0,Hold,10.0,Hold,10.0
2/9/2021,244.1300049,0.6906454231939065,Hold,9.0,Hold,10.0,Hold,10.0,Hold,10.0,Hold,10.0,Hold,10.0,Hold,10.0,Hold,10.0,Hold,10.0,Hold,10.0
3/9/2021,244.5233307,0.6794791238505058,Hold,9.0,Hold,10.0,Hold,10.0,Hold,10.0,Hold,10.0,Hold,10.0,Hold,10.0,Hold,10.0,Hold,10.0,Hold,10.0
7/9/2021,250.9733276,0.7871729514445086,Hold,9.0,Hold,10.0,Hold,10.0,Hold,10.0,Hold,10.0,Hold,10.0,Hold,10.0,Hold,10.0,Hold,10.0,Hold,10.0
8/9/2021,251.2899933,0.6181225001961621,Hold,9.0,Hold,10.0,Hold,10.0,Hold,10.0,Hold,10.0,Hold,10.0,Hold,10.0,Hold,10.0,Hold,10.0,Hold,10.0
9/9/2021,251.6199951,0.7909612968924757,Hold,9.0,Hold,10.0,Hold,10.0,Hold,10.0,Hold,10.0,Hold,10.0,Hold,10.0,Hold,10.0,Hold,10.0,Hold,10.0
10/9/2021,245.4233398,0.7111155115546632,Hold,9.0,Hold,10.0,Hold,10.0,Hold,10.0,Hold,10.0,Hold,10.0,Hold,10.0,Hold,10.0,Hold,10.0,Hold,10.0
13/9/2021,247.6666718,0.6548908844957578,Hold,9.0,Hold,10.0,Hold,10.0,Hold,10.0,Hold,10.0,Hold,10.0,Hold,10.0,Hold,10.0,Hold,10.0,Hold,10.0
14/9/2021,248.1633301,0.6708824620207068,Hold,9.0,Hold,10.0,Hold,10.0,Hold,10.0,Hold,10.0,Hold,10.0,Hold,10.0,Hold,10.0,Hold,10.0,Hold,10.0
15/9/2021,251.9433289,0.8137802872030268,Hold,9.0,Hold,10.0,Hold,10.0,Sell,10.0,Hold,10.0,Hold,10.0,Hold,10.0,Hold,10.0,Hold,10.0,Hold,10.0
16/9/2021,252.3300018,0.7614533333370901,Hold,9.0,Hold,10.0,Hold,10.0,Sell,10.0,Hold,10.0,Hold,10.0,Hold,10.0,Hold,10.0,Hold,10.0,Hold,10.0
17/9/2021,253.1633301,0.7765625402606714,Hold,9.0,Hold,10.0,Hold,10.0,Sell,10.0,Hold,10.0,Hold,10.0,Hold,10.0,Hold,10.0,Hold,10.0,Hold,10.0
20/9/2021,243.3899994,0.6511309660927175,Hold,9.0,Hold,10.0,Hold,10.0,Hold,10.0,Hold,10.0,Hold,10.0,Hold,10.0,Hold,10.0,Hold,10.0,Hold,10.0
21/9/2021,246.4600067,0.8208623707698328,Hold,9.0,Hold,10.0,Hold,10.0,Hold,10.0,Hold,10.0,Hold,10.0,Sell,10.0,Sell,10.0,Sell,10.0,Hold,10.0
22/9/2021,250.6466675,0.7046130373116912,Hold,9.0,Hold,10.0,Hold,10.0,Hold,10.0,Hold,10.0,Hold,10.0,Buy,10.0,Hold,10.0,Hold,10.0,Hold,10.0
23/9/2021,251.2133331,0.7687182320461833,Hold,9.0,Hold,10.0,Hold,10.0,Hold,10.0,Hold,10.0,Hold,10.0,Hold,10.0,Buy,10.0,Hold,10.0,Hold,10.0
24/9/2021,258.1300049,0.7236091714334019,Hold,9.0,Hold,10.0,Hold,10.0,Hold,10.0,Hold,10.0,Hold,10.0,Hold,10.0,Hold,10.0,Hold,10.0,Hold,10.0
27/9/2021,263.7866821,0.6872187070279673,Hold,9.0,Hold,10.0,Hold,10.0,Hold,10.0,Hold,10.0,Hold,10.0,Hold,10.0,Hold,10.0,Hold,10.0,Hold,10.0
28/9/2021,259.186676,0.7396965836161513,Hold,9.0,Hold,10.0,Hold,10.0,Hold,10.0,Hold,10.0,Hold,10.0,Hold,10.0,Hold,10.0,Hold,10.0,Hold,10.0
29/9/2021,260.436676,0.8255939237762437,Hold,9.0,Hold,10.0,Hold,10.0,Hold,10.0,Hold,10.0,Hold,10.0,Hold,10.0,Hold,10.0,Hold,10.0,Hold,10.0
30/9/2021,258.4933472,0.7470352621130671,Hold,9.0,Hold,10.0,Hold,10.0,Hold,10.0,Hold,10.0,Hold,10.0,Hold,10.0,Hold,10.0,Hold,10.0,Hold,10.0
1/10/2021,258.4066772,0.6855141108569004,Hold,9.0,Hold,10.0,Hold,10.0,Hold,10.0,Hold,10.0,Hold,10.0,Hold,10.0,Hold,10.0,Hold,10.0,Hold,10.0
4/10/2021,260.5100098,0.6187037827799022,Hold,9.0,Hold,10.0,Hold,10.0,Hold,10.0,Hold,10.0,Hold,10.0,Hold,10.0,Hold,10.0,Hold,10.0,Hold,10.0
5/10/2021,260.1966553,0.7353187574652432,Hold,9.0,Hold,10.0,Hold,10.0,Hold,10.0,Hold,10.0,Hold,10.0,Hold,10.0,Hold,10.0,Hold,10.0,Hold,10.0
6/10/2021,260.9166565,0.5308859024835763,Hold,9.0,Hold,10.0,Hold,10.0,Hold,10.0,Hold,10.0,Hold,10.0,Hold,10.0,Hold,10.0,Hold,10.0,Hold,10.0
7/10/2021,264.5366821,0.7661353496942048,Hold,9.0,Hold,10.0,Hold,10.0,Hold,10.0,Hold,10.0,Hold,10.0,Hold,10.0,Hold,10.0,Hold,10.0,Hold,10.0
8/10/2021,261.8299866,0.6932532650759349,Hold,9.0,Hold,10.0,Hold,10.0,Hold,10.0,Hold,10.0,Hold,10.0,Hold,10.0,Hold,10.0,Hold,10.0,Hold,10.0
11/10/2021,263.980011,0.7186674657141361,Hold,9.0,Hold,10.0,Hold,10.0,Hold,10.0,Hold,10.0,Hold,10.0,Hold,10.0,Hold,10.0,Hold,10.0,Hold,10.0
12/10/2021,268.5733337,0.7211270543708626,Hold,9.0,Hold,10.0,Hold,10.0,Hold,10.0,Hold,10.0,Hold,10.0,Hold,10.0,Hold,10.0,Hold,10.0,Hold,10.0
13/10/2021,270.3599854,0.6552293378209849,Hold,9.0,Hold,10.0,Hold,10.0,Hold,10.0,Hold,10.0,Hold,10.0,Hold,10.0,Hold,10.0,Hold,10.0,Hold,10.0
14/10/2021,272.7733459,0.7170931302992051,Hold,9.0,Hold,10.0,Hold,10.0,Hold,10.0,Hold,10.0,Hold,10.0,Hold,10.0,Hold,10.0,Hold,10.0,Hold,10.0
15/10/2021,281.0100098,0.7036258317073856,Hold,9.0,Hold,10.0,Hold,10.0,Hold,10.0,Hold,10.0,Hold,10.0,Hold,10.0,Hold,10.0,Hold,10.0,Hold,10.0
18/10/2021,290.0366821,0.7339490582528793,Hold,9.0,Hold,10.0,Hold,10.0,Hold,10.0,Hold,10.0,Hold,10.0,Hold,10.0,Hold,10.0,Hold,10.0,Hold,10.0
19/10/2021,288.0899963,0.6715712065928674,Hold,9.0,Hold,10.0,Hold,10.0,Hold,10.0,Hold,10.0,Hold,10.0,Hold,10.0,Hold,10.0,Hold,10.0,Hold,10.0
20/10/2021,288.6000061,0.6203958128997537,Hold,9.0,Hold,10.0,Hold,10.0,Hold,10.0,Hold,10.0,Hold,10.0,Hold,10.0,Hold,10.0,Hold,10.0,Hold,10.0
21/10/2021,298.0,0.5480479233555322,Hold,9.0,Hold,10.0,Hold,10.0,Hold,10.0,Hold,10.0,Hold,10.0,Hold,10.0,Hold,10.0,Hold,10.0,Hold,10.0
22/10/2021,303.2266541,0.7237018649286762,Hold,9.0,Hold,10.0,Hold,10.0,Hold,10.0,Hold,10.0,Hold,10.0,Hold,10.0,Hold,10.0,Hold,10.0,Hold,10.0
25/10/2021,341.6199951,0.7774719764614526,Hold,9.0,Hold,10.0,Hold,10.0,Hold,10.0,Hold,10.0,Hold,10.0,Hold,10.0,Hold,10.0,Hold,10.0,Hold,10.0
26/10/2021,339.4766541,0.8213625925488408,Hold,9.0,Hold,10.0,Hold,10.0,Hold,10.0,Hold,10.0,Hold,10.0,Hold,10.0,Hold,10.0,Hold,10.0,Hold,10.0
27/10/2021,345.9533386,0.7140255666681253,Hold,9.0,Hold,10.0,Hold,10.0,Hold,10.0,Hold,10.0,Hold,10.0,Hold,10.0,Hold,10.0,Hold,10.0,Hold,10.0
28/10/2021,359.0133362,0.7638947793885386,Hold,9.0,Hold,10.0,Hold,10.0,Hold,10.0,Hold,10.0,Hold,10.0,Hold,10.0,Hold,10.0,Hold,10.0,Hold,10.0
29/10/2021,371.3333435,0.7992336548272968,Hold,9.0,Hold,10.0,Hold,10.0,Hold,10.0,Hold,10.0,Hold,10.0,Hold,10.0,Hold,10.0,Hold,10.0,Hold,10.0
1/11/2021,402.8633423,0.746205357414424,Hold,9.0,Hold,10.0,Hold,10.0,Hold,10.0,Hold,10.0,Hold,10.0,Hold,10.0,Hold,10.0,Hold,10.0,Hold,10.0
2/11/2021,390.6666565,0.7518874208446221,Hold,9.0,Hold,10.0,Hold,10.0,Hold,10.0,Hold,10.0,Hold,10.0,Hold,10.0,Hold,10.0,Hold,10.0,Hold,10.0
3/11/2021,404.6199951,0.82470939797942,Hold,9.0,Hold,10.0,Hold,10.0,Hold,10.0,Hold,10.0,Hold,10.0,Hold,10.0,Hold,10.0,Hold,10.0,Hold,10.0
4/11/2021,409.9700012,0.723025260510599,Hold,9.0,Hold,10.0,Hold,10.0,Sell,10.0,Hold,10.0,Hold,10.0,Hold,10.0,Hold,10.0,Hold,10.0,Hold,10.0
5/11/2021,407.3633423,0.732559148433498,Hold,9.0,Hold,10.0,Hold,10.0,Sell,10.0,Hold,10.0,Hold,10.0,Hold,10.0,Hold,10.0,Hold,10.0,Hold,10.0
8/11/2021,387.6466675,0.6960157202209094,Hold,9.0,Hold,10.0,Hold,10.0,Sell,10.0,Hold,10.0,Hold,10.0,Hold,10.0,Hold,10.0,Hold,10.0,Hold,10.0
9/11/2021,341.1666565,0.6601548143071707,Hold,9.0,Hold,10.0,Hold,10.0,Hold,10.0,Hold,10.0,Hold,10.0,Hold,10.0,Hold,10.0,Hold,10.0,Hold,10.0
10/11/2021,355.9833374,0.7437446516758693,Hold,9.0,Hold,10.0,Hold,10.0,Hold,10.0,Hold,10.0,Hold,10.0,Sell,10.0,Sell,10.0,Sell,10.0,Hold,10.0
11/11/2021,354.5033264,0.8042290725444238,Hold,9.0,Hold,10.0,Hold,10.0,Hold,10.0,Hold,10.0,Hold,10.0,Buy,10.0,Hold,10.0,Hold,10.0,Hold,10.0
12/11/2021,344.4733276,0.740768498182406,Hold,9.0,Hold,10.0,Hold,10.0,Hold,10.0,Hold,10.0,Hold,10.0,Hold,10.0,Hold,10.0,Hold,10.0,Hold,10.0
15/11/2021,337.7966614,0.776975965012729,Sell,9.0,Hold,10.0,Hold,10.0,Hold,10.0,Hold,10.0,Hold,10.0,Hold,10.0,Hold,10.0,Sell,10.0,Hold,10.0
16/11/2021,351.5766602,0.6961358642836767,Hold,9.0,Hold,10.0,Hold,10.0,Hold,10.0,Hold,10.0,Hold,10.0,Hold,10.0,Hold,10.0,Hold,10.0,Hold,10.0
17/11/2021,363.0033264,0.7777827768187694,Hold,9.0,Hold,10.0,Hold,10.0,Hold,10.0,Hold,10.0,Hold,10.0,Buy,10.0,Hold,10.0,Buy,10.0,Hold,10.0
18/11/2021,365.4599915,0.73687954677561,Hold,9.0,Hold,10.0,Hold,10.0,Hold,10.0,Hold,10.0,Hold,10.0,Hold,10.0,Buy,10.0,Hold,10.0,Hold,10.0
19/11/2021,379.019989,0.6975662451656309,Hold,9.0,Hold,10.0,Hold,10.0,Hold,10.0,Hold,10.0,Hold,10.0,Hold,10.0,Hold,10.0,Hold,10.0,Hold,10.0
22/11/2021,385.6233215,0.7040900419734908,Hold,9.0,Sell,10.0,Hold,10.0,Hold,10.0,Hold,10.0,Hold,10.0,Hold,10.0,Hold,10.0,Hold,10.0,Hold,10.0
23/11/2021,369.6766663,0.8349369210980315,Hold,9.0,Hold,10.0,Hold,10.0,Hold,10.0,Hold,10.0,Hold,10.0,Hold,10.0,Hold,10.0,Hold,10.0,Hold,10.0
24/11/2021,372.0,0.7698177569365772,Hold,9.0,Hold,10.0,Hold,10.0,Hold,10.0,Hold,10.0,Hold,10.0,Hold,10.0,Buy,10.0,Hold,10.0,Hold,10.0
26/11/2021,360.6400146,0.7530270251879867,Hold,9.0,Hold,10.0,Hold,10.0,Hold,10.0,Hold,10.0,Hold,10.0,Hold,10.0,Hold,10.0,Hold,10.0,Hold,10.0
29/11/2021,378.9966736,0.7691967363537041,Hold,9.0,Hold,10.0,Hold,10.0,Hold,10.0,Hold,10.0,Hold,10.0,Sell,10.0,Sell,10.0,Hold,10.0,Hold,10.0
30/11/2021,381.5866699,0.7450287473547205,Hold,9.0,Buy,10.0,Hold,10.0,Hold,10.0,Hold,10.0,Hold,10.0,Hold,10.0,Hold,10.0,Hold,10.0,Hold,10.0
1/12/2021,365.0,0.8268990663504708,Hold,9.0,Hold,10.0,Hold,10.0,Hold,10.0,Hold,10.0,Hold,10.0,Hold,10.0,Hold,10.0,Hold,10.0,Hold,10.0
2/12/2021,361.5333252,0.8205170660831727,Hold,9.0,Sell,10.0,Hold,10.0,Hold,10.0,Hold,10.0,Sell,10.0,Sell,10.0,Sell,10.0,Hold,10.0,Sell,10.0
3/12/2021,338.3233337,0.8087294778401388,Hold,9.0,Hold,10.0,Sell,10.0,Hold,10.0,Sell,10.0,Hold,10.0,Hold,10.0,Hold,10.0,Sell,10.0,Hold,10.0
6/12/2021,336.3366699,0.662026134013756,Hold,9.0,Hold,10.0,Hold,10.0,Hold,10.0,Hold,10.0,Hold,10.0,Hold,10.0,Hold,10.0,Hold,10.0,Hold,10.0
7/12/2021,350.5833435,0.7054077855793602,Hold,9.0,Hold,10.0,Hold,10.0,Hold,10.0,Hold,10.0,Hold,10.0,Hold,10.0,Hold,10.0,Hold,10.0,Hold,10.0
8/12/2021,356.3200073,0.6623698546714941,Hold,9.0,Hold,10.0,Hold,10.0,Hold,10.0,Hold,10.0,Hold,10.0,Hold,10.0,Hold,10.0,Hold,10.0,Hold,10.0
9/12/2021,334.6000061,0.7685993579431765,Hold,9.0,Hold,10.0,Hold,10.0,Hold,10.0,Hold,10.0,Hold,10.0,Hold,10.0,Hold,10.0,Hold,10.0,Hold,10.0
10/12/2021,339.0100098,0.7548623989150294,Hold,9.0,Hold,10.0,Hold,10.0,Hold,10.0,Hold,10.0,Hold,10.0,Hold,10.0,Hold,10.0,Hold,10.0,Hold,10.0
13/12/2021,322.1366577,0.7189885635829464,Hold,9.0,Hold,10.0,Hold,10.0,Hold,10.0,Hold,10.0,Hold,10.0,Hold,10.0,Hold,10.0,Hold,10.0,Hold,10.0
14/12/2021,319.5033264,0.7055662904166602,Hold,9.0,Hold,10.0,Hold,10.0,Hold,10.0,Hold,10.0,Hold,10.0,Hold,10.0,Hold,10.0,Hold,10.0,Hold,10.0
15/12/2021,325.3299866,0.7195445678482808,Hold,9.0,Hold,10.0,Hold,10.0,Hold,10.0,Hold,10.0,Hold,10.0,Hold,10.0,Hold,10.0,Hold,10.0,Hold,10.0
16/12/2021,308.9733276,0.7420168953392735,Hold,9.0,Hold,10.0,Hold,10.0,Hold,10.0,Hold,10.0,Hold,10.0,Hold,10.0,Hold,10.0,Hold,10.0,Hold,10.0
17/12/2021,310.8566589,0.704412281299392,Hold,9.0,Hold,10.0,Hold,10.0,Buy,10.0,Hold,10.0,Hold,10.0,Hold,10.0,Hold,10.0,Hold,10.0,Hold,10.0
20/12/2021,299.980011,0.7709311350097167,Hold,9.0,Hold,10.0,Hold,10.0,Buy,10.0,Hold,10.0,Hold,10.0,Hold,10.0,Hold,10.0,Hold,10.0,Hold,10.0
21/12/2021,312.8433228,0.6840703757759089,Hold,9.0,Hold,10.0,Hold,10.0,Hold,10.0,Hold,10.0,Hold,10.0,Hold,10.0,Hold,10.0,Hold,10.0,Hold,10.0
22/12/2021,336.2900085,0.7943350262686432,Hold,9.0,Hold,10.0,Hold,10.0,Hold,10.0,Hold,10.0,Hold,10.0,Hold,10.0,Hold,10.0,Hold,10.0,Hold,10.0
23/12/2021,355.6666565,0.7808006423283798,Buy,9.0,Buy,10.0,Buy,10.0,Hold,10.0,Buy,10.0,Buy,10.0,Buy,10.0,Buy,10.0,Buy,10.0,Buy,10.0
27/12/2021,364.6466675,0.6466204847349183,Hold,9.0,Hold,10.0,Hold,10.0,Hold,10.0,Hold,10.0,Hold,10.0,Hold,10.0,Hold,10.0,Hold,10.0,Hold,10.0
28/12/2021,362.8233337,0.62607539357232,Hold,9.0,Hold,10.0,Hold,10.0,Hold,10.0,Hold,10.0,Hold,10.0,Hold,10.0,Hold,10.0,Hold,10.0,Hold,10.0
29/12/2021,362.063324,0.7829936381460683,Hold,9.0,Hold,10.0,Hold,10.0,Hold,10.0,Hold,10.0,Hold,10.0,Hold,10.0,Hold,10.0,Hold,10.0,Hold,10.0
30/12/2021,356.7799988,0.6189455403169155,Hold,9.0,Hold,10.0,Hold,10.0,Hold,10.0,Hold,10.0,Hold,10.0,Hold,10.0,Hold,10.0,Hold,10.0,Hold,10.0
31/12/2021,352.2600098,0.542561695720923,Hold,9.0,Hold,10.0,Hold,10.0,Hold,10.0,Hold,10.0,Hold,10.0,Hold,10.0,Hold,10.0,Hold,10.0,Hold,10.0
3/1/2022,399.9266663,0.6599161074529184,Buy,9.0,Hold,10.0,Hold,10.0,Hold,10.0,Hold,10.0,Hold,10.0,Hold,10.0,Hold,10.0,Hold,10.0,Hold,10.0
4/1/2022,383.1966553,0.6118209681617084,Hold,9.0,Hold,10.0,Hold,10.0,Hold,10.0,Hold,10.0,Hold,10.0,Hold,10.0,Hold,10.0,Hold,10.0,Hold,10.0
5/1/2022,362.706665,0.6602104184501089,Hold,9.0,Hold,10.0,Hold,10.0,Hold,10.0,Hold,10.0,Hold,10.0,Hold,10.0,Hold,10.0,Hold,10.0,Hold,10.0
6/1/2022,354.8999939,0.6464383530236817,Hold,9.0,Hold,10.0,Hold,10.0,Hold,10.0,Hold,10.0,Hold,10.0,Hold,10.0,Hold,10.0,Hold,10.0,Hold,10.0
7/1/2022,342.3200073,0.64033583547691,Hold,9.0,Hold,10.0,Hold,10.0,Hold,10.0,Hold,10.0,Hold,10.0,Sell,10.0,Sell,10.0,Hold,10.0,Sell,10.0
10/1/2022,352.706665,0.7208046887310158,Hold,9.0,Hold,10.0,Sell,10.0,Hold,10.0,Sell,10.0,Hold,10.0,Sell,10.0,Hold,10.0,Sell,10.0,Hold,10.0
11/1/2022,354.7999878,0.7366109402216681,Hold,9.0,Hold,10.0,Hold,10.0,Hold,10.0,Hold,10.0,Hold,10.0,Hold,10.0,Hold,10.0,Hold,10.0,Hold,10.0
12/1/2022,368.7399902,0.7345762751141005,Hold,9.0,Hold,10.0,Hold,10.0,Hold,10.0,Hold,10.0,Hold,10.0,Buy,10.0,Hold,10.0,Hold,10.0,Hold,10.0
13/1/2022,343.8533325,0.6060698158425434,Hold,9.0,Hold,10.0,Hold,10.0,Hold,10.0,Hold,10.0,Hold,10.0,Hold,10.0,Hold,10.0,Hold,10.0,Hold,10.0
14/1/2022,349.8699951,0.6822611658812195,Sell,9.0,Sell,10.0,Sell,10.0,Hold,10.0,Sell,10.0,Sell,10.0,Sell,10.0,Sell,10.0,Sell,10.0,Sell,10.0
18/1/2022,343.5033264,0.6556905402970573,Hold,9.0,Hold,10.0,Hold,10.0,Hold,10.0,Hold,10.0,Hold,10.0,Hold,10.0,Hold,10.0,Hold,10.0,Hold,10.0
19/1/2022,331.8833313,0.6590650011597634,Hold,9.0,Hold,10.0,Hold,10.0,Hold,10.0,Hold,10.0,Hold,10.0,Hold,10.0,Hold,10.0,Hold,10.0,Hold,10.0
20/1/2022,332.0899963,0.6744112336266942,Hold,9.0,Hold,10.0,Hold,10.0,Hold,10.0,Hold,10.0,Hold,10.0,Hold,10.0,Hold,10.0,Hold,10.0,Hold,10.0
21/1/2022,314.6333313,0.647973796255701,Hold,9.0,Hold,10.0,Hold,10.0,Hold,10.0,Hold,10.0,Hold,10.0,Hold,10.0,Hold,10.0,Hold,10.0,Hold,10.0
24/1/2022,310.0,0.6539535651653665,Hold,9.0,Hold,10.0,Hold,10.0,Hold,10.0,Hold,10.0,Hold,10.0,Hold,10.0,Hold,10.0,Hold,10.0,Hold,10.0
25/1/2022,306.1333313,0.7269916339640268,Hold,9.0,Hold,10.0,Hold,10.0,Hold,10.0,Hold,10.0,Hold,10.0,Hold,10.0,Hold,10.0,Hold,10.0,Hold,10.0
26/1/2022,312.4700012,0.6198468047572778,Hold,9.0,Hold,10.0,Hold,10.0,Hold,10.0,Hold,10.0,Hold,10.0,Hold,10.0,Hold,10.0,Hold,10.0,Hold,10.0
27/1/2022,276.3666687,0.4615410930599981,Hold,9.0,Hold,10.0,Hold,10.0,Hold,10.0,Hold,10.0,Hold,10.0,Hold,10.0,Hold,10.0,Hold,10.0,Hold,10.0
28/1/2022,282.1166687,0.6783236675759643,Hold,9.0,Hold,10.0,Hold,10.0,Hold,10.0,Hold,10.0,Hold,10.0,Hold,10.0,Hold,10.0,Hold,10.0,Hold,10.0
31/1/2022,312.2399902,0.6302769411641731,Hold,9.0,Hold,10.0,Hold,10.0,Hold,10.0,Hold,10.0,Hold,10.0,Hold,10.0,Hold,10.0,Hold,10.0,Hold,10.0
1/2/2022,310.4166565,0.6970236611616326,Hold,9.0,Hold,10.0,Hold,10.0,Hold,10.0,Hold,10.0,Hold,10.0,Hold,10.0,Hold,10.0,Hold,10.0,Hold,10.0
2/2/2022,301.8866577,0.5539413900628793,Hold,9.0,Hold,10.0,Hold,10.0,Buy,10.0,Hold,10.0,Hold,10.0,Hold,10.0,Hold,10.0,Hold,10.0,Hold,10.0
3/2/2022,297.0466614,0.5679783070046099,Hold,9.0,Hold,10.0,Hold,10.0,Hold,10.0,Hold,10.0,Hold,10.0,Hold,10.0,Hold,10.0,Hold,10.0,Hold,10.0
4/2/2022,307.7733459,0.7045293751513075,Hold,9.0,Hold,10.0,Hold,10.0,Hold,10.0,Hold,10.0,Hold,10.0,Hold,10.0,Hold,10.0,Hold,10.0,Hold,10.0
7/2/2022,302.4466553,0.717410263398424,Hold,9.0,Hold,10.0,Hold,10.0,Hold,10.0,Hold,10.0,Hold,10.0,Hold,10.0,Hold,10.0,Hold,10.0,Hold,10.0
8/2/2022,307.3333435,0.766006342166965,Hold,9.0,Hold,10.0,Hold,10.0,Hold,10.0,Hold,10.0,Hold,10.0,Hold,10.0,Hold,10.0,Hold,10.0,Hold,10.0
9/2/2022,310.6666565,0.6467164992634635,Hold,9.0,Hold,10.0,Hold,10.0,Hold,10.0,Hold,10.0,Hold,10.0,Hold,10.0,Buy,10.0,Hold,10.0,Hold,10.0
10/2/2022,301.5166626,0.6368647854092866,Hold,9.0,Hold,10.0,Hold,10.0,Hold,10.0,Hold,10.0,Hold,10.0,Hold,10.0,Hold,10.0,Hold,10.0,Hold,10.0
11/2/2022,286.6666565,0.6926217181739548,Hold,9.0,Hold,10.0,Hold,10.0,Hold,10.0,Hold,10.0,Hold,10.0,Hold,10.0,Sell,10.0,Hold,10.0,Hold,10.0
14/2/2022,291.9200134,0.701825575353987,Hold,9.0,Hold,10.0,Hold,10.0,Hold,10.0,Hold,10.0,Hold,10.0,Hold,10.0,Hold,10.0,Hold,10.0,Hold,10.0
15/2/2022,307.4766541,0.7943813341612257,Hold,9.0,Hold,10.0,Hold,10.0,Hold,10.0,Hold,10.0,Hold,10.0,Hold,10.0,Sell,10.0,Hold,10.0,Hold,10.0
16/2/2022,307.7966614,0.7569648402427419,Hold,9.0,Hold,10.0,Hold,10.0,Hold,10.0,Hold,10.0,Hold,10.0,Hold,10.0,Hold,10.0,Hold,10.0,Hold,10.0
17/2/2022,292.1166687,0.6134307541749857,Hold,9.0,Hold,10.0,Hold,10.0,Hold,10.0,Hold,10.0,Hold,10.0,Hold,10.0,Hold,10.0,Hold,10.0,Hold,10.0
18/2/2022,285.6600037,0.5764797842811501,Hold,9.0,Hold,10.0,Hold,10.0,Hold,10.0,Hold,10.0,Hold,10.0,Hold,10.0,Hold,10.0,Hold,10.0,Hold,10.0
22/2/2022,273.8433228,0.6369207582559089,Hold,9.0,Hold,10.0,Hold,10.0,Hold,10.0,Hold,10.0,Hold,10.0,Hold,10.0,Hold,10.0,Hold,10.0,Hold,10.0
23/2/2022,254.6799927,0.5891543118310872,Hold,9.0,Hold,10.0,Hold,10.0,Hold,10.0,Hold,10.0,Hold,10.0,Hold,10.0,Hold,10.0,Hold,10.0,Hold,10.0
24/2/2022,266.9233398,0.6401759873933291,Hold,9.0,Hold,10.0,Hold,10.0,Hold,10.0,Hold,10.0,Hold,10.0,Hold,10.0,Hold,10.0,Hold,10.0,Hold,10.0
25/2/2022,269.956665,0.7171450220601264,Hold,9.0,Hold,10.0,Hold,10.0,Hold,10.0,Hold,10.0,Hold,10.0,Hold,10.0,Hold,10.0,Hold,10.0,Hold,10.0
28/2/2022,290.1433411,0.7134373402561738,Hold,9.0,Hold,10.0,Hold,10.0,Hold,10.0,Hold,10.0,Hold,10.0,Hold,10.0,Hold,10.0,Hold,10.0,Hold,10.0
1/3/2022,288.1233215,0.7426946515565791,Hold,9.0,Hold,10.0,Hold,10.0,Hold,10.0,Hold,10.0,Hold,10.0,Buy,10.0,Buy,10.0,Hold,10.0,Hold,10.0
2/3/2022,293.2966614,0.6640702777956422,Hold,9.0,Hold,10.0,Hold,10.0,Hold,10.0,Hold,10.0,Hold,10.0,Hold,10.0,Hold,10.0,Hold,10.0,Hold,10.0
3/3/2022,279.7633362,0.7118165053310327,Hold,9.0,Hold,10.0,Hold,10.0,Hold,10.0,Hold,10.0,Hold,10.0,Buy,10.0,Hold,10.0,Buy,10.0,Hold,10.0
4/3/2022,279.4299927,0.7340875364259888,Hold,9.0,Hold,10.0,Hold,10.0,Hold,10.0,Hold,10.0,Hold,10.0,Sell,10.0,Sell,10.0,Sell,10.0,Hold,10.0
7/3/2022,268.1933289,0.6473753697581149,Hold,9.0,Hold,10.0,Hold,10.0,Hold,10.0,Hold,10.0,Hold,10.0,Hold,10.0,Hold,10.0,Hold,10.0,Hold,10.0
8/3/2022,274.7999878,0.6249439497595455,Hold,9.0,Hold,10.0,Hold,10.0,Hold,10.0,Hold,10.0,Hold,10.0,Hold,10.0,Buy,10.0,Buy,10.0,Hold,10.0
9/3/2022,286.3233337,0.6218909003379219,Hold,9.0,Hold,10.0,Hold,10.0,Hold,10.0,Hold,10.0,Hold,10.0,Hold,10.0,Hold,10.0,Hold,10.0,Hold,10.0
10/3/2022,279.4333191,0.5617838803868326,Hold,9.0,Hold,10.0,Hold,10.0,Hold,10.0,Hold,10.0,Hold,10.0,Buy,10.0,Buy,10.0,Hold,10.0,Buy,10.0
11/3/2022,265.1166687,0.7074588940976141,Hold,9.0,Hold,10.0,Hold,10.0,Hold,10.0,Hold,10.0,Hold,10.0,Hold,10.0,Sell,10.0,Hold,10.0,Hold,10.0
14/3/2022,255.456665,0.6006244912716681,Hold,9.0,Hold,10.0,Hold,10.0,Hold,10.0,Hold,10.0,Hold,10.0,Hold,10.0,Hold,10.0,Hold,10.0,Hold,10.0
15/3/2022,267.2966614,0.5597515134269903,Hold,9.0,Hold,10.0,Hold,10.0,Hold,10.0,Hold,10.0,Hold,10.0,Hold,10.0,Hold,10.0,Hold,10.0,Hold,10.0
16/3/2022,280.0766602,0.7194380190454115,Hold,9.0,Hold,10.0,Hold,10.0,Hold,10.0,Hold,10.0,Hold,10.0,Hold,10.0,Hold,10.0,Hold,10.0,Hold,10.0
17/3/2022,290.5333252,0.6937042185264564,Buy,9.0,Buy,10.0,Buy,10.0,Hold,10.0,Buy,10.0,Buy,10.0,Buy,10.0,Buy,10.0,Buy,10.0,Buy,10.0
18/3/2022,301.7966614,0.7478091043648052,Hold,9.0,Hold,10.0,Hold,10.0,Hold,10.0,Hold,10.0,Hold,10.0,Hold,10.0,Hold,10.0,Hold,10.0,Hold,10.0
21/3/2022,307.0533447,0.6260684527630332,Hold,9.0,Hold,10.0,Hold,10.0,Hold,10.0,Hold,10.0,Hold,10.0,Hold,10.0,Hold,10.0,Hold,10.0,Hold,10.0
22/3/2022,331.3266602,0.7629650413662885,Hold,9.0,Hold,10.0,Hold,10.0,Hold,10.0,Hold,10.0,Hold,10.0,Hold,10.0,Hold,10.0,Hold,10.0,Hold,10.0
23/3/2022,333.0366821,0.7836992604003414,Hold,9.0,Hold,10.0,Hold,10.0,Hold,10.0,Hold,10.0,Hold,10.0,Hold,10.0,Hold,10.0,Hold,10.0,Hold,10.0
24/3/2022,337.9733276,0.7599118345309376,Hold,9.0,Hold,10.0,Hold,10.0,Hold,10.0,Hold,10.0,Hold,10.0,Hold,10.0,Hold,10.0,Hold,10.0,Hold,10.0
25/3/2022,336.8800049,0.7625634853007125,Hold,9.0,Hold,10.0,Hold,10.0,Hold,10.0,Hold,10.0,Hold,10.0,Hold,10.0,Hold,10.0,Hold,10.0,Hold,10.0
28/3/2022,363.9466553,0.7715103748404493,Hold,9.0,Hold,10.0,Hold,10.0,Hold,10.0,Hold,10.0,Hold,10.0,Hold,10.0,Hold,10.0,Hold,10.0,Hold,10.0
29/3/2022,366.5233459,0.8483379490955896,Hold,9.0,Hold,10.0,Hold,10.0,Hold,10.0,Hold,10.0,Hold,10.0,Hold,10.0,Hold,10.0,Hold,10.0,Hold,10.0
30/3/2022,364.6633301,0.7430301298261229,Hold,9.0,Hold,10.0,Hold,10.0,Hold,10.0,Hold,10.0,Hold,10.0,Hold,10.0,Hold,10.0,Hold,10.0,Hold,10.0
31/3/2022,359.2000122,0.6923589153855935,Hold,9.0,Hold,10.0,Hold,10.0,Hold,10.0,Hold,10.0,Hold,10.0,Hold,10.0,Hold,10.0,Hold,10.0,Hold,10.0
1/4/2022,361.5299988,0.7032082797253204,Hold,9.0,Hold,10.0,Hold,10.0,Sell,10.0,Hold,10.0,Hold,10.0,Hold,10.0,Hold,10.0,Hold,10.0,Hold,10.0
4/4/2022,381.8166809,0.6898816723630338,Hold,9.0,Hold,10.0,Hold,10.0,Sell,10.0,Hold,10.0,Hold,10.0,Hold,10.0,Hold,10.0,Hold,10.0,Hold,10.0
5/4/2022,363.7533264,0.7660518512514667,Hold,9.0,Hold,10.0,Hold,10.0,Sell,10.0,Hold,10.0,Hold,10.0,Hold,10.0,Hold,10.0,Hold,10.0,Hold,10.0
6/4/2022,348.5866699,0.661671262369998,Hold,9.0,Hold,10.0,Hold,10.0,Sell,10.0,Hold,10.0,Hold,10.0,Hold,10.0,Hold,10.0,Hold,10.0,Hold,10.0
7/4/2022,352.4200134,0.7761255423255574,Hold,9.0,Hold,10.0,Hold,10.0,Hold,10.0,Hold,10.0,Hold,10.0,Sell,10.0,Sell,10.0,Hold,10.0,Hold,10.0
8/4/2022,341.8299866,0.7403190485659407,Hold,9.0,Hold,10.0,Hold,10.0,Hold,10.0,Hold,10.0,Hold,10.0,Buy,10.0,Hold,10.0,Hold,10.0,Hold,10.0
11/4/2022,325.3099976,0.751873548984047,Hold,9.0,Sell,10.0,Hold,10.0,Hold,10.0,Hold,10.0,Hold,10.0,Sell,10.0,Sell,10.0,Hold,10.0,Hold,10.0
12/4/2022,328.9833374,0.7199750643826547,Sell,9.0,Hold,10.0,Hold,10.0,Hold,10.0,Hold,10.0,Hold,10.0,Sell,10.0,Sell,10.0,Sell,10.0,Hold,10.0
13/4/2022,340.7900085,0.7032067773897294,Hold,9.0,Hold,10.0,Hold,10.0,Hold,10.0,Hold,10.0,Hold,10.0,Hold,10.0,Hold,10.0,Hold,10.0,Hold,10.0
14/4/2022,328.3333435,0.7707644754324151,Hold,9.0,Hold,10.0,Hold,10.0,Hold,10.0,Hold,10.0,Hold,10.0,Buy,10.0,Hold,10.0,Hold,10.0,Hold,10.0
18/4/2022,334.7633362,0.6811979286430965,Sell,9.0,Hold,10.0,Sell,10.0,Hold,10.0,Sell,10.0,Hold,10.0,Sell,10.0,Hold,10.0,Hold,10.0,Hold,10.0
19/4/2022,342.7166748,0.6411698843541868,Hold,9.0,Hold,10.0,Hold,10.0,Hold,10.0,Hold,10.0,Hold,10.0,Hold,10.0,Hold,10.0,Hold,10.0,Hold,10.0
20/4/2022,325.7333374,0.6068226529530809,Hold,9.0,Hold,10.0,Hold,10.0,Hold,10.0,Hold,10.0,Hold,10.0,Buy,10.0,Hold,10.0,Hold,10.0,Hold,10.0
21/4/2022,336.2600098,0.5950120118168769,Hold,9.0,Hold,10.0,Sell,10.0,Hold,10.0,Sell,10.0,Sell,10.0,Sell,10.0,Hold,10.0,Hold,10.0,Sell,10.0
22/4/2022,335.0166626,0.6988232482564023,Hold,9.0,Hold,10.0,Hold,10.0,Hold,10.0,Hold,10.0,Hold,10.0,Hold,10.0,Hold,10.0,Hold,10.0,Hold,10.0
25/4/2022,332.6733398,0.6839213522939734,Hold,9.0,Hold,10.0,Sell,10.0,Hold,10.0,Sell,10.0,Hold,10.0,Hold,10.0,Hold,10.0,Hold,10.0,Hold,10.0
26/4/2022,292.1400146,0.639914036374467,Hold,9.0,Hold,10.0,Hold,10.0,Hold,10.0,Hold,10.0,Hold,10.0,Hold,10.0,Hold,10.0,Hold,10.0,Hold,10.0
27/4/2022,293.8366699,0.5754656103213692,Hold,9.0,Hold,10.0,Sell,10.0,Hold,10.0,Sell,10.0,Sell,10.0,Hold,10.0,Hold,10.0,Hold,10.0,Sell,10.0
28/4/2022,292.5033264,0.7311938500377844,Hold,9.0,Hold,10.0,Hold,10.0,Hold,10.0,Hold,10.0,Hold,10.0,Hold,10.0,Hold,10.0,Hold,10.0,Hold,10.0
29/4/2022,290.2533264,0.7459025877833448,Hold,9.0,Hold,10.0,Hold,10.0,Hold,10.0,Hold,10.0,Hold,10.0,Hold,10.0,Hold,10.0,Hold,10.0,Hold,10.0
2/5/2022,300.980011,0.7324003238206349,Hold,9.0,Hold,10.0,Hold,10.0,Hold,10.0,Hold,10.0,Hold,10.0,Hold,10.0,Hold,10.0,Hold,10.0,Hold,10.0
3/5/2022,303.0833435,0.7428688992844907,Hold,9.0,Hold,10.0,Hold,10.0,Hold,10.0,Hold,10.0,Hold,10.0,Hold,10.0,Hold,10.0,Hold,10.0,Hold,10.0
4/5/2022,317.5400085,0.6613760581070606,Hold,9.0,Hold,10.0,Hold,10.0,Hold,10.0,Hold,10.0,Hold,10.0,Hold,10.0,Hold,10.0,Hold,10.0,Hold,10.0
5/5/2022,291.0933228,0.6457990002702269,Hold,9.0,Hold,10.0,Hold,10.0,Hold,10.0,Hold,10.0,Hold,10.0,Buy,10.0,Hold,10.0,Hold,10.0,Hold,10.0
6/5/2022,288.5499878,0.7427152360475511,Hold,9.0,Hold,10.0,Hold,10.0,Hold,10.0,Hold,10.0,Hold,10.0,Sell,10.0,Hold,10.0,Hold,10.0,Hold,10.0
9/5/2022,262.3699951,0.7019200003668777,Hold,9.0,Hold,10.0,Hold,10.0,Hold,10.0,Hold,10.0,Hold,10.0,Hold,10.0,Hold,10.0,Hold,10.0,Hold,10.0
10/5/2022,266.6799927,0.5584774653239749,Hold,9.0,Hold,10.0,Hold,10.0,Hold,10.0,Hold,10.0,Hold,10.0,Hold,10.0,Hold,10.0,Hold,10.0,Hold,10.0
11/5/2022,244.6666718,0.6303948932182257,Hold,9.0,Hold,10.0,Hold,10.0,Hold,10.0,Hold,10.0,Hold,10.0,Hold,10.0,Hold,10.0,Hold,10.0,Hold,10.0
12/5/2022,242.6666718,0.619128479846593,Hold,9.0,Hold,10.0,Hold,10.0,Hold,10.0,Hold,10.0,Hold,10.0,Hold,10.0,Hold,10.0,Hold,10.0,Hold,10.0
13/5/2022,256.5299988,0.6193461720044698,Hold,9.0,Hold,10.0,Hold,10.0,Hold,10.0,Hold,10.0,Hold,10.0,Hold,10.0,Hold,10.0,Hold,10.0,Hold,10.0
16/5/2022,241.456665,0.4974736774764764,Hold,9.0,Hold,10.0,Hold,10.0,Hold,10.0,Hold,10.0,Hold,10.0,Hold,10.0,Hold,10.0,Hold,10.0,Hold,10.0
17/5/2022,253.8699951,0.666604374464883,Hold,9.0,Hold,10.0,Hold,10.0,Hold,10.0,Hold,10.0,Hold,10.0,Hold,10.0,Hold,10.0,Hold,10.0,Hold,10.0
18/5/2022,236.6033325,0.6746490629481344,Hold,9.0,Hold,10.0,Hold,10.0,Hold,10.0,Hold,10.0,Hold,10.0,Hold,10.0,Hold,10.0,Hold,10.0,Hold,10.0
19/5/2022,236.4733276,0.6106122962629593,Hold,9.0,Hold,10.0,Hold,10.0,Hold,10.0,Hold,10.0,Hold,10.0,Hold,10.0,Hold,10.0,Hold,10.0,Hold,10.0
20/5/2022,221.3000031,0.6427226536216053,Hold,9.0,Hold,10.0,Hold,10.0,Hold,10.0,Hold,10.0,Hold,10.0,Hold,10.0,Hold,10.0,Hold,10.0,Hold,10.0
23/5/2022,224.9666595,0.582997776896332,Hold,9.0,Hold,10.0,Hold,10.0,Hold,10.0,Hold,10.0,Hold,10.0,Hold,10.0,Hold,10.0,Hold,10.0,Hold,10.0
24/5/2022,209.386673,0.674055910139228,Hold,9.0,Hold,10.0,Hold,10.0,Buy,10.0,Hold,10.0,Hold,10.0,Hold,10.0,Hold,10.0,Hold,10.0,Hold,10.0
25/5/2022,219.6000061,0.6363041107383836,Hold,9.0,Hold,10.0,Hold,10.0,Buy,10.0,Hold,10.0,Hold,10.0,Hold,10.0,Hold,10.0,Hold,10.0,Hold,10.0
26/5/2022,235.9100037,0.7007455237816563,Hold,9.0,Hold,10.0,Hold,10.0,Hold,10.0,Hold,10.0,Hold,10.0,Hold,10.0,Hold,10.0,Hold,10.0,Hold,10.0
27/5/2022,253.2100067,0.6798345536736481,Hold,9.0,Hold,10.0,Hold,10.0,Hold,10.0,Hold,10.0,Hold,10.0,Hold,10.0,Hold,10.0,Hold,10.0,Hold,10.0
31/5/2022,252.7533264,0.7327191903818682,Hold,9.0,Hold,10.0,Hold,10.0,Hold,10.0,Hold,10.0,Hold,10.0,Buy,10.0,Buy,10.0,Hold,10.0,Hold,10.0
1/6/2022,246.7899933,0.8046832030879931,Hold,9.0,Hold,10.0,Hold,10.0,Hold,10.0,Hold,10.0,Hold,10.0,Hold,10.0,Hold,10.0,Hold,10.0,Hold,10.0
2/6/2022,258.3333435,0.7349898575271612,Hold,9.0,Hold,10.0,Hold,10.0,Hold,10.0,Hold,10.0,Hold,10.0,Hold,10.0,Hold,10.0,Hold,10.0,Hold,10.0
3/6/2022,234.5166626,0.5093945623516594,Buy,9.0,Hold,10.0,Hold,10.0,Hold,10.0,Hold,10.0,Hold,10.0,Hold,10.0,Hold,10.0,Buy,10.0,Hold,10.0
6/6/2022,238.2799988,0.6290956991069617,Hold,9.0,Hold,10.0,Hold,10.0,Hold,10.0,Hold,10.0,Hold,10.0,Sell,10.0,Sell,10.0,Sell,10.0,Hold,10.0
7/6/2022,238.886673,0.7715281053247642,Hold,9.0,Hold,10.0,Hold,10.0,Hold,10.0,Hold,10.0,Hold,10.0,Hold,10.0,Hold,10.0,Hold,10.0,Hold,10.0
8/6/2022,241.8666687,0.6605034269703355,Hold,9.0,Hold,10.0,Hold,10.0,Hold,10.0,Hold,10.0,Hold,10.0,Hold,10.0,Hold,10.0,Hold,10.0,Hold,10.0
9/6/2022,239.706665,0.5825985217004472,Hold,9.0,Hold,10.0,Hold,10.0,Hold,10.0,Hold,10.0,Hold,10.0,Hold,10.0,Hold,10.0,Hold,10.0,Hold,10.0
10/6/2022,232.2299957,0.6001870417088121,Hold,9.0,Hold,10.0,Hold,10.0,Hold,10.0,Hold,10.0,Hold,10.0,Hold,10.0,Hold,10.0,Hold,10.0,Hold,10.0
13/6/2022,215.7366638,0.6028749653242765,Buy,9.0,Buy,10.0,Hold,10.0,Hold,10.0,Hold,10.0,Hold,10.0,Hold,10.0,Hold,10.0,Hold,10.0,Hold,10.0
14/6/2022,220.8899994,0.6445669885400422,Hold,9.0,Hold,10.0,Hold,10.0,Hold,10.0,Hold,10.0,Hold,10.0,Hold,10.0,Hold,10.0,Sell,10.0,Hold,10.0
15/6/2022,233.0,0.6888345921138535,Hold,9.0,Hold,10.0,Hold,10.0,Hold,10.0,Hold,10.0,Hold,10.0,Hold,10.0,Hold,10.0,Hold,10.0,Hold,10.0
16/6/2022,213.1000061,0.5940543383173071,Hold,9.0,Hold,10.0,Hold,10.0,Hold,10.0,Hold,10.0,Hold,10.0,Hold,10.0,Hold,10.0,Hold,10.0,Hold,10.0
17/6/2022,216.7599945,0.6208920122838539,Hold,9.0,Hold,10.0,Hold,10.0,Hold,10.0,Hold,10.0,Hold,10.0,Hold,10.0,Hold,10.0,Hold,10.0,Hold,10.0
21/6/2022,237.0366669,0.7515284237261152,Sell,9.0,Sell,10.0,Hold,10.0,Hold,10.0,Hold,10.0,Hold,10.0,Hold,10.0,Hold,10.0,Hold,10.0,Hold,10.0
22/6/2022,236.0866699,0.7171573038025132,Hold,9.0,Hold,10.0,Hold,10.0,Hold,10.0,Hold,10.0,Hold,10.0,Buy,10.0,Buy,10.0,Buy,10.0,Hold,10.0
23/6/2022,235.0700073,0.5734207068953656,Hold,9.0,Hold,10.0,Hold,10.0,Hold,10.0,Hold,10.0,Hold,10.0,Hold,10.0,Hold,10.0,Hold,10.0,Hold,10.0
24/6/2022,245.706665,0.5798159873289556,Hold,9.0,Hold,10.0,Hold,10.0,Hold,10.0,Hold,10.0,Hold,10.0,Sell,10.0,Hold,10.0,Hold,10.0,Hold,10.0
27/6/2022,244.9199982,0.6740327460052997,Buy,9.0,Hold,10.0,Hold,10.0,Hold,10.0,Hold,10.0,Hold,10.0,Buy,10.0,Hold,10.0,Buy,10.0,Hold,10.0
28/6/2022,232.6633301,0.7185614961282482,Hold,9.0,Hold,10.0,Hold,10.0,Hold,10.0,Hold,10.0,Hold,10.0,Hold,10.0,Buy,10.0,Buy,10.0,Hold,10.0
29/6/2022,228.4900055,0.6587693164910061,Hold,9.0,Hold,10.0,Hold,10.0,Hold,10.0,Hold,10.0,Hold,10.0,Sell,10.0,Sell,10.0,Sell,10.0,Hold,10.0
30/6/2022,224.4733276,0.6241970350025343,Hold,9.0,Hold,10.0,Hold,10.0,Hold,10.0,Hold,10.0,Hold,10.0,Hold,10.0,Hold,10.0,Hold,10.0,Hold,10.0
1/7/2022,227.2633362,0.5274778665546327,Hold,9.0,Hold,10.0,Hold,10.0,Hold,10.0,Hold,10.0,Hold,10.0,Hold,10.0,Hold,10.0,Hold,10.0,Hold,10.0
5/7/2022,233.0666656,0.4559362499739536,Hold,9.0,Hold,10.0,Hold,10.0,Hold,10.0,Hold,10.0,Hold,10.0,Hold,10.0,Hold,10.0,Hold,10.0,Hold,10.0
6/7/2022,231.7333374,0.5246634152356622,Hold,9.0,Buy,10.0,Hold,10.0,Hold,10.0,Hold,10.0,Hold,10.0,Buy,10.0,Buy,10.0,Hold,10.0,Hold,10.0
7/7/2022,244.543335,0.7204247216340468,Buy,9.0,Hold,10.0,Hold,10.0,Hold,10.0,Hold,10.0,Hold,10.0,Sell,10.0,Sell,10.0,Hold,10.0,Hold,10.0
8/7/2022,250.7633362,0.6711934650355454,Hold,9.0,Hold,10.0,Buy,10.0,Sell,10.0,Hold,10.0,Buy,10.0,Buy,10.0,Hold,10.0,Hold,10.0,Hold,10.0
11/7/2022,234.343338,0.7230086596112675,Hold,9.0,Hold,10.0,Hold,10.0,Hold,10.0,Hold,10.0,Hold,10.0,Hold,10.0,Hold,10.0,Hold,10.0,Hold,10.0
12/7/2022,233.0700073,0.7270422886030747,Hold,9.0,Hold,10.0,Hold,10.0,Hold,10.0,Hold,10.0,Hold,10.0,Sell,10.0,Sell,10.0,Sell,10.0,Hold,10.0
13/7/2022,237.0399933,0.7145564487531112,Hold,9.0,Hold,10.0,Hold,10.0,Hold,10.0,Hold,10.0,Hold,10.0,Hold,10.0,Hold,10.0,Hold,10.0,Hold,10.0
14/7/2022,238.3133392,0.5910326129542297,Hold,9.0,Hold,10.0,Buy,10.0,Hold,10.0,Buy,10.0,Buy,10.0,Buy,10.0,Buy,10.0,Buy,10.0,Buy,10.0
15/7/2022,240.0666656,0.7046887154553416,Hold,9.0,Hold,10.0,Hold,10.0,Hold,10.0,Hold,10.0,Hold,10.0,Hold,10.0,Hold,10.0,Hold,10.0,Hold,10.0
18/7/2022,240.5466614,0.6853965421670583,Hold,9.0,Hold,10.0,Hold,10.0,Hold,10.0,Hold,10.0,Hold,10.0,Hold,10.0,Hold,10.0,Hold,10.0,Hold,10.0
19/7/2022,245.5299988,0.732941541838961,Hold,9.0,Hold,10.0,Hold,10.0,Hold,10.0,Hold,10.0,Hold,10.0,Hold,10.0,Hold,10.0,Hold,10.0,Hold,10.0
20/7/2022,247.5,0.4978274824214915,Hold,9.0,Hold,10.0,Hold,10.0,Hold,10.0,Hold,10.0,Hold,10.0,Hold,10.0,Hold,10.0,Hold,10.0,Hold,10.0
21/7/2022,271.706665,0.5294978865924134,Hold,9.0,Hold,10.0,Hold,10.0,Sell,10.0,Hold,10.0,Hold,10.0,Hold,10.0,Hold,10.0,Hold,10.0,Hold,10.0
22/7/2022,272.2433472,0.5950375085618442,Hold,9.0,Hold,10.0,Hold,10.0,Hold,10.0,Hold,10.0,Hold,10.0,Hold,10.0,Hold,10.0,Hold,10.0,Hold,10.0
25/7/2022,268.4333191,0.7561611259174781,Hold,9.0,Hold,10.0,Hold,10.0,Hold,10.0,Hold,10.0,Hold,10.0,Hold,10.0,Hold,10.0,Hold,10.0,Hold,10.0
26/7/2022,258.8599854,0.6731067076769196,Hold,9.0,Hold,10.0,Hold,10.0,Hold,10.0,Hold,10.0,Hold,10.0,Hold,10.0,Hold,10.0,Hold,10.0,Hold,10.0
27/7/2022,274.8200073,0.6500443952573924,Hold,9.0,Hold,10.0,Hold,10.0,Hold,10.0,Hold,10.0,Hold,10.0,Hold,10.0,Hold,10.0,Hold,10.0,Hold,10.0
28/7/2022,280.8999939,0.7674040335719332,Hold,9.0,Hold,10.0,Hold,10.0,Hold,10.0,Hold,10.0,Hold,10.0,Hold,10.0,Hold,10.0,Hold,10.0,Hold,10.0
29/7/2022,297.1499939,0.6324012408367938,Hold,9.0,Hold,10.0,Hold,10.0,Hold,10.0,Hold,10.0,Hold,10.0,Hold,10.0,Hold,10.0,Hold,10.0,Hold,10.0
1/8/2022,297.2766724,0.7149207133634252,Hold,9.0,Hold,10.0,Hold,10.0,Hold,10.0,Hold,10.0,Hold,10.0,Hold,10.0,Hold,10.0,Hold,10.0,Hold,10.0
2/8/2022,300.5866699,0.6612156284213592,Hold,9.0,Hold,10.0,Hold,10.0,Hold,10.0,Hold,10.0,Hold,10.0,Hold,10.0,Hold,10.0,Hold,10.0,Hold,10.0
3/8/2022,307.3966675,0.7163282079936981,Hold,9.0,Hold,10.0,Hold,10.0,Hold,10.0,Hold,10.0,Hold,10.0,Hold,10.0,Hold,10.0,Hold,10.0,Hold,10.0
4/8/2022,308.6333313,0.7549995087730813,Hold,9.0,Hold,10.0,Hold,10.0,Hold,10.0,Hold,10.0,Hold,10.0,Hold,10.0,Hold,10.0,Hold,10.0,Hold,10.0
5/8/2022,288.1700134,0.7221219590267641,Hold,9.0,Hold,10.0,Hold,10.0,Sell,10.0,Hold,10.0,Hold,10.0,Hold,10.0,Hold,10.0,Hold,10.0,Hold,10.0
8/8/2022,290.4233398,0.6858079237850475,Hold,9.0,Hold,10.0,Hold,10.0,Hold,10.0,Hold,10.0,Hold,10.0,Hold,10.0,Hold,10.0,Hold,10.0,Hold,10.0
9/8/2022,283.3333435,0.5551069618052368,Hold,9.0,Hold,10.0,Hold,10.0,Hold,10.0,Hold,10.0,Hold,10.0,Hold,10.0,Hold,10.0,Hold,10.0,Hold,10.0
10/8/2022,294.3566589,0.7827952539293688,Hold,9.0,Hold,10.0,Hold,10.0,Hold,10.0,Hold,10.0,Hold,10.0,Hold,10.0,Sell,10.0,Hold,10.0,Hold,10.0
11/8/2022,286.6300049,0.7109750319112011,Hold,9.0,Hold,10.0,Hold,10.0,Hold,10.0,Hold,10.0,Hold,10.0,Hold,10.0,Buy,10.0,Hold,10.0,Hold,10.0
12/8/2022,300.0299988,0.6913044000564993,Hold,9.0,Hold,10.0,Hold,10.0,Hold,10.0,Hold,10.0,Hold,10.0,Hold,10.0,Sell,10.0,Hold,10.0,Hold,10.0
15/8/2022,309.3200073,0.6583131635049406,Hold,9.0,Hold,10.0,Hold,10.0,Sell,10.0,Hold,10.0,Hold,10.0,Hold,10.0,Buy,10.0,Hold,10.0,Hold,10.0
16/8/2022,306.563324,0.8572929453475242,Hold,9.0,Hold,10.0,Hold,10.0,Hold,10.0,Hold,10.0,Hold,10.0,Hold,10.0,Sell,10.0,Hold,10.0,Hold,10.0
17/8/2022,303.9966736,0.651122637465358,Hold,9.0,Hold,10.0,Hold,10.0,Hold,10.0,Hold,10.0,Hold,10.0,Hold,10.0,Hold,10.0,Hold,10.0,Hold,10.0
18/8/2022,302.8699951,0.6646335074921284,Hold,9.0,Hold,10.0,Hold,10.0,Hold,10.0,Hold,10.0,Hold,10.0,Hold,10.0,Hold,10.0,Hold,10.0,Hold,10.0
19/8/2022,296.6666565,0.8212681048103105,Hold,9.0,Hold,10.0,Hold,10.0,Hold,10.0,Hold,10.0,Hold,10.0,Hold,10.0,Hold,10.0,Hold,10.0,Hold,10.0
22/8/2022,289.9133301,0.6866294829383608,Hold,9.0,Hold,10.0,Hold,10.0,Hold,10.0,Hold,10.0,Hold,10.0,Sell,10.0,Hold,10.0,Hold,10.0,Sell,10.0
23/8/2022,296.4533386,0.7160189588203573,Hold,9.0,Hold,10.0,Hold,10.0,Hold,10.0,Hold,10.0,Hold,10.0,Hold,10.0,Hold,10.0,Hold,10.0,Hold,10.0
24/8/2022,297.0966797,0.7844634730901907,Hold,9.0,Hold,10.0,Hold,10.0,Hold,10.0,Hold,10.0,Hold,10.0,Hold,10.0,Hold,10.0,Hold,10.0,Hold,10.0
25/8/2022,296.0700073,0.7575105583847369,Hold,9.0,Hold,10.0,Hold,10.0,Hold,10.0,Hold,10.0,Hold,10.0,Hold,10.0,Hold,10.0,Hold,10.0,Hold,10.0
26/8/2022,288.0899963,0.6436695033368853,Hold,9.0,Hold,10.0,Hold,10.0,Hold,10.0,Hold,10.0,Hold,10.0,Hold,10.0,Hold,10.0,Hold,10.0,Hold,10.0
29/8/2022,284.8200073,0.6651998703151849,Sell,9.0,Sell,10.0,Sell,10.0,Hold,10.0,Sell,10.0,Sell,10.0,Sell,10.0,Sell,10.0,Sell,10.0,Sell,10.0
30/8/2022,277.7000122,0.7917613552364696,Hold,9.0,Hold,10.0,Hold,10.0,Hold,10.0,Hold,10.0,Hold,10.0,Hold,10.0,Hold,10.0,Hold,10.0,Hold,10.0
31/8/2022,275.6099854,0.5726924868404712,Hold,9.0,Hold,10.0,Hold,10.0,Hold,10.0,Hold,10.0,Hold,10.0,Hold,10.0,Hold,10.0,Hold,10.0,Hold,10.0
1/9/2022,277.1600037,0.5574093081263884,Hold,9.0,Hold,10.0,Hold,10.0,Hold,10.0,Hold,10.0,Hold,10.0,Hold,10.0,Hold,10.0,Hold,10.0,Hold,10.0
2/9/2022,270.2099915,0.7480270710125851,Hold,9.0,Hold,10.0,Hold,10.0,Buy,10.0,Hold,10.0,Hold,10.0,Hold,10.0,Hold,10.0,Hold,10.0,Hold,10.0
6/9/2022,274.4200134,0.6060943315648906,Hold,9.0,Hold,10.0,Hold,10.0,Buy,10.0,Hold,10.0,Hold,10.0,Hold,10.0,Hold,10.0,Hold,10.0,Hold,10.0
7/9/2022,283.7000122,0.7267241189731395,Hold,9.0,Hold,10.0,Hold,10.0,Hold,10.0,Hold,10.0,Hold,10.0,Hold,10.0,Hold,10.0,Hold,10.0,Hold,10.0
8/9/2022,289.2600098,0.7336525498991302,Hold,9.0,Hold,10.0,Hold,10.0,Hold,10.0,Buy,10.0,Buy,10.0,Buy,10.0,Buy,10.0,Hold,10.0,Buy,10.0
9/9/2022,299.6799927,0.6672933022085461,Buy,9.0,Hold,10.0,Buy,10.0,Hold,10.0,Hold,10.0,Hold,10.0,Hold,10.0,Hold,10.0,Buy,10.0,Hold,10.0
12/9/2022,304.4200134,0.8008569683955306,Hold,9.0,Hold,10.0,Hold,10.0,Hold,10.0,Hold,10.0,Hold,10.0,Hold,10.0,Hold,10.0,Hold,10.0,Hold,10.0
13/9/2022,292.1300049,0.7245052611691019,Hold,9.0,Hold,10.0,Hold,10.0,Hold,10.0,Hold,10.0,Hold,10.0,Hold,10.0,Hold,10.0,Hold,10.0,Hold,10.0
14/9/2022,302.6099854,0.6133907629251624,Hold,9.0,Hold,10.0,Hold,10.0,Hold,10.0,Hold,10.0,Hold,10.0,Hold,10.0,Hold,10.0,Hold,10.0,Hold,10.0
15/9/2022,303.75,0.6720687724077273,Hold,9.0,Hold,10.0,Hold,10.0,Hold,10.0,Hold,10.0,Hold,10.0,Hold,10.0,Hold,10.0,Hold,10.0,Hold,10.0
16/9/2022,303.3500061,0.5916107588366687,Hold,9.0,Hold,10.0,Hold,10.0,Hold,10.0,Hold,10.0,Hold,10.0,Hold,10.0,Hold,10.0,Hold,10.0,Hold,10.0
19/9/2022,309.0700073,0.6191002638671442,Hold,9.0,Hold,10.0,Hold,10.0,Hold,10.0,Hold,10.0,Hold,10.0,Hold,10.0,Hold,10.0,Hold,10.0,Hold,10.0
20/9/2022,308.730011,0.5186686394101774,Hold,9.0,Hold,10.0,Hold,10.0,Sell,10.0,Hold,10.0,Hold,10.0,Hold,10.0,Hold,10.0,Hold,10.0,Hold,10.0
21/9/2022,300.7999878,0.791078247694779,Hold,9.0,Hold,10.0,Hold,10.0,Hold,10.0,Hold,10.0,Hold,10.0,Hold,10.0,Hold,10.0,Hold,10.0,Hold,10.0
22/9/2022,288.5899963,0.553582342028246,Hold,9.0,Hold,10.0,Hold,10.0,Hold,10.0,Hold,10.0,Hold,10.0,Hold,10.0,Hold,10.0,Hold,10.0,Hold,10.0
23/9/2022,275.3299866,0.7481682102209719,Sell,9.0,Sell,10.0,Sell,10.0,Hold,10.0,Sell,10.0,Sell,10.0,Sell,10.0,Sell,10.0,Sell,10.0,Sell,10.0
26/9/2022,276.0100098,0.7100972269625732,Hold,9.0,Hold,10.0,Hold,10.0,Hold,10.0,Hold,10.0,Hold,10.0,Hold,10.0,Hold,10.0,Hold,10.0,Hold,10.0
27/9/2022,282.9400024,0.6827508847792005,Hold,9.0,Hold,10.0,Hold,10.0,Hold,10.0,Hold,10.0,Hold,10.0,Hold,10.0,Hold,10.0,Hold,10.0,Hold,10.0
28/9/2022,287.8099976,0.6410323934050076,Hold,9.0,Hold,10.0,Hold,10.0,Hold,10.0,Hold,10.0,Hold,10.0,Hold,10.0,Hold,10.0,Hold,10.0,Hold,10.0
29/9/2022,268.2099915,0.6711769363073845,Hold,9.0,Hold,10.0,Hold,10.0,Hold,10.0,Hold,10.0,Hold,10.0,Hold,10.0,Hold,10.0,Hold,10.0,Hold,10.0
30/9/2022,265.25,0.8316423429439075,Hold,9.0,Hold,10.0,Hold,10.0,Hold,10.0,Hold,10.0,Hold,10.0,Hold,10.0,Hold,10.0,Hold,10.0,Hold,10.0
3/10/2022,242.3999939,0.4708346334644088,Hold,9.0,Hold,10.0,Hold,10.0,Hold,10.0,Hold,10.0,Hold,10.0,Hold,10.0,Hold,10.0,Hold,10.0,Hold,10.0
4/10/2022,249.4400024,0.5642754919799717,Hold,9.0,Hold,10.0,Hold,10.0,Hold,10.0,Hold,10.0,Hold,10.0,Hold,10.0,Hold,10.0,Hold,10.0,Hold,10.0
5/10/2022,240.8099976,0.6507275525137237,Hold,9.0,Hold,10.0,Hold,10.0,Hold,10.0,Hold,10.0,Hold,10.0,Hold,10.0,Hold,10.0,Hold,10.0,Hold,10.0
6/10/2022,238.1300049,0.5760086980923068,Hold,9.0,Hold,10.0,Hold,10.0,Hold,10.0,Hold,10.0,Hold,10.0,Hold,10.0,Hold,10.0,Hold,10.0,Hold,10.0
7/10/2022,223.0700073,0.7143087869187009,Hold,9.0,Hold,10.0,Hold,10.0,Hold,10.0,Hold,10.0,Hold,10.0,Hold,10.0,Hold,10.0,Hold,10.0,Hold,10.0
10/10/2022,222.9600067,0.5384158313822529,Hold,9.0,Hold,10.0,Hold,10.0,Hold,10.0,Hold,10.0,Hold,10.0,Hold,10.0,Hold,10.0,Hold,10.0,Hold,10.0
11/10/2022,216.5,0.6478609162274963,Hold,9.0,Hold,10.0,Hold,10.0,Hold,10.0,Hold,10.0,Hold,10.0,Hold,10.0,Hold,10.0,Hold,10.0,Hold,10.0
12/10/2022,217.2400055,0.7329491371581998,Hold,9.0,Hold,10.0,Hold,10.0,Hold,10.0,Hold,10.0,Hold,10.0,Hold,10.0,Hold,10.0,Hold,10.0,Hold,10.0
13/10/2022,221.7200012,0.8005518415498346,Hold,9.0,Hold,10.0,Hold,10.0,Hold,10.0,Hold,10.0,Hold,10.0,Hold,10.0,Hold,10.0,Hold,10.0,Hold,10.0
14/10/2022,204.9900055,0.6540227632004915,Hold,9.0,Hold,10.0,Hold,10.0,Hold,10.0,Hold,10.0,Hold,10.0,Hold,10.0,Hold,10.0,Hold,10.0,Hold,10.0
17/10/2022,219.3500061,0.6278843983316678,Hold,9.0,Hold,10.0,Hold,10.0,Hold,10.0,Hold,10.0,Hold,10.0,Hold,10.0,Hold,10.0,Hold,10.0,Hold,10.0
18/10/2022,220.1900024,0.5776773526017495,Hold,9.0,Hold,10.0,Hold,10.0,Buy,10.0,Hold,10.0,Hold,10.0,Hold,10.0,Hold,10.0,Hold,10.0,Hold,10.0
19/10/2022,222.0399933,0.5732449096718817,Hold,9.0,Hold,10.0,Hold,10.0,Buy,10.0,Hold,10.0,Hold,10.0,Hold,10.0,Hold,10.0,Hold,10.0,Hold,10.0
20/10/2022,207.2799988,0.4947550459929815,Hold,9.0,Hold,10.0,Hold,10.0,Buy,10.0,Hold,10.0,Hold,10.0,Hold,10.0,Hold,10.0,Hold,10.0,Hold,10.0
21/10/2022,214.4400024,0.6059246443079567,Hold,9.0,Hold,10.0,Hold,10.0,Hold,10.0,Hold,10.0,Hold,10.0,Hold,10.0,Hold,10.0,Hold,10.0,Hold,10.0
24/10/2022,211.25,0.4859872717565424,Hold,9.0,Hold,10.0,Hold,10.0,Hold,10.0,Hold,10.0,Hold,10.0,Hold,10.0,Hold,10.0,Hold,10.0,Hold,10.0
25/10/2022,222.4199982,0.5286334336776135,Hold,9.0,Hold,10.0,Hold,10.0,Hold,10.0,Hold,10.0,Hold,10.0,Hold,10.0,Hold,10.0,Hold,10.0,Hold,10.0
26/10/2022,224.6399994,0.7190360776605753,Hold,9.0,Buy,10.0,Hold,10.0,Hold,10.0,Hold,10.0,Hold,10.0,Hold,10.0,Buy,10.0,Hold,10.0,Hold,10.0
27/10/2022,225.0899963,0.7587568074611577,Hold,9.0,Hold,10.0,Hold,10.0,Hold,10.0,Hold,10.0,Hold,10.0,Hold,10.0,Hold,10.0,Hold,10.0,Hold,10.0
28/10/2022,228.5200043,0.6216462047536142,Hold,9.0,Hold,10.0,Hold,10.0,Hold,10.0,Hold,10.0,Hold,10.0,Hold,10.0,Hold,10.0,Hold,10.0,Hold,10.0
31/10/2022,227.5399933,0.8503111732780896,Hold,9.0,Hold,10.0,Hold,10.0,Hold,10.0,Hold,10.0,Hold,10.0,Hold,10.0,Hold,10.0,Hold,10.0,Hold,10.0
1/11/2022,227.8200073,0.5847821455157924,Hold,9.0,Hold,10.0,Hold,10.0,Hold,10.0,Hold,10.0,Hold,10.0,Hold,10.0,Hold,10.0,Hold,10.0,Hold,10.0
2/11/2022,214.9799957,0.6098368242258031,Hold,9.0,Hold,10.0,Hold,10.0,Hold,10.0,Hold,10.0,Hold,10.0,Hold,10.0,Hold,10.0,Hold,10.0,Hold,10.0
3/11/2022,215.3099976,0.526850421580308,Hold,9.0,Hold,10.0,Hold,10.0,Hold,10.0,Hold,10.0,Hold,10.0,Hold,10.0,Sell,10.0,Hold,10.0,Hold,10.0
4/11/2022,207.4700012,0.6497129230038248,Hold,9.0,Hold,10.0,Hold,10.0,Hold,10.0,Hold,10.0,Hold,10.0,Hold,10.0,Hold,10.0,Hold,10.0,Hold,10.0
7/11/2022,197.0800018,0.5543378412980806,Hold,9.0,Hold,10.0,Hold,10.0,Hold,10.0,Hold,10.0,Hold,10.0,Hold,10.0,Hold,10.0,Hold,10.0,Hold,10.0
8/11/2022,191.3000031,0.5677876125500219,Hold,9.0,Hold,10.0,Hold,10.0,Hold,10.0,Hold,10.0,Hold,10.0,Hold,10.0,Hold,10.0,Hold,10.0,Hold,10.0
9/11/2022,177.5899963,0.6946611043206028,Hold,9.0,Hold,10.0,Hold,10.0,Hold,10.0,Hold,10.0,Hold,10.0,Hold,10.0,Hold,10.0,Hold,10.0,Hold,10.0
10/11/2022,190.7200012,0.6380584951470373,Hold,9.0,Hold,10.0,Hold,10.0,Hold,10.0,Hold,10.0,Hold,10.0,Hold,10.0,Hold,10.0,Hold,10.0,Hold,10.0
11/11/2022,195.9700012,0.6626960215761626,Hold,9.0,Hold,10.0,Hold,10.0,Hold,10.0,Hold,10.0,Hold,10.0,Hold,10.0,Hold,10.0,Hold,10.0,Hold,10.0
14/11/2022,190.9499969,0.7438850433965442,Hold,9.0,Hold,10.0,Hold,10.0,Hold,10.0,Hold,10.0,Hold,10.0,Hold,10.0,Hold,10.0,Hold,10.0,Hold,10.0
15/11/2022,194.4199982,0.5831586513610727,Hold,9.0,Hold,10.0,Hold,10.0,Hold,10.0,Hold,10.0,Hold,10.0,Hold,10.0,Hold,10.0,Hold,10.0,Hold,10.0
16/11/2022,186.9199982,0.7912024542983808,Hold,9.0,Hold,10.0,Hold,10.0,Hold,10.0,Hold,10.0,Hold,10.0,Hold,10.0,Hold,10.0,Hold,10.0,Hold,10.0
17/11/2022,183.1699982,0.6802090811533177,Hold,9.0,Hold,10.0,Hold,10.0,Hold,10.0,Hold,10.0,Hold,10.0,Hold,10.0,Hold,10.0,Hold,10.0,Hold,10.0
18/11/2022,180.1900024,0.7452499029072102,Hold,9.0,Hold,10.0,Hold,10.0,Hold,10.0,Hold,10.0,Hold,10.0,Hold,10.0,Hold,10.0,Hold,10.0,Hold,10.0
21/11/2022,167.8699951,0.4603649484150614,Hold,9.0,Hold,10.0,Hold,10.0,Hold,10.0,Hold,10.0,Hold,10.0,Hold,10.0,Hold,10.0,Hold,10.0,Hold,10.0
22/11/2022,169.9100037,0.3650970788582717,Hold,9.0,Hold,10.0,Hold,10.0,Hold,10.0,Hold,10.0,Hold,10.0,Hold,10.0,Hold,10.0,Hold,10.0,Hold,10.0
23/11/2022,183.1999969,0.552744623515757,Hold,9.0,Hold,10.0,Hold,10.0,Hold,10.0,Hold,10.0,Hold,10.0,Hold,10.0,Hold,10.0,Hold,10.0,Hold,10.0
25/11/2022,182.8600006,0.5838189063173339,Hold,9.0,Hold,10.0,Hold,10.0,Hold,10.0,Hold,10.0,Hold,10.0,Hold,10.0,Hold,10.0,Hold,10.0,Hold,10.0
28/11/2022,182.9199982,0.5935314608225897,Hold,9.0,Hold,10.0,Hold,10.0,Hold,10.0,Hold,10.0,Hold,10.0,Hold,10.0,Hold,10.0,Hold,10.0,Hold,10.0
29/11/2022,180.8300018,0.407643746017826,Hold,9.0,Hold,10.0,Hold,10.0,Hold,10.0,Hold,10.0,Hold,10.0,Hold,10.0,Hold,10.0,Hold,10.0,Hold,10.0
30/11/2022,194.6999969,0.5914973966140354,Hold,9.0,Hold,10.0,Hold,10.0,Hold,10.0,Hold,10.0,Hold,10.0,Hold,10.0,Hold,10.0,Hold,10.0,Hold,10.0
1/12/2022,194.6999969,0.7580531898805003,Hold,9.0,Hold,10.0,Hold,10.0,Hold,10.0,Hold,10.0,Hold,10.0,Buy,10.0,Buy,10.0,Buy,10.0,Hold,10.0
2/12/2022,194.8600006,0.6688978734682426,Hold,9.0,Hold,10.0,Hold,10.0,Hold,10.0,Hold,10.0,Hold,10.0,Hold,10.0,Hold,10.0,Hold,10.0,Hold,10.0
5/12/2022,182.4499969,0.4659965192709848,Hold,9.0,Hold,10.0,Hold,10.0,Buy,10.0,Hold,10.0,Hold,10.0,Hold,10.0,Hold,10.0,Hold,10.0,Hold,10.0
6/12/2022,179.8200073,0.6574140271059465,Sell,9.0,Sell,10.0,Hold,10.0,Hold,10.0,Hold,10.0,Hold,10.0,Sell,10.0,Sell,10.0,Sell,10.0,Hold,10.0
7/12/2022,174.0399933,0.551574042991353,Hold,9.0,Hold,10.0,Hold,10.0,Hold,10.0,Hold,10.0,Hold,10.0,Hold,10.0,Hold,10.0,Hold,10.0,Hold,10.0
8/12/2022,173.4400024,0.5206947818573976,Hold,9.0,Hold,10.0,Hold,10.0,Hold,10.0,Hold,10.0,Hold,10.0,Hold,10.0,Hold,10.0,Hold,10.0,Hold,10.0
9/12/2022,179.0500031,0.4357796222737091,Hold,9.0,Hold,10.0,Hold,10.0,Hold,10.0,Hold,10.0,Hold,10.0,Hold,10.0,Hold,10.0,Hold,10.0,Hold,10.0
12/12/2022,167.8200073,0.5863367594978823,Hold,9.0,Hold,10.0,Hold,10.0,Hold,10.0,Hold,10.0,Hold,10.0,Hold,10.0,Hold,10.0,Hold,10.0,Hold,10.0
13/12/2022,160.9499969,0.4820675584119991,Hold,9.0,Hold,10.0,Hold,10.0,Hold,10.0,Hold,10.0,Hold,10.0,Hold,10.0,Hold,10.0,Hold,10.0,Hold,10.0
14/12/2022,156.8000031,0.4588761756475247,Hold,9.0,Hold,10.0,Hold,10.0,Hold,10.0,Hold,10.0,Hold,10.0,Hold,10.0,Hold,10.0,Hold,10.0,Hold,10.0
15/12/2022,157.6699982,0.6898213891354573,Hold,9.0,Hold,10.0,Hold,10.0,Hold,10.0,Hold,10.0,Hold,10.0,Hold,10.0,Hold,10.0,Hold,10.0,Hold,10.0
16/12/2022,150.2299957,0.587757744595055,Hold,9.0,Hold,10.0,Hold,10.0,Hold,10.0,Hold,10.0,Hold,10.0,Hold,10.0,Hold,10.0,Hold,10.0,Hold,10.0
19/12/2022,149.8699951,0.5637556303955591,Hold,9.0,Hold,10.0,Hold,10.0,Hold,10.0,Hold,10.0,Hold,10.0,Hold,10.0,Hold,10.0,Hold,10.0,Hold,10.0
20/12/2022,137.8000031,0.5456051126368829,Hold,9.0,Hold,10.0,Hold,10.0,Hold,10.0,Hold,10.0,Hold,10.0,Hold,10.0,Hold,10.0,Hold,10.0,Hold,10.0
21/12/2022,137.5700073,0.5279793014647411,Hold,9.0,Hold,10.0,Hold,10.0,Hold,10.0,Hold,10.0,Hold,10.0,Hold,10.0,Hold,10.0,Hold,10.0,Hold,10.0
22/12/2022,125.3499985,0.5350172897624301,Hold,9.0,Hold,10.0,Hold,10.0,Hold,10.0,Hold,10.0,Hold,10.0,Hold,10.0,Hold,10.0,Hold,10.0,Hold,10.0
23/12/2022,123.1500015,0.6487368683413411,Hold,9.0,Hold,10.0,Hold,10.0,Hold,10.0,Hold,10.0,Hold,10.0,Hold,10.0,Hold,10.0,Hold,10.0,Hold,10.0
27/12/2022,109.0999985,0.441996842531427,Hold,9.0,Hold,10.0,Hold,10.0,Hold,10.0,Hold,10.0,Hold,10.0,Hold,10.0,Hold,10.0,Hold,10.0,Hold,10.0
28/12/2022,112.7099991,0.4757883625739609,Hold,9.0,Hold,10.0,Hold,10.0,Hold,10.0,Hold,10.0,Hold,10.0,Hold,10.0,Hold,10.0,Hold,10.0,Hold,10.0
29/12/2022,121.8199997,0.6291215708067457,Hold,9.0,Hold,10.0,Hold,10.0,Hold,10.0,Hold,10.0,Hold,10.0,Hold,10.0,Hold,10.0,Hold,10.0,Hold,10.0
30/12/2022,123.1800003,0.4761368831005166,Hold,9.0,Hold,10.0,Hold,10.0,Hold,10.0,Hold,10.0,Hold,10.0,Hold,10.0,Hold,10.0,Hold,10.0,Hold,10.0
3/1/2023,108.0999985,0.078503608222105,Hold,9.0,Hold,10.0,Hold,10.0,Hold,10.0,Hold,10.0,Hold,10.0,Hold,10.0,Hold,10.0,Hold,10.0,Hold,10.0
4/1/2023,113.6399994,0.3170639505553951,Hold,9.0,Hold,10.0,Hold,10.0,Hold,10.0,Hold,10.0,Hold,10.0,Hold,10.0,Hold,10.0,Hold,10.0,Hold,10.0
5/1/2023,110.3399963,0.1816285644028161,Hold,9.0,Hold,10.0,Hold,10.0,Buy,10.0,Hold,10.0,Hold,10.0,Hold,10.0,Hold,10.0,Hold,10.0,Hold,10.0
6/1/2023,113.0599976,0.0319002724300825,Hold,9.0,Hold,10.0,Hold,10.0,Buy,10.0,Hold,10.0,Hold,10.0,Hold,10.0,Hold,10.0,Hold,10.0,Hold,10.0
9/1/2023,119.7699966,0.6978676057379603,Hold,9.0,Hold,10.0,Hold,10.0,Hold,10.0,Hold,10.0,Hold,10.0,Hold,10.0,Hold,10.0,Hold,10.0,Hold,10.0
10/1/2023,118.8499985,0.7443658696623761,Hold,9.0,Hold,10.0,Hold,10.0,Hold,10.0,Hold,10.0,Hold,10.0,Hold,10.0,Hold,10.0,Hold,10.0,Hold,10.0
11/1/2023,123.2200012,0.587642710503876,Hold,9.0,Hold,10.0,Hold,10.0,Hold,10.0,Hold,10.0,Hold,10.0,Hold,10.0,Hold,10.0,Hold,10.0,Hold,10.0
12/1/2023,123.5599976,0.2492092130222453,Hold,9.0,Buy,10.0,Hold,10.0,Hold,10.0,Hold,10.0,Hold,10.0,Buy,10.0,Buy,10.0,Hold,10.0,Hold,10.0
13/1/2023,122.4000015,0.187268235745732,Hold,9.0,Hold,10.0,Hold,10.0,Hold,10.0,Hold,10.0,Hold,10.0,Hold,10.0,Hold,10.0,Hold,10.0,Hold,10.0
17/1/2023,131.4900055,0.7964298490716294,Hold,9.0,Hold,10.0,Hold,10.0,Hold,10.0,Hold,10.0,Hold,10.0,Hold,10.0,Hold,10.0,Buy,10.0,Hold,10.0
18/1/2023,128.7799988,0.6132959544808702,Buy,9.0,Hold,10.0,Buy,10.0,Hold,10.0,Buy,10.0,Hold,10.0,Hold,10.0,Hold,10.0,Hold,10.0,Hold,10.0
19/1/2023,127.1699982,0.6227327308088235,Hold,9.0,Hold,10.0,Hold,10.0,Hold,10.0,Hold,10.0,Hold,10.0,Hold,10.0,Hold,10.0,Hold,10.0,Hold,10.0
20/1/2023,133.4199982,0.4776088389607894,Hold,9.0,Hold,10.0,Hold,10.0,Hold,10.0,Hold,10.0,Hold,10.0,Hold,10.0,Hold,10.0,Hold,10.0,Hold,10.0
23/1/2023,143.75,0.6252531067932346,Buy,9.0,Hold,10.0,Buy,10.0,Hold,10.0,Buy,10.0,Hold,10.0,Hold,10.0,Hold,10.0,Hold,10.0,Hold,10.0
24/1/2023,143.8899994,0.8209114478682732,Hold,9.0,Hold,10.0,Hold,10.0,Hold,10.0,Hold,10.0,Hold,10.0,Hold,10.0,Hold,10.0,Hold,10.0,Hold,10.0
25/1/2023,144.4299927,0.3245070830356638,Hold,9.0,Hold,10.0,Hold,10.0,Hold,10.0,Hold,10.0,Hold,10.0,Hold,10.0,Hold,10.0,Hold,10.0,Hold,10.0
26/1/2023,160.2700043,0.3071964980683242,Hold,9.0,Hold,10.0,Hold,10.0,Hold,10.0,Hold,10.0,Hold,10.0,Hold,10.0,Hold,10.0,Hold,10.0,Hold,10.0
27/1/2023,177.8999939,0.6750594573399059,Hold,9.0,Hold,10.0,Hold,10.0,Hold,10.0,Hold,10.0,Hold,10.0,Hold,10.0,Hold,10.0,Hold,10.0,Hold,10.0
30/1/2023,166.6600037,0.3145846574991347,Hold,9.0,Hold,10.0,Hold,10.0,Hold,10.0,Hold,10.0,Hold,10.0,Hold,10.0,Hold,10.0,Hold,10.0,Hold,10.0
31/1/2023,173.2200012,0.5337166233771952,Hold,9.0,Hold,10.0,Hold,10.0,Hold,10.0,Hold,10.0,Hold,10.0,Hold,10.0,Hold,10.0,Hold,10.0,Hold,10.0
1/2/2023,181.4100037,0.681152213076087,Hold,9.0,Hold,10.0,Hold,10.0,Hold,10.0,Hold,10.0,Hold,10.0,Hold,10.0,Hold,10.0,Hold,10.0,Hold,10.0
2/2/2023,188.2700043,0.4754378227192982,Hold,9.0,Hold,10.0,Hold,10.0,Hold,10.0,Hold,10.0,Hold,10.0,Hold,10.0,Hold,10.0,Hold,10.0,Hold,10.0
3/2/2023,189.9799957,0.5577841031301511,Hold,9.0,Hold,10.0,Hold,10.0,Hold,10.0,Hold,10.0,Hold,10.0,Hold,10.0,Hold,10.0,Hold,10.0,Hold,10.0
6/2/2023,194.7599945,0.4107087996508632,Hold,9.0,Hold,10.0,Hold,10.0,Hold,10.0,Hold,10.0,Hold,10.0,Hold,10.0,Hold,10.0,Hold,10.0,Hold,10.0
7/2/2023,196.8099976,0.65549584175,Hold,9.0,Hold,10.0,Hold,10.0,Hold,10.0,Hold,10.0,Hold,10.0,Hold,10.0,Hold,10.0,Hold,10.0,Hold,10.0
8/2/2023,201.2899933,0.4998657030942065,Hold,9.0,Hold,10.0,Hold,10.0,Hold,10.0,Hold,10.0,Hold,10.0,Hold,10.0,Hold,10.0,Hold,10.0,Hold,10.0
9/2/2023,207.3200073,0.536962980763174,Hold,9.0,Hold,10.0,Hold,10.0,Hold,10.0,Hold,10.0,Hold,10.0,Hold,10.0,Hold,10.0,Hold,10.0,Hold,10.0
10/2/2023,196.8899994,0.5660773788717949,Hold,9.0,Hold,10.0,Hold,10.0,Hold,10.0,Hold,10.0,Hold,10.0,Hold,10.0,Hold,10.0,Hold,10.0,Hold,10.0
13/2/2023,194.6399994,0.5849671693299185,Hold,9.0,Hold,10.0,Hold,10.0,Hold,10.0,Hold,10.0,Hold,10.0,Hold,10.0,Hold,10.0,Hold,10.0,Hold,10.0
14/2/2023,209.25,0.9372956948141592,Hold,9.0,Hold,10.0,Hold,10.0,Hold,10.0,Hold,10.0,Hold,10.0,Hold,10.0,Hold,10.0,Hold,10.0,Hold,10.0
15/2/2023,214.2400055,0.7677558162681295,Hold,9.0,Hold,10.0,Hold,10.0,Hold,10.0,Hold,10.0,Hold,10.0,Hold,10.0,Hold,10.0,Hold,10.0,Hold,10.0
16/2/2023,202.0399933,0.5938593243888671,Hold,9.0,Hold,10.0,Hold,10.0,Hold,10.0,Hold,10.0,Hold,10.0,Hold,10.0,Hold,10.0,Hold,10.0,Hold,10.0
17/2/2023,208.3099976,0.6283162684090908,Hold,9.0,Hold,10.0,Hold,10.0,Sell,10.0,Hold,10.0,Hold,10.0,Hold,10.0,Hold,10.0,Hold,10.0,Hold,10.0
21/2/2023,197.3699951,0.3735612875848023,Hold,9.0,Hold,10.0,Hold,10.0,Hold,10.0,Hold,10.0,Hold,10.0,Hold,10.0,Hold,10.0,Hold,10.0,Hold,10.0
22/2/2023,200.8600006,0.3390087676368793,Hold,9.0,Hold,10.0,Hold,10.0,Hold,10.0,Hold,10.0,Hold,10.0,Hold,10.0,Hold,10.0,Hold,10.0,Hold,10.0
23/2/2023,202.0700073,0.7663045882539682,Hold,9.0,Hold,10.0,Hold,10.0,Hold,10.0,Hold,10.0,Hold,10.0,Hold,10.0,Hold,10.0,Hold,10.0,Hold,10.0
24/2/2023,196.8800049,0.4740486416502459,Hold,9.0,Hold,10.0,Hold,10.0,Hold,10.0,Hold,10.0,Hold,10.0,Hold,10.0,Hold,10.0,Hold,10.0,Hold,10.0
27/2/2023,207.6300049,0.5820845395894461,Hold,9.0,Sell,10.0,Hold,10.0,Hold,10.0,Hold,10.0,Hold,10.0,Sell,10.0,Sell,10.0,Hold,10.0,Hold,10.0
28/2/2023,205.7100067,0.6454837643139572,Hold,9.0,Hold,10.0,Hold,10.0,Hold,10.0,Hold,10.0,Hold,10.0,Buy,10.0,Hold,10.0,Hold,10.0,Hold,10.0
1/3/2023,202.7700043,0.5853100484315517,Hold,9.0,Hold,10.0,Hold,10.0,Hold,10.0,Hold,10.0,Hold,10.0,Hold,10.0,Sell,10.0,Sell,10.0,Hold,10.0
2/3/2023,190.8999939,0.4578181146059027,Hold,9.0,Hold,10.0,Hold,10.0,Hold,10.0,Hold,10.0,Hold,10.0,Hold,10.0,Hold,10.0,Hold,10.0,Hold,10.0
3/3/2023,197.7899933,0.5733257949336695,Sell,9.0,Sell,10.0,Sell,10.0,Hold,10.0,Sell,10.0,Sell,10.0,Sell,10.0,Hold,10.0,Hold,10.0,Sell,10.0
6/3/2023,193.8099976,0.4511694859281666,Hold,9.0,Hold,10.0,Hold,10.0,Hold,10.0,Buy,10.0,Hold,10.0,Hold,10.0,Hold,10.0,Hold,10.0,Hold,10.0
7/3/2023,187.7100067,0.8171415278872854,Sell,9.0,Hold,10.0,Sell,10.0,Hold,10.0,Sell,10.0,Hold,10.0,Hold,10.0,Hold,10.0,Hold,10.0,Hold,10.0
8/3/2023,182.0,0.5324106648786756,Hold,9.0,Hold,10.0,Hold,10.0,Hold,10.0,Hold,10.0,Hold,10.0,Hold,10.0,Hold,10.0,Hold,10.0,Hold,10.0
9/3/2023,172.9199982,0.2544878348829787,Hold,9.0,Hold,10.0,Hold,10.0,Hold,10.0,Hold,10.0,Hold,10.0,Hold,10.0,Hold,10.0,Hold,10.0,Hold,10.0
10/3/2023,173.4400024,0.4841136825910208,Hold,9.0,Hold,10.0,Hold,10.0,Hold,10.0,Hold,10.0,Hold,10.0,Hold,10.0,Hold,10.0,Hold,10.0,Hold,10.0
13/3/2023,174.4799957,0.4651714266666666,Hold,9.0,Hold,10.0,Hold,10.0,Hold,10.0,Hold,10.0,Hold,10.0,Hold,10.0,Hold,10.0,Hold,10.0,Hold,10.0
14/3/2023,183.2599945,0.4152340111084523,Hold,9.0,Hold,10.0,Hold,10.0,Hold,10.0,Hold,10.0,Hold,10.0,Hold,10.0,Hold,10.0,Hold,10.0,Hold,10.0
15/3/2023,180.4499969,0.6898963734501219,Hold,9.0,Hold,10.0,Hold,10.0,Hold,10.0,Buy,10.0,Hold,10.0,Hold,10.0,Hold,10.0,Hold,10.0,Buy,10.0
16/3/2023,184.1300049,0.6893498721486667,Hold,9.0,Hold,10.0,Hold,10.0,Hold,10.0,Hold,10.0,Hold,10.0,Hold,10.0,Hold,10.0,Hold,10.0,Hold,10.0
17/3/2023,180.1300049,0.5565447164777777,Hold,9.0,Hold,10.0,Hold,10.0,Hold,10.0,Buy,10.0,Hold,10.0,Hold,10.0,Hold,10.0,Hold,10.0,Buy,10.0
20/3/2023,183.25,0.3422144645,Hold,9.0,Hold,10.0,Hold,10.0,Hold,10.0,Hold,10.0,Hold,10.0,Hold,10.0,Hold,10.0,Hold,10.0,Hold,10.0
21/3/2023,197.5800018,0.2608361880039873,Hold,9.0,Hold,10.0,Hold,10.0,Hold,10.0,Buy,10.0,Hold,10.0,Hold,10.0,Hold,10.0,Hold,10.0,Buy,10.0
22/3/2023,191.1499939,0.4238616184651745,Buy,9.0,Buy,10.0,Buy,10.0,Hold,10.0,Hold,10.0,Buy,10.0,Buy,10.0,Buy,10.0,Buy,10.0,Hold,10.0
23/3/2023,192.2200012,0.6898843477777777,Hold,9.0,Hold,10.0,Hold,10.0,Hold,10.0,Hold,10.0,Hold,10.0,Hold,10.0,Hold,10.0,Hold,10.0,Hold,10.0
24/3/2023,190.4100037,0.5812531817841065,Hold,9.0,Hold,10.0,Hold,10.0,Hold,10.0,Hold,10.0,Hold,10.0,Hold,10.0,Hold,10.0,Hold,10.0,Hold,10.0
27/3/2023,191.8099976,0.5443859380037039,Hold,9.0,Hold,10.0,Hold,10.0,Hold,10.0,Hold,10.0,Hold,10.0,Hold,10.0,Hold,10.0,Hold,10.0,Hold,10.0
28/3/2023,189.1900024,0.5253050171514706,Hold,9.0,Hold,10.0,Hold,10.0,Hold,10.0,Hold,10.0,Hold,10.0,Hold,10.0,Hold,10.0,Hold,10.0,Hold,10.0
29/3/2023,193.8800049,0.4889419584473387,Hold,9.0,Hold,10.0,Hold,10.0,Hold,10.0,Hold,10.0,Hold,10.0,Hold,10.0,Hold,10.0,Hold,10.0,Hold,10.0
30/3/2023,195.2799988,0.4972779783132529,Hold,9.0,Hold,10.0,Hold,10.0,Hold,10.0,Hold,10.0,Hold,10.0,Hold,10.0,Hold,10.0,Hold,10.0,Hold,10.0
31/3/2023,207.4600067,0.1343168248888574,Hold,9.0,Hold,10.0,Hold,10.0,Hold,10.0,Hold,10.0,Hold,10.0,Hold,10.0,Hold,10.0,Hold,10.0,Hold,10.0
3/4/2023,194.7700043,0.3180564215819419,Hold,9.0,Hold,10.0,Hold,10.0,Hold,10.0,Hold,10.0,Hold,10.0,Hold,10.0,Hold,10.0,Hold,10.0,Hold,10.0
4/4/2023,192.5800018,0.5862270509938505,Hold,9.0,Hold,10.0,Hold,10.0,Hold,10.0,Hold,10.0,Hold,10.0,Hold,10.0,Hold,10.0,Hold,10.0,Hold,10.0
5/4/2023,185.5200043,0.4714834669342104,Hold,9.0,Hold,10.0,Hold,10.0,Hold,10.0,Hold,10.0,Sell,10.0,Sell,10.0,Sell,10.0,Hold,10.0,Sell,10.0
6/4/2023,185.0599976,0.839062238055532,Sell,9.0,Hold,10.0,Sell,10.0,Hold,10.0,Sell,10.0,Hold,10.0,Hold,10.0,Hold,10.0,Sell,10.0,Hold,10.0
10/4/2023,184.5099945,0.5933580069814035,Hold,9.0,Hold,10.0,Hold,10.0,Hold,10.0,Hold,10.0,Hold,10.0,Hold,10.0,Hold,10.0,Hold,10.0,Hold,10.0
11/4/2023,186.7899933,0.6144465598435199,Hold,9.0,Hold,10.0,Hold,10.0,Hold,10.0,Hold,10.0,Hold,10.0,Hold,10.0,Hold,10.0,Hold,10.0,Hold,10.0
12/4/2023,180.5399933,0.5616800797973046,Hold,9.0,Hold,10.0,Hold,10.0,Hold,10.0,Hold,10.0,Hold,10.0,Hold,10.0,Hold,10.0,Hold,10.0,Hold,10.0
13/4/2023,185.8999939,0.7225174037254902,Hold,9.0,Hold,10.0,Hold,10.0,Hold,10.0,Hold,10.0,Hold,10.0,Hold,10.0,Hold,10.0,Hold,10.0,Hold,10.0
14/4/2023,185.0,0.5179922283478922,Hold,9.0,Hold,10.0,Hold,10.0,Hold,10.0,Hold,10.0,Hold,10.0,Hold,10.0,Hold,10.0,Hold,10.0,Hold,10.0
17/4/2023,187.0399933,0.7335677991833333,Hold,9.0,Hold,10.0,Hold,10.0,Hold,10.0,Hold,10.0,Hold,10.0,Hold,10.0,Hold,10.0,Hold,10.0,Hold,10.0
18/4/2023,184.3099976,0.2360353299961808,Hold,9.0,Hold,10.0,Hold,10.0,Hold,10.0,Hold,10.0,Hold,10.0,Hold,10.0,Hold,10.0,Hold,10.0,Hold,10.0
19/4/2023,180.5899963,0.1255588607822988,Hold,9.0,Hold,10.0,Hold,10.0,Hold,10.0,Hold,10.0,Hold,10.0,Hold,10.0,Hold,10.0,Hold,10.0,Hold,10.0
20/4/2023,162.9900055,0.0975129359440378,Hold,9.0,Hold,10.0,Hold,10.0,Hold,10.0,Hold,10.0,Hold,10.0,Hold,10.0,Hold,10.0,Hold,10.0,Hold,10.0
21/4/2023,165.0800018,0.3131139781753694,Hold,9.0,Hold,10.0,Hold,10.0,Hold,10.0,Hold,10.0,Hold,10.0,Hold,10.0,Hold,10.0,Hold,10.0,Hold,10.0
24/4/2023,162.5500031,0.2154830588888888,Hold,9.0,Hold,10.0,Hold,10.0,Hold,10.0,Hold,10.0,Hold,10.0,Hold,10.0,Hold,10.0,Hold,10.0,Hold,10.0
25/4/2023,160.6699982,0.5354969480460599,Hold,9.0,Hold,10.0,Hold,10.0,Hold,10.0,Hold,10.0,Hold,10.0,Hold,10.0,Hold,10.0,Hold,10.0,Hold,10.0
26/4/2023,153.75,0.0992166367567567,Hold,9.0,Hold,10.0,Hold,10.0,Hold,10.0,Hold,10.0,Hold,10.0,Hold,10.0,Hold,10.0,Hold,10.0,Hold,10.0
27/4/2023,160.1900024,0.1911857049228303,Hold,9.0,Hold,10.0,Hold,10.0,Hold,10.0,Hold,10.0,Hold,10.0,Hold,10.0,Hold,10.0,Hold,10.0,Hold,10.0
28/4/2023,164.3099976,0.2522702178072581,Hold,9.0,Hold,10.0,Hold,10.0,Hold,10.0,Hold,10.0,Hold,10.0,Hold,10.0,Hold,10.0,Hold,10.0,Hold,10.0
1/5/2023,161.8300018,0.6531412879032259,Hold,9.0,Hold,10.0,Hold,10.0,Hold,10.0,Hold,10.0,Hold,10.0,Hold,10.0,Hold,10.0,Hold,10.0,Hold,10.0
2/5/2023,160.3099976,0.5552764791666666,Hold,9.0,Hold,10.0,Hold,10.0,Hold,10.0,Hold,10.0,Hold,10.0,Hold,10.0,Hold,10.0,Hold,10.0,Hold,10.0
3/5/2023,160.6100006,0.3370960472832839,Hold,9.0,Hold,10.0,Hold,10.0,Buy,10.0,Hold,10.0,Hold,10.0,Hold,10.0,Hold,10.0,Hold,10.0,Hold,10.0
4/5/2023,161.1999969,0.4514327265393563,Hold,9.0,Hold,10.0,Hold,10.0,Buy,10.0,Hold,10.0,Hold,10.0,Hold,10.0,Hold,10.0,Hold,10.0,Hold,10.0
5/5/2023,170.0599976,0.5758057892677273,Hold,9.0,Hold,10.0,Hold,10.0,Hold,10.0,Hold,10.0,Hold,10.0,Hold,10.0,Hold,10.0,Hold,10.0,Hold,10.0
8/5/2023,171.7899933,0.9532884862138464,Buy,9.0,Buy,10.0,Hold,10.0,Hold,10.0,Hold,10.0,Hold,10.0,Buy,10.0,Buy,10.0,Buy,10.0,Hold,10.0
9/5/2023,169.1499939,0.759609178076923,Hold,9.0,Hold,10.0,Hold,10.0,Hold,10.0,Hold,10.0,Hold,10.0,Hold,10.0,Buy,10.0,Buy,10.0,Hold,10.0
10/5/2023,168.5399933,0.6366556445450163,Hold,9.0,Hold,10.0,Hold,10.0,Hold,10.0,Hold,10.0,Hold,10.0,Sell,10.0,Hold,10.0,Hold,10.0,Hold,10.0
11/5/2023,172.0800018,0.9824104380434784,Hold,9.0,Hold,10.0,Hold,10.0,Hold,10.0,Hold,10.0,Hold,10.0,Hold,10.0,Hold,10.0,Hold,10.0,Hold,10.0
12/5/2023,167.9799957,0.5135302436237569,Buy,9.0,Hold,10.0,Buy,10.0,Hold,10.0,Buy,10.0,Hold,10.0,Buy,10.0,Hold,10.0,Hold,10.0,Hold,10.0
15/5/2023,166.3500061,0.8260256486360551,Hold,9.0,Hold,10.0,Hold,10.0,Hold,10.0,Hold,10.0,Hold,10.0,Sell,10.0,Hold,10.0,Hold,10.0,Hold,10.0
16/5/2023,166.5200043,0.6207734251426857,Hold,9.0,Hold,10.0,Hold,10.0,Hold,10.0,Hold,10.0,Hold,10.0,Hold,10.0,Hold,10.0,Hold,10.0,Hold,10.0
17/5/2023,173.8600006,0.6642104672198864,Buy,9.0,Buy,10.0,Hold,10.0,Hold,10.0,Hold,10.0,Hold,10.0,Hold,10.0,Hold,10.0,Hold,10.0,Hold,10.0
18/5/2023,176.8899994,0.244600763064,Hold,9.0,Hold,10.0,Buy,10.0,Hold,10.0,Buy,10.0,Buy,10.0,Buy,10.0,Hold,10.0,Hold,10.0,Buy,10.0
19/5/2023,180.1399994,0.4964169109375,Hold,9.0,Hold,10.0,Hold,10.0,Hold,10.0,Hold,10.0,Hold,10.0,Hold,10.0,Hold,10.0,Hold,10.0,Hold,10.0
22/5/2023,188.8699951,0.4482994555071636,Hold,9.0,Hold,10.0,Hold,10.0,Hold,10.0,Hold,10.0,Hold,10.0,Hold,10.0,Hold,10.0,Hold,10.0,Hold,10.0
23/5/2023,185.7700043,0.5152066530161262,Hold,9.0,Hold,10.0,Hold,10.0,Hold,10.0,Hold,10.0,Hold,10.0,Hold,10.0,Hold,10.0,Hold,10.0,Hold,10.0
24/5/2023,182.8999939,0.2451781323040337,Hold,9.0,Hold,10.0,Hold,10.0,Hold,10.0,Hold,10.0,Hold,10.0,Hold,10.0,Hold,10.0,Hold,10.0,Hold,10.0
25/5/2023,184.4700012,0.5172436041093862,Hold,9.0,Hold,10.0,Hold,10.0,Hold,10.0,Hold,10.0,Hold,10.0,Hold,10.0,Hold,10.0,Hold,10.0,Hold,10.0
26/5/2023,193.1699982,0.7074181876923076,Hold,9.0,Hold,10.0,Hold,10.0,Hold,10.0,Hold,10.0,Hold,10.0,Hold,10.0,Hold,10.0,Hold,10.0,Hold,10.0
30/5/2023,201.1600037,0.5234166373822043,Hold,9.0,Hold,10.0,Hold,10.0,Hold,10.0,Hold,10.0,Hold,10.0,Hold,10.0,Hold,10.0,Hold,10.0,Hold,10.0
31/5/2023,203.9299927,0.3629847373667214,Hold,9.0,Hold,10.0,Hold,10.0,Hold,10.0,Hold,10.0,Hold,10.0,Hold,10.0,Hold,10.0,Hold,10.0,Hold,10.0
1/6/2023,207.5200043,0.6682084566442038,Hold,9.0,Hold,10.0,Hold,10.0,Hold,10.0,Hold,10.0,Hold,10.0,Hold,10.0,Hold,10.0,Hold,10.0,Hold,10.0
2/6/2023,213.9700012,0.3915173138091494,Hold,9.0,Hold,10.0,Hold,10.0,Hold,10.0,Hold,10.0,Hold,10.0,Hold,10.0,Hold,10.0,Hold,10.0,Hold,10.0
5/6/2023,217.6100006,0.4572496160182043,Hold,9.0,Hold,10.0,Hold,10.0,Hold,10.0,Hold,10.0,Hold,10.0,Hold,10.0,Hold,10.0,Hold,10.0,Hold,10.0
6/6/2023,221.3099976,0.3788335421393403,Hold,9.0,Hold,10.0,Hold,10.0,Hold,10.0,Hold,10.0,Hold,10.0,Hold,10.0,Hold,10.0,Hold,10.0,Hold,10.0
7/6/2023,224.5700073,0.4939747092388945,Hold,9.0,Hold,10.0,Hold,10.0,Hold,10.0,Hold,10.0,Hold,10.0,Hold,10.0,Hold,10.0,Hold,10.0,Hold,10.0
8/6/2023,234.8600006,0.8389866126807362,Hold,9.0,Hold,10.0,Hold,10.0,Hold,10.0,Hold,10.0,Hold,10.0,Hold,10.0,Hold,10.0,Hold,10.0,Hold,10.0
9/6/2023,244.3999939,0.4927220703574404,Hold,9.0,Hold,10.0,Hold,10.0,Hold,10.0,Hold,10.0,Hold,10.0,Hold,10.0,Hold,10.0,Hold,10.0,Hold,10.0
12/6/2023,249.8300018,0.2756906607111556,Hold,9.0,Hold,10.0,Hold,10.0,Hold,10.0,Hold,10.0,Hold,10.0,Hold,10.0,Hold,10.0,Hold,10.0,Hold,10.0
13/6/2023,258.7099915,0.48888319317378,Hold,9.0,Hold,10.0,Hold,10.0,Hold,10.0,Hold,10.0,Hold,10.0,Hold,10.0,Hold,10.0,Hold,10.0,Hold,10.0
14/6/2023,256.7900085,0.2915595111745768,Hold,9.0,Hold,10.0,Hold,10.0,Hold,10.0,Hold,10.0,Hold,10.0,Hold,10.0,Hold,10.0,Hold,10.0,Hold,10.0
15/6/2023,255.8999939,0.4492229683918572,Hold,9.0,Hold,10.0,Hold,10.0,Hold,10.0,Hold,10.0,Hold,10.0,Hold,10.0,Hold,10.0,Hold,10.0,Hold,10.0
16/6/2023,260.5400085,0.6812760906978774,Hold,9.0,Hold,10.0,Hold,10.0,Hold,10.0,Hold,10.0,Hold,10.0,Hold,10.0,Hold,10.0,Hold,10.0,Hold,10.0
20/6/2023,274.4500122,0.4694342185142385,Hold,9.0,Hold,10.0,Hold,10.0,Hold,10.0,Hold,10.0,Hold,10.0,Hold,10.0,Hold,10.0,Hold,10.0,Hold,10.0
21/6/2023,259.4599915,0.6515818243820223,Hold,9.0,Hold,10.0,Hold,10.0,Sell,10.0,Hold,10.0,Hold,10.0,Hold,10.0,Hold,10.0,Hold,10.0,Hold,10.0
22/6/2023,264.6099854,0.4399490523188405,Hold,9.0,Hold,10.0,Hold,10.0,Sell,10.0,Hold,10.0,Hold,10.0,Hold,10.0,Hold,10.0,Hold,10.0,Hold,10.0
23/6/2023,256.6000061,0.7404524853068181,Hold,9.0,Hold,10.0,Hold,10.0,Sell,10.0,Hold,10.0,Hold,10.0,Hold,10.0,Hold,10.0,Hold,10.0,Hold,10.0
26/6/2023,241.0500031,0.3720833062915041,Hold,9.0,Hold,10.0,Hold,10.0,Hold,10.0,Hold,10.0,Hold,10.0,Hold,10.0,Hold,10.0,Hold,10.0,Hold,10.0
27/6/2023,250.2100067,0.3223539050814147,Hold,9.0,Hold,10.0,Hold,10.0,Hold,10.0,Hold,10.0,Hold,10.0,Hold,10.0,Sell,10.0,Hold,10.0,Hold,10.0
28/6/2023,256.2399902,0.4519184607159745,Hold,9.0,Hold,10.0,Hold,10.0,Hold,10.0,Hold,10.0,Hold,10.0,Hold,10.0,Buy,10.0,Hold,10.0,Hold,10.0
29/6/2023,257.5,0.6406129541445117,Hold,9.0,Hold,10.0,Hold,10.0,Hold,10.0,Hold,10.0,Hold,10.0,Hold,10.0,Hold,10.0,Hold,10.0,Hold,10.0
30/6/2023,261.769989,0.5949787986383309,Hold,9.0,Hold,10.0,Hold,10.0,Hold,10.0,Hold,10.0,Hold,10.0,Hold,10.0,Hold,10.0,Hold,10.0,Hold,10.0
3/7/2023,279.8200073,0.2751002057619087,Hold,9.0,Hold,10.0,Hold,10.0,Hold,10.0,Hold,10.0,Hold,10.0,Hold,10.0,Hold,10.0,Hold,10.0,Hold,10.0
5/7/2023,282.480011,0.4775290043729324,Hold,9.0,Hold,10.0,Hold,10.0,Hold,10.0,Hold,10.0,Hold,10.0,Hold,10.0,Hold,10.0,Hold,10.0,Hold,10.0
6/7/2023,276.5400085,0.6002605195385695,Hold,9.0,Hold,10.0,Hold,10.0,Hold,10.0,Hold,10.0,Hold,10.0,Hold,10.0,Hold,10.0,Hold,10.0,Hold,10.0
7/7/2023,274.4299927,0.5008296070093735,Hold,9.0,Hold,10.0,Hold,10.0,Hold,10.0,Hold,10.0,Hold,10.0,Hold,10.0,Hold,10.0,Hold,10.0,Hold,10.0
10/7/2023,269.6099854,0.4549341523372598,Hold,9.0,Hold,10.0,Hold,10.0,Hold,10.0,Hold,10.0,Hold,10.0,Hold,10.0,Hold,10.0,Hold,10.0,Hold,10.0
11/7/2023,269.7900085,0.347674905483871,Hold,9.0,Hold,10.0,Hold,10.0,Hold,10.0,Hold,10.0,Hold,10.0,Hold,10.0,Hold,10.0,Hold,10.0,Hold,10.0
12/7/2023,271.9899902,0.6531860801263281,Hold,9.0,Hold,10.0,Hold,10.0,Hold,10.0,Hold,10.0,Hold,10.0,Hold,10.0,Hold,10.0,Hold,10.0,Hold,10.0
13/7/2023,277.8999939,0.7389480437288135,Hold,9.0,Hold,10.0,Hold,10.0,Hold,10.0,Hold,10.0,Hold,10.0,Hold,10.0,Hold,10.0,Hold,10.0,Hold,10.0
14/7/2023,281.3800049,-0.0395918310658186,Hold,9.0,Hold,10.0,Hold,10.0,Hold,10.0,Hold,10.0,Hold,10.0,Hold,10.0,Hold,10.0,Hold,10.0,Hold,10.0
17/7/2023,290.3800049,0.5373756568705063,Hold,9.0,Hold,10.0,Hold,10.0,Hold,10.0,Hold,10.0,Hold,10.0,Hold,10.0,Hold,10.0,Hold,10.0,Hold,10.0
18/7/2023,293.3399963,0.5026588566115778,Hold,9.0,Hold,10.0,Hold,10.0,Sell,10.0,Hold,10.0,Hold,10.0,Hold,10.0,Hold,10.0,Hold,10.0,Hold,10.0
19/7/2023,291.2600098,0.5521246601841828,Hold,9.0,Hold,10.0,Hold,10.0,Sell,10.0,Hold,10.0,Hold,10.0,Hold,10.0,Hold,10.0,Hold,10.0,Hold,10.0
20/7/2023,262.8999939,0.5792310999348962,Hold,9.0,Hold,10.0,Hold,10.0,Hold,10.0,Hold,10.0,Hold,10.0,Hold,10.0,Hold,10.0,Hold,10.0,Hold,10.0
21/7/2023,260.019989,0.3694699958092783,Sell,9.0,Sell,10.0,Hold,10.0,Hold,10.0,Hold,10.0,Hold,10.0,Sell,10.0,Sell,10.0,Sell,10.0,Hold,10.0
24/7/2023,269.0599976,0.3636648143680001,Hold,9.0,Hold,10.0,Hold,10.0,Hold,10.0,Hold,10.0,Hold,10.0,Hold,10.0,Hold,10.0,Hold,10.0,Hold,10.0
25/7/2023,265.2799988,0.6444848765021246,Hold,9.0,Hold,10.0,Hold,10.0,Hold,10.0,Hold,10.0,Hold,10.0,Hold,10.0,Hold,10.0,Hold,10.0,Hold,10.0
26/7/2023,264.3500061,0.5614709068558063,Sell,9.0,Hold,10.0,Sell,10.0,Hold,10.0,Hold,10.0,Hold,10.0,Hold,10.0,Hold,10.0,Sell,10.0,Hold,10.0
27/7/2023,255.7100067,0.4658981198921739,Hold,9.0,Hold,10.0,Hold,10.0,Hold,10.0,Hold,10.0,Hold,10.0,Hold,10.0,Hold,10.0,Sell,10.0,Hold,10.0
28/7/2023,266.4400024,0.312106522855475,Hold,9.0,Hold,10.0,Hold,10.0,Hold,10.0,Hold,10.0,Hold,10.0,Hold,10.0,Hold,10.0,Hold,10.0,Hold,10.0
31/7/2023,267.4299927,0.8178106943665082,Sell,9.0,Hold,10.0,Hold,10.0,Hold,10.0,Hold,10.0,Hold,10.0,Hold,10.0,Hold,10.0,Hold,10.0,Hold,10.0
1/8/2023,261.0700073,0.3713623253197005,Hold,9.0,Hold,10.0,Hold,10.0,Hold,10.0,Hold,10.0,Hold,10.0,Hold,10.0,Hold,10.0,Hold,10.0,Hold,10.0
2/8/2023,254.1100006,0.3924811974510515,Hold,9.0,Hold,10.0,Sell,10.0,Hold,10.0,Sell,10.0,Hold,10.0,Hold,10.0,Hold,10.0,Hold,10.0,Hold,10.0
3/8/2023,259.3200073,0.5130445251743793,Hold,9.0,Hold,10.0,Hold,10.0,Hold,10.0,Hold,10.0,Hold,10.0,Hold,10.0,Hold,10.0,Hold,10.0,Hold,10.0
4/8/2023,253.8600006,0.9442626216,Hold,9.0,Hold,10.0,Hold,10.0,Hold,10.0,Hold,10.0,Hold,10.0,Hold,10.0,Hold,10.0,Hold,10.0,Hold,10.0
7/8/2023,251.4499969,0.3468319120563379,Hold,9.0,Hold,10.0,Hold,10.0,Hold,10.0,Hold,10.0,Hold,10.0,Hold,10.0,Hold,10.0,Hold,10.0,Hold,10.0
8/8/2023,249.6999969,0.2169273228256997,Hold,9.0,Hold,10.0,Hold,10.0,Hold,10.0,Hold,10.0,Hold,10.0,Hold,10.0,Hold,10.0,Hold,10.0,Hold,10.0
9/8/2023,242.1900024,0.8165684,Hold,9.0,Hold,10.0,Hold,10.0,Hold,10.0,Hold,10.0,Hold,10.0,Hold,10.0,Hold,10.0,Hold,10.0,Hold,10.0
10/8/2023,245.3399963,0.0821175148133,Hold,9.0,Hold,10.0,Hold,10.0,Hold,10.0,Hold,10.0,Hold,10.0,Hold,10.0,Hold,10.0,Hold,10.0,Hold,10.0
11/8/2023,242.6499939,0.4114140325324119,Hold,9.0,Hold,10.0,Hold,10.0,Hold,10.0,Hold,10.0,Hold,10.0,Hold,10.0,Hold,10.0,Hold,10.0,Hold,10.0
14/8/2023,239.7599945,0.2991691644318181,Hold,9.0,Hold,10.0,Hold,10.0,Hold,10.0,Hold,10.0,Hold,10.0,Hold,10.0,Hold,10.0,Hold,10.0,Hold,10.0
15/8/2023,232.9600067,0.4427416959884662,Hold,9.0,Hold,10.0,Hold,10.0,Hold,10.0,Hold,10.0,Hold,10.0,Hold,10.0,Hold,10.0,Hold,10.0,Hold,10.0
16/8/2023,225.6000061,0.5215184736087993,Hold,9.0,Hold,10.0,Hold,10.0,Hold,10.0,Hold,10.0,Hold,10.0,Hold,10.0,Hold,10.0,Hold,10.0,Hold,10.0
17/8/2023,219.2200012,0.4895761495201172,Hold,9.0,Hold,10.0,Hold,10.0,Hold,10.0,Hold,10.0,Hold,10.0,Hold,10.0,Hold,10.0,Hold,10.0,Hold,10.0
18/8/2023,215.4900055,0.3708074031761904,Hold,9.0,Hold,10.0,Hold,10.0,Hold,10.0,Hold,10.0,Hold,10.0,Hold,10.0,Hold,10.0,Hold,10.0,Hold,10.0
21/8/2023,231.2799988,0.4099639865403349,Hold,9.0,Hold,10.0,Hold,10.0,Hold,10.0,Hold,10.0,Hold,10.0,Hold,10.0,Hold,10.0,Hold,10.0,Hold,10.0
22/8/2023,233.1900024,0.4730869308665341,Hold,9.0,Hold,10.0,Hold,10.0,Hold,10.0,Hold,10.0,Hold,10.0,Hold,10.0,Hold,10.0,Hold,10.0,Hold,10.0
23/8/2023,236.8600006,0.5568685626819451,Hold,9.0,Hold,10.0,Hold,10.0,Hold,10.0,Hold,10.0,Hold,10.0,Hold,10.0,Hold,10.0,Hold,10.0,Hold,10.0
24/8/2023,230.0399933,0.4867377680213699,Hold,9.0,Hold,10.0,Hold,10.0,Hold,10.0,Hold,10.0,Hold,10.0,Buy,10.0,Buy,10.0,Hold,10.0,Buy,10.0
25/8/2023,238.5899963,0.677911273593949,Hold,9.0,Hold,10.0,Hold,10.0,Hold,10.0,Hold,10.0,Hold,10.0,Hold,10.0,Hold,10.0,Hold,10.0,Hold,10.0
28/8/2023,238.8200073,0.5528262464218769,Hold,9.0,Buy,10.0,Hold,10.0,Hold,10.0,Hold,10.0,Buy,10.0,Buy,10.0,Buy,10.0,Hold,10.0,Buy,10.0
29/8/2023,257.1799927,0.2375168521039679,Hold,9.0,Hold,10.0,Hold,10.0,Hold,10.0,Hold,10.0,Hold,10.0,Hold,10.0,Hold,10.0,Hold,10.0,Hold,10.0
30/8/2023,256.8999939,0.4653899705516999,Buy,9.0,Hold,10.0,Buy,10.0,Hold,10.0,Buy,10.0,Hold,10.0,Hold,10.0,Hold,10.0,Buy,10.0,Hold,10.0
31/8/2023,258.0799866,0.449364528,Hold,9.0,Hold,10.0,Hold,10.0,Hold,10.0,Hold,10.0,Hold,10.0,Hold,10.0,Hold,10.0,Hold,10.0,Hold,10.0
1/9/2023,245.0099945,0.2894504147851398,Hold,9.0,Hold,10.0,Hold,10.0,Hold,10.0,Hold,10.0,Hold,10.0,Hold,10.0,Hold,10.0,Hold,10.0,Hold,10.0
5/9/2023,256.4899902,0.7371404335781613,Hold,9.0,Hold,10.0,Hold,10.0,Hold,10.0,Hold,10.0,Hold,10.0,Hold,10.0,Hold,10.0,Hold,10.0,Hold,10.0
6/9/2023,251.9199982,0.6705172996044539,Hold,9.0,Hold,10.0,Hold,10.0,Hold,10.0,Hold,10.0,Hold,10.0,Hold,10.0,Hold,10.0,Hold,10.0,Hold,10.0
7/9/2023,251.4900055,0.6247348090141327,Hold,9.0,Hold,10.0,Hold,10.0,Hold,10.0,Hold,10.0,Hold,10.0,Hold,10.0,Hold,10.0,Hold,10.0,Hold,10.0
8/9/2023,248.5,0.3475618659303077,Hold,9.0,Hold,10.0,Hold,10.0,Hold,10.0,Hold,10.0,Hold,10.0,Hold,10.0,Hold,10.0,Hold,10.0,Hold,10.0
11/9/2023,273.5799866,0.4977038519599664,Hold,9.0,Hold,10.0,Hold,10.0,Hold,10.0,Hold,10.0,Hold,10.0,Hold,10.0,Hold,10.0,Hold,10.0,Hold,10.0
12/9/2023,267.480011,0.9264814620370372,Hold,9.0,Hold,10.0,Hold,10.0,Hold,10.0,Hold,10.0,Hold,10.0,Hold,10.0,Hold,10.0,Hold,10.0,Hold,10.0
13/9/2023,271.2999878,0.6720855280634545,Hold,9.0,Hold,10.0,Hold,10.0,Hold,10.0,Hold,10.0,Hold,10.0,Hold,10.0,Hold,10.0,Hold,10.0,Hold,10.0
14/9/2023,276.0400085,0.5257083712547748,Hold,9.0,Hold,10.0,Hold,10.0,Hold,10.0,Hold,10.0,Hold,10.0,Hold,10.0,Hold,10.0,Hold,10.0,Hold,10.0
15/9/2023,274.3900146,0.295515451170719,Hold,9.0,Hold,10.0,Hold,10.0,Hold,10.0,Hold,10.0,Hold,10.0,Hold,10.0,Hold,10.0,Hold,10.0,Hold,10.0
18/9/2023,265.2799988,0.3965811989774057,Hold,9.0,Hold,10.0,Hold,10.0,Hold,10.0,Hold,10.0,Hold,10.0,Hold,10.0,Hold,10.0,Hold,10.0,Hold,10.0
19/9/2023,266.5,0.8112157069479167,Hold,9.0,Hold,10.0,Hold,10.0,Hold,10.0,Hold,10.0,Hold,10.0,Hold,10.0,Hold,10.0,Hold,10.0,Hold,10.0
20/9/2023,262.5899963,0.7778129473333334,Hold,9.0,Hold,10.0,Hold,10.0,Hold,10.0,Hold,10.0,Hold,10.0,Hold,10.0,Hold,10.0,Hold,10.0,Hold,10.0
21/9/2023,255.6999969,0.4812760624556046,Hold,9.0,Sell,10.0,Hold,10.0,Hold,10.0,Hold,10.0,Sell,10.0,Sell,10.0,Sell,10.0,Hold,10.0,Sell,10.0
22/9/2023,244.8800049,0.61795327804,Sell,9.0,Hold,10.0,Sell,10.0,Hold,10.0,Sell,10.0,Hold,10.0,Hold,10.0,Hold,10.0,Sell,10.0,Hold,10.0
25/9/2023,246.9900055,0.5577491772297558,Hold,9.0,Hold,10.0,Hold,10.0,Hold,10.0,Hold,10.0,Hold,10.0,Hold,10.0,Hold,10.0,Hold,10.0,Hold,10.0
26/9/2023,244.1199951,0.134804366006861,Hold,9.0,Hold,10.0,Hold,10.0,Hold,10.0,Hold,10.0,Hold,10.0,Hold,10.0,Hold,10.0,Hold,10.0,Hold,10.0
27/9/2023,240.5,0.4886959425184782,Hold,9.0,Hold,10.0,Hold,10.0,Hold,10.0,Hold,10.0,Hold,10.0,Hold,10.0,Hold,10.0,Hold,10.0,Hold,10.0
28/9/2023,246.3800049,-0.1886012249090909,Hold,9.0,Hold,10.0,Hold,10.0,Hold,10.0,Hold,10.0,Hold,10.0,Hold,10.0,Hold,10.0,Hold,10.0,Hold,10.0
29/9/2023,250.2200012,-0.0094954368644067,Hold,9.0,Hold,10.0,Hold,10.0,Hold,10.0,Hold,10.0,Hold,10.0,Hold,10.0,Hold,10.0,Hold,10.0,Hold,10.0
2/10/2023,251.6000061,0.1737236165168539,Hold,9.0,Hold,10.0,Hold,10.0,Hold,10.0,Hold,10.0,Hold,10.0,Hold,10.0,Hold,10.0,Hold,10.0,Hold,10.0
3/10/2023,246.5299988,0.182944694090909,Hold,9.0,Hold,10.0,Hold,10.0,Hold,10.0,Buy,10.0,Hold,10.0,Hold,10.0,Hold,10.0,Hold,10.0,Buy,10.0
4/10/2023,261.1600037,0.5290886163192005,Hold,9.0,Hold,10.0,Hold,10.0,Hold,10.0,Hold,10.0,Hold,10.0,Hold,10.0,Hold,10.0,Hold,10.0,Hold,10.0
5/10/2023,260.0499878,0.7787861857377046,Buy,9.0,Buy,10.0,Buy,10.0,Hold,10.0,Buy,10.0,Buy,10.0,Buy,10.0,Buy,10.0,Buy,10.0,Buy,10.0
6/10/2023,260.5299988,-0.13473441231877,Hold,9.0,Hold,10.0,Hold,10.0,Hold,10.0,Hold,10.0,Hold,10.0,Hold,10.0,Hold,10.0,Hold,10.0,Hold,10.0
9/10/2023,259.6700134,0.6810498794871794,Hold,9.0,Hold,10.0,Hold,10.0,Hold,10.0,Hold,10.0,Hold,10.0,Hold,10.0,Hold,10.0,Hold,10.0,Hold,10.0
10/10/2023,263.6199951,0.5609096659795271,Hold,9.0,Hold,10.0,Hold,10.0,Hold,10.0,Hold,10.0,Hold,10.0,Hold,10.0,Hold,10.0,Hold,10.0,Hold,10.0
11/10/2023,262.9899902,0.3222533841607317,Hold,9.0,Hold,10.0,Hold,10.0,Hold,10.0,Hold,10.0,Hold,10.0,Hold,10.0,Hold,10.0,Hold,10.0,Hold,10.0
12/10/2023,258.8699951,0.6494056410232557,Hold,9.0,Hold,10.0,Hold,10.0,Hold,10.0,Hold,10.0,Hold,10.0,Hold,10.0,Hold,10.0,Hold,10.0,Hold,10.0
13/10/2023,251.1199951,0.6803567396165777,Hold,9.0,Hold,10.0,Hold,10.0,Hold,10.0,Hold,10.0,Hold,10.0,Hold,10.0,Hold,10.0,Hold,10.0,Hold,10.0
16/10/2023,253.9199982,0.2888101670504761,Hold,9.0,Hold,10.0,Sell,10.0,Hold,10.0,Sell,10.0,Sell,10.0,Sell,10.0,Sell,10.0,Sell,10.0,Sell,10.0
17/10/2023,254.8500061,0.6737934023593146,Hold,9.0,Hold,10.0,Hold,10.0,Hold,10.0,Hold,10.0,Hold,10.0,Hold,10.0,Hold,10.0,Hold,10.0,Hold,10.0
18/10/2023,242.6799927,-0.2028244995093907,Hold,9.0,Hold,10.0,Hold,10.0,Hold,10.0,Hold,10.0,Hold,10.0,Hold,10.0,Hold,10.0,Hold,10.0,Hold,10.0
19/10/2023,220.1100006,-0.4206956682396585,Hold,9.0,Hold,10.0,Hold,10.0,Hold,10.0,Hold,10.0,Hold,10.0,Hold,10.0,Hold,10.0,Hold,10.0,Hold,10.0
20/10/2023,211.9900055,0.5617452994782609,Hold,9.0,Hold,10.0,Hold,10.0,Hold,10.0,Hold,10.0,Hold,10.0,Hold,10.0,Hold,10.0,Hold,10.0,Hold,10.0
23/10/2023,212.0800018,0.4744810554057851,Hold,9.0,Hold,10.0,Hold,10.0,Hold,10.0,Hold,10.0,Hold,10.0,Hold,10.0,Hold,10.0,Hold,10.0,Hold,10.0
24/10/2023,216.5200043,0.345764752930807,Hold,9.0,Hold,10.0,Hold,10.0,Hold,10.0,Hold,10.0,Hold,10.0,Hold,10.0,Hold,10.0,Hold,10.0,Hold,10.0
25/10/2023,212.4199982,0.6160507318960001,Hold,9.0,Hold,10.0,Hold,10.0,Hold,10.0,Hold,10.0,Hold,10.0,Hold,10.0,Hold,10.0,Hold,10.0,Hold,10.0
26/10/2023,205.7599945,0.6875614713608721,Hold,9.0,Hold,10.0,Hold,10.0,Hold,10.0,Hold,10.0,Hold,10.0,Hold,10.0,Hold,10.0,Hold,10.0,Hold,10.0
27/10/2023,207.3000031,0.2418897108774649,Hold,9.0,Hold,10.0,Hold,10.0,Hold,10.0,Hold,10.0,Hold,10.0,Hold,10.0,Hold,10.0,Hold,10.0,Hold,10.0
30/10/2023,197.3600006,-0.1059697504719287,Hold,9.0,Hold,10.0,Hold,10.0,Hold,10.0,Hold,10.0,Hold,10.0,Hold,10.0,Hold,10.0,Hold,10.0,Hold,10.0
31/10/2023,200.8399963,0.2181184677303921,Hold,9.0,Hold,10.0,Hold,10.0,Buy,10.0,Hold,10.0,Hold,10.0,Hold,10.0,Hold,10.0,Hold,10.0,Hold,10.0
1/11/2023,205.6600037,0.0597266711659574,Hold,9.0,Hold,10.0,Hold,10.0,Buy,10.0,Hold,10.0,Hold,10.0,Hold,10.0,Hold,10.0,Hold,10.0,Hold,10.0
2/11/2023,218.5099945,0.7108908223655171,Hold,9.0,Hold,10.0,Hold,10.0,Hold,10.0,Hold,10.0,Hold,10.0,Hold,10.0,Hold,10.0,Hold,10.0,Hold,10.0
3/11/2023,219.9600067,0.6980729403133332,Hold,9.0,Hold,10.0,Hold,10.0,Hold,10.0,Hold,10.0,Hold,10.0,Buy,10.0,Buy,10.0,Hold,10.0,Hold,10.0
6/11/2023,219.2700043,0.4118586638058639,Hold,9.0,Hold,10.0,Hold,10.0,Hold,10.0,Hold,10.0,Hold,10.0,Hold,10.0,Hold,10.0,Hold,10.0,Hold,10.0
7/11/2023,222.1799927,0.5547709516763029,Hold,9.0,Hold,10.0,Hold,10.0,Hold,10.0,Hold,10.0,Hold,10.0,Hold,10.0,Hold,10.0,Hold,10.0,Hold,10.0
8/11/2023,222.1100006,0.3727577968356529,Hold,9.0,Hold,10.0,Hold,10.0,Hold,10.0,Hold,10.0,Hold,10.0,Hold,10.0,Hold,10.0,Hold,10.0,Hold,10.0
9/11/2023,209.9799957,0.4013235901337125,Hold,9.0,Hold,10.0,Hold,10.0,Hold,10.0,Hold,10.0,Hold,10.0,Hold,10.0,Buy,10.0,Buy,10.0,Hold,10.0
10/11/2023,214.6499939,0.280617726235027,Hold,9.0,Hold,10.0,Hold,10.0,Hold,10.0,Hold,10.0,Hold,10.0,Hold,10.0,Hold,10.0,Hold,10.0,Hold,10.0
13/11/2023,223.7100067,0.4936066795180722,Hold,9.0,Hold,10.0,Hold,10.0,Hold,10.0,Hold,10.0,Hold,10.0,Hold,10.0,Hold,10.0,Hold,10.0,Hold,10.0
14/11/2023,237.4100037,0.7789518448577321,Buy,9.0,Buy,10.0,Buy,10.0,Hold,10.0,Buy,10.0,Buy,10.0,Buy,10.0,Hold,10.0,Hold,10.0,Buy,10.0
15/11/2023,242.8399963,0.7910271483,Hold,9.0,Hold,10.0,Hold,10.0,Hold,10.0,Hold,10.0,Hold,10.0,Hold,10.0,Hold,10.0,Hold,10.0,Hold,10.0
16/11/2023,233.5899963,0.7471096406352974,Hold,9.0,Hold,10.0,Hold,10.0,Hold,10.0,Hold,10.0,Hold,10.0,Hold,10.0,Hold,10.0,Hold,10.0,Hold,10.0
17/11/2023,234.3000031,0.0626626968141593,Hold,9.0,Hold,10.0,Hold,10.0,Hold,10.0,Hold,10.0,Hold,10.0,Hold,10.0,Hold,10.0,Hold,10.0,Hold,10.0
20/11/2023,235.6000061,0.8878638014056973,Hold,9.0,Hold,10.0,Hold,10.0,Hold,10.0,Hold,10.0,Hold,10.0,Hold,10.0,Hold,10.0,Hold,10.0,Hold,10.0
21/11/2023,241.1999969,0.680252655635848,Hold,9.0,Hold,10.0,Hold,10.0,Hold,10.0,Hold,10.0,Hold,10.0,Hold,10.0,Hold,10.0,Hold,10.0,Hold,10.0
22/11/2023,234.2100067,0.4481880973684211,Hold,9.0,Hold,10.0,Hold,10.0,Hold,10.0,Hold,10.0,Hold,10.0,Hold,10.0,Hold,10.0,Hold,10.0,Hold,10.0
24/11/2023,235.4499969,0.3283835138513513,Hold,9.0,Hold,10.0,Hold,10.0,Hold,10.0,Hold,10.0,Hold,10.0,Hold,10.0,Hold,10.0,Hold,10.0,Hold,10.0
27/11/2023,236.0800018,0.2070476527702127,Hold,9.0,Hold,10.0,Hold,10.0,Hold,10.0,Hold,10.0,Hold,10.0,Hold,10.0,Hold,10.0,Hold,10.0,Hold,10.0
28/11/2023,246.7200012,0.6434259045833334,Hold,9.0,Hold,10.0,Hold,10.0,Hold,10.0,Hold,10.0,Hold,10.0,Hold,10.0,Hold,10.0,Hold,10.0,Hold,10.0
29/11/2023,244.1399994,0.6995316889215686,Hold,9.0,Hold,10.0,Hold,10.0,Hold,10.0,Hold,10.0,Hold,10.0,Hold,10.0,Hold,10.0,Hold,10.0,Hold,10.0
30/11/2023,240.0800018,0.5256232977427799,Hold,9.0,Hold,10.0,Hold,10.0,Hold,10.0,Hold,10.0,Hold,10.0,Hold,10.0,Hold,10.0,Hold,10.0,Hold,10.0
1/12/2023,238.8300018,0.1851476946363636,Hold,9.0,Hold,10.0,Hold,10.0,Hold,10.0,Hold,10.0,Hold,10.0,Hold,10.0,Hold,10.0,Hold,10.0,Hold,10.0
4/12/2023,235.5800018,0.6562457909226621,Hold,9.0,Hold,10.0,Hold,10.0,Hold,10.0,Hold,10.0,Hold,10.0,Hold,10.0,Hold,10.0,Hold,10.0,Hold,10.0
5/12/2023,238.7200012,0.5106674431371699,Hold,9.0,Hold,10.0,Hold,10.0,Hold,10.0,Hold,10.0,Hold,10.0,Hold,10.0,Sell,10.0,Hold,10.0,Hold,10.0
6/12/2023,239.3699951,0.6212231323956978,Hold,9.0,Hold,10.0,Hold,10.0,Hold,10.0,Hold,10.0,Hold,10.0,Hold,10.0,Buy,10.0,Hold,10.0,Hold,10.0
7/12/2023,242.6399994,0.6829774442609873,Hold,9.0,Hold,10.0,Hold,10.0,Hold,10.0,Hold,10.0,Hold,10.0,Hold,10.0,Hold,10.0,Hold,10.0,Hold,10.0
8/12/2023,243.8399963,0.2179297749462365,Hold,9.0,Hold,10.0,Hold,10.0,Hold,10.0,Hold,10.0,Hold,10.0,Hold,10.0,Hold,10.0,Hold,10.0,Hold,10.0
11/12/2023,239.7400055,0.6459367194283829,Hold,9.0,Hold,10.0,Hold,10.0,Hold,10.0,Hold,10.0,Hold,10.0,Hold,10.0,Hold,10.0,Hold,10.0,Hold,10.0
12/12/2023,237.0099945,0.6114300947674419,Hold,9.0,Hold,10.0,Hold,10.0,Hold,10.0,Hold,10.0,Hold,10.0,Hold,10.0,Sell,10.0,Hold,10.0,Hold,10.0
13/12/2023,239.2899933,0.4021309920087,Hold,9.0,Hold,10.0,Hold,10.0,Hold,10.0,Hold,10.0,Hold,10.0,Hold,10.0,Hold,10.0,Hold,10.0,Hold,10.0
14/12/2023,251.0500031,-0.0955046043531247,Hold,9.0,Hold,10.0,Hold,10.0,Hold,10.0,Hold,10.0,Hold,10.0,Hold,10.0,Buy,10.0,Hold,10.0,Hold,10.0
15/12/2023,253.5,0.8174537955019701,Hold,9.0,Hold,10.0,Hold,10.0,Hold,10.0,Hold,10.0,Hold,10.0,Hold,10.0,Hold,10.0,Hold,10.0,Hold,10.0
18/12/2023,252.0800018,0.8660856241478571,Hold,9.0,Hold,10.0,Hold,10.0,Hold,10.0,Hold,10.0,Hold,10.0,Hold,10.0,Hold,10.0,Hold,10.0,Hold,10.0
19/12/2023,257.2200012,0.5073730653674842,Hold,9.0,Hold,10.0,Hold,10.0,Hold,10.0,Hold,10.0,Hold,10.0,Hold,10.0,Hold,10.0,Hold,10.0,Hold,10.0
20/12/2023,247.1399994,0.715730500029412,Hold,9.0,Hold,10.0,Hold,10.0,Hold,10.0,Hold,10.0,Hold,10.0,Hold,10.0,Hold,10.0,Hold,10.0,Hold,10.0
21/12/2023,254.5,0.2609147181105691,Hold,9.0,Hold,10.0,Hold,10.0,Hold,10.0,Hold,10.0,Hold,10.0,Hold,10.0,Hold,10.0,Hold,10.0,Hold,10.0
22/12/2023,252.5399933,0.6130359117116375,Hold,9.0,Hold,10.0,Hold,10.0,Hold,10.0,Hold,10.0,Hold,10.0,Hold,10.0,Hold,10.0,Hold,10.0,Hold,10.0
26/12/2023,256.6099854,0.7932435459036146,Hold,9.0,Hold,10.0,Hold,10.0,Hold,10.0,Hold,10.0,Hold,10.0,Hold,10.0,Hold,10.0,Hold,10.0,Hold,10.0
27/12/2023,261.4400024,0.4118142294059406,Hold,9.0,Hold,10.0,Hold,10.0,Hold,10.0,Hold,10.0,Hold,10.0,Hold,10.0,Hold,10.0,Hold,10.0,Hold,10.0
28/12/2023,253.1799927,0.6330771203322775,Hold,9.0,Hold,10.0,Hold,10.0,Hold,10.0,Hold,10.0,Hold,10.0,Hold,10.0,Hold,10.0,Hold,10.0,Hold,10.0
29/12/2023,248.4799957,0.5452991140672786,Hold,9.0,Hold,10.0,Hold,10.0,Hold,10.0,Hold,10.0,Hold,10.0,Hold,10.0,Hold,10.0,Hold,10.0,Hold,10.0
2/1/2024,248.4199982,0.1256276095892081,Hold,9.0,Sell,10.0,Hold,10.0,Hold,10.0,Hold,10.0,Sell,10.0,Sell,10.0,Sell,10.0,Hold,10.0,Sell,10.0
3/1/2024,238.4499969,0.5988726984758755,Hold,9.0,Hold,10.0,Hold,10.0,Hold,10.0,Hold,10.0,Hold,10.0,Hold,10.0,Hold,10.0,Sell,10.0,Hold,10.0
4/1/2024,237.9299927,0.2741689673703704,Sell,9.0,Hold,10.0,Sell,10.0,Hold,10.0,Sell,10.0,Hold,10.0,Hold,10.0,Hold,10.0,Hold,10.0,Hold,10.0
5/1/2024,237.4900055,0.3284634637872549,Hold,9.0,Hold,10.0,Hold,10.0,Hold,10.0,Hold,10.0,Hold,10.0,Hold,10.0,Hold,10.0,Hold,10.0,Hold,10.0
8/1/2024,240.4499969,0.7759785847826086,Hold,9.0,Hold,10.0,Hold,10.0,Hold,10.0,Hold,10.0,Hold,10.0,Hold,10.0,Hold,10.0,Hold,10.0,Hold,10.0
9/1/2024,234.9600067,0.6808078614475547,Hold,9.0,Hold,10.0,Hold,10.0,Hold,10.0,Hold,10.0,Hold,10.0,Hold,10.0,Hold,10.0,Hold,10.0,Hold,10.0
10/1/2024,233.9400024,0.6956707658575892,Hold,9.0,Hold,10.0,Hold,10.0,Hold,10.0,Hold,10.0,Hold,10.0,Hold,10.0,Hold,10.0,Hold,10.0,Hold,10.0
11/1/2024,227.2200012,-0.1233296600361438,Hold,9.0,Hold,10.0,Hold,10.0,Hold,10.0,Hold,10.0,Hold,10.0,Hold,10.0,Hold,10.0,Hold,10.0,Hold,10.0
12/1/2024,218.8899994,0.0123513802030586,Hold,9.0,Hold,10.0,Hold,10.0,Hold,10.0,Hold,10.0,Hold,10.0,Hold,10.0,Hold,10.0,Hold,10.0,Hold,10.0
16/1/2024,219.9100037,0.82184790839,Hold,9.0,Hold,10.0,Hold,10.0,Hold,10.0,Hold,10.0,Hold,10.0,Hold,10.0,Hold,10.0,Hold,10.0,Hold,10.0
17/1/2024,215.5500031,0.0404191537152027,Hold,9.0,Hold,10.0,Hold,10.0,Hold,10.0,Hold,10.0,Hold,10.0,Hold,10.0,Hold,10.0,Hold,10.0,Hold,10.0
18/1/2024,211.8800049,-0.0772316761196793,Hold,9.0,Hold,10.0,Hold,10.0,Hold,10.0,Hold,10.0,Hold,10.0,Hold,10.0,Hold,10.0,Hold,10.0,Hold,10.0
19/1/2024,212.1900024,0.4320486449596898,Hold,9.0,Hold,10.0,Hold,10.0,Hold,10.0,Hold,10.0,Hold,10.0,Hold,10.0,Hold,10.0,Hold,10.0,Hold,10.0
22/1/2024,208.8000031,0.4821123116330601,Hold,9.0,Hold,10.0,Hold,10.0,Hold,10.0,Hold,10.0,Hold,10.0,Hold,10.0,Hold,10.0,Hold,10.0,Hold,10.0
23/1/2024,209.1399994,0.78869895262433,Hold,9.0,Hold,10.0,Hold,10.0,Hold,10.0,Hold,10.0,Hold,10.0,Hold,10.0,Hold,10.0,Hold,10.0,Hold,10.0
24/1/2024,207.8300018,0.3022415242048942,Hold,9.0,Hold,10.0,Hold,10.0,Hold,10.0,Hold,10.0,Hold,10.0,Hold,10.0,Hold,10.0,Hold,10.0,Hold,10.0
25/1/2024,182.6300049,0.21940272821213,Hold,9.0,Hold,10.0,Hold,10.0,Hold,10.0,Hold,10.0,Hold,10.0,Hold,10.0,Hold,10.0,Hold,10.0,Hold,10.0
26/1/2024,183.25,0.182756545290494,Hold,9.0,Hold,10.0,Hold,10.0,Hold,10.0,Hold,10.0,Hold,10.0,Hold,10.0,Hold,10.0,Hold,10.0,Hold,10.0
29/1/2024,190.9299927,0.7647400827199246,Hold,9.0,Hold,10.0,Hold,10.0,Hold,10.0,Hold,10.0,Hold,10.0,Hold,10.0,Hold,10.0,Hold,10.0,Hold,10.0
30/1/2024,191.5899963,0.3620341571590309,Hold,9.0,Hold,10.0,Hold,10.0,Hold,10.0,Hold,10.0,Hold,10.0,Hold,10.0,Hold,10.0,Hold,10.0,Hold,10.0
31/1/2024,187.2899933,0.4381356053701289,Hold,9.0,Hold,10.0,Hold,10.0,Hold,10.0,Hold,10.0,Hold,10.0,Hold,10.0,Hold,10.0,Hold,10.0,Hold,10.0
1/2/2024,188.8600006,0.2505244037917725,Hold,9.0,Hold,10.0,Hold,10.0,Buy,10.0,Hold,10.0,Hold,10.0,Hold,10.0,Hold,10.0,Hold,10.0,Hold,10.0
2/2/2024,187.9100037,0.3322812736296296,Hold,9.0,Hold,10.0,Hold,10.0,Buy,10.0,Hold,10.0,Hold,10.0,Hold,10.0,Hold,10.0,Hold,10.0,Hold,10.0
5/2/2024,181.0599976,0.6219221007562602,Hold,9.0,Hold,10.0,Hold,10.0,Buy,10.0,Hold,10.0,Hold,10.0,Hold,10.0,Hold,10.0,Hold,10.0,Hold,10.0
6/2/2024,185.1000061,0.2050604548054176,Hold,9.0,Hold,10.0,Hold,10.0,Buy,10.0,Hold,10.0,Hold,10.0,Hold,10.0,Hold,10.0,Hold,10.0,Hold,10.0
7/2/2024,187.5800018,0.5702054400000889,Hold,9.0,Hold,10.0,Hold,10.0,Buy,10.0,Hold,10.0,Hold,10.0,Hold,10.0,Hold,10.0,Hold,10.0,Hold,10.0
8/2/2024,189.5599976,0.3362148952705256,Hold,9.0,Hold,10.0,Hold,10.0,Hold,10.0,Hold,10.0,Hold,10.0,Hold,10.0,Hold,10.0,Hold,10.0,Hold,10.0
9/2/2024,193.5700073,-0.0778130810937499,Hold,9.0,Hold,10.0,Hold,10.0,Hold,10.0,Hold,10.0,Hold,10.0,Hold,10.0,Hold,10.0,Hold,10.0,Hold,10.0
12/2/2024,188.1300049,0.471987556273046,Hold,9.0,Buy,10.0,Hold,10.0,Hold,10.0,Hold,10.0,Hold,10.0,Buy,10.0,Buy,10.0,Buy,10.0,Hold,10.0
13/2/2024,184.0200043,0.1722868659362011,Hold,9.0,Hold,10.0,Hold,10.0,Hold,10.0,Hold,10.0,Hold,10.0,Sell,10.0,Sell,10.0,Sell,10.0,Hold,10.0
14/2/2024,188.7100067,0.4590084576744185,Hold,9.0,Hold,10.0,Hold,10.0,Hold,10.0,Hold,10.0,Hold,10.0,Hold,10.0,Hold,10.0,Hold,10.0,Hold,10.0
15/2/2024,200.4499969,0.8409738999752061,Hold,9.0,Hold,10.0,Hold,10.0,Hold,10.0,Hold,10.0,Hold,10.0,Hold,10.0,Hold,10.0,Hold,10.0,Hold,10.0
16/2/2024,199.9499969,0.6129512444623655,Buy,9.0,Buy,10.0,Hold,10.0,Hold,10.0,Hold,10.0,Hold,10.0,Buy,10.0,Buy,10.0,Buy,10.0,Hold,10.0
20/2/2024,193.7599945,0.3810893786666666,Hold,9.0,Hold,10.0,Hold,10.0,Hold,10.0,Hold,10.0,Hold,10.0,Hold,10.0,Hold,10.0,Hold,10.0,Hold,10.0
21/2/2024,194.7700043,0.1464621296860224,Hold,9.0,Hold,10.0,Hold,10.0,Hold,10.0,Hold,10.0,Hold,10.0,Sell,10.0,Hold,10.0,Hold,10.0,Hold,10.0
22/2/2024,197.4100037,0.7729526577530117,Buy,9.0,Buy,10.0,Hold,10.0,Hold,10.0,Hold,10.0,Hold,10.0,Hold,10.0,Hold,10.0,Hold,10.0,Hold,10.0
23/2/2024,191.9700012,0.734280808275862,Hold,9.0,Hold,10.0,Hold,10.0,Hold,10.0,Hold,10.0,Hold,10.0,Buy,10.0,Hold,10.0,Hold,10.0,Hold,10.0
26/2/2024,199.3999939,0.8120454527475452,Hold,9.0,Hold,10.0,Hold,10.0,Hold,10.0,Hold,10.0,Hold,10.0,Sell,10.0,Sell,10.0,Sell,10.0,Hold,10.0
27/2/2024,199.7299957,0.3408387721184211,Hold,9.0,Hold,10.0,Hold,10.0,Hold,10.0,Hold,10.0,Hold,10.0,Buy,10.0,Hold,10.0,Hold,10.0,Hold,10.0
28/2/2024,202.0399933,0.993441194,Hold,9.0,Hold,10.0,Hold,10.0,Hold,10.0,Hold,10.0,Hold,10.0,Hold,10.0,Hold,10.0,Hold,10.0,Hold,10.0
29/2/2024,201.8800049,0.4732517898181818,Hold,9.0,Hold,10.0,Hold,10.0,Hold,10.0,Hold,10.0,Hold,10.0,Hold,10.0,Hold,10.0,Hold,10.0,Hold,10.0
1/3/2024,202.6399994,0.7490222561613635,Hold,9.0,Hold,10.0,Hold,10.0,Hold,10.0,Hold,10.0,Hold,10.0,Hold,10.0,Hold,10.0,Hold,10.0,Hold,10.0
4/3/2024,188.1399994,0.1676699193886947,Hold,9.0,Hold,10.0,Hold,10.0,Hold,10.0,Hold,10.0,Hold,10.0,Hold,10.0,Hold,10.0,Hold,10.0,Hold,10.0
5/3/2024,180.7400055,0.2785464686235898,Sell,9.0,Sell,10.0,Hold,10.0,Hold,10.0,Hold,10.0,Hold,10.0,Sell,10.0,Sell,10.0,Sell,10.0,Hold,10.0
6/3/2024,176.5399933,0.539960387456057,Hold,9.0,Hold,10.0,Hold,10.0,Hold,10.0,Hold,10.0,Hold,10.0,Hold,10.0,Hold,10.0,Hold,10.0,Hold,10.0
7/3/2024,178.6499939,0.3905973370162696,Hold,9.0,Hold,10.0,Hold,10.0,Hold,10.0,Hold,10.0,Hold,10.0,Hold,10.0,Hold,10.0,Hold,10.0,Hold,10.0
8/3/2024,175.3399963,0.4515497390041457,Hold,9.0,Hold,10.0,Hold,10.0,Hold,10.0,Hold,10.0,Hold,10.0,Hold,10.0,Hold,10.0,Hold,10.0,Hold,10.0
11/3/2024,177.7700043,0.0853596082444989,Hold,9.0,Hold,10.0,Hold,10.0,Hold,10.0,Hold,10.0,Hold,10.0,Hold,10.0,Hold,10.0,Hold,10.0,Hold,10.0
12/3/2024,177.5399933,0.1232567292134831,Hold,9.0,Hold,10.0,Hold,10.0,Hold,10.0,Hold,10.0,Hold,10.0,Hold,10.0,Hold,10.0,Hold,10.0,Hold,10.0
13/3/2024,169.4799957,0.6231943064893618,Hold,9.0,Hold,10.0,Hold,10.0,Hold,10.0,Hold,10.0,Hold,10.0,Hold,10.0,Hold,10.0,Hold,10.0,Hold,10.0
14/3/2024,162.5,-0.107091847936152,Hold,9.0,Hold,10.0,Hold,10.0,Hold,10.0,Hold,10.0,Hold,10.0,Hold,10.0,Hold,10.0,Hold,10.0,Hold,10.0
15/3/2024,163.5700073,0.699948658491096,Hold,9.0,Hold,10.0,Hold,10.0,Hold,10.0,Hold,10.0,Hold,10.0,Hold,10.0,Hold,10.0,Hold,10.0,Hold,10.0
18/3/2024,173.8000031,0.6099178412319572,Hold,9.0,Hold,10.0,Hold,10.0,Buy,10.0,Hold,10.0,Hold,10.0,Hold,10.0,Hold,10.0,Hold,10.0,Hold,10.0
19/3/2024,171.3200073,0.6024118127145393,Hold,9.0,Hold,10.0,Hold,10.0,Buy,10.0,Hold,10.0,Hold,10.0,Hold,10.0,Hold,10.0,Hold,10.0,Hold,10.0
20/3/2024,175.6600037,0.2972773462991694,Hold,9.0,Hold,10.0,Hold,10.0,Hold,10.0,Hold,10.0,Hold,10.0,Hold,10.0,Hold,10.0,Hold,10.0,Hold,10.0
21/3/2024,172.8200073,0.7031919314678899,Hold,9.0,Hold,10.0,Hold,10.0,Buy,10.0,Hold,10.0,Hold,10.0,Buy,10.0,Buy,10.0,Hold,10.0,Hold,10.0
22/3/2024,170.8300018,0.4211239839285713,Hold,9.0,Hold,10.0,Hold,10.0,Hold,10.0,Hold,10.0,Hold,10.0,Sell,10.0,Hold,10.0,Hold,10.0,Hold,10.0
25/3/2024,172.6300049,0.4673827047677776,Hold,9.0,Hold,10.0,Hold,10.0,Hold,10.0,Hold,10.0,Hold,10.0,Hold,10.0,Hold,10.0,Hold,10.0,Hold,10.0
26/3/2024,177.6699982,0.5490206436122321,Hold,9.0,Hold,10.0,Hold,10.0,Hold,10.0,Hold,10.0,Hold,10.0,Hold,10.0,Hold,10.0,Hold,10.0,Hold,10.0
27/3/2024,179.8300018,0.1438349739182377,Hold,9.0,Buy,10.0,Hold,10.0,Hold,10.0,Hold,10.0,Hold,10.0,Buy,10.0,Buy,10.0,Buy,10.0,Hold,10.0
28/3/2024,175.7899933,0.6983528901503153,Buy,9.0,Hold,10.0,Hold,10.0,Hold,10.0,Hold,10.0,Hold,10.0,Buy,10.0,Hold,10.0,Buy,10.0,Hold,10.0
1/4/2024,175.2200012,0.6813066391719408,Hold,9.0,Hold,10.0,Hold,10.0,Hold,10.0,Hold,10.0,Hold,10.0,Sell,10.0,Hold,10.0,Sell,10.0,Hold,10.0
2/4/2024,166.6300049,-0.3791241526630901,Hold,9.0,Hold,10.0,Hold,10.0,Hold,10.0,Hold,10.0,Hold,10.0,Sell,10.0,Sell,10.0,Hold,10.0,Hold,10.0
3/4/2024,168.3800049,0.1463991966678963,Hold,9.0,Hold,10.0,Hold,10.0,Hold,10.0,Hold,10.0,Hold,10.0,Hold,10.0,Hold,10.0,Hold,10.0,Hold,10.0
4/4/2024,171.1100006,0.6520212359840699,Buy,9.0,Buy,10.0,Hold,10.0,Hold,10.0,Hold,10.0,Hold,10.0,Hold,10.0,Sell,10.0,Sell,10.0,Hold,10.0
5/4/2024,164.8999939,0.4732842894647267,Hold,9.0,Hold,10.0,Hold,10.0,Hold,10.0,Hold,10.0,Hold,10.0,Hold,10.0,Buy,10.0,Buy,10.0,Hold,10.0
8/4/2024,172.9799957,0.6521510383645551,Hold,9.0,Hold,10.0,Hold,10.0,Hold,10.0,Hold,10.0,Hold,10.0,Hold,10.0,Sell,10.0,Sell,10.0,Hold,10.0
9/4/2024,176.8800049,0.5104530249097861,Hold,9.0,Hold,10.0,Hold,10.0,Hold,10.0,Hold,10.0,Hold,10.0,Buy,10.0,Hold,10.0,Hold,10.0,Hold,10.0
10/4/2024,171.7599945,0.6681637344852073,Hold,9.0,Hold,10.0,Hold,10.0,Hold,10.0,Hold,10.0,Hold,10.0,Buy,10.0,Hold,10.0,Hold,10.0,Hold,10.0
11/4/2024,174.6000061,0.6399398925325765,Sell,9.0,Sell,10.0,Hold,10.0,Hold,10.0,Hold,10.0,Hold,10.0,Sell,10.0,Hold,10.0,Hold,10.0,Hold,10.0
12/4/2024,171.0500031,0.3615778135506601,Hold,9.0,Hold,10.0,Hold,10.0,Hold,10.0,Hold,10.0,Hold,10.0,Buy,10.0,Hold,10.0,Hold,10.0,Hold,10.0
15/4/2024,161.4799957,0.4257475422615349,Sell,9.0,Sell,10.0,Hold,10.0,Hold,10.0,Hold,10.0,Hold,10.0,Sell,10.0,Hold,10.0,Hold,10.0,Hold,10.0
16/4/2024,157.1100006,0.1849400572303561,Hold,9.0,Hold,10.0,Hold,10.0,Hold,10.0,Hold,10.0,Hold,10.0,Hold,10.0,Hold,10.0,Hold,10.0,Hold,10.0
17/4/2024,155.4499969,0.7490031797056129,Hold,9.0,Hold,10.0,Hold,10.0,Hold,10.0,Hold,10.0,Hold,10.0,Hold,10.0,Hold,10.0,Hold,10.0,Hold,10.0
18/4/2024,149.9299927,0.3698931052816327,Hold,9.0,Hold,10.0,Hold,10.0,Hold,10.0,Hold,10.0,Hold,10.0,Hold,10.0,Hold,10.0,Hold,10.0,Hold,10.0
19/4/2024,147.0500031,0.2675513923291923,Hold,9.0,Hold,10.0,Hold,10.0,Hold,10.0,Hold,10.0,Hold,10.0,Hold,10.0,Hold,10.0,Hold,10.0,Hold,10.0
22/4/2024,142.0500031,0.1219971978373215,Hold,9.0,Hold,10.0,Hold,10.0,Hold,10.0,Hold,10.0,Hold,10.0,Hold,10.0,Hold,10.0,Hold,10.0,Hold,10.0
23/4/2024,144.6799927,0.2607620371060392,Hold,9.0,Hold,10.0,Hold,10.0,Hold,10.0,Hold,10.0,Hold,10.0,Hold,10.0,Hold,10.0,Hold,10.0,Hold,10.0
24/4/2024,162.1300049,0.3421529778702738,Hold,9.0,Hold,10.0,Hold,10.0,Hold,10.0,Hold,10.0,Hold,10.0,Hold,10.0,Hold,10.0,Hold,10.0,Hold,10.0
25/4/2024,170.1799927,0.170295013491118,Hold,9.0,Hold,10.0,Buy,10.0,Hold,10.0,Buy,10.0,Buy,10.0,Buy,10.0,Buy,10.0,Buy,10.0,Buy,10.0
26/4/2024,168.2899933,0.5416016827057004,Hold,9.0,Hold,10.0,Hold,10.0,Hold,10.0,Hold,10.0,Hold,10.0,Hold,10.0,Hold,10.0,Hold,10.0,Hold,10.0
29/4/2024,194.0500031,0.5876448558736088,Hold,9.0,Hold,10.0,Hold,10.0,Hold,10.0,Hold,10.0,Hold,10.0,Hold,10.0,Hold,10.0,Hold,10.0,Hold,10.0
30/4/2024,183.2799988,0.5637951974689439,Hold,9.0,Hold,10.0,Hold,10.0,Hold,10.0,Hold,10.0,Hold,10.0,Hold,10.0,Hold,10.0,Hold,10.0,Hold,10.0
1/5/2024,179.9900055,0.5636361809014433,Hold,9.0,Hold,10.0,Hold,10.0,Hold,10.0,Hold,10.0,Hold,10.0,Hold,10.0,Hold,10.0,Hold,10.0,Hold,10.0
2/5/2024,180.0099945,0.633780236412701,Hold,9.0,Hold,10.0,Hold,10.0,Hold,10.0,Hold,10.0,Hold,10.0,Hold,10.0,Hold,10.0,Hold,10.0,Hold,10.0
3/5/2024,181.1900024,0.7052624236909107,Hold,9.0,Hold,10.0,Hold,10.0,Hold,10.0,Hold,10.0,Hold,10.0,Hold,10.0,Hold,10.0,Hold,10.0,Hold,10.0
6/5/2024,184.7599945,0.7986348541142316,Hold,9.0,Hold,10.0,Hold,10.0,Hold,10.0,Hold,10.0,Hold,10.0,Hold,10.0,Hold,10.0,Hold,10.0,Hold,10.0
7/5/2024,177.8099976,0.8293098926190475,Buy,9.0,Buy,10.0,Hold,10.0,Hold,10.0,Hold,10.0,Hold,10.0,Hold,10.0,Hold,10.0,Hold,10.0,Hold,10.0
8/5/2024,174.7200012,0.4835516426379562,Hold,9.0,Hold,10.0,Hold,10.0,Hold,10.0,Hold,10.0,Hold,10.0,Hold,10.0,Hold,10.0,Hold,10.0,Hold,10.0
9/5/2024,171.9700012,0.2964197812148649,Hold,9.0,Hold,10.0,Hold,10.0,Hold,10.0,Sell,10.0,Hold,10.0,Sell,10.0,Sell,10.0,Hold,10.0,Sell,10.0
10/5/2024,168.4700012,0.5923507728879311,Hold,9.0,Hold,10.0,Hold,10.0,Hold,10.0,Sell,10.0,Hold,10.0,Sell,10.0,Hold,10.0,Sell,10.0,Hold,10.0
13/5/2024,171.8899994,0.6880727377150497,Hold,9.0,Hold,10.0,Hold,10.0,Hold,10.0,Hold,10.0,Hold,10.0,Hold,10.0,Sell,10.0,Hold,10.0,Hold,10.0
14/5/2024,177.5500031,0.4889991680731155,Hold,9.0,Hold,10.0,Hold,10.0,Hold,10.0,Hold,10.0,Hold,10.0,Hold,10.0,Hold,10.0,Hold,10.0,Hold,10.0
15/5/2024,173.9900055,0.2033452714562584,Hold,9.0,Hold,10.0,Hold,10.0,Hold,10.0,Buy,10.0,Hold,10.0,Buy,10.0,Buy,10.0,Buy,10.0,Buy,10.0
16/5/2024,174.8399963,0.797844056711165,Hold,9.0,Sell,10.0,Hold,10.0,Hold,10.0,Sell,10.0,Hold,10.0,Sell,10.0,Hold,10.0,Hold,10.0,Sell,10.0
17/5/2024,177.4600067,0.6369913085384615,Hold,9.0,Hold,10.0,Hold,10.0,Hold,10.0,Hold,10.0,Hold,10.0,Buy,10.0,Buy,10.0,Hold,10.0,Buy,10.0
20/5/2024,174.9499969,0.2212829418488785,Hold,9.0,Hold,10.0,Hold,10.0,Hold,10.0,Buy,10.0,Hold,10.0,Hold,10.0,Hold,10.0,Hold,10.0,Buy,10.0
21/5/2024,186.6000061,0.5270093542981635,Hold,9.0,Hold,10.0,Hold,10.0,Hold,10.0,Sell,10.0,Hold,10.0,Hold,10.0,Hold,10.0,Hold,10.0,Sell,10.0
22/5/2024,180.1100006,0.459388289998927,Sell,9.0,Sell,10.0,Hold,10.0,Hold,10.0,Buy,10.0,Hold,10.0,Hold,10.0,Hold,10.0,Hold,10.0,Buy,10.0
23/5/2024,173.7400055,0.5259577104500325,Hold,9.0,Hold,10.0,Hold,10.0,Hold,10.0,Hold,10.0,Hold,10.0,Hold,10.0,Buy,10.0,Buy,10.0,Hold,10.0
24/5/2024,179.2400055,0.1616341494829065,Hold,9.0,Hold,10.0,Hold,10.0,Hold,10.0,Sell,10.0,Hold,10.0,Sell,10.0,Sell,10.0,Sell,10.0,Sell,10.0
28/5/2024,176.75,0.7981651405454546,Buy,9.0,Buy,10.0,Hold,10.0,Hold,10.0,Buy,10.0,Hold,10.0,Buy,10.0,Hold,10.0,Hold,10.0,Buy,10.0
29/5/2024,176.1900024,0.7242924509436685,Hold,9.0,Hold,10.0,Hold,10.0,Hold,10.0,Hold,10.0,Hold,10.0,Sell,10.0,Sell,10.0,Hold,10.0,Sell,10.0
30/5/2024,178.7899933,0.5330852605640333,Hold,9.0,Hold,10.0,Hold,10.0,Hold,10.0,Sell,10.0,Hold,10.0,Hold,10.0,Hold,10.0,Hold,10.0,Sell,10.0
31/5/2024,178.0800018,0.6992147265488426,Buy,9.0,Buy,10.0,Hold,10.0,Hold,10.0,Buy,10.0,Hold,10.0,Buy,10.0,Buy,10.0,Hold,10.0,Buy,10.0
3/6/2024,176.2899933,0.3606843009679353,Hold,9.0,Hold,10.0,Hold,10.0,Hold,10.0,Hold,10.0,Hold,10.0,Hold,10.0,Hold,10.0,Hold,10.0,Hold,10.0
4/6/2024,174.7700043,0.6610097539583333,Hold,9.0,Sell,10.0,Hold,10.0,Hold,10.0,Sell,10.0,Sell,10.0,Sell,10.0,Sell,10.0,Sell,10.0,Sell,10.0
5/6/2024,175.0,0.4376743273772574,Sell,9.0,Hold,10.0,Sell,10.0,Hold,10.0,Sell,10.0,Hold,10.0,Sell,10.0,Hold,10.0,Sell,10.0,Hold,10.0
6/6/2024,177.9400024,0.7417431563225788,Hold,9.0,Hold,10.0,Hold,10.0,Hold,10.0,Hold,10.0,Hold,10.0,Hold,10.0,Hold,10.0,Hold,10.0,Hold,10.0
7/6/2024,177.4799957,0.8561777793737375,Hold,9.0,Hold,10.0,Buy,10.0,Hold,10.0,Buy,10.0,Buy,10.0,Buy,10.0,Buy,10.0,Buy,10.0,Buy,10.0
10/6/2024,173.7899933,0.7525462549823513,Hold,9.0,Hold,10.0,Hold,10.0,Hold,10.0,Hold,10.0,Hold,10.0,Hold,10.0,Hold,10.0,Hold,10.0,Hold,10.0
11/6/2024,170.6600037,0.5342162931308412,Sell,9.0,Sell,10.0,Sell,10.0,Buy,10.0,Sell,10.0,Sell,10.0,Sell,10.0,Hold,10.0,Hold,10.0,Sell,10.0
12/6/2024,177.2899933,0.5272862098729191,Hold,9.0,Hold,10.0,Hold,10.0,Hold,10.0,Hold,10.0,Hold,10.0,Hold,10.0,Hold,10.0,Hold,10.0,Hold,10.0
13/6/2024,182.4700012,0.7081048544557729,Buy,9.0,Buy,10.0,Buy,10.0,Hold,10.0,Buy,10.0,Buy,10.0,Buy,10.0,Buy,10.0,Buy,10.0,Buy,10.0
14/6/2024,178.0099945,0.6360238880277617,Hold,9.0,Hold,10.0,Hold,10.0,Hold,10.0,Hold,10.0,Hold,10.0,Hold,10.0,Hold,10.0,Hold,10.0,Hold,10.0
17/6/2024,187.4400024,0.5069506475999866,Hold,9.0,Hold,10.0,Hold,10.0,Hold,10.0,Hold,10.0,Hold,10.0,Hold,10.0,Hold,10.0,Hold,10.0,Hold,10.0
18/6/2024,184.8600006,0.485226013816312,Hold,9.0,Hold,10.0,Hold,10.0,Hold,10.0,Hold,10.0,Hold,10.0,Hold,10.0,Hold,10.0,Hold,10.0,Hold,10.0
20/6/2024,181.5700073,0.3483407885955725,Hold,9.0,Hold,10.0,Hold,10.0,Hold,10.0,Hold,10.0,Hold,10.0,Hold,10.0,Hold,10.0,Hold,10.0,Hold,10.0
21/6/2024,183.0099945,0.4514875031019318,Hold,9.0,Hold,10.0,Hold,10.0,Hold,10.0,Hold,10.0,Hold,10.0,Hold,10.0,Hold,10.0,Hold,10.0,Hold,10.0
24/6/2024,182.5800018,0.4863341186408642,Hold,9.0,Hold,10.0,Hold,10.0,Hold,10.0,Hold,10.0,Hold,10.0,Hold,10.0,Hold,10.0,Hold,10.0,Hold,10.0
25/6/2024,187.3500061,0.4928766335535714,Hold,9.0,Hold,10.0,Hold,10.0,Hold,10.0,Hold,10.0,Hold,10.0,Hold,10.0,Hold,10.0,Hold,10.0,Hold,10.0
26/6/2024,196.3699951,0.4890886520289854,Hold,9.0,Hold,10.0,Hold,10.0,Hold,10.0,Hold,10.0,Hold,10.0,Hold,10.0,Hold,10.0,Hold,10.0,Hold,10.0
27/6/2024,197.4199982,0.4598249039904762,Hold,9.0,Hold,10.0,Hold,10.0,Hold,10.0,Hold,10.0,Hold,10.0,Hold,10.0,Hold,10.0,Hold,10.0,Hold,10.0
28/6/2024,197.8800049,0.7331773564636362,Hold,9.0,Hold,10.0,Hold,10.0,Hold,10.0,Hold,10.0,Hold,10.0,Hold,10.0,Hold,10.0,Hold,10.0,Hold,10.0
1/7/2024,209.8600006,0.3126527982199249,Hold,9.0,Hold,10.0,Hold,10.0,Hold,10.0,Hold,10.0,Hold,10.0,Hold,10.0,Hold,10.0,Hold,10.0,Hold,10.0
2/7/2024,231.2599945,0.1730250210988582,Hold,9.0,Hold,10.0,Hold,10.0,Hold,10.0,Hold,10.0,Hold,10.0,Hold,10.0,Hold,10.0,Hold,10.0,Hold,10.0
3/7/2024,246.3899994,0.5194074402588564,Hold,9.0,Hold,10.0,Hold,10.0,Hold,10.0,Hold,10.0,Hold,10.0,Hold,10.0,Hold,10.0,Hold,10.0,Hold,10.0
5/7/2024,251.5200043,0.7207943293632862,Hold,9.0,Hold,10.0,Hold,10.0,Hold,10.0,Hold,10.0,Hold,10.0,Hold,10.0,Hold,10.0,Hold,10.0,Hold,10.0
8/7/2024,252.9400024,0.6424938171957602,Hold,9.0,Hold,10.0,Hold,10.0,Hold,10.0,Hold,10.0,Hold,10.0,Hold,10.0,Hold,10.0,Hold,10.0,Hold,10.0
9/7/2024,262.3299866,0.3867055067597402,Hold,9.0,Hold,10.0,Hold,10.0,Hold,10.0,Hold,10.0,Hold,10.0,Hold,10.0,Hold,10.0,Hold,10.0,Hold,10.0
10/7/2024,263.2600098,0.6543562513094242,Hold,9.0,Hold,10.0,Hold,10.0,Hold,10.0,Hold,10.0,Hold,10.0,Hold,10.0,Hold,10.0,Hold,10.0,Hold,10.0
11/7/2024,241.0299988,0.1421170477384673,Hold,9.0,Hold,10.0,Hold,10.0,Sell,10.0,Hold,10.0,Hold,10.0,Hold,10.0,Hold,10.0,Hold,10.0,Hold,10.0
12/7/2024,248.2299957,0.1731567296335897,Hold,9.0,Hold,10.0,Hold,10.0,Sell,10.0,Hold,10.0,Hold,10.0,Hold,10.0,Hold,10.0,Hold,10.0,Hold,10.0
15/7/2024,252.6399994,0.5604706545738316,Hold,9.0,Hold,10.0,Hold,10.0,Sell,10.0,Hold,10.0,Hold,10.0,Hold,10.0,Hold,10.0,Hold,10.0,Hold,10.0
16/7/2024,256.5599976,0.5834589021551838,Hold,9.0,Hold,10.0,Hold,10.0,Sell,10.0,Hold,10.0,Hold,10.0,Hold,10.0,Hold,10.0,Hold,10.0,Hold,10.0
17/7/2024,248.5,0.3991922699209943,Hold,9.0,Hold,10.0,Hold,10.0,Sell,10.0,Hold,10.0,Hold,10.0,Hold,10.0,Hold,10.0,Hold,10.0,Hold,10.0
18/7/2024,249.2299957,0.4091151018703636,Hold,9.0,Hold,10.0,Hold,10.0,Sell,10.0,Hold,10.0,Hold,10.0,Hold,10.0,Hold,10.0,Hold,10.0,Hold,10.0
19/7/2024,239.1999969,0.1091602012142857,Hold,9.0,Hold,10.0,Hold,10.0,Hold,10.0,Hold,10.0,Hold,10.0,Hold,10.0,Hold,10.0,Hold,10.0,Hold,10.0
22/7/2024,251.5099945,0.5317085921250365,Hold,9.0,Sell,10.0,Hold,10.0,Hold,10.0,Hold,10.0,Hold,10.0,Sell,10.0,Sell,10.0,Sell,10.0,Hold,10.0
23/7/2024,246.3800049,0.2130037451587162,Hold,9.0,Hold,10.0,Hold,10.0,Hold,10.0,Hold,10.0,Hold,10.0,Buy,10.0,Hold,10.0,Hold,10.0,Hold,10.0
24/7/2024,215.9900055,0.1020373821166445,Hold,9.0,Hold,10.0,Hold,10.0,Hold,10.0,Hold,10.0,Hold,10.0,Hold,10.0,Hold,10.0,Hold,10.0,Hold,10.0
25/7/2024,220.25,0.1394389323878417,Sell,9.0,Sell,10.0,Sell,10.0,Hold,10.0,Sell,10.0,Sell,10.0,Sell,10.0,Hold,10.0,Hold,10.0,Sell,10.0
26/7/2024,219.8000031,0.468723679298969,Hold,9.0,Hold,10.0,Hold,10.0,Hold,10.0,Hold,10.0,Hold,10.0,Hold,10.0,Hold,10.0,Hold,10.0,Hold,10.0
29/7/2024,232.1000061,0.2550483365264148,Hold,9.0,Hold,10.0,Hold,10.0,Hold,10.0,Hold,10.0,Hold,10.0,Hold,10.0,Hold,10.0,Hold,10.0,Hold,10.0
30/7/2024,222.6199951,0.5311606611420162,Hold,9.0,Hold,10.0,Hold,10.0,Hold,10.0,Hold,10.0,Hold,10.0,Hold,10.0,Hold,10.0,Hold,10.0,Hold,10.0
31/7/2024,232.0700073,0.3321404471712623,Hold,9.0,Hold,10.0,Sell,10.0,Hold,10.0,Sell,10.0,Hold,10.0,Hold,10.0,Hold,10.0,Hold,10.0,Hold,10.0
1/8/2024,216.8600006,0.1059960665634033,Hold,9.0,Hold,10.0,Hold,10.0,Hold,10.0,Hold,10.0,Hold,10.0,Hold,10.0,Hold,10.0,Hold,10.0,Hold,10.0
2/8/2024,207.6699982,0.4386757120731708,Hold,9.0,Hold,10.0,Sell,10.0,Hold,10.0,Sell,10.0,Hold,10.0,Hold,10.0,Hold,10.0,Hold,10.0,Hold,10.0
5/8/2024,198.8800049,0.46728470921875,Hold,9.0,Hold,10.0,Hold,10.0,Hold,10.0,Hold,10.0,Hold,10.0,Hold,10.0,Hold,10.0,Hold,10.0,Hold,10.0
6/8/2024,200.6399994,0.2794009234290322,Hold,9.0,Hold,10.0,Hold,10.0,Hold,10.0,Hold,10.0,Hold,10.0,Hold,10.0,Hold,10.0,Hold,10.0,Hold,10.0
7/8/2024,191.7599945,0.2303488146761041,Hold,9.0,Hold,10.0,Hold,10.0,Hold,10.0,Hold,10.0,Hold,10.0,Hold,10.0,Hold,10.0,Hold,10.0,Hold,10.0
8/8/2024,198.8399963,0.1367226812345588,Hold,9.0,Hold,10.0,Hold,10.0,Hold,10.0,Hold,10.0,Hold,10.0,Hold,10.0,Hold,10.0,Hold,10.0,Hold,10.0
9/8/2024,200.0,0.7641641454219178,Hold,9.0,Hold,10.0,Hold,10.0,Buy,10.0,Hold,10.0,Hold,10.0,Hold,10.0,Hold,10.0,Hold,10.0,Hold,10.0
12/8/2024,197.4900055,0.3732380605411214,Hold,9.0,Hold,10.0,Hold,10.0,Buy,10.0,Hold,10.0,Hold,10.0,Hold,10.0,Hold,10.0,Hold,10.0,Hold,10.0
13/8/2024,207.8300018,0.5725706534005858,Hold,9.0,Hold,10.0,Hold,10.0,Hold,10.0,Hold,10.0,Hold,10.0,Hold,10.0,Hold,10.0,Hold,10.0,Hold,10.0
14/8/2024,201.3800049,0.1275549424674487,Hold,9.0,Hold,10.0,Hold,10.0,Hold,10.0,Hold,10.0,Hold,10.0,Hold,10.0,Hold,10.0,Hold,10.0,Hold,10.0
15/8/2024,214.1399994,0.4203083072433057,Hold,9.0,Hold,10.0,Hold,10.0,Hold,10.0,Hold,10.0,Hold,10.0,Hold,10.0,Hold,10.0,Hold,10.0,Hold,10.0
16/8/2024,216.1199951,0.4369279133002766,Buy,9.0,Buy,10.0,Hold,10.0,Hold,10.0,Buy,10.0,Hold,10.0,Buy,10.0,Buy,10.0,Buy,10.0,Buy,10.0
19/8/2024,222.7200012,0.510116231225025,Hold,9.0,Hold,10.0,Hold,10.0,Hold,10.0,Hold,10.0,Hold,10.0,Hold,10.0,Hold,10.0,Hold,10.0,Hold,10.0
20/8/2024,221.1000061,0.2682969769341884,Hold,9.0,Hold,10.0,Hold,10.0,Hold,10.0,Hold,10.0,Hold,10.0,Hold,10.0,Buy,10.0,Buy,10.0,Hold,10.0
21/8/2024,223.2700043,0.4735742758021821,Hold,9.0,Hold,10.0,Hold,10.0,Hold,10.0,Hold,10.0,Hold,10.0,Hold,10.0,Hold,10.0,Hold,10.0,Hold,10.0
22/8/2024,210.6600037,0.706512569072165,Hold,9.0,Hold,10.0,Hold,10.0,Hold,10.0,Hold,10.0,Hold,10.0,Hold,10.0,Hold,10.0,Hold,10.0,Hold,10.0
23/8/2024,220.3200073,0.344361731203382,Hold,9.0,Hold,10.0,Hold,10.0,Hold,10.0,Sell,10.0,Hold,10.0,Sell,10.0,Sell,10.0,Sell,10.0,Sell,10.0
26/8/2024,213.2100067,0.3773304901895321,Buy,9.0,Buy,10.0,Hold,10.0,Hold,10.0,Buy,10.0,Hold,10.0,Buy,10.0,Hold,10.0,Hold,10.0,Buy,10.0
27/8/2024,209.2100067,0.6077564252727273,Hold,9.0,Hold,10.0,Hold,10.0,Hold,10.0,Sell,10.0,Hold,10.0,Sell,10.0,Sell,10.0,Sell,10.0,Sell,10.0
28/8/2024,205.75,0.6180538876747406,Hold,9.0,Hold,10.0,Hold,10.0,Hold,10.0,Sell,10.0,Hold,10.0,Hold,10.0,Hold,10.0,Hold,10.0,Sell,10.0
29/8/2024,206.2799988,0.6643489455544214,Hold,9.0,Hold,10.0,Hold,10.0,Hold,10.0,Hold,10.0,Hold,10.0,Hold,10.0,Hold,10.0,Hold,10.0,Hold,10.0
30/8/2024,214.1100006,0.7053341606113543,Hold,9.0,Hold,10.0,Hold,10.0,Hold,10.0,Hold,10.0,Hold,10.0,Hold,10.0,Hold,10.0,Hold,10.0,Hold,10.0
3/9/2024,210.6000061,0.8299234852043187,Hold,9.0,Hold,10.0,Buy,10.0,Hold,10.0,Buy,10.0,Buy,10.0,Buy,10.0,Hold,10.0,Hold,10.0,Buy,10.0
4/9/2024,219.4100037,0.676103232572704,Sell,9.0,Sell,10.0,Hold,10.0,Hold,10.0,Sell,10.0,Hold,10.0,Sell,10.0,Hold,10.0,Hold,10.0,Sell,10.0
5/9/2024,230.1699982,0.4451129454114692,Buy,9.0,Buy,10.0,Buy,10.0,Hold,10.0,Buy,10.0,Buy,10.0,Buy,10.0,Buy,10.0,Buy,10.0,Buy,10.0
6/9/2024,210.7299957,0.4797811510147058,Hold,9.0,Hold,10.0,Buy,10.0,Hold,10.0,Hold,10.0,Buy,10.0,Hold,10.0,Hold,10.0,Hold,10.0,Hold,10.0
9/9/2024,216.2700043,0.5718249415193478,Sell,9.0,Sell,10.0,Hold,10.0,Hold,10.0,Sell,10.0,Hold,10.0,Sell,10.0,Hold,10.0,Hold,10.0,Sell,10.0
10/9/2024,226.1699982,0.7004379466817421,Buy,9.0,Buy,10.0,Hold,10.0,Hold,10.0,Buy,10.0,Hold,10.0,Buy,10.0,Buy,10.0,Buy,10.0,Buy,10.0
11/9/2024,228.1300049,0.8121305471228071,Hold,9.0,Hold,10.0,Hold,10.0,Hold,10.0,Hold,10.0,Hold,10.0,Hold,10.0,Hold,10.0,Hold,10.0,Hold,10.0
12/9/2024,229.8099976,0.48443187337989,Hold,9.0,Hold,10.0,Hold,10.0,Hold,10.0,Hold,10.0,Hold,10.0,Hold,10.0,Hold,10.0,Hold,10.0,Hold,10.0
13/9/2024,230.2899933,0.71621766043669,Hold,9.0,Hold,10.0,Hold,10.0,Hold,10.0,Hold,10.0,Hold,10.0,Hold,10.0,Hold,10.0,Hold,10.0,Hold,10.0
16/9/2024,226.7799988,0.5723454398550725,Hold,9.0,Hold,10.0,Hold,10.0,Hold,10.0,Hold,10.0,Hold,10.0,Hold,10.0,Hold,10.0,Hold,10.0,Hold,10.0
17/9/2024,227.8699951,0.4188484347997276,Hold,9.0,Hold,10.0,Hold,10.0,Hold,10.0,Hold,10.0,Hold,10.0,Hold,10.0,Hold,10.0,Hold,10.0,Hold,10.0
18/9/2024,227.1999969,0.6588899640963856,Hold,9.0,Hold,10.0,Hold,10.0,Hold,10.0,Hold,10.0,Hold,10.0,Hold,10.0,Hold,10.0,Hold,10.0,Hold,10.0
19/9/2024,243.9199982,0.2638674693017452,Hold,9.0,Hold,10.0,Hold,10.0,Hold,10.0,Hold,10.0,Hold,10.0,Hold,10.0,Hold,10.0,Hold,10.0,Hold,10.0
20/9/2024,238.25,0.2574760400664051,Hold,9.0,Hold,10.0,Hold,10.0,Hold,10.0,Hold,10.0,Hold,10.0,Hold,10.0,Hold,10.0,Hold,10.0,Hold,10.0
23/9/2024,250.0,0.2437187121015764,Hold,9.0,Hold,10.0,Hold,10.0,Hold,10.0,Hold,10.0,Hold,10.0,Hold,10.0,Hold,10.0,Hold,10.0,Hold,10.0
24/9/2024,254.2700043,0.6317046541671901,Hold,9.0,Hold,10.0,Hold,10.0,Hold,10.0,Hold,10.0,Hold,10.0,Hold,10.0,Hold,10.0,Hold,10.0,Hold,10.0
25/9/2024,257.019989,0.579165585735423,Hold,9.0,Hold,10.0,Hold,10.0,Hold,10.0,Hold,10.0,Hold,10.0,Hold,10.0,Hold,10.0,Hold,10.0,Hold,10.0
26/9/2024,254.2200012,0.6802497269352941,Hold,9.0,Hold,10.0,Hold,10.0,Hold,10.0,Hold,10.0,Hold,10.0,Hold,10.0,Hold,10.0,Hold,10.0,Hold,10.0
27/9/2024,260.4599915,0.7024124951911501,Hold,9.0,Hold,10.0,Hold,10.0,Hold,10.0,Hold,10.0,Hold,10.0,Hold,10.0,Hold,10.0,Hold,10.0,Hold,10.0
30/9/2024,261.6300049,0.6881875975155919,Hold,9.0,Hold,10.0,Hold,10.0,Sell,10.0,Hold,10.0,Hold,10.0,Hold,10.0,Hold,10.0,Hold,10.0,Hold,10.0
1/10/2024,258.019989,0.160201622245119,Hold,9.0,Hold,10.0,Hold,10.0,Sell,10.0,Hold,10.0,Hold,10.0,Hold,10.0,Hold,10.0,Hold,10.0,Hold,10.0
2/10/2024,249.0200043,-0.1296362416409598,Hold,9.0,Hold,10.0,Hold,10.0,Hold,10.0,Hold,10.0,Hold,10.0,Hold,10.0,Hold,10.0,Hold,10.0,Hold,10.0
3/10/2024,240.6600037,0.1639326262850697,Hold,9.0,Hold,10.0,Hold,10.0,Hold,10.0,Hold,10.0,Hold,10.0,Hold,10.0,Hold,10.0,Hold,10.0,Hold,10.0
4/10/2024,250.0800018,0.4520911765598291,Sell,9.0,Sell,10.0,Sell,10.0,Hold,10.0,Sell,10.0,Sell,10.0,Sell,10.0,Sell,10.0,Sell,10.0,Sell,10.0
7/10/2024,240.8300018,0.5990368928871128,Hold,9.0,Hold,10.0,Hold,10.0,Hold,10.0,Hold,10.0,Hold,10.0,Buy,10.0,Hold,10.0,Hold,10.0,Hold,10.0
8/10/2024,244.5,0.554125915646495,Sell,9.0,Sell,10.0,Sell,10.0,Hold,10.0,Sell,10.0,Sell,10.0,Sell,10.0,Sell,10.0,Sell,10.0,Sell,10.0
9/10/2024,241.0500031,0.5931194308297753,Hold,9.0,Hold,10.0,Hold,10.0,Hold,10.0,Hold,10.0,Hold,10.0,Hold,10.0,Hold,10.0,Hold,10.0,Hold,10.0
10/10/2024,238.7700043,0.4889861411148863,Sell,9.0,Hold,10.0,Sell,10.0,Hold,10.0,Sell,10.0,Hold,10.0,Hold,10.0,Hold,10.0,Hold,10.0,Hold,10.0
11/10/2024,217.8000031,0.1932282294847378,Hold,9.0,Hold,10.0,Hold,10.0,Hold,10.0,Hold,10.0,Hold,10.0,Hold,10.0,Hold,10.0,Hold,10.0,Hold,10.0
14/10/2024,219.1600037,0.5361894269904145,Hold,9.0,Hold,10.0,Hold,10.0,Hold,10.0,Hold,10.0,Hold,10.0,Hold,10.0,Hold,10.0,Hold,10.0,Hold,10.0
15/10/2024,219.5700073,-0.0136439982227387,Hold,9.0,Hold,10.0,Hold,10.0,Hold,10.0,Hold,10.0,Hold,10.0,Hold,10.0,Hold,10.0,Hold,10.0,Hold,10.0
16/10/2024,221.3300018,0.6443585605937433,Hold,9.0,Hold,10.0,Hold,10.0,Hold,10.0,Hold,10.0,Hold,10.0,Hold,10.0,Hold,10.0,Hold,10.0,Hold,10.0
17/10/2024,220.8899994,0.4992375355327206,Hold,9.0,Hold,10.0,Hold,10.0,Buy,10.0,Hold,10.0,Hold,10.0,Hold,10.0,Hold,10.0,Hold,10.0,Hold,10.0
18/10/2024,220.6999969,0.4407110509226655,Hold,9.0,Hold,10.0,Hold,10.0,Buy,10.0,Hold,10.0,Hold,10.0,Hold,10.0,Hold,10.0,Hold,10.0,Hold,10.0
21/10/2024,218.8500061,0.4516758096801241,Hold,9.0,Hold,10.0,Hold,10.0,Buy,10.0,Hold,10.0,Hold,10.0,Hold,10.0,Hold,10.0,Hold,10.0,Hold,10.0
22/10/2024,217.9700012,0.665732888167939,Hold,9.0,Hold,10.0,Hold,10.0,Buy,10.0,Hold,10.0,Hold,10.0,Hold,10.0,Hold,10.0,Hold,10.0,Hold,10.0
23/10/2024,213.6499939,0.2798940795077194,Hold,9.0,Hold,10.0,Hold,10.0,Buy,10.0,Hold,10.0,Hold,10.0,Hold,10.0,Hold,10.0,Hold,10.0,Hold,10.0
24/10/2024,260.480011,0.3047954872454921,Hold,9.0,Hold,10.0,Hold,10.0,Hold,10.0,Hold,10.0,Hold,10.0,Hold,10.0,Hold,10.0,Hold,10.0,Hold,10.0
25/10/2024,269.1900024,0.4426103202430779,Buy,9.0,Buy,10.0,Buy,10.0,Hold,10.0,Buy,10.0,Buy,10.0,Buy,10.0,Buy,10.0,Buy,10.0,Buy,10.0
28/10/2024,262.5100098,0.469164294414116,Hold,9.0,Hold,10.0,Hold,10.0,Hold,10.0,Hold,10.0,Buy,10.0,Hold,10.0,Buy,10.0,Hold,10.0,Hold,10.0
29/10/2024,259.519989,0.6756674045886275,Hold,9.0,Hold,10.0,Hold,10.0,Hold,10.0,Hold,10.0,Hold,10.0,Hold,10.0,Hold,10.0,Hold,10.0,Hold,10.0
30/10/2024,257.5499878,0.3285295584500579,Hold,9.0,Hold,10.0,Hold,10.0,Hold,10.0,Hold,10.0,Hold,10.0,Hold,10.0,Hold,10.0,Hold,10.0,Hold,10.0
31/10/2024,249.8500061,0.2438004504870228,Hold,9.0,Buy,10.0,Hold,10.0,Hold,10.0,Hold,10.0,Hold,10.0,Hold,10.0,Hold,10.0,Hold,10.0,Hold,10.0
1/11/2024,248.9799957,0.2248769126728972,Hold,9.0,Hold,10.0,Hold,10.0,Hold,10.0,Hold,10.0,Hold,10.0,Hold,10.0,Hold,10.0,Hold,10.0,Hold,10.0
4/11/2024,242.8399963,-0.0343152391937806,Hold,9.0,Hold,10.0,Hold,10.0,Hold,10.0,Hold,10.0,Hold,10.0,Hold,10.0,Hold,10.0,Hold,10.0,Hold,10.0
5/11/2024,251.4400024,0.4349162050938738,Hold,9.0,Hold,10.0,Hold,10.0,Hold,10.0,Hold,10.0,Hold,10.0,Hold,10.0,Hold,10.0,Hold,10.0,Hold,10.0
6/11/2024,288.5299988,0.4260738636252367,Hold,9.0,Hold,10.0,Hold,10.0,Hold,10.0,Hold,10.0,Hold,10.0,Hold,10.0,Hold,10.0,Hold,10.0,Hold,10.0
7/11/2024,296.9100037,0.5566313584409393,Hold,9.0,Hold,10.0,Hold,10.0,Hold,10.0,Hold,10.0,Hold,10.0,Hold,10.0,Hold,10.0,Hold,10.0,Hold,10.0
8/11/2024,321.2200012,0.5524611057038524,Hold,9.0,Hold,10.0,Hold,10.0,Hold,10.0,Hold,10.0,Hold,10.0,Hold,10.0,Hold,10.0,Hold,10.0,Hold,10.0
11/11/2024,350.0,0.4029796271805921,Hold,9.0,Hold,10.0,Hold,10.0,Hold,10.0,Hold,10.0,Hold,10.0,Hold,10.0,Hold,10.0,Hold,10.0,Hold,10.0
12/11/2024,328.4899902,0.3465209546854093,Hold,9.0,Hold,10.0,Hold,10.0,Hold,10.0,Hold,10.0,Hold,10.0,Hold,10.0,Hold,10.0,Hold,10.0,Hold,10.0
13/11/2024,330.2399902,0.5879868094893723,Hold,9.0,Hold,10.0,Hold,10.0,Hold,10.0,Hold,10.0,Hold,10.0,Hold,10.0,Hold,10.0,Hold,10.0,Hold,10.0
14/11/2024,311.1799927,0.3537831537216138,Hold,9.0,Hold,10.0,Hold,10.0,Hold,10.0,Hold,10.0,Hold,10.0,Hold,10.0,Hold,10.0,Hold,10.0,Hold,10.0
15/11/2024,320.7200012,0.7542801074216714,Hold,9.0,Hold,10.0,Hold,10.0,Hold,10.0,Hold,10.0,Hold,10.0,Hold,10.0,Hold,10.0,Hold,10.0,Hold,10.0
18/11/2024,338.7399902,0.5138477120650625,Hold,9.0,Hold,10.0,Hold,10.0,Hold,10.0,Hold,10.0,Hold,10.0,Hold,10.0,Hold,10.0,Hold,10.0,Hold,10.0
19/11/2024,346.0,0.6403855035480808,Hold,9.0,Hold,10.0,Hold,10.0,Hold,10.0,Hold,10.0,Hold,10.0,Hold,10.0,Hold,10.0,Hold,10.0,Hold,10.0
20/11/2024,342.0299988,0.4099195817071914,Hold,9.0,Hold,10.0,Hold,10.0,Hold,10.0,Hold,10.0,Hold,10.0,Hold,10.0,Hold,10.0,Hold,10.0,Hold,10.0
21/11/2024,339.6400146,0.434328857323871,Hold,9.0,Hold,10.0,Hold,10.0,Hold,10.0,Hold,10.0,Hold,10.0,Hold,10.0,Hold,10.0,Hold,10.0,Hold,10.0
22/11/2024,352.5599976,0.681883715783918,Hold,9.0,Hold,10.0,Hold,10.0,Hold,10.0,Hold,10.0,Hold,10.0,Hold,10.0,Hold,10.0,Hold,10.0,Hold,10.0
25/11/2024,338.5899963,0.5687491493130962,Hold,9.0,Hold,10.0,Hold,10.0,Hold,10.0,Hold,10.0,Hold,10.0,Hold,10.0,Hold,10.0,Hold,10.0,Hold,10.0
26/11/2024,338.230011,0.7001156878295048,Hold,9.0,Hold,10.0,Hold,10.0,Hold,10.0,Hold,10.0,Hold,10.0,Hold,10.0,Hold,10.0,Hold,10.0,Hold,10.0
27/11/2024,332.8900146,0.316846918709913,Hold,9.0,Hold,10.0,Hold,10.0,Hold,10.0,Hold,10.0,Hold,10.0,Hold,10.0,Hold,10.0,Hold,10.0,Hold,10.0
29/11/2024,345.1600037,0.4337890690699574,Hold,9.0,Hold,10.0,Hold,10.0,Hold,10.0,Hold,10.0,Hold,10.0,Hold,10.0,Hold,10.0,Hold,10.0,Hold,10.0
2/12/2024,357.0899963,0.4010777505783258,Hold,9.0,Hold,10.0,Hold,10.0,Hold,10.0,Hold,10.0,Hold,10.0,Hold,10.0,Hold,10.0,Hold,10.0,Hold,10.0
3/12/2024,351.4200134,0.3373510024626462,Hold,9.0,Hold,10.0,Hold,10.0,Hold,10.0,Hold,10.0,Hold,10.0,Hold,10.0,Hold,10.0,Hold,10.0,Hold,10.0
4/12/2024,357.9299927,0.1805139958621542,Hold,9.0,Hold,10.0,Hold,10.0,Hold,10.0,Hold,10.0,Hold,10.0,Hold,10.0,Hold,10.0,Hold,10.0,Hold,10.0
5/12/2024,369.4899902,0.4453777147563313,Hold,9.0,Hold,10.0,Hold,10.0,Hold,10.0,Hold,10.0,Hold,10.0,Hold,10.0,Hold,10.0,Hold,10.0,Hold,10.0
6/12/2024,389.2200012,0.4967886259687565,Hold,9.0,Hold,10.0,Hold,10.0,Hold,10.0,Hold,10.0,Hold,10.0,Hold,10.0,Hold,10.0,Hold,10.0,Hold,10.0
9/12/2024,389.7900085,0.5401654948454565,Hold,9.0,Hold,10.0,Hold,10.0,Hold,10.0,Hold,10.0,Hold,10.0,Hold,10.0,Hold,10.0,Hold,10.0,Hold,10.0
10/12/2024,400.9899902,0.4180393677069048,Hold,9.0,Hold,10.0,Hold,10.0,Hold,10.0,Hold,10.0,Hold,10.0,Hold,10.0,Hold,10.0,Hold,10.0,Hold,10.0
11/12/2024,424.769989,0.4145237632505074,Hold,9.0,Hold,10.0,Hold,10.0,Hold,10.0,Hold,10.0,Hold,10.0,Hold,10.0,Hold,10.0,Hold,10.0,Hold,10.0
12/12/2024,418.1000061,0.5912169394302399,Hold,9.0,Hold,10.0,Hold,10.0,Hold,10.0,Hold,10.0,Hold,10.0,Hold,10.0,Hold,10.0,Hold,10.0,Hold,10.0
13/12/2024,436.230011,0.5210665540596746,Hold,9.0,Hold,10.0,Hold,10.0,Hold,10.0,Hold,10.0,Hold,10.0,Hold,10.0,Hold,10.0,Hold,10.0,Hold,10.0
16/12/2024,463.019989,0.6035059149420098,Hold,9.0,Hold,10.0,Hold,10.0,Hold,10.0,Hold,10.0,Hold,10.0,Hold,10.0,Hold,10.0,Hold,10.0,Hold,10.0
17/12/2024,479.8599854,0.5224882757071209,Hold,9.0,Hold,10.0,Hold,10.0,Hold,10.0,Hold,10.0,Hold,10.0,Hold,10.0,Hold,10.0,Hold,10.0,Hold,10.0
18/12/2024,440.1300049,0.555143200699584,Hold,9.0,Hold,10.0,Hold,10.0,Hold,10.0,Hold,10.0,Hold,10.0,Hold,10.0,Hold,10.0,Hold,10.0,Hold,10.0
19/12/2024,436.1700134,0.3987671586588236,Hold,9.0,Hold,10.0,Hold,10.0,Hold,10.0,Hold,10.0,Hold,10.0,Hold,10.0,Hold,10.0,Hold,10.0,Hold,10.0
20/12/2024,421.0599976,0.1714091912536515,Hold,9.0,Hold,10.0,Hold,10.0,Hold,10.0,Hold,10.0,Hold,10.0,Hold,10.0,Hold,10.0,Hold,10.0,Hold,10.0
23/12/2024,430.6000061,0.5181509373027248,Hold,9.0,Hold,10.0,Hold,10.0,Hold,10.0,Hold,10.0,Hold,10.0,Hold,10.0,Hold,10.0,Hold,10.0,Hold,10.0
24/12/2024,462.2799988,0.5485389095980332,Hold,9.0,Hold,10.0,Hold,10.0,Hold,10.0,Hold,10.0,Hold,10.0,Hold,10.0,Hold,10.0,Hold,10.0,Hold,10.0
26/12/2024,454.1300049,0.7696168164412103,Hold,9.0,Hold,10.0,Hold,10.0,Hold,10.0,Hold,10.0,Hold,10.0,Hold,10.0,Hold,10.0,Hold,10.0,Hold,10.0
27/12/2024,431.6600037,0.4054371010362252,Hold,9.0,Hold,10.0,Hold,10.0,Hold,10.0,Hold,10.0,Hold,10.0,Hold,10.0,Hold,10.0,Hold,10.0,Hold,10.0
30/12/2024,417.4100037,0.460325838839648,Hold,9.0,Hold,10.0,Hold,10.0,Hold,10.0,Hold,10.0,Hold,10.0,Hold,10.0,Hold,10.0,Hold,10.0,Hold,10.0
