Stock,Ablation,Model,Horizon,Threshold,Seed,Best_Params,Val_Accuracy,Val_ROC_AUC,Val_Trades,Val_WinRate,Val_Sharpe,Val_AnnualReturn,Val_MDD,Val_Sortino,Test_Accuracy,Test_ROC_AUC,Test_Trades,Test_WinRate,Test_Sharpe,Test_AnnualReturn,Test_MDD,Test_Sortino,Test_Calmar
AAPL,full_70_30,gradient_boosting,2,0.0025,42,"{""n_estimators"": ""328"", ""learning_rate"": 0.08007296015034582, ""max_depth"": ""3""}",0.5362903225806451,0.5281478578892372,123,0.4878048780487805,1.9834893358450068,1.265775707732005,-0.09434502146503619,4.9662935610611045,0.5121951219512195,0.5161044973544973,122,0.45901639344262296,-0.3005559055197451,-0.17463568675948238,-0.26097477000809594,-0.5200402970289356,-0.6691669342368416
AAPL,full_70_30,gradient_boosting,2,0.0025,7,"{""n_estimators"": ""50"", ""learning_rate"": 0.28809170937392187, ""max_depth"": ""7""}",0.5241935483870968,0.5366705851619644,123,0.45528455284552843,0.9525284391840312,0.45424002236782757,-0.14890485140946347,1.8442919752496771,0.516260162601626,0.5175925925925925,122,0.45901639344262296,0.5660146423463784,0.23432498606275898,-0.14824620478051628,1.097500074921658,1.580647453401491
AAPL,full_70_30,gradient_boosting,2,0.0025,1337,"{""n_estimators"": ""234"", ""learning_rate"": 0.06835743125592372, ""max_depth"": ""4""}",0.5201612903225806,0.5285397074190178,123,0.4878048780487805,1.635672136653566,0.9550728006893039,-0.11256479919363756,3.1378279130554754,0.5203252032520326,0.5225198412698413,122,0.4344262295081967,-0.09589458490649451,-0.09187945651928797,-0.23282598437057933,-0.18704489473391922,-0.39462715799387454
AAPL,full_70_30,gradient_boosting,2,0.0025,2024,"{""n_estimators"": ""377"", ""learning_rate"": 0.0634411702419242, ""max_depth"": ""3""}",0.5282258064516129,0.5347439916405433,123,0.4878048780487805,0.8069026971211736,0.36374379711556326,-0.13833565183049557,1.3657337927547144,0.5203252032520326,0.5240079365079365,122,0.4426229508196721,-0.3750496936669325,-0.20278592570285603,-0.27970976580952867,-0.6508297360906125,-0.7249869346390475
AAPL,full_70_30,gradient_boosting,2,0.0025,31415,"{""n_estimators"": ""50"", ""learning_rate"": 0.14991828409623714, ""max_depth"": ""5""}",0.4798387096774194,0.5254702194357367,123,0.44715447154471544,0.5104684774316884,0.19630519297744486,-0.19005909899339948,0.9542084499550691,0.4715447154471545,0.4878968253968254,122,0.4344262295081967,-0.6507799736305215,-0.2989285739931301,-0.35099805904207726,-1.0949698883700267,-0.8516530684213695
AAPL,full_70_30,gradient_boosting,5,0.005,42,"{""n_estimators"": ""91"", ""learning_rate"": 0.08192776699882923, ""max_depth"": ""6""}",0.5591836734693878,0.6114285714285715,48,0.4166666666666667,0.30409185387206505,0.24226136348598892,-0.19776370640585392,0.6427496990770492,0.508130081300813,0.5645470786739893,49,0.4489795918367347,0.2506190001511268,0.17946812190989392,-0.19055315045489638,0.5291157277452002,0.9418271043090087
AAPL,full_70_30,gradient_boosting,5,0.005,7,"{""n_estimators"": ""256"", ""learning_rate"": 0.02918745464096105, ""max_depth"": ""5""}",0.5795918367346938,0.6091836734693877,48,0.4375,0.3638615530687198,0.32386386082616236,-0.1810498324158564,0.7584828918672062,0.540650406504065,0.5708661417322836,49,0.46938775510204084,1.0013314073879884,2.139915983762204,-0.12485685363524511,2.5036823207732084,17.138954902817922
AAPL,full_70_30,gradient_boosting,5,0.005,1337,"{""n_estimators"": ""201"", ""learning_rate"": 0.025091959082265924, ""max_depth"": ""5""}",0.563265306122449,0.6047278911564626,48,0.3958333333333333,-0.16742719276089885,-0.2501764368643854,-0.19776370640585428,-0.3708583417985349,0.5609756097560976,0.576325018196255,49,0.3877551020408163,-0.18094790135828662,-0.3376497684005413,-0.1787373204781618,-0.2842623906689886,-1.8890837542895553
AAPL,full_70_30,gradient_boosting,5,0.005,2024,"{""n_estimators"": ""75"", ""learning_rate"": 0.061928785012001435, ""max_depth"": ""7""}",0.5795918367346938,0.6049659863945579,48,0.4375,0.27358636805249154,0.20248301502761668,-0.19776370640585433,0.5848452642157915,0.5609756097560976,0.5785416528816251,49,0.3877551020408163,-0.43456108124078585,-0.5270309975763227,-0.2492836831246991,-0.6591417583199294,-2.1141816863829237
AAPL,full_70_30,gradient_boosting,5,0.005,31415,"{""n_estimators"": ""52"", ""learning_rate"": 0.14640566930210952, ""max_depth"": ""9""}",0.5918367346938775,0.6069727891156462,48,0.5,0.44145907149669844,0.43730271765908624,-0.1595650950583749,0.8712105375565019,0.508130081300813,0.5664990405611063,49,0.4489795918367347,0.5733162504499647,0.8033157737951673,-0.1646254750274095,1.2042017842791406,4.879656527408156
AAPL,full_70_30,gradient_boosting,10,0.01,42,"{""n_estimators"": ""212"", ""learning_rate"": 0.01, ""max_depth"": ""7""}",0.5208333333333334,0.5630474176985805,23,0.2608695652173913,-2.4421105252813673,-0.9955220673580089,-0.3811783410422722,-3.5784456103486493,0.47560975609756095,0.4821523003701744,24,0.3333333333333333,-0.6447115773479851,-0.8299001709543155,-0.29188648321056787,-1.0978764841252828,-2.8432291959049802
AAPL,full_70_30,gradient_boosting,10,0.01,7,"{""n_estimators"": ""50"", ""learning_rate"": 0.01, ""max_depth"": ""6""}",0.5666666666666667,0.5603292056780429,23,0.4782608695652174,-0.9435236579842885,-0.9123013816193865,-0.19384044918310583,-1.4532848215139935,0.5040650406504065,0.48575489159175045,24,0.4166666666666667,-1.021777304415821,-0.9284573432157068,-0.37720621379825653,-1.3005017732098092,-2.461405218823567
AAPL,full_70_30,gradient_boosting,10,0.01,1337,"{""n_estimators"": ""50"", ""learning_rate"": 0.020014560936637223, ""max_depth"": ""7""}",0.575,0.5680308064028995,23,0.4782608695652174,-0.9435236579842885,-0.9123013816193865,-0.19384044918310583,-1.4532848215139935,0.47560975609756095,0.48436673717609735,24,0.4583333333333333,0.03781317774177627,-0.15921727538699404,-0.21248227213032397,0.06089978358106471,-0.7493202787729023
AAPL,full_70_30,gradient_boosting,10,0.01,2024,"{""n_estimators"": ""130"", ""learning_rate"": 0.016227342849391983, ""max_depth"": ""7""}",0.5291666666666667,0.5627076411960132,23,0.30434782608695654,-1.6371652369654182,-0.979999012951623,-0.29060435520212846,-2.568285404865213,0.4715447154471545,0.48175568482284503,24,0.3333333333333333,-0.6447115773479851,-0.8299001709543155,-0.29188648321056787,-1.0978764841252828,-2.8432291959049802
AAPL,full_70_30,gradient_boosting,10,0.01,31415,"{""n_estimators"": ""50"", ""learning_rate"": 0.01837665815459461, ""max_depth"": ""7""}",0.575,0.5733539716097856,23,0.4782608695652174,-0.9435236579842885,-0.9123013816193865,-0.19384044918310583,-1.4532848215139935,0.47560975609756095,0.486283712321523,24,0.4583333333333333,0.03781317774177627,-0.15921727538699404,-0.21248227213032397,0.06089978358106471,-0.7493202787729023
AAPL,equal_50_50,gradient_boosting,2,0.0025,42,"{""n_estimators"": ""121"", ""learning_rate"": 0.021139913022864734, ""max_depth"": ""3""}",0.5483870967741935,0.5829741379310344,123,0.4959349593495935,0.4138563346994917,0.14617880658593618,-0.15259333856527654,0.8183902160887077,0.491869918699187,0.47189153439153436,122,0.4426229508196721,-0.6606912246406706,-0.30226696641067485,-0.24152485783223565,-1.0345405857769099,-1.2514942317888909
AAPL,equal_50_50,gradient_boosting,2,0.0025,7,"{""n_estimators"": ""50"", ""learning_rate"": 0.02491245778694725, ""max_depth"": ""3""}",0.5362903225806451,0.5801985370950887,123,0.4796747967479675,0.0777754106223339,-0.013407840143341399,-0.16855109231027463,0.1563179816572418,0.4959349593495935,0.4652777777777778,122,0.45901639344262296,-0.11380796470452725,-0.09965845715053956,-0.1669063056109197,-0.19410211054672194,-0.5970922236027222
AAPL,equal_50_50,gradient_boosting,2,0.0025,1337,"{""n_estimators"": ""72"", ""learning_rate"": 0.024561471396915543, ""max_depth"": ""3""}",0.5403225806451613,0.5788270637408568,123,0.4715447154471545,-0.30808640586270847,-0.17013336016710157,-0.1760500275412684,-0.5540569582077749,0.491869918699187,0.46256613756613757,122,0.45901639344262296,-0.040607808512569225,-0.06845896456035938,-0.14552498848504156,-0.06886098533951295,-0.470427555246955
AAPL,equal_50_50,gradient_boosting,2,0.0025,2024,"{""n_estimators"": ""252"", ""learning_rate"": 0.01, ""max_depth"": ""3""}",0.5362903225806451,0.5789576802507836,123,0.4796747967479675,0.034971959087940555,-0.03211485831321115,-0.17789289223615737,0.0703785622055014,0.491869918699187,0.4617063492063492,122,0.4426229508196721,-0.2890284920614539,-0.17021040574834623,-0.16029036541423686,-0.4964149398217816,-1.0618879388569182
AAPL,equal_50_50,gradient_boosting,2,0.0025,31415,"{""n_estimators"": ""50"", ""learning_rate"": 0.01128169123661584, ""max_depth"": ""5""}",0.5161290322580645,0.5536507314524556,123,0.4634146341463415,-0.18477502862066358,-0.12281973143709346,-0.1631782104322957,-0.3722611068131924,0.47560975609756095,0.4917989417989418,122,0.45901639344262296,-0.43928945078191745,-0.22646628948594327,-0.18827144782740513,-0.6973140132835547,-1.2028711315459404
AAPL,equal_50_50,gradient_boosting,5,0.005,42,"{""n_estimators"": ""50"", ""learning_rate"": 0.01, ""max_depth"": ""8""}",0.5265306122448979,0.5524149659863946,48,0.3958333333333333,-0.4816477934409521,-0.4645941303190213,-0.23110425792220943,-1.0769123499644697,0.47560975609756095,0.4633759015417191,49,0.30612244897959184,-2.1810566010314085,-0.9481459161000902,-0.4635542963059158,-3.0758639083628982,-2.0453826523794643
AAPL,equal_50_50,gradient_boosting,5,0.005,7,"{""n_estimators"": ""54"", ""learning_rate"": 0.010346917042344517, ""max_depth"": ""8""}",0.5265306122448979,0.5548639455782313,48,0.3958333333333333,-0.4816477934409521,-0.4645941303190213,-0.23110425792220943,-1.0769123499644697,0.4715447154471545,0.46536094752861784,49,0.30612244897959184,-2.1810566010314085,-0.9481459161000902,-0.4635542963059158,-3.0758639083628982,-2.0453826523794643
AAPL,equal_50_50,gradient_boosting,5,0.005,1337,"{""n_estimators"": ""50"", ""learning_rate"": 0.039407083823329504, ""max_depth"": ""7""}",0.5591836734693878,0.5518367346938775,48,0.5416666666666666,1.0901326797519766,1.8300793708077339,-0.14488175010892534,2.3006049917608555,0.46747967479674796,0.4568252497849533,49,0.3673469387755102,-1.638187603922287,-0.9000958464924536,-0.4015642519782318,-2.292837347622959,-2.2414740407252345
AAPL,equal_50_50,gradient_boosting,5,0.005,2024,"{""n_estimators"": ""61"", ""learning_rate"": 0.010508905408276073, ""max_depth"": ""7""}",0.5306122448979592,0.554625850340136,48,0.4166666666666667,-0.13211636641633237,-0.22121659533861315,-0.20532389725962594,-0.2916198281642103,0.45528455284552843,0.4627473036458678,49,0.30612244897959184,-2.1810566010314085,-0.9481459161000902,-0.4635542963059158,-3.0758639083628982,-2.0453826523794643
AAPL,equal_50_50,gradient_boosting,5,0.005,31415,"{""n_estimators"": ""50"", ""learning_rate"": 0.01638376693464965, ""max_depth"": ""7""}",0.5346938775510204,0.5516666666666666,48,0.4375,0.14334042489222681,0.04629917305729636,-0.15934719520332005,0.3121602930347607,0.4634146341463415,0.45937272546814,49,0.30612244897959184,-2.1810566010314085,-0.9481459161000902,-0.4635542963059158,-3.0758639083628982,-2.0453826523794643
AAPL,equal_50_50,gradient_boosting,10,0.01,42,"{""n_estimators"": ""64"", ""learning_rate"": 0.011170235200377292, ""max_depth"": ""3""}",0.4625,0.5118166717003927,23,0.43478260869565216,0.5849504166775124,2.0329743528627886,-0.18117651367072313,1.1199990663564419,0.46747967479674796,0.45828926493918565,24,0.2916666666666667,-1.9121331385519675,-0.9888829562108308,-0.363166657177707,-2.4614619002129494,-2.722945338362779
AAPL,equal_50_50,gradient_boosting,10,0.01,7,"{""n_estimators"": ""50"", ""learning_rate"": 0.01641331459776413, ""max_depth"": ""3""}",0.4666666666666667,0.5194805194805194,23,0.391304347826087,0.13302030645418078,0.06550911278794991,-0.2475647289072844,0.2586551394499895,0.45934959349593496,0.4525052882072978,24,0.3333333333333333,-1.3883913466135118,-0.9677945606459614,-0.363166657177707,-1.7995448274037324,-2.664877244422783
AAPL,equal_50_50,gradient_boosting,10,0.01,1337,"{""n_estimators"": ""91"", ""learning_rate"": 0.010021013997689007, ""max_depth"": ""3""}",0.4583333333333333,0.520877378435518,23,0.391304347826087,0.13302030645418078,0.06550911278794991,-0.2475647289072844,0.2586551394499895,0.46747967479674796,0.45019169751454263,24,0.3333333333333333,-1.3883913466135118,-0.9677945606459614,-0.363166657177707,-1.7995448274037324,-2.664877244422783
AAPL,equal_50_50,gradient_boosting,10,0.01,2024,"{""n_estimators"": ""50"", ""learning_rate"": 0.012395422119337876, ""max_depth"": ""3""}",0.4625,0.5121186952582302,23,0.43478260869565216,0.5849504166775124,2.0329743528627886,-0.18117651367072313,1.1199990663564419,0.46747967479674796,0.4581570597567425,24,0.2916666666666667,-1.9121331385519675,-0.9888829562108308,-0.363166657177707,-2.4614619002129494,-2.722945338362779
AAPL,equal_50_50,gradient_boosting,10,0.01,31415,"{""n_estimators"": ""50"", ""learning_rate"": 0.016452521551509842, ""max_depth"": ""3""}",0.4666666666666667,0.5194805194805194,23,0.391304347826087,0.13302030645418078,0.06550911278794991,-0.2475647289072844,0.2586551394499895,0.45934959349593496,0.4525052882072978,24,0.3333333333333333,-1.3883913466135118,-0.9677945606459614,-0.363166657177707,-1.7995448274037324,-2.664877244422783
AAPL,news_only,gradient_boosting,2,0.0025,42,"{""n_estimators"": ""265"", ""learning_rate"": 0.14827651956785365, ""max_depth"": ""5""}",0.5080645161290323,0.5462382445141065,123,0.5447154471544715,1.4539477522076703,0.807711797499336,-0.09840900865163278,2.0981070500276604,0.5,0.4869708994708995,122,0.45901639344262296,-0.9867637254161848,-0.40030010479904177,-0.3230287617098619,-1.5809714816306448,-1.2392088638800018
AAPL,news_only,gradient_boosting,2,0.0025,7,"{""n_estimators"": ""126"", ""learning_rate"": 0.03993695294808996, ""max_depth"": ""3""}",0.5725806451612904,0.5742228317659352,123,0.5203252032520326,1.8759516578009436,1.1654352167078526,-0.08326524087604477,4.07744841750669,0.532520325203252,0.5413359788359788,122,0.48360655737704916,-0.05854795692462871,-0.07623103663925901,-0.16434958412429998,-0.09821782457819184,-0.4638346792627377
AAPL,news_only,gradient_boosting,2,0.0025,1337,"{""n_estimators"": ""331"", ""learning_rate"": 0.01, ""max_depth"": ""5""}",0.5604838709677419,0.5631204284221526,123,0.5528455284552846,2.0215315412635366,1.3014180999260905,-0.10055402898104636,3.6379696335816454,0.524390243902439,0.5253637566137566,122,0.45901639344262296,-0.37240342558109896,-0.2018347501706581,-0.22042282254801596,-0.637527041098493,-0.9156708358849334
AAPL,news_only,gradient_boosting,2,0.0025,2024,"{""n_estimators"": ""460"", ""learning_rate"": 0.010051016170582664, ""max_depth"": ""5""}",0.5564516129032258,0.5502873563218392,123,0.5691056910569106,2.526153524346127,1.8334470000126557,-0.08999016427823467,4.494629813823633,0.5040650406504065,0.5166997354497355,122,0.4180327868852459,-1.1953986990182608,-0.45544597807453346,-0.3031373861253487,-2.0612054008407488,-1.502440803808358
AAPL,news_only,gradient_boosting,2,0.0025,31415,"{""n_estimators"": ""124"", ""learning_rate"": 0.04832826859788457, ""max_depth"": ""3""}",0.5645161290322581,0.5739615987460815,123,0.5121951219512195,1.821335074896901,1.1160577410994574,-0.0873178854271283,3.961102113338708,0.516260162601626,0.5371362433862433,122,0.45901639344262296,-0.3107967006705793,-0.17861595079852666,-0.17813275961920247,-0.5235156371308696,-1.0027125340692926
AAPL,news_only,gradient_boosting,5,0.005,42,"{""n_estimators"": ""50"", ""learning_rate"": 0.0424070979211909, ""max_depth"": ""3""}",0.4897959183673469,0.5633333333333332,48,0.3125,-2.3236090019497513,-0.9176839099694957,-0.4048599194927746,-4.333323290591369,0.491869918699187,0.5118441077218289,49,0.3673469387755102,-0.9290152697679542,-0.7531734159906684,-0.3086307562242034,-1.3878085752820675,-2.4403705748740383
AAPL,news_only,gradient_boosting,5,0.005,7,"{""n_estimators"": ""50"", ""learning_rate"": 0.04227916020875789, ""max_depth"": ""3""}",0.4897959183673469,0.5658843537414966,48,0.3125,-2.3236090019497513,-0.9176839099694957,-0.4048599194927746,-4.333323290591369,0.491869918699187,0.5162773770925694,49,0.3673469387755102,-0.8374606671879489,-0.7218562924017059,-0.30412029858711814,-1.2499462352288762,-2.3735880036791537
AAPL,news_only,gradient_boosting,5,0.005,1337,"{""n_estimators"": ""393"", ""learning_rate"": 0.03231525011024132, ""max_depth"": ""3""}",0.5346938775510204,0.5530272108843537,48,0.4791666666666667,-0.40078853091167566,-0.416683919370737,-0.21558528749986394,-0.753300012316468,0.508130081300813,0.5437702640111162,49,0.3877551020408163,0.05840848056547952,-0.08599776425373684,-0.19633619317516607,0.11597856693195102,-0.43801279256245873
AAPL,news_only,gradient_boosting,5,0.005,2024,"{""n_estimators"": ""50"", ""learning_rate"": 0.044051070613356655, ""max_depth"": ""3""}",0.4897959183673469,0.5627891156462584,48,0.3125,-2.3236090019497513,-0.9176839099694957,-0.4048599194927746,-4.333323290591369,0.5,0.5111493416264143,49,0.3673469387755102,-0.9290152697679542,-0.7531734159906684,-0.3086307562242034,-1.3878085752820675,-2.4403705748740383
AAPL,news_only,gradient_boosting,5,0.005,31415,"{""n_estimators"": ""50"", ""learning_rate"": 0.03677023301596858, ""max_depth"": ""3""}",0.4897959183673469,0.5653401360544217,48,0.3125,-2.3236090019497513,-0.9176839099694957,-0.4048599194927746,-4.333323290591369,0.4959349593495935,0.5113147621253225,49,0.3673469387755102,-0.8374606671879489,-0.7218562924017059,-0.30412029858711814,-1.2499462352288762,-2.3735880036791537
AAPL,news_only,gradient_boosting,10,0.01,42,"{""n_estimators"": ""50"", ""learning_rate"": 0.024908432734037516, ""max_depth"": ""5""}",0.525,0.5274086378737541,23,0.5652173913043478,0.230435773351296,0.3353077460182883,-0.22298666358518796,0.3949412607886384,0.491869918699187,0.485820994182972,24,0.4583333333333333,-0.5912632426702839,-0.8094825474073097,-0.28069027441755295,-0.72081610257368,-2.883899519094591
AAPL,news_only,gradient_boosting,10,0.01,7,"{""n_estimators"": ""50"", ""learning_rate"": 0.01, ""max_depth"": ""10""}",0.5083333333333333,0.5196692842041679,23,0.5652173913043478,0.27549208792756585,0.48120962027207037,-0.12799130674308457,0.436487588988986,0.483739837398374,0.44986118455843466,24,0.4166666666666667,0.16641929317376594,0.1377111824317674,-0.1410082862304616,0.271899567505804,0.9766176592395039
AAPL,news_only,gradient_boosting,10,0.01,1337,"{""n_estimators"": ""50"", ""learning_rate"": 0.01, ""max_depth"": ""10""}",0.5083333333333333,0.5204998489882211,23,0.5652173913043478,0.27549208792756585,0.48120962027207037,-0.12799130674308457,0.436487588988986,0.483739837398374,0.4495306716023268,24,0.4166666666666667,0.16641929317376594,0.1377111824317674,-0.1410082862304616,0.271899567505804,0.9766176592395039
AAPL,news_only,gradient_boosting,10,0.01,2024,"{""n_estimators"": ""50"", ""learning_rate"": 0.024546215401896453, ""max_depth"": ""5""}",0.49166666666666664,0.5274086378737541,23,0.4782608695652174,-0.13890777196403895,-0.43736225654886507,-0.24622581961209566,-0.2510303261273419,0.4634146341463415,0.4853252247488101,24,0.2916666666666667,-1.6744078436209473,-0.9821987100541775,-0.3990950604128211,-2.194013981646751,-2.4610645620073526
AAPL,news_only,gradient_boosting,10,0.01,31415,"{""n_estimators"": ""50"", ""learning_rate"": 0.035062786877746305, ""max_depth"": ""5""}",0.5208333333333334,0.5283524614919963,23,0.5652173913043478,0.230435773351296,0.3353077460182883,-0.22298666358518796,0.3949412607886384,0.4878048780487805,0.4705182443151772,24,0.4583333333333333,-0.5912632426702839,-0.8094825474073097,-0.28069027441755295,-0.72081610257368,-2.883899519094591
AAPL,social_only,gradient_boosting,2,0.0025,42,"{""n_estimators"": ""50"", ""learning_rate"": 0.01, ""max_depth"": ""7""}",0.5080645161290323,0.5280825496342738,123,0.5121951219512195,0.5745446798034967,0.23089570946442506,-0.13542408928110555,1.094373645148798,0.4349593495934959,0.4371362433862433,122,0.4262295081967213,-0.8799446087447572,-0.36976550760207716,-0.23707002104049035,-1.4865415029130176,-1.559731196627865
AAPL,social_only,gradient_boosting,2,0.0025,7,"{""n_estimators"": ""55"", ""learning_rate"": 0.010206130689348296, ""max_depth"": ""5""}",0.5120967741935484,0.5277886624869383,123,0.5203252032520326,0.7030800889448677,0.3029619165915338,-0.12797141428049968,1.3269756827633112,0.45121951219512196,0.42728174603174607,122,0.4344262295081967,-0.4447086835928907,-0.2282673507491566,-0.18721883640847295,-0.762086271148813,-1.2192541900598306
AAPL,social_only,gradient_boosting,2,0.0025,1337,"{""n_estimators"": ""128"", ""learning_rate"": 0.01000734217216605, ""max_depth"": ""10""}",0.4959677419354839,0.5327847439916407,123,0.4715447154471545,-0.4433596021242108,-0.21894938184761958,-0.20434743360473717,-0.7977177942633484,0.483739837398374,0.45846560846560847,122,0.4344262295081967,-0.46644263130884045,-0.23605582316613005,-0.23564020555123955,-0.7927317667213047,-1.0017637805650281
AAPL,social_only,gradient_boosting,2,0.0025,2024,"{""n_estimators"": ""138"", ""learning_rate"": 0.01, ""max_depth"": ""10""}",0.4959677419354839,0.5305316091954022,123,0.4634146341463415,-0.40768610736427174,-0.20626248053850493,-0.219100397645023,-0.7848901263623301,0.47560975609756095,0.45658068783068784,122,0.4344262295081967,-0.6021820995058771,-0.282856408765371,-0.2356402055512401,-1.0244737483383377,-1.20037413863087
AAPL,social_only,gradient_boosting,2,0.0025,31415,"{""n_estimators"": ""51"", ""learning_rate"": 0.017966382171254493, ""max_depth"": ""7""}",0.5120967741935484,0.5248497910135841,123,0.5040650406504065,0.4815530315585958,0.18113132356084183,-0.14234986033526084,0.9249525499402691,0.44715447154471544,0.44738756613756614,122,0.45081967213114754,-0.39646060779326453,-0.21075005026261517,-0.19935203503212826,-0.664961351158256,-1.0571753141554334
AAPL,social_only,gradient_boosting,5,0.005,42,"{""n_estimators"": ""107"", ""learning_rate"": 0.01, ""max_depth"": ""9""}",0.5510204081632653,0.5642176870748299,48,0.5208333333333334,0.6191832322630012,0.7348173794464594,-0.15066399289123536,1.3179164349658619,0.47560975609756095,0.486667107787997,49,0.3877551020408163,-1.4840745965100615,-0.8788882897700622,-0.3839635444687551,-2.0576446814745495,-2.2889888960319813
AAPL,social_only,gradient_boosting,5,0.005,7,"{""n_estimators"": ""50"", ""learning_rate"": 0.013853124024132302, ""max_depth"": ""10""}",0.5510204081632653,0.5478911564625851,48,0.5416666666666666,0.69673370903524,0.8821147909471414,-0.14316375813970034,1.4829142720080284,0.44308943089430897,0.4664196387216304,49,0.3469387755102041,-1.8335805941068988,-0.9214078970189405,-0.4336455183648437,-2.5945414960619257,-2.1247951564063494
AAPL,social_only,gradient_boosting,5,0.005,1337,"{""n_estimators"": ""50"", ""learning_rate"": 0.026106903078248932, ""max_depth"": ""7""}",0.5510204081632653,0.549047619047619,48,0.5,0.42274757592743784,0.4093923469227321,-0.15066399289123567,0.9216514539263325,0.46747967479674796,0.47938860583603526,49,0.3673469387755102,-1.9001352871602593,-0.927559210649286,-0.40703871799128033,-2.561856795310502,-2.278798477026346
AAPL,social_only,gradient_boosting,5,0.005,2024,"{""n_estimators"": ""65"", ""learning_rate"": 0.015691151284338508, ""max_depth"": ""9""}",0.5469387755102041,0.5525850340136054,48,0.5208333333333334,0.6191832322630012,0.7348173794464594,-0.15066399289123536,1.3179164349658619,0.47560975609756095,0.47839608284258583,49,0.3877551020408163,-1.4344514780712132,-0.87108049052418,-0.37932866189013986,-1.989515415297857,-2.2963740366565286
AAPL,social_only,gradient_boosting,5,0.005,31415,"{""n_estimators"": ""50"", ""learning_rate"": 0.01, ""max_depth"": ""9""}",0.5551020408163265,0.5466326530612244,48,0.5416666666666666,0.69673370903524,0.8821147909471414,-0.14316375813970034,1.4829142720080284,0.4634146341463415,0.477635148547608,49,0.3469387755102041,-1.8335805941068988,-0.9214078970189405,-0.4336455183648437,-2.5945414960619257,-2.1247951564063494
AAPL,social_only,gradient_boosting,10,0.01,42,"{""n_estimators"": ""50"", ""learning_rate"": 0.02535110120081677, ""max_depth"": ""3""}",0.5666666666666667,0.5702959830866807,23,0.6086956521739131,0.9425098334478041,5.750539966842951,-0.10893854336164892,1.5514415653254572,0.43902439024390244,0.43968138551031205,24,0.375,0.3510056569078365,0.7666176959791242,-0.1720954706607663,0.9985015737709103,4.454607044773868
AAPL,social_only,gradient_boosting,10,0.01,7,"{""n_estimators"": ""143"", ""learning_rate"": 0.01, ""max_depth"": ""3""}",0.5666666666666667,0.5713908184838418,23,0.6086956521739131,0.9425098334478041,5.750539966842951,-0.10893854336164892,1.5514415653254572,0.43902439024390244,0.44060682178741406,24,0.375,0.3510056569078365,0.7666176959791242,-0.1720954706607663,0.9985015737709103,4.454607044773868
AAPL,social_only,gradient_boosting,10,0.01,1337,"{""n_estimators"": ""50"", ""learning_rate"": 0.024781071711476095, ""max_depth"": ""3""}",0.5666666666666667,0.5728631833282997,23,0.6086956521739131,0.9425098334478041,5.750539966842951,-0.10893854336164892,1.5514415653254572,0.43902439024390244,0.4397474881015335,24,0.375,0.3510056569078365,0.7666176959791242,-0.1720954706607663,0.9985015737709103,4.454607044773868
AAPL,social_only,gradient_boosting,10,0.01,2024,"{""n_estimators"": ""50"", ""learning_rate"": 0.025807812511325266, ""max_depth"": ""3""}",0.5666666666666667,0.5732407127755965,23,0.6086956521739131,0.9425098334478041,5.750539966842951,-0.10893854336164892,1.5514415653254572,0.43902439024390244,0.4366737176097303,24,0.375,0.3510056569078365,0.7666176959791242,-0.1720954706607663,0.9985015737709103,4.454607044773868
AAPL,social_only,gradient_boosting,10,0.01,31415,"{""n_estimators"": ""120"", ""learning_rate"": 0.01, ""max_depth"": ""3""}",0.5666666666666667,0.5723723950468136,23,0.6086956521739131,0.9425098334478041,5.750539966842951,-0.10893854336164892,1.5514415653254572,0.43902439024390244,0.4409703860391327,24,0.375,0.3510056569078365,0.7666176959791242,-0.1720954706607663,0.9985015737709103,4.454607044773868
AAPL,sentiment_only,gradient_boosting,2,0.0025,42,"{""n_estimators"": ""162"", ""learning_rate"": 0.012178756526180428, ""max_depth"": ""3""}",0.4637096774193548,0.4888322884012539,123,0.4065040650406504,-2.8809569768452223,-0.7310895196282621,-0.48344561064443686,-3.7736080654767283,0.491869918699187,0.4982142857142857,122,0.39344262295081966,-1.4023300272757917,-0.5049297575262124,-0.3436941686658628,-2.5085582258559858,-1.4691251803492245
AAPL,sentiment_only,gradient_boosting,2,0.0025,7,"{""n_estimators"": ""309"", ""learning_rate"": 0.2990011624675699, ""max_depth"": ""7""}",0.4838709677419355,0.4956896551724138,123,0.42276422764227645,-1.0626303708922242,-0.4083274820285526,-0.33438307438092024,-1.533391871173764,0.5365853658536586,0.5376653439153439,122,0.5081967213114754,1.1185755562118433,0.5894818939050648,-0.11478620303074817,2.204589152798182,5.1354768982745975
AAPL,sentiment_only,gradient_boosting,2,0.0025,1337,"{""n_estimators"": ""328"", ""learning_rate"": 0.2903413623688145, ""max_depth"": ""10""}",0.4838709677419355,0.4932405956112853,123,0.42276422764227645,-1.0626303708922242,-0.4083274820285526,-0.33438307438092024,-1.533391871173764,0.5365853658536586,0.5318452380952381,122,0.5081967213114754,1.1185755562118433,0.5894818939050648,-0.11478620303074817,2.204589152798182,5.1354768982745975
AAPL,sentiment_only,gradient_boosting,2,0.0025,2024,"{""n_estimators"": ""500"", ""learning_rate"": 0.2309946118656586, ""max_depth"": ""3""}",0.47580645161290325,0.48615464994775337,123,0.4065040650406504,-1.4334341474655787,-0.49816792016948486,-0.332228427528258,-2.06929911592971,0.5365853658536586,0.5397486772486771,122,0.5081967213114754,1.1185755562118433,0.5894818939050648,-0.11478620303074817,2.204589152798182,5.1354768982745975
AAPL,sentiment_only,gradient_boosting,2,0.0025,31415,"{""n_estimators"": ""222"", ""learning_rate"": 0.1821239563005517, ""max_depth"": ""9""}",0.4838709677419355,0.4868077324973877,123,0.42276422764227645,-1.0626303708922242,-0.4083274820285526,-0.33438307438092024,-1.533391871173764,0.5365853658536586,0.5314484126984127,122,0.5081967213114754,1.1185755562118433,0.5894818939050648,-0.11478620303074817,2.204589152798182,5.1354768982745975
AAPL,sentiment_only,gradient_boosting,5,0.005,42,"{""n_estimators"": ""315"", ""learning_rate"": 0.09509621305616106, ""max_depth"": ""3""}",0.5714285714285714,0.5997278911564625,48,0.5208333333333334,0.49327201563105083,0.5190930298534511,-0.16015681836937173,1.1678670209927042,0.5040650406504065,0.5224641037517368,49,0.5510204081632653,0.9878816732491776,2.08061939372935,-0.12701150759960447,1.818411875693266,16.381345541447846
AAPL,sentiment_only,gradient_boosting,5,0.005,7,"{""n_estimators"": ""417"", ""learning_rate"": 0.015346739594786113, ""max_depth"": ""9""}",0.5551020408163265,0.6003061224489795,48,0.4583333333333333,0.05950685102834441,-0.04343094634692923,-0.20200088005486475,0.1385216035916671,0.532520325203252,0.530007278501952,49,0.5714285714285714,0.7810219873747417,1.3594795970805298,-0.14263225337910534,1.353388217985096,9.531361700268029
AAPL,sentiment_only,gradient_boosting,5,0.005,1337,"{""n_estimators"": ""302"", ""learning_rate"": 0.020607140642606672, ""max_depth"": ""7""}",0.563265306122449,0.6062925170068028,48,0.4375,-0.2828336734879464,-0.33745978047138325,-0.23199680385897317,-0.6574762416405245,0.532520325203252,0.5281876530139614,49,0.5714285714285714,0.7856321417695463,1.3735972330702726,-0.1426322533791054,1.35694036090324,9.63034096796717
AAPL,sentiment_only,gradient_boosting,5,0.005,2024,"{""n_estimators"": ""213"", ""learning_rate"": 0.016022655374435594, ""max_depth"": ""7""}",0.563265306122449,0.6068707482993196,48,0.4583333333333333,0.04215078442022584,-0.061073562111025326,-0.17926150650772885,0.09760229281475337,0.524390243902439,0.5263018593264077,49,0.5510204081632653,-0.16816673220526068,-0.32795556242474333,-0.29018369976254227,-0.2150772831169606,-1.1301653493738961
AAPL,sentiment_only,gradient_boosting,5,0.005,31415,"{""n_estimators"": ""497"", ""learning_rate"": 0.011329876218077689, ""max_depth"": ""7""}",0.5714285714285714,0.6064625850340136,48,0.4583333333333333,0.04215078442022584,-0.061073562111025326,-0.17926150650772885,0.09760229281475337,0.540650406504065,0.5326209223847019,49,0.5714285714285714,0.7856321417695463,1.3735972330702726,-0.1426322533791054,1.35694036090324,9.63034096796717
AAPL,sentiment_only,gradient_boosting,10,0.01,42,"{""n_estimators"": ""50"", ""learning_rate"": 0.01, ""max_depth"": ""6""}",0.5041666666666667,0.5251057082452432,23,0.391304347826087,-1.403497944147257,-0.9676785491842472,-0.2747720670498613,-2.1548734829392404,0.483739837398374,0.4682377049180328,24,0.3333333333333333,-1.0161604405105236,-0.9268651405150511,-0.2769225235989919,-1.7106569590528506,-3.3470196951448887
AAPL,sentiment_only,gradient_boosting,10,0.01,7,"{""n_estimators"": ""55"", ""learning_rate"": 0.01, ""max_depth"": ""4""}",0.5541666666666667,0.5349969797644216,23,0.5217391304347826,-0.35570452452664036,-0.6622826384010008,-0.1580500209169118,-0.5697756148337807,0.4796747967479675,0.4797726070861978,24,0.4583333333333333,-0.08512884315028975,-0.3707686018874431,-0.1599413466490455,-0.13484017649722382,-2.31815355851048
AAPL,sentiment_only,gradient_boosting,10,0.01,1337,"{""n_estimators"": ""57"", ""learning_rate"": 0.010120130985835463, ""max_depth"": ""4""}",0.5541666666666667,0.5363560857746905,23,0.5217391304347826,-0.35570452452664036,-0.6622826384010008,-0.1580500209169118,-0.5697756148337807,0.4796747967479675,0.4792437863564253,24,0.4583333333333333,-0.08512884315028975,-0.3707686018874431,-0.1599413466490455,-0.13484017649722382,-2.31815355851048
AAPL,sentiment_only,gradient_boosting,10,0.01,2024,"{""n_estimators"": ""50"", ""learning_rate"": 0.016977720072978875, ""max_depth"": ""4""}",0.55,0.5325807913017215,23,0.5217391304347826,-0.35570452452664036,-0.6622826384010008,-0.1580500209169118,-0.5697756148337807,0.4796747967479675,0.47303014278159705,24,0.4583333333333333,-0.08512884315028975,-0.3707686018874431,-0.1599413466490455,-0.13484017649722382,-2.31815355851048
AAPL,sentiment_only,gradient_boosting,10,0.01,31415,"{""n_estimators"": ""215"", ""learning_rate"": 0.01, ""max_depth"": ""3""}",0.525,0.5189519782543038,23,0.4782608695652174,-0.9539098547207733,-0.9142958243007628,-0.2798370499751491,-1.4883055438826345,0.5,0.4888617133791645,24,0.375,-0.6749731853770147,-0.8414409814542214,-0.22162089583654537,-1.112898728679013,-3.7967583258702247
AAPL,technical_only,gradient_boosting,2,0.0025,42,"{""n_estimators"": ""257"", ""learning_rate"": 0.031112010907394815, ""max_depth"": ""4""}",0.5846774193548387,0.6034156217345872,123,0.5934959349593496,2.6378368325984716,1.9644312721026864,-0.11283182324253348,4.767411240782219,0.4796747967479675,0.4848875661375661,122,0.5245901639344263,1.4820051033786377,0.8717550078775191,-0.1424087560915666,2.5474500330005942,6.121498647997418
AAPL,technical_only,gradient_boosting,2,0.0025,7,"{""n_estimators"": ""281"", ""learning_rate"": 0.01969040261470668, ""max_depth"": ""4""}",0.5806451612903226,0.6063218390804597,123,0.5853658536585366,2.552745171390696,1.8643552268708694,-0.11283182324253348,4.665179188748461,0.483739837398374,0.4767526455026455,122,0.5245901639344263,1.4820051033786377,0.8717550078775191,-0.1424087560915666,2.5474500330005942,6.121498647997418
AAPL,technical_only,gradient_boosting,2,0.0025,1337,"{""n_estimators"": ""209"", ""learning_rate"": 0.013408245453827326, ""max_depth"": ""9""}",0.5766129032258065,0.5961010971786834,123,0.5772357723577236,2.504472444307149,1.8088437229202037,-0.12126588504942859,4.608877229855066,0.4715447154471545,0.46018518518518514,122,0.5245901639344263,1.6579388913532676,1.0243198147224795,-0.1424087560915666,2.9242845947460823,7.192814843940198
AAPL,technical_only,gradient_boosting,2,0.0025,2024,"{""n_estimators"": ""414"", ""learning_rate"": 0.016193619908930115, ""max_depth"": ""4""}",0.5846774193548387,0.6035462382445141,123,0.5934959349593496,2.6378368325984716,1.9644312721026864,-0.11283182324253348,4.767411240782219,0.4796747967479675,0.47251984126984126,122,0.5245901639344263,1.4820051033786377,0.8717550078775191,-0.1424087560915666,2.5474500330005942,6.121498647997418
AAPL,technical_only,gradient_boosting,2,0.0025,31415,"{""n_estimators"": ""330"", ""learning_rate"": 0.01, ""max_depth"": ""9""}",0.5766129032258065,0.5961664054336469,123,0.5772357723577236,2.504472444307149,1.8088437229202037,-0.12126588504942859,4.608877229855066,0.4715447154471545,0.46048280423280424,122,0.5245901639344263,1.6579388913532676,1.0243198147224795,-0.1424087560915666,2.9242845947460823,7.192814843940198
AAPL,technical_only,gradient_boosting,5,0.005,42,"{""n_estimators"": ""50"", ""learning_rate"": 0.0821130726019262, ""max_depth"": ""3""}",0.5755102040816327,0.5538095238095238,48,0.6041666666666666,1.4634071613064032,3.11647576215727,-0.11479474278828614,2.2133642879898336,0.5650406504065041,0.5620988552901476,49,0.5714285714285714,1.182219989614898,2.9426453251568283,-0.20946555078769388,2.000632591311463,14.048349783967002
AAPL,technical_only,gradient_boosting,5,0.005,7,"{""n_estimators"": ""50"", ""learning_rate"": 0.01, ""max_depth"": ""3""}",0.4448979591836735,0.5683333333333332,48,0.3333333333333333,-2.453005811659911,-0.926973756491812,-0.3630762854870728,-4.830217311465439,0.47560975609756095,0.5360285846622114,49,0.3469387755102041,-2.275236211759005,-0.9536284866868516,-0.4625189963728732,-2.8987380034702634,-2.0618147452652003
AAPL,technical_only,gradient_boosting,5,0.005,1337,"{""n_estimators"": ""400"", ""learning_rate"": 0.028599305576622398, ""max_depth"": ""3""}",0.5714285714285714,0.5516666666666666,48,0.6041666666666666,1.4634071613064032,3.11647576215727,-0.11479474278828614,2.2133642879898336,0.5691056910569106,0.5679878250512804,49,0.5306122448979592,0.8891499775754258,1.7143758925033086,-0.20946555078769388,1.5805260474953304,8.184524309875341
AAPL,technical_only,gradient_boosting,5,0.005,2024,"{""n_estimators"": ""50"", ""learning_rate"": 0.01, ""max_depth"": ""3""}",0.4448979591836735,0.5683333333333332,48,0.3333333333333333,-2.453005811659911,-0.926973756491812,-0.3630762854870728,-4.830217311465439,0.47560975609756095,0.5360285846622114,49,0.3469387755102041,-2.275236211759005,-0.9536284866868516,-0.4625189963728732,-2.8987380034702634,-2.0618147452652003
AAPL,technical_only,gradient_boosting,5,0.005,31415,"{""n_estimators"": ""51"", ""learning_rate"": 0.011943436075705471, ""max_depth"": ""4""}",0.43673469387755104,0.5467687074829932,48,0.3125,-3.095836362056576,-0.9585238426504893,-0.4281381255040302,-5.669560344841963,0.47560975609756095,0.5240521405412558,49,0.3673469387755102,-1.5651087387380447,-0.8906065855786829,-0.3649026159113052,-2.147245105968046,-2.4406692271977506
AAPL,technical_only,gradient_boosting,10,0.01,42,"{""n_estimators"": ""205"", ""learning_rate"": 0.05139715245341966, ""max_depth"": ""10""}",0.6208333333333333,0.537262156448203,23,0.7391304347826086,0.8135246204225149,4.059389615209768,-0.14218081733087767,1.328089563512716,0.5,0.5172197250132206,24,0.6666666666666666,-0.10069887323560879,-0.4007945740612273,-0.26446308647524003,-0.10681173156373938,-1.515502898355348
AAPL,technical_only,gradient_boosting,10,0.01,7,"{""n_estimators"": ""227"", ""learning_rate"": 0.09909866419384411, ""max_depth"": ""8""}",0.6125,0.5374131682271217,23,0.6956521739130435,0.5507289765843574,1.7944060178755152,-0.1421808173308776,0.9227725821066323,0.491869918699187,0.5090891062929667,24,0.6666666666666666,-0.10069887323560879,-0.4007945740612273,-0.26446308647524003,-0.10681173156373938,-1.515502898355348
AAPL,technical_only,gradient_boosting,10,0.01,1337,"{""n_estimators"": ""50"", ""learning_rate"": 0.015459385026914896, ""max_depth"": ""8""}",0.6291666666666667,0.5388100271821202,23,0.782608695652174,1.3551707552813521,15.249025573000203,-0.12127701485202468,2.3284834847497398,0.5040650406504065,0.5257800105764147,24,0.625,-0.22046925308898463,-0.5479136996936829,-0.26446308647524003,-0.23827406303829812,-2.0717965104176477
AAPL,technical_only,gradient_boosting,10,0.01,2024,"{""n_estimators"": ""342"", ""learning_rate"": 0.01, ""max_depth"": ""8""}",0.6166666666666667,0.5359785563273936,23,0.7391304347826086,0.6667173580280829,2.637922560416402,-0.12650795589392522,1.2531489470695107,0.491869918699187,0.5051890534108936,24,0.625,-0.22046925308898463,-0.5479136996936829,-0.26446308647524003,-0.23827406303829812,-2.0717965104176477
AAPL,technical_only,gradient_boosting,10,0.01,31415,"{""n_estimators"": ""276"", ""learning_rate"": 0.010417614394179849, ""max_depth"": ""8""}",0.6166666666666667,0.5358275445484748,23,0.7391304347826086,0.6667173580280829,2.637922560416402,-0.12650795589392522,1.2531489470695107,0.4878048780487805,0.5052551560021152,24,0.6666666666666666,-0.10069887323560879,-0.4007945740612273,-0.26446308647524003,-0.10681173156373938,-1.515502898355348
AAPL,learned_alpha_per_stock,gradient_boosting,2,0.0025,42,"{""n_estimators"": ""500"", ""learning_rate"": 0.01834395873308522, ""max_depth"": ""3""}",0.5443548387096774,0.5592672413793104,123,0.4959349593495935,1.5484160555609654,0.8839234467930532,-0.09467551799131421,3.598071227928479,0.47560975609756095,0.4888558201058201,122,0.4098360655737705,-0.6486515588512997,-0.2981108636279506,-0.24670786147491666,-1.1797442999625583,-1.2083557526125295
AAPL,learned_alpha_per_stock,gradient_boosting,2,0.0025,7,"{""n_estimators"": ""500"", ""learning_rate"": 0.01904757312452146, ""max_depth"": ""3""}",0.5483870967741935,0.558744775339603,123,0.5040650406504065,1.5097499877571834,0.852922822416337,-0.09467551799131374,3.4939599173747835,0.5,0.4938822751322751,122,0.45901639344262296,0.3839661289398366,0.13465386216049424,-0.21676766697933236,0.7108918783691099,0.6211897929100874
AAPL,learned_alpha_per_stock,gradient_boosting,2,0.0025,1337,"{""n_estimators"": ""55"", ""learning_rate"": 0.0994177800502842, ""max_depth"": ""3""}",0.5201612903225806,0.5534221525600836,123,0.44715447154471544,0.450344486054428,0.16509042003288066,-0.10061424407458938,1.0239443114600226,0.5121951219512195,0.49193121693121694,122,0.45081967213114754,0.3431165486312986,0.11340268908526485,-0.21759953227795967,0.6391988676555921,0.5211531840077913
AAPL,learned_alpha_per_stock,gradient_boosting,2,0.0025,2024,"{""n_estimators"": ""230"", ""learning_rate"": 0.03189725632573301, ""max_depth"": ""3""}",0.5161290322580645,0.5446381922675025,123,0.43902439024390244,0.49180682053164604,0.18679815233836483,-0.1717473864231194,1.1561654946794717,0.4715447154471545,0.48611111111111116,122,0.4098360655737705,-0.6967258859537485,-0.3136341748321223,-0.23412137785483844,-1.2763973879799557,-1.339622112708494
AAPL,learned_alpha_per_stock,gradient_boosting,2,0.0025,31415,"{""n_estimators"": ""252"", ""learning_rate"": 0.04000464783430889, ""max_depth"": ""3""}",0.5282258064516129,0.5530956112852664,123,0.4715447154471545,1.114669153166706,0.5615978558008239,-0.10510370939571365,2.690035859778744,0.483739837398374,0.4860780423280423,122,0.4344262295081967,-0.24730444707873916,-0.1538298793118127,-0.2520853306563148,-0.4486076103047394,-0.6102293969716925
AAPL,learned_alpha_per_stock,gradient_boosting,5,0.005,42,"{""n_estimators"": ""50"", ""learning_rate"": 0.047254674591414435, ""max_depth"": ""6""}",0.5591836734693878,0.6043537414965987,48,0.4583333333333333,0.7174434688076418,0.9236329074963257,-0.14001233204792005,1.5236104186341335,0.556910569105691,0.5949513663733209,49,0.3673469387755102,-0.28295749305070594,-0.42148134739749765,-0.19366716014468865,-0.4516171055627932,-2.1763181072238016
AAPL,learned_alpha_per_stock,gradient_boosting,5,0.005,7,"{""n_estimators"": ""50"", ""learning_rate"": 0.29999999999999993, ""max_depth"": ""3""}",0.5591836734693878,0.6012244897959182,48,0.5208333333333334,0.7244647406886422,0.9366165380802678,-0.138294533517263,1.3114751887142535,0.5853658536585366,0.5979951035532324,49,0.4897959183673469,0.5465207300267295,0.7325711664485453,-0.1707527581825112,0.806784012975206,4.290244996602207
AAPL,learned_alpha_per_stock,gradient_boosting,5,0.005,1337,"{""n_estimators"": ""419"", ""learning_rate"": 0.01, ""max_depth"": ""5""}",0.5510204081632653,0.6011224489795919,48,0.4375,0.13669636039738048,0.03814174098319523,-0.1885611498102131,0.2529849420476296,0.5487804878048781,0.5783762323827168,49,0.3673469387755102,-0.5792359376199608,-0.6094242949491968,-0.23384521931407426,-0.8775539421929084,-2.6061011498836226
AAPL,learned_alpha_per_stock,gradient_boosting,5,0.005,2024,"{""n_estimators"": ""141"", ""learning_rate"": 0.01, ""max_depth"": ""8""}",0.5673469387755102,0.6009523809523809,48,0.5,0.7089483824097774,0.9064049002375625,-0.14001233204792005,1.4809535670902279,0.5691056910569106,0.5972010851584728,49,0.3877551020408163,-0.010756891592719739,-0.16971806814410084,-0.16658044456822013,-0.016981235615524073,-1.0188354856658806
AAPL,learned_alpha_per_stock,gradient_boosting,5,0.005,31415,"{""n_estimators"": ""178"", ""learning_rate"": 0.06257348783938317, ""max_depth"": ""3""}",0.5673469387755102,0.610204081632653,48,0.5208333333333334,0.8759742088197755,1.268183578373352,-0.13829453351726315,1.5748057603110548,0.5813008130081301,0.5999470654403494,49,0.4897959183673469,0.5430149009998356,0.7246390733677437,-0.17075275818251123,0.8027038550510859,4.243791321913548
AAPL,learned_alpha_per_stock,gradient_boosting,10,0.01,42,"{""n_estimators"": ""150"", ""learning_rate"": 0.01, ""max_depth"": ""6""}",0.5833333333333334,0.5843023255813953,23,0.5217391304347826,-0.3316451298876629,-0.6427855945421743,-0.16158042967443492,-0.5278932372386059,0.5121951219512195,0.502644103648863,24,0.5,0.2799196892964869,0.4835657839234584,-0.1687182491988271,0.43217061737171897,2.866114283544972
AAPL,learned_alpha_per_stock,gradient_boosting,10,0.01,7,"{""n_estimators"": ""129"", ""learning_rate"": 0.01957430470663145, ""max_depth"": ""6""}",0.5875,0.5804892781636968,23,0.5652173913043478,-0.1356689567892272,-0.4350157048199381,-0.10705937776443279,-0.21075714174858745,0.508130081300813,0.503900052882073,24,0.4583333333333333,0.08865367060508123,-0.05241404868934518,-0.2034619736702104,0.14229967039562472,-0.2576110304243024
AAPL,learned_alpha_per_stock,gradient_boosting,10,0.01,1337,"{""n_estimators"": ""500"", ""learning_rate"": 0.01, ""max_depth"": ""6""}",0.5458333333333333,0.5813575958924796,23,0.43478260869565216,-0.5208435297948402,-0.7698775590574335,-0.1715283057103221,-0.8289910688829252,0.5365853658536586,0.5174510840824961,24,0.5,0.3555497240338257,0.769820502440367,-0.1663194368929115,0.5463131651492251,4.628566070338689
AAPL,learned_alpha_per_stock,gradient_boosting,10,0.01,2024,"{""n_estimators"": ""192"", ""learning_rate"": 0.01, ""max_depth"": ""6""}",0.5625,0.5778843249773483,23,0.4782608695652174,-0.46805711668957434,-0.7399449690017963,-0.1681073631134719,-0.7525844760997116,0.5,0.5036025912215758,24,0.4583333333333333,0.08865367060508123,-0.05241404868934518,-0.2034619736702104,0.14229967039562472,-0.2576110304243024
AAPL,learned_alpha_per_stock,gradient_boosting,10,0.01,31415,"{""n_estimators"": ""63"", ""learning_rate"": 0.026211973726078534, ""max_depth"": ""6""}",0.575,0.5888704318936877,23,0.5652173913043478,-0.16453259494871436,-0.4719662903791926,-0.131133841541902,-0.2578568099273856,0.5,0.5105103120042306,24,0.5,0.2799196892964869,0.4835657839234584,-0.1687182491988271,0.43217061737171897,2.866114283544972
AAPL,learned_alpha_global,gradient_boosting,2,0.0025,42,"{""n_estimators"": ""250"", ""learning_rate"": 0.2767529161944863, ""max_depth"": ""10""}",0.5282258064516129,0.5349399164054336,123,0.5040650406504065,0.7171885268285242,0.310579655745276,-0.15358259446238767,1.1133893767579426,0.524390243902439,0.5030753968253969,122,0.5081967213114754,0.8836176410615599,0.427888307298699,-0.11813918390025947,1.5359661623703484,3.6218999757095767
AAPL,learned_alpha_global,gradient_boosting,2,0.0025,7,"{""n_estimators"": ""500"", ""learning_rate"": 0.04811698912039973, ""max_depth"": ""8""}",0.5161290322580645,0.5357236154649948,123,0.4796747967479675,0.13928923697439824,0.013605571075698819,-0.15358259446238767,0.2194031926372005,0.5040650406504065,0.517228835978836,122,0.47540983606557374,-0.20163716514147165,-0.13627028151462484,-0.22026486622863908,-0.2880194862420627,-0.6186655359424127
AAPL,learned_alpha_global,gradient_boosting,2,0.0025,1337,"{""n_estimators"": ""500"", ""learning_rate"": 0.29999999999999993, ""max_depth"": ""3""}",0.5080645161290323,0.5353970741901777,123,0.4634146341463415,-0.20590075448269257,-0.13151269351834394,-0.1646096724332568,-0.32578790000324465,0.5203252032520326,0.5163690476190477,122,0.5,0.8360421137767257,0.39716563107580116,-0.15094451380210902,1.4754482843567513,2.631202824612046
AAPL,learned_alpha_global,gradient_boosting,2,0.0025,2024,"{""n_estimators"": ""372"", ""learning_rate"": 0.01364883594909932, ""max_depth"": ""3""}",0.532258064516129,0.5400339602925809,123,0.4715447154471545,0.41677289092524805,0.1475309518052872,-0.18029864578449456,0.7982714526064508,0.491869918699187,0.5166005291005291,122,0.4426229508196721,-1.0794951602429685,-0.4258661809794765,-0.3216508573415209,-1.5315669176921607,-1.3240013861592241
AAPL,learned_alpha_global,gradient_boosting,2,0.0025,31415,"{""n_estimators"": ""249"", ""learning_rate"": 0.06350982086095985, ""max_depth"": ""3""}",0.5,0.5353644200626959,123,0.4146341463414634,-0.5521592261608567,-0.25612724127615283,-0.21362406552478497,-1.0344947893530778,0.4959349593495935,0.5087632275132276,122,0.5163934426229508,0.8816485047061704,0.42656923066881913,-0.17830971446165714,1.5133912876788571,2.3922938352332257
AAPL,learned_alpha_global,gradient_boosting,5,0.005,42,"{""n_estimators"": ""85"", ""learning_rate"": 0.014150662452114207, ""max_depth"": ""3""}",0.46938775510204084,0.5309523809523811,48,0.3333333333333333,-1.2921632420662195,-0.7722105197809005,-0.3236094877413956,-2.6911345528773185,0.5284552845528455,0.5523390458545623,49,0.3673469387755102,-0.8726141277062415,-0.734410124532394,-0.27539114270582316,-1.2749266094586786,-2.666789197780778
AAPL,learned_alpha_global,gradient_boosting,5,0.005,7,"{""n_estimators"": ""50"", ""learning_rate"": 0.01785783291606765, ""max_depth"": ""3""}",0.46530612244897956,0.529829931972789,48,0.3125,-1.5916138327812661,-0.8321646742404245,-0.3572287993533401,-3.327422008805854,0.5203252032520326,0.5472110103884074,49,0.3673469387755102,-0.8726141277062415,-0.734410124532394,-0.27539114270582316,-1.2749266094586786,-2.666789197780778
AAPL,learned_alpha_global,gradient_boosting,5,0.005,1337,"{""n_estimators"": ""50"", ""learning_rate"": 0.01, ""max_depth"": ""5""}",0.4857142857142857,0.5527551020408163,48,0.3333333333333333,-1.2963387569321658,-0.7730940280039031,-0.33843669221975287,-2.941903383965786,0.540650406504065,0.570072123337524,49,0.3469387755102041,-1.1886968257049042,-0.823721190698632,-0.3194549453052146,-1.6836235981771948,-2.5785207047323366
AAPL,learned_alpha_global,gradient_boosting,5,0.005,2024,"{""n_estimators"": ""60"", ""learning_rate"": 0.011151939993411707, ""max_depth"": ""3""}",0.45714285714285713,0.5347959183673469,48,0.3125,-1.5916138327812661,-0.8321646742404245,-0.3572287993533401,-3.327422008805854,0.5203252032520326,0.5438364322106796,49,0.3673469387755102,-0.8726141277062415,-0.734410124532394,-0.27539114270582316,-1.2749266094586786,-2.666789197780778
AAPL,learned_alpha_global,gradient_boosting,5,0.005,31415,"{""n_estimators"": ""50"", ""learning_rate"": 0.01, ""max_depth"": ""3""}",0.45714285714285713,0.5296598639455782,48,0.3125,-1.5916138327812661,-0.8321646742404245,-0.3572287993533401,-3.327422008805854,0.524390243902439,0.5590551181102362,49,0.3673469387755102,-0.8726141277062415,-0.734410124532394,-0.27539114270582316,-1.2749266094586786,-2.666789197780778
AAPL,learned_alpha_global,gradient_boosting,10,0.01,42,"{""n_estimators"": ""434"", ""learning_rate"": 0.030004621942985404, ""max_depth"": ""3""}",0.55,0.5728254303835699,23,0.5217391304347826,-0.6553718867238144,-0.8313913854664274,-0.19477524845299002,-1.034040722425616,0.5284552845528455,0.5442887361184559,24,0.4583333333333333,-0.6600613914413241,-0.8374496272327305,-0.29148414900848174,-0.8171660013464649,-2.87305374951405
AAPL,learned_alpha_global,gradient_boosting,10,0.01,7,"{""n_estimators"": ""145"", ""learning_rate"": 0.2478672769663413, ""max_depth"": ""10""}",0.5541666666666667,0.5744865599516762,23,0.5217391304347826,-0.8996919959168653,-0.9031780436207639,-0.3263759008578166,-1.5292874934148293,0.532520325203252,0.5156993654151243,24,0.5833333333333334,-0.27570234781121566,-0.6021179608127556,-0.247853874937676,-0.31867220885621306,-2.42932639630573
AAPL,learned_alpha_global,gradient_boosting,10,0.01,1337,"{""n_estimators"": ""175"", ""learning_rate"": 0.251774953821022, ""max_depth"": ""6""}",0.5416666666666666,0.565652370884929,23,0.4782608695652174,-1.6146294332699864,-0.9790975720070914,-0.35408779852450706,-2.6716749693776,0.524390243902439,0.5251189846641988,24,0.5833333333333334,0.440809284332712,1.1567834050852803,-0.14594110835180224,0.6494283743522938,7.926371247618356
AAPL,learned_alpha_global,gradient_boosting,10,0.01,2024,"{""n_estimators"": ""114"", ""learning_rate"": 0.2991991885000798, ""max_depth"": ""6""}",0.55,0.5733539716097855,23,0.43478260869565216,-1.8410579903352389,-0.9866519964860025,-0.3799939744543335,-3.0050765897002054,0.5447154471544715,0.527895293495505,24,0.625,0.7792486038609164,3.675984370989627,-0.11239389905853116,1.078689514578421,32.706262544333406
AAPL,learned_alpha_global,gradient_boosting,10,0.01,31415,"{""n_estimators"": ""150"", ""learning_rate"": 0.06442518969368514, ""max_depth"": ""3""}",0.5625,0.581433101781939,23,0.5217391304347826,-0.7187966910144995,-0.8541684249597804,-0.19477524845299002,-1.1493007105227473,0.540650406504065,0.5417107350608144,24,0.4583333333333333,-0.6600613914413241,-0.8374496272327305,-0.29148414900848174,-0.8171660013464649,-2.87305374951405
META,full_70_30,gradient_boosting,2,0.0,42,"{""n_estimators"": ""50"", ""learning_rate"": 0.01, ""max_depth"": ""8""}",0.5645161290322581,0.5467764897295099,123,0.5121951219512195,-0.015339018984015082,-0.17036736921403317,-0.33151105126778435,-0.016398179090853414,0.516260162601626,0.46156703816278283,122,0.5491803278688525,1.1907879058114255,1.052531776095039,-0.2946218162013982,1.8894163524178536,3.5724841753590546
META,full_70_30,gradient_boosting,2,0.0,7,"{""n_estimators"": ""50"", ""learning_rate"": 0.01, ""max_depth"": ""8""}",0.5645161290322581,0.5467764897295099,123,0.5121951219512195,-0.015339018984015082,-0.17036736921403317,-0.33151105126778435,-0.016398179090853414,0.5203252032520326,0.46231003039513674,122,0.5491803278688525,1.1907879058114255,1.052531776095039,-0.2946218162013982,1.8894163524178536,3.5724841753590546
META,full_70_30,gradient_boosting,2,0.0,1337,"{""n_estimators"": ""50"", ""learning_rate"": 0.010766057344847202, ""max_depth"": ""10""}",0.5846774193548387,0.5476238899057693,123,0.5203252032520326,1.0846193014396153,1.0614186838734714,-0.278324968734875,1.7271765577704594,0.5203252032520326,0.4740290442418102,122,0.5245901639344263,0.718990419025967,0.47515117110251737,-0.32231438168560544,1.1778676039747182,1.474185447815336
META,full_70_30,gradient_boosting,2,0.0,2024,"{""n_estimators"": ""61"", ""learning_rate"": 0.010456073945349878, ""max_depth"": ""9""}",0.592741935483871,0.5506745305403022,123,0.5447154471544715,1.1821095187259962,1.2292488146914584,-0.2501404619337631,1.8480881478552182,0.516260162601626,0.463998649105032,122,0.5245901639344263,0.7965902925387335,0.5579702434556557,-0.3291777393737691,1.2963507352878774,1.6950424549276744
META,full_70_30,gradient_boosting,2,0.0,31415,"{""n_estimators"": ""50"", ""learning_rate"": 0.01, ""max_depth"": ""8""}",0.5645161290322581,0.5467764897295099,123,0.5121951219512195,-0.015339018984015082,-0.17036736921403317,-0.33151105126778435,-0.016398179090853414,0.516260162601626,0.46190476190476193,122,0.5491803278688525,1.1907879058114255,1.052531776095039,-0.2946218162013982,1.8894163524178536,3.5724841753590546
META,full_70_30,gradient_boosting,5,0.0,42,"{""n_estimators"": ""400"", ""learning_rate"": 0.01, ""max_depth"": ""10""}",0.5387755102040817,0.5818277627220717,48,0.4583333333333333,-1.363901608932164,-0.9555786021140196,-0.4902867945254907,-1.6536181411908513,0.4878048780487805,0.5247472987103521,49,0.3877551020408163,-0.8649739543655065,-0.8518719195651269,-0.3829854142581191,-1.4000361420995147,-2.224293374762816
META,full_70_30,gradient_boosting,5,0.0,7,"{""n_estimators"": ""162"", ""learning_rate"": 0.1604316657121233, ""max_depth"": ""9""}",0.5428571428571428,0.5773110508882867,48,0.3958333333333333,-1.4314510646554206,-0.9607326716262706,-0.4246048201957578,-1.8843419064330131,0.5,0.5205298013245032,49,0.4897959183673469,-0.026045369182720435,-0.3105572626226387,-0.2998086441449328,-0.039597574122365205,-1.035851596301906
META,full_70_30,gradient_boosting,5,0.0,1337,"{""n_estimators"": ""500"", ""learning_rate"": 0.01, ""max_depth"": ""10""}",0.5306122448979592,0.5832956940680518,48,0.4375,-1.3876188279625294,-0.9575504435720211,-0.5175179539438545,-1.682513444694366,0.5,0.5224817009410945,49,0.40816326530612246,-0.7157493196712158,-0.805783646024502,-0.3496135140618408,-1.1421662178577396,-2.3047840361284555
META,full_70_30,gradient_boosting,5,0.0,2024,"{""n_estimators"": ""500"", ""learning_rate"": 0.1789281587451497, ""max_depth"": ""4""}",0.5387755102040817,0.5822794339054501,48,0.4375,-0.7954631054689041,-0.864298964645901,-0.38936329066631914,-1.0372218085848826,0.5,0.5006622516556292,49,0.4897959183673469,-0.02476475418005931,-0.3089286385577217,-0.2998086441449328,-0.03764505391921321,-1.0304193844670473
META,full_70_30,gradient_boosting,5,0.0,31415,"{""n_estimators"": ""50"", ""learning_rate"": 0.19023397061119401, ""max_depth"": ""4""}",0.5877551020408164,0.5801716350496838,48,0.5625,0.43669476123344475,0.6076270856094033,-0.2913889149646921,0.5111604970584518,0.491869918699187,0.47208086441268743,49,0.3469387755102041,-0.8699563722126563,-0.8532148448630144,-0.38407709858716316,-1.4017097229695294,-2.22146763762168
META,full_70_30,gradient_boosting,10,0.0025,42,"{""n_estimators"": ""500"", ""learning_rate"": 0.29999999999999993, ""max_depth"": ""10""}",0.5041666666666667,0.5665934065934066,23,0.391304347826087,-1.8203510486208772,-0.9994920580026321,-0.4775695256378911,-2.2622559441545587,0.4715447154471545,0.4722749314779675,24,0.5416666666666666,0.13318191908346483,-0.12705284205639988,-0.30591342403405913,0.30646074182002087,-0.4153228726643076
META,full_70_30,gradient_boosting,10,0.0025,7,"{""n_estimators"": ""500"", ""learning_rate"": 0.29999999999999993, ""max_depth"": ""7""}",0.5333333333333333,0.5659780219780219,23,0.4782608695652174,-1.6023993390832973,-0.9989450035395647,-0.4462807043091396,-2.020389228332337,0.483739837398374,0.4829222011385199,24,0.5,0.03543841430890671,-0.39023839127608584,-0.30591342403405913,0.07940270881052972,-1.2756497774110047
META,full_70_30,gradient_boosting,10,0.0025,1337,"{""n_estimators"": ""499"", ""learning_rate"": 0.2557918509278951, ""max_depth"": ""10""}",0.5416666666666666,0.5741978021978024,23,0.391304347826087,-2.3800165930063155,-0.9999102673125367,-0.5578154982442526,-2.9740217454131197,0.491869918699187,0.48158689999297205,24,0.5833333333333334,0.3872316191657584,1.2089420463065266,-0.24674303909995376,0.8564433066052236,4.8995993999117164
META,full_70_30,gradient_boosting,10,0.0025,2024,"{""n_estimators"": ""279"", ""learning_rate"": 0.29999999999999993, ""max_depth"": ""9""}",0.5333333333333333,0.5823736263736263,23,0.391304347826087,-2.3800165930063155,-0.9999102673125367,-0.5578154982442526,-2.9740217454131197,0.483739837398374,0.4558296436854311,24,0.5416666666666666,0.13318191908346483,-0.12705284205639988,-0.30591342403405913,0.30646074182002087,-0.4153228726643076
META,full_70_30,gradient_boosting,10,0.0025,31415,"{""n_estimators"": ""349"", ""learning_rate"": 0.29999999999999993, ""max_depth"": ""10""}",0.525,0.5704615384615385,23,0.391304347826087,-2.3800165930063155,-0.9999102673125367,-0.5578154982442526,-2.9740217454131197,0.4878048780487805,0.4821139925504252,24,0.5,-0.10793563734550361,-0.6401119815422862,-0.30591342403405913,-0.2565026181428815,-2.0924612365850894
META,equal_50_50,gradient_boosting,2,0.0,42,"{""n_estimators"": ""500"", ""learning_rate"": 0.01, ""max_depth"": ""3""}",0.5161290322580645,0.5539963392312385,123,0.4878048780487805,-0.06614254292836694,-0.19351032128268875,-0.3467656322866892,-0.10276272679382381,0.4634146341463415,0.48004052684903753,122,0.45081967213114754,-1.4541948281404309,-0.6854713617705641,-0.4697272791521079,-1.9487177473506565,-1.4592964730681388
META,equal_50_50,gradient_boosting,2,0.0,7,"{""n_estimators"": ""57"", ""learning_rate"": 0.05862320678583673, ""max_depth"": ""3""}",0.5120967741935484,0.5570469798657719,123,0.4796747967479675,-0.40115763293740536,-0.3874283596681093,-0.40106039712580444,-0.6256497403086334,0.46747967479674796,0.47426545086119554,122,0.45901639344262296,-1.3361586404125672,-0.6583435682241806,-0.4480576973527999,-1.7792862998439802,-1.4693276605084233
META,equal_50_50,gradient_boosting,2,0.0,1337,"{""n_estimators"": ""500"", ""learning_rate"": 0.01, ""max_depth"": ""3""}",0.5161290322580645,0.55413192325944,123,0.4878048780487805,-0.06614254292836694,-0.19351032128268875,-0.3467656322866892,-0.10276272679382381,0.4634146341463415,0.48004052684903753,122,0.45081967213114754,-1.4541948281404309,-0.6854713617705641,-0.4697272791521079,-1.9487177473506565,-1.4592964730681388
META,equal_50_50,gradient_boosting,2,0.0,2024,"{""n_estimators"": ""462"", ""learning_rate"": 0.05774139875982466, ""max_depth"": ""3""}",0.5201612903225806,0.5428445529116669,123,0.4959349593495935,-0.41447644551666357,-0.39430537228400475,-0.4569224656135591,-0.6228293385871252,0.5121951219512195,0.5242485646740966,122,0.47540983606557374,0.36786355265170323,0.15261057963675562,-0.292702030461765,0.7436869340525347,0.5213854492092114
META,equal_50_50,gradient_boosting,2,0.0,31415,"{""n_estimators"": ""500"", ""learning_rate"": 0.01, ""max_depth"": ""3""}",0.5161290322580645,0.55413192325944,123,0.4878048780487805,-0.06614254292836694,-0.19351032128268875,-0.3467656322866892,-0.10276272679382381,0.4634146341463415,0.48004052684903753,122,0.45081967213114754,-1.4541948281404309,-0.6854713617705641,-0.4697272791521079,-1.9487177473506565,-1.4592964730681388
META,equal_50_50,gradient_boosting,5,0.0,42,"{""n_estimators"": ""328"", ""learning_rate"": 0.08007296015034582, ""max_depth"": ""3""}",0.5510204081632653,0.5612390846130684,48,0.625,1.3667042771704176,8.941275614993042,-0.26553204363317323,1.656412151401905,0.5203252032520326,0.5023353084698501,49,0.42857142857142855,-0.08692559328284381,-0.38347589889197053,-0.34021161945728934,-0.1371481308567889,-1.1271687295798334
META,equal_50_50,gradient_boosting,5,0.0,7,"{""n_estimators"": ""457"", ""learning_rate"": 0.08182680584797125, ""max_depth"": ""10""}",0.5346938775510204,0.5528455284552846,48,0.5833333333333334,0.8469363161512554,2.65057927325927,-0.2913889149646921,1.0986598049129634,0.483739837398374,0.49435343325200415,49,0.46938775510204084,0.057188535696404065,-0.1960179175482153,-0.3161026840224277,0.08832765252461258,-0.620108361795206
META,equal_50_50,gradient_boosting,5,0.0,1337,"{""n_estimators"": ""50"", ""learning_rate"": 0.29999999999999993, ""max_depth"": ""10""}",0.5346938775510204,0.5574375188196325,48,0.5625,0.5077478195138807,0.8652769254620796,-0.3381193766574467,0.67376308165282,0.4878048780487805,0.44939003136981526,49,0.42857142857142855,-0.0636274502981263,-0.3564122472185842,-0.33419040642353165,-0.10056314609698827,-1.0664945503159957
META,equal_50_50,gradient_boosting,5,0.0,2024,"{""n_estimators"": ""500"", ""learning_rate"": 0.29999999999999993, ""max_depth"": ""4""}",0.5306122448979592,0.5520927431496537,48,0.5625,0.7110843597928392,1.7927306109872214,-0.3381193766574467,0.9276192203838016,0.5040650406504065,0.5092366678285117,49,0.4897959183673469,0.16887424488246788,-0.012590735146264631,-0.28822090775410847,0.2562676972615129,-0.04368432271057253
META,equal_50_50,gradient_boosting,5,0.0,31415,"{""n_estimators"": ""500"", ""learning_rate"": 0.2854038226998287, ""max_depth"": ""4""}",0.5346938775510204,0.556835290575128,48,0.5625,0.7821928248459828,2.2147399976689863,-0.2913889149646921,1.0301496684638496,0.508130081300813,0.5089926803764377,49,0.4897959183673469,0.16887424488246788,-0.012590735146264631,-0.28822090775410847,0.2562676972615129,-0.04368432271057253
META,equal_50_50,gradient_boosting,10,0.0025,42,"{""n_estimators"": ""71"", ""learning_rate"": 0.274381593372823, ""max_depth"": ""5""}",0.5083333333333333,0.5054945054945054,23,0.5217391304347826,1.4743484319708073,134.27140737478135,-0.18354909309236825,4.027387543620833,0.540650406504065,0.5422376836039076,24,0.625,0.5730359757632215,3.1478422554032237,-0.20291985999948528,0.7578818100242598,15.512736187631948
META,equal_50_50,gradient_boosting,10,0.0025,7,"{""n_estimators"": ""168"", ""learning_rate"": 0.12851907247397057, ""max_depth"": ""5""}",0.49166666666666664,0.5053626373626373,23,0.4782608695652174,0.9472435727873079,19.240546062108717,-0.1943241915055065,2.7407017025653304,0.5447154471544715,0.5515847916227422,24,0.6666666666666666,0.8345341975264491,9.495873749094814,-0.20291985999948528,1.040689113737846,46.796177314132294
META,equal_50_50,gradient_boosting,10,0.0025,1337,"{""n_estimators"": ""225"", ""learning_rate"": 0.0601278297220725, ""max_depth"": ""5""}",0.5041666666666667,0.49389010989010984,23,0.43478260869565216,0.8641464018881075,13.813741811794765,-0.2065937790191875,2.5112401300581415,0.532520325203252,0.5325391805467707,24,0.5833333333333334,0.4625513262684844,1.7857364231383195,-0.20291985999948528,0.6251847269456428,8.800205278787642
META,equal_50_50,gradient_boosting,10,0.0025,2024,"{""n_estimators"": ""50"", ""learning_rate"": 0.01, ""max_depth"": ""5""}",0.6041666666666666,0.5031208791208791,23,0.5652173913043478,1.3941216582980847,101.36530368236092,-0.1469421084592403,3.964627260813987,0.5528455284552846,0.515883055731253,24,0.625,1.6908373808611161,187.5758013437125,-0.09425271781944221,4.859548324528975,1990.1367905702964
META,equal_50_50,gradient_boosting,10,0.0025,31415,"{""n_estimators"": ""50"", ""learning_rate"": 0.010355747206930064, ""max_depth"": ""9""}",0.5583333333333333,0.5117802197802197,23,0.5217391304347826,1.2264098314125114,55.46969997648245,-0.17092313228184713,3.6415176028859793,0.5447154471544715,0.5043572984749455,24,0.5416666666666666,0.36949811436799884,0.9875478390176196,-0.20291985999948528,0.50706575550201,4.8666889432119875
META,news_only,gradient_boosting,2,0.0,42,"{""n_estimators"": ""53"", ""learning_rate"": 0.010537439345598238, ""max_depth"": ""5""}",0.5887096774193549,0.5673513660090842,123,0.5365853658536586,0.3263197237958427,0.0976724228375665,-0.29983984353528786,0.3400135185791817,0.5691056910569106,0.5688618709895304,122,0.5491803278688525,0.9997464678375108,0.7968993705503733,-0.34264568077351715,1.641966509700639,2.3257242547210453
META,news_only,gradient_boosting,2,0.0,7,"{""n_estimators"": ""50"", ""learning_rate"": 0.11144199015608455, ""max_depth"": ""9""}",0.5403225806451613,0.5539963392312385,123,0.5609756097560976,0.40612659657014627,0.17140819355298542,-0.2751979767656736,0.4115532493575485,0.5447154471544715,0.5555217831813577,122,0.48360655737704916,-0.0871952731801152,-0.16734946668881978,-0.49004360519284446,-0.1473083415546946,-0.3414991337821122
META,news_only,gradient_boosting,2,0.0,1337,"{""n_estimators"": ""302"", ""learning_rate"": 0.020607140642606672, ""max_depth"": ""7""}",0.5161290322580645,0.5393532641854789,123,0.5528455284552846,0.13351640477071539,-0.06285357056429552,-0.2933350789589968,0.13725315766308477,0.5365853658536586,0.530901722391084,122,0.5163934426229508,0.5382806700882667,0.29854932418370983,-0.3909180840551247,0.8873680781634987,0.7637132595319135
META,news_only,gradient_boosting,2,0.0,2024,"{""n_estimators"": ""443"", ""learning_rate"": 0.026734399159769693, ""max_depth"": ""5""}",0.532258064516129,0.5481323300115246,123,0.5691056910569106,0.5336608586445595,0.2999176479814203,-0.2751979767656736,0.5352540040286794,0.5284552845528455,0.5247551502870651,122,0.5163934426229508,0.4735814147704798,0.2403710229129239,-0.3769218364516793,0.7753226771250082,0.6377211391511911
META,news_only,gradient_boosting,2,0.0,31415,"{""n_estimators"": ""401"", ""learning_rate"": 0.01, ""max_depth"": ""10""}",0.5282258064516129,0.54494610534879,123,0.5772357723577236,0.5697198669191006,0.3387238943806077,-0.2591345790553412,0.5684874018256865,0.5284552845528455,0.5485984464707869,122,0.4672131147540984,-0.24558122547338432,-0.25620001642353185,-0.4455592697816971,-0.41899210141354226,-0.5750077123276051
META,news_only,gradient_boosting,5,0.0,42,"{""n_estimators"": ""500"", ""learning_rate"": 0.26125573855698125, ""max_depth"": ""5""}",0.5061224489795918,0.5319180969587474,48,0.5,-0.40455505062486885,-0.7037297902089226,-0.3835743834281884,-0.5151277518978126,0.508130081300813,0.5221331474381318,49,0.5918367346938775,0.918417373420699,2.869579344428326,-0.22899253199043595,1.464650240961842,12.53132283173399
META,news_only,gradient_boosting,5,0.0,7,"{""n_estimators"": ""287"", ""learning_rate"": 0.1920105537249741, ""max_depth"": ""5""}",0.5224489795918368,0.5172387834989461,48,0.5625,-0.12662275227048278,-0.4819585894184486,-0.33253025266557357,-0.15411093996343783,0.5203252032520326,0.5349599163471593,49,0.5918367346938775,1.1588329095409655,4.926765943686045,-0.2323220297507532,1.8027739154107225,21.2066240509853
META,news_only,gradient_boosting,5,0.0,1337,"{""n_estimators"": ""50"", ""learning_rate"": 0.29999999999999993, ""max_depth"": ""3""}",0.47346938775510206,0.5309018367961457,48,0.5,-0.683360415808936,-0.8271821894817937,-0.4765692627736311,-1.1391841406235272,0.532520325203252,0.5638550017427676,49,0.5102040816326531,-0.1939950339041222,-0.5036884416814454,-0.3066818227621782,-0.23464456468878972,-1.6423811399870265
META,news_only,gradient_boosting,5,0.0,2024,"{""n_estimators"": ""114"", ""learning_rate"": 0.2991991885000798, ""max_depth"": ""6""}",0.5224489795918368,0.517163504968383,48,0.5833333333333334,0.15001940939224426,-0.0955659724157305,-0.30644548800575905,0.17809791924627028,0.5121951219512195,0.5258278145695364,49,0.5510204081632653,0.8640485852310417,2.5059376879547237,-0.18200571949739788,1.3091154304587376,13.768455710484147
META,news_only,gradient_boosting,5,0.0,31415,"{""n_estimators"": ""352"", ""learning_rate"": 0.04487520709712576, ""max_depth"": ""3""}",0.46530612244897956,0.5158461306835291,48,0.5,-0.719261511118917,-0.839108375147711,-0.5043486800525169,-1.202749327905306,0.532520325203252,0.5546183339142557,49,0.5102040816326531,0.0683883318549909,-0.19496061175730162,-0.2814057604169446,0.08188085964081977,-0.6928095980282649
META,news_only,gradient_boosting,10,0.0025,42,"{""n_estimators"": ""50"", ""learning_rate"": 0.025953842811051748, ""max_depth"": ""4""}",0.38333333333333336,0.5456263736263736,23,0.43478260869565216,-2.475808997573431,-0.9999317815202894,-0.62243357038567,-3.2354586342408522,0.516260162601626,0.5380912221519432,24,0.625,0.01291993954863605,-0.46714455224564233,-0.2745720961848616,0.01715743224296375,-1.701354794374761
META,news_only,gradient_boosting,10,0.0025,7,"{""n_estimators"": ""50"", ""learning_rate"": 0.18028741931781178, ""max_depth"": ""3""}",0.5208333333333334,0.5491428571428572,23,0.6521739130434783,0.6995645718790514,6.4789175799274155,-0.2589574585307064,0.8746774624141013,0.540650406504065,0.5465949820788532,24,0.5416666666666666,-0.26441006621909613,-0.8076736949029342,-0.22736968313281858,-0.35252291906818534,-3.552248847666861
META,news_only,gradient_boosting,10,0.0025,1337,"{""n_estimators"": ""50"", ""learning_rate"": 0.023349161747765333, ""max_depth"": ""3""}",0.3875,0.5390769230769231,23,0.43478260869565216,-2.475808997573431,-0.9999317815202894,-0.62243357038567,-3.2354586342408522,0.5203252032520326,0.5387588727247171,24,0.6666666666666666,0.6358920162079397,4.179007197626874,-0.2745720961848616,0.8079131120438374,15.220072453441398
META,news_only,gradient_boosting,10,0.0025,2024,"{""n_estimators"": ""302"", ""learning_rate"": 0.011204426216335292, ""max_depth"": ""3""}",0.3958333333333333,0.5409670329670331,23,0.4782608695652174,-1.3985657368444104,-0.9978013735075308,-0.4816166328815773,-2.088710794625085,0.5284552845528455,0.5540094173870265,24,0.5833333333333334,-0.0007577956743695585,-0.49167614420846206,-0.27457209618486156,-0.0010222433242932803,-1.790699605095452
META,news_only,gradient_boosting,10,0.0025,31415,"{""n_estimators"": ""90"", ""learning_rate"": 0.01, ""max_depth"": ""3""}",0.3875,0.5371428571428571,23,0.43478260869565216,-2.475808997573431,-0.9999317815202894,-0.62243357038567,-3.2354586342408522,0.516260162601626,0.5398833368472837,24,0.625,0.01291993954863605,-0.46714455224564233,-0.2745720961848616,0.01715743224296375,-1.701354794374761
META,social_only,gradient_boosting,2,0.0,42,"{""n_estimators"": ""391"", ""learning_rate"": 0.250272151275112, ""max_depth"": ""8""}",0.4717741935483871,0.5125754186156871,123,0.4959349593495935,-1.61386816532485,-0.7748746489787295,-0.5922129580205654,-1.678652439841177,0.491869918699187,0.49638635596082403,122,0.48360655737704916,-0.4898370552786185,-0.3750162770840896,-0.36426447874131607,-0.8396277046401686,-1.0295164611710848
META,social_only,gradient_boosting,2,0.0,7,"{""n_estimators"": ""291"", ""learning_rate"": 0.29990964719728874, ""max_depth"": ""10""}",0.4717741935483871,0.5108128262490679,123,0.4878048780487805,-1.6987368644965917,-0.7896564795427892,-0.5800897934176202,-1.774629717255692,0.5,0.5006754474839581,122,0.5081967213114754,0.17285514044624836,0.0023050047620027936,-0.235494062565683,0.30469577174893697,0.00978795276997649
META,social_only,gradient_boosting,2,0.0,1337,"{""n_estimators"": ""264"", ""learning_rate"": 0.1886253121208113, ""max_depth"": ""6""}",0.4798387096774194,0.5129143786861907,123,0.5040650406504065,-1.3101049228769348,-0.7124938243096395,-0.5216530017121275,-1.3485442702622983,0.4715447154471545,0.49743329956095916,122,0.45081967213114754,-1.0955068620039503,-0.5933651797707187,-0.41780579752919544,-1.9173906293213725,-1.4201937437913497
META,social_only,gradient_boosting,2,0.0,2024,"{""n_estimators"": ""50"", ""learning_rate"": 0.29999999999999993, ""max_depth"": ""6""}",0.5040322580645161,0.5193207240187107,123,0.5040650406504065,-1.1669351132545134,-0.6771387309054029,-0.52231163539327,-1.1940573727780883,0.516260162601626,0.49939209726443773,122,0.5081967213114754,0.4289049753653042,0.20417596245731717,-0.27427942153886214,0.9889301580788356,0.7444086082425541
META,social_only,gradient_boosting,2,0.0,31415,"{""n_estimators"": ""50"", ""learning_rate"": 0.1776993910081514, ""max_depth"": ""6""}",0.4959677419354839,0.5180326757507965,123,0.5121951219512195,-1.1503942598039256,-0.6727655075778967,-0.48979202551650947,-1.1753579639137886,0.491869918699187,0.5009118541033435,122,0.4672131147540984,-0.07036167481566753,-0.15553404921279446,-0.2920647015499559,-0.16829994868421,-0.5325328544921452
META,social_only,gradient_boosting,5,0.0,42,"{""n_estimators"": ""60"", ""learning_rate"": 0.05958758776628971, ""max_depth"": ""6""}",0.5306122448979592,0.5241267690454683,48,0.5833333333333334,0.7929752372924546,2.3286860885494742,-0.3165927567121606,1.2172017620189153,0.5,0.4823283373997909,49,0.46938775510204084,-1.143116227226026,-0.912032460526853,-0.4653585960340229,-1.3816316047810349,-1.9598487452462858
META,social_only,gradient_boosting,5,0.0,7,"{""n_estimators"": ""402"", ""learning_rate"": 0.01, ""max_depth"": ""8""}",0.5591836734693878,0.5312029509183981,48,0.5833333333333334,1.0615678450127768,4.549697209978699,-0.25028872652973316,1.3775699600317766,0.46747967479674796,0.4698152666434297,49,0.40816326530612246,-1.401492072824787,-0.944266115258878,-0.48452149915233544,-1.7449152733922944,-1.94886319164549
META,social_only,gradient_boosting,5,0.0,1337,"{""n_estimators"": ""405"", ""learning_rate"": 0.01018337202569181, ""max_depth"": ""6""}",0.5469387755102041,0.5302243300210779,48,0.625,1.6677768446857155,16.780516156564023,-0.214615857924989,2.9495090058729896,0.491869918699187,0.4893691181596376,49,0.46938775510204084,-1.2439536539729938,-0.9264570225762054,-0.47634766104841714,-1.5174593524685542,-1.9449177530065338
META,social_only,gradient_boosting,5,0.0,2024,"{""n_estimators"": ""500"", ""learning_rate"": 0.016736605701437354, ""max_depth"": ""8""}",0.5224489795918368,0.5360584161397169,48,0.5208333333333334,0.16049385874280436,-0.07009237283014558,-0.25028872652973305,0.21912078725301343,0.45934959349593496,0.4582781456953642,49,0.3673469387755102,-1.2849950042329288,-0.9314721552337935,-0.48452149915233544,-1.6821225113075222,-1.9224578411141566
META,social_only,gradient_boosting,5,0.0,31415,"{""n_estimators"": ""356"", ""learning_rate"": 0.02791725814228395, ""max_depth"": ""8""}",0.5387755102040817,0.5335742246311352,48,0.5208333333333334,0.2846469056867215,0.19329687860006284,-0.25028872652973305,0.38436817710214866,0.46747967479674796,0.4589055420006971,49,0.3877551020408163,-1.2723893768386563,-0.9299298402710316,-0.48452149915233544,-1.6583132595923877,-1.9192746697472305
META,social_only,gradient_boosting,10,0.0025,42,"{""n_estimators"": ""82"", ""learning_rate"": 0.29999999999999993, ""max_depth"": ""8""}",0.5666666666666667,0.5598241758241759,23,0.5652173913043478,0.14840016921018645,-0.1300209287191637,-0.2860858025604135,0.220140374958583,0.4634146341463415,0.434816220394968,24,0.4166666666666667,-0.6856938307926915,-0.956426490713289,-0.45353898482487504,-1.4126868394483236,-2.108807671919524
META,social_only,gradient_boosting,10,0.0025,7,"{""n_estimators"": ""500"", ""learning_rate"": 0.01, ""max_depth"": ""10""}",0.55,0.5547692307692308,23,0.5652173913043478,0.14840016921018645,-0.1300209287191637,-0.2860858025604135,0.220140374958583,0.4715447154471545,0.45361585494412826,24,0.375,-0.797307948839171,-0.970735552504239,-0.4738686113390205,-1.6315228605271077,-2.048533136139174
META,social_only,gradient_boosting,10,0.0025,1337,"{""n_estimators"": ""264"", ""learning_rate"": 0.1886253121208113, ""max_depth"": ""6""}",0.5541666666666667,0.5482197802197802,23,0.5217391304347826,-0.17718154996848143,-0.7619789506860098,-0.2860858025604135,-0.27578887881330616,0.44308943089430897,0.4128188909972591,24,0.375,-0.797307948839171,-0.970735552504239,-0.4738686113390205,-1.6315228605271077,-2.048533136139174
META,social_only,gradient_boosting,10,0.0025,2024,"{""n_estimators"": ""319"", ""learning_rate"": 0.29979475718836973, ""max_depth"": ""10""}",0.5625,0.5513406593406593,23,0.5217391304347826,0.003301502970052902,-0.5113659656059442,-0.2860858025604135,0.005025548261964036,0.43902439024390244,0.41847635111392234,24,0.4166666666666667,-0.6966559567342882,-0.9581044199819719,-0.4555788825818063,-1.441153638248295,-2.103048355868271
META,social_only,gradient_boosting,10,0.0025,31415,"{""n_estimators"": ""500"", ""learning_rate"": 0.012647964913128033, ""max_depth"": ""7""}",0.575,0.5567912087912088,23,0.6086956521739131,0.5177596888469362,2.735942366015885,-0.28608580256041355,0.7242504688653173,0.483739837398374,0.4408250755499332,24,0.5,0.4047376841105026,1.3673728526174074,-0.27184374133445843,0.9617395865069106,5.029995709686334
META,sentiment_only,gradient_boosting,2,0.0,42,"{""n_estimators"": ""306"", ""learning_rate"": 0.19385088056807892, ""max_depth"": ""10""}",0.5040322580645161,0.4967459833231645,123,0.4715447154471545,0.1266347565336375,-0.0547816248878662,-0.5274192633477888,0.20717089330097122,0.540650406504065,0.47085444106720703,122,0.5,-0.4889733421470719,-0.3782097918525985,-0.3795290934891524,-0.5966826148077574,-0.9965238458416321
META,sentiment_only,gradient_boosting,2,0.0,7,"{""n_estimators"": ""50"", ""learning_rate"": 0.017531501059522857, ""max_depth"": ""9""}",0.5201612903225806,0.4990170157955393,123,0.45528455284552843,0.38402935929456905,0.16733176452763043,-0.32876710210126975,0.6387046566161919,0.540650406504065,0.47500844309354945,122,0.5245901639344263,-0.17078595715981174,-0.22029798347069107,-0.38896491706601133,-0.19884690160663715,-0.5663698030465412
META,sentiment_only,gradient_boosting,2,0.0,1337,"{""n_estimators"": ""65"", ""learning_rate"": 0.022268848569152126, ""max_depth"": ""7""}",0.5241935483870968,0.500542336112806,123,0.4715447154471545,0.6697625906265566,0.47424296929435616,-0.41362396652977795,1.1575315735357072,0.5040650406504065,0.4498817966903073,122,0.48360655737704916,-0.7938349452253465,-0.49957230991284396,-0.4560394607304201,-0.957920085678293,-1.0954585138590835
META,sentiment_only,gradient_boosting,2,0.0,2024,"{""n_estimators"": ""50"", ""learning_rate"": 0.01, ""max_depth"": ""9""}",0.5806451612903226,0.5064063453325199,123,0.5447154471544715,1.583910061221092,2.0698204378243683,-0.22564540099540106,2.48736016599497,0.532520325203252,0.45724417426545083,122,0.5245901639344263,0.8995869724732872,0.6748258924394173,-0.2946218162013982,1.449354865549058,2.2904817475502846
META,sentiment_only,gradient_boosting,2,0.0,31415,"{""n_estimators"": ""463"", ""learning_rate"": 0.03824748868018849, ""max_depth"": ""10""}",0.5040322580645161,0.5026777845569792,123,0.4715447154471545,0.1266347565336375,-0.0547816248878662,-0.5274192633477888,0.20717089330097122,0.540650406504065,0.4839243498817967,122,0.5,-0.4889733421470719,-0.3782097918525985,-0.3795290934891524,-0.5966826148077574,-0.9965238458416321
META,sentiment_only,gradient_boosting,5,0.0,42,"{""n_estimators"": ""469"", ""learning_rate"": 0.01, ""max_depth"": ""7""}",0.5183673469387755,0.5640996687744656,48,0.3958333333333333,-1.6577425042930676,-0.9745245793426672,-0.5299061465118728,-2.0435677167075768,0.46747967479674796,0.5139769954688045,49,0.4489795918367347,-0.15253948835518813,-0.4537895671908019,-0.35977909054344276,-0.23925615977468398,-1.2613005566981594
META,sentiment_only,gradient_boosting,5,0.0,7,"{""n_estimators"": ""209"", ""learning_rate"": 0.018532714779204786, ""max_depth"": ""9""}",0.5265306122448979,0.5619918699186991,48,0.4166666666666667,-1.3954120479677552,-0.9581656365771234,-0.5255573586088482,-1.7039631662640777,0.483739837398374,0.5298361798536075,49,0.5102040816326531,0.23523744731567178,0.11523172507817758,-0.2998086441449328,0.3482519883627221,0.3843509095837561
META,sentiment_only,gradient_boosting,5,0.0,1337,"{""n_estimators"": ""65"", ""learning_rate"": 0.022268848569152126, ""max_depth"": ""7""}",0.5020408163265306,0.5669226136705812,48,0.4583333333333333,-1.0407259629655254,-0.9164490514510787,-0.39533981486780206,-1.332719104637665,0.45121951219512196,0.5246427326594633,49,0.40816326530612246,-1.4623244456159634,-0.9502501221028357,-0.5198465952872785,-1.645480473156784,-1.8279433408190484
META,sentiment_only,gradient_boosting,5,0.0,2024,"{""n_estimators"": ""500"", ""learning_rate"": 0.01, ""max_depth"": ""7""}",0.5142857142857142,0.5664709424872026,48,0.3958333333333333,-1.6577425042930676,-0.9745245793426672,-0.5299061465118728,-2.0435677167075768,0.45934959349593496,0.5122690833042872,49,0.4489795918367347,-0.15253948835518813,-0.4537895671908019,-0.35977909054344276,-0.23925615977468398,-1.2613005566981594
META,sentiment_only,gradient_boosting,5,0.0,31415,"{""n_estimators"": ""102"", ""learning_rate"": 0.021255755697738434, ""max_depth"": ""7""}",0.5142857142857142,0.5632716049382716,48,0.4375,-1.746038629035104,-0.9784141225198325,-0.5327460751997569,-2.0971211848188918,0.45528455284552843,0.5194841408156152,49,0.42857142857142855,-0.2717865706828269,-0.5615272175625323,-0.39291595133314805,-0.43162600001502044,-1.429128076010386
META,sentiment_only,gradient_boosting,10,0.0025,42,"{""n_estimators"": ""51"", ""learning_rate"": 0.01118650307566602, ""max_depth"": ""10""}",0.5166666666666667,0.5284835164835165,23,0.391304347826087,-2.4186956340142935,-0.999919679626839,-0.6162732317182255,-3.060191190349627,0.4878048780487805,0.46700400590343666,24,0.5416666666666666,0.5272552876770076,2.700611748948696,-0.20152190857800828,1.4990028013088523,13.401082631684686
META,sentiment_only,gradient_boosting,10,0.0025,7,"{""n_estimators"": ""50"", ""learning_rate"": 0.01, ""max_depth"": ""10""}",0.49166666666666664,0.5237362637362637,23,0.43478260869565216,-1.6222143942681,-0.9990058068464562,-0.5172218164084623,-2.159630628262068,0.4796747967479675,0.46760137746855013,24,0.5416666666666666,0.5272552876770076,2.700611748948696,-0.20152190857800828,1.4990028013088523,13.401082631684686
META,sentiment_only,gradient_boosting,10,0.0025,1337,"{""n_estimators"": ""50"", ""learning_rate"": 0.010766057344847202, ""max_depth"": ""10""}",0.5083333333333333,0.5256703296703297,23,0.391304347826087,-2.4186956340142935,-0.999919679626839,-0.6162732317182255,-3.060191190349627,0.4878048780487805,0.47076393281326867,24,0.5416666666666666,0.5272552876770076,2.700611748948696,-0.20152190857800828,1.4990028013088523,13.401082631684686
META,sentiment_only,gradient_boosting,10,0.0025,2024,"{""n_estimators"": ""50"", ""learning_rate"": 0.01, ""max_depth"": ""10""}",0.49166666666666664,0.5237362637362637,23,0.43478260869565216,-1.6222143942681,-0.9990058068464562,-0.5172218164084623,-2.159630628262068,0.4796747967479675,0.46760137746855013,24,0.5416666666666666,0.5272552876770076,2.700611748948696,-0.20152190857800828,1.4990028013088523,13.401082631684686
META,sentiment_only,gradient_boosting,10,0.0025,31415,"{""n_estimators"": ""50"", ""learning_rate"": 0.01, ""max_depth"": ""10""}",0.49166666666666664,0.5237362637362637,23,0.43478260869565216,-1.6222143942681,-0.9990058068464562,-0.5172218164084623,-2.159630628262068,0.4796747967479675,0.46760137746855013,24,0.5416666666666666,0.5272552876770076,2.700611748948696,-0.20152190857800828,1.4990028013088523,13.401082631684686
META,technical_only,gradient_boosting,2,0.0,42,"{""n_estimators"": ""130"", ""learning_rate"": 0.032651469653662855, ""max_depth"": ""3""}",0.6008064516129032,0.5395566402277812,123,0.6016260162601627,1.9295258122669725,3.0238236070061992,-0.19341613398235827,2.7997118150153093,0.5975609756097561,0.574501857480581,122,0.5737704918032787,1.3399506501582708,1.2764477389954916,-0.2958791639497115,2.1478676458063735,4.314084580867751
META,technical_only,gradient_boosting,2,0.0,7,"{""n_estimators"": ""50"", ""learning_rate"": 0.029840616581615548, ""max_depth"": ""3""}",0.6008064516129032,0.532472374754254,123,0.5934959349593496,2.119327773265059,3.6602813002314694,-0.19341613398235827,3.0993800219474466,0.6056910569105691,0.58129010469436,122,0.5983606557377049,1.9996201652779162,2.569524545842668,-0.20314081143886775,3.22144126465993,12.648982386367638
META,technical_only,gradient_boosting,2,0.0,1337,"{""n_estimators"": ""167"", ""learning_rate"": 0.010012284901547477, ""max_depth"": ""3""}",0.6008064516129032,0.5351162633041828,123,0.5934959349593496,1.9262342652459306,3.013554542095151,-0.19341613398235827,2.8066198551832735,0.6056910569105691,0.5811550151975684,122,0.5983606557377049,1.9996201652779162,2.569524545842668,-0.20314081143886775,3.22144126465993,12.648982386367638
META,technical_only,gradient_boosting,2,0.0,2024,"{""n_estimators"": ""452"", ""learning_rate"": 0.2873188997714292, ""max_depth"": ""3""}",0.5887096774193549,0.5240661650057623,123,0.5934959349593496,2.0217227322895437,3.3220249627305556,-0.19341613398235827,2.9422527447066065,0.5975609756097561,0.5737588652482271,122,0.5901639344262295,1.4941403919476348,1.5316213798916194,-0.2508981046237177,2.352284453520387,6.104555401837952
META,technical_only,gradient_boosting,2,0.0,31415,"{""n_estimators"": ""500"", ""learning_rate"": 0.01, ""max_depth"": ""3""}",0.6008064516129032,0.5413870246085011,123,0.6016260162601627,1.9295258122669725,3.0238236070061992,-0.19341613398235827,2.7997118150153093,0.5975609756097561,0.5751435325903411,122,0.5737704918032787,1.3399506501582708,1.2764477389954916,-0.2958791639497115,2.1478676458063735,4.314084580867751
META,technical_only,gradient_boosting,5,0.0,42,"{""n_estimators"": ""492"", ""learning_rate"": 0.04891762805131221, ""max_depth"": ""9""}",0.3673469387755102,0.5628575730201746,48,0.375,-2.5885030537429663,-0.9951367204159421,-0.6452581537048095,-3.1422248696919435,0.42276422764227645,0.545625653537818,49,0.40816326530612246,-1.0426419818520813,-0.8945436083276908,-0.3635286838392357,-1.3402453663976779,-2.4607235909980827
META,technical_only,gradient_boosting,5,0.0,7,"{""n_estimators"": ""55"", ""learning_rate"": 0.2951468168959662, ""max_depth"": ""10""}",0.3673469387755102,0.5625564588979223,48,0.375,-2.5885030537429663,-0.9951367204159421,-0.6452581537048095,-3.1422248696919435,0.42276422764227645,0.5508539560822586,49,0.40816326530612246,-1.0426419818520813,-0.8945436083276908,-0.3635286838392357,-1.3402453663976779,-2.4607235909980827
META,technical_only,gradient_boosting,5,0.0,1337,"{""n_estimators"": ""276"", ""learning_rate"": 0.22549342720194784, ""max_depth"": ""9""}",0.37551020408163266,0.5627070159590484,48,0.375,-2.5885030537429663,-0.9951367204159421,-0.6452581537048095,-3.1422248696919435,0.4268292682926829,0.5514813523875916,49,0.40816326530612246,-1.0426419818520813,-0.8945436083276908,-0.3635286838392357,-1.3402453663976779,-2.4607235909980827
META,technical_only,gradient_boosting,5,0.0,2024,"{""n_estimators"": ""500"", ""learning_rate"": 0.06694973730708206, ""max_depth"": ""9""}",0.37142857142857144,0.5629328515507376,48,0.375,-2.5885030537429663,-0.9951367204159421,-0.6452581537048095,-3.1422248696919435,0.42276422764227645,0.551411641686999,49,0.3877551020408163,-1.3292598765041608,-0.9366472958170854,-0.42356973689663074,-1.7237856952046144,-2.2113177930973564
META,technical_only,gradient_boosting,5,0.0,31415,"{""n_estimators"": ""397"", ""learning_rate"": 0.07124801465231512, ""max_depth"": ""7""}",0.3673469387755102,0.5629328515507377,48,0.375,-2.5885030537429663,-0.9951367204159421,-0.6452581537048095,-3.1422248696919435,0.43089430894308944,0.5515510630881841,49,0.40816326530612246,-1.0426419818520813,-0.8945436083276908,-0.3635286838392357,-1.3402453663976779,-2.4607235909980827
META,technical_only,gradient_boosting,10,0.0025,42,"{""n_estimators"": ""136"", ""learning_rate"": 0.09391623322597985, ""max_depth"": ""7""}",0.3375,0.5254505494505495,23,0.34782608695652173,-2.7073326667100126,-0.9999638540782653,-0.6528363419717733,-3.3720336639009623,0.45121951219512196,0.5214702368402557,24,0.5,-0.2654277202325911,-0.8077313454953323,-0.3150184731099555,-0.3674494947201895,-2.5640761239211454
META,technical_only,gradient_boosting,10,0.0025,7,"{""n_estimators"": ""206"", ""learning_rate"": 0.01, ""max_depth"": ""5""}",0.375,0.5331868131868132,23,0.4782608695652174,-1.951244522990279,-0.9996685501287229,-0.5750199257964563,-2.513484045863294,0.4146341463414634,0.5140909410359126,24,0.5,-0.2654277202325911,-0.8077313454953323,-0.3150184731099555,-0.3674494947201895,-2.5640761239211454
META,technical_only,gradient_boosting,10,0.0025,1337,"{""n_estimators"": ""50"", ""learning_rate"": 0.02641928937633256, ""max_depth"": ""5""}",0.3541666666666667,0.529186813186813,23,0.43478260869565216,-2.166692292817606,-0.9998307604623826,-0.5750199257964563,-2.7670542054757767,0.4024390243902439,0.5037599269098321,24,0.5,-0.2654277202325911,-0.8077313454953323,-0.3150184731099555,-0.3674494947201895,-2.5640761239211454
META,technical_only,gradient_boosting,10,0.0025,2024,"{""n_estimators"": ""391"", ""learning_rate"": 0.12337276406462631, ""max_depth"": ""7""}",0.3333333333333333,0.5316043956043957,23,0.30434782608695654,-2.9305679230135735,-0.9999796982155695,-0.6528363419717733,-3.61199136115815,0.4146341463414634,0.5144423360742145,24,0.4166666666666667,-1.3956586953102972,-0.9964384683887652,-0.39125781091611345,-1.943699384869434,-2.5467567434772667
META,technical_only,gradient_boosting,10,0.0025,31415,"{""n_estimators"": ""60"", ""learning_rate"": 0.010277457371090912, ""max_depth"": ""6""}",0.7125,0.5312087912087912,23,0.6521739130434783,3.081004928956612,14348.063929095844,-0.07888379256097523,18.06667038339513,0.6178861788617886,0.5405861269238876,24,0.6666666666666666,2.146085767329736,717.5727223407639,-0.144797678956862,5.414819356288421,4955.692159641196
META,learned_alpha_per_stock,gradient_boosting,2,0.0,42,"{""n_estimators"": ""165"", ""learning_rate"": 0.07999766827346817, ""max_depth"": ""3""}",0.5645161290322581,0.5323706867331028,123,0.5284552845528455,0.04927584302837948,-0.12491590272234177,-0.29779774355676014,0.05309931857187278,0.5487804878048781,0.5370820668693009,122,0.5081967213114754,-0.8045355027261971,-0.5026452027752546,-0.4907949368699825,-1.049126591641721,-1.0241450451401282
META,learned_alpha_per_stock,gradient_boosting,2,0.0,7,"{""n_estimators"": ""194"", ""learning_rate"": 0.2717339409379377, ""max_depth"": ""3""}",0.4838709677419355,0.5140329469188529,123,0.43902439024390244,-1.3127354301713605,-0.711569467325474,-0.5004399724073658,-1.6904621757964162,0.5447154471544715,0.5460992907801419,122,0.5409836065573771,-0.4309885960688322,-0.35215724801485315,-0.3919879315754501,-0.5082731047798051,-0.8983879850573147
META,learned_alpha_per_stock,gradient_boosting,2,0.0,1337,"{""n_estimators"": ""454"", ""learning_rate"": 0.23516349540064402, ""max_depth"": ""7""}",0.49193548387096775,0.5188800759270558,123,0.4959349593495935,-0.3748939956533676,-0.3799072915124849,-0.36023045808365245,-0.4632456128601855,0.5121951219512195,0.492434988179669,122,0.5,-0.782621330194625,-0.4927659910888761,-0.39925710578588314,-1.2540860599787063,-1.2342071911755546
META,learned_alpha_per_stock,gradient_boosting,2,0.0,2024,"{""n_estimators"": ""192"", ""learning_rate"": 0.29999999999999993, ""max_depth"": ""10""}",0.4959677419354839,0.518168259778998,123,0.4796747967479675,-0.5355884336153917,-0.45646049822996804,-0.3807131787744184,-0.6714707949230068,0.516260162601626,0.49199594731509627,122,0.4918032786885246,-1.0953105083230497,-0.5935430612438806,-0.467979512832517,-1.7679647787943251,-1.2683099259011814
META,learned_alpha_per_stock,gradient_boosting,2,0.0,31415,"{""n_estimators"": ""85"", ""learning_rate"": 0.29999999999999993, ""max_depth"": ""10""}",0.5,0.5219307165615891,123,0.4796747967479675,-0.8748138192947943,-0.5882922305919511,-0.45923692577621666,-1.0887737396457793,0.516260162601626,0.4972982100641676,122,0.4918032786885246,-1.35450534679479,-0.6631866598794306,-0.49447447659974275,-1.6574125686229162,-1.3411949276731903
META,learned_alpha_per_stock,gradient_boosting,5,0.0,42,"{""n_estimators"": ""472"", ""learning_rate"": 0.010026522473407047, ""max_depth"": ""10""}",0.5061224489795918,0.5535606744956338,48,0.5416666666666666,0.6439107794136694,1.4975085357946063,-0.257512602010337,1.3178973096026383,0.5203252032520326,0.5305681422098292,49,0.5510204081632653,1.4500480311360153,8.893659392398412,-0.19289528404746373,2.891132639262928,46.10615254963953
META,learned_alpha_per_stock,gradient_boosting,5,0.0,7,"{""n_estimators"": ""362"", ""learning_rate"": 0.03243724624068245, ""max_depth"": ""10""}",0.5142857142857142,0.5573622402890696,48,0.5208333333333334,1.2956623969592527,7.934974477327437,-0.2051596396884486,3.8192934021283986,0.516260162601626,0.5295921924015337,49,0.5510204081632653,1.962887162526303,22.34818782861472,-0.19289528404746378,3.877884697051889,115.85657958913981
META,learned_alpha_per_stock,gradient_boosting,5,0.0,1337,"{""n_estimators"": ""405"", ""learning_rate"": 0.01018337202569181, ""max_depth"": ""6""}",0.49387755102040815,0.542871123155676,48,0.5416666666666666,0.06786102598029597,-0.2316911249660829,-0.3138020118065232,0.08643760437896755,0.508130081300813,0.5256186824677588,49,0.42857142857142855,0.4597019976049227,0.699189462936237,-0.22995213511597526,1.0240819809956605,3.0405869577318954
META,learned_alpha_per_stock,gradient_boosting,5,0.0,2024,"{""n_estimators"": ""292"", ""learning_rate"": 0.01, ""max_depth"": ""10""}",0.49387755102040815,0.5521303824149353,48,0.5208333333333334,0.35261970385797375,0.39721635900061547,-0.3352738862470518,0.7344446521476078,0.5203252032520326,0.5380620425235273,49,0.5306122448979592,1.3699867482515589,7.61965180261541,-0.19289528404746384,2.7831060616742347,39.501493466996926
META,learned_alpha_per_stock,gradient_boosting,5,0.0,31415,"{""n_estimators"": ""500"", ""learning_rate"": 0.011260230222252183, ""max_depth"": ""10""}",0.49387755102040815,0.5495332731105089,48,0.5416666666666666,0.6439107794136694,1.4975085357946063,-0.257512602010337,1.3178973096026383,0.5203252032520326,0.5244336005576857,49,0.5306122448979592,1.441330963679827,8.746745424764503,-0.19289528404746378,2.8751615144176856,45.344527047184215
META,learned_alpha_per_stock,gradient_boosting,10,0.0025,42,"{""n_estimators"": ""366"", ""learning_rate"": 0.01, ""max_depth"": ""3""}",0.42083333333333334,0.6035164835164836,23,0.4782608695652174,-1.147664643895839,-0.9945455464185452,-0.41651962530434467,-1.6521764686959366,0.483739837398374,0.511420338744817,24,0.5416666666666666,0.2795061744884383,0.4274550162856836,-0.2979366997996191,0.37671700352436494,1.4347175644127548
META,learned_alpha_per_stock,gradient_boosting,10,0.0025,7,"{""n_estimators"": ""337"", ""learning_rate"": 0.01, ""max_depth"": ""3""}",0.4125,0.6058901098901099,23,0.4782608695652174,-1.147664643895839,-0.9945455464185452,-0.41651962530434467,-1.6521764686959366,0.4796747967479675,0.5229109564972942,24,0.5,-0.3381934568647337,-0.853132627002209,-0.2979366997996191,-0.4589608547405471,-2.8634694133887955
META,learned_alpha_per_stock,gradient_boosting,10,0.0025,1337,"{""n_estimators"": ""354"", ""learning_rate"": 0.01, ""max_depth"": ""3""}",0.4166666666666667,0.6030769230769231,23,0.4782608695652174,-1.147664643895839,-0.9945455464185452,-0.41651962530434467,-1.6521764686959366,0.483739837398374,0.5123339658444023,24,0.5416666666666666,0.2795061744884383,0.4274550162856836,-0.2979366997996191,0.37671700352436494,1.4347175644127548
META,learned_alpha_per_stock,gradient_boosting,10,0.0025,2024,"{""n_estimators"": ""367"", ""learning_rate"": 0.01, ""max_depth"": ""3""}",0.42083333333333334,0.6034285714285713,23,0.4782608695652174,-1.147664643895839,-0.9945455464185452,-0.41651962530434467,-1.6521764686959366,0.483739837398374,0.5114906177524774,24,0.5416666666666666,0.2795061744884383,0.4274550162856836,-0.2979366997996191,0.37671700352436494,1.4347175644127548
META,learned_alpha_per_stock,gradient_boosting,10,0.0025,31415,"{""n_estimators"": ""337"", ""learning_rate"": 0.01, ""max_depth"": ""3""}",0.4125,0.6058901098901099,23,0.4782608695652174,-1.147664643895839,-0.9945455464185452,-0.41651962530434467,-1.6521764686959366,0.4796747967479675,0.5229109564972942,24,0.5,-0.3381934568647337,-0.853132627002209,-0.2979366997996191,-0.4589608547405471,-2.8634694133887955
META,learned_alpha_global,gradient_boosting,2,0.0,42,"{""n_estimators"": ""318"", ""learning_rate"": 0.1325877325583226, ""max_depth"": ""3""}",0.5161290322580645,0.5223374686461933,123,0.43902439024390244,-2.7606283953549386,-0.908168288753547,-0.7215183174523603,-3.030661936256696,0.4715447154471545,0.45964201283350214,122,0.4426229508196721,-1.1423046472177931,-0.6088607978954567,-0.4873300651167887,-1.436324983779504,-1.2493807410579996
META,learned_alpha_global,gradient_boosting,2,0.0,7,"{""n_estimators"": ""89"", ""learning_rate"": 0.04163548285708044, ""max_depth"": ""3""}",0.5645161290322581,0.5582333401125347,123,0.5365853658536586,1.3277120177949782,1.5047401912465412,-0.2232647337649284,2.087548122969638,0.5487804878048781,0.5479567713610267,122,0.5491803278688525,1.0921927059321759,0.9164131150315937,-0.3319134964870792,1.7538881332210279,2.7609998530664392
META,learned_alpha_global,gradient_boosting,2,0.0,1337,"{""n_estimators"": ""381"", ""learning_rate"": 0.29999999999999993, ""max_depth"": ""3""}",0.5362903225806451,0.5292522540844689,123,0.45528455284552843,-2.4846784087653275,-0.8866590800853766,-0.6762407852505142,-2.6146747874886653,0.5,0.4551165146909828,122,0.45081967213114754,-1.2211677973939123,-0.6300296975236201,-0.4991405239548758,-1.5233261829464289,-1.2622291064080728
META,learned_alpha_global,gradient_boosting,2,0.0,2024,"{""n_estimators"": ""352"", ""learning_rate"": 0.29999999999999993, ""max_depth"": ""3""}",0.532258064516129,0.5308792624228866,123,0.4634146341463415,-2.4004145994427435,-0.8790296826169054,-0.6657808187854123,-2.513263307585427,0.4959349593495935,0.45930428909152315,122,0.45081967213114754,-1.2211677973939123,-0.6300296975236201,-0.4991405239548758,-1.5233261829464289,-1.2622291064080728
META,learned_alpha_global,gradient_boosting,2,0.0,31415,"{""n_estimators"": ""256"", ""learning_rate"": 0.29999999999999993, ""max_depth"": ""3""}",0.5241935483870968,0.5287777099857637,123,0.43902439024390244,-2.626785944898165,-0.8983843809812709,-0.6805802595567568,-2.7892258757607293,0.491869918699187,0.4607227288078352,122,0.45081967213114754,-1.3022529148640825,-0.6505398888304477,-0.4991405239548758,-1.6305410000680527,-1.3033201225097464
META,learned_alpha_global,gradient_boosting,5,0.0,42,"{""n_estimators"": ""190"", ""learning_rate"": 0.03439006942563131, ""max_depth"": ""4""}",0.5224489795918368,0.5601851851851852,48,0.4583333333333333,-1.4081328803639546,-0.9589823937549955,-0.4918160733841764,-1.8328743432800427,0.483739837398374,0.45928895085395605,49,0.40816326530612246,0.763022194239963,1.9468213307529787,-0.2522718894050722,1.6730622839018185,7.717155230192824
META,learned_alpha_global,gradient_boosting,5,0.0,7,"{""n_estimators"": ""50"", ""learning_rate"": 0.01, ""max_depth"": ""4""}",0.3673469387755102,0.5501355013550135,48,0.375,-2.5448115533430316,-0.994765837752347,-0.6222499601807197,-3.0875415487300097,0.3943089430894309,0.46639944231439523,49,0.3469387755102041,-1.6278885305829747,-0.9623337096667441,-0.47899867849192973,-2.1281627986226384,-2.009052953332851
META,learned_alpha_global,gradient_boosting,5,0.0,1337,"{""n_estimators"": ""201"", ""learning_rate"": 0.025091959082265924, ""max_depth"": ""5""}",0.5102040816326531,0.5310523938572719,48,0.4583333333333333,-0.9959376350243226,-0.9082627264984554,-0.42940480687195953,-1.3978599613739007,0.47560975609756095,0.4575113279888463,49,0.3673469387755102,0.299357236869416,0.26696354221691143,-0.2879067392710689,0.6744415679691841,0.9272570100054549
META,learned_alpha_global,gradient_boosting,5,0.0,2024,"{""n_estimators"": ""58"", ""learning_rate"": 0.010330852482034615, ""max_depth"": ""4""}",0.3673469387755102,0.5323697681421259,48,0.375,-2.5448115533430316,-0.994765837752347,-0.6222499601807197,-3.0875415487300097,0.3943089430894309,0.49020564656674803,49,0.3469387755102041,-1.6278885305829747,-0.9623337096667441,-0.47899867849192973,-2.1281627986226384,-2.009052953332851
META,learned_alpha_global,gradient_boosting,5,0.0,31415,"{""n_estimators"": ""320"", ""learning_rate"": 0.01, ""max_depth"": ""7""}",0.4857142857142857,0.5362466124661247,48,0.5,-1.3550404637733655,-0.9546325652695453,-0.49380648285569106,-1.7299299201426117,0.45934959349593496,0.4601951899616591,49,0.3673469387755102,0.282141745267344,0.22709703579982654,-0.2879067392710687,0.6185885226023852,0.7887868008050035
META,learned_alpha_global,gradient_boosting,10,0.0025,42,"{""n_estimators"": ""498"", ""learning_rate"": 0.029012573624840488, ""max_depth"": ""3""}",0.5291666666666667,0.5935384615384615,23,0.6956521739130435,1.9638742699056557,663.6460919880972,-0.15210741552649484,2.96041327311767,0.47560975609756095,0.4666174713613044,24,0.6666666666666666,1.784842618003534,249.28143276114014,-0.11920613126814626,3.9921704701201763,2091.1796239775463
META,learned_alpha_global,gradient_boosting,10,0.0025,7,"{""n_estimators"": ""500"", ""learning_rate"": 0.024879141991529866, ""max_depth"": ""3""}",0.5083333333333333,0.5898901098901099,23,0.7391304347826086,1.4640613985411568,125.69412507754959,-0.15283156112829288,2.0111558042688067,0.47560975609756095,0.46542272823107733,24,0.625,1.0810151233291387,24.750847571644492,-0.11920613126814626,2.21433455308086,207.6306588288576
META,learned_alpha_global,gradient_boosting,10,0.0025,1337,"{""n_estimators"": ""280"", ""learning_rate"": 0.01, ""max_depth"": ""3""}",0.4666666666666667,0.5904615384615384,23,0.5652173913043478,0.1178895913405467,-0.23591813656747807,-0.2466191566628831,0.1673405106871858,0.491869918699187,0.516199311265725,24,0.5416666666666666,-0.17663794134119906,-0.7345030197352114,-0.2979366997996191,-0.2339648536491318,-2.465298904865396
META,learned_alpha_global,gradient_boosting,10,0.0025,2024,"{""n_estimators"": ""292"", ""learning_rate"": 0.01, ""max_depth"": ""3""}",0.4666666666666667,0.5901978021978022,23,0.5652173913043478,0.1178895913405467,-0.23591813656747807,-0.2466191566628831,0.1673405106871858,0.4878048780487805,0.51022559561459,24,0.5416666666666666,-0.17663794134119906,-0.7345030197352114,-0.2979366997996191,-0.2339648536491318,-2.465298904865396
META,learned_alpha_global,gradient_boosting,10,0.0025,31415,"{""n_estimators"": ""280"", ""learning_rate"": 0.04348024142206484, ""max_depth"": ""3""}",0.5333333333333333,0.6038241758241758,23,0.782608695652174,2.29817269291714,1813.615796482305,-0.15210741552649484,3.053657682185026,0.46747967479674796,0.4686555625834563,24,0.6666666666666666,1.6836573834975803,182.26083996552913,-0.11920613126814611,3.440121208640914,1528.9552477426328
NVDA,full_70_30,gradient_boosting,2,0.005,42,"{""n_estimators"": ""50"", ""learning_rate"": 0.011839363371477585, ""max_depth"": ""5""}",0.5725806451612904,0.6120897762119137,123,0.6260162601626016,3.0063707867953138,13.494686966261504,-0.12939474035230855,6.644931935704478,0.6138211382113821,0.6039790783898306,122,0.680327868852459,4.207483539528723,45.93736207192117,-0.18499867755297927,7.264061332451601,248.31184027661922
NVDA,full_70_30,gradient_boosting,2,0.005,7,"{""n_estimators"": ""50"", ""learning_rate"": 0.06670767355950084, ""max_depth"": ""3""}",0.5766129032258065,0.6100019573302015,123,0.6341463414634146,2.8553483870466194,11.651947278163961,-0.15725307728852572,6.433563370248464,0.6138211382113821,0.6121888241525424,122,0.680327868852459,4.217195774527603,46.3431465073764,-0.14348343795845747,7.547641921870895,322.9860335573647
NVDA,full_70_30,gradient_boosting,2,0.005,1337,"{""n_estimators"": ""51"", ""learning_rate"": 0.010648043545790919, ""max_depth"": ""8""}",0.5806451612903226,0.6034122789847981,123,0.6341463414634146,3.0053464920769546,13.472677650371537,-0.16143872003878998,6.195675904870825,0.6138211382113821,0.5921610169491526,122,0.6639344262295082,3.648168400951218,27.85273847367289,-0.15396044845412185,6.219386526508395,180.9084005232203
NVDA,full_70_30,gradient_boosting,2,0.005,2024,"{""n_estimators"": ""293"", ""learning_rate"": 0.010011858504198995, ""max_depth"": ""3""}",0.5806451612903226,0.603934233705226,123,0.6341463414634146,2.852428610102395,11.61856886918578,-0.15725307728852572,6.440639883764473,0.6138211382113821,0.5963320974576272,122,0.6885245901639344,4.3151518912123485,50.41375326072844,-0.1434834379584575,7.619302034450636,351.3559054482974
NVDA,full_70_30,gradient_boosting,2,0.005,31415,"{""n_estimators"": ""229"", ""learning_rate"": 0.011320828921621232, ""max_depth"": ""3""}",0.5887096774193549,0.6153193710445619,123,0.6341463414634146,2.852428610102395,11.61856886918578,-0.15725307728852572,6.440639883764473,0.6097560975609756,0.5884533898305085,122,0.6885245901639344,4.312642058462264,50.30571410960611,-0.14348343795845736,7.626306819764912,350.60293247344043
NVDA,full_70_30,gradient_boosting,5,0.01,42,"{""n_estimators"": ""50"", ""learning_rate"": 0.03771374558347113, ""max_depth"": ""3""}",0.5346938775510204,0.6124270395004752,48,0.4791666666666667,-0.7004656466762317,-0.9011513762354132,-0.5231328161847432,-0.9046167385346107,0.4878048780487805,0.5901737967914439,49,0.40816326530612246,-1.111024550544129,-0.9834585643512953,-0.6210873258785912,-1.6107991913240207,-1.5834465193120681
NVDA,full_70_30,gradient_boosting,5,0.01,7,"{""n_estimators"": ""80"", ""learning_rate"": 0.0312030109268453, ""max_depth"": ""3""}",0.563265306122449,0.6030609474684404,48,0.6041666666666666,1.6998709969786783,31.56797739786817,-0.19762524960931582,3.5455372408918744,0.5650406504065041,0.5884358288770053,49,0.6122448979591837,2.287720854964708,259.7929434042152,-0.25903805672445673,4.089041241226644,1002.9141921820446
NVDA,full_70_30,gradient_boosting,5,0.01,1337,"{""n_estimators"": ""128"", ""learning_rate"": 0.015154137493441137, ""max_depth"": ""3""}",0.5795918367346938,0.6117822722953713,48,0.625,1.9911249572719298,60.69377528109403,-0.1976252496093159,4.031962707212745,0.5813008130081301,0.5964906417112299,49,0.6326530612244898,2.3316760927724207,290.0547092972807,-0.25903805672445673,4.1289545272364965,1119.7378214036592
NVDA,full_70_30,gradient_boosting,5,0.01,2024,"{""n_estimators"": ""50"", ""learning_rate"": 0.29999999999999993, ""max_depth"": ""3""}",0.5755102040816327,0.6183656848106421,48,0.5625,1.4266281611945797,16.574153985260835,-0.23346485467584419,3.059349639781767,0.556910569105691,0.5957219251336898,49,0.5918367346938775,1.845334353064949,80.5502220815441,-0.19477022653721696,2.6763614711206163,413.56537656515206
NVDA,full_70_30,gradient_boosting,5,0.01,31415,"{""n_estimators"": ""82"", ""learning_rate"": 0.01, ""max_depth"": ""3""}",0.5265306122448979,0.6001085923713859,48,0.5,-0.4934426545223538,-0.8365231589320266,-0.5449764460216563,-0.628220942570669,0.4715447154471545,0.6057486631016042,49,0.3673469387755102,-1.6421724467311614,-0.9962483315187782,-0.7160452759183579,-2.4208598992650083,-1.3913203047685054
NVDA,full_70_30,gradient_boosting,10,0.01,42,"{""n_estimators"": ""302"", ""learning_rate"": 0.01, ""max_depth"": ""6""}",0.55,0.6175595238095238,23,0.6086956521739131,-0.0722950466535841,-0.9170748076421557,-0.5533042450084746,-0.08024810813570035,0.5284552845528455,0.5707986111111112,24,0.4583333333333333,-1.3960268696210283,-0.9997938706489646,-0.6598924502232124,-2.01107140934081,-1.5150860876053038
NVDA,full_70_30,gradient_boosting,10,0.01,7,"{""n_estimators"": ""211"", ""learning_rate"": 0.01930232843638095, ""max_depth"": ""4""}",0.5333333333333333,0.6145070207570208,23,0.6521739130434783,0.04776171124998898,-0.825123019282099,-0.5741046364529513,0.051217341245680094,0.47560975609756095,0.5664583333333333,24,0.375,-2.658395007895244,-0.9999989600242408,-0.7094781996635643,-3.6585768896807322,-1.4094851124367767
NVDA,full_70_30,gradient_boosting,10,0.01,1337,"{""n_estimators"": ""50"", ""learning_rate"": 0.29999999999999993, ""max_depth"": ""3""}",0.5958333333333333,0.6109584859584859,23,0.6521739130434783,0.8245059001538676,29.880124255353536,-0.3308221539555769,2.079804437823256,0.44715447154471544,0.5260416666666667,24,0.3333333333333333,-1.44109144831867,-0.9998155731052616,-0.4778524820832851,-2.800472237814537,-2.0923100969286232
NVDA,full_70_30,gradient_boosting,10,0.01,2024,"{""n_estimators"": ""159"", ""learning_rate"": 0.010643915577153341, ""max_depth"": ""8""}",0.5791666666666667,0.615728021978022,23,0.6086956521739131,0.9386943252627413,59.927686292520384,-0.27593352344238753,2.0882871672530765,0.5772357723577236,0.5713541666666665,24,0.5416666666666666,0.27660593886818935,0.1867691438952397,-0.3772085540924017,0.5678764361774712,0.49513496411719327
NVDA,full_70_30,gradient_boosting,10,0.01,31415,"{""n_estimators"": ""230"", ""learning_rate"": 0.014330613615607907, ""max_depth"": ""5""}",0.5666666666666667,0.6152701465201466,23,0.6956521739130435,0.26701853253531416,-0.31264878469834323,-0.4581956791074517,0.2767119062162208,0.516260162601626,0.5804166666666666,24,0.4583333333333333,-0.9387697395756567,-0.998084537196676,-0.5667591091712306,-1.317814866490467,-1.7610383689397964
NVDA,equal_50_50,gradient_boosting,2,0.005,42,"{""n_estimators"": ""128"", ""learning_rate"": 0.031130714513590885, ""max_depth"": ""4""}",0.5645161290322581,0.5937234944868532,123,0.5609756097560976,0.8020783773711961,0.7633465886879893,-0.42583720642917955,1.370156063666849,0.5447154471544715,0.6264896716101694,122,0.5983606557377049,2.478734482328428,8.682998449665138,-0.26242421558936746,3.9936012232784597,33.087641817521906
NVDA,equal_50_50,gradient_boosting,2,0.005,7,"{""n_estimators"": ""256"", ""learning_rate"": 0.03269113285965747, ""max_depth"": ""3""}",0.5725806451612904,0.5986820643309193,123,0.6097560975609756,2.045323903632995,4.950865564252059,-0.29948687096847804,3.7938488531311294,0.5487804878048781,0.6188095868644068,122,0.6065573770491803,2.4582391042055884,8.492112166924162,-0.2612811380720202,3.9663879600757452,32.50181865245617
NVDA,equal_50_50,gradient_boosting,2,0.005,1337,"{""n_estimators"": ""160"", ""learning_rate"": 0.2999432442576157, ""max_depth"": ""5""}",0.5685483870967742,0.6016506818033536,123,0.6260162601626016,1.5147221066580088,2.5674175954942458,-0.2873009578726157,2.687035750576291,0.5853658536585366,0.6365863347457628,122,0.5819672131147541,2.88213462731572,13.297898211310342,-0.22615431622890908,5.657944298521556,58.80010796632536
NVDA,equal_50_50,gradient_boosting,2,0.005,2024,"{""n_estimators"": ""470"", ""learning_rate"": 0.012444729114797387, ""max_depth"": ""3""}",0.5685483870967742,0.5982905982905983,123,0.5609756097560976,0.9009447692853237,0.9459598052947438,-0.4566362682656519,1.5483320622628232,0.5447154471544715,0.6223516949152542,122,0.6065573770491803,2.413104802229448,8.082312574712695,-0.2612811380720202,3.8211925230413364,30.933394711733328
NVDA,equal_50_50,gradient_boosting,2,0.005,31415,"{""n_estimators"": ""244"", ""learning_rate"": 0.01, ""max_depth"": ""3""}",0.5967741935483871,0.6053043648463495,123,0.6097560975609756,1.9182858218043894,4.267398131417681,-0.2531846506619509,3.4674026974240997,0.5609756097560976,0.6041777012711864,122,0.6065573770491803,2.40548239115159,8.015690182135618,-0.3879065000035559,3.824994674455585,20.663974906484263
NVDA,equal_50_50,gradient_boosting,5,0.01,42,"{""n_estimators"": ""500"", ""learning_rate"": 0.01, ""max_depth"": ""3""}",0.5469387755102041,0.6111714402063255,48,0.625,2.1096029706161383,78.40249382063747,-0.22093670297314266,3.9888004827303614,0.573170731707317,0.6015708556149734,49,0.5306122448979592,0.9963102561439631,6.84086771964469,-0.4033553822716909,1.5188168292692001,16.959901913585572
NVDA,equal_50_50,gradient_boosting,5,0.01,7,"{""n_estimators"": ""50"", ""learning_rate"": 0.08066593401798856, ""max_depth"": ""3""}",0.5795918367346938,0.6218949368806841,48,0.6875,2.353645876136638,131.2849775257132,-0.19762524960931588,4.321721734991992,0.5772357723577236,0.5904745989304813,49,0.5918367346938775,1.807250972134466,74.04187075464381,-0.25903805672445673,3.1473120515061277,285.83394923087855
NVDA,equal_50_50,gradient_boosting,5,0.01,1337,"{""n_estimators"": ""500"", ""learning_rate"": 0.01, ""max_depth"": ""3""}",0.5469387755102041,0.6112393104384417,48,0.625,2.1096029706161383,78.40249382063747,-0.22093670297314266,3.9888004827303614,0.573170731707317,0.6016377005347594,49,0.5306122448979592,0.9963102561439631,6.84086771964469,-0.4033553822716909,1.5188168292692001,16.959901913585572
NVDA,equal_50_50,gradient_boosting,5,0.01,2024,"{""n_estimators"": ""483"", ""learning_rate"": 0.010561741962408552, ""max_depth"": ""3""}",0.5469387755102041,0.6161259671508077,48,0.6458333333333334,2.3308741878218204,125.23898616346466,-0.1490051978879265,4.242563501601867,0.5975609756097561,0.5983288770053476,49,0.5510204081632653,1.0479953482840294,8.079332147576917,-0.4033553822716909,1.5803255406792425,20.030307026211602
NVDA,equal_50_50,gradient_boosting,5,0.01,31415,"{""n_estimators"": ""500"", ""learning_rate"": 0.01, ""max_depth"": ""3""}",0.5469387755102041,0.6111714402063255,48,0.625,2.1096029706161383,78.40249382063747,-0.22093670297314266,3.9888004827303614,0.573170731707317,0.6017045454545454,49,0.5306122448979592,0.9963102561439631,6.84086771964469,-0.4033553822716909,1.5188168292692001,16.959901913585572
NVDA,equal_50_50,gradient_boosting,10,0.01,42,"{""n_estimators"": ""95"", ""learning_rate"": 0.01, ""max_depth"": ""3""}",0.6208333333333333,0.5889423076923077,23,0.6521739130434783,1.9394483547760133,15053.395263258784,-0.1820980454315176,7.68404547343637,0.5975609756097561,0.5670833333333333,24,0.5416666666666666,1.7856400416352658,1924.473546335469,-0.18033082467944014,5.442233311226141,10671.905647614343
NVDA,equal_50_50,gradient_boosting,10,0.01,7,"{""n_estimators"": ""50"", ""learning_rate"": 0.01, ""max_depth"": ""3""}",0.6458333333333334,0.5865384615384616,23,0.6956521739130435,2.2171951278993296,56930.67184884416,-0.18209804543151767,8.044188654011965,0.6097560975609756,0.5675694444444443,24,0.625,2.3071659385278673,16285.036197995778,-0.18033082467944014,6.17502635904834,90306.44775758332
NVDA,equal_50_50,gradient_boosting,10,0.01,1337,"{""n_estimators"": ""50"", ""learning_rate"": 0.01, ""max_depth"": ""3""}",0.6458333333333334,0.5865384615384616,23,0.6956521739130435,2.2171951278993296,56930.67184884416,-0.18209804543151767,8.044188654011965,0.6097560975609756,0.5675694444444443,24,0.625,2.3071659385278673,16285.036197995778,-0.18033082467944014,6.17502635904834,90306.44775758332
NVDA,equal_50_50,gradient_boosting,10,0.01,2024,"{""n_estimators"": ""50"", ""learning_rate"": 0.025716032977524728, ""max_depth"": ""3""}",0.6208333333333333,0.5877594627594628,23,0.6521739130434783,1.9394483547760133,15053.395263258784,-0.1820980454315176,7.68404547343637,0.6016260162601627,0.5525347222222222,24,0.5416666666666666,1.7856400416352658,1924.473546335469,-0.18033082467944014,5.442233311226141,10671.905647614343
NVDA,equal_50_50,gradient_boosting,10,0.01,31415,"{""n_estimators"": ""50"", ""learning_rate"": 0.026487245650703914, ""max_depth"": ""3""}",0.625,0.5908882783882784,23,0.6521739130434783,1.9394483547760133,15053.395263258784,-0.1820980454315176,7.68404547343637,0.6016260162601627,0.5571875000000001,24,0.5416666666666666,1.7856400416352658,1924.473546335469,-0.18033082467944014,5.442233311226141,10671.905647614343
NVDA,news_only,gradient_boosting,2,0.005,42,"{""n_estimators"": ""265"", ""learning_rate"": 0.019850794802593975, ""max_depth"": ""4""}",0.5766129032258065,0.6210934951392967,123,0.6585365853658537,2.7321913086872036,10.299529091737138,-0.1536680018557336,5.293302619331573,0.6178861788617886,0.6236758474576272,122,0.6885245901639344,4.419669634173168,55.09072293049467,-0.14348343795845742,7.6442597193737605,383.9517906341568
NVDA,news_only,gradient_boosting,2,0.005,7,"{""n_estimators"": ""471"", ""learning_rate"": 0.01453604830541804, ""max_depth"": ""4""}",0.5604838709677419,0.6335877862595419,123,0.6504065040650406,2.448185990675172,7.697590909713449,-0.15366800185573326,4.7854121259598665,0.5934959349593496,0.6396649894067796,122,0.6885245901639344,4.474923962955263,57.729279331221996,-0.14348343795845742,7.9537614429617856,402.3410656492374
NVDA,news_only,gradient_boosting,2,0.005,1337,"{""n_estimators"": ""428"", ""learning_rate"": 0.018440114665885965, ""max_depth"": ""4""}",0.5846774193548387,0.6150583936843479,123,0.6666666666666666,2.8337993039578118,11.387397662476186,-0.1274573634290811,5.156842227185933,0.5853658536585366,0.6422139830508474,122,0.6557377049180327,2.42967336209306,8.224649774953487,-0.2604583180853355,3.750000637666523,31.577604568032253
NVDA,news_only,gradient_boosting,2,0.005,2024,"{""n_estimators"": ""87"", ""learning_rate"": 0.10767675724831909, ""max_depth"": ""3""}",0.5766129032258065,0.6334899197494617,123,0.6666666666666666,3.088199182933863,14.575731838783096,-0.13782608256162573,5.81738294094705,0.5934959349593496,0.6458222987288136,122,0.6885245901639344,3.9092087951667596,35.3207153014687,-0.20578424726840952,6.68873711659203,171.6395485578593
NVDA,news_only,gradient_boosting,2,0.005,31415,"{""n_estimators"": ""174"", ""learning_rate"": 0.028187704138468342, ""max_depth"": ""4""}",0.5685483870967742,0.6364911593919227,123,0.6504065040650406,2.553517514362176,8.590017367052901,-0.16603576807543102,5.008832553333364,0.6138211382113821,0.6236096398305084,122,0.680327868852459,4.188142133722412,45.182185985139014,-0.15098335710992208,7.350248265129358,299.2527577211343
NVDA,news_only,gradient_boosting,5,0.01,42,"{""n_estimators"": ""461"", ""learning_rate"": 0.08986608501391223, ""max_depth"": ""3""}",0.5224489795918368,0.5966811456495181,48,0.5416666666666666,0.8439474409229095,3.277955735274438,-0.384494034370851,1.0928426285569608,0.524390243902439,0.5609959893048129,49,0.5510204081632653,0.8270200502960592,3.761296318766324,-0.36961968824843017,1.1467799463076782,10.176125456386044
NVDA,news_only,gradient_boosting,5,0.01,7,"{""n_estimators"": ""423"", ""learning_rate"": 0.01, ""max_depth"": ""6""}",0.5346938775510204,0.5795778471562373,48,0.5625,0.49371016112929894,0.8306035318035665,-0.4259921211692824,0.6069496919248771,0.5203252032520326,0.5610628342245989,49,0.5918367346938775,1.0065997650078917,7.030889362361112,-0.5535610123551467,1.4561339607659918,12.701200419530853
NVDA,news_only,gradient_boosting,5,0.01,1337,"{""n_estimators"": ""163"", ""learning_rate"": 0.29619794721199444, ""max_depth"": ""3""}",0.5387755102040817,0.5931858286955342,48,0.5833333333333334,0.9983947510625655,5.171931596151769,-0.37050389239988973,1.244089865133369,0.5121951219512195,0.540207219251337,49,0.5306122448979592,0.7748040496594341,3.097749834024257,-0.35452889139041155,1.0866119201794502,8.737651314890941
NVDA,news_only,gradient_boosting,5,0.01,2024,"{""n_estimators"": ""497"", ""learning_rate"": 0.09966692863086403, ""max_depth"": ""3""}",0.5306122448979592,0.5960363784444144,48,0.5416666666666666,0.8439474409229095,3.277955735274438,-0.384494034370851,1.0928426285569608,0.516260162601626,0.54725935828877,49,0.5102040816326531,0.3438747623498816,0.16439698758231147,-0.5102813971512092,0.4800288694270468,0.3221692746396485
NVDA,news_only,gradient_boosting,5,0.01,31415,"{""n_estimators"": ""493"", ""learning_rate"": 0.01320469846878127, ""max_depth"": ""7""}",0.5265306122448979,0.5852789466539976,48,0.625,1.681786426860832,28.82869663546812,-0.3331052977187952,1.9785263892391511,0.524390243902439,0.5601270053475935,49,0.5714285714285714,0.9868194626843361,6.71018583164471,-0.44695668885459255,1.6231656055272607,15.013056072257864
NVDA,news_only,gradient_boosting,10,0.01,42,"{""n_estimators"": ""257"", ""learning_rate"": 0.031112010907394815, ""max_depth"": ""4""}",0.5333333333333333,0.5974511599511599,23,0.7391304347826086,1.1364264310443741,135.00538178046307,-0.5262697750828729,1.0832792759185865,0.508130081300813,0.5372569444444444,24,0.5833333333333334,-0.19227744652411705,-0.9093928877537456,-0.4392795600330473,-0.2620202589659077,-2.070191674034028
NVDA,news_only,gradient_boosting,10,0.01,7,"{""n_estimators"": ""500"", ""learning_rate"": 0.01, ""max_depth"": ""4""}",0.5291666666666667,0.6042429792429793,23,0.7391304347826086,1.1364264310443741,135.00538178046307,-0.5262697750828729,1.0832792759185865,0.5040650406504065,0.5392708333333334,24,0.4583333333333333,-0.7366339436865216,-0.9946090914051955,-0.4995530411502699,-1.0625621230515228,-1.9909979711363792
NVDA,news_only,gradient_boosting,10,0.01,1337,"{""n_estimators"": ""430"", ""learning_rate"": 0.01, ""max_depth"": ""5""}",0.5333333333333333,0.5955815018315018,23,0.782608695652174,2.964825746503344,1336300.492987851,-0.16585281194904458,8.92442874014301,0.5121951219512195,0.5464930555555556,24,0.5,-0.9451277350945757,-0.998136609143525,-0.5809754433851637,-1.3676701795027733,-1.7180357973956568
NVDA,news_only,gradient_boosting,10,0.01,2024,"{""n_estimators"": ""500"", ""learning_rate"": 0.01, ""max_depth"": ""4""}",0.5291666666666667,0.6015720390720392,23,0.7391304347826086,1.1364264310443741,135.00538178046307,-0.5262697750828729,1.0832792759185865,0.508130081300813,0.5374652777777778,24,0.5,-0.6183318563631277,-0.9901268055670409,-0.4841933722116044,-0.8858963553524895,-2.0448995430163204
NVDA,news_only,gradient_boosting,10,0.01,31415,"{""n_estimators"": ""500"", ""learning_rate"": 0.011918299335047521, ""max_depth"": ""4""}",0.5333333333333333,0.6065705128205128,23,0.7391304347826086,1.1364264310443741,135.00538178046307,-0.5262697750828729,1.0832792759185865,0.4959349593495935,0.5408680555555555,24,0.5,-0.56616458213131,-0.9870819637748367,-0.4662318660491793,-0.8024679694192325,-2.117148216700222
NVDA,social_only,gradient_boosting,2,0.005,42,"{""n_estimators"": ""500"", ""learning_rate"": 0.02918840009103019, ""max_depth"": ""3""}",0.5725806451612904,0.5679846023357474,123,0.5853658536585366,2.215608606645941,6.001421330554928,-0.29651880160910493,4.749574686263259,0.5528455284552846,0.5988810911016949,122,0.5655737704918032,2.3730916213588236,7.739460880990391,-0.27998313923045964,3.974595655422587,27.642596272984452
NVDA,social_only,gradient_boosting,2,0.005,7,"{""n_estimators"": ""50"", ""learning_rate"": 0.08575888090749037, ""max_depth"": ""3""}",0.532258064516129,0.5655379395837411,123,0.5365853658536586,1.0824025459480537,1.3356248934794754,-0.3135079790921834,2.184180669152184,0.5650406504065041,0.5954382944915254,122,0.5655737704918032,1.5905748799137664,2.9996302210474846,-0.30063645692104296,2.552648288906942,9.977599695552845
NVDA,social_only,gradient_boosting,2,0.005,1337,"{""n_estimators"": ""51"", ""learning_rate"": 0.08670971546216633, ""max_depth"": ""3""}",0.5443548387096774,0.5677562471455601,123,0.5528455284552846,1.2564844445801449,1.7731224172248927,-0.3135079790921834,2.4934929706451534,0.556910569105691,0.5900754766949152,122,0.5491803278688525,1.312898054929065,2.011689777360731,-0.3272578471221987,2.139258472392556,6.147109366668792
NVDA,social_only,gradient_boosting,2,0.005,2024,"{""n_estimators"": ""289"", ""learning_rate"": 0.046003993851319334, ""max_depth"": ""3""}",0.5766129032258065,0.5712141971683956,123,0.5772357723577236,2.0679738882524505,5.089154373063855,-0.2854132813753785,4.509337823573061,0.5609756097560976,0.6001721398305084,122,0.5655737704918032,2.187807308356277,6.285681354805517,-0.300636456921043,3.6841190914237076,20.907914559598282
NVDA,social_only,gradient_boosting,2,0.005,31415,"{""n_estimators"": ""299"", ""learning_rate"": 0.033758700312064856, ""max_depth"": ""3""}",0.5725806451612904,0.5707248646179944,123,0.5772357723577236,2.2756424190682862,6.408317041340514,-0.31350797909218325,4.876909275882365,0.5813008130081301,0.595603813559322,122,0.5737704918032787,2.075873886826432,5.520876428587707,-0.3042320977509249,3.486320414502307,18.146922922996946
NVDA,social_only,gradient_boosting,5,0.01,42,"{""n_estimators"": ""50"", ""learning_rate"": 0.024140590833939816, ""max_depth"": ""4""}",0.5306122448979592,0.5733337858015476,48,0.5,-0.32408599112037834,-0.7517484153096048,-0.5987982603079249,-0.4326558859596598,0.5772357723577236,0.5759692513368984,49,0.5510204081632653,1.0250125896200881,7.601333175911696,-0.2970241430028807,1.6989118788903042,25.591634064029517
NVDA,social_only,gradient_boosting,5,0.01,7,"{""n_estimators"": ""327"", ""learning_rate"": 0.01, ""max_depth"": ""4""}",0.5102040816326531,0.5682435183928329,48,0.5,-0.35269816558923966,-0.7691955971694151,-0.5861071616395299,-0.4561438834630256,0.5487804878048781,0.5739639037433155,49,0.5102040816326531,1.2746832203317933,16.50589011308306,-0.2970241430028805,2.2872127925607266,55.570870253880294
NVDA,social_only,gradient_boosting,5,0.01,1337,"{""n_estimators"": ""51"", ""learning_rate"": 0.09658846842475544, ""max_depth"": ""4""}",0.5142857142857142,0.5753359576489752,48,0.4791666666666667,-0.40622796728070054,-0.7974572846895374,-0.596277753606365,-0.5293457115213172,0.540650406504065,0.5516377005347592,49,0.5102040816326531,1.2746832203317933,16.50589011308306,-0.2970241430028805,2.2872127925607266,55.570870253880294
NVDA,social_only,gradient_boosting,5,0.01,2024,"{""n_estimators"": ""50"", ""learning_rate"": 0.01, ""max_depth"": ""4""}",0.5306122448979592,0.5823944617890593,48,0.4583333333333333,-0.6041539145703004,-0.8745368844308241,-0.5987982603079249,-0.8276695694316992,0.5528455284552846,0.5270721925133689,49,0.5102040816326531,0.49279216888459004,0.8533693444913111,-0.30744596020486203,0.8537906239820183,2.7756726545461228
NVDA,social_only,gradient_boosting,5,0.01,31415,"{""n_estimators"": ""500"", ""learning_rate"": 0.01, ""max_depth"": ""4""}",0.5102040816326531,0.5702117551242025,48,0.5,-0.35269816558923966,-0.7691955971694151,-0.5861071616395299,-0.4561438834630256,0.5447154471544715,0.5643716577540107,49,0.5102040816326531,1.2746832203317933,16.50589011308306,-0.2970241430028805,2.2872127925607266,55.570870253880294
NVDA,social_only,gradient_boosting,10,0.01,42,"{""n_estimators"": ""117"", ""learning_rate"": 0.017173573933653354, ""max_depth"": ""3""}",0.5916666666666667,0.5916514041514042,23,0.6521739130434783,1.3500974368190506,641.5309581208838,-0.294170191594701,2.7185290091819647,0.5813008130081301,0.5480555555555555,24,0.4166666666666667,-0.44945049900013095,-0.9752559323795947,-0.5185390205686219,-0.7522487066691629,-1.880776361459055
NVDA,social_only,gradient_boosting,10,0.01,7,"{""n_estimators"": ""50"", ""learning_rate"": 0.01, ""max_depth"": ""7""}",0.5875,0.5857371794871794,23,0.6086956521739131,1.1145128684879535,168.90393393178567,-0.294170191594701,2.3988063363611207,0.5487804878048781,0.5166319444444445,24,0.4166666666666667,-0.8731143871205279,-0.9972385410956656,-0.46625927393073474,-1.383331350119968,-2.1388068760296886
NVDA,social_only,gradient_boosting,10,0.01,1337,"{""n_estimators"": ""50"", ""learning_rate"": 0.01, ""max_depth"": ""7""}",0.5875,0.5874160561660562,23,0.6086956521739131,1.1145128684879535,168.90393393178567,-0.294170191594701,2.3988063363611207,0.5487804878048781,0.516701388888889,24,0.4166666666666667,-0.8731143871205279,-0.9972385410956656,-0.46625927393073474,-1.383331350119968,-2.1388068760296886
NVDA,social_only,gradient_boosting,10,0.01,2024,"{""n_estimators"": ""175"", ""learning_rate"": 0.01, ""max_depth"": ""3""}",0.5916666666666667,0.5891712454212453,23,0.6521739130434783,1.3500974368190506,641.5309581208838,-0.294170191594701,2.7185290091819647,0.5813008130081301,0.5395833333333334,24,0.4166666666666667,-0.44945049900013095,-0.9752559323795947,-0.5185390205686219,-0.7522487066691629,-1.880776361459055
NVDA,social_only,gradient_boosting,10,0.01,31415,"{""n_estimators"": ""50"", ""learning_rate"": 0.01, ""max_depth"": ""6""}",0.5958333333333333,0.5779532967032968,23,0.6086956521739131,1.1145128684879535,168.90393393178567,-0.294170191594701,2.3988063363611207,0.5365853658536586,0.49506944444444445,24,0.4166666666666667,-0.8731143871205279,-0.9972385410956656,-0.46625927393073474,-1.383331350119968,-2.1388068760296886
NVDA,sentiment_only,gradient_boosting,2,0.005,42,"{""n_estimators"": ""50"", ""learning_rate"": 0.01, ""max_depth"": ""4""}",0.4596774193548387,0.5257062699810792,123,0.4146341463414634,-2.6304423019621357,-0.942783329434693,-0.7785971023858154,-3.0384352063822058,0.46747967479674796,0.5061242055084745,122,0.4344262295081967,-1.4447043405469522,-0.832116553738413,-0.5772053582776144,-2.4473643434186783,-1.4416299880192651
NVDA,sentiment_only,gradient_boosting,2,0.005,7,"{""n_estimators"": ""50"", ""learning_rate"": 0.01391455666826349, ""max_depth"": ""10""}",0.5120967741935484,0.53643896391988,123,0.4959349593495935,-0.9934984641137286,-0.7180224722177361,-0.593561482606375,-1.1295985679163913,0.532520325203252,0.5288665254237288,122,0.5163934426229508,0.20007156482168653,-0.055211441783421744,-0.4145750915533218,0.35204958665922803,-0.13317597440925985
NVDA,sentiment_only,gradient_boosting,2,0.005,1337,"{""n_estimators"": ""50"", ""learning_rate"": 0.016165931659783573, ""max_depth"": ""10""}",0.5120967741935484,0.5407124681933843,123,0.4959349593495935,-0.9934984641137286,-0.7180224722177361,-0.593561482606375,-1.1295985679163913,0.524390243902439,0.5311175847457626,122,0.5163934426229508,0.15639121061873415,-0.09768301923704037,-0.39236198884006934,0.2763841159603864,-0.24896147439210006
NVDA,sentiment_only,gradient_boosting,2,0.005,2024,"{""n_estimators"": ""50"", ""learning_rate"": 0.027903845302247963, ""max_depth"": ""10""}",0.5,0.5309584393553859,123,0.4878048780487805,-0.8629561916306944,-0.6785843682849165,-0.5381350725623559,-0.9886055519309148,0.5365853658536586,0.5380031779661016,122,0.5409836065573771,0.7523961992939557,0.6867356395044188,-0.3923619888400695,1.3054592224925354,1.7502603693456626
NVDA,sentiment_only,gradient_boosting,2,0.005,31415,"{""n_estimators"": ""50"", ""learning_rate"": 0.07358657600798826, ""max_depth"": ""9""}",0.5,0.5280550662230051,123,0.5203252032520326,-0.14989107596373874,-0.34079365776282533,-0.43438576510720883,-0.16977784300864301,0.5447154471544715,0.5375066207627118,122,0.5245901639344263,0.45679140979219407,0.2376876515793782,-0.46434935834426166,0.7994917739313919,0.5118724669436501
NVDA,sentiment_only,gradient_boosting,5,0.01,42,"{""n_estimators"": ""56"", ""learning_rate"": 0.010273623746100765, ""max_depth"": ""10""}",0.46938775510204084,0.5259603637844442,48,0.3958333333333333,-1.5224659343019635,-0.9858307828107484,-0.5628712412673968,-2.1070010484480766,0.4796747967479675,0.5265040106951872,49,0.4489795918367347,0.413900649644899,0.4560766745957512,-0.4585763407605001,0.6724788533502367,0.9945490729840021
NVDA,sentiment_only,gradient_boosting,5,0.01,7,"{""n_estimators"": ""50"", ""learning_rate"": 0.01, ""max_depth"": ""3""}",0.4857142857142857,0.580901316682503,48,0.4791666666666667,-0.7641830491892361,-0.9152577955472663,-0.5431985662605086,-0.988452378204764,0.45528455284552843,0.5386363636363637,49,0.3673469387755102,-1.6421724467311614,-0.9962483315187782,-0.7160452759183579,-2.4208598992650083,-1.3913203047685054
NVDA,sentiment_only,gradient_boosting,5,0.01,1337,"{""n_estimators"": ""59"", ""learning_rate"": 0.010043825733958062, ""max_depth"": ""3""}",0.4897959183673469,0.5810709922627936,48,0.4791666666666667,-0.7641830491892361,-0.9152577955472663,-0.5431985662605086,-0.988452378204764,0.45528455284552843,0.5328542780748662,49,0.3673469387755102,-1.6421724467311614,-0.9962483315187782,-0.7160452759183579,-2.4208598992650083,-1.3913203047685054
NVDA,sentiment_only,gradient_boosting,5,0.01,2024,"{""n_estimators"": ""50"", ""learning_rate"": 0.01, ""max_depth"": ""3""}",0.4857142857142857,0.580901316682503,48,0.4791666666666667,-0.7641830491892361,-0.9152577955472663,-0.5431985662605086,-0.988452378204764,0.45528455284552843,0.5386363636363637,49,0.3673469387755102,-1.6421724467311614,-0.9962483315187782,-0.7160452759183579,-2.4208598992650083,-1.3913203047685054
NVDA,sentiment_only,gradient_boosting,5,0.01,31415,"{""n_estimators"": ""50"", ""learning_rate"": 0.01, ""max_depth"": ""3""}",0.4857142857142857,0.580901316682503,48,0.4791666666666667,-0.7641830491892361,-0.9152577955472663,-0.5431985662605086,-0.988452378204764,0.45528455284552843,0.5386363636363637,49,0.3673469387755102,-1.6421724467311614,-0.9962483315187782,-0.7160452759183579,-2.4208598992650083,-1.3913203047685054
NVDA,sentiment_only,gradient_boosting,10,0.01,42,"{""n_estimators"": ""257"", ""learning_rate"": 0.031112010907394815, ""max_depth"": ""4""}",0.5,0.5500228937728937,23,0.6086956521739131,-0.3419455987244084,-0.9846479528807676,-0.5552492491558441,-0.39212190737369135,0.5284552845528455,0.5376041666666667,24,0.4583333333333333,-1.3339212418380266,-0.9997236998092109,-0.6598924502232124,-1.8944199465775788,-1.5149797508231055
NVDA,sentiment_only,gradient_boosting,10,0.01,7,"{""n_estimators"": ""76"", ""learning_rate"": 0.03147790616894062, ""max_depth"": ""3""}",0.4791666666666667,0.5455967643467644,23,0.6086956521739131,-0.3067918800759853,-0.9809558568811205,-0.5960063405212183,-0.34555052109720985,0.4796747967479675,0.5136458333333334,24,0.5416666666666666,-0.8414982944374387,-0.9969080716397728,-0.4323714617391241,-1.1815009301409178,-2.305675003687611
NVDA,sentiment_only,gradient_boosting,10,0.01,1337,"{""n_estimators"": ""319"", ""learning_rate"": 0.033866509426961615, ""max_depth"": ""4""}",0.5041666666666667,0.5488018925518926,23,0.5652173913043478,-0.4223311878765606,-0.9906619357414895,-0.5749787248349483,-0.488674525918974,0.524390243902439,0.5392013888888889,24,0.4583333333333333,-1.3339212418380266,-0.9997236998092109,-0.6598924502232124,-1.8944199465775788,-1.5149797508231055
NVDA,sentiment_only,gradient_boosting,10,0.01,2024,"{""n_estimators"": ""500"", ""learning_rate"": 0.01, ""max_depth"": ""6""}",0.5041666666666667,0.5455204517704517,23,0.5217391304347826,-0.7429045948484857,-0.9986890341937914,-0.6360683324662759,-0.8931867783104003,0.5284552845528455,0.5302430555555556,24,0.5,0.06965872428419086,-0.6077526550147384,-0.43317693068572893,0.12449490432331634,-1.4030125151232133
NVDA,sentiment_only,gradient_boosting,10,0.01,31415,"{""n_estimators"": ""209"", ""learning_rate"": 0.03038806713423075, ""max_depth"": ""6""}",0.5208333333333334,0.5589896214896215,23,0.5652173913043478,-0.6607975543519206,-0.9978447343826881,-0.619174634660974,-0.7902595129446218,0.516260162601626,0.5355902777777778,24,0.4583333333333333,-0.9200702297654598,-0.997887389358535,-0.554639342927292,-1.3131931882426948,-1.799164451789257
NVDA,technical_only,gradient_boosting,2,0.005,42,"{""n_estimators"": ""222"", ""learning_rate"": 0.01, ""max_depth"": ""4""}",0.5806451612903226,0.58723168265153,123,0.6422764227642277,3.038603551203529,13.918466350494407,-0.1293947403523086,6.746194883519709,0.6178861788617886,0.5904065148305084,122,0.680327868852459,4.55522400808479,61.749071878476364,-0.14348343795845753,8.219278829127825,430.35679070050196
NVDA,technical_only,gradient_boosting,2,0.005,7,"{""n_estimators"": ""185"", ""learning_rate"": 0.01, ""max_depth"": ""4""}",0.5806451612903226,0.5846545312194167,123,0.6422764227642277,3.038603551203529,13.918466350494407,-0.1293947403523086,6.746194883519709,0.6219512195121951,0.593849311440678,122,0.6885245901639344,4.649292637501528,66.74909211153157,-0.14348343795845753,8.275642322111347,465.20415917868723
NVDA,technical_only,gradient_boosting,2,0.005,1337,"{""n_estimators"": ""500"", ""learning_rate"": 0.015841525464664653, ""max_depth"": ""3""}",0.5766129032258065,0.5861225288706204,123,0.6341463414634146,2.75297400072179,10.523104586750755,-0.17666379770609145,5.735177978443289,0.6341463414634146,0.61328125,122,0.6885245901639344,4.674234321420046,68.13242530272673,-0.1434834379584574,8.28739284265915,474.84522445338285
NVDA,technical_only,gradient_boosting,2,0.005,2024,"{""n_estimators"": ""121"", ""learning_rate"": 0.015482194689948799, ""max_depth"": ""4""}",0.5806451612903226,0.5914399425849808,123,0.6422764227642277,3.038603551203529,13.918466350494407,-0.1293947403523086,6.746194883519709,0.6178861788617886,0.6031845868644068,122,0.680327868852459,4.4374361823117185,55.943137154932614,-0.14348343795845753,8.028256075145103,389.8926451088363
NVDA,technical_only,gradient_boosting,2,0.005,31415,"{""n_estimators"": ""194"", ""learning_rate"": 0.017298387820246695, ""max_depth"": ""3""}",0.5766129032258065,0.5840673321589351,123,0.6341463414634146,2.826898315258084,11.329762531536556,-0.16506499154191354,6.353176993904953,0.6178861788617886,0.6017942266949152,122,0.680327868852459,4.637505904586604,66.10409972159442,-0.14348343795845753,8.231881153661416,460.7089198736192
NVDA,technical_only,gradient_boosting,5,0.01,42,"{""n_estimators"": ""324"", ""learning_rate"": 0.12843667959867722, ""max_depth"": ""3""}",0.5795918367346938,0.596273924256821,48,0.625,2.3400889487362377,128.0016677225488,-0.15837529400910255,4.7802287209314125,0.6056910569105691,0.5859291443850267,49,0.6938775510204082,3.231527251839658,2391.5209253331604,-0.2590380567244568,5.254020508148145,9232.314956242364
NVDA,technical_only,gradient_boosting,5,0.01,7,"{""n_estimators"": ""500"", ""learning_rate"": 0.29999999999999993, ""max_depth"": ""8""}",0.5714285714285714,0.5915230080086875,48,0.5625,2.110728753802978,78.82131097113646,-0.16982906759782132,4.501036223824303,0.5813008130081301,0.5316176470588235,49,0.6326530612244898,2.8902164664078134,1113.2845191902827,-0.27002302846933185,5.145371761629155,4122.924350197506
NVDA,technical_only,gradient_boosting,5,0.01,1337,"{""n_estimators"": ""500"", ""learning_rate"": 0.10088115068077094, ""max_depth"": ""3""}",0.5795918367346938,0.5892154201167369,48,0.625,2.3400889487362377,128.0016677225488,-0.15837529400910255,4.7802287209314125,0.6056910569105691,0.5861296791443851,49,0.6938775510204082,3.231527251839658,2391.5209253331604,-0.2590380567244568,5.254020508148145,9232.314956242364
NVDA,technical_only,gradient_boosting,5,0.01,2024,"{""n_estimators"": ""500"", ""learning_rate"": 0.10201350701509686, ""max_depth"": ""3""}",0.5836734693877551,0.5955273517035429,48,0.625,2.3400889487362377,128.0016677225488,-0.15837529400910255,4.7802287209314125,0.6056910569105691,0.5880013368983956,49,0.673469387755102,3.1737176310343016,2107.3144956765545,-0.2590380567244568,5.262484450208955,8135.154047724119
NVDA,technical_only,gradient_boosting,5,0.01,31415,"{""n_estimators"": ""456"", ""learning_rate"": 0.0562626355268168, ""max_depth"": ""3""}",0.5836734693877551,0.5955273517035428,48,0.625,2.3400889487362377,128.0016677225488,-0.15837529400910255,4.7802287209314125,0.6056910569105691,0.5771056149732621,49,0.673469387755102,3.1737176310343016,2107.3144956765545,-0.2590380567244568,5.262484450208955,8135.154047724119
NVDA,technical_only,gradient_boosting,10,0.01,42,"{""n_estimators"": ""183"", ""learning_rate"": 0.013374487869797419, ""max_depth"": ""4""}",0.6625,0.5932539682539681,23,0.6956521739130435,2.3443786504700306,101983.141311433,-0.18209804543151775,9.108168212523596,0.6178861788617886,0.5605208333333334,24,0.625,2.192783371498111,10408.032685854256,-0.18033082467944014,5.993588923222798,57716.32611538151
NVDA,technical_only,gradient_boosting,10,0.01,7,"{""n_estimators"": ""70"", ""learning_rate"": 0.01684555817669768, ""max_depth"": ""3""}",0.675,0.5904685592185592,23,0.6956521739130435,2.3443786504700306,101983.141311433,-0.18209804543151775,9.108168212523596,0.6382113821138211,0.5457291666666666,24,0.5833333333333334,2.0425452368512635,5682.484119633154,-0.18033082467944014,5.830557027678796,31511.44087392966
NVDA,technical_only,gradient_boosting,10,0.01,1337,"{""n_estimators"": ""71"", ""learning_rate"": 0.04271313293576178, ""max_depth"": ""4""}",0.6541666666666667,0.5972603785103785,23,0.6956521739130435,2.3443786504700306,101983.141311433,-0.18209804543151775,9.108168212523596,0.6260162601626016,0.5464583333333334,24,0.625,2.192783371498111,10408.032685854256,-0.18033082467944014,5.993588923222798,57716.32611538151
NVDA,technical_only,gradient_boosting,10,0.01,2024,"{""n_estimators"": ""206"", ""learning_rate"": 0.010430539141411137, ""max_depth"": ""5""}",0.6583333333333333,0.5916132478632479,23,0.6956521739130435,2.3443786504700306,101983.141311433,-0.18209804543151775,9.108168212523596,0.6219512195121951,0.5289930555555555,24,0.625,2.192783371498111,10408.032685854256,-0.18033082467944014,5.993588923222798,57716.32611538151
NVDA,technical_only,gradient_boosting,10,0.01,31415,"{""n_estimators"": ""225"", ""learning_rate"": 0.01, ""max_depth"": ""3""}",0.6625,0.5869200244200243,23,0.6956521739130435,2.3443786504700306,101983.141311433,-0.18209804543151775,9.108168212523596,0.6300813008130082,0.5557291666666667,24,0.625,2.192783371498111,10408.032685854256,-0.18033082467944014,5.993588923222798,57716.32611538151
NVDA,learned_alpha_per_stock,gradient_boosting,2,0.005,42,"{""n_estimators"": ""204"", ""learning_rate"": 0.01, ""max_depth"": ""3""}",0.5725806451612904,0.6052717426763229,123,0.6097560975609756,2.4418215325197057,7.656580881615829,-0.16506499154191345,5.584824885732937,0.6016260162601627,0.5946106991525424,122,0.6557377049180327,3.738785157800622,30.282905503539677,-0.19506598686317608,6.557214366762164,155.24441749437756
NVDA,learned_alpha_per_stock,gradient_boosting,2,0.005,7,"{""n_estimators"": ""50"", ""learning_rate"": 0.01, ""max_depth"": ""5""}",0.5685483870967742,0.5901350557839107,123,0.6016260162601627,2.412811713318259,7.426052922590406,-0.1650649915419135,5.489542373114334,0.5934959349593496,0.5920617055084746,122,0.6475409836065574,3.6395179745616764,27.64737139678297,-0.1849986775529793,6.492993304130922,149.44631908985082
NVDA,learned_alpha_per_stock,gradient_boosting,2,0.005,1337,"{""n_estimators"": ""50"", ""learning_rate"": 0.026557872333109776, ""max_depth"": ""4""}",0.5766129032258065,0.5834801330984536,123,0.6341463414634146,2.7952713549472477,10.980788786917747,-0.1650649915419135,6.301329762139635,0.6016260162601627,0.6066604872881356,122,0.6639344262295082,4.1694201212961355,44.46638344731712,-0.14348343795845753,7.54927683542328,309.9060357070018
NVDA,learned_alpha_per_stock,gradient_boosting,2,0.005,2024,"{""n_estimators"": ""64"", ""learning_rate"": 0.010999643188152245, ""max_depth"": ""4""}",0.5645161290322581,0.5846545312194168,123,0.6097560975609756,2.5920725179210846,8.947299599315363,-0.1650649915419134,5.749776946155472,0.6138211382113821,0.6147709216101696,122,0.680327868852459,4.2785240141274175,48.837260346700575,-0.18499867755297927,7.278504113890634,263.9870781385166
NVDA,learned_alpha_per_stock,gradient_boosting,2,0.005,31415,"{""n_estimators"": ""91"", ""learning_rate"": 0.01063436386066818, ""max_depth"": ""3""}",0.5645161290322581,0.5951262477980035,123,0.6016260162601627,2.65751963644032,9.56536511915514,-0.1650649915419136,6.007065519225783,0.5853658536585366,0.5808395127118644,122,0.639344262295082,3.7239170464032454,29.884268169480645,-0.18499867755297916,6.8156815335831515,161.53773943017788
NVDA,learned_alpha_per_stock,gradient_boosting,5,0.01,42,"{""n_estimators"": ""148"", ""learning_rate"": 0.032075356082114224, ""max_depth"": ""4""}",0.5102040816326531,0.591319397312339,48,0.4583333333333333,-0.318456408610278,-0.7483061654305481,-0.5396609124877252,-0.4300195149603947,0.5121951219512195,0.5650735294117648,49,0.5102040816326531,0.4268895186847152,0.5101712652553554,-0.3612485485406813,0.6750845273002314,1.4122444707840909
NVDA,learned_alpha_per_stock,gradient_boosting,5,0.01,7,"{""n_estimators"": ""159"", ""learning_rate"": 0.0202210052897347, ""max_depth"": ""4""}",0.5061224489795918,0.5950861951947876,48,0.4583333333333333,-0.6057041685032196,-0.8753725174264567,-0.574580920190059,-0.8028797527970416,0.4959349593495935,0.5491644385026738,49,0.5306122448979592,0.8589348651911082,4.306245524188259,-0.3612485485406813,1.3678616284711853,11.920450730069355
NVDA,learned_alpha_per_stock,gradient_boosting,5,0.01,1337,"{""n_estimators"": ""491"", ""learning_rate"": 0.01, ""max_depth"": ""4""}",0.5061224489795918,0.5894529659291435,48,0.4583333333333333,-0.318456408610278,-0.7483061654305481,-0.5396609124877252,-0.4300195149603947,0.5121951219512195,0.5684157754010696,49,0.5306122448979592,0.8589348651911082,4.306245524188259,-0.3612485485406813,1.3678616284711853,11.920450730069355
NVDA,learned_alpha_per_stock,gradient_boosting,5,0.01,2024,"{""n_estimators"": ""500"", ""learning_rate"": 0.01, ""max_depth"": ""4""}",0.5061224489795918,0.5894190308130854,48,0.4583333333333333,-0.318456408610278,-0.7483061654305481,-0.5396609124877252,-0.4300195149603947,0.5121951219512195,0.5664104278074866,49,0.5306122448979592,0.8589348651911082,4.306245524188259,-0.3612485485406813,1.3678616284711853,11.920450730069355
NVDA,learned_alpha_per_stock,gradient_boosting,5,0.01,31415,"{""n_estimators"": ""179"", ""learning_rate"": 0.016611211718441717, ""max_depth"": ""4""}",0.5020408163265306,0.5954594814714267,48,0.4791666666666667,-0.17427626433901988,-0.6418886003018801,-0.5076789138461146,-0.23133057275350827,0.4878048780487805,0.5580882352941177,49,0.5102040816326531,0.8206587949548093,3.7545404505551785,-0.3612485485406813,1.3153528422408043,10.393233317399387
NVDA,learned_alpha_per_stock,gradient_boosting,10,0.01,42,"{""n_estimators"": ""355"", ""learning_rate"": 0.031057683695931464, ""max_depth"": ""3""}",0.5625,0.6061507936507937,23,0.6521739130434783,0.852282564258924,24.84639683438338,-0.4224756484803525,0.896360476762967,0.5447154471544715,0.5854166666666667,24,0.5,-0.8794185559025642,-0.9973915526266974,-0.5329843886828073,-1.3124602816305013,-1.8713335208402713
NVDA,learned_alpha_per_stock,gradient_boosting,10,0.01,7,"{""n_estimators"": ""53"", ""learning_rate"": 0.023134911169795443, ""max_depth"": ""3""}",0.5,0.6257249694749695,23,0.5652173913043478,-0.896863545295357,-0.999509969305764,-0.527399453607107,-0.9913378836305968,0.45121951219512196,0.569548611111111,24,0.4583333333333333,-1.7575415316607739,-0.9999609340244324,-0.5896472560648983,-2.514822476607314,-1.6958629481256735
NVDA,learned_alpha_per_stock,gradient_boosting,10,0.01,1337,"{""n_estimators"": ""500"", ""learning_rate"": 0.012084491659122834, ""max_depth"": ""4""}",0.5541666666666667,0.6092414529914529,23,0.8260869565217391,2.7163278905656445,500197.98225861153,-0.10821843404655533,13.745510718810925,0.524390243902439,0.5645833333333333,24,0.5,-0.623884034048086,-0.9902794803886961,-0.442412792935001,-0.9630286377956586,-2.238360861626773
NVDA,learned_alpha_per_stock,gradient_boosting,10,0.01,2024,"{""n_estimators"": ""55"", ""learning_rate"": 0.01152288551321893, ""max_depth"": ""3""}",0.6708333333333333,0.6266407203907204,23,0.7391304347826086,2.6522512709546175,385675.57919138635,-0.1820980454315176,9.321025610536699,0.6260162601626016,0.5696527777777777,24,0.5833333333333334,2.0425452368512635,5682.484119633154,-0.18033082467944014,5.830557027678796,31511.44087392966
NVDA,learned_alpha_per_stock,gradient_boosting,10,0.01,31415,"{""n_estimators"": ""50"", ""learning_rate"": 0.012816791590859909, ""max_depth"": ""3""}",0.6791666666666667,0.629655067155067,23,0.7391304347826086,2.6522512709546175,385675.57919138635,-0.1820980454315176,9.321025610536699,0.6300813008130082,0.5705208333333334,24,0.5833333333333334,2.0425452368512635,5682.484119633154,-0.18033082467944014,5.830557027678796,31511.44087392966
NVDA,learned_alpha_global,gradient_boosting,2,0.005,42,"{""n_estimators"": ""51"", ""learning_rate"": 0.025792408142840142, ""max_depth"": ""3""}",0.5846774193548387,0.6113394663012984,123,0.6341463414634146,2.7952713549472477,10.980788786917747,-0.1650649915419135,6.301329762139635,0.5975609756097561,0.5799126059322034,122,0.6557377049180327,3.7574972634689234,30.80393137108666,-0.18499867755297922,6.584446854569012,166.508927407144
NVDA,learned_alpha_global,gradient_boosting,2,0.005,7,"{""n_estimators"": ""143"", ""learning_rate"": 0.01, ""max_depth"": ""3""}",0.5846774193548387,0.6113394663012984,123,0.6341463414634146,2.7952713549472477,10.980788786917747,-0.1650649915419135,6.301329762139635,0.5975609756097561,0.5991790254237288,122,0.6557377049180327,3.7574972634689234,30.80393137108666,-0.18499867755297922,6.584446854569012,166.508927407144
NVDA,learned_alpha_global,gradient_boosting,2,0.005,1337,"{""n_estimators"": ""50"", ""learning_rate"": 0.03793541742292022, ""max_depth"": ""3""}",0.5806451612903226,0.6085665818490246,123,0.6260162601626016,2.5803918092211022,8.841021577426476,-0.16506499154191345,5.824996295393606,0.5975609756097561,0.5849774894067797,122,0.6557377049180327,3.715940172321887,29.657207135773103,-0.18499867755297913,6.5342872277069075,160.31037371756346
NVDA,learned_alpha_global,gradient_boosting,2,0.005,2024,"{""n_estimators"": ""50"", ""learning_rate"": 0.034031874324993584, ""max_depth"": ""3""}",0.5766129032258065,0.6055000978665102,123,0.6260162601626016,2.5803918092211022,8.841021577426476,-0.16506499154191345,5.824996295393606,0.5975609756097561,0.599609375,122,0.6557377049180327,4.007412453061988,38.57608450538438,-0.1549061638659782,7.356459100655628,249.02872514976008
NVDA,learned_alpha_global,gradient_boosting,2,0.005,31415,"{""n_estimators"": ""116"", ""learning_rate"": 0.011802102299553877, ""max_depth"": ""3""}",0.5846774193548387,0.6113394663012984,123,0.6341463414634146,2.7952713549472477,10.980788786917747,-0.1650649915419135,6.301329762139635,0.5975609756097561,0.5992452330508475,122,0.6557377049180327,3.7574972634689234,30.80393137108666,-0.18499867755297922,6.584446854569012,166.508927407144
NVDA,learned_alpha_global,gradient_boosting,5,0.01,42,"{""n_estimators"": ""328"", ""learning_rate"": 0.08007296015034582, ""max_depth"": ""3""}",0.5510204081632653,0.6080154744129226,48,0.5,-0.051160695235094755,-0.5150920736131449,-0.5546271299105687,-0.0684185283316035,0.483739837398374,0.5278409090909091,49,0.5102040816326531,0.23913434756108437,-0.1308973733233063,-0.35349910020195885,0.37233906151178137,-0.3702905417539192
NVDA,learned_alpha_global,gradient_boosting,5,0.01,7,"{""n_estimators"": ""255"", ""learning_rate"": 0.028508357886817257, ""max_depth"": ""5""}",0.5591836734693878,0.6041468711822996,48,0.5,-0.31133411478537887,-0.7445547050201771,-0.512263383618889,-0.4039506134444582,0.491869918699187,0.5383355614973262,49,0.5510204081632653,0.18071044407505726,-0.27333333361239276,-0.3575242286838875,0.2673862046311252,-0.764516952091843
NVDA,learned_alpha_global,gradient_boosting,5,0.01,1337,"{""n_estimators"": ""144"", ""learning_rate"": 0.1582733687224673, ""max_depth"": ""3""}",0.5510204081632653,0.6112732455544998,48,0.4791666666666667,-0.5623078157858263,-0.861499846579785,-0.5439475674600187,-0.7444282029634933,0.491869918699187,0.5560160427807487,49,0.5102040816326531,-0.186937146725149,-0.7540579641620848,-0.41673590825493056,-0.2790673481917424,-1.8094384218525361
NVDA,learned_alpha_global,gradient_boosting,5,0.01,2024,"{""n_estimators"": ""499"", ""learning_rate"": 0.06461572078870538, ""max_depth"": ""3""}",0.5510204081632653,0.6102551920727569,48,0.5208333333333334,0.0929135523263418,-0.31007028225320654,-0.5236849072911814,0.12191252010934898,0.483739837398374,0.5265374331550803,49,0.5306122448979592,0.2822913741539337,-0.013740016088657492,-0.3534991002019587,0.4380936808016028,-0.038868602722913974
NVDA,learned_alpha_global,gradient_boosting,5,0.01,31415,"{""n_estimators"": ""50"", ""learning_rate"": 0.29999999999999993, ""max_depth"": ""5""}",0.5551020408163265,0.5989887335414688,48,0.5833333333333334,0.6294731250970318,1.5457700486517068,-0.5178823156597883,0.7716662042079061,0.4959349593495935,0.5549799465240642,49,0.5714285714285714,0.15292512184813642,-0.33029973992632955,-0.3970540282508482,0.22978186369349204,-0.8318760582316898
NVDA,learned_alpha_global,gradient_boosting,10,0.01,42,"{""n_estimators"": ""320"", ""learning_rate"": 0.06189978487730883, ""max_depth"": ""3""}",0.5708333333333333,0.6216040903540904,23,0.6956521739130435,0.8488813641534418,24.324819218581215,-0.4062078151370763,0.8787695298066317,0.491869918699187,0.5011458333333334,24,0.375,-0.8528230941337543,-0.9969739545897516,-0.5362784715349115,-1.290115808340911,-1.8590601851613748
NVDA,learned_alpha_global,gradient_boosting,10,0.01,7,"{""n_estimators"": ""50"", ""learning_rate"": 0.29999999999999993, ""max_depth"": ""3""}",0.5333333333333333,0.6207264957264956,23,0.6086956521739131,-0.33518717934446673,-0.9839603951418306,-0.5621079218942896,-0.38614060714087706,0.44715447154471544,0.5284375,24,0.4166666666666667,-1.9052738581441158,-0.9999794312520534,-0.5977494257920714,-2.6918156217991602,-1.672907389123781
NVDA,learned_alpha_global,gradient_boosting,10,0.01,1337,"{""n_estimators"": ""161"", ""learning_rate"": 0.010005667025167917, ""max_depth"": ""5""}",0.5083333333333333,0.6069520757020757,23,0.6086956521739131,-0.26661375144732874,-0.9754491149699221,-0.5741046364529513,-0.3015837502999094,0.45121951219512196,0.5680555555555555,24,0.375,-2.3313061143818965,-0.9999964521454549,-0.6636128151959068,-3.118972151594507,-1.5068974396617754
NVDA,learned_alpha_global,gradient_boosting,10,0.01,2024,"{""n_estimators"": ""120"", ""learning_rate"": 0.11453732999263445, ""max_depth"": ""3""}",0.5666666666666667,0.6168345543345544,23,0.6521739130434783,0.5009210557488034,2.0804027094958544,-0.448450625140384,0.5599566232248778,0.45121951219512196,0.5086111111111111,24,0.2916666666666667,-3.056372524188943,-0.9999997333464541,-0.7340759734372332,-4.0229173650454495,-1.3622564550969583
NVDA,learned_alpha_global,gradient_boosting,10,0.01,31415,"{""n_estimators"": ""82"", ""learning_rate"": 0.01, ""max_depth"": ""3""}",0.49583333333333335,0.6128281440781441,23,0.6086956521739131,-0.6756662295816706,-0.9981468357783725,-0.4663949256753504,-0.7278797781684713,0.44308943089430897,0.5571527777777777,24,0.4583333333333333,-1.7575415316607739,-0.9999609340244324,-0.5896472560648983,-2.514822476607314,-1.6958629481256735
SPY,full_70_30,gradient_boosting,2,0.0025,42,"{""n_estimators"": ""71"", ""learning_rate"": 0.274381593372823, ""max_depth"": ""5""}",0.5,0.5141491022638564,123,0.4796747967479675,-1.0345820073463756,-0.2658613036645874,-0.34040168875842414,-1.6008925790843533,0.5121951219512195,0.4913405605499736,122,0.5491803278688525,-0.04125149074492403,-0.028016683163269662,-0.08863207127670787,-0.07047648677486462,-0.3161009639028071
SPY,full_70_30,gradient_boosting,2,0.0025,7,"{""n_estimators"": ""52"", ""learning_rate"": 0.013626765089921916, ""max_depth"": ""3""}",0.5040322580645161,0.5802107728337237,123,0.42276422764227645,-1.732727918385008,-0.39553320614803045,-0.2338961466940307,-2.8208111548383887,0.4878048780487805,0.5174841353781068,122,0.36885245901639346,-2.8181174247270446,-0.5346474838878649,-0.31384177826128334,-5.226620570042008,-1.7035574003240375
SPY,full_70_30,gradient_boosting,2,0.0025,1337,"{""n_estimators"": ""72"", ""learning_rate"": 0.010058150324380837, ""max_depth"": ""3""}",0.5040322580645161,0.5798855061150143,123,0.42276422764227645,-1.732727918385008,-0.39553320614803045,-0.2338961466940307,-2.8208111548383887,0.4878048780487805,0.5174510840824961,122,0.36885245901639346,-2.8181174247270446,-0.5346474838878649,-0.31384177826128334,-5.226620570042008,-1.7035574003240375
SPY,full_70_30,gradient_boosting,2,0.0025,2024,"{""n_estimators"": ""164"", ""learning_rate"": 0.01, ""max_depth"": ""3""}",0.5161290322580645,0.5848946135831381,123,0.43089430894308944,-1.3226937048011618,-0.3226348295766013,-0.21376010929903053,-2.1927940479408377,0.4959349593495935,0.48664727657324164,122,0.4098360655737705,-2.178138846142755,-0.4510504427564198,-0.2707576152640126,-4.079084258020628,-1.6658827575970698
SPY,full_70_30,gradient_boosting,2,0.0025,31415,"{""n_estimators"": ""50"", ""learning_rate"": 0.01, ""max_depth"": ""5""}",0.5161290322580645,0.558808222742649,123,0.43089430894308944,-1.3226937048011618,-0.3226348295766013,-0.21376010929903053,-2.1927940479408377,0.491869918699187,0.4994711792702274,122,0.39344262295081966,-2.4114808303843556,-0.4834161612475002,-0.27825519631636764,-4.561727108823312,-1.737312250218935
SPY,full_70_30,gradient_boosting,5,0.005,42,"{""n_estimators"": ""437"", ""learning_rate"": 0.011127077691125708, ""max_depth"": ""3""}",0.5591836734693878,0.5704,48,0.5,-0.1602367918521474,-0.13283587732281188,-0.0767705483009764,-0.23470983248516736,0.491869918699187,0.5521102497846685,49,0.3877551020408163,-1.4018683698962913,-0.6447612131091263,-0.18741827309122336,-2.097223175556474,-3.4402259847698913
SPY,full_70_30,gradient_boosting,5,0.005,7,"{""n_estimators"": ""500"", ""learning_rate"": 0.01, ""max_depth"": ""3""}",0.5591836734693878,0.5688666666666667,48,0.5,-0.21694640365373438,-0.1639296022701262,-0.07981894312014232,-0.31898624751410126,0.4959349593495935,0.5517789703836216,49,0.3877551020408163,-1.3876867517806772,-0.6413029396036544,-0.18588610909423456,-2.0656400449911794,-3.4499777456665535
SPY,full_70_30,gradient_boosting,5,0.005,1337,"{""n_estimators"": ""171"", ""learning_rate"": 0.02450030796007356, ""max_depth"": ""5""}",0.5510204081632653,0.5754333333333334,48,0.5625,0.8136944955165581,0.6105242927237178,-0.0975523368451308,1.1759466728478947,0.524390243902439,0.5706950241833962,49,0.46938775510204084,-0.10725999343552024,-0.11765773604945984,-0.09298433676960398,-0.16155840707889058,-1.2653500593437736
SPY,full_70_30,gradient_boosting,5,0.005,2024,"{""n_estimators"": ""500"", ""learning_rate"": 0.01, ""max_depth"": ""3""}",0.5591836734693878,0.5688666666666667,48,0.5,-0.21694640365373438,-0.1639296022701262,-0.07981894312014232,-0.31898624751410126,0.4959349593495935,0.5517789703836216,49,0.3877551020408163,-1.3876867517806772,-0.6413029396036544,-0.18588610909423456,-2.0656400449911794,-3.4499777456665535
SPY,full_70_30,gradient_boosting,5,0.005,31415,"{""n_estimators"": ""500"", ""learning_rate"": 0.01, ""max_depth"": ""3""}",0.5591836734693878,0.5688666666666667,48,0.5,-0.21694640365373438,-0.1639296022701262,-0.07981894312014232,-0.31898624751410126,0.4959349593495935,0.552043993904459,49,0.3877551020408163,-1.3876867517806772,-0.6413029396036544,-0.18588610909423456,-2.0656400449911794,-3.4499777456665535
SPY,full_70_30,gradient_boosting,10,0.01,42,"{""n_estimators"": ""264"", ""learning_rate"": 0.02673539630868475, ""max_depth"": ""3""}",0.5083333333333333,0.5769740513392856,23,0.5652173913043478,0.7122907676995139,1.2081206083663778,-0.058643508360043534,1.2464809782582915,0.4634146341463415,0.535132077982567,24,0.20833333333333334,-1.9203891511437439,-0.8827578466192753,-0.18403733718120002,-3.540575626291046,-4.7966236641977
SPY,full_70_30,gradient_boosting,10,0.01,7,"{""n_estimators"": ""426"", ""learning_rate"": 0.01, ""max_depth"": ""5""}",0.5083333333333333,0.5886579241071429,23,0.5217391304347826,0.2358129639221939,0.24631356315529818,-0.06419052572365816,0.45385603605935787,0.4796747967479675,0.524253110652738,24,0.2916666666666667,-1.5751210678527183,-0.8352411054183679,-0.15547832743970794,-2.8580130959438184,-5.372074160897192
SPY,full_70_30,gradient_boosting,10,0.01,1337,"{""n_estimators"": ""500"", ""learning_rate"": 0.01, ""max_depth"": ""4""}",0.5,0.5814383370535714,23,0.6086956521739131,0.7977201059280454,1.4401295414019666,-0.058643508360043534,1.397991083013253,0.4959349593495935,0.5390910905582541,24,0.2916666666666667,-1.5751210678527183,-0.8352411054183679,-0.15547832743970794,-2.8580130959438184,-5.372074160897192
SPY,full_70_30,gradient_boosting,10,0.01,2024,"{""n_estimators"": ""500"", ""learning_rate"": 0.01, ""max_depth"": ""4""}",0.49583333333333335,0.5812290736607143,23,0.6086956521739131,0.7977201059280454,1.4401295414019666,-0.058643508360043534,1.397991083013253,0.4959349593495935,0.5388914764788076,24,0.2916666666666667,-1.5751210678527183,-0.8352411054183679,-0.15547832743970794,-2.8580130959438184,-5.372074160897192
SPY,full_70_30,gradient_boosting,10,0.01,31415,"{""n_estimators"": ""50"", ""learning_rate"": 0.29999999999999993, ""max_depth"": ""5""}",0.5541666666666667,0.5893903459821429,23,0.6086956521739131,1.295455628425091,3.2747344211344114,-0.0520686275396395,3.7122747250293657,0.5121951219512195,0.5189300685341672,24,0.375,-0.6629288408600303,-0.5592314096634656,-0.1183100824485198,-1.1833013732409585,-4.72682799377478
SPY,equal_50_50,gradient_boosting,2,0.0025,42,"{""n_estimators"": ""434"", ""learning_rate"": 0.01, ""max_depth"": ""6""}",0.5282258064516129,0.5633944834764508,123,0.4796747967479675,-0.42463092636184446,-0.12886303263835286,-0.11103204006311307,-0.694895207624294,0.5,0.5221774193548386,122,0.5737704918032787,0.9904373944318504,0.2777582102342129,-0.1005636758919621,1.6915951506936948,2.762013299241517
SPY,equal_50_50,gradient_boosting,2,0.0025,7,"{""n_estimators"": ""152"", ""learning_rate"": 0.02959106897893079, ""max_depth"": ""10""}",0.5120967741935484,0.5633619568045798,123,0.44715447154471544,-1.1280339264107002,-0.2847870323407605,-0.24806565119511498,-1.8772303978069955,0.5365853658536586,0.5362903225806451,122,0.5737704918032787,1.677396043742297,0.5244257179155039,-0.06019798194614656,3.1383662528448206,8.711682700337994
SPY,equal_50_50,gradient_boosting,2,0.0025,1337,"{""n_estimators"": ""187"", ""learning_rate"": 0.025699816023781904, ""max_depth"": ""6""}",0.5564516129032258,0.5674928441321884,123,0.4959349593495935,-0.5119722658876411,-0.1499799917337905,-0.11495178950743289,-0.7782968359078394,0.5203252032520326,0.5273003701745108,122,0.5409836065573771,0.011358883867382017,-0.014241567391961585,-0.11467115543617709,0.018034013512143215,-0.12419485386530409
SPY,equal_50_50,gradient_boosting,2,0.0025,2024,"{""n_estimators"": ""50"", ""learning_rate"": 0.09437184279615271, ""max_depth"": ""8""}",0.5524193548387096,0.5711358313817331,123,0.4878048780487805,0.15245375307133346,0.023804262797745723,-0.12002635550887698,0.2552595665287386,0.5365853658536586,0.5508989952406135,122,0.5737704918032787,1.3136321171123264,0.3894113936592196,-0.07182547600560518,2.48474195737169,5.421633316134659
SPY,equal_50_50,gradient_boosting,2,0.0025,31415,"{""n_estimators"": ""171"", ""learning_rate"": 0.029679380312997546, ""max_depth"": ""10""}",0.5443548387096774,0.5695420244600573,123,0.4796747967479675,-0.5349791676570468,-0.15541742134943048,-0.1954641678564858,-0.8837204773208072,0.5447154471544715,0.5455446853516658,122,0.6065573770491803,2.0153588368129576,0.6588510978627009,-0.0439261616227757,3.7084861386142807,14.999059183015136
SPY,equal_50_50,gradient_boosting,5,0.005,42,"{""n_estimators"": ""500"", ""learning_rate"": 0.07435834543112296, ""max_depth"": ""3""}",0.5346938775510204,0.5350999999999999,48,0.5208333333333334,-0.18554564430772275,-0.14694581314202837,-0.1651820322431113,-0.2575633444850607,0.5528455284552846,0.5820247796991983,49,0.4897959183673469,-0.3789181665528424,-0.272774332144998,-0.11734794360200863,-0.5513273989172027,-2.3244917956988296
SPY,equal_50_50,gradient_boosting,5,0.005,7,"{""n_estimators"": ""500"", ""learning_rate"": 0.06596179147674211, ""max_depth"": ""3""}",0.5265306122448979,0.5419333333333334,48,0.5625,0.09246784542033858,0.020006444055065353,-0.14203982221636052,0.12450152170553729,0.5487804878048781,0.5915324985092427,49,0.5102040816326531,-0.09313057415673523,-0.10887452973365463,-0.1368116364466289,-0.13286319719250259,-0.7957987533913264
SPY,equal_50_50,gradient_boosting,5,0.005,1337,"{""n_estimators"": ""108"", ""learning_rate"": 0.01, ""max_depth"": ""4""}",0.5061224489795918,0.5327999999999999,48,0.5208333333333334,0.3276210716919873,0.18571049680410479,-0.10160077576446007,0.4865004133490414,0.5365853658536586,0.5969654806864109,49,0.4489795918367347,-0.4088793628591928,-0.28803578062877266,-0.10614401264548518,-0.6085088075791449,-2.7136319180884505
SPY,equal_50_50,gradient_boosting,5,0.005,2024,"{""n_estimators"": ""50"", ""learning_rate"": 0.03152423598179542, ""max_depth"": ""3""}",0.5061224489795918,0.5291333333333332,48,0.5208333333333334,0.14721122565386902,0.05660596667978446,-0.11910189397207693,0.2204345648327188,0.5365853658536586,0.5984562379911217,49,0.4489795918367347,-0.4088793628591928,-0.28803578062877266,-0.10614401264548518,-0.6085088075791449,-2.7136319180884505
SPY,equal_50_50,gradient_boosting,5,0.005,31415,"{""n_estimators"": ""328"", ""learning_rate"": 0.1074711394263251, ""max_depth"": ""3""}",0.5469387755102041,0.5447666666666667,48,0.5416666666666666,0.3988991308136447,0.24057648693711564,-0.14909978827911308,0.5470429633453893,0.5447154471544715,0.5923275690717551,49,0.46938775510204084,-0.5708609978578049,-0.3654227355922548,-0.1368116364466289,-0.8464884602879582,-2.670991628221687
SPY,equal_50_50,gradient_boosting,10,0.01,42,"{""n_estimators"": ""154"", ""learning_rate"": 0.04980620853579512, ""max_depth"": ""5""}",0.5791666666666667,0.5901227678571428,23,0.5652173913043478,1.2519573729430733,3.0775592533448464,-0.06676675832461267,3.402988160433384,0.516260162601626,0.5444806707033069,24,0.3333333333333333,-0.752211724880115,-0.6012922992061949,-0.15735382781426116,-1.41950854424827,-3.8212753229997944
SPY,equal_50_50,gradient_boosting,10,0.01,7,"{""n_estimators"": ""180"", ""learning_rate"": 0.030203922227889837, ""max_depth"": ""4""}",0.5625,0.5981794084821429,23,0.6086956521739131,1.7453763529424342,5.8176045563713785,-0.032821380105946873,4.623849264897938,0.5040650406504065,0.5530640761195023,24,0.4166666666666667,0.3426190991086111,0.388471199580102,-0.08614707751521604,0.7843289875279953,4.509394988024833
SPY,equal_50_50,gradient_boosting,10,0.01,1337,"{""n_estimators"": ""50"", ""learning_rate"": 0.06598509756927241, ""max_depth"": ""3""}",0.5583333333333333,0.5885184151785714,23,0.6086956521739131,1.6553670987805154,5.230529510217624,-0.055899670773109346,4.382994844828701,0.5203252032520326,0.5471754607758333,24,0.5,0.5267218361207368,0.7071464934310778,-0.08614707751521604,1.2061214301312948,8.20859527482143
SPY,equal_50_50,gradient_boosting,10,0.01,2024,"{""n_estimators"": ""386"", ""learning_rate"": 0.01, ""max_depth"": ""5""}",0.5708333333333333,0.589076450892857,23,0.5217391304347826,1.201236511957128,2.8574172205582458,-0.07167956076035886,3.2561175096238033,0.5121951219512195,0.550968128285315,24,0.4583333333333333,0.40093018436773653,0.48280718611657214,-0.08614707751521604,0.9294868136518146,5.604452293013591
SPY,equal_50_50,gradient_boosting,10,0.01,31415,"{""n_estimators"": ""500"", ""learning_rate"": 0.01, ""max_depth"": ""5""}",0.5708333333333333,0.5850655691964286,23,0.5652173913043478,1.2519573729430733,3.0775592533448464,-0.06676675832461267,3.402988160433384,0.5203252032520326,0.5577217379732518,24,0.4583333333333333,0.40093018436773653,0.48280718611657214,-0.08614707751521604,0.9294868136518146,5.604452293013591
SPY,news_only,gradient_boosting,2,0.0025,42,"{""n_estimators"": ""50"", ""learning_rate"": 0.01, ""max_depth"": ""3""}",0.5080645161290323,0.5338602654176425,123,0.43089430894308944,-1.5408261754031292,-0.36253413512747834,-0.21376010929902917,-2.4976102374885794,0.5121951219512195,0.5351665785298785,122,0.39344262295081966,-2.121902314249444,-0.44290789798188257,-0.2552896614836953,-3.861719862593443,-1.7349229710587788
SPY,news_only,gradient_boosting,2,0.0025,7,"{""n_estimators"": ""50"", ""learning_rate"": 0.01, ""max_depth"": ""3""}",0.5080645161290323,0.5338602654176425,123,0.43089430894308944,-1.5408261754031292,-0.36253413512747834,-0.21376010929902917,-2.4976102374885794,0.508130081300813,0.5287546271813856,122,0.39344262295081966,-2.121902314249444,-0.44290789798188257,-0.2552896614836953,-3.861719862593443,-1.7349229710587788
SPY,news_only,gradient_boosting,2,0.0025,1337,"{""n_estimators"": ""50"", ""learning_rate"": 0.01, ""max_depth"": ""3""}",0.5080645161290323,0.5338602654176425,123,0.43089430894308944,-1.5408261754031292,-0.36253413512747834,-0.21376010929902917,-2.4976102374885794,0.508130081300813,0.5351665785298785,122,0.39344262295081966,-2.121902314249444,-0.44290789798188257,-0.2552896614836953,-3.861719862593443,-1.7349229710587788
SPY,news_only,gradient_boosting,2,0.0025,2024,"{""n_estimators"": ""50"", ""learning_rate"": 0.01, ""max_depth"": ""3""}",0.5080645161290323,0.5338602654176425,123,0.43089430894308944,-1.5408261754031292,-0.36253413512747834,-0.21376010929902917,-2.4976102374885794,0.508130081300813,0.5351665785298785,122,0.39344262295081966,-2.121902314249444,-0.44290789798188257,-0.2552896614836953,-3.861719862593443,-1.7349229710587788
SPY,news_only,gradient_boosting,2,0.0025,31415,"{""n_estimators"": ""50"", ""learning_rate"": 0.01, ""max_depth"": ""3""}",0.5080645161290323,0.5338602654176425,123,0.43089430894308944,-1.5408261754031292,-0.36253413512747834,-0.21376010929902917,-2.4976102374885794,0.508130081300813,0.5351665785298785,122,0.39344262295081966,-2.121902314249444,-0.44290789798188257,-0.2552896614836953,-3.861719862593443,-1.7349229710587788
SPY,news_only,gradient_boosting,5,0.005,42,"{""n_estimators"": ""247"", ""learning_rate"": 0.027133644688516954, ""max_depth"": ""4""}",0.4897959183673469,0.5426333333333334,48,0.4583333333333333,-0.06801302328224768,-0.07948992455805914,-0.11133991843317177,-0.1343483107653368,0.483739837398374,0.5497250380971311,49,0.40816326530612246,-1.243769431083581,-0.6040350486853211,-0.1882087017943397,-1.8589721896066655,-3.2093895921207993
SPY,news_only,gradient_boosting,5,0.005,7,"{""n_estimators"": ""249"", ""learning_rate"": 0.21182973044383427, ""max_depth"": ""10""}",0.47346938775510206,0.5209999999999999,48,0.4166666666666667,0.14973907271060305,0.05877068874764291,-0.15628696892829466,0.32901566204152316,0.5121951219512195,0.5284900284900285,49,0.4489795918367347,-0.09190363270083939,-0.10794729984961171,-0.09193498645224929,-0.14258490930921747,-1.174169965268654
SPY,news_only,gradient_boosting,5,0.005,1337,"{""n_estimators"": ""50"", ""learning_rate"": 0.0870127269579042, ""max_depth"": ""4""}",0.4857142857142857,0.5498666666666667,48,0.3958333333333333,-1.4738599884538444,-0.6234852139229212,-0.18118436918698155,-2.4523630671384153,0.491869918699187,0.5473066984694891,49,0.40816326530612246,-1.243769431083581,-0.6040350486853211,-0.1882087017943397,-1.8589721896066655,-3.2093895921207993
SPY,news_only,gradient_boosting,5,0.005,2024,"{""n_estimators"": ""391"", ""learning_rate"": 0.12337276406462631, ""max_depth"": ""7""}",0.49387755102040815,0.5149333333333332,48,0.4583333333333333,0.1992201343200106,0.09278043558865501,-0.12791015726357644,0.4067319063585939,0.5284552845528455,0.5398860398860399,49,0.46938775510204084,-0.3104106358264529,-0.23638338382062518,-0.08500767676973756,-0.46766841648805174,-2.780729844681238
SPY,news_only,gradient_boosting,5,0.005,31415,"{""n_estimators"": ""367"", ""learning_rate"": 0.1064467809323492, ""max_depth"": ""7""}",0.5142857142857142,0.5235333333333333,48,0.4375,-0.6882527229962042,-0.3823358749451937,-0.18115869539499688,-1.2498754982616462,0.5040650406504065,0.520671834625323,49,0.40816326530612246,-1.042594209249922,-0.5447104889522164,-0.1415043978530954,-1.5796708635219274,-3.849424450522835
SPY,news_only,gradient_boosting,10,0.01,42,"{""n_estimators"": ""60"", ""learning_rate"": 0.05958758776628971, ""max_depth"": ""6""}",0.5291666666666667,0.5717424665178571,23,0.4782608695652174,-0.19851060441632995,-0.2689412019372407,-0.06264873778146321,-0.3784169419812019,0.516260162601626,0.5442810566238605,24,0.4166666666666667,-0.5513740463335589,-0.4999248044436665,-0.1450916487246433,-1.0061408458909573,-3.445579458487165
SPY,news_only,gradient_boosting,10,0.01,7,"{""n_estimators"": ""214"", ""learning_rate"": 0.1299722003523223, ""max_depth"": ""3""}",0.5375,0.571044921875,23,0.5217391304347826,-0.012624378216999892,-0.08100539398011652,-0.06264873778146322,-0.02352791318730554,0.5121951219512195,0.5520327367090292,24,0.4166666666666667,-0.5513740463335589,-0.4999248044436665,-0.1450916487246433,-1.0061408458909573,-3.445579458487165
SPY,news_only,gradient_boosting,10,0.01,1337,"{""n_estimators"": ""50"", ""learning_rate"": 0.29999999999999993, ""max_depth"": ""3""}",0.5,0.5667201450892856,23,0.5652173913043478,-0.07210311564270167,-0.14610140970559993,-0.08894666434779276,-0.12270069207621723,0.4878048780487805,0.5317719076452192,24,0.3333333333333333,-1.5390690215241722,-0.8290847054275252,-0.1525225756031018,-2.8280040562523436,-5.435816318660858
SPY,news_only,gradient_boosting,10,0.01,2024,"{""n_estimators"": ""497"", ""learning_rate"": 0.06425265344859678, ""max_depth"": ""3""}",0.5458333333333333,0.5691615513392858,23,0.5652173913043478,0.4703792209237096,0.6559682272533052,-0.05506854002232175,0.8425040627711272,0.508130081300813,0.546044314325637,24,0.3333333333333333,-1.5390690215241722,-0.8290847054275252,-0.1525225756031018,-2.8280040562523436,-5.435816318660858
SPY,news_only,gradient_boosting,10,0.01,31415,"{""n_estimators"": ""50"", ""learning_rate"": 0.2518510545935415, ""max_depth"": ""3""}",0.5166666666666667,0.5880301339285713,23,0.4782608695652174,0.06697543379692203,0.01387674802981742,-0.06600072963392158,0.14590709580766056,0.5,0.5624792068667243,24,0.4166666666666667,-0.47798841289924016,-0.45638787851915763,-0.1450916487246435,-0.8883964113448033,-3.145514456075246
SPY,social_only,gradient_boosting,2,0.0025,42,"{""n_estimators"": ""57"", ""learning_rate"": 0.011067105560064811, ""max_depth"": ""3""}",0.5524193548387096,0.5731850117096018,123,0.5040650406504065,-0.47749769986225216,-0.1417049829666701,-0.1264355917013877,-0.7365223354588564,0.4796747967479675,0.4997355896351137,122,0.3770491803278688,-3.4331494190824237,-0.6010075970070263,-0.3623607562423668,-5.458412382387107,-1.6585890901636142
SPY,social_only,gradient_boosting,2,0.0025,7,"{""n_estimators"": ""50"", ""learning_rate"": 0.01, ""max_depth"": ""3""}",0.5524193548387096,0.5721766848816028,123,0.5040650406504065,-0.47749769986225216,-0.1417049829666701,-0.1264355917013877,-0.7365223354588564,0.4796747967479675,0.5053212585933369,122,0.3770491803278688,-3.4331494190824237,-0.6010075970070263,-0.3623607562423668,-5.458412382387107,-1.6585890901636142
SPY,social_only,gradient_boosting,2,0.0025,1337,"{""n_estimators"": ""50"", ""learning_rate"": 0.01, ""max_depth"": ""3""}",0.5524193548387096,0.5725019516003123,123,0.5040650406504065,-0.47749769986225216,-0.1417049829666701,-0.1264355917013877,-0.7365223354588564,0.4796747967479675,0.5053212585933369,122,0.3770491803278688,-3.4331494190824237,-0.6010075970070263,-0.3623607562423668,-5.458412382387107,-1.6585890901636142
SPY,social_only,gradient_boosting,2,0.0025,2024,"{""n_estimators"": ""50"", ""learning_rate"": 0.01, ""max_depth"": ""3""}",0.5524193548387096,0.5725019516003123,123,0.5040650406504065,-0.47749769986225216,-0.1417049829666701,-0.1264355917013877,-0.7365223354588564,0.4796747967479675,0.5053212585933369,122,0.3770491803278688,-3.4331494190824237,-0.6010075970070263,-0.3623607562423668,-5.458412382387107,-1.6585890901636142
SPY,social_only,gradient_boosting,2,0.0025,31415,"{""n_estimators"": ""50"", ""learning_rate"": 0.01, ""max_depth"": ""3""}",0.5524193548387096,0.5725019516003123,123,0.5040650406504065,-0.47749769986225216,-0.1417049829666701,-0.1264355917013877,-0.7365223354588564,0.4796747967479675,0.5053212585933369,122,0.3770491803278688,-3.4331494190824237,-0.6010075970070263,-0.3623607562423668,-5.458412382387107,-1.6585890901636142
SPY,social_only,gradient_boosting,5,0.005,42,"{""n_estimators"": ""50"", ""learning_rate"": 0.02128092946622135, ""max_depth"": ""8""}",0.5346938775510204,0.5739333333333333,48,0.3958333333333333,-1.023448656407611,-0.501098279617608,-0.16851084297019223,-1.77187148546204,0.532520325203252,0.5648976346650765,49,0.5102040816326531,0.7310988468981336,0.5923760700293406,-0.0830341640662132,1.4633444507929705,7.13412457018255
SPY,social_only,gradient_boosting,5,0.005,7,"{""n_estimators"": ""50"", ""learning_rate"": 0.01, ""max_depth"": ""7""}",0.49387755102040815,0.5728666666666666,48,0.3125,-2.9553950490774237,-0.8389050882304105,-0.2744246842997628,-4.44005185841503,0.5203252032520326,0.5521102497846684,49,0.5306122448979592,0.9287416038083696,0.8239958432778607,-0.05757454844306635,1.867412482945094,14.311807310007548
SPY,social_only,gradient_boosting,5,0.005,1337,"{""n_estimators"": ""50"", ""learning_rate"": 0.024429241934825093, ""max_depth"": ""10""}",0.5428571428571428,0.5720333333333334,48,0.3958333333333333,-1.4185052758762762,-0.6103867376177208,-0.17423855051174172,-2.403347005230057,0.5447154471544715,0.6008083217385543,49,0.4897959183673469,0.6288440090849907,0.4834033336435548,-0.08032253917275259,1.2889803294290925,6.0182775422958406
SPY,social_only,gradient_boosting,5,0.005,2024,"{""n_estimators"": ""50"", ""learning_rate"": 0.01, ""max_depth"": ""7""}",0.49387755102040815,0.5726,48,0.3125,-2.9553950490774237,-0.8389050882304105,-0.2744246842997628,-4.44005185841503,0.5203252032520326,0.5520771218445637,49,0.5306122448979592,0.9287416038083696,0.8239958432778607,-0.05757454844306635,1.867412482945094,14.311807310007548
SPY,social_only,gradient_boosting,5,0.005,31415,"{""n_estimators"": ""50"", ""learning_rate"": 0.020571575235541102, ""max_depth"": ""8""}",0.5183673469387755,0.5646333333333333,48,0.375,-1.2300936701757135,-0.5619243781484276,-0.1888499902362014,-2.1591721512097592,0.5365853658536586,0.5770887166236004,49,0.4897959183673469,0.514204075501934,0.3694439348011722,-0.0830341640662132,1.0534263518646325,4.4493003446939
SPY,social_only,gradient_boosting,10,0.01,42,"{""n_estimators"": ""484"", ""learning_rate"": 0.01, ""max_depth"": ""6""}",0.5291666666666667,0.5877162388392857,23,0.5652173913043478,0.7030653677819911,1.18425495314921,-0.08159255709737127,1.2161406263090708,0.5,0.5512010113780025,24,0.375,-0.45993689039247715,-0.44493460739517143,-0.10133250292726356,-0.9651132333139459,-4.390838028688044
SPY,social_only,gradient_boosting,10,0.01,7,"{""n_estimators"": ""64"", ""learning_rate"": 0.01, ""max_depth"": ""6""}",0.5208333333333334,0.5867047991071429,23,0.43478260869565216,-0.15056837892796535,-0.22445145178122938,-0.09539747348200721,-0.28556971199234554,0.4796747967479675,0.5775500698649277,24,0.375,-0.852447313244669,-0.6434484083416099,-0.09104661856045992,-1.7526972880651353,-7.067241139925751
SPY,social_only,gradient_boosting,10,0.01,1337,"{""n_estimators"": ""50"", ""learning_rate"": 0.023753232982911023, ""max_depth"": ""6""}",0.525,0.6134207589285715,23,0.4782608695652174,0.2533292814889839,0.27320274602676364,-0.09284431795128097,0.46329934969983627,0.4878048780487805,0.5765852684809368,24,0.375,-0.852447313244669,-0.6434484083416099,-0.09104661856045992,-1.7526972880651353,-7.067241139925751
SPY,social_only,gradient_boosting,10,0.01,2024,"{""n_estimators"": ""52"", ""learning_rate"": 0.010286925620097023, ""max_depth"": ""6""}",0.5166666666666667,0.5878557477678571,23,0.43478260869565216,-0.15056837892796535,-0.22445145178122938,-0.09539747348200721,-0.28556971199234554,0.491869918699187,0.5762858473617672,24,0.4583333333333333,-0.18827989713638202,-0.24261988382391464,-0.07857646445804367,-0.41929112848079925,-3.087691530756806
SPY,social_only,gradient_boosting,10,0.01,31415,"{""n_estimators"": ""422"", ""learning_rate"": 0.01, ""max_depth"": ""6""}",0.5291666666666667,0.5802873883928572,23,0.5652173913043478,0.7030653677819911,1.18425495314921,-0.08159255709737127,1.2161406263090708,0.5284552845528455,0.5604165280457781,24,0.375,-0.45993689039247715,-0.44493460739517143,-0.10133250292726356,-0.9651132333139459,-4.390838028688044
SPY,sentiment_only,gradient_boosting,2,0.0025,42,"{""n_estimators"": ""98"", ""learning_rate"": 0.013030132404499146, ""max_depth"": ""4""}",0.4959677419354839,0.5197111631537861,123,0.3983739837398374,-1.8252815970903356,-0.41076223228696795,-0.2747812421114943,-3.0857554285177784,0.5,0.5114357482813325,122,0.4180327868852459,-2.3109204205831153,-0.46974731194784347,-0.28385031160664936,-4.335946742471849,-1.6549120883080242
SPY,sentiment_only,gradient_boosting,2,0.0025,7,"{""n_estimators"": ""76"", ""learning_rate"": 0.2999390285315809, ""max_depth"": ""7""}",0.4838709677419355,0.5003577933905803,123,0.43902439024390244,-2.508323514269572,-0.5108309485331648,-0.35557594565464784,-3.6469462313435557,0.491869918699187,0.4830446853516658,122,0.5,-0.6438253600588383,-0.17347300998525095,-0.182130364663741,-1.1060356151759012,-0.9524661651313677
SPY,sentiment_only,gradient_boosting,2,0.0025,1337,"{""n_estimators"": ""50"", ""learning_rate"": 0.012088470482739358, ""max_depth"": ""3""}",0.5040322580645161,0.5081967213114754,123,0.3983739837398374,-1.9646783693817629,-0.43293381012840193,-0.2612204519940994,-3.2216103938847493,0.508130081300813,0.523400317292438,122,0.4016393442622951,-2.449650217462724,-0.48849921799712515,-0.2888557384142815,-4.608656607538117,-1.6911528941014553
SPY,sentiment_only,gradient_boosting,2,0.0025,2024,"{""n_estimators"": ""50"", ""learning_rate"": 0.023256001591792808, ""max_depth"": ""3""}",0.5,0.5055620608899298,123,0.3902439024390244,-1.5979589918104633,-0.3725372482828264,-0.2179197970349578,-2.7763800136396046,0.508130081300813,0.4827802749867795,122,0.4016393442622951,-2.449650217462724,-0.48849921799712515,-0.2888557384142815,-4.608656607538117,-1.6911528941014553
SPY,sentiment_only,gradient_boosting,2,0.0025,31415,"{""n_estimators"": ""204"", ""learning_rate"": 0.011371823520940528, ""max_depth"": ""3""}",0.4879032258064516,0.49925188654696856,123,0.4065040650406504,-2.041627916803434,-0.44475967675231265,-0.2726004690732739,-3.41182355674948,0.5040650406504065,0.45819011105235324,122,0.4098360655737705,-2.350485262191999,-0.4751752589125401,-0.2799470413284991,-4.403501127382183,-1.6973755345210229
SPY,sentiment_only,gradient_boosting,5,0.005,42,"{""n_estimators"": ""419"", ""learning_rate"": 0.01, ""max_depth"": ""7""}",0.5469387755102041,0.5428000000000001,48,0.5833333333333334,1.291635785001454,1.1564045651293302,-0.08820859991874147,2.172315978809668,0.46747967479674796,0.475650964023057,49,0.4897959183673469,0.00808148114281137,-0.04210802737514707,-0.13467868531800206,0.013131751429173007,-0.31265546790661036
SPY,sentiment_only,gradient_boosting,5,0.005,7,"{""n_estimators"": ""500"", ""learning_rate"": 0.018065375816387133, ""max_depth"": ""5""}",0.5428571428571428,0.5516666666666666,48,0.5625,0.9194700680995382,0.7197862515756492,-0.06066635468758164,1.4697861497093578,0.47560975609756095,0.46846220102034053,49,0.5102040816326531,0.4079453981314042,0.270720334102861,-0.10538041451888329,0.6432196417232087,2.568981488057728
SPY,sentiment_only,gradient_boosting,5,0.005,1337,"{""n_estimators"": ""302"", ""learning_rate"": 0.020607140642606672, ""max_depth"": ""7""}",0.5346938775510204,0.5475333333333334,48,0.5833333333333334,1.291635785001454,1.1564045651293302,-0.08820859991874147,2.172315978809668,0.45121951219512196,0.47813555953090836,49,0.5102040816326531,0.6644411825508274,0.5205134404009617,-0.11240913460000705,1.3107764674139304,4.630526177904843
SPY,sentiment_only,gradient_boosting,5,0.005,2024,"{""n_estimators"": ""439"", ""learning_rate"": 0.03541616666287237, ""max_depth"": ""5""}",0.5265306122448979,0.5472999999999999,48,0.5625,0.7325382173655778,0.5313613666101005,-0.08820859991874147,1.1740230527420303,0.4959349593495935,0.47071490094745916,49,0.5102040816326531,0.4079453981314042,0.270720334102861,-0.10538041451888329,0.6432196417232087,2.568981488057728
SPY,sentiment_only,gradient_boosting,5,0.005,31415,"{""n_estimators"": ""182"", ""learning_rate"": 0.01, ""max_depth"": ""5""}",0.5551020408163265,0.5475333333333333,48,0.6041666666666666,0.6069892796480899,0.4151039696147676,-0.07652147354022044,0.8098801446613441,0.491869918699187,0.48734512688001064,49,0.3877551020408163,-1.4100300360692957,-0.6467314143026008,-0.21004270655899684,-2.12476277787881,-3.079047232334853
SPY,sentiment_only,gradient_boosting,10,0.01,42,"{""n_estimators"": ""430"", ""learning_rate"": 0.04500215423087293, ""max_depth"": ""3""}",0.525,0.5409458705357142,23,0.6086956521739131,1.1784193790022137,2.760984367147124,-0.09911429429877033,2.7263788183579,0.483739837398374,0.4842637567369752,24,0.4166666666666667,0.30636441027488814,0.33222487969982994,-0.07173331686959018,0.5720610561857961,4.6313887911221014
SPY,sentiment_only,gradient_boosting,10,0.01,7,"{""n_estimators"": ""356"", ""learning_rate"": 0.29999999999999993, ""max_depth"": ""8""}",0.49166666666666664,0.5433872767857142,23,0.4782608695652174,0.048207754230404264,-0.009070735412858966,-0.1061393762281708,0.12098289834643994,0.508130081300813,0.5132410672699448,24,0.375,-0.7435687393726244,-0.5975055664784298,-0.14200287170631426,-1.2583272644561752,-4.2077005859020336
SPY,sentiment_only,gradient_boosting,10,0.01,1337,"{""n_estimators"": ""137"", ""learning_rate"": 0.14145885009678627, ""max_depth"": ""3""}",0.5166666666666667,0.5408063616071428,23,0.5652173913043478,0.6668771566659304,1.094217431540819,-0.09515028446438627,1.7167580056104532,0.47560975609756095,0.49261427906048305,24,0.3333333333333333,-1.1030567048426885,-0.7293703318248358,-0.15833146777109705,-1.9070551749053883,-4.606603741457769
SPY,sentiment_only,gradient_boosting,10,0.01,2024,"{""n_estimators"": ""439"", ""learning_rate"": 0.29999999999999993, ""max_depth"": ""8""}",0.49166666666666664,0.5417131696428572,23,0.4782608695652174,0.048207754230404264,-0.009070735412858966,-0.1061393762281708,0.12098289834643994,0.508130081300813,0.5016634506620534,24,0.375,-0.7435687393726244,-0.5975055664784298,-0.14200287170631426,-1.2583272644561752,-4.2077005859020336
SPY,sentiment_only,gradient_boosting,10,0.01,31415,"{""n_estimators"": ""268"", ""learning_rate"": 0.05464455008781749, ""max_depth"": ""3""}",0.5208333333333334,0.54150390625,23,0.6086956521739131,1.1784193790022137,2.760984367147124,-0.09911429429877033,2.7263788183579,0.483739837398374,0.47611284849291374,24,0.4166666666666667,0.30636441027488814,0.33222487969982994,-0.07173331686959018,0.5720610561857961,4.6313887911221014
SPY,technical_only,gradient_boosting,2,0.0025,42,"{""n_estimators"": ""50"", ""learning_rate"": 0.05282270850873042, ""max_depth"": ""6""}",0.5120967741935484,0.5827803799115274,123,0.4959349593495935,-0.4503231235879041,-0.1351358341497838,-0.17896969786195968,-0.7084544237456285,0.5,0.5276308831306188,122,0.48360655737704916,-1.653944416526484,-0.3696149510663871,-0.234021336098561,-3.0314966200560884,-1.579407062742002
SPY,technical_only,gradient_boosting,2,0.0025,7,"{""n_estimators"": ""153"", ""learning_rate"": 0.01, ""max_depth"": ""6""}",0.5443548387096774,0.590944574551132,123,0.4634146341463415,-0.7866339084435695,-0.2130160966295901,-0.183059713791046,-1.2546544639042634,0.5,0.5193019566367002,122,0.39344262295081966,-2.470177348407985,-0.4912100195804958,-0.3001451823638718,-4.5585491339499935,-1.6365747259770855
SPY,technical_only,gradient_boosting,2,0.0025,1337,"{""n_estimators"": ""266"", ""learning_rate"": 0.010034141799103509, ""max_depth"": ""8""}",0.5120967741935484,0.5724368982565704,123,0.4959349593495935,-0.5427212513983727,-0.15727600662301755,-0.18929660467221146,-0.8416549853095718,0.5,0.5225740349021681,122,0.4918032786885246,-1.6143815631766196,-0.3629451011668977,-0.23010837466231113,-2.9667689696354445,-1.5772789743073334
SPY,technical_only,gradient_boosting,2,0.0025,2024,"{""n_estimators"": ""143"", ""learning_rate"": 0.01, ""max_depth"": ""6""}",0.5443548387096774,0.5891230809263596,123,0.45528455284552843,-0.991638056880676,-0.2569680618833392,-0.18974763561085634,-1.5887289935008395,0.5,0.5194341618191434,122,0.39344262295081966,-2.470177348407985,-0.4912100195804958,-0.3001451823638718,-4.5585491339499935,-1.6365747259770855
SPY,technical_only,gradient_boosting,2,0.0025,31415,"{""n_estimators"": ""276"", ""learning_rate"": 0.010417614394179849, ""max_depth"": ""8""}",0.5080645161290323,0.5722742648972158,123,0.4959349593495935,-0.5427212513983727,-0.15727600662301755,-0.18929660467221146,-0.8416549853095718,0.4959349593495935,0.5245240613432047,122,0.48360655737704916,-1.653944416526484,-0.3696149510663871,-0.234021336098561,-3.0314966200560884,-1.579407062742002
SPY,technical_only,gradient_boosting,5,0.005,42,"{""n_estimators"": ""439"", ""learning_rate"": 0.10078815618292405, ""max_depth"": ""3""}",0.46530612244897956,0.5239,48,0.4375,-1.7254504475032673,-0.677063444680774,-0.20543288074268007,-2.6973426450084212,0.483739837398374,0.5415093089511694,49,0.42857142857142855,-0.3922924828463441,-0.2795886820124044,-0.1187517787802693,-0.5905657177709902,-2.354395739450248
SPY,technical_only,gradient_boosting,5,0.005,7,"{""n_estimators"": ""251"", ""learning_rate"": 0.29960130794454615, ""max_depth"": ""4""}",0.46530612244897956,0.5202333333333333,48,0.4375,-1.7254504475032673,-0.677063444680774,-0.20543288074268007,-2.6973426450084212,0.4878048780487805,0.5387265619823759,49,0.42857142857142855,-0.3922924828463441,-0.2795886820124044,-0.1187517787802693,-0.5905657177709902,-2.354395739450248
SPY,technical_only,gradient_boosting,5,0.005,1337,"{""n_estimators"": ""57"", ""learning_rate"": 0.206771264995877, ""max_depth"": ""3""}",0.46938775510204084,0.5285666666666666,48,0.4375,-1.7254504475032673,-0.677063444680774,-0.20543288074268007,-2.6973426450084212,0.483739837398374,0.543762008878288,49,0.4489795918367347,-0.337313348749608,-0.2508745290692733,-0.1187517787802693,-0.5033508049286393,-2.112595968212615
SPY,technical_only,gradient_boosting,5,0.005,2024,"{""n_estimators"": ""50"", ""learning_rate"": 0.012075481174790905, ""max_depth"": ""3""}",0.5551020408163265,0.5242,48,0.625,2.1822471487465855,2.582246862475073,-0.05705673179875395,3.927043970900539,0.5894308943089431,0.582587954680978,49,0.5714285714285714,1.5658044924521035,1.7847824853230492,-0.11179149668632085,2.1506289026761283,15.965279455297253
SPY,technical_only,gradient_boosting,5,0.005,31415,"{""n_estimators"": ""365"", ""learning_rate"": 0.07818036424650703, ""max_depth"": ""3""}",0.46530612244897956,0.5271666666666667,48,0.4375,-1.7254504475032673,-0.677063444680774,-0.20543288074268007,-2.6973426450084212,0.483739837398374,0.5482011528523156,49,0.42857142857142855,-0.3922924828463441,-0.2795886820124044,-0.1187517787802693,-0.5905657177709902,-2.354395739450248
SPY,technical_only,gradient_boosting,10,0.01,42,"{""n_estimators"": ""101"", ""learning_rate"": 0.011344550827441109, ""max_depth"": ""3""}",0.5,0.55859375,23,0.43478260869565216,-0.45423175978741764,-0.46592874593021694,-0.10795788016221436,-0.9004086969406931,0.47560975609756095,0.5631778561447867,24,0.4583333333333333,-0.1151112949484085,-0.17627040072336753,-0.07857646445804367,-0.27125034923461444,-2.2432976838438443
SPY,technical_only,gradient_boosting,10,0.01,7,"{""n_estimators"": ""78"", ""learning_rate"": 0.01, ""max_depth"": ""8""}",0.49166666666666664,0.5641043526785715,23,0.391304347826087,-1.1344301783028103,-0.7630950034007197,-0.13302185763648997,-2.1590792861515333,0.4796747967479675,0.5415529975380929,24,0.4166666666666667,-0.7629099922249248,-0.6059759812261235,-0.08825510205028513,-1.6369335093713928,-6.866186397709409
SPY,technical_only,gradient_boosting,10,0.01,1337,"{""n_estimators"": ""58"", ""learning_rate"": 0.01016511021776723, ""max_depth"": ""3""}",0.5,0.5622907366071428,23,0.391304347826087,-0.637050014720406,-0.5725102527995645,-0.10795788016221436,-1.2842748656542788,0.4715447154471545,0.5522323507884757,24,0.4583333333333333,-0.1151112949484085,-0.17627040072336753,-0.07857646445804367,-0.27125034923461444,-2.2432976838438443
SPY,technical_only,gradient_boosting,10,0.01,2024,"{""n_estimators"": ""75"", ""learning_rate"": 0.01022679360551635, ""max_depth"": ""3""}",0.5041666666666667,0.5689871651785714,23,0.43478260869565216,-0.45423175978741764,-0.46592874593021694,-0.10795788016221436,-0.9004086969406931,0.47560975609756095,0.5522323507884757,24,0.4583333333333333,-0.1151112949484085,-0.17627040072336753,-0.07857646445804367,-0.27125034923461444,-2.2432976838438443
SPY,technical_only,gradient_boosting,10,0.01,31415,"{""n_estimators"": ""50"", ""learning_rate"": 0.01355856401384884, ""max_depth"": ""8""}",0.49166666666666664,0.5650111607142857,23,0.391304347826087,-1.1344301783028103,-0.7630950034007197,-0.13302185763648997,-2.1590792861515333,0.4796747967479675,0.5386918623993612,24,0.4166666666666667,-0.7629099922249248,-0.6059759812261235,-0.08825510205028513,-1.6369335093713928,-6.866186397709409
SPY,learned_alpha_per_stock,gradient_boosting,2,0.0025,42,"{""n_estimators"": ""499"", ""learning_rate"": 0.24867681839577271, ""max_depth"": ""3""}",0.5282258064516129,0.5661592505854801,123,0.4959349593495935,-0.6638522337068016,-0.18546520256087262,-0.13283400404923748,-0.9607797410948692,0.4878048780487805,0.4669817556848228,122,0.5737704918032787,0.49645705738654944,0.12197229380635632,-0.11202438782273798,0.8109593226586606,1.0888012528071962
SPY,learned_alpha_per_stock,gradient_boosting,2,0.0025,7,"{""n_estimators"": ""160"", ""learning_rate"": 0.010183809014122316, ""max_depth"": ""3""}",0.5201612903225806,0.5745511319281812,123,0.4715447154471545,-0.7214623592814088,-0.1984883936927424,-0.1677383300690098,-1.1588915194339555,0.491869918699187,0.5047593865679534,122,0.4016393442622951,-2.4278871898399506,-0.4856121758529889,-0.29335823049358795,-4.4424781098717885,-1.6553555529562791
SPY,learned_alpha_per_stock,gradient_boosting,2,0.0025,1337,"{""n_estimators"": ""357"", ""learning_rate"": 0.29624191110013437, ""max_depth"": ""3""}",0.5241935483870968,0.5598816029143897,123,0.4959349593495935,-0.5040726831919548,-0.14810614226883057,-0.13154049183349942,-0.7398347250215198,0.4796747967479675,0.4750462718138551,122,0.5573770491803278,0.043522183398943634,-0.0056855036917237145,-0.14632893435378533,0.0716667548787353,-0.03885426841131532
SPY,learned_alpha_per_stock,gradient_boosting,2,0.0025,2024,"{""n_estimators"": ""50"", ""learning_rate"": 0.022340004828980478, ""max_depth"": ""3""}",0.5040322580645161,0.5833333333333334,123,0.45528455284552843,-1.1586439161261042,-0.2908955100321944,-0.16773833006900998,-1.8476142569204217,0.4959349593495935,0.501090692755156,122,0.39344262295081966,-2.4985556948298506,-0.49492783772990956,-0.29658009674922897,-4.578741213127966,-1.6687830476648338
SPY,learned_alpha_per_stock,gradient_boosting,2,0.0025,31415,"{""n_estimators"": ""50"", ""learning_rate"": 0.29999999999999993, ""max_depth"": ""4""}",0.532258064516129,0.565671350507416,123,0.5284552845528455,0.30720494298405815,0.0688202871322543,-0.1504835609803069,0.4688707958690106,0.45121951219512196,0.465858011634056,122,0.4918032786885246,-1.5822486108527185,-0.35748553430040486,-0.2275391245884984,-2.6761779176423306,-1.5710947950024545
SPY,learned_alpha_per_stock,gradient_boosting,5,0.005,42,"{""n_estimators"": ""460"", ""learning_rate"": 0.029451126470712415, ""max_depth"": ""3""}",0.5551020408163265,0.5755666666666668,48,0.5,0.8075143639622481,0.6047416028452612,-0.0761187684948613,1.4857374617848935,0.4878048780487805,0.5118929304975817,49,0.46938775510204084,0.12574074657098183,0.0413916077324592,-0.14199873427990392,0.222836506593604,0.2914927935263791
SPY,learned_alpha_per_stock,gradient_boosting,5,0.005,7,"{""n_estimators"": ""500"", ""learning_rate"": 0.023706367339257184, ""max_depth"": ""3""}",0.5387755102040817,0.5702,48,0.4791666666666667,0.5248978438244636,0.3442046550926341,-0.0761187684948613,0.9846145138956333,0.47560975609756095,0.5045385277943417,49,0.46938775510204084,0.12574074657098183,0.0413916077324592,-0.14199873427990392,0.222836506593604,0.2914927935263791
SPY,learned_alpha_per_stock,gradient_boosting,5,0.005,1337,"{""n_estimators"": ""497"", ""learning_rate"": 0.011408882877489224, ""max_depth"": ""3""}",0.5387755102040817,0.5698000000000001,48,0.5208333333333334,0.1566003800368966,0.0632291651223098,-0.10096652555601122,0.282291268995288,0.508130081300813,0.5458159411647784,49,0.4897959183673469,0.23914938713568057,0.12832670774440458,-0.0909612106701539,0.40098009094461806,1.4107849576644982
SPY,learned_alpha_per_stock,gradient_boosting,5,0.005,2024,"{""n_estimators"": ""65"", ""learning_rate"": 0.015297238460746317, ""max_depth"": ""9""}",0.5142857142857142,0.5415000000000001,48,0.4791666666666667,-0.9951761646216362,-0.49220372922603906,-0.16264362851980238,-1.4792808488789801,0.5040650406504065,0.5372689326177699,49,0.3673469387755102,-1.457819534367306,-0.6580290348710105,-0.19341031706541573,-2.2712904498367186,-3.402243710962173
SPY,learned_alpha_per_stock,gradient_boosting,5,0.005,31415,"{""n_estimators"": ""494"", ""learning_rate"": 0.037169356727830914, ""max_depth"": ""3""}",0.5591836734693878,0.5744,48,0.5208333333333334,1.0924568821964944,0.9122375544010239,-0.0761187684948613,1.9670848467189321,0.483739837398374,0.5105678128933943,49,0.5306122448979592,1.4805321994889025,1.636737281507549,-0.05573948210492052,3.314900084723401,29.364056135768486
SPY,learned_alpha_per_stock,gradient_boosting,10,0.01,42,"{""n_estimators"": ""477"", ""learning_rate"": 0.011787391515458157, ""max_depth"": ""3""}",0.5125,0.5614188058035714,23,0.5217391304347826,-0.7255492474582115,-0.6161741154035731,-0.11565136906361012,-1.1351217714185617,0.47560975609756095,0.5373611018697185,24,0.25,-2.193708272361144,-0.9090616914595331,-0.20195081846019253,-3.856674436425892,-4.501401372823465
SPY,learned_alpha_per_stock,gradient_boosting,10,0.01,7,"{""n_estimators"": ""402"", ""learning_rate"": 0.06538468656895684, ""max_depth"": ""3""}",0.5166666666666667,0.567138671875,23,0.43478260869565216,-1.0831453774653457,-0.74860930231871,-0.18333061363490807,-2.06094722010384,0.4715447154471545,0.5003659591456517,24,0.2916666666666667,-0.8945249553210844,-0.6597475439323301,-0.09695941213927861,-1.7396475692209583,-6.80436823384023
SPY,learned_alpha_per_stock,gradient_boosting,10,0.01,1337,"{""n_estimators"": ""60"", ""learning_rate"": 0.2851504174680215, ""max_depth"": ""4""}",0.5333333333333333,0.5651506696428571,23,0.43478260869565216,-0.7983375437985355,-0.6481011396397143,-0.15787232653882233,-1.4552697346771524,0.483739837398374,0.5087497504824007,24,0.375,-0.7063527713497121,-0.5802099950743344,-0.09695941213927861,-1.378616461435607,-5.984050256419502
SPY,learned_alpha_per_stock,gradient_boosting,10,0.01,2024,"{""n_estimators"": ""347"", ""learning_rate"": 0.018065484208659534, ""max_depth"": ""3""}",0.5125,0.5683244977678571,23,0.5652173913043478,0.08434481510838329,0.03504898371621379,-0.11565136906361012,0.14292451366637648,0.47560975609756095,0.5386253243728791,24,0.25,-2.193708272361144,-0.9090616914595331,-0.20195081846019253,-3.856674436425892,-4.501401372823465
SPY,learned_alpha_per_stock,gradient_boosting,10,0.01,31415,"{""n_estimators"": ""340"", ""learning_rate"": 0.05037397589848298, ""max_depth"": ""3""}",0.5416666666666666,0.5741489955357143,23,0.4782608695652174,-0.6869739849623937,-0.5976905219305086,-0.1475192378867715,-1.2702406842565275,0.4878048780487805,0.5075853350189633,24,0.2916666666666667,-0.8945249553210844,-0.6597475439323301,-0.09695941213927861,-1.7396475692209583,-6.80436823384023
SPY,learned_alpha_global,gradient_boosting,2,0.0025,42,"{""n_estimators"": ""499"", ""learning_rate"": 0.24867681839577271, ""max_depth"": ""3""}",0.5282258064516129,0.5661592505854801,123,0.4959349593495935,-0.6638522337068016,-0.18546520256087262,-0.13283400404923748,-0.9607797410948692,0.4878048780487805,0.4669817556848228,122,0.5737704918032787,0.49645705738654944,0.12197229380635632,-0.11202438782273798,0.8109593226586606,1.0888012528071962
SPY,learned_alpha_global,gradient_boosting,2,0.0025,7,"{""n_estimators"": ""160"", ""learning_rate"": 0.010183809014122316, ""max_depth"": ""3""}",0.5201612903225806,0.5745511319281812,123,0.4715447154471545,-0.7214623592814088,-0.1984883936927424,-0.1677383300690098,-1.1588915194339555,0.491869918699187,0.5047593865679534,122,0.4016393442622951,-2.4278871898399506,-0.4856121758529889,-0.29335823049358795,-4.4424781098717885,-1.6553555529562791
SPY,learned_alpha_global,gradient_boosting,2,0.0025,1337,"{""n_estimators"": ""357"", ""learning_rate"": 0.29624191110013437, ""max_depth"": ""3""}",0.5241935483870968,0.5598816029143897,123,0.4959349593495935,-0.5040726831919548,-0.14810614226883057,-0.13154049183349942,-0.7398347250215198,0.4796747967479675,0.4750462718138551,122,0.5573770491803278,0.043522183398943634,-0.0056855036917237145,-0.14632893435378533,0.0716667548787353,-0.03885426841131532
SPY,learned_alpha_global,gradient_boosting,2,0.0025,2024,"{""n_estimators"": ""50"", ""learning_rate"": 0.022340004828980478, ""max_depth"": ""3""}",0.5040322580645161,0.5833333333333334,123,0.45528455284552843,-1.1586439161261042,-0.2908955100321944,-0.16773833006900998,-1.8476142569204217,0.4959349593495935,0.501090692755156,122,0.39344262295081966,-2.4985556948298506,-0.49492783772990956,-0.29658009674922897,-4.578741213127966,-1.6687830476648338
SPY,learned_alpha_global,gradient_boosting,2,0.0025,31415,"{""n_estimators"": ""50"", ""learning_rate"": 0.29999999999999993, ""max_depth"": ""4""}",0.532258064516129,0.565671350507416,123,0.5284552845528455,0.30720494298405815,0.0688202871322543,-0.1504835609803069,0.4688707958690106,0.45121951219512196,0.465858011634056,122,0.4918032786885246,-1.5822486108527185,-0.35748553430040486,-0.2275391245884984,-2.6761779176423306,-1.5710947950024545
SPY,learned_alpha_global,gradient_boosting,5,0.005,42,"{""n_estimators"": ""460"", ""learning_rate"": 0.029451126470712415, ""max_depth"": ""3""}",0.5551020408163265,0.5755666666666668,48,0.5,0.8075143639622481,0.6047416028452612,-0.0761187684948613,1.4857374617848935,0.4878048780487805,0.5118929304975817,49,0.46938775510204084,0.12574074657098183,0.0413916077324592,-0.14199873427990392,0.222836506593604,0.2914927935263791
SPY,learned_alpha_global,gradient_boosting,5,0.005,7,"{""n_estimators"": ""500"", ""learning_rate"": 0.023706367339257184, ""max_depth"": ""3""}",0.5387755102040817,0.5702,48,0.4791666666666667,0.5248978438244636,0.3442046550926341,-0.0761187684948613,0.9846145138956333,0.47560975609756095,0.5045385277943417,49,0.46938775510204084,0.12574074657098183,0.0413916077324592,-0.14199873427990392,0.222836506593604,0.2914927935263791
SPY,learned_alpha_global,gradient_boosting,5,0.005,1337,"{""n_estimators"": ""497"", ""learning_rate"": 0.011408882877489224, ""max_depth"": ""3""}",0.5387755102040817,0.5698000000000001,48,0.5208333333333334,0.1566003800368966,0.0632291651223098,-0.10096652555601122,0.282291268995288,0.508130081300813,0.5458159411647784,49,0.4897959183673469,0.23914938713568057,0.12832670774440458,-0.0909612106701539,0.40098009094461806,1.4107849576644982
SPY,learned_alpha_global,gradient_boosting,5,0.005,2024,"{""n_estimators"": ""65"", ""learning_rate"": 0.015297238460746317, ""max_depth"": ""9""}",0.5142857142857142,0.5415000000000001,48,0.4791666666666667,-0.9951761646216362,-0.49220372922603906,-0.16264362851980238,-1.4792808488789801,0.5040650406504065,0.5372689326177699,49,0.3673469387755102,-1.457819534367306,-0.6580290348710105,-0.19341031706541573,-2.2712904498367186,-3.402243710962173
SPY,learned_alpha_global,gradient_boosting,5,0.005,31415,"{""n_estimators"": ""494"", ""learning_rate"": 0.037169356727830914, ""max_depth"": ""3""}",0.5591836734693878,0.5744,48,0.5208333333333334,1.0924568821964944,0.9122375544010239,-0.0761187684948613,1.9670848467189321,0.483739837398374,0.5105678128933943,49,0.5306122448979592,1.4805321994889025,1.636737281507549,-0.05573948210492052,3.314900084723401,29.364056135768486
SPY,learned_alpha_global,gradient_boosting,10,0.01,42,"{""n_estimators"": ""477"", ""learning_rate"": 0.011787391515458157, ""max_depth"": ""3""}",0.5125,0.5614188058035714,23,0.5217391304347826,-0.7255492474582115,-0.6161741154035731,-0.11565136906361012,-1.1351217714185617,0.47560975609756095,0.5373611018697185,24,0.25,-2.193708272361144,-0.9090616914595331,-0.20195081846019253,-3.856674436425892,-4.501401372823465
SPY,learned_alpha_global,gradient_boosting,10,0.01,7,"{""n_estimators"": ""402"", ""learning_rate"": 0.06538468656895684, ""max_depth"": ""3""}",0.5166666666666667,0.567138671875,23,0.43478260869565216,-1.0831453774653457,-0.74860930231871,-0.18333061363490807,-2.06094722010384,0.4715447154471545,0.5003659591456517,24,0.2916666666666667,-0.8945249553210844,-0.6597475439323301,-0.09695941213927861,-1.7396475692209583,-6.80436823384023
SPY,learned_alpha_global,gradient_boosting,10,0.01,1337,"{""n_estimators"": ""60"", ""learning_rate"": 0.2851504174680215, ""max_depth"": ""4""}",0.5333333333333333,0.5651506696428571,23,0.43478260869565216,-0.7983375437985355,-0.6481011396397143,-0.15787232653882233,-1.4552697346771524,0.483739837398374,0.5087497504824007,24,0.375,-0.7063527713497121,-0.5802099950743344,-0.09695941213927861,-1.378616461435607,-5.984050256419502
SPY,learned_alpha_global,gradient_boosting,10,0.01,2024,"{""n_estimators"": ""347"", ""learning_rate"": 0.018065484208659534, ""max_depth"": ""3""}",0.5125,0.5683244977678571,23,0.5652173913043478,0.08434481510838329,0.03504898371621379,-0.11565136906361012,0.14292451366637648,0.47560975609756095,0.5386253243728791,24,0.25,-2.193708272361144,-0.9090616914595331,-0.20195081846019253,-3.856674436425892,-4.501401372823465
SPY,learned_alpha_global,gradient_boosting,10,0.01,31415,"{""n_estimators"": ""340"", ""learning_rate"": 0.05037397589848298, ""max_depth"": ""3""}",0.5416666666666666,0.5741489955357143,23,0.4782608695652174,-0.6869739849623937,-0.5976905219305086,-0.1475192378867715,-1.2702406842565275,0.4878048780487805,0.5075853350189633,24,0.2916666666666667,-0.8945249553210844,-0.6597475439323301,-0.09695941213927861,-1.7396475692209583,-6.80436823384023
TSLA,full_70_30,gradient_boosting,2,0.0025,42,"{""n_estimators"": ""500"", ""learning_rate"": 0.01, ""max_depth"": ""3""}",0.5564516129032258,0.6219750195160031,123,0.5934959349593496,2.5770650811129605,9.143204988658228,-0.2558969673947636,4.581701792463084,0.5121951219512195,0.5603505291005291,122,0.5819672131147541,1.2901291039668503,2.6182908447775963,-0.42758174311680347,1.7609441193755002,6.123486063020123
TSLA,full_70_30,gradient_boosting,2,0.0025,7,"{""n_estimators"": ""50"", ""learning_rate"": 0.01, ""max_depth"": ""8""}",0.5645161290322581,0.6372950819672131,123,0.5772357723577236,1.8159248691654117,3.867538376383414,-0.29874708369407976,2.993976343948463,0.5040650406504065,0.5453373015873016,122,0.5409836065573771,-0.7009990265811017,-0.7560716782483663,-0.6710950939202757,-0.8445531809158702,-1.126623760325367
TSLA,full_70_30,gradient_boosting,2,0.0025,1337,"{""n_estimators"": ""50"", ""learning_rate"": 0.01, ""max_depth"": ""8""}",0.5564516129032258,0.6293585740307052,123,0.5691056910569106,1.7829087982380878,3.7122204025691774,-0.29874708369407976,2.948745660916828,0.5040650406504065,0.5447420634920636,122,0.5409836065573771,-0.7009990265811017,-0.7560716782483663,-0.6710950939202757,-0.8445531809158702,-1.126623760325367
TSLA,full_70_30,gradient_boosting,2,0.0025,2024,"{""n_estimators"": ""55"", ""learning_rate"": 0.01, ""max_depth"": ""8""}",0.5604838709677419,0.6395394223263076,123,0.5691056910569106,1.7829087982380878,3.7122204025691774,-0.29874708369407976,2.948745660916828,0.508130081300813,0.5468253968253969,122,0.5409836065573771,-0.6675225827276097,-0.7447929101179458,-0.6954607063181573,-0.8039614295580302,-1.0709345666140628
TSLA,full_70_30,gradient_boosting,2,0.0025,31415,"{""n_estimators"": ""500"", ""learning_rate"": 0.01, ""max_depth"": ""3""}",0.5564516129032258,0.6221051262034869,123,0.5934959349593496,2.5770650811129605,9.143204988658228,-0.2558969673947636,4.581701792463084,0.5121951219512195,0.5603505291005291,122,0.5819672131147541,1.2901291039668503,2.6182908447775963,-0.42758174311680347,1.7609441193755002,6.123486063020123
TSLA,full_70_30,gradient_boosting,5,0.0075,42,"{""n_estimators"": ""50"", ""learning_rate"": 0.011609621407633844, ""max_depth"": ""3""}",0.5061224489795918,0.6021559881048931,48,0.4583333333333333,-0.6667955224065223,-0.9470499471281933,-0.47636413676670547,-0.9821777475251383,0.5121951219512195,0.5471741867090705,49,0.4897959183673469,-0.6112327599572787,-0.953359774500798,-0.5710444743950712,-0.9848994383515437,-1.6695017940778214
TSLA,full_70_30,gradient_boosting,5,0.0075,7,"{""n_estimators"": ""50"", ""learning_rate"": 0.01, ""max_depth"": ""3""}",0.5061224489795918,0.6009394430927277,48,0.4583333333333333,-0.6667955224065223,-0.9470499471281933,-0.47636413676670547,-0.9821777475251383,0.5121951219512195,0.5452527661829987,49,0.4897959183673469,-0.6112327599572787,-0.953359774500798,-0.5710444743950712,-0.9848994383515437,-1.6695017940778214
TSLA,full_70_30,gradient_boosting,5,0.0075,1337,"{""n_estimators"": ""72"", ""learning_rate"": 0.010058150324380837, ""max_depth"": ""3""}",0.5061224489795918,0.6002635847526359,48,0.4583333333333333,-0.6667955224065223,-0.9470499471281933,-0.47636413676670547,-0.9821777475251383,0.5121951219512195,0.5559862187769166,49,0.4897959183673469,-0.6112327599572787,-0.953359774500798,-0.5710444743950712,-0.9848994383515437,-1.6695017940778214
TSLA,full_70_30,gradient_boosting,5,0.0075,2024,"{""n_estimators"": ""50"", ""learning_rate"": 0.01, ""max_depth"": ""3""}",0.5061224489795918,0.6009394430927277,48,0.4583333333333333,-0.6667955224065223,-0.9470499471281933,-0.47636413676670547,-0.9821777475251383,0.5121951219512195,0.54512025442258,49,0.4897959183673469,-0.6112327599572787,-0.953359774500798,-0.5710444743950712,-0.9848994383515437,-1.6695017940778214
TSLA,full_70_30,gradient_boosting,5,0.0075,31415,"{""n_estimators"": ""52"", ""learning_rate"": 0.010794232328421569, ""max_depth"": ""3""}",0.5061224489795918,0.6023587456069207,48,0.4583333333333333,-0.6667955224065223,-0.9470499471281933,-0.47636413676670547,-0.9821777475251383,0.5121951219512195,0.5492943748757703,49,0.4897959183673469,-0.6112327599572787,-0.953359774500798,-0.5710444743950712,-0.9848994383515437,-1.6695017940778214
TSLA,full_70_30,gradient_boosting,10,0.01,42,"{""n_estimators"": ""333"", ""learning_rate"": 0.02891912675381008, ""max_depth"": ""5""}",0.5458333333333333,0.5821692098287843,23,0.43478260869565216,0.6395477624229357,10.443176422885383,-0.2859045173464699,1.513911433714112,0.4959349593495935,0.5338652012711864,24,0.4166666666666667,-0.542698788583329,-0.9900566567578487,-0.62312438524551,-1.528004926673575,-1.5888587899954647
TSLA,full_70_30,gradient_boosting,10,0.01,7,"{""n_estimators"": ""50"", ""learning_rate"": 0.15055431288070978, ""max_depth"": ""4""}",0.5791666666666667,0.5821692098287843,23,0.5217391304347826,1.2682074439327533,827.3758341841785,-0.28409969408414576,3.7111880201048573,0.516260162601626,0.5322431144067796,24,0.4166666666666667,-0.7119651576474741,-0.9961664742115773,-0.62312438524551,-2.026675750664012,-1.5986639229647375
TSLA,full_70_30,gradient_boosting,10,0.01,1337,"{""n_estimators"": ""50"", ""learning_rate"": 0.01, ""max_depth"": ""8""}",0.5916666666666667,0.581631922057454,23,0.6521739130434783,1.8128349057882598,23747.198492106145,-0.23709995623239208,4.786655583130359,0.5365853658536586,0.5580971927966102,24,0.5833333333333334,1.7049596023484261,2255.624647784643,-0.22933775314940028,4.884998845394591,9835.383040119148
TSLA,full_70_30,gradient_boosting,10,0.01,2024,"{""n_estimators"": ""50"", ""learning_rate"": 0.01, ""max_depth"": ""8""}",0.5916666666666667,0.5817035604269646,23,0.6521739130434783,1.8128349057882598,23747.198492106145,-0.23709995623239208,4.786655583130359,0.5365853658536586,0.555614406779661,24,0.5833333333333334,1.7049596023484261,2255.624647784643,-0.22933775314940028,4.884998845394591,9835.383040119148
TSLA,full_70_30,gradient_boosting,10,0.01,31415,"{""n_estimators"": ""178"", ""learning_rate"": 0.06257348783938317, ""max_depth"": ""3""}",0.5666666666666667,0.5822766673830503,23,0.43478260869565216,0.6395477624229357,10.443176422885383,-0.2859045173464699,1.513911433714112,0.5528455284552846,0.5749139300847458,24,0.5,0.12299827721600057,-0.555166168967955,-0.5628090690962182,0.3334674967203355,-0.9864200835630874
TSLA,equal_50_50,gradient_boosting,2,0.0025,42,"{""n_estimators"": ""421"", ""learning_rate"": 0.01, ""max_depth"": ""3""}",0.5645161290322581,0.5887327608639084,123,0.5934959349593496,0.9026055709914657,0.9407377115268896,-0.3124986181315437,1.2296516276594442,0.556910569105691,0.5891534391534392,122,0.5983606557377049,2.2412080028210006,11.572542864016713,-0.23453306586562278,3.7348632521890828,49.342905322558124
TSLA,equal_50_50,gradient_boosting,2,0.0025,7,"{""n_estimators"": ""435"", ""learning_rate"": 0.01, ""max_depth"": ""3""}",0.5645161290322581,0.5877894873796512,123,0.5934959349593496,0.9026055709914657,0.9407377115268896,-0.3124986181315437,1.2296516276594442,0.556910569105691,0.5902116402116401,122,0.5983606557377049,2.2412080028210006,11.572542864016713,-0.23453306586562278,3.7348632521890828,49.342905322558124
TSLA,equal_50_50,gradient_boosting,2,0.0025,1337,"{""n_estimators"": ""140"", ""learning_rate"": 0.2620835681773928, ""max_depth"": ""3""}",0.5806451612903226,0.584504293520687,123,0.5853658536585366,1.077834661515512,1.3181694014094596,-0.32142176690805496,1.470150532848148,0.573170731707317,0.5972883597883598,122,0.5573770491803278,0.44658455899813443,0.1692800140352524,-0.5617991274447833,0.613897960689586,0.30131768770304856
TSLA,equal_50_50,gradient_boosting,2,0.0025,2024,"{""n_estimators"": ""114"", ""learning_rate"": 0.2991991885000798, ""max_depth"": ""6""}",0.5645161290322581,0.5766328389279209,123,0.5691056910569106,1.1790692522337292,1.5745503774563976,-0.3577686492898041,1.7543535572486608,0.5487804878048781,0.5785714285714286,122,0.5491803278688525,0.5379248240778649,0.3224356808958424,-0.449643883272012,0.7349804331581175,0.7170912201663043
TSLA,equal_50_50,gradient_boosting,2,0.0025,31415,"{""n_estimators"": ""225"", ""learning_rate"": 0.15670150102229213, ""max_depth"": ""6""}",0.5524193548387096,0.5739005984907625,123,0.5528455284552846,0.9767011477199281,1.097497808487815,-0.274330888337528,1.4391550258782286,0.540650406504065,0.5719907407407407,122,0.5491803278688525,0.15293517264342882,-0.21626506871740137,-0.47960914114034525,0.2015286097599535,-0.4509194053374328
TSLA,equal_50_50,gradient_boosting,5,0.0075,42,"{""n_estimators"": ""386"", ""learning_rate"": 0.024846284851198254, ""max_depth"": ""4""}",0.5959183673469388,0.6328399567450662,48,0.625,1.5749471392372694,41.22372512323054,-0.3392019042490698,2.0108927759916506,0.540650406504065,0.5698005698005698,49,0.5714285714285714,1.1210396229442792,12.128691166602975,-0.3295159906448397,1.7219895289919769,36.80759511205503
TSLA,equal_50_50,gradient_boosting,5,0.0075,7,"{""n_estimators"": ""50"", ""learning_rate"": 0.01991056357585445, ""max_depth"": ""10""}",0.5795918367346938,0.6314206542308732,48,0.625,1.3819631136608561,23.496850563810074,-0.33920190424906976,1.8414508253922637,0.508130081300813,0.5214006493076261,49,0.5306122448979592,0.7927270137255202,3.639880455357858,-0.43799006290430587,1.2940841146997981,8.310417892181988
TSLA,equal_50_50,gradient_boosting,5,0.0075,1337,"{""n_estimators"": ""50"", ""learning_rate"": 0.042455029161435225, ""max_depth"": ""10""}",0.563265306122449,0.6237158691538254,48,0.5833333333333334,1.1651669321857616,12.122067037162262,-0.3392019042490698,1.5780068524788398,0.516260162601626,0.5414099251308554,49,0.5306122448979592,1.2609134325101667,20.228501859300913,-0.32951599064483983,2.6628534436202504,61.388528731838306
TSLA,equal_50_50,gradient_boosting,5,0.0075,2024,"{""n_estimators"": ""65"", ""learning_rate"": 0.015691151284338508, ""max_depth"": ""9""}",0.5795918367346938,0.6318937550689376,48,0.6458333333333334,1.527049663321655,35.931082779161166,-0.33920190424906976,1.982445814844484,0.491869918699187,0.5290200755317035,49,0.5714285714285714,0.6929115962814186,2.2980010536194833,-0.45647414766094857,1.0009839799616778,5.034241403143711
TSLA,equal_50_50,gradient_boosting,5,0.0075,31415,"{""n_estimators"": ""180"", ""learning_rate"": 0.01, ""max_depth"": ""10""}",0.5918367346938775,0.629595836712625,48,0.6041666666666666,1.4721087839537188,30.642841073888583,-0.33920190424906976,1.9313985260861597,0.508130081300813,0.5395878884250978,49,0.5102040816326531,0.5022533198003266,0.8156267654707376,-0.43853002366125776,0.8382036873055132,1.8599108874259611
TSLA,equal_50_50,gradient_boosting,10,0.01,42,"{""n_estimators"": ""50"", ""learning_rate"": 0.02901900962530517, ""max_depth"": ""3""}",0.6291666666666667,0.6372591159825203,23,0.6956521739130435,1.8762128765278228,34284.99072505519,-0.23709995623239208,5.005743648005983,0.540650406504065,0.5623675847457628,24,0.5833333333333334,1.7948732429680407,3460.5432815392996,-0.29694311335342094,5.018118515364496,11653.893038497814
TSLA,equal_50_50,gradient_boosting,10,0.01,7,"{""n_estimators"": ""199"", ""learning_rate"": 0.01, ""max_depth"": ""3""}",0.6208333333333333,0.6170212765957447,23,0.6521739130434783,1.811812487400276,23605.945548776475,-0.23709995623239208,4.787765041369671,0.540650406504065,0.5676641949152542,24,0.5833333333333334,1.7948732429680407,3460.5432815392996,-0.29694311335342094,5.018118515364496,11653.893038497814
TSLA,equal_50_50,gradient_boosting,10,0.01,1337,"{""n_estimators"": ""55"", ""learning_rate"": 0.031215697537746875, ""max_depth"": ""3""}",0.625,0.6406619385342789,23,0.6521739130434783,1.811812487400276,23605.945548776475,-0.23709995623239208,4.787765041369671,0.540650406504065,0.5733249470338984,24,0.5833333333333334,1.7948732429680407,3460.5432815392996,-0.29694311335342094,5.018118515364496,11653.893038497814
TSLA,equal_50_50,gradient_boosting,10,0.01,2024,"{""n_estimators"": ""62"", ""learning_rate"": 0.023607785960010737, ""max_depth"": ""3""}",0.6333333333333333,0.6457482627695394,23,0.6521739130434783,1.811812487400276,23605.945548776475,-0.23709995623239208,4.787765041369671,0.5447154471544715,0.5699483580508474,24,0.5833333333333334,1.7948732429680407,3460.5432815392996,-0.29694311335342094,5.018118515364496,11653.893038497814
TSLA,equal_50_50,gradient_boosting,10,0.01,31415,"{""n_estimators"": ""253"", ""learning_rate"": 0.010019596072206304, ""max_depth"": ""3""}",0.6166666666666667,0.6206031950712803,23,0.6521739130434783,1.811812487400276,23605.945548776475,-0.23709995623239208,4.787765041369671,0.556910569105691,0.5712725105932204,24,0.5833333333333334,1.0767238410792133,85.26256037008096,-0.47651498253426805,1.8898120997413075,178.92944292459765
TSLA,news_only,gradient_boosting,2,0.0025,42,"{""n_estimators"": ""298"", ""learning_rate"": 0.0770118795890656, ""max_depth"": ""6""}",0.532258064516129,0.5835284933645589,123,0.4715447154471545,-0.4568159281236124,-0.5181252916580561,-0.5044966778405903,-0.692758677937967,0.508130081300813,0.5164021164021164,122,0.5491803278688525,0.5306627575835107,0.3016342506901575,-0.37175434120309925,0.672621684535655,0.8113805738326717
TSLA,news_only,gradient_boosting,2,0.0025,7,"{""n_estimators"": ""75"", ""learning_rate"": 0.01, ""max_depth"": ""9""}",0.5524193548387096,0.5995316159250585,123,0.4959349593495935,-0.16547893791320376,-0.350041351380201,-0.49980367558417876,-0.24376828509508053,0.516260162601626,0.5341269841269841,122,0.5409836065573771,0.19358505033562115,-0.17010225896443276,-0.46746173778489614,0.2651007986698071,-0.36388488129632934
TSLA,news_only,gradient_boosting,2,0.0025,1337,"{""n_estimators"": ""59"", ""learning_rate"": 0.01, ""max_depth"": ""9""}",0.5524193548387096,0.5995641425969295,123,0.5040650406504065,-0.15965376555929175,-0.3461343323426105,-0.49980367558417876,-0.23545780056740143,0.5121951219512195,0.5322420634920635,122,0.5245901639344263,0.06347309350264167,-0.30400563564407523,-0.47061851931686727,0.08777717389730116,-0.6459704052559572
TSLA,news_only,gradient_boosting,2,0.0025,2024,"{""n_estimators"": ""50"", ""learning_rate"": 0.010695930986782133, ""max_depth"": ""9""}",0.5524193548387096,0.599759302628155,123,0.4959349593495935,-0.16547893791320376,-0.350041351380201,-0.49980367558417876,-0.24376828509508053,0.508130081300813,0.5310515873015873,122,0.5163934426229508,0.02817972220719272,-0.33644529698289105,-0.48271095606775033,0.039121111415988535,-0.696991217526187
TSLA,news_only,gradient_boosting,2,0.0025,31415,"{""n_estimators"": ""50"", ""learning_rate"": 0.012385445542197561, ""max_depth"": ""10""}",0.5685483870967742,0.5965716887848036,123,0.5365853658536586,0.862759672576215,0.8675086632252471,-0.23336453705911075,1.29234536991582,0.516260162601626,0.5321759259259259,122,0.5409836065573771,0.11590000231382455,-0.25287761581941604,-0.4524634197192679,0.15944139634707896,-0.5588907407726234
TSLA,news_only,gradient_boosting,5,0.0075,42,"{""n_estimators"": ""232"", ""learning_rate"": 0.03154774240986443, ""max_depth"": ""3""}",0.5591836734693878,0.6082049202487159,48,0.625,2.2414363473380288,271.403823380487,-0.1639864677601755,4.776981472584966,0.5447154471544715,0.5545948452925197,49,0.5102040816326531,0.7276895826263522,2.74357687448255,-0.3422839948878067,1.1364491717685894,8.015498578546845
TSLA,news_only,gradient_boosting,5,0.0075,7,"{""n_estimators"": ""498"", ""learning_rate"": 0.017749645061956976, ""max_depth"": ""3""}",0.5510204081632653,0.6055690727223575,48,0.5833333333333334,1.7170441200175275,65.69715161149544,-0.23377131887773897,3.772668578719752,0.5447154471544715,0.5551248923341947,49,0.5306122448979592,0.5800477835317775,1.3084112029091823,-0.488984561985736,0.8764020295355077,2.675772007189359
TSLA,news_only,gradient_boosting,5,0.0075,1337,"{""n_estimators"": ""498"", ""learning_rate"": 0.019154150460370317, ""max_depth"": ""3""}",0.5510204081632653,0.6102662881859963,48,0.5833333333333334,1.7170441200175275,65.69715161149544,-0.23377131887773897,3.772668578719752,0.5487804878048781,0.5556549393758695,49,0.5306122448979592,0.5800477835317775,1.3084112029091823,-0.488984561985736,0.8764020295355077,2.675772007189359
TSLA,news_only,gradient_boosting,5,0.0075,2024,"{""n_estimators"": ""294"", ""learning_rate"": 0.030228360205162407, ""max_depth"": ""3""}",0.5469387755102041,0.6055014868883483,48,0.625,2.2414363473380288,271.403823380487,-0.1639864677601755,4.776981472584966,0.5284552845528455,0.5537666467899025,49,0.5102040816326531,0.7276895826263522,2.74357687448255,-0.3422839948878067,1.1364491717685894,8.015498578546845
TSLA,news_only,gradient_boosting,5,0.0075,31415,"{""n_estimators"": ""50"", ""learning_rate"": 0.01699507513908551, ""max_depth"": ""10""}",0.563265306122449,0.5959718842930521,48,0.625,1.9278343218728164,116.62837495944191,-0.28999681792816084,3.6080550514135603,0.532520325203252,0.5391903531438416,49,0.4897959183673469,-0.5714694332859788,-0.9469865704286866,-0.630754669687492,-0.8888290919826716,-1.5013548308693012
TSLA,news_only,gradient_boosting,10,0.01,42,"{""n_estimators"": ""319"", ""learning_rate"": 0.04555636200065776, ""max_depth"": ""4""}",0.6166666666666667,0.6038039974210188,23,0.7391304347826086,3.059853312003049,13272244.889472984,-0.13354050471018816,9.526002715756043,0.524390243902439,0.542041843220339,24,0.5,0.5066920960347986,3.010645310982425,-0.34430531508082346,1.4616669818198411,8.744115118512461
TSLA,news_only,gradient_boosting,10,0.01,7,"{""n_estimators"": ""485"", ""learning_rate"": 0.01742169521713676, ""max_depth"": ""4""}",0.5958333333333333,0.6037681782362634,23,0.8695652173913043,3.84229912898743,263102481.61541674,-0.06516147917942235,21.360106782837928,0.508130081300813,0.5393273305084746,24,0.4166666666666667,-0.3801452905884616,-0.9763270063091554,-0.40245859509158505,-0.7701680770190495,-2.4259067099485816
TSLA,news_only,gradient_boosting,10,0.01,1337,"{""n_estimators"": ""221"", ""learning_rate"": 0.0587275690245521, ""max_depth"": ""6""}",0.5666666666666667,0.5933447954724551,23,0.6956521739130435,1.788192096903585,17538.51251331133,-0.2992452133833975,2.4008370120780698,0.5203252032520326,0.5352224576271187,24,0.4583333333333333,-0.4784230211717708,-0.9865236992894345,-0.4701156218605566,-0.9923251717777754,-2.098470362216664
TSLA,news_only,gradient_boosting,10,0.01,2024,"{""n_estimators"": ""500"", ""learning_rate"": 0.05992681398992384, ""max_depth"": ""3""}",0.5875,0.6024786875850706,23,0.7391304347826086,2.8687413583631214,5667700.739461795,-0.1707714280535318,6.736601211743241,0.540650406504065,0.5439287605932203,24,0.5,0.07965980664351728,-0.6713489172759903,-0.4005742960428182,0.15792169709191792,-1.6759660415261106
TSLA,news_only,gradient_boosting,10,0.01,31415,"{""n_estimators"": ""81"", ""learning_rate"": 0.01707102796796432, ""max_depth"": ""9""}",0.6125,0.5956372232967978,23,0.8260869565217391,3.516732912838974,82827832.27082855,-0.06516147917942224,21.30015386823393,0.524390243902439,0.553363347457627,24,0.4583333333333333,0.4665753352599269,2.2171418680827597,-0.29694311335342094,1.3601827829908146,7.4665542603236705
TSLA,social_only,gradient_boosting,2,0.0025,42,"{""n_estimators"": ""58"", ""learning_rate"": 0.011511056582087729, ""max_depth"": ""3""}",0.5524193548387096,0.564695550351288,123,0.5365853658536586,2.3354168913582303,7.0645948623920685,-0.2838031472327006,4.284396430288117,0.5121951219512195,0.5307870370370371,122,0.5327868852459017,-0.42751426653120017,-0.6396654467817968,-0.570391537420928,-0.6595194627753237,-1.1214497495423872
TSLA,social_only,gradient_boosting,2,0.0025,7,"{""n_estimators"": ""433"", ""learning_rate"": 0.01807577959966896, ""max_depth"": ""9""}",0.5080645161290323,0.5270947176684881,123,0.4959349593495935,0.8634230239191176,0.870539447706711,-0.3527212411437566,1.341345157570417,0.483739837398374,0.4859126984126984,122,0.5163934426229508,-0.2887626198704851,-0.5662275395091899,-0.5866495210688125,-0.4270173783709191,-0.9651887867863321
TSLA,social_only,gradient_boosting,2,0.0025,1337,"{""n_estimators"": ""51"", ""learning_rate"": 0.09703504731961086, ""max_depth"": ""10""}",0.5201612903225806,0.5247853239656518,123,0.5121951219512195,1.4577937595988237,2.40895009767695,-0.3270698050127404,2.3535454636035276,0.4715447154471545,0.4935846560846561,122,0.5,-0.7651245330164295,-0.7733023903339823,-0.6213121788949963,-1.07591970383546,-1.2446277678144029
TSLA,social_only,gradient_boosting,2,0.0025,2024,"{""n_estimators"": ""50"", ""learning_rate"": 0.012395422119337876, ""max_depth"": ""3""}",0.5483870967741935,0.5532461618527192,123,0.5284552845528455,2.2664438755633736,6.549494646953484,-0.2838031472327006,4.193466013700685,0.516260162601626,0.5309854497354498,122,0.5409836065573771,-0.39219808957378827,-0.6220495202848206,-0.5603487707659629,-0.6044265081864212,-1.110111331973686
TSLA,social_only,gradient_boosting,2,0.0025,31415,"{""n_estimators"": ""50"", ""learning_rate"": 0.01, ""max_depth"": ""3""}",0.5483870967741935,0.5586130627114233,123,0.5365853658536586,2.3354168913582303,7.0645948623920685,-0.2838031472327006,4.284396430288117,0.508130081300813,0.5282076719576719,122,0.5409836065573771,-0.2576274752646552,-0.5465235584232556,-0.5579383573995026,-0.39407069414824386,-0.9795411109043475
TSLA,social_only,gradient_boosting,5,0.0075,42,"{""n_estimators"": ""69"", ""learning_rate"": 0.010067663173483692, ""max_depth"": ""3""}",0.5387755102040817,0.566639632333063,48,0.5625,0.9410671788651109,5.84580211943469,-0.3392019042490697,1.3573009656659552,0.4878048780487805,0.49970184853905786,49,0.46938775510204084,-0.6970198801799318,-0.9648950087799856,-0.6208433581322191,-1.0671363391646767,-1.55416820707051
TSLA,social_only,gradient_boosting,5,0.0075,7,"{""n_estimators"": ""50"", ""learning_rate"": 0.01783703005059511, ""max_depth"": ""3""}",0.5346938775510204,0.5641727493917275,48,0.5416666666666666,0.7108520208552446,2.460124259720621,-0.3451708289426625,1.0539059811441798,0.483739837398374,0.4963890545285894,49,0.46938775510204084,-0.6970198801799318,-0.9648950087799856,-0.6208433581322191,-1.0671363391646767,-1.55416820707051
TSLA,social_only,gradient_boosting,5,0.0075,1337,"{""n_estimators"": ""58"", ""learning_rate"": 0.01168247686107512, ""max_depth"": ""3""}",0.5387755102040817,0.5673154906731549,48,0.5625,0.9410671788651109,5.84580211943469,-0.3392019042490697,1.3573009656659552,0.4878048780487805,0.49764791625256743,49,0.46938775510204084,-0.6970198801799318,-0.9648950087799856,-0.6208433581322191,-1.0671363391646767,-1.55416820707051
TSLA,social_only,gradient_boosting,5,0.0075,2024,"{""n_estimators"": ""50"", ""learning_rate"": 0.01, ""max_depth"": ""4""}",0.5346938775510204,0.5694444444444444,48,0.5416666666666666,0.7108520208552446,2.460124259720621,-0.3451708289426625,1.0539059811441798,0.4959349593495935,0.5082819850261711,49,0.46938775510204084,-0.6970198801799318,-0.9648950087799856,-0.6208433581322191,-1.0671363391646767,-1.55416820707051
TSLA,social_only,gradient_boosting,5,0.0075,31415,"{""n_estimators"": ""64"", ""learning_rate"": 0.01, ""max_depth"": ""3""}",0.5387755102040817,0.5662341173290079,48,0.5625,0.9410671788651109,5.84580211943469,-0.3392019042490697,1.3573009656659552,0.4878048780487805,0.49778042801298616,49,0.46938775510204084,-0.6970198801799318,-0.9648950087799856,-0.6208433581322191,-1.0671363391646767,-1.55416820707051
TSLA,social_only,gradient_boosting,10,0.01,42,"{""n_estimators"": ""147"", ""learning_rate"": 0.056398399271378505, ""max_depth"": ""8""}",0.5916666666666667,0.6238985600687729,23,0.391304347826087,-0.1563339982486299,-0.9618382727877197,-0.39048913905176036,-0.36466756340745204,0.5121951219512195,0.4945047669491526,24,0.5,-0.009485335326381353,-0.8139327458450566,-0.5264596446072893,-0.015492104393764508,-1.5460496434673674
TSLA,social_only,gradient_boosting,10,0.01,7,"{""n_estimators"": ""171"", ""learning_rate"": 0.023850742746714355, ""max_depth"": ""5""}",0.6125,0.6235761874059748,23,0.4782608695652174,0.42480606934361465,1.4547967014401095,-0.2984568644270364,0.9373544335117255,0.491869918699187,0.4807666843220339,24,0.5,-0.23815569143205123,-0.9504423487189173,-0.5264596446072893,-0.3819403911239476,-1.8053470165370344
TSLA,social_only,gradient_boosting,10,0.01,1337,"{""n_estimators"": ""148"", ""learning_rate"": 0.010080866287861827, ""max_depth"": ""4""}",0.6291666666666667,0.6189196933877785,23,0.4782608695652174,0.8138990102818942,37.30505702463055,-0.25490285233247423,1.903333649483093,0.508130081300813,0.4952661546610169,24,0.5833333333333334,1.7948732429680407,3460.5432815392996,-0.29694311335342094,5.018118515364496,11653.893038497814
TSLA,social_only,gradient_boosting,10,0.01,2024,"{""n_estimators"": ""432"", ""learning_rate"": 0.0297500802735886, ""max_depth"": ""7""}",0.6,0.6224657926785586,23,0.43478260869565216,-0.13405473306460708,-0.9552413858183764,-0.39048913905176036,-0.3216915181079018,0.5040650406504065,0.4800715042372881,24,0.5,-0.009485335326381353,-0.8139327458450566,-0.5264596446072893,-0.015492104393764508,-1.5460496434673674
TSLA,social_only,gradient_boosting,10,0.01,31415,"{""n_estimators"": ""181"", ""learning_rate"": 0.013932707405361129, ""max_depth"": ""5""}",0.6125,0.6256537001217852,23,0.5217391304347826,0.4776648392328498,2.565270092378962,-0.2984568644270364,1.0575048840105443,0.4959349593495935,0.5005958686440678,24,0.4166666666666667,-0.7186077115403647,-0.9967263826268481,-0.6344320125887782,-1.1746315667191294,-1.571053103956309
TSLA,sentiment_only,gradient_boosting,2,0.0025,42,"{""n_estimators"": ""50"", ""learning_rate"": 0.01, ""max_depth"": ""4""}",0.5645161290322581,0.6117291178766587,123,0.6097560975609756,2.0502177498426515,5.118237097144805,-0.27794112630624285,3.3234311142912727,0.4878048780487805,0.48032407407407407,122,0.5327868852459017,-0.2768687736318818,-0.5666695918545243,-0.6187420322855903,-0.3371840656368844,-0.9158414367960197
TSLA,sentiment_only,gradient_boosting,2,0.0025,7,"{""n_estimators"": ""56"", ""learning_rate"": 0.010293649230180852, ""max_depth"": ""4""}",0.5604838709677419,0.6119242779078844,123,0.6097560975609756,2.1152548426420474,5.516440718683043,-0.2962030373016485,3.4253219015711815,0.483739837398374,0.4813822751322751,122,0.5327868852459017,-0.2768687736318818,-0.5666695918545243,-0.6187420322855903,-0.3371840656368844,-0.9158414367960197
TSLA,sentiment_only,gradient_boosting,2,0.0025,1337,"{""n_estimators"": ""54"", ""learning_rate"": 0.010135251542454619, ""max_depth"": ""4""}",0.5645161290322581,0.6118592245641425,123,0.6097560975609756,2.0502177498426515,5.118237097144805,-0.27794112630624285,3.3234311142912727,0.4878048780487805,0.4806547619047619,122,0.5327868852459017,-0.2768687736318818,-0.5666695918545243,-0.6187420322855903,-0.3371840656368844,-0.9158414367960197
TSLA,sentiment_only,gradient_boosting,2,0.0025,2024,"{""n_estimators"": ""373"", ""learning_rate"": 0.09887142379847597, ""max_depth"": ""6""}",0.4838709677419355,0.5259562841530054,123,0.4715447154471545,-0.10833235122323942,-0.3086388311077539,-0.4287773484837296,-0.17749858714294792,0.4878048780487805,0.48799603174603173,122,0.5573770491803278,0.6657917670763003,0.5704086821260119,-0.5108462407556386,0.9237262487879105,1.1165956341036576
TSLA,sentiment_only,gradient_boosting,2,0.0025,31415,"{""n_estimators"": ""139"", ""learning_rate"": 0.01, ""max_depth"": ""3""}",0.532258064516129,0.5890255009107467,123,0.5528455284552846,1.7229838776985975,3.446027053052079,-0.2687412452844487,3.0757343336599923,0.4796747967479675,0.4946428571428572,122,0.5327868852459017,0.24736106159382898,-0.10664747083790282,-0.42758174311680325,0.3443834265401824,-0.24942007593801718
TSLA,sentiment_only,gradient_boosting,5,0.0075,42,"{""n_estimators"": ""363"", ""learning_rate"": 0.01, ""max_depth"": ""4""}",0.5142857142857142,0.526831576101649,48,0.4583333333333333,0.054259900803595135,-0.4997706687880976,-0.43429965606869203,0.11171229154359201,0.47560975609756095,0.45703306168422453,49,0.40816326530612246,-0.1280401388417159,-0.7712424956001214,-0.5319359783482364,-0.2096936850048501,-1.4498784195702983
TSLA,sentiment_only,gradient_boosting,5,0.0075,7,"{""n_estimators"": ""50"", ""learning_rate"": 0.021030842417418857, ""max_depth"": ""4""}",0.5306122448979592,0.5273046769397133,48,0.5625,1.1525074805585316,12.375178626579418,-0.2930826394970594,2.3778139519490105,0.5040650406504065,0.4808520506194925,49,0.4489795918367347,-0.45535413499190225,-0.9217932348927012,-0.530016505585628,-0.7520079203387648,-1.7391783561045702
TSLA,sentiment_only,gradient_boosting,5,0.0075,1337,"{""n_estimators"": ""78"", ""learning_rate"": 0.11601422926595703, ""max_depth"": ""3""}",0.5061224489795918,0.5287915652879155,48,0.3958333333333333,-1.0188659999732355,-0.9803207086821082,-0.601974052456721,-2.216008017675558,0.4634146341463415,0.46389054528589413,49,0.46938775510204084,-0.9250546789560652,-0.9831570146239736,-0.719040766420148,-1.4445220797941751,-1.3673174881568508
TSLA,sentiment_only,gradient_boosting,5,0.0075,2024,"{""n_estimators"": ""50"", ""learning_rate"": 0.013449378987136607, ""max_depth"": ""4""}",0.4816326530612245,0.5263246823465801,48,0.5,0.39753301935620106,0.4157680245140687,-0.40858200886142537,0.8318738597302536,0.4715447154471545,0.48396607698933286,49,0.40816326530612246,-1.447626434803446,-0.9967827443322019,-0.7373461740978734,-2.210983316728475,-1.3518517886822203
TSLA,sentiment_only,gradient_boosting,5,0.0075,31415,"{""n_estimators"": ""239"", ""learning_rate"": 0.027088479208023212, ""max_depth"": ""3""}",0.5142857142857142,0.5337929170045959,48,0.4166666666666667,-0.46252345005018775,-0.8958741214963399,-0.552307596250503,-0.9788189355688174,0.45528455284552843,0.4725700655933214,49,0.4897959183673469,-0.36331383714144766,-0.8950494274640736,-0.5390162894348063,-0.5797189859895425,-1.660523893262282
TSLA,sentiment_only,gradient_boosting,10,0.01,42,"{""n_estimators"": ""62"", ""learning_rate"": 0.01, ""max_depth"": ""6""}",0.5875,0.5524034672970843,23,0.6086956521739131,1.5071349206388343,3758.9336074037274,-0.23709995623239208,4.274615762596158,0.532520325203252,0.4946702860169492,24,0.5833333333333334,1.768975128246363,3068.090171111341,-0.24945956373187897,5.300868288382479,12298.947874409609
TSLA,sentiment_only,gradient_boosting,10,0.01,7,"{""n_estimators"": ""50"", ""learning_rate"": 0.024593862427298205, ""max_depth"": ""3""}",0.5916666666666667,0.5430904792606919,23,0.6086956521739131,1.5071349206388343,3758.9336074037274,-0.23709995623239208,4.274615762596158,0.532520325203252,0.47417902542372875,24,0.5416666666666666,1.6242331835347579,1530.8434078673713,-0.24945956373187897,4.763954363975841,6136.639481630512
TSLA,sentiment_only,gradient_boosting,10,0.01,1337,"{""n_estimators"": ""145"", ""learning_rate"": 0.01, ""max_depth"": ""3""}",0.6,0.5447739809441938,23,0.6086956521739131,1.5071349206388343,3758.9336074037274,-0.23709995623239208,4.274615762596158,0.532520325203252,0.4718617584745763,24,0.5416666666666666,1.6242331835347579,1530.8434078673713,-0.24945956373187897,4.763954363975841,6136.639481630512
TSLA,sentiment_only,gradient_boosting,10,0.01,2024,"{""n_estimators"": ""50"", ""learning_rate"": 0.02688772350106429, ""max_depth"": ""3""}",0.5958333333333333,0.5472455046923133,23,0.6086956521739131,1.5071349206388343,3758.9336074037274,-0.23709995623239208,4.274615762596158,0.532520325203252,0.47308659957627114,24,0.5416666666666666,1.6242331835347579,1530.8434078673713,-0.24945956373187897,4.763954363975841,6136.639481630512
TSLA,sentiment_only,gradient_boosting,10,0.01,31415,"{""n_estimators"": ""178"", ""learning_rate"": 0.06257348783938317, ""max_depth"": ""3""}",0.5291666666666667,0.5392220073071139,23,0.6086956521739131,1.0171437853903729,150.50932259851675,-0.2306914422054322,2.2614691023176103,0.4796747967479675,0.4887778072033898,24,0.3333333333333333,-0.7400990953890397,-0.9966988291516483,-0.6231243852455098,-1.8877071447252827,-1.5995182547043971
TSLA,technical_only,gradient_boosting,2,0.0025,42,"{""n_estimators"": ""273"", ""learning_rate"": 0.010269641095845243, ""max_depth"": ""10""}",0.5282258064516129,0.5636546968514182,123,0.4796747967479675,-1.1621835349967695,-0.7658057826894784,-0.643658488728762,-1.7879505384349124,0.508130081300813,0.5140873015873016,122,0.5245901639344263,-0.6088970000048857,-0.7212706117350189,-0.7131544972410417,-0.8015322203252854,-1.0113805837660363
TSLA,technical_only,gradient_boosting,2,0.0025,7,"{""n_estimators"": ""89"", ""learning_rate"": 0.04163548285708044, ""max_depth"": ""3""}",0.5120967741935484,0.5619633099141295,123,0.4715447154471545,-1.3144032551357392,-0.799325755089289,-0.6638546352814715,-2.042108886317811,0.516260162601626,0.5269179894179894,122,0.5409836065573771,-0.24418036158013046,-0.5434583434606874,-0.6357535568142888,-0.31668100051476905,-0.8548254864414988
TSLA,technical_only,gradient_boosting,2,0.0025,1337,"{""n_estimators"": ""225"", ""learning_rate"": 0.015202243425777882, ""max_depth"": ""10""}",0.5241935483870968,0.5566939890710383,123,0.4796747967479675,-1.1621835349967695,-0.7658057826894784,-0.643658488728762,-1.7879505384349124,0.508130081300813,0.5131613756613757,122,0.5245901639344263,-0.6088970000048857,-0.7212706117350189,-0.7131544972410417,-0.8015322203252854,-1.0113805837660363
TSLA,technical_only,gradient_boosting,2,0.0025,2024,"{""n_estimators"": ""50"", ""learning_rate"": 0.01, ""max_depth"": ""6""}",0.5080645161290323,0.5615729898516784,123,0.4634146341463415,-1.346446822452356,-0.8057290568624107,-0.6638546352814715,-2.091617850001776,0.524390243902439,0.5247685185185186,122,0.5327868852459017,-0.438367433529833,-0.6491933531179428,-0.6311079356569147,-0.5665451246514153,-1.0286566155157013
TSLA,technical_only,gradient_boosting,2,0.0025,31415,"{""n_estimators"": ""253"", ""learning_rate"": 0.011027619665272808, ""max_depth"": ""9""}",0.5241935483870968,0.550416341399948,123,0.4796747967479675,-1.1621835349967695,-0.7658057826894784,-0.643658488728762,-1.7879505384349124,0.508130081300813,0.5136243386243386,122,0.5245901639344263,-0.6088970000048857,-0.7212706117350189,-0.7131544972410417,-0.8015322203252854,-1.0113805837660363
TSLA,technical_only,gradient_boosting,5,0.0075,42,"{""n_estimators"": ""95"", ""learning_rate"": 0.018532449794318014, ""max_depth"": ""3""}",0.4897959183673469,0.6002635847526359,48,0.4166666666666667,-1.2712098080033296,-0.9911283833867867,-0.5619789973417456,-1.9397451164363533,0.5487804878048781,0.5847081428476777,49,0.4897959183673469,-0.16735985332701445,-0.8014504585161465,-0.5439124538872658,-0.25528474734350654,-1.4734916488642478
TSLA,technical_only,gradient_boosting,5,0.0075,7,"{""n_estimators"": ""50"", ""learning_rate"": 0.016449822485932575, ""max_depth"": ""4""}",0.4897959183673469,0.5872195187888618,48,0.4166666666666667,-1.2712098080033296,-0.9911283833867867,-0.5619789973417456,-1.9397451164363533,0.5487804878048781,0.5658252169880077,49,0.4897959183673469,-0.16735985332701445,-0.8014504585161465,-0.5439124538872658,-0.25528474734350654,-1.4734916488642478
TSLA,technical_only,gradient_boosting,5,0.0075,1337,"{""n_estimators"": ""167"", ""learning_rate"": 0.010012631973242102, ""max_depth"": ""3""}",0.49387755102040815,0.5991822114084888,48,0.4166666666666667,-1.2712098080033296,-0.9911283833867867,-0.5619789973417456,-1.9397451164363533,0.5528455284552846,0.590770555886835,49,0.5102040816326531,-0.1357708913041897,-0.7798486092209518,-0.5346609040434519,-0.20767834294196758,-1.4585854385896402
TSLA,technical_only,gradient_boosting,5,0.0075,2024,"{""n_estimators"": ""100"", ""learning_rate"": 0.019257068253111895, ""max_depth"": ""3""}",0.4897959183673469,0.6001959989186266,48,0.4166666666666667,-1.2712098080033296,-0.9911283833867867,-0.5619789973417456,-1.9397451164363533,0.5447154471544715,0.5841118399257934,49,0.4897959183673469,-0.16735985332701445,-0.8014504585161465,-0.5439124538872658,-0.25528474734350654,-1.4734916488642478
TSLA,technical_only,gradient_boosting,5,0.0075,31415,"{""n_estimators"": ""53"", ""learning_rate"": 0.031023584694691044, ""max_depth"": ""3""}",0.4897959183673469,0.59029467423628,48,0.4166666666666667,-1.2712098080033296,-0.9911283833867867,-0.5619789973417456,-1.9397451164363533,0.5447154471544715,0.5705293844828728,49,0.4897959183673469,-0.16735985332701445,-0.8014504585161465,-0.5439124538872658,-0.25528474734350654,-1.4734916488642478
TSLA,technical_only,gradient_boosting,10,0.01,42,"{""n_estimators"": ""50"", ""learning_rate"": 0.012914787476910942, ""max_depth"": ""10""}",0.6,0.6028010602478687,23,0.6086956521739131,1.7845585768216758,20126.562767960608,-0.23709995623239208,4.639213272626966,0.5772357723577236,0.5874933792372882,24,0.5833333333333334,1.7948732429680407,3460.5432815392996,-0.29694311335342094,5.018118515364496,11653.893038497814
TSLA,technical_only,gradient_boosting,10,0.01,7,"{""n_estimators"": ""71"", ""learning_rate"": 0.010204690832782462, ""max_depth"": ""9""}",0.5958333333333333,0.6049860305179454,23,0.6086956521739131,1.7845585768216758,20126.562767960608,-0.23709995623239208,4.639213272626966,0.5772357723577236,0.5813360699152543,24,0.625,1.8244422556889164,3975.1358171646616,-0.29694311335342094,5.760355048344215,13386.859766750897
TSLA,technical_only,gradient_boosting,10,0.01,1337,"{""n_estimators"": ""84"", ""learning_rate"": 0.012826578810108158, ""max_depth"": ""8""}",0.6,0.5988251307400244,23,0.6086956521739131,1.7845585768216758,20126.562767960608,-0.23709995623239208,4.639213272626966,0.5853658536585366,0.5836202330508474,24,0.625,1.8244422556889164,3975.1358171646616,-0.29694311335342094,5.760355048344215,13386.859766750897
TSLA,technical_only,gradient_boosting,10,0.01,2024,"{""n_estimators"": ""50"", ""learning_rate"": 0.01433908099559324, ""max_depth"": ""10""}",0.6,0.6028010602478687,23,0.6086956521739131,1.7845585768216758,20126.562767960608,-0.23709995623239208,4.639213272626966,0.573170731707317,0.5883540783898306,24,0.5833333333333334,1.7948732429680407,3460.5432815392996,-0.29694311335342094,5.018118515364496,11653.893038497814
TSLA,technical_only,gradient_boosting,10,0.01,31415,"{""n_estimators"": ""84"", ""learning_rate"": 0.013417633432262491, ""max_depth"": ""8""}",0.6,0.5988967691095352,23,0.6086956521739131,1.7845585768216758,20126.562767960608,-0.23709995623239208,4.639213272626966,0.5853658536585366,0.5837195444915255,24,0.625,1.8244422556889164,3975.1358171646616,-0.29694311335342094,5.760355048344215,13386.859766750897
TSLA,learned_alpha_per_stock,gradient_boosting,2,0.0025,42,"{""n_estimators"": ""192"", ""learning_rate"": 0.01007349661423381, ""max_depth"": ""3""}",0.5241935483870968,0.5698022378350247,123,0.5365853658536586,1.9612597492020856,4.612824893733996,-0.23500863775354527,3.343576207450525,0.5,0.5305224867724868,122,0.5573770491803278,0.8114248952810055,0.9219327951202829,-0.33738587275864973,1.2143270174259666,2.7325767602006
TSLA,learned_alpha_per_stock,gradient_boosting,2,0.0025,7,"{""n_estimators"": ""56"", ""learning_rate"": 0.05877545785828912, ""max_depth"": ""3""}",0.5282258064516129,0.5748113453031487,123,0.5203252032520326,1.837360279351408,3.972541970764368,-0.23500863775354527,3.1800785605478,0.516260162601626,0.5487103174603174,122,0.5491803278688525,0.497828186309618,0.2536849003766015,-0.33738587275864973,0.6891015109478408,0.7519132271376282
TSLA,learned_alpha_per_stock,gradient_boosting,2,0.0025,1337,"{""n_estimators"": ""495"", ""learning_rate"": 0.027319821635232604, ""max_depth"": ""3""}",0.5282258064516129,0.552855841790268,123,0.4959349593495935,0.8125434397498279,0.77971509044708,-0.3223934630229712,1.349992921232932,0.5365853658536586,0.5662037037037037,122,0.5737704918032787,1.6231621966529397,4.6072973867458735,-0.35098777825683347,2.218110649464934,13.126660448485781
TSLA,learned_alpha_per_stock,gradient_boosting,2,0.0025,2024,"{""n_estimators"": ""157"", ""learning_rate"": 0.01, ""max_depth"": ""4""}",0.532258064516129,0.5826177465521727,123,0.5203252032520326,1.4085786202839803,2.2495614194345372,-0.2819581886900451,2.3637980374922223,0.5040650406504065,0.5276785714285713,122,0.5491803278688525,0.497828186309618,0.2536849003766015,-0.33738587275864973,0.6891015109478408,0.7519132271376282
TSLA,learned_alpha_per_stock,gradient_boosting,2,0.0025,31415,"{""n_estimators"": ""137"", ""learning_rate"": 0.01, ""max_depth"": ""4""}",0.5362903225806451,0.5847319802237835,123,0.5284552845528455,1.469663573825258,2.453708488462235,-0.2819581886900449,2.4493312332308816,0.4959349593495935,0.5189484126984127,122,0.5573770491803278,0.6435256722304237,0.5252606044715922,-0.33738587275864984,0.8819170821354161,1.5568541746480866
TSLA,learned_alpha_per_stock,gradient_boosting,5,0.0075,42,"{""n_estimators"": ""472"", ""learning_rate"": 0.010026522473407047, ""max_depth"": ""10""}",0.5918367346938775,0.6060759664774263,48,0.625,0.8880154211697463,4.80581395158826,-0.2865571255115483,1.214001734106207,0.4878048780487805,0.5128536407606176,49,0.42857142857142855,0.040691864446700025,-0.582136580331296,-0.39111104192402724,0.09169960639132663,-1.4884176561918065
TSLA,learned_alpha_per_stock,gradient_boosting,5,0.0075,7,"{""n_estimators"": ""92"", ""learning_rate"": 0.29999999999999993, ""max_depth"": ""3""}",0.5877551020408164,0.6111449040281157,48,0.5416666666666666,0.2186870510144882,-0.22033860381452708,-0.3847691415950554,0.3173992164034309,0.516260162601626,0.533889882727092,49,0.4489795918367347,0.35194256308948474,0.15970141570280028,-0.27487029006241054,0.8077508807582807,0.5810064655097477
TSLA,learned_alpha_per_stock,gradient_boosting,5,0.0075,1337,"{""n_estimators"": ""50"", ""learning_rate"": 0.29999999999999993, ""max_depth"": ""5""}",0.5918367346938775,0.6148959178156259,48,0.6041666666666666,1.6272707307509118,50.53734540722838,-0.28655712551154827,3.0080675750610073,0.491869918699187,0.5104353011329755,49,0.42857142857142855,0.0121423917130155,-0.6194906008727478,-0.3911110419240271,0.027423912404795088,-1.5839251119713544
TSLA,learned_alpha_per_stock,gradient_boosting,5,0.0075,2024,"{""n_estimators"": ""272"", ""learning_rate"": 0.036071718944915024, ""max_depth"": ""6""}",0.5918367346938775,0.6080359556636928,48,0.625,1.6324281585112654,51.14150532233843,-0.3005500230174746,2.90231489756892,0.4959349593495935,0.5185516464586233,49,0.4489795918367347,0.11312001339924457,-0.470647912991603,-0.3544598063797061,0.25287954487780423,-1.3277892289074755
TSLA,learned_alpha_per_stock,gradient_boosting,5,0.0075,31415,"{""n_estimators"": ""173"", ""learning_rate"": 0.05811700099738182, ""max_depth"": ""5""}",0.6040816326530613,0.6219924303865911,48,0.6458333333333334,1.991770424754243,138.5712572570185,-0.21133656604903128,3.516540347802825,0.45528455284552843,0.5050023189558073,49,0.40816326530612246,-0.6431517051687201,-0.9570508563668478,-0.6103833396430368,-1.1400996751081738,-1.56795048981276
TSLA,learned_alpha_per_stock,gradient_boosting,10,0.01,42,"{""n_estimators"": ""50"", ""learning_rate"": 0.021122847530995376, ""max_depth"": ""7""}",0.625,0.621785228168207,23,0.6956521739130435,2.4983581565364945,989498.2976397119,-0.23709995623239208,7.5473933532958135,0.5447154471544715,0.5640558792372882,24,0.4583333333333333,0.6340342895192812,7.271237337255769,-0.36702693447225726,1.8839663185865387,19.811181835226826
TSLA,learned_alpha_per_stock,gradient_boosting,10,0.01,7,"{""n_estimators"": ""88"", ""learning_rate"": 0.08948181872257674, ""max_depth"": ""3""}",0.6166666666666667,0.6106454617092915,23,0.5217391304347826,0.9277819561139251,82.20605695716036,-0.23709995623239213,2.106997025450556,0.556910569105691,0.579349841101695,24,0.5416666666666666,0.8973493333703536,34.306537645693545,-0.17032572110247923,3.06042508755483,201.41724587240972
TSLA,learned_alpha_per_stock,gradient_boosting,10,0.01,1337,"{""n_estimators"": ""500"", ""learning_rate"": 0.026515888406429263, ""max_depth"": ""3""}",0.625,0.6116483988824415,23,0.5217391304347826,0.9277819561139251,82.20605695716036,-0.23709995623239213,2.106997025450556,0.5650406504065041,0.5807402012711864,24,0.5416666666666666,0.8973493333703536,34.306537645693545,-0.17032572110247923,3.06042508755483,201.41724587240972
TSLA,learned_alpha_per_stock,gradient_boosting,10,0.01,2024,"{""n_estimators"": ""50"", ""learning_rate"": 0.29999999999999993, ""max_depth"": ""7""}",0.5875,0.6131886238269217,23,0.6086956521739131,1.2191232440045063,574.5456475323763,-0.20967424620357492,2.537571929104681,0.5,0.5325079449152543,24,0.4166666666666667,-0.39094341318471676,-0.9777390875504761,-0.47297162714461527,-0.8056435568939625,-2.0672256673263907
TSLA,learned_alpha_per_stock,gradient_boosting,10,0.01,31415,"{""n_estimators"": ""178"", ""learning_rate"": 0.06257348783938317, ""max_depth"": ""3""}",0.625,0.6176302027365856,23,0.5217391304347826,0.9277819561139251,82.20605695716036,-0.23709995623239213,2.106997025450556,0.5487804878048781,0.5815015889830508,24,0.5,0.45334559042698586,1.9879610464872157,-0.20953517879256325,1.555993342382898,9.487481090014331
TSLA,learned_alpha_global,gradient_boosting,2,0.0025,42,"{""n_estimators"": ""274"", ""learning_rate"": 0.07478402786546708, ""max_depth"": ""3""}",0.5524193548387096,0.5737704918032785,123,0.5365853658536586,0.42242125775619493,0.18854784902557098,-0.38785708113405265,0.5792959025858252,0.5487804878048781,0.5672949735449736,122,0.5655737704918032,1.721761237027059,5.424504598235843,-0.4203014275637041,2.6439590586670563,12.906224539086686
TSLA,learned_alpha_global,gradient_boosting,2,0.0025,7,"{""n_estimators"": ""104"", ""learning_rate"": 0.10957543851568231, ""max_depth"": ""3""}",0.5604838709677419,0.5709406713505074,123,0.5203252032520326,1.0357697373812729,1.225189390346249,-0.3946975644623645,1.5026572599036352,0.5203252032520326,0.5633597883597884,122,0.5737704918032787,1.9446392508874406,7.582795017683264,-0.3646813869388089,3.070024262797656,20.79293127991642
TSLA,learned_alpha_global,gradient_boosting,2,0.0025,1337,"{""n_estimators"": ""248"", ""learning_rate"": 0.016145763077481706, ""max_depth"": ""9""}",0.5282258064516129,0.5685336976320583,123,0.4878048780487805,-0.5086320792034904,-0.5438641286080546,-0.5190093888664669,-0.7240921964695007,0.5365853658536586,0.5621031746031746,122,0.5655737704918032,1.069411274187026,1.7014193735838825,-0.32323634189390443,1.47552370207511,5.263700744832516
TSLA,learned_alpha_global,gradient_boosting,2,0.0025,2024,"{""n_estimators"": ""500"", ""learning_rate"": 0.023217850742378168, ""max_depth"": ""4""}",0.5846774193548387,0.5740307051782462,123,0.5691056910569106,0.981777126320786,1.1024623013190409,-0.41472872887063505,1.303795013382805,0.5487804878048781,0.5595568783068784,122,0.5901639344262295,2.700744911679131,21.365463728912065,-0.3787210033398723,4.615117762134517,56.414784341227154
TSLA,learned_alpha_global,gradient_boosting,2,0.0025,31415,"{""n_estimators"": ""133"", ""learning_rate"": 0.09662077415074381, ""max_depth"": ""3""}",0.5685483870967742,0.585902940411137,123,0.5447154471544715,1.0001353607447305,1.1459612879938823,-0.3898917472795024,1.4291434600798398,0.5284552845528455,0.5658730158730159,122,0.5573770491803278,1.5207647984359696,3.94327589305008,-0.4117464406636579,2.3849975506943957,9.576951986990489
TSLA,learned_alpha_global,gradient_boosting,5,0.0075,42,"{""n_estimators"": ""472"", ""learning_rate"": 0.06536499281695513, ""max_depth"": ""4""}",0.563265306122449,0.6041159772911597,48,0.4375,-0.8738141551501725,-0.9701049742061328,-0.6258184225309351,-1.6736939941422515,0.5365853658536586,0.5504869807195389,49,0.5102040816326531,1.0991239117338183,11.507660372233065,-0.287456447598179,1.8858862559642753,40.03270919259062
TSLA,learned_alpha_global,gradient_boosting,5,0.0075,7,"{""n_estimators"": ""50"", ""learning_rate"": 0.2131227725805573, ""max_depth"": ""3""}",0.5836734693877551,0.6081711273317112,48,0.5625,0.7134995070786727,2.634673996106624,-0.30280476295911657,1.367250963946696,0.573170731707317,0.5669846948916716,49,0.6530612244897959,3.002103776212888,2969.5264915787593,-0.174193720626421,5.094134492208315,17047.264854898298
TSLA,learned_alpha_global,gradient_boosting,5,0.0075,1337,"{""n_estimators"": ""500"", ""learning_rate"": 0.061505818191668164, ""max_depth"": ""3""}",0.5551020408163265,0.5970194647201945,48,0.5208333333333334,0.1485791408706864,-0.33919073834289193,-0.47699203247122635,0.2945001062006284,0.540650406504065,0.5395547604849931,49,0.5714285714285714,1.3122384307394106,23.17858185015558,-0.2954631468628742,2.0539281659530255,78.44830090066314
TSLA,learned_alpha_global,gradient_boosting,5,0.0075,2024,"{""n_estimators"": ""280"", ""learning_rate"": 0.03728474365462189, ""max_depth"": ""3""}",0.5673469387755102,0.5967153284671532,48,0.5208333333333334,-0.031493765303302855,-0.6186520894204166,-0.5462143325592143,-0.06071643489826575,0.5853658536585366,0.5699662095010932,49,0.6530612244897959,2.726552129095233,1459.560797785291,-0.19107747973273148,4.784396320877604,7638.580955886812
TSLA,learned_alpha_global,gradient_boosting,5,0.0075,31415,"{""n_estimators"": ""150"", ""learning_rate"": 0.06426099842502563, ""max_depth"": ""3""}",0.5755102040816327,0.5965801567991349,48,0.5208333333333334,-0.031493765303302855,-0.6186520894204166,-0.5462143325592143,-0.06071643489826575,0.5894308943089431,0.5764592857616113,49,0.673469387755102,3.0343179128651214,3219.702699548852,-0.174193720626421,5.115271361656423,18483.460184273143
TSLA,learned_alpha_global,gradient_boosting,10,0.01,42,"{""n_estimators"": ""500"", ""learning_rate"": 0.01, ""max_depth"": ""5""}",0.5666666666666667,0.6101081739379612,23,0.5217391304347826,0.8236668317986663,39.398362323788156,-0.29317771522678804,1.799208194340163,0.532520325203252,0.5288996292372881,24,0.375,-0.9335116259401202,-0.9989349037902723,-0.4884143683756218,-1.8891839177512837,-2.0452610907262
TSLA,learned_alpha_global,gradient_boosting,10,0.01,7,"{""n_estimators"": ""255"", ""learning_rate"": 0.028508357886817257, ""max_depth"": ""5""}",0.5666666666666667,0.6093559710580987,23,0.5217391304347826,0.8529698153702818,48.382012207539,-0.3310933263477575,1.854423279091564,0.5284552845528455,0.5340638241525424,24,0.4166666666666667,-0.5303750825626987,-0.9899823199134844,-0.40527546409090637,-1.0513318152188489,-2.442739340596804
TSLA,learned_alpha_global,gradient_boosting,10,0.01,1337,"{""n_estimators"": ""500"", ""learning_rate"": 0.01, ""max_depth"": ""5""}",0.5666666666666667,0.610394727416004,23,0.5217391304347826,0.8236668317986663,39.398362323788156,-0.29317771522678804,1.799208194340163,0.532520325203252,0.5290320444915254,24,0.375,-0.9335116259401202,-0.9989349037902723,-0.4884143683756218,-1.8891839177512837,-2.0452610907262
TSLA,learned_alpha_global,gradient_boosting,10,0.01,2024,"{""n_estimators"": ""50"", ""learning_rate"": 0.017237250022053344, ""max_depth"": ""10""}",0.625,0.6126513360555913,23,0.6086956521739131,0.9737453171922884,110.45167724118916,-0.3299870132560324,2.0419133199446824,0.5365853658536586,0.5233050847457628,24,0.5416666666666666,1.178792256579989,158.40888428634787,-0.29694311335342094,3.5443135254194167,533.4654254056063
TSLA,learned_alpha_global,gradient_boosting,10,0.01,31415,"{""n_estimators"": ""289"", ""learning_rate"": 0.02303132709199343, ""max_depth"": ""5""}",0.575,0.61150512214342,23,0.4782608695652174,-0.05944173194067777,-0.9347407794988479,-0.44027447259395414,-0.09559852914330767,0.5203252032520326,0.532375529661017,24,0.4166666666666667,-0.5303750825626987,-0.9899823199134844,-0.40527546409090637,-1.0513318152188489,-2.442739340596804
