Stock,Ablation,Model,Horizon,Threshold,Seed,Best_Params,Val_Accuracy,Val_ROC_AUC,Val_Trades,Val_WinRate,Val_Sharpe,Val_AnnualReturn,Val_MDD,Val_Sortino,Test_Accuracy,Test_ROC_AUC,Test_Trades,Test_WinRate,Test_Sharpe,Test_AnnualReturn,Test_MDD,Test_Sortino,Test_Calmar
AAPL,full_70_30,lightgbm,2,0.0025,42,"{""n_estimators"": ""325"", ""learning_rate"": 0.01024325040703381, ""num_leaves"": ""22"", ""subsample"": 0.7623873301291946}",0.5564516129032258,0.5635449320794148,123,0.4796747967479675,-0.5750592897430824,-0.26415382752555894,-0.2540689584529699,-0.8168042976201502,0.4959349593495935,0.5037037037037038,122,0.45901639344262296,0.1304296644887226,0.008908919679282201,-0.2295298943596147,0.25463871183428133,0.03881376630324327
AAPL,full_70_30,lightgbm,2,0.0025,7,"{""n_estimators"": ""340"", ""learning_rate"": 0.01, ""num_leaves"": ""20"", ""subsample"": 0.524470358677008}",0.5645161290322581,0.5660919540229885,123,0.4959349593495935,-0.2393275834384786,-0.14465666519119746,-0.24394262690704077,-0.33502085877138504,0.524390243902439,0.49642857142857144,122,0.47540983606557374,0.18058727339363959,0.03265307129401651,-0.2028057621820583,0.3430927559684628,0.16100662497303167
AAPL,full_70_30,lightgbm,2,0.0025,1337,"{""n_estimators"": ""202"", ""learning_rate"": 0.017027657761835728, ""num_leaves"": ""20"", ""subsample"": 1.0}",0.5604838709677419,0.5654062173458726,123,0.4959349593495935,-0.26959982911086067,-0.15618974660885998,-0.23259069965740245,-0.3754017692462348,0.524390243902439,0.49652777777777785,122,0.45901639344262296,-0.160130394635015,-0.1186705764960152,-0.22029863871567665,-0.30547890515506515,-0.5386804802238231
AAPL,full_70_30,lightgbm,2,0.0025,2024,"{""n_estimators"": ""86"", ""learning_rate"": 0.03851282847757571, ""num_leaves"": ""20"", ""subsample"": 1.0}",0.5604838709677419,0.5734717868338558,123,0.5040650406504065,0.14016039101655473,0.013781906009471712,-0.22749824935976237,0.2003253325911121,0.508130081300813,0.5034060846560846,122,0.45901639344262296,0.22036105579461138,0.05192510557982488,-0.1969975699823713,0.430730234946716,0.26358246746125596
AAPL,full_70_30,lightgbm,2,0.0025,31415,"{""n_estimators"": ""123"", ""learning_rate"": 0.027327875360963958, ""num_leaves"": ""20"", ""subsample"": 0.6022123537457073}",0.5403225806451613,0.5694226750261233,123,0.4796747967479675,-0.7050467379024419,-0.30580180512408395,-0.2910782208053598,-0.9861002637245413,0.516260162601626,0.5011243386243387,122,0.45081967213114754,-0.06438357754450227,-0.0784691723146208,-0.24683230433834757,-0.12574576824501346,-0.3179047917774105
AAPL,full_70_30,lightgbm,5,0.005,42,"{""n_estimators"": ""52"", ""learning_rate"": 0.03104862859649792, ""num_leaves"": ""81"", ""subsample"": 0.9981046823903819}",0.563265306122449,0.5942176870748299,48,0.5208333333333334,1.3273937370943965,2.5995899572502954,-0.14835015500157492,2.8932018248293887,0.4796747967479675,0.47703963475153843,49,0.42857142857142855,-1.5789960642401513,-0.8925874613962422,-0.44505483256613015,-2.0736328006583324,-2.0055673954818
AAPL,full_70_30,lightgbm,5,0.005,7,"{""n_estimators"": ""206"", ""learning_rate"": 0.01, ""num_leaves"": ""20"", ""subsample"": 1.0}",0.5959183673469388,0.6017346938775511,48,0.5416666666666666,1.6120554681795474,3.770586325998959,-0.13341724422282794,3.392001407494954,0.4715447154471545,0.4676106663137696,49,0.40816326530612246,-1.648925702158954,-0.9015157516272426,-0.4543403859179147,-2.197074350843297,-1.9842298408183303
AAPL,full_70_30,lightgbm,5,0.005,1337,"{""n_estimators"": ""50"", ""learning_rate"": 0.04779280087451784, ""num_leaves"": ""20"", ""subsample"": 0.7082350394122391}",0.5918367346938775,0.6030952380952381,48,0.5833333333333334,1.9292775857635414,5.465872431951277,-0.11415942967214143,3.8543293248263386,0.45934959349593496,0.4606630053596242,49,0.42857142857142855,-1.5789960642401513,-0.8925874613962422,-0.44505483256613015,-2.0736328006583324,-2.0055673954818
AAPL,full_70_30,lightgbm,5,0.005,2024,"{""n_estimators"": ""198"", ""learning_rate"": 0.01, ""num_leaves"": ""20"", ""subsample"": 0.5878156802823916}",0.5959183673469388,0.6008503401360544,48,0.5416666666666666,1.6120554681795474,3.770586325998959,-0.13341724422282794,3.392001407494954,0.46747967479674796,0.46727982531595313,49,0.40816326530612246,-1.648925702158954,-0.9015157516272426,-0.4543403859179147,-2.197074350843297,-1.9842298408183303
AAPL,full_70_30,lightgbm,5,0.005,31415,"{""n_estimators"": ""215"", ""learning_rate"": 0.01216539099846001, ""num_leaves"": ""38"", ""subsample"": 0.6341625704944737}",0.5836734693877551,0.5945238095238096,48,0.5833333333333334,1.2656651209120016,2.382049205860384,-0.11616416530632213,2.584389684226746,0.491869918699187,0.49798186991331966,49,0.40816326530612246,-1.7457377618700871,-0.9126081884936517,-0.46644817127609245,-2.3191811775185354,-1.9565050196187292
AAPL,full_70_30,lightgbm,10,0.01,42,"{""n_estimators"": ""149"", ""learning_rate"": 0.01, ""num_leaves"": ""20"", ""subsample"": 1.0}",0.5333333333333333,0.5579507701600724,23,0.4782608695652174,-0.8971264982816752,-0.9026870307038056,-0.266026983852538,-1.3803168289285104,0.4878048780487805,0.4933236382866208,24,0.4583333333333333,-1.0251732650009597,-0.9290346971908352,-0.31470547844159663,-1.2723194941171911,-2.9520766584406517
AAPL,full_70_30,lightgbm,10,0.01,7,"{""n_estimators"": ""157"", ""learning_rate"": 0.01, ""num_leaves"": ""20"", ""subsample"": 1.0}",0.5333333333333333,0.5573467230443975,23,0.4782608695652174,-0.8971264982816752,-0.9026870307038056,-0.266026983852538,-1.3803168289285104,0.483739837398374,0.49352194606028554,24,0.4583333333333333,-1.0251732650009597,-0.9290346971908352,-0.31470547844159663,-1.2723194941171911,-2.9520766584406517
AAPL,full_70_30,lightgbm,10,0.01,1337,"{""n_estimators"": ""50"", ""learning_rate"": 0.028182376165328975, ""num_leaves"": ""20"", ""subsample"": 0.5}",0.5333333333333333,0.5597629115070977,23,0.4782608695652174,-0.8971264982816752,-0.9026870307038056,-0.266026983852538,-1.3803168289285104,0.491869918699187,0.4933897408778424,24,0.4583333333333333,-1.0251732650009597,-0.9290346971908352,-0.31470547844159663,-1.2723194941171911,-2.9520766584406517
AAPL,full_70_30,lightgbm,10,0.01,2024,"{""n_estimators"": ""149"", ""learning_rate"": 0.01, ""num_leaves"": ""20"", ""subsample"": 0.5}",0.5333333333333333,0.5579507701600724,23,0.4782608695652174,-0.8971264982816752,-0.9026870307038056,-0.266026983852538,-1.3803168289285104,0.4878048780487805,0.4933236382866208,24,0.4583333333333333,-1.0251732650009597,-0.9290346971908352,-0.31470547844159663,-1.2723194941171911,-2.9520766584406517
AAPL,full_70_30,lightgbm,10,0.01,31415,"{""n_estimators"": ""50"", ""learning_rate"": 0.02169412114958729, ""num_leaves"": ""20"", ""subsample"": 0.5}",0.5375,0.5583282996073694,23,0.4782608695652174,-0.8971264982816752,-0.9026870307038056,-0.266026983852538,-1.3803168289285104,0.4878048780487805,0.497653358011634,24,0.4583333333333333,-1.0251732650009597,-0.9290346971908352,-0.31470547844159663,-1.2723194941171911,-2.9520766584406517
AAPL,equal_50_50,lightgbm,2,0.0025,42,"{""n_estimators"": ""345"", ""learning_rate"": 0.29999999999999993, ""num_leaves"": ""28"", ""subsample"": 0.8531118136637262}",0.5161290322580645,0.5209639498432602,123,0.4959349593495935,-1.0841382777183899,-0.4139043420675007,-0.2347256040752037,-1.5208097710524044,0.46747967479674796,0.457638888888889,122,0.4344262295081967,-1.127492519182197,-0.43852079079796824,-0.3542230665997586,-1.564388507665659,-1.237979206174788
AAPL,equal_50_50,lightgbm,2,0.0025,7,"{""n_estimators"": ""50"", ""learning_rate"": 0.11433771074722804, ""num_leaves"": ""99"", ""subsample"": 0.5184109765593782}",0.4959677419354839,0.5205721003134796,123,0.4959349593495935,0.25784681006250265,0.06870768312952635,-0.1768592858331951,0.3938779466441228,0.47560975609756095,0.457473544973545,122,0.4344262295081967,-0.3794382749945745,-0.20447154722763783,-0.21193227779555582,-0.6450581549831346,-0.9647966291613441
AAPL,equal_50_50,lightgbm,2,0.0025,1337,"{""n_estimators"": ""467"", ""learning_rate"": 0.033686668981107004, ""num_leaves"": ""20"", ""subsample"": 0.6920790294934882}",0.5040322580645161,0.522923197492163,123,0.5040650406504065,-0.3244392364161858,-0.17626100798448896,-0.19142527482446958,-0.5412396507208533,0.491869918699187,0.45380291005291007,122,0.4344262295081967,-0.9143584348329724,-0.3802183056675503,-0.31759027836330883,-1.2784736248774446,-1.197197557894382
AAPL,equal_50_50,lightgbm,2,0.0025,2024,"{""n_estimators"": ""56"", ""learning_rate"": 0.061925560765305775, ""num_leaves"": ""54"", ""subsample"": 0.5018109415407908}",0.4879032258064516,0.520408829676071,123,0.4796747967479675,0.03890306454339457,-0.03088948192871821,-0.16020868658892856,0.059813287275006316,0.4796747967479675,0.46689814814814823,122,0.45081967213114754,-0.24852599256223495,-0.15444890004754386,-0.21193227779555576,-0.4192323195900331,-0.7287653473744841
AAPL,equal_50_50,lightgbm,2,0.0025,31415,"{""n_estimators"": ""202"", ""learning_rate"": 0.03866930034839555, ""num_leaves"": ""20"", ""subsample"": 0.8945369720373306}",0.5201612903225806,0.5230211598746082,123,0.5203252032520326,0.7442244773323722,0.3267346098717654,-0.2112419737429391,1.2955404937648816,0.45934959349593496,0.46527777777777773,122,0.4262295081967213,-0.4579724500555178,-0.23304775134164157,-0.21193227779555582,-0.7834182776678777,-1.099633117549254
AAPL,equal_50_50,lightgbm,5,0.005,42,"{""n_estimators"": ""351"", ""learning_rate"": 0.29283662832983226, ""num_leaves"": ""97"", ""subsample"": 0.9322202067369422}",0.49387755102040815,0.5063605442176871,48,0.5,-0.17473212085472303,-0.2563166022192914,-0.14142493275842444,-0.372975808377287,0.508130081300813,0.5017203731886455,49,0.3673469387755102,-0.9751848648929105,-0.7666183075853694,-0.32773078898315056,-1.7369144146528606,-2.3391708480120346
AAPL,equal_50_50,lightgbm,5,0.005,7,"{""n_estimators"": ""498"", ""learning_rate"": 0.2924749379537809, ""num_leaves"": ""70"", ""subsample"": 0.7059511442764982}",0.5061224489795918,0.5033673469387755,48,0.5208333333333334,0.10211847253270723,0.0007464286416201116,-0.14142493275842474,0.21357257495823567,0.5121951219512195,0.5007278501951962,49,0.3877551020408163,-0.8325909160126012,-0.7189669407830915,-0.32773078898315056,-1.4621568695057396,-2.1937729531419015
AAPL,equal_50_50,lightgbm,5,0.005,1337,"{""n_estimators"": ""373"", ""learning_rate"": 0.14910571899250818, ""num_leaves"": ""20"", ""subsample"": 1.0}",0.49795918367346936,0.5052380952380953,48,0.5416666666666666,-0.1379075570361877,-0.22718790968763458,-0.2196546742287403,-0.2398091737112079,0.4959349593495935,0.4958644875272944,49,0.3469387755102041,-1.2835970061348922,-0.8431104944947676,-0.3327994500540947,-2.292925005091421,-2.533389085702289
AAPL,equal_50_50,lightgbm,5,0.005,2024,"{""n_estimators"": ""423"", ""learning_rate"": 0.2847360926765576, ""num_leaves"": ""100"", ""subsample"": 0.96666811744458}",0.49795918367346936,0.5083333333333333,48,0.4791666666666667,-0.2177072698491878,-0.28982280136074545,-0.14868804902733046,-0.4561543194347299,0.508130081300813,0.4959637398266393,49,0.3877551020408163,-0.8361018626263947,-0.7202535721363423,-0.32773078898315056,-1.4707433726960772,-2.1976988319317545
AAPL,equal_50_50,lightgbm,5,0.005,31415,"{""n_estimators"": ""397"", ""learning_rate"": 0.29999999999999993, ""num_leaves"": ""34"", ""subsample"": 1.0}",0.49387755102040815,0.5053741496598639,48,0.5208333333333334,0.07195338353683077,-0.031084066761381646,-0.1414249327584244,0.1502343296134442,0.4959349593495935,0.5003970091973797,49,0.3877551020408163,-0.8325909160126012,-0.7189669407830915,-0.32773078898315056,-1.4621568695057396,-2.1937729531419015
AAPL,equal_50_50,lightgbm,10,0.01,42,"{""n_estimators"": ""472"", ""learning_rate"": 0.010026522473407047, ""num_leaves"": ""99"", ""subsample"": 0.8087407548138583}",0.4583333333333333,0.5045303533675627,23,0.43478260869565216,-1.0232155318634806,-0.9265286001187731,-0.2361349728198683,-1.5718620555589213,0.4878048780487805,0.4667173453199365,24,0.375,-0.6457279152081958,-0.8306351680013908,-0.31090499118354437,-1.0145684212038664,-2.671668810588573
AAPL,equal_50_50,lightgbm,10,0.01,7,"{""n_estimators"": ""50"", ""learning_rate"": 0.03852440431300922, ""num_leaves"": ""20"", ""subsample"": 0.5}",0.49166666666666664,0.5095137420718816,23,0.5217391304347826,0.35719673978110694,0.7919574639947902,-0.20264506285654021,0.5929057600528193,0.44308943089430897,0.4427882072977261,24,0.3333333333333333,-1.7733193021645544,-0.9854086607275483,-0.34645729856776813,-2.268242609245843,-2.8442427531507155
AAPL,equal_50_50,lightgbm,10,0.01,1337,"{""n_estimators"": ""248"", ""learning_rate"": 0.016145763077481706, ""num_leaves"": ""86"", ""subsample"": 0.9488269669253357}",0.48333333333333334,0.5033222591362126,23,0.43478260869565216,-1.0232155318634806,-0.9265286001187731,-0.2361349728198683,-1.5718620555589213,0.45934959349593496,0.4640401903754627,24,0.375,-0.6457279152081958,-0.8306351680013908,-0.31090499118354437,-1.0145684212038664,-2.671668810588573
AAPL,equal_50_50,lightgbm,10,0.01,2024,"{""n_estimators"": ""387"", ""learning_rate"": 0.010009025450078899, ""num_leaves"": ""56"", ""subsample"": 0.9731057231478824}",0.49583333333333335,0.5062292358803987,23,0.43478260869565216,-1.0232155318634806,-0.9265286001187731,-0.2361349728198683,-1.5718620555589213,0.47560975609756095,0.4678080380750925,24,0.3333333333333333,-0.7684687777585127,-0.8722182460542743,-0.329148639023818,-1.2290342967849575,-2.6499220797056324
AAPL,equal_50_50,lightgbm,10,0.01,31415,"{""n_estimators"": ""392"", ""learning_rate"": 0.01, ""num_leaves"": ""100"", ""subsample"": 1.0}",0.4875,0.5030579885231048,23,0.43478260869565216,-1.0232155318634806,-0.9265286001187731,-0.2361349728198683,-1.5718620555589213,0.45934959349593496,0.46496562665256475,24,0.3333333333333333,-0.7684687777585127,-0.8722182460542743,-0.329148639023818,-1.2290342967849575,-2.6499220797056324
AAPL,news_only,lightgbm,2,0.0025,42,"{""n_estimators"": ""289"", ""learning_rate"": 0.01, ""num_leaves"": ""20"", ""subsample"": 0.724628997464314}",0.5040322580645161,0.5406543887147335,123,0.4715447154471545,-0.08136573183462968,-0.08158464371240848,-0.25591551994560435,-0.13075893760321033,0.4959349593495935,0.5063822751322751,122,0.4672131147540984,-0.7654989308366229,-0.3354169530106773,-0.3077359053010777,-1.2060236790006176,-1.0899506597467639
AAPL,news_only,lightgbm,2,0.0025,7,"{""n_estimators"": ""414"", ""learning_rate"": 0.01, ""num_leaves"": ""20"", ""subsample"": 0.5}",0.5,0.5346133751306166,123,0.44715447154471544,-0.828221734179167,-0.3428390835662726,-0.3285545564035583,-1.270816886139745,0.5121951219512195,0.514484126984127,122,0.48360655737704916,-0.6382093820255322,-0.29489446247202755,-0.2738419000664921,-0.9833941875177103,-1.0768785288168963
AAPL,news_only,lightgbm,2,0.0025,1337,"{""n_estimators"": ""442"", ""learning_rate"": 0.019457550352928378, ""num_leaves"": ""20"", ""subsample"": 0.5483769009393226}",0.49193548387096775,0.5376175548589341,123,0.4634146341463415,-0.726889442102812,-0.3123597971674976,-0.32043116287501344,-1.1133769034762915,0.5,0.517691798941799,122,0.4672131147540984,-0.7256010858745207,-0.32288955023951627,-0.3100219678831225,-1.1980644558609561,-1.0415053889382602
AAPL,news_only,lightgbm,2,0.0025,2024,"{""n_estimators"": ""98"", ""learning_rate"": 0.02748022109348249, ""num_leaves"": ""20"", ""subsample"": 1.0}",0.5,0.5418299373040751,123,0.4715447154471545,-0.08136573183462968,-0.08158464371240848,-0.25591551994560435,-0.13075893760321033,0.5,0.5049933862433863,122,0.45901639344262296,-1.1875137179416442,-0.4535445311970058,-0.3409500229923091,-1.8506429000367481,-1.3302375732857379
AAPL,news_only,lightgbm,2,0.0025,31415,"{""n_estimators"": ""50"", ""learning_rate"": 0.06560533938467109, ""num_leaves"": ""20"", ""subsample"": 0.639379184685851}",0.5080645161290323,0.545846394984326,123,0.4634146341463415,0.295784514568519,0.0873720164651497,-0.19568008658695002,0.5484841153542674,0.5,0.5071428571428571,122,0.45901639344262296,-1.437088865114703,-0.5129020138921259,-0.3353433207004223,-2.269201352565835,-1.5294833152508946
AAPL,news_only,lightgbm,5,0.005,42,"{""n_estimators"": ""476"", ""learning_rate"": 0.015306643302166316, ""num_leaves"": ""100"", ""subsample"": 1.0}",0.5387755102040817,0.5757823129251701,48,0.4791666666666667,0.7150640168933884,0.9190707020283393,-0.13844508449910775,1.5649850809589207,0.491869918699187,0.5291801760074109,49,0.32653061224489793,-1.6171927805975985,-0.8970960697646814,-0.36515287591081996,-2.5549029031466652,-2.456768463145765
AAPL,news_only,lightgbm,5,0.005,7,"{""n_estimators"": ""500"", ""learning_rate"": 0.012919008913776354, ""num_leaves"": ""100"", ""subsample"": 0.9506745214573262}",0.5265306122448979,0.5741156462585034,48,0.5,1.264114088198492,2.3788695325557776,-0.10944632492419228,3.1414921872918837,0.5121951219512195,0.5294448488056641,49,0.32653061224489793,-1.6171927805975985,-0.8970960697646814,-0.36515287591081996,-2.5549029031466652,-2.456768463145765
AAPL,news_only,lightgbm,5,0.005,1337,"{""n_estimators"": ""500"", ""learning_rate"": 0.01525490895223755, ""num_leaves"": ""100"", ""subsample"": 1.0}",0.5469387755102041,0.576122448979592,48,0.4791666666666667,0.7150640168933884,0.9190707020283393,-0.13844508449910775,1.5649850809589207,0.4878048780487805,0.5292132601071925,49,0.30612244897959184,-1.6848040186882203,-0.9053605101938662,-0.37540394078007433,-2.6740110335187506,-2.4116968732735287
AAPL,news_only,lightgbm,5,0.005,2024,"{""n_estimators"": ""271"", ""learning_rate"": 0.024833008943443566, ""num_leaves"": ""82"", ""subsample"": 0.5}",0.5306122448979592,0.5759183673469388,48,0.4791666666666667,0.7150640168933884,0.9190707020283393,-0.13844508449910775,1.5649850809589207,0.5040650406504065,0.5308343809964932,49,0.32653061224489793,-1.6171927805975985,-0.8970960697646814,-0.36515287591081996,-2.5549029031466652,-2.456768463145765
AAPL,news_only,lightgbm,5,0.005,31415,"{""n_estimators"": ""51"", ""learning_rate"": 0.21913283619069648, ""num_leaves"": ""63"", ""subsample"": 0.5941188344158309}",0.5755102040816327,0.5769387755102041,48,0.4791666666666667,0.7150640168933884,0.9190707020283393,-0.13844508449910775,1.5649850809589207,0.4959349593495935,0.507079997353272,49,0.3469387755102041,-1.495701697114395,-0.8802401155515424,-0.35572897850527013,-2.353963860772901,-2.4744683979646647
AAPL,news_only,lightgbm,10,0.01,42,"{""n_estimators"": ""50"", ""learning_rate"": 0.02154243887483279, ""num_leaves"": ""20"", ""subsample"": 1.0}",0.49583333333333335,0.5249546964663243,23,0.5217391304347826,1.347707006500739,15.068642355027738,-0.12799130674308454,2.8264413671954407,0.5,0.4999338974087784,24,0.375,-0.7793443356031801,-0.8762467482670111,-0.2452386607082593,-1.0238831842110607,-3.573036754222905
AAPL,news_only,lightgbm,10,0.01,7,"{""n_estimators"": ""52"", ""learning_rate"": 0.02016771816472304, ""num_leaves"": ""21"", ""subsample"": 0.9964162701758827}",0.5,0.5273708849290245,23,0.4782608695652174,1.314400841155579,13.997684564813724,-0.12799130674308454,2.768139314158091,0.508130081300813,0.4953067160232681,24,0.375,-0.7793443356031801,-0.8762467482670111,-0.2452386607082593,-1.0238831842110607,-3.573036754222905
AAPL,news_only,lightgbm,10,0.01,1337,"{""n_estimators"": ""51"", ""learning_rate"": 0.02536995115817655, ""num_leaves"": ""31"", ""subsample"": 0.5046195289080283}",0.48333333333333334,0.5229537903956508,23,0.5217391304347826,1.347707006500739,15.068642355027738,-0.12799130674308454,2.8264413671954407,0.483739837398374,0.4954389212057113,24,0.3333333333333333,-1.3755651428292348,-0.9669078604097573,-0.2899844583210388,-1.7806291279377777,-3.3343437300329506
AAPL,news_only,lightgbm,10,0.01,2024,"{""n_estimators"": ""111"", ""learning_rate"": 0.01, ""num_leaves"": ""100"", ""subsample"": 1.0}",0.5,0.521972213832679,23,0.4782608695652174,1.314400841155579,13.997684564813724,-0.12799130674308454,2.768139314158091,0.508130081300813,0.4988762559492332,24,0.375,-0.7793443356031801,-0.8762467482670111,-0.2452386607082593,-1.0238831842110607,-3.573036754222905
AAPL,news_only,lightgbm,10,0.01,31415,"{""n_estimators"": ""102"", ""learning_rate"": 0.01, ""num_leaves"": ""20"", ""subsample"": 1.0}",0.5041666666666667,0.523784355179704,23,0.5217391304347826,1.4921668496259775,20.573250681212297,-0.12799130674308454,2.986632062479321,0.5040650406504065,0.49758725542041243,24,0.375,-0.7793443356031801,-0.8762467482670111,-0.2452386607082593,-1.0238831842110607,-3.573036754222905
AAPL,social_only,lightgbm,2,0.0025,42,"{""n_estimators"": ""403"", ""learning_rate"": 0.09859060537065262, ""num_leaves"": ""100"", ""subsample"": 0.8809401942253767}",0.4879032258064516,0.5396421107628004,123,0.45528455284552843,-0.6531164550277324,-0.2891627935663206,-0.2622651900914642,-1.0688838930505478,0.4796747967479675,0.4803571428571428,122,0.45081967213114754,-0.7836006475077975,-0.34136673543062823,-0.2584862097407553,-1.1077185758526427,-1.320638094283624
AAPL,social_only,lightgbm,2,0.0025,7,"{""n_estimators"": ""500"", ""learning_rate"": 0.11994473193407856, ""num_leaves"": ""70"", ""subsample"": 0.6177075793949844}",0.49193548387096775,0.5410135841170324,123,0.4634146341463415,-0.5593457689816494,-0.2586687107520199,-0.24678183670828222,-0.9091791470290824,0.483739837398374,0.4927248677248678,122,0.4672131147540984,-0.35291075037524194,-0.19512419823270477,-0.19788149135514482,-0.49507870879391536,-0.9860659372255718
AAPL,social_only,lightgbm,2,0.0025,1337,"{""n_estimators"": ""281"", ""learning_rate"": 0.2031450490020647, ""num_leaves"": ""86"", ""subsample"": 0.5047353346821571}",0.5040322580645161,0.5425809822361546,123,0.4796747967479675,-0.20626952931745382,-0.13154230687329826,-0.24678183670828222,-0.33414515310362575,0.4796747967479675,0.49166666666666675,122,0.45901639344262296,-0.5940579068460916,-0.2806463424104604,-0.1983197891880127,-0.8349103620690712,-1.4151202134669465
AAPL,social_only,lightgbm,2,0.0025,2024,"{""n_estimators"": ""352"", ""learning_rate"": 0.10609644263579199, ""num_leaves"": ""43"", ""subsample"": 0.7043532683868217}",0.49193548387096775,0.543103448275862,123,0.44715447154471544,-1.151635314474279,-0.43116819679582785,-0.33830271482549845,-1.755336997107409,0.47560975609756095,0.4936507936507937,122,0.45081967213114754,-0.7836006475077975,-0.34136673543062823,-0.2584862097407553,-1.1077185758526427,-1.320638094283624
AAPL,social_only,lightgbm,2,0.0025,31415,"{""n_estimators"": ""500"", ""learning_rate"": 0.10509094084343258, ""num_leaves"": ""75"", ""subsample"": 0.9767145538539576}",0.5,0.5411442006269592,123,0.4715447154471545,-0.2966513145976096,-0.16601612140555044,-0.24678183670828222,-0.4840570320895869,0.4878048780487805,0.4857804232804233,122,0.47540983606557374,-0.19385464432891716,-0.13322571547180262,-0.19788149135514474,-0.2698858738096484,-0.6732601142200704
AAPL,social_only,lightgbm,5,0.005,42,"{""n_estimators"": ""167"", ""learning_rate"": 0.024156136647837, ""num_leaves"": ""100"", ""subsample"": 0.9601503242762306}",0.46530612244897956,0.5466326530612244,48,0.4375,-1.2988818545043523,-0.7738953799640444,-0.2100875873488628,-2.5570987938512264,0.483739837398374,0.476047111758089,49,0.30612244897959184,-2.053655363964047,-0.9397025868830636,-0.5043619788819043,-2.948280693187978,-1.8631511220695995
AAPL,social_only,lightgbm,5,0.005,7,"{""n_estimators"": ""429"", ""learning_rate"": 0.01, ""num_leaves"": ""97"", ""subsample"": 0.68514293427389}",0.45714285714285713,0.5441836734693878,48,0.4375,-1.2988818545043523,-0.7738953799640444,-0.2100875873488628,-2.5570987938512264,0.47560975609756095,0.47359888837424735,49,0.30612244897959184,-2.053655363964047,-0.9397025868830636,-0.5043619788819043,-2.948280693187978,-1.8631511220695995
AAPL,social_only,lightgbm,5,0.005,1337,"{""n_estimators"": ""452"", ""learning_rate"": 0.01, ""num_leaves"": ""91"", ""subsample"": 0.5}",0.46530612244897956,0.5453061224489796,48,0.4375,-1.2988818545043523,-0.7738953799640444,-0.2100875873488628,-2.5570987938512264,0.483739837398374,0.4751869251637663,49,0.30612244897959184,-2.053655363964047,-0.9397025868830636,-0.5043619788819043,-2.948280693187978,-1.8631511220695995
AAPL,social_only,lightgbm,5,0.005,2024,"{""n_estimators"": ""120"", ""learning_rate"": 0.03727648368654669, ""num_leaves"": ""42"", ""subsample"": 0.6283976804101659}",0.46938775510204084,0.5430952380952381,48,0.4375,-1.2988818545043523,-0.7738953799640444,-0.2100875873488628,-2.5570987938512264,0.47560975609756095,0.47641103685568714,49,0.30612244897959184,-2.053655363964047,-0.9397025868830636,-0.5043619788819043,-2.948280693187978,-1.8631511220695995
AAPL,social_only,lightgbm,5,0.005,31415,"{""n_estimators"": ""70"", ""learning_rate"": 0.03398564310652204, ""num_leaves"": ""62"", ""subsample"": 0.6914259209621798}",0.5510204081632653,0.5404761904761904,48,0.5625,1.3358172869914933,2.630594082449248,-0.0710337815020179,3.1202527367820685,0.43902439024390244,0.4526897373122477,49,0.30612244897959184,-2.764520873895737,-0.9732514346834817,-0.5407246954718916,-3.6246256573529028,-1.7999019516468044
AAPL,social_only,lightgbm,10,0.01,42,"{""n_estimators"": ""50"", ""learning_rate"": 0.01, ""num_leaves"": ""100"", ""subsample"": 0.5049806644794095}",0.4166666666666667,0.5715418302627605,23,0.2608695652173913,-2.155737974073963,-0.9925911426193136,-0.3335430299301153,-3.359288889303992,0.4878048780487805,0.5301427815970386,24,0.4583333333333333,-0.12749902046324627,-0.4305625085380087,-0.17685271466950955,-0.20096242641693018,-2.4345824113732997
AAPL,social_only,lightgbm,10,0.01,7,"{""n_estimators"": ""50"", ""learning_rate"": 0.01, ""num_leaves"": ""100"", ""subsample"": 0.5}",0.4166666666666667,0.5715418302627605,23,0.2608695652173913,-2.155737974073963,-0.9925911426193136,-0.3335430299301153,-3.359288889303992,0.4878048780487805,0.5301427815970386,24,0.4583333333333333,-0.12749902046324627,-0.4305625085380087,-0.17685271466950955,-0.20096242641693018,-2.4345824113732997
AAPL,social_only,lightgbm,10,0.01,1337,"{""n_estimators"": ""50"", ""learning_rate"": 0.01, ""num_leaves"": ""86"", ""subsample"": 0.5774052106806381}",0.4166666666666667,0.5715418302627605,23,0.2608695652173913,-2.155737974073963,-0.9925911426193136,-0.3335430299301153,-3.359288889303992,0.4878048780487805,0.5301427815970386,24,0.4583333333333333,-0.12749902046324627,-0.4305625085380087,-0.17685271466950955,-0.20096242641693018,-2.4345824113732997
AAPL,social_only,lightgbm,10,0.01,2024,"{""n_estimators"": ""50"", ""learning_rate"": 0.01, ""num_leaves"": ""96"", ""subsample"": 1.0}",0.4166666666666667,0.5715418302627605,23,0.2608695652173913,-2.155737974073963,-0.9925911426193136,-0.3335430299301153,-3.359288889303992,0.4878048780487805,0.5301427815970386,24,0.4583333333333333,-0.12749902046324627,-0.4305625085380087,-0.17685271466950955,-0.20096242641693018,-2.4345824113732997
AAPL,social_only,lightgbm,10,0.01,31415,"{""n_estimators"": ""52"", ""learning_rate"": 0.010311176975099154, ""num_leaves"": ""61"", ""subsample"": 0.6692399961296448}",0.4166666666666667,0.5719948655995168,23,0.2608695652173913,-2.155737974073963,-0.9925911426193136,-0.3335430299301153,-3.359288889303992,0.4878048780487805,0.5300105764145955,24,0.4583333333333333,-0.12749902046324627,-0.4305625085380087,-0.17685271466950955,-0.20096242641693018,-2.4345824113732997
AAPL,sentiment_only,lightgbm,2,0.0025,42,"{""n_estimators"": ""405"", ""learning_rate"": 0.19596904688510342, ""num_leaves"": ""20"", ""subsample"": 0.8956231065455109}",0.4879032258064516,0.5042450365726228,123,0.42276422764227645,-2.3029282679672676,-0.6566189696608862,-0.421886810206699,-3.1079939533861225,0.532520325203252,0.5239748677248678,122,0.5245901639344263,0.8426096677628387,0.4014929058370542,-0.2010164837698107,1.5323856192165568,1.9973133461871433
AAPL,sentiment_only,lightgbm,2,0.0025,7,"{""n_estimators"": ""315"", ""learning_rate"": 0.29999999999999993, ""num_leaves"": ""20"", ""subsample"": 0.5590372498861451}",0.4879032258064516,0.5036246081504702,123,0.42276422764227645,-2.3029282679672676,-0.6566189696608862,-0.421886810206699,-3.1079939533861225,0.532520325203252,0.5244378306878307,122,0.5245901639344263,0.8426096677628387,0.4014929058370542,-0.2010164837698107,1.5323856192165568,1.9973133461871433
AAPL,sentiment_only,lightgbm,2,0.0025,1337,"{""n_estimators"": ""248"", ""learning_rate"": 0.016145763077481706, ""num_leaves"": ""86"", ""subsample"": 0.9488269669253357}",0.5161290322580645,0.5061063218390804,123,0.44715447154471544,-1.5331834539101368,-0.5199210950419901,-0.32800521810474226,-2.020277988094937,0.532520325203252,0.5306216931216932,122,0.5163934426229508,0.8744077021367771,0.42206920772506673,-0.1695609310753046,1.6377831143109645,2.4891890192418167
AAPL,sentiment_only,lightgbm,2,0.0025,2024,"{""n_estimators"": ""500"", ""learning_rate"": 0.15160383422731544, ""num_leaves"": ""33"", ""subsample"": 0.6680105750206126}",0.4879032258064516,0.5026776384535006,123,0.42276422764227645,-2.3029282679672676,-0.6566189696608862,-0.421886810206699,-3.1079939533861225,0.532520325203252,0.5286706349206349,122,0.5245901639344263,0.8426096677628387,0.4014929058370542,-0.2010164837698107,1.5323856192165568,1.9973133461871433
AAPL,sentiment_only,lightgbm,2,0.0025,31415,"{""n_estimators"": ""472"", ""learning_rate"": 0.26488966296205096, ""num_leaves"": ""100"", ""subsample"": 0.5165630612913132}",0.4879032258064516,0.5046042319749215,123,0.42276422764227645,-2.3029282679672676,-0.6566189696608862,-0.421886810206699,-3.1079939533861225,0.532520325203252,0.5269179894179894,122,0.5245901639344263,0.8426096677628387,0.4014929058370542,-0.2010164837698107,1.5323856192165568,1.9973133461871433
AAPL,sentiment_only,lightgbm,5,0.005,42,"{""n_estimators"": ""428"", ""learning_rate"": 0.15466442033426345, ""num_leaves"": ""43"", ""subsample"": 0.9211820134701973}",0.5306122448979592,0.5696938775510203,48,0.5416666666666666,0.5180790181202487,0.5594351310781429,-0.13586493313690645,1.2500283023807293,0.540650406504065,0.5367233507576259,49,0.40816326530612246,-1.2751401198507442,-0.842309311668882,-0.37778578719000694,-1.7169261217625784,-2.2295950250908816
AAPL,sentiment_only,lightgbm,5,0.005,7,"{""n_estimators"": ""127"", ""learning_rate"": 0.29999999999999993, ""num_leaves"": ""100"", ""subsample"": 1.0}",0.5306122448979592,0.567721088435374,48,0.5416666666666666,0.5180790181202487,0.5594351310781429,-0.13586493313690645,1.2500283023807293,0.5447154471544715,0.5383444716469264,49,0.40816326530612246,-1.2751401198507442,-0.842309311668882,-0.37778578719000694,-1.7169261217625784,-2.2295950250908816
AAPL,sentiment_only,lightgbm,5,0.005,1337,"{""n_estimators"": ""131"", ""learning_rate"": 0.29999999999999993, ""num_leaves"": ""100"", ""subsample"": 0.5}",0.5306122448979592,0.5690136054421768,48,0.5416666666666666,0.5180790181202487,0.5594351310781429,-0.13586493313690645,1.2500283023807293,0.5447154471544715,0.5394693310395025,49,0.40816326530612246,-1.2751401198507442,-0.842309311668882,-0.37778578719000694,-1.7169261217625784,-2.2295950250908816
AAPL,sentiment_only,lightgbm,5,0.005,2024,"{""n_estimators"": ""192"", ""learning_rate"": 0.29999999999999993, ""num_leaves"": ""100"", ""subsample"": 1.0}",0.5306122448979592,0.5700340136054421,48,0.5416666666666666,0.5180790181202487,0.5594351310781429,-0.13586493313690645,1.2500283023807293,0.540650406504065,0.5358962482630848,49,0.40816326530612246,-1.2751401198507442,-0.842309311668882,-0.37778578719000694,-1.7169261217625784,-2.2295950250908816
AAPL,sentiment_only,lightgbm,5,0.005,31415,"{""n_estimators"": ""171"", ""learning_rate"": 0.29999999999999993, ""num_leaves"": ""100"", ""subsample"": 1.0}",0.5306122448979592,0.5708843537414966,48,0.5416666666666666,0.5180790181202487,0.5594351310781429,-0.13586493313690645,1.2500283023807293,0.540650406504065,0.5384106398464897,49,0.40816326530612246,-1.2751401198507442,-0.842309311668882,-0.37778578719000694,-1.7169261217625784,-2.2295950250908816
AAPL,sentiment_only,lightgbm,10,0.01,42,"{""n_estimators"": ""50"", ""learning_rate"": 0.013214642046584735, ""num_leaves"": ""45"", ""subsample"": 0.6931208357479244}",0.5541666666666667,0.5437556629417094,23,0.5652173913043478,-0.4021939893109272,-0.6974426433137434,-0.1882679938044055,-0.6098542536122821,0.4959349593495935,0.49296007403490216,24,0.4583333333333333,0.06224974981846256,-0.10960019735048854,-0.15994134664904536,0.09920196632553775,-0.6852524356380534
AAPL,sentiment_only,lightgbm,10,0.01,7,"{""n_estimators"": ""53"", ""learning_rate"": 0.011479907029543986, ""num_leaves"": ""86"", ""subsample"": 0.9525947053291495}",0.5583333333333333,0.5445107218363032,23,0.5652173913043478,-0.4021939893109272,-0.6974426433137434,-0.1882679938044055,-0.6098542536122821,0.5,0.4921337916446325,24,0.4583333333333333,0.06224974981846256,-0.10960019735048854,-0.15994134664904536,0.09920196632553775,-0.6852524356380534
AAPL,sentiment_only,lightgbm,10,0.01,1337,"{""n_estimators"": ""50"", ""learning_rate"": 0.01194292966359412, ""num_leaves"": ""80"", ""subsample"": 0.5}",0.5583333333333333,0.5437934158864391,23,0.5652173913043478,-0.4021939893109272,-0.6974426433137434,-0.1882679938044055,-0.6098542536122821,0.5,0.492365150713908,24,0.4583333333333333,0.06224974981846256,-0.10960019735048854,-0.15994134664904536,0.09920196632553775,-0.6852524356380534
AAPL,sentiment_only,lightgbm,10,0.01,2024,"{""n_estimators"": ""50"", ""learning_rate"": 0.012428520444535277, ""num_leaves"": ""75"", ""subsample"": 1.0}",0.5583333333333333,0.5429250981576562,23,0.5652173913043478,-0.4021939893109272,-0.6974426433137434,-0.1882679938044055,-0.6098542536122821,0.5,0.49302617662612375,24,0.4583333333333333,0.06224974981846256,-0.10960019735048854,-0.15994134664904536,0.09920196632553775,-0.6852524356380534
AAPL,sentiment_only,lightgbm,10,0.01,31415,"{""n_estimators"": ""74"", ""learning_rate"": 0.01, ""num_leaves"": ""73"", ""subsample"": 1.0}",0.5541666666666667,0.5420945333736031,23,0.5652173913043478,-0.4021939893109272,-0.6974426433137434,-0.1882679938044055,-0.6098542536122821,0.4959349593495935,0.49338974087784243,24,0.4583333333333333,0.06224974981846256,-0.10960019735048854,-0.15994134664904536,0.09920196632553775,-0.6852524356380534
AAPL,technical_only,lightgbm,2,0.0025,42,"{""n_estimators"": ""472"", ""learning_rate"": 0.034694204483668584, ""num_leaves"": ""100"", ""subsample"": 0.5}",0.5725806451612904,0.5827455590386624,123,0.5853658536585366,2.638363180518571,1.9650616981931597,-0.12126588504942859,4.778505590998053,0.491869918699187,0.48736772486772484,122,0.5409836065573771,1.8166406473678092,1.171244459382312,-0.10603351131878613,3.1307375324597997,11.045983904663927
AAPL,technical_only,lightgbm,2,0.0025,7,"{""n_estimators"": ""50"", ""learning_rate"": 0.29999999999999993, ""num_leaves"": ""81"", ""subsample"": 0.7148290894600249}",0.5725806451612904,0.5828761755485893,123,0.5853658536585366,2.638363180518571,1.9650616981931597,-0.12126588504942859,4.778505590998053,0.4878048780487805,0.48121693121693127,122,0.5327868852459017,1.6494267841093537,1.0166714693025134,-0.13386824850804027,2.870688696046958,7.594567648664284
AAPL,technical_only,lightgbm,2,0.0025,1337,"{""n_estimators"": ""50"", ""learning_rate"": 0.29999999999999993, ""num_leaves"": ""99"", ""subsample"": 0.5770371138180606}",0.5725806451612904,0.5828761755485893,123,0.5853658536585366,2.638363180518571,1.9650616981931597,-0.12126588504942859,4.778505590998053,0.4878048780487805,0.48121693121693127,122,0.5327868852459017,1.6494267841093537,1.0166714693025134,-0.13386824850804027,2.870688696046958,7.594567648664284
AAPL,technical_only,lightgbm,2,0.0025,2024,"{""n_estimators"": ""322"", ""learning_rate"": 0.07038538159272249, ""num_leaves"": ""97"", ""subsample"": 0.7988025917439135}",0.5725806451612904,0.5825496342737722,123,0.5853658536585366,2.638363180518571,1.9650616981931597,-0.12126588504942859,4.778505590998053,0.4878048780487805,0.4810185185185185,122,0.5327868852459017,1.6494267841093537,1.0166714693025134,-0.13386824850804027,2.870688696046958,7.594567648664284
AAPL,technical_only,lightgbm,2,0.0025,31415,"{""n_estimators"": ""500"", ""learning_rate"": 0.04195496465399981, ""num_leaves"": ""94"", ""subsample"": 0.9671274306625428}",0.5725806451612904,0.5825496342737722,123,0.5853658536585366,2.638363180518571,1.9650616981931597,-0.12126588504942859,4.778505590998053,0.491869918699187,0.4867724867724868,122,0.5409836065573771,1.8166406473678092,1.171244459382312,-0.10603351131878613,3.1307375324597997,11.045983904663927
AAPL,technical_only,lightgbm,5,0.005,42,"{""n_estimators"": ""50"", ""learning_rate"": 0.039687812498151634, ""num_leaves"": ""61"", ""subsample"": 0.8635239235327961}",0.5959183673469388,0.5547278911564626,48,0.6875,2.147104850861407,6.904791935335383,-0.09746616627376647,2.9491348038157357,0.5487804878048781,0.5278237279163634,49,0.5306122448979592,0.9200291425790346,1.824252582920896,-0.22680876861517718,1.6280520363160038,8.043130757506454
AAPL,technical_only,lightgbm,5,0.005,7,"{""n_estimators"": ""391"", ""learning_rate"": 0.29999999999999993, ""num_leaves"": ""29"", ""subsample"": 0.5}",0.5795918367346938,0.5510544217687074,48,0.7083333333333334,2.551512725314682,10.333861655914411,-0.09746616627376652,3.354759768736849,0.573170731707317,0.5684840865480051,49,0.5306122448979592,0.3503038410140785,0.3418664471319428,-0.27704841758453275,0.5403169789541572,1.2339592123013403
AAPL,technical_only,lightgbm,5,0.005,1337,"{""n_estimators"": ""500"", ""learning_rate"": 0.20287324785560817, ""num_leaves"": ""67"", ""subsample"": 0.8583979276124178}",0.5714285714285714,0.5512244897959184,48,0.6875,2.273391664854393,7.865989594978407,-0.09746616627376638,3.136292368334069,0.5650406504065041,0.5561106332296698,49,0.5306122448979592,0.3503038410140785,0.3418664471319428,-0.27704841758453275,0.5403169789541572,1.2339592123013403
AAPL,technical_only,lightgbm,5,0.005,2024,"{""n_estimators"": ""92"", ""learning_rate"": 0.018751288025857342, ""num_leaves"": ""26"", ""subsample"": 1.0}",0.5959183673469388,0.5543197278911565,48,0.6875,2.147104850861407,6.904791935335383,-0.09746616627376647,2.9491348038157357,0.5487804878048781,0.527029709521604,49,0.5102040816326531,0.2638406957385182,0.1971915031759861,-0.292908962036515,0.41284392948842175,0.6732177185872639
AAPL,technical_only,lightgbm,5,0.005,31415,"{""n_estimators"": ""102"", ""learning_rate"": 0.011940807019562086, ""num_leaves"": ""25"", ""subsample"": 0.6204413430315863}",0.5918367346938775,0.5530612244897959,48,0.6666666666666666,1.7558334337568493,4.475028241990969,-0.09746616627376661,2.507209586998486,0.5650406504065041,0.5347052206709455,49,0.5306122448979592,0.9200291425790346,1.824252582920896,-0.22680876861517718,1.6280520363160038,8.043130757506454
AAPL,technical_only,lightgbm,10,0.01,42,"{""n_estimators"": ""191"", ""learning_rate"": 0.2724378050582041, ""num_leaves"": ""86"", ""subsample"": 0.7398005369884086}",0.6166666666666667,0.5228405315614617,23,0.782608695652174,2.00885919945554,56.814995703259555,-0.08868783594750278,3.0029259154855117,0.4878048780487805,0.4844989423585404,24,0.6666666666666666,-0.10069887323560879,-0.4007945740612273,-0.26446308647524003,-0.10681173156373938,-1.515502898355348
AAPL,technical_only,lightgbm,10,0.01,7,"{""n_estimators"": ""225"", ""learning_rate"": 0.26810952788023995, ""num_leaves"": ""33"", ""subsample"": 0.9427516663662561}",0.6166666666666667,0.5244261552401087,23,0.782608695652174,2.00885919945554,56.814995703259555,-0.08868783594750278,3.0029259154855117,0.483739837398374,0.49104309888947645,24,0.6666666666666666,-0.10069887323560879,-0.4007945740612273,-0.26446308647524003,-0.10681173156373938,-1.515502898355348
AAPL,technical_only,lightgbm,10,0.01,1337,"{""n_estimators"": ""320"", ""learning_rate"": 0.16443516281858886, ""num_leaves"": ""59"", ""subsample"": 0.906051186710823}",0.6166666666666667,0.5241241316822712,23,0.782608695652174,2.00885919945554,56.814995703259555,-0.08868783594750278,3.0029259154855117,0.483739837398374,0.48496166049709144,24,0.6666666666666666,-0.10069887323560879,-0.4007945740612273,-0.26446308647524003,-0.10681173156373938,-1.515502898355348
AAPL,technical_only,lightgbm,10,0.01,2024,"{""n_estimators"": ""220"", ""learning_rate"": 0.16229345597928943, ""num_leaves"": ""53"", ""subsample"": 0.6073634597739768}",0.6166666666666667,0.5221609785563274,23,0.782608695652174,2.00885919945554,56.814995703259555,-0.08868783594750278,3.0029259154855117,0.4878048780487805,0.4840362242199894,24,0.6666666666666666,-0.10069887323560879,-0.4007945740612273,-0.26446308647524003,-0.10681173156373938,-1.515502898355348
AAPL,technical_only,lightgbm,10,0.01,31415,"{""n_estimators"": ""453"", ""learning_rate"": 0.13076164681091376, ""num_leaves"": ""25"", ""subsample"": 0.5044904113121}",0.6166666666666667,0.5234445786771368,23,0.782608695652174,2.00885919945554,56.814995703259555,-0.08868783594750278,3.0029259154855117,0.483739837398374,0.4846311475409836,24,0.6666666666666666,-0.10069887323560879,-0.4007945740612273,-0.26446308647524003,-0.10681173156373938,-1.515502898355348
AAPL,learned_alpha_per_stock,lightgbm,2,0.0025,42,"{""n_estimators"": ""50"", ""learning_rate"": 0.01012612093280528, ""num_leaves"": ""93"", ""subsample"": 0.6616911083258538}",0.5685483870967742,0.5769657784743991,123,0.5284552845528455,1.0878517030919588,0.5429958299542361,-0.11694085120411811,2.0052449980409723,0.483739837398374,0.49140211640211645,122,0.4180327868852459,-1.012984802806359,-0.40731848894246303,-0.2574105267066844,-2.0087177085189936,-1.582369198935662
AAPL,learned_alpha_per_stock,lightgbm,2,0.0025,7,"{""n_estimators"": ""500"", ""learning_rate"": 0.01, ""num_leaves"": ""20"", ""subsample"": 0.8170864521593684}",0.5564516129032258,0.5727207419017765,123,0.5203252032520326,0.8792453258271145,0.40813388908709314,-0.1119964050008115,1.5934612030736708,0.45934959349593496,0.4717592592592592,122,0.4262295081967213,-0.8680259995486823,-0.36609471092884627,-0.21332466393491895,-1.703500312826413,-1.7161386975888282
AAPL,learned_alpha_per_stock,lightgbm,2,0.0025,1337,"{""n_estimators"": ""50"", ""learning_rate"": 0.01, ""num_leaves"": ""55"", ""subsample"": 1.0}",0.5604838709677419,0.5776188610240335,123,0.4959349593495935,0.48506599293219455,0.18293378304339192,-0.12437089714458417,0.9041928687251084,0.4878048780487805,0.4941137566137567,122,0.4262295081967213,-0.9228394490897502,-0.38201719873113515,-0.2490687120054544,-1.8195816212475204,-1.5337823673443547
AAPL,learned_alpha_per_stock,lightgbm,2,0.0025,2024,"{""n_estimators"": ""51"", ""learning_rate"": 0.010083975621858553, ""num_leaves"": ""94"", ""subsample"": 0.8746267955420948}",0.5604838709677419,0.578239289446186,123,0.4959349593495935,0.48506599293219455,0.18293378304339192,-0.12437089714458417,0.9041928687251084,0.4878048780487805,0.49004629629629637,122,0.4262295081967213,-0.9228394490897502,-0.38201719873113515,-0.2490687120054544,-1.8195816212475204,-1.5337823673443547
AAPL,learned_alpha_per_stock,lightgbm,2,0.0025,31415,"{""n_estimators"": ""50"", ""learning_rate"": 0.01, ""num_leaves"": ""99"", ""subsample"": 0.8741164918003559}",0.5604838709677419,0.5776188610240335,123,0.4959349593495935,0.48506599293219455,0.18293378304339192,-0.12437089714458417,0.9041928687251084,0.4878048780487805,0.4941137566137567,122,0.4262295081967213,-0.9228394490897502,-0.38201719873113515,-0.2490687120054544,-1.8195816212475204,-1.5337823673443547
AAPL,learned_alpha_per_stock,lightgbm,5,0.005,42,"{""n_estimators"": ""59"", ""learning_rate"": 0.01, ""num_leaves"": ""59"", ""subsample"": 0.605537256804751}",0.5959183673469388,0.6266326530612245,48,0.4791666666666667,0.20927210919650763,0.12199316013088124,-0.14039978704991665,0.39803303446909877,0.4959349593495935,0.5486667107787997,49,0.40816326530612246,-0.7109713582088221,-0.6717652608916428,-0.2666315688244114,-1.035093795586774,-2.519451330738821
AAPL,learned_alpha_per_stock,lightgbm,5,0.005,7,"{""n_estimators"": ""50"", ""learning_rate"": 0.01, ""num_leaves"": ""100"", ""subsample"": 1.0}",0.6040816326530613,0.6264965986394558,48,0.4791666666666667,0.20927210919650763,0.12199316013088124,-0.14039978704991665,0.39803303446909877,0.491869918699187,0.5492291404750876,49,0.3877551020408163,-0.9265638549151307,-0.7524211577050202,-0.27299056457582305,-1.36809736558765,-2.756216717138718
AAPL,learned_alpha_per_stock,lightgbm,5,0.005,1337,"{""n_estimators"": ""50"", ""learning_rate"": 0.010239791737301697, ""num_leaves"": ""43"", ""subsample"": 0.8511495573064489}",0.6,0.6291836734693877,48,0.4791666666666667,0.20927210919650763,0.12199316013088124,-0.14039978704991665,0.39803303446909877,0.4959349593495935,0.5493614768742142,49,0.40816326530612246,-0.7109713582088221,-0.6717652608916428,-0.2666315688244114,-1.035093795586774,-2.519451330738821
AAPL,learned_alpha_per_stock,lightgbm,5,0.005,2024,"{""n_estimators"": ""51"", ""learning_rate"": 0.010110220168260691, ""num_leaves"": ""33"", ""subsample"": 0.6146883104598782}",0.5959183673469388,0.6296258503401361,48,0.4791666666666667,0.20927210919650763,0.12199316013088124,-0.14039978704991665,0.39803303446909877,0.4959349593495935,0.5507510090650434,49,0.40816326530612246,-0.7109713582088221,-0.6717652608916428,-0.2666315688244114,-1.035093795586774,-2.519451330738821
AAPL,learned_alpha_per_stock,lightgbm,5,0.005,31415,"{""n_estimators"": ""50"", ""learning_rate"": 0.010569213237346413, ""num_leaves"": ""100"", ""subsample"": 0.8779179432199291}",0.6,0.6280952380952383,48,0.4791666666666667,0.20927210919650763,0.12199316013088124,-0.14039978704991665,0.39803303446909877,0.4959349593495935,0.5499900747700655,49,0.40816326530612246,-0.7109713582088221,-0.6717652608916428,-0.2666315688244114,-1.035093795586774,-2.519451330738821
AAPL,learned_alpha_per_stock,lightgbm,10,0.01,42,"{""n_estimators"": ""50"", ""learning_rate"": 0.018141529042416407, ""num_leaves"": ""20"", ""subsample"": 1.0}",0.525,0.5413017215342798,23,0.43478260869565216,-0.6492908358379964,-0.8288340544787575,-0.22720604617357082,-1.0606439368638914,0.483739837398374,0.5155010576414596,24,0.4583333333333333,-0.9994402203225518,-0.9248399657516192,-0.32123484104370686,-1.2412591509929425,-2.879015124096662
AAPL,learned_alpha_per_stock,lightgbm,10,0.01,7,"{""n_estimators"": ""50"", ""learning_rate"": 0.025916409119540525, ""num_leaves"": ""20"", ""subsample"": 0.5}",0.49583333333333335,0.5454545454545455,23,0.43478260869565216,-0.6492908358379964,-0.8288340544787575,-0.22720604617357082,-1.0606439368638914,0.483739837398374,0.5153027498677948,24,0.4583333333333333,-0.7333694157563556,-0.8627037977088541,-0.26666936157249005,-0.8990453147930049,-3.2351065477551724
AAPL,learned_alpha_per_stock,lightgbm,10,0.01,1337,"{""n_estimators"": ""90"", ""learning_rate"": 0.01, ""num_leaves"": ""20"", ""subsample"": 0.916899336456229}",0.525,0.5423965569314406,23,0.43478260869565216,-0.6492908358379964,-0.8288340544787575,-0.22720604617357082,-1.0606439368638914,0.483739837398374,0.5158646218931782,24,0.4583333333333333,-0.9994402203225518,-0.9248399657516192,-0.32123484104370686,-1.2412591509929425,-2.879015124096662
AAPL,learned_alpha_per_stock,lightgbm,10,0.01,2024,"{""n_estimators"": ""74"", ""learning_rate"": 0.018355770431618682, ""num_leaves"": ""20"", ""subsample"": 0.5}",0.49583333333333335,0.5446239806704923,23,0.43478260869565216,-0.6492908358379964,-0.8288340544787575,-0.22720604617357082,-1.0606439368638914,0.483739837398374,0.5134849286092015,24,0.4583333333333333,-0.7333694157563556,-0.8627037977088541,-0.26666936157249005,-0.8990453147930049,-3.2351065477551724
AAPL,learned_alpha_per_stock,lightgbm,10,0.01,31415,"{""n_estimators"": ""50"", ""learning_rate"": 0.015533030397576515, ""num_leaves"": ""20"", ""subsample"": 1.0}",0.525,0.5433781334944126,23,0.43478260869565216,-0.6492908358379964,-0.8288340544787575,-0.22720604617357082,-1.0606439368638914,0.4878048780487805,0.5176493918561608,24,0.4583333333333333,-0.9994402203225518,-0.9248399657516192,-0.32123484104370686,-1.2412591509929425,-2.879015124096662
AAPL,learned_alpha_global,lightgbm,2,0.0025,42,"{""n_estimators"": ""499"", ""learning_rate"": 0.019569762494322806, ""num_leaves"": ""22"", ""subsample"": 0.7249095818819623}",0.5282258064516129,0.5383685997910136,123,0.4796747967479675,0.3578871630550361,0.11760119947164305,-0.21388191814845928,0.5972420698008354,0.4878048780487805,0.5001984126984127,122,0.45081967213114754,-1.0076298349671393,-0.4063566380754554,-0.34272861861683357,-1.48190861033049,-1.1856513171132557
AAPL,learned_alpha_global,lightgbm,2,0.0025,7,"{""n_estimators"": ""50"", ""learning_rate"": 0.29999999999999993, ""num_leaves"": ""26"", ""subsample"": 0.5067941560551329}",0.5120967741935484,0.5362134273772204,123,0.4878048780487805,0.7894505262563076,0.3534936316848718,-0.13205279262157715,1.457191432023871,0.508130081300813,0.5087632275132276,122,0.5,-0.2071558063084311,-0.13849340101922325,-0.24118552880488733,-0.2942144843434452,-0.5742193642607004
AAPL,learned_alpha_global,lightgbm,2,0.0025,1337,"{""n_estimators"": ""188"", ""learning_rate"": 0.15317812399392, ""num_leaves"": ""28"", ""subsample"": 0.6815700945446563}",0.5201612903225806,0.5355276907001045,123,0.4959349593495935,0.37878465758613566,0.12788649968785437,-0.13205279262157715,0.5941792085048249,0.5121951219512195,0.5071759259259259,122,0.5,-0.29628963776624095,-0.17353814543921275,-0.277682030269034,-0.4200646648477114,-0.6249527391854606
AAPL,learned_alpha_global,lightgbm,2,0.0025,2024,"{""n_estimators"": ""55"", ""learning_rate"": 0.17329386975810676, ""num_leaves"": ""20"", ""subsample"": 0.6590975428890418}",0.5201612903225806,0.5389237199582028,123,0.4715447154471545,0.1614137601931023,0.023822009632938235,-0.2468010416163122,0.2706864374976631,0.483739837398374,0.5085648148148147,122,0.45081967213114754,-1.1103653200897958,-0.4339600153650681,-0.357706243566396,-1.6111061427101991,-1.2131742824458644
AAPL,learned_alpha_global,lightgbm,2,0.0025,31415,"{""n_estimators"": ""268"", ""learning_rate"": 0.07392606064853202, ""num_leaves"": ""20"", ""subsample"": 0.6656260121154327}",0.5241935483870968,0.5368665099268548,123,0.4878048780487805,0.882186293471076,0.40992208171612643,-0.13205279262157715,1.6411414295934585,0.4959349593495935,0.4998015873015873,122,0.5,-0.12079221863346172,-0.10314228179535301,-0.24852370793225922,-0.17083002408851705,-0.4150198894644964
AAPL,learned_alpha_global,lightgbm,5,0.005,42,"{""n_estimators"": ""500"", ""learning_rate"": 0.013280558293539099, ""num_leaves"": ""25"", ""subsample"": 0.7902729720218211}",0.45714285714285713,0.46602040816326534,48,0.4583333333333333,-0.5167609160815562,-0.4845424793675276,-0.18909188661329282,-1.079805192944908,0.5040650406504065,0.5114801826242308,49,0.40816326530612246,-1.1626329519131593,-0.8171107671997042,-0.3422439605749377,-1.833360084796433,-2.3875096753410485
AAPL,learned_alpha_global,lightgbm,5,0.005,7,"{""n_estimators"": ""189"", ""learning_rate"": 0.02453404880347837, ""num_leaves"": ""27"", ""subsample"": 0.7096861052082442}",0.45714285714285713,0.4630272108843537,48,0.4166666666666667,-0.975403236507593,-0.6831333488120015,-0.26086985849575206,-2.104835510054202,0.4878048780487805,0.5013233639912658,49,0.3877551020408163,-1.03455388733994,-0.7839795421246123,-0.29419601345553875,-1.7794238200952457,-2.664820413153197
AAPL,learned_alpha_global,lightgbm,5,0.005,1337,"{""n_estimators"": ""293"", ""learning_rate"": 0.020345472093913703, ""num_leaves"": ""98"", ""subsample"": 0.9323432485755422}",0.47346938775510206,0.4670068027210884,48,0.4583333333333333,-0.5167609160815562,-0.4845424793675276,-0.18909188661329282,-1.079805192944908,0.4959349593495935,0.5181631707801231,49,0.40816326530612246,-1.1626329519131593,-0.8171107671997042,-0.3422439605749377,-1.833360084796433,-2.3875096753410485
AAPL,learned_alpha_global,lightgbm,5,0.005,2024,"{""n_estimators"": ""67"", ""learning_rate"": 0.1168798108695843, ""num_leaves"": ""23"", ""subsample"": 0.5134876168066829}",0.4775510204081633,0.47132653061224483,48,0.4375,-0.795641775013415,-0.6169487200909565,-0.2336760219569311,-1.6866293061921898,0.508130081300813,0.5216700853569775,49,0.40816326530612246,-1.1626329519131593,-0.8171107671997042,-0.3422439605749377,-1.833360084796433,-2.3875096753410485
AAPL,learned_alpha_global,lightgbm,5,0.005,31415,"{""n_estimators"": ""202"", ""learning_rate"": 0.03866930034839555, ""num_leaves"": ""20"", ""subsample"": 0.8945369720373306}",0.4489795918367347,0.4661904761904762,48,0.4375,-0.795641775013415,-0.6169487200909565,-0.2336760219569311,-1.6866293061921898,0.483739837398374,0.5046979421689936,49,0.3877551020408163,-1.6327887295330983,-0.8991009843989508,-0.35454544143725075,-2.5170259725123754,-2.535925947190829
AAPL,learned_alpha_global,lightgbm,10,0.01,42,"{""n_estimators"": ""50"", ""learning_rate"": 0.01899465436871729, ""num_leaves"": ""20"", ""subsample"": 0.5}",0.525,0.5534204167925099,23,0.30434782608695654,-0.998171797070046,-0.9220799003840897,-0.25566796636449535,-1.7423652203475386,0.5,0.5085272342675834,24,0.4583333333333333,-1.0539655222989923,-0.933425655788199,-0.33211106945375574,-1.3201401598200886,-2.810582788834662
AAPL,learned_alpha_global,lightgbm,10,0.01,7,"{""n_estimators"": ""65"", ""learning_rate"": 0.012771562108526003, ""num_leaves"": ""20"", ""subsample"": 0.5}",0.525,0.5542509815765629,23,0.30434782608695654,-0.998171797070046,-0.9220799003840897,-0.25566796636449535,-1.7423652203475386,0.491869918699187,0.504990745637229,24,0.4583333333333333,-1.0539655222989923,-0.933425655788199,-0.33211106945375574,-1.3201401598200886,-2.810582788834662
AAPL,learned_alpha_global,lightgbm,10,0.01,1337,"{""n_estimators"": ""50"", ""learning_rate"": 0.015646015858201787, ""num_leaves"": ""20"", ""subsample"": 0.5}",0.525,0.5540999697976442,23,0.30434782608695654,-0.998171797070046,-0.9220799003840897,-0.25566796636449535,-1.7423652203475386,0.491869918699187,0.5082958751983079,24,0.4583333333333333,-1.0539655222989923,-0.933425655788199,-0.33211106945375574,-1.3201401598200886,-2.810582788834662
AAPL,learned_alpha_global,lightgbm,10,0.01,2024,"{""n_estimators"": ""82"", ""learning_rate"": 0.01, ""num_leaves"": ""20"", ""subsample"": 1.0}",0.525,0.5564406523708849,23,0.30434782608695654,-0.998171797070046,-0.9220799003840897,-0.25566796636449535,-1.7423652203475386,0.4959349593495935,0.5099153886832365,24,0.4583333333333333,-1.0539655222989923,-0.933425655788199,-0.33211106945375574,-1.3201401598200886,-2.810582788834662
AAPL,learned_alpha_global,lightgbm,10,0.01,31415,"{""n_estimators"": ""78"", ""learning_rate"": 0.01, ""num_leaves"": ""20"", ""subsample"": 0.5}",0.525,0.5528918755662943,23,0.30434782608695654,-0.998171797070046,-0.9220799003840897,-0.25566796636449535,-1.7423652203475386,0.4959349593495935,0.5074695928080382,24,0.4583333333333333,-1.0539655222989923,-0.933425655788199,-0.33211106945375574,-1.3201401598200886,-2.810582788834662
META,full_70_30,lightgbm,2,0.0,42,"{""n_estimators"": ""361"", ""learning_rate"": 0.1727844465619186, ""num_leaves"": ""84"", ""subsample"": 1.0}",0.5120967741935484,0.49217002237136465,123,0.5203252032520326,-0.06023879103818564,-0.20010826857606268,-0.31446828987404973,-0.06537339261510429,0.47560975609756095,0.4605876393110436,122,0.4918032786885246,-0.7988038798180094,-0.5009588152546868,-0.2939957593464899,-1.0220938415936403,-1.7039661264783064
META,full_70_30,lightgbm,2,0.0,7,"{""n_estimators"": ""499"", ""learning_rate"": 0.11203414010790164, ""num_leaves"": ""44"", ""subsample"": 0.6028203939354222}",0.5201612903225806,0.4911192461528032,123,0.5040650406504065,-0.32606115151925297,-0.3569039410671989,-0.3377459650413641,-0.35906781894708656,0.46747967479674796,0.46041877744005405,122,0.48360655737704916,-0.8301750284157342,-0.5119402831807927,-0.29563160036763575,-1.0679668432732987,-1.731683225149693
META,full_70_30,lightgbm,2,0.0,1337,"{""n_estimators"": ""371"", ""learning_rate"": 0.29999999999999993, ""num_leaves"": ""23"", ""subsample"": 0.7083897285722492}",0.5080645161290323,0.4912887261880551,123,0.5121951219512195,-0.31949128939008076,-0.35382756310011376,-0.30275807301896823,-0.3401742471004187,0.4715447154471545,0.4739952718676123,122,0.47540983606557374,-0.9056347409918978,-0.5373704751974854,-0.31942176078694023,-1.1678676625533346,-1.6823226879521231
META,full_70_30,lightgbm,2,0.0,2024,"{""n_estimators"": ""259"", ""learning_rate"": 0.29815935039843366, ""num_leaves"": ""45"", ""subsample"": 0.5}",0.5120967741935484,0.49237339841366684,123,0.4878048780487805,-0.3937967612362024,-0.39165639519965734,-0.32573010528885327,-0.43892616856962013,0.4796747967479675,0.46963863559608243,122,0.5,-0.4146431028308367,-0.3440723383497256,-0.29762729867724586,-0.5310273132625462,-1.156051007010771
META,full_70_30,lightgbm,2,0.0,31415,"{""n_estimators"": ""275"", ""learning_rate"": 0.2987063192383681, ""num_leaves"": ""51"", ""subsample"": 0.8689506660917792}",0.4959677419354839,0.4945427428648905,123,0.5040650406504065,-0.37713056303854225,-0.3836723877711432,-0.2975227706983586,-0.4042801114803475,0.4796747967479675,0.46764606551840593,122,0.4918032786885246,-0.7607858529617306,-0.48730482425041644,-0.3177065907097997,-0.972801404872236,-1.5338203188096013
META,full_70_30,lightgbm,5,0.0,42,"{""n_estimators"": ""468"", ""learning_rate"": 0.29999999999999993, ""num_leaves"": ""100"", ""subsample"": 0.9772664180955023}",0.5224489795918368,0.5353432700993677,48,0.4791666666666667,-0.8104196109429365,-0.8684856163475356,-0.39373857146477653,-1.0178494309904098,0.4878048780487805,0.4714186127570582,49,0.3877551020408163,-2.0218196710823317,-0.9807968071243197,-0.5564543869554452,-2.2382393616801517,-1.76258257660722
META,full_70_30,lightgbm,5,0.0,7,"{""n_estimators"": ""458"", ""learning_rate"": 0.29999999999999993, ""num_leaves"": ""93"", ""subsample"": 0.6263296581009654}",0.5224489795918368,0.5351174345076785,48,0.4791666666666667,-0.8104196109429365,-0.8684856163475356,-0.39373857146477653,-1.0178494309904098,0.4878048780487805,0.4720460090623911,49,0.3877551020408163,-2.0218196710823317,-0.9807968071243197,-0.5564543869554452,-2.2382393616801517,-1.76258257660722
META,full_70_30,lightgbm,5,0.0,1337,"{""n_estimators"": ""398"", ""learning_rate"": 0.2987245820241636, ""num_leaves"": ""83"", ""subsample"": 0.5729009798053477}",0.5387755102040817,0.5354938271604939,48,0.5,-0.5191407199706959,-0.7649195175565131,-0.3320474766877277,-0.6416692664517634,0.508130081300813,0.47699546880446153,49,0.42857142857142855,-1.3768184815686697,-0.9422458541689214,-0.509424813617475,-1.5214996995810208,-1.8496269301802206
META,full_70_30,lightgbm,5,0.0,2024,"{""n_estimators"": ""54"", ""learning_rate"": 0.28722062084670386, ""num_leaves"": ""99"", ""subsample"": 0.8764641391792535}",0.5224489795918368,0.5373757904245708,48,0.4583333333333333,-1.0375640910695616,-0.9159462778247517,-0.4104736809195026,-1.323940013908102,0.483739837398374,0.4669571279191356,49,0.42857142857142855,-0.07930911154118622,-0.374966315390427,-0.2697115832121193,-0.12299821528868998,-1.3902492096363852
META,full_70_30,lightgbm,5,0.0,31415,"{""n_estimators"": ""486"", ""learning_rate"": 0.03465176448873463, ""num_leaves"": ""35"", ""subsample"": 0.9970362182061281}",0.5183673469387755,0.5359831376091538,48,0.4791666666666667,-0.8104196109429365,-0.8684856163475356,-0.39373857146477653,-1.0178494309904098,0.47560975609756095,0.45942837225514116,49,0.4897959183673469,0.13023836571438344,-0.08058926525815546,-0.26785038290512325,0.19588827460214647,-0.3008741835052796
META,full_70_30,lightgbm,10,0.0025,42,"{""n_estimators"": ""497"", ""learning_rate"": 0.2998076730782524, ""num_leaves"": ""97"", ""subsample"": 0.9210956397486483}",0.5083333333333333,0.5167032967032967,23,0.5217391304347826,-1.7489621447185204,-0.9993588219034759,-0.5615437074374754,-2.273002225795541,0.5365853658536586,0.5443109143298898,24,0.5833333333333334,0.6407012215598142,4.5134579215877855,-0.19737573991055635,1.305671446958434,22.867338831171065
META,full_70_30,lightgbm,10,0.0025,7,"{""n_estimators"": ""495"", ""learning_rate"": 0.2921712684417342, ""num_leaves"": ""26"", ""subsample"": 0.7271430547761704}",0.5166666666666667,0.5165714285714286,23,0.5217391304347826,-1.7489621447185204,-0.9993588219034759,-0.5615437074374754,-2.273002225795541,0.5487804878048781,0.5529903717759506,24,0.5833333333333334,0.6407012215598142,4.5134579215877855,-0.19737573991055635,1.305671446958434,22.867338831171065
META,full_70_30,lightgbm,10,0.0025,1337,"{""n_estimators"": ""500"", ""learning_rate"": 0.2601753147948763, ""num_leaves"": ""99"", ""subsample"": 0.83638762843664}",0.525,0.5174505494505495,23,0.5217391304347826,-1.7489621447185204,-0.9993588219034759,-0.5615437074374754,-2.273002225795541,0.556910569105691,0.5507765830346475,24,0.625,0.6741136798023964,5.21065643270694,-0.19737573991055635,1.488496693565558,26.399680300467644
META,full_70_30,lightgbm,10,0.0025,2024,"{""n_estimators"": ""500"", ""learning_rate"": 0.29999999999999993, ""num_leaves"": ""20"", ""subsample"": 0.5}",0.5208333333333334,0.5163516483516484,23,0.5217391304347826,-1.7489621447185204,-0.9993588219034759,-0.5615437074374754,-2.273002225795541,0.5487804878048781,0.5463490055520416,24,0.5833333333333334,0.6407012215598142,4.5134579215877855,-0.19737573991055635,1.305671446958434,22.867338831171065
META,full_70_30,lightgbm,10,0.0025,31415,"{""n_estimators"": ""500"", ""learning_rate"": 0.23834596718309614, ""num_leaves"": ""20"", ""subsample"": 1.0}",0.5208333333333334,0.5165714285714286,23,0.5217391304347826,-1.7489621447185204,-0.9993588219034759,-0.5615437074374754,-2.273002225795541,0.540650406504065,0.537037037037037,24,0.625,0.9614382875278997,16.036466938588493,-0.12479229163921539,1.8383744935332553,128.50526845801676
META,equal_50_50,lightgbm,2,0.0,42,"{""n_estimators"": ""195"", ""learning_rate"": 0.01, ""num_leaves"": ""100"", ""subsample"": 0.5}",0.5080645161290323,0.5412514405802996,123,0.45528455284552843,-0.018256151367585093,-0.16107315733391558,-0.4538645503406124,-0.02900666263350036,0.540650406504065,0.5147585275244849,122,0.5081967213114754,1.4298069037408503,1.4270433520158252,-0.16189444494263522,3.2637147022198265,8.814652982821466
META,equal_50_50,lightgbm,2,0.0,7,"{""n_estimators"": ""52"", ""learning_rate"": 0.03929476034775029, ""num_leaves"": ""24"", ""subsample"": 0.8993908851130531}",0.5201612903225806,0.5416920886719545,123,0.4796747967479675,-0.28445623487575444,-0.32577863003600727,-0.49016168258340226,-0.4483940055787163,0.5487804878048781,0.5115501519756839,122,0.5327868852459017,1.250735032239669,1.1441863312622647,-0.17865161938598142,2.7637385950685323,6.404567365214981
META,equal_50_50,lightgbm,2,0.0,1337,"{""n_estimators"": ""109"", ""learning_rate"": 0.01, ""num_leaves"": ""100"", ""subsample"": 1.0}",0.5282258064516129,0.5420310487424581,123,0.4796747967479675,-0.07427242702551302,-0.19879568603915987,-0.4742300936661344,-0.11692320215696482,0.5528455284552846,0.5180344478216818,122,0.5491803278688525,1.735797762822598,1.9920527192726052,-0.1786516193859813,3.709832708726691,11.150487894367895
META,equal_50_50,lightgbm,2,0.0,2024,"{""n_estimators"": ""50"", ""learning_rate"": 0.020915161940660367, ""num_leaves"": ""88"", ""subsample"": 1.0}",0.532258064516129,0.5436580570808759,123,0.4878048780487805,-0.09655886385715486,-0.21337208594470713,-0.47536191223830815,-0.15003812739736266,0.5487804878048781,0.5182033096926714,122,0.5491803278688525,1.5862245367183065,1.7018825171511902,-0.1786516193859813,3.4509358723182775,9.526264150308263
META,equal_50_50,lightgbm,2,0.0,31415,"{""n_estimators"": ""61"", ""learning_rate"": 0.016071536138394106, ""num_leaves"": ""100"", ""subsample"": 0.841198270248502}",0.532258064516129,0.5418615687072064,123,0.4878048780487805,-0.09655886385715486,-0.21337208594470713,-0.47536191223830815,-0.15003812739736266,0.5487804878048781,0.516548463356974,122,0.5491803278688525,1.5862245367183065,1.7018825171511902,-0.1786516193859813,3.4509358723182775,9.526264150308263
META,equal_50_50,lightgbm,5,0.0,42,"{""n_estimators"": ""500"", ""learning_rate"": 0.29999999999999993, ""num_leaves"": ""34"", ""subsample"": 0.617193510178768}",0.5020408163265306,0.4982309545317676,48,0.5416666666666666,-0.16943514758490513,-0.524636933685674,-0.3381193766574468,-0.2095061039278901,0.5487804878048781,0.5013245033112582,49,0.5102040816326531,0.8171538312628113,2.2424814577274557,-0.2814315253068997,1.5198641449974184,7.968124591877334
META,equal_50_50,lightgbm,5,0.0,7,"{""n_estimators"": ""350"", ""learning_rate"": 0.23640625361101497, ""num_leaves"": ""71"", ""subsample"": 0.8559654525566127}",0.5061224489795918,0.49800511894007826,48,0.5625,0.025883001451463303,-0.29540408595931367,-0.35023968604005534,0.03140938312732606,0.532520325203252,0.49749041477866857,49,0.5102040816326531,0.7307966528264918,1.775469595947853,-0.2814315253068997,1.384784217693384,6.308708997727643
META,equal_50_50,lightgbm,5,0.0,1337,"{""n_estimators"": ""307"", ""learning_rate"": 0.2812753727994944, ""num_leaves"": ""100"", ""subsample"": 0.5}",0.5102040816326531,0.4984567901234568,48,0.5625,0.025883001451463303,-0.29540408595931367,-0.35023968604005534,0.03140938312732606,0.532520325203252,0.5011850819100732,49,0.4897959183673469,0.6545577812043228,1.418072075959806,-0.2814315253068997,1.2585377283217092,5.038781900547231
META,equal_50_50,lightgbm,5,0.0,2024,"{""n_estimators"": ""487"", ""learning_rate"": 0.193518146957348, ""num_leaves"": ""76"", ""subsample"": 0.7755796234272228}",0.5020408163265306,0.49205811502559477,48,0.5416666666666666,-0.2418980932884149,-0.5892037131823963,-0.35023968604005534,-0.30038396060783223,0.532520325203252,0.4971418612757058,49,0.4897959183673469,0.29321145675606974,0.24904018038413533,-0.2814315253068997,0.5368749282106501,0.884905058566407
META,equal_50_50,lightgbm,5,0.0,31415,"{""n_estimators"": ""55"", ""learning_rate"": 0.1233260720268924, ""num_leaves"": ""96"", ""subsample"": 0.682070447666617}",0.4816326530612245,0.49619843420656434,48,0.5833333333333334,1.5128309747502107,12.349623454023005,-0.20501643483208407,2.70230758404216,0.5365853658536586,0.5361449982572325,49,0.4489795918367347,0.6856982668363616,1.5623184581207092,-0.19227609283267688,1.4522256216037024,8.12539112431557
META,equal_50_50,lightgbm,10,0.0025,42,"{""n_estimators"": ""50"", ""learning_rate"": 0.01, ""num_leaves"": ""20"", ""subsample"": 0.9962145764499808}",0.5791666666666667,0.4903736263736263,23,0.5652173913043478,0.8852885782389871,14.698445072874415,-0.17092313228184733,1.5623590238949026,0.5121951219512195,0.4918124956075621,24,0.4166666666666667,-0.5984408581583754,-0.9426491182419677,-0.2471601838819264,-0.8843596392945876,-3.8139197966137255
META,equal_50_50,lightgbm,10,0.0025,7,"{""n_estimators"": ""75"", ""learning_rate"": 0.011289633679312641, ""num_leaves"": ""100"", ""subsample"": 0.5}",0.575,0.4913406593406593,23,0.5652173913043478,0.8852885782389871,14.698445072874415,-0.17092313228184733,1.5623590238949026,0.508130081300813,0.4936748893105629,24,0.4166666666666667,-0.5984408581583754,-0.9426491182419677,-0.2471601838819264,-0.8843596392945876,-3.8139197966137255
META,equal_50_50,lightgbm,10,0.0025,1337,"{""n_estimators"": ""100"", ""learning_rate"": 0.012352127951475752, ""num_leaves"": ""20"", ""subsample"": 0.5318233235240767}",0.5333333333333333,0.49604395604395607,23,0.5217391304347826,0.7085510790790993,7.015684468994648,-0.17092313228184733,1.3078139119577679,0.508130081300813,0.4937451683182233,24,0.4166666666666667,-0.5984408581583754,-0.9426491182419677,-0.2471601838819264,-0.8843596392945876,-3.8139197966137255
META,equal_50_50,lightgbm,10,0.0025,2024,"{""n_estimators"": ""117"", ""learning_rate"": 0.01, ""num_leaves"": ""20"", ""subsample"": 0.5}",0.5333333333333333,0.4976703296703297,23,0.5217391304347826,0.7085510790790993,7.015684468994648,-0.17092313228184733,1.3078139119577679,0.5121951219512195,0.4952913064867524,24,0.4166666666666667,-0.5984408581583754,-0.9426491182419677,-0.2471601838819264,-0.8843596392945876,-3.8139197966137255
META,equal_50_50,lightgbm,10,0.0025,31415,"{""n_estimators"": ""50"", ""learning_rate"": 0.01963773120086998, ""num_leaves"": ""20"", ""subsample"": 1.0}",0.5708333333333333,0.4937142857142857,23,0.5217391304347826,0.7085510790790993,7.015684468994648,-0.17092313228184733,1.3078139119577679,0.5121951219512195,0.49508046946377116,24,0.4166666666666667,-0.5984408581583754,-0.9426491182419677,-0.2471601838819264,-0.8843596392945876,-3.8139197966137255
META,news_only,lightgbm,2,0.0,42,"{""n_estimators"": ""492"", ""learning_rate"": 0.0997147699917112, ""num_leaves"": ""23"", ""subsample"": 0.880431594826983}",0.5806451612903226,0.5752830316588705,123,0.5447154471544715,0.019911128720917822,-0.14636592761541534,-0.3006333348037914,0.020444189007208697,0.5528455284552846,0.5285038838230328,122,0.5491803278688525,1.1085637195018383,0.9389093924587286,-0.17167875906339108,1.8378886901042124,5.468989859788324
META,news_only,lightgbm,2,0.0,7,"{""n_estimators"": ""349"", ""learning_rate"": 0.18801048873558487, ""num_leaves"": ""27"", ""subsample"": 0.7486930835273515}",0.5887096774193549,0.5757236797505253,123,0.5528455284552846,0.13106925282726595,-0.06491178659378616,-0.3006333348037914,0.1333343655173726,0.5609756097560976,0.5232016210739615,122,0.5573770491803278,1.235455662046933,1.1178024307850283,-0.18889932763458434,2.0329867628605327,5.917450553065797
META,news_only,lightgbm,2,0.0,1337,"{""n_estimators"": ""499"", ""learning_rate"": 0.12874764125073196, ""num_leaves"": ""86"", ""subsample"": 0.7267003827653972}",0.5806451612903226,0.5768422479831875,123,0.5528455284552846,0.13106925282726595,-0.06491178659378616,-0.3006333348037914,0.1333343655173726,0.556910569105691,0.5234042553191489,122,0.5573770491803278,1.235455662046933,1.1178024307850283,-0.18889932763458434,2.0329867628605327,5.917450553065797
META,news_only,lightgbm,2,0.0,2024,"{""n_estimators"": ""500"", ""learning_rate"": 0.12993011371492152, ""num_leaves"": ""100"", ""subsample"": 1.0}",0.5846774193548387,0.5779608162158497,123,0.5528455284552846,0.13106925282726595,-0.06491178659378616,-0.3006333348037914,0.1333343655173726,0.5609756097560976,0.5251604187774401,122,0.5573770491803278,1.235455662046933,1.1178024307850283,-0.18889932763458434,2.0329867628605327,5.917450553065797
META,news_only,lightgbm,2,0.0,31415,"{""n_estimators"": ""429"", ""learning_rate"": 0.15552439540643512, ""num_leaves"": ""100"", ""subsample"": 0.7100278968061129}",0.5846774193548387,0.5776896481594467,123,0.5447154471544715,0.019911128720917822,-0.14636592761541534,-0.3006333348037914,0.020444189007208697,0.5528455284552846,0.5231340763255656,122,0.5491803278688525,1.2207705096227959,1.096329610243333,-0.18889932763458434,2.009613720114803,5.8037771969423
META,news_only,lightgbm,5,0.0,42,"{""n_estimators"": ""500"", ""learning_rate"": 0.03952127591705089, ""num_leaves"": ""88"", ""subsample"": 0.8377631399607235}",0.5551020408163265,0.5427582053598313,48,0.6041666666666666,0.9215720430608928,3.3261136656853427,-0.24655477218898658,2.068563559579215,0.5365853658536586,0.5565702335308471,49,0.6122448979591837,1.4217733229090879,8.362026319608255,-0.16478966845158122,2.1194647382478626,50.74363215959258
META,news_only,lightgbm,5,0.0,7,"{""n_estimators"": ""354"", ""learning_rate"": 0.10826194500520166, ""num_leaves"": ""20"", ""subsample"": 0.5}",0.5469387755102041,0.542457091237579,48,0.625,1.1878706358640805,6.243757355421759,-0.24655477218898675,2.5851822087717995,0.5528455284552846,0.5460439177413734,49,0.5510204081632653,0.48487324182145775,0.7627929743901931,-0.2616267868288647,0.7175071963217418,2.9155767405772224
META,news_only,lightgbm,5,0.0,1337,"{""n_estimators"": ""232"", ""learning_rate"": 0.0951365870425947, ""num_leaves"": ""100"", ""subsample"": 0.5}",0.5265306122448979,0.5427582053598314,48,0.5625,0.6742382795591431,1.6601825835867858,-0.24655477218898658,1.5213410587629792,0.540650406504065,0.5533635413035901,49,0.5714285714285714,1.281982461889169,6.350439903019646,-0.17301395182430127,1.9852745371452827,36.70478499600212
META,news_only,lightgbm,5,0.0,2024,"{""n_estimators"": ""441"", ""learning_rate"": 0.04248782246810431, ""num_leaves"": ""100"", ""subsample"": 1.0}",0.5428571428571428,0.5433227943390545,48,0.6041666666666666,0.9215720430608928,3.3261136656853427,-0.24655477218898658,2.068563559579215,0.540650406504065,0.5462530498431509,49,0.5918367346938775,1.3748290023030842,7.634383479762757,-0.16478966845158113,2.0811900881249406,46.328046846006664
META,news_only,lightgbm,5,0.0,31415,"{""n_estimators"": ""500"", ""learning_rate"": 0.04321347924244402, ""num_leaves"": ""100"", ""subsample"": 0.6155125183819761}",0.5551020408163265,0.5418548629930744,48,0.5833333333333334,0.8978587734389787,3.1303472922171567,-0.24657763979573014,1.9573932862716652,0.5365853658536586,0.5526664342976647,49,0.5918367346938775,1.1049602063027193,4.387054467378658,-0.1647896684515813,1.6855031938295535,26.622145117475416
META,news_only,lightgbm,10,0.0025,42,"{""n_estimators"": ""50"", ""learning_rate"": 0.01, ""num_leaves"": ""20"", ""subsample"": 1.0}",0.6333333333333333,0.6071208791208791,23,0.8260869565217391,2.613067303567042,4350.701155456671,-0.15210741552649484,3.279720042338661,0.5487804878048781,0.5456813549792677,24,0.5416666666666666,-0.9013168985777704,-0.9808055332126301,-0.2698669999343716,-1.2228253262874833,-3.6344033670332063
META,news_only,lightgbm,10,0.0025,7,"{""n_estimators"": ""50"", ""learning_rate"": 0.01, ""num_leaves"": ""20"", ""subsample"": 0.5}",0.6333333333333333,0.6071208791208791,23,0.8260869565217391,2.613067303567042,4350.701155456671,-0.15210741552649484,3.279720042338661,0.5487804878048781,0.5456813549792677,24,0.5416666666666666,-0.9013168985777704,-0.9808055332126301,-0.2698669999343716,-1.2228253262874833,-3.6344033670332063
META,news_only,lightgbm,10,0.0025,1337,"{""n_estimators"": ""50"", ""learning_rate"": 0.01, ""num_leaves"": ""20"", ""subsample"": 1.0}",0.6333333333333333,0.6071208791208791,23,0.8260869565217391,2.613067303567042,4350.701155456671,-0.15210741552649484,3.279720042338661,0.5487804878048781,0.5456813549792677,24,0.5416666666666666,-0.9013168985777704,-0.9808055332126301,-0.2698669999343716,-1.2228253262874833,-3.6344033670332063
META,news_only,lightgbm,10,0.0025,2024,"{""n_estimators"": ""50"", ""learning_rate"": 0.01, ""num_leaves"": ""20"", ""subsample"": 1.0}",0.6333333333333333,0.6071208791208791,23,0.8260869565217391,2.613067303567042,4350.701155456671,-0.15210741552649484,3.279720042338661,0.5487804878048781,0.5456813549792677,24,0.5416666666666666,-0.9013168985777704,-0.9808055332126301,-0.2698669999343716,-1.2228253262874833,-3.6344033670332063
META,news_only,lightgbm,10,0.0025,31415,"{""n_estimators"": ""50"", ""learning_rate"": 0.01, ""num_leaves"": ""20"", ""subsample"": 1.0}",0.6333333333333333,0.6071208791208791,23,0.8260869565217391,2.613067303567042,4350.701155456671,-0.15210741552649484,3.279720042338661,0.5487804878048781,0.5456813549792677,24,0.5416666666666666,-0.9013168985777704,-0.9808055332126301,-0.2698669999343716,-1.2228253262874833,-3.6344033670332063
META,social_only,lightgbm,2,0.0,42,"{""n_estimators"": ""500"", ""learning_rate"": 0.01, ""num_leaves"": ""100"", ""subsample"": 1.0}",0.5161290322580645,0.5167446274828824,123,0.5284552845528455,-0.5087001922515545,-0.4466631799987887,-0.4435531706000413,-0.5368208152466505,0.516260162601626,0.49962850388382307,122,0.5081967213114754,0.16440239677737484,-0.0021225719680560973,-0.288437119382236,0.36998942473706825,-0.007358872438478598
META,social_only,lightgbm,2,0.0,7,"{""n_estimators"": ""500"", ""learning_rate"": 0.01, ""num_leaves"": ""97"", ""subsample"": 0.899614038740259}",0.5161290322580645,0.5167446274828824,123,0.5284552845528455,-0.5087001922515545,-0.4466631799987887,-0.4435531706000413,-0.5368208152466505,0.516260162601626,0.49962850388382307,122,0.5081967213114754,0.16440239677737484,-0.0021225719680560973,-0.288437119382236,0.36998942473706825,-0.007358872438478598
META,social_only,lightgbm,2,0.0,1337,"{""n_estimators"": ""490"", ""learning_rate"": 0.01, ""num_leaves"": ""72"", ""subsample"": 0.5205541206510902}",0.5120967741935484,0.514778659073961,123,0.5284552845528455,-0.5087001922515545,-0.4466631799987887,-0.4435531706000413,-0.5368208152466505,0.516260162601626,0.5021276595744681,122,0.5081967213114754,0.16440239677737484,-0.0021225719680560973,-0.288437119382236,0.36998942473706825,-0.007358872438478598
META,social_only,lightgbm,2,0.0,2024,"{""n_estimators"": ""497"", ""learning_rate"": 0.013343334941654683, ""num_leaves"": ""26"", ""subsample"": 1.0}",0.5120967741935484,0.5148464510880618,123,0.5284552845528455,-0.5087001922515545,-0.4466631799987887,-0.4435531706000413,-0.5368208152466505,0.5121951219512195,0.4998311381290105,122,0.5163934426229508,0.3301966201113894,0.12263145974730949,-0.24667700277593615,0.7376181301984996,0.4971337350758197
META,social_only,lightgbm,2,0.0,31415,"{""n_estimators"": ""363"", ""learning_rate"": 0.02007745552057672, ""num_leaves"": ""80"", ""subsample"": 0.7318082728377406}",0.5161290322580645,0.5139312588977019,123,0.5284552845528455,-0.9612959913090294,-0.618010200417324,-0.5409985429920287,-1.005288646024463,0.4959349593495935,0.4962850388382304,122,0.5,0.027298377031914327,-0.09487360818039803,-0.2884371193822363,0.061970652823301275,-0.3289230192826593
META,social_only,lightgbm,5,0.0,42,"{""n_estimators"": ""343"", ""learning_rate"": 0.01, ""num_leaves"": ""100"", ""subsample"": 0.803214157847796}",0.5795918367346938,0.5728696175850647,48,0.6666666666666666,1.2759396630341129,7.482584895987028,-0.24253173656351623,1.8216389381181863,0.5365853658536586,0.48811432554897183,49,0.5714285714285714,0.07384126178167176,-0.19227526948934381,-0.2921762462887124,0.07714202746819968,-0.6580797444407853
META,social_only,lightgbm,5,0.0,7,"{""n_estimators"": ""57"", ""learning_rate"": 0.060196687824340345, ""num_leaves"": ""90"", ""subsample"": 0.6654196246748459}",0.5795918367346938,0.5752785305630833,48,0.6666666666666666,1.2759396630341129,7.482584895987028,-0.24253173656351623,1.8216389381181863,0.540650406504065,0.49044963401882186,49,0.5714285714285714,0.07384126178167176,-0.19227526948934381,-0.2921762462887124,0.07714202746819968,-0.6580797444407853
META,social_only,lightgbm,5,0.0,1337,"{""n_estimators"": ""50"", ""learning_rate"": 0.056235794072600834, ""num_leaves"": ""79"", ""subsample"": 1.0}",0.5795918367346938,0.5755043661547726,48,0.6666666666666666,1.2759396630341129,7.482584895987028,-0.24253173656351623,1.8216389381181863,0.532520325203252,0.4882886023004532,49,0.5714285714285714,0.07384126178167176,-0.19227526948934381,-0.2921762462887124,0.07714202746819968,-0.6580797444407853
META,social_only,lightgbm,5,0.0,2024,"{""n_estimators"": ""285"", ""learning_rate"": 0.010571358328247607, ""num_leaves"": ""59"", ""subsample"": 0.5002138609210921}",0.5836734693877551,0.5761065943992772,48,0.6666666666666666,1.2759396630341129,7.482584895987028,-0.24253173656351623,1.8216389381181863,0.5365853658536586,0.4902753572673405,49,0.5714285714285714,0.07384126178167176,-0.19227526948934381,-0.2921762462887124,0.07714202746819968,-0.6580797444407853
META,social_only,lightgbm,5,0.0,31415,"{""n_estimators"": ""50"", ""learning_rate"": 0.06783298481095794, ""num_leaves"": ""39"", ""subsample"": 0.7118878102351196}",0.5836734693877551,0.575880758807588,48,0.6666666666666666,1.2759396630341129,7.482584895987028,-0.24253173656351623,1.8216389381181863,0.532520325203252,0.4892296967584524,49,0.5714285714285714,0.07384126178167176,-0.19227526948934381,-0.2921762462887124,0.07714202746819968,-0.6580797444407853
META,social_only,lightgbm,10,0.0025,42,"{""n_estimators"": ""500"", ""learning_rate"": 0.29999999999999993, ""num_leaves"": ""28"", ""subsample"": 0.5}",0.5708333333333333,0.5523076923076924,23,0.43478260869565216,-0.0986908256702011,-0.6741381694698105,-0.297375322951833,-0.15392183790176256,0.46747967479674796,0.410745660271277,24,0.5416666666666666,0.869070385223221,11.451582517973762,-0.14782192155764137,2.1293263877147957,77.46877051323105
META,social_only,lightgbm,10,0.0025,7,"{""n_estimators"": ""472"", ""learning_rate"": 0.2878826009108723, ""num_leaves"": ""92"", ""subsample"": 0.5046067596713109}",0.5708333333333333,0.5525714285714286,23,0.43478260869565216,-0.0986908256702011,-0.6741381694698105,-0.297375322951833,-0.15392183790176256,0.4715447154471545,0.41510295874622255,24,0.5416666666666666,0.869070385223221,11.451582517973762,-0.14782192155764137,2.1293263877147957,77.46877051323105
META,social_only,lightgbm,10,0.0025,1337,"{""n_estimators"": ""500"", ""learning_rate"": 0.29858316678618557, ""num_leaves"": ""27"", ""subsample"": 0.5530396236252615}",0.5708333333333333,0.5493186813186813,23,0.43478260869565216,-0.0986908256702011,-0.6741381694698105,-0.297375322951833,-0.15392183790176256,0.4715447154471545,0.4199522102747909,24,0.5416666666666666,0.869070385223221,11.451582517973762,-0.14782192155764137,2.1293263877147957,77.46877051323105
META,social_only,lightgbm,10,0.0025,2024,"{""n_estimators"": ""500"", ""learning_rate"": 0.29999999999999993, ""num_leaves"": ""93"", ""subsample"": 0.7137706966363042}",0.5666666666666667,0.5488791208791209,23,0.43478260869565216,-0.0986908256702011,-0.6741381694698105,-0.297375322951833,-0.15392183790176256,0.4796747967479675,0.41819523508328066,24,0.5416666666666666,0.869070385223221,11.451582517973762,-0.14782192155764137,2.1293263877147957,77.46877051323105
META,social_only,lightgbm,10,0.0025,31415,"{""n_estimators"": ""430"", ""learning_rate"": 0.29999999999999993, ""num_leaves"": ""86"", ""subsample"": 0.8442822620887915}",0.5708333333333333,0.5513406593406593,23,0.43478260869565216,-0.0986908256702011,-0.6741381694698105,-0.297375322951833,-0.15392183790176256,0.47560975609756095,0.41847635111392223,24,0.5416666666666666,0.869070385223221,11.451582517973762,-0.14782192155764137,2.1293263877147957,77.46877051323105
META,sentiment_only,lightgbm,2,0.0,42,"{""n_estimators"": ""256"", ""learning_rate"": 0.01, ""num_leaves"": ""20"", ""subsample"": 1.0}",0.46774193548387094,0.4513931258897702,123,0.4715447154471545,-1.8401549724494828,-0.811959130898616,-0.5903682196988006,-2.008416039455227,0.4878048780487805,0.4166497804795677,122,0.48360655737704916,0.5164893946157812,0.27960774518088094,-0.3706670267173636,0.9951931849703147,0.7543367093024003
META,sentiment_only,lightgbm,2,0.0,7,"{""n_estimators"": ""330"", ""learning_rate"": 0.01, ""num_leaves"": ""21"", ""subsample"": 0.8540178854911389}",0.46774193548387094,0.4511219578333672,123,0.4715447154471545,-1.6168249058714006,-0.7752321585187696,-0.5705386819607455,-1.7737395893075023,0.4634146341463415,0.41090847686592363,122,0.47540983606557374,0.18006227599379954,0.007512798537418375,-0.3706670267173636,0.32723978715585145,0.02026832169009449
META,sentiment_only,lightgbm,2,0.0,1337,"{""n_estimators"": ""500"", ""learning_rate"": 0.01, ""num_leaves"": ""33"", ""subsample"": 0.5}",0.46774193548387094,0.44739339705782655,123,0.4634146341463415,-1.381021165469736,-0.7281986361870154,-0.5488677937056278,-1.5406472597728773,0.483739837398374,0.43863559608240454,122,0.4918032786885246,0.2049895384834724,0.025444852166489618,-0.35110256626696956,0.36420351877901974,0.07247127936724333
META,sentiment_only,lightgbm,2,0.0,2024,"{""n_estimators"": ""382"", ""learning_rate"": 0.29058776476676307, ""num_leaves"": ""69"", ""subsample"": 0.6049924069764493}",0.47580645161290325,0.4509863738051657,123,0.4715447154471545,-0.7373277367623176,-0.5412250485429029,-0.5296561721204565,-0.8103037862224959,0.4715447154471545,0.4704829449510301,122,0.47540983606557374,-0.980315740440138,-0.5614295413524151,-0.3426535023558089,-1.2098145392795523,-1.6384760041630357
META,sentiment_only,lightgbm,2,0.0,31415,"{""n_estimators"": ""321"", ""learning_rate"": 0.22544375851698398, ""num_leaves"": ""36"", ""subsample"": 0.7537659132467289}",0.46774193548387094,0.4475967731001288,123,0.4715447154471545,-0.7373277367623176,-0.5412250485429029,-0.5296561721204565,-0.8103037862224959,0.4715447154471545,0.46882809861533264,122,0.48360655737704916,-0.9243375588486735,-0.5437001928184252,-0.3395914205688756,-1.1349516876099206,-1.6010421933146348
META,sentiment_only,lightgbm,5,0.0,42,"{""n_estimators"": ""50"", ""learning_rate"": 0.028175108909834056, ""num_leaves"": ""24"", ""subsample"": 0.689413558970896}",0.5183673469387755,0.5025971093044264,48,0.4166666666666667,-0.48769029299672345,-0.747914939234102,-0.31256878107458536,-0.687108357239855,0.4715447154471545,0.4437434646218194,49,0.4489795918367347,-0.7069009339561374,-0.802753917888031,-0.33881376092853854,-1.0934638848803202,-2.369307302300939
META,sentiment_only,lightgbm,5,0.0,7,"{""n_estimators"": ""164"", ""learning_rate"": 0.01, ""num_leaves"": ""57"", ""subsample"": 1.0}",0.5183673469387755,0.5042908762420958,48,0.4166666666666667,-0.48769029299672345,-0.747914939234102,-0.31256878107458536,-0.687108357239855,0.47560975609756095,0.4399093760892297,49,0.4897959183673469,-0.27676589610396435,-0.5657766988321082,-0.336275470402279,-0.4235936224532294,-1.6824798376024332
META,sentiment_only,lightgbm,5,0.0,1337,"{""n_estimators"": ""87"", ""learning_rate"": 0.01848433845983006, ""num_leaves"": ""94"", ""subsample"": 0.8730620532579958}",0.5102040816326531,0.505834086118639,48,0.4166666666666667,-0.48769029299672345,-0.747914939234102,-0.31256878107458536,-0.687108357239855,0.4634146341463415,0.44011850819100734,49,0.46938775510204084,-0.6401904256298767,-0.777241427959926,-0.336275470402279,-0.982383779320544,-2.3113235914297556
META,sentiment_only,lightgbm,5,0.0,2024,"{""n_estimators"": ""53"", ""learning_rate"": 0.031096119489961875, ""num_leaves"": ""54"", ""subsample"": 0.5908477096656854}",0.5183673469387755,0.5035757302017465,48,0.4166666666666667,-0.48769029299672345,-0.747914939234102,-0.31256878107458536,-0.687108357239855,0.47560975609756095,0.44220982920878354,49,0.4897959183673469,-0.27676589610396435,-0.5657766988321082,-0.336275470402279,-0.4235936224532294,-1.6824798376024332
META,sentiment_only,lightgbm,5,0.0,31415,"{""n_estimators"": ""57"", ""learning_rate"": 0.020688302404301865, ""num_leaves"": ""56"", ""subsample"": 0.6257366499847635}",0.5061224489795918,0.5007527853056308,48,0.4166666666666667,-0.48769029299672345,-0.747914939234102,-0.31256878107458536,-0.687108357239855,0.4796747967479675,0.4326943185779017,49,0.46938775510204084,-0.6401904256298767,-0.777241427959926,-0.336275470402279,-0.982383779320544,-2.3113235914297556
META,sentiment_only,lightgbm,10,0.0025,42,"{""n_estimators"": ""80"", ""learning_rate"": 0.1373984273163999, ""num_leaves"": ""39"", ""subsample"": 0.631540445819319}",0.4791666666666667,0.47507692307692306,23,0.4782608695652174,-2.486736607719205,-0.9999339628603421,-0.5783981884846402,-3.387265621416736,0.516260162601626,0.505798018131984,24,0.5416666666666666,0.46711918285591225,1.9545907350066334,-0.19737573991055635,0.9789672052179775,9.902892502859695
META,sentiment_only,lightgbm,10,0.0025,7,"{""n_estimators"": ""179"", ""learning_rate"": 0.19906695898060559, ""num_leaves"": ""53"", ""subsample"": 0.5}",0.49583333333333335,0.4716483516483516,23,0.43478260869565216,-2.6028876929438427,-0.9999521618314287,-0.5943591564396941,-3.389341711309891,0.540650406504065,0.5115257572563076,24,0.5,-0.34895111283027275,-0.8524605324881699,-0.32115715327096833,-0.716863781517176,-2.654340791746051
META,sentiment_only,lightgbm,10,0.0025,1337,"{""n_estimators"": ""416"", ""learning_rate"": 0.1053282298898533, ""num_leaves"": ""75"", ""subsample"": 0.9188451570707936}",0.49583333333333335,0.47028571428571425,23,0.43478260869565216,-2.6028876929438427,-0.9999521618314287,-0.5943591564396941,-3.389341711309891,0.540650406504065,0.5040761824443039,24,0.5,-0.34895111283027275,-0.8524605324881699,-0.32115715327096833,-0.716863781517176,-2.654340791746051
META,sentiment_only,lightgbm,10,0.0025,2024,"{""n_estimators"": ""391"", ""learning_rate"": 0.12337276406462631, ""num_leaves"": ""68"", ""subsample"": 0.9465236857720426}",0.49583333333333335,0.47301098901098904,23,0.43478260869565216,-2.6028876929438427,-0.9999521618314287,-0.5943591564396941,-3.389341711309891,0.540650406504065,0.5024246257642843,24,0.5,-0.34895111283027275,-0.8524605324881699,-0.32115715327096833,-0.716863781517176,-2.654340791746051
META,sentiment_only,lightgbm,10,0.0025,31415,"{""n_estimators"": ""135"", ""learning_rate"": 0.28504917942668456, ""num_leaves"": ""39"", ""subsample"": 0.816623038070105}",0.49583333333333335,0.4691868131868131,23,0.43478260869565216,-2.6028876929438427,-0.9999521618314287,-0.5943591564396941,-3.389341711309891,0.540650406504065,0.5055871811090027,24,0.5,-0.34895111283027275,-0.8524605324881699,-0.32115715327096833,-0.716863781517176,-2.654340791746051
META,technical_only,lightgbm,2,0.0,42,"{""n_estimators"": ""425"", ""learning_rate"": 0.01, ""num_leaves"": ""63"", ""subsample"": 0.8970820433131828}",0.5846774193548387,0.531116534472239,123,0.5853658536585366,2.122368086921128,3.6712591077358203,-0.19341613398235824,3.128190184066411,0.5934959349593496,0.5667004390408646,122,0.5901639344262295,1.8224643512632948,2.167827454073622,-0.20314081143886775,2.961379789137428,10.671550628938972
META,technical_only,lightgbm,2,0.0,7,"{""n_estimators"": ""50"", ""learning_rate"": 0.07676176713906821, ""num_leaves"": ""60"", ""subsample"": 0.8037807542220226}",0.5887096774193549,0.5312521185004406,123,0.5934959349593496,2.1677380188667668,3.8369059549178806,-0.19341613398235824,3.167841754141742,0.5934959349593496,0.566565349544073,122,0.5901639344262295,1.5955774683838062,1.713955984838135,-0.2406655287564805,2.500610335121624,7.121734440715921
META,technical_only,lightgbm,2,0.0,1337,"{""n_estimators"": ""248"", ""learning_rate"": 0.016145763077481706, ""num_leaves"": ""86"", ""subsample"": 0.9488269669253357}",0.5846774193548387,0.531116534472239,123,0.5853658536585366,2.122368086921128,3.6712591077358203,-0.19341613398235824,3.128190184066411,0.5975609756097561,0.5669706180344478,122,0.6065573770491803,2.1254643432425904,2.882700526635501,-0.20314081143886775,3.368708312486089,14.19065182528823
META,technical_only,lightgbm,2,0.0,2024,"{""n_estimators"": ""380"", ""learning_rate"": 0.011211930738660503, ""num_leaves"": ""31"", ""subsample"": 0.9583566919060371}",0.5846774193548387,0.5310487424581384,123,0.5853658536585366,2.122368086921128,3.6712591077358203,-0.19341613398235824,3.128190184066411,0.5934959349593496,0.5669706180344478,122,0.5901639344262295,1.8224643512632948,2.167827454073622,-0.20314081143886775,2.961379789137428,10.671550628938972
META,technical_only,lightgbm,2,0.0,31415,"{""n_estimators"": ""493"", ""learning_rate"": 0.01320469846878127, ""num_leaves"": ""65"", ""subsample"": 0.7508577589283356}",0.5887096774193549,0.5310487424581384,123,0.5853658536585366,2.122368086921128,3.6712591077358203,-0.19341613398235824,3.128190184066411,0.5975609756097561,0.5664302600472814,122,0.5901639344262295,1.8224643512632948,2.167827454073622,-0.20314081143886775,2.961379789137428,10.671550628938972
META,technical_only,lightgbm,5,0.0,42,"{""n_estimators"": ""193"", ""learning_rate"": 0.15448106997552513, ""num_leaves"": ""68"", ""subsample"": 0.5048092322244463}",0.363265306122449,0.5475007527853056,48,0.3541666666666667,-2.435492760344081,-0.9936931298164586,-0.6554048045262161,-2.9923818251614254,0.4024390243902439,0.5151620773788776,49,0.40816326530612246,-0.649303917281722,-0.7848857563344063,-0.35096568506296555,-0.8365786971813975,-2.2363603900295628
META,technical_only,lightgbm,5,0.0,7,"{""n_estimators"": ""165"", ""learning_rate"": 0.18091114712997422, ""num_leaves"": ""34"", ""subsample"": 0.8953817557883575}",0.35918367346938773,0.5475007527853056,48,0.3541666666666667,-2.435492760344081,-0.9936931298164586,-0.6554048045262161,-2.9923818251614254,0.4024390243902439,0.5150226559776926,49,0.40816326530612246,-0.649303917281722,-0.7848857563344063,-0.35096568506296555,-0.8365786971813975,-2.2363603900295628
META,technical_only,lightgbm,5,0.0,1337,"{""n_estimators"": ""500"", ""learning_rate"": 0.0718485169318787, ""num_leaves"": ""20"", ""subsample"": 0.7355051962632421}",0.35918367346938773,0.5474254742547425,48,0.3541666666666667,-2.435492760344081,-0.9936931298164586,-0.6554048045262161,-2.9923818251614254,0.4024390243902439,0.514186127570582,49,0.40816326530612246,-0.649303917281722,-0.7848857563344063,-0.35096568506296555,-0.8365786971813975,-2.2363603900295628
META,technical_only,lightgbm,5,0.0,2024,"{""n_estimators"": ""352"", ""learning_rate"": 0.10609644263579199, ""num_leaves"": ""43"", ""subsample"": 0.7043532683868217}",0.35918367346938773,0.5475007527853055,48,0.3541666666666667,-2.435492760344081,-0.9936931298164586,-0.6554048045262161,-2.9923818251614254,0.4024390243902439,0.5144649703729522,49,0.40816326530612246,-0.649303917281722,-0.7848857563344063,-0.35096568506296555,-0.8365786971813975,-2.2363603900295628
META,technical_only,lightgbm,5,0.0,31415,"{""n_estimators"": ""500"", ""learning_rate"": 0.066279846507144, ""num_leaves"": ""47"", ""subsample"": 1.0}",0.35918367346938773,0.5475007527853056,48,0.3541666666666667,-2.435492760344081,-0.9936931298164586,-0.6554048045262161,-2.9923818251614254,0.4024390243902439,0.514186127570582,49,0.40816326530612246,-0.649303917281722,-0.7848857563344063,-0.35096568506296555,-0.8365786971813975,-2.2363603900295628
META,technical_only,lightgbm,10,0.0025,42,"{""n_estimators"": ""167"", ""learning_rate"": 0.01027693960536096, ""num_leaves"": ""33"", ""subsample"": 0.7538530260679709}",0.7083333333333334,0.5140219780219779,23,0.7391304347826086,3.4993339829072623,35997.85450765431,-0.07888379256097523,17.961995302573985,0.6178861788617886,0.5031274158408883,24,0.6666666666666666,2.146085767329736,717.5727223407639,-0.144797678956862,5.414819356288421,4955.692159641196
META,technical_only,lightgbm,10,0.0025,7,"{""n_estimators"": ""123"", ""learning_rate"": 0.29999999999999993, ""num_leaves"": ""64"", ""subsample"": 0.9989491662455299}",0.7083333333333334,0.5151208791208791,23,0.6956521739130435,3.3814795682383854,28101.15307368848,-0.051721384870806526,18.614099772704662,0.6016260162601627,0.4942371213718462,24,0.625,1.491685204568971,99.61245240884556,-0.144797678956862,3.4636298809828956,687.9423284023911
META,technical_only,lightgbm,10,0.0025,1337,"{""n_estimators"": ""52"", ""learning_rate"": 0.0483901000915362, ""num_leaves"": ""50"", ""subsample"": 0.7602501390880785}",0.35833333333333334,0.5204835164835165,23,0.43478260869565216,-2.166692292817606,-0.9998307604623826,-0.5750199257964563,-2.7670542054757767,0.4065040650406504,0.5045329959940966,24,0.5,-0.2654277202325911,-0.8077313454953323,-0.3150184731099555,-0.3674494947201895,-2.5640761239211454
META,technical_only,lightgbm,10,0.0025,2024,"{""n_estimators"": ""114"", ""learning_rate"": 0.2991991885000798, ""num_leaves"": ""52"", ""subsample"": 0.6212288269741509}",0.7125,0.5151208791208791,23,0.7391304347826086,3.5369627453311643,38891.63853779415,-0.0517213848708066,18.473014115662895,0.6097560975609756,0.494026284348865,24,0.625,1.491685204568971,99.61245240884556,-0.144797678956862,3.4636298809828956,687.9423284023911
META,technical_only,lightgbm,10,0.0025,31415,"{""n_estimators"": ""398"", ""learning_rate"": 0.06914243109154895, ""num_leaves"": ""40"", ""subsample"": 0.99629449259321}",0.7125,0.5138021978021978,23,0.7391304347826086,3.5369627453311643,38891.63853779415,-0.0517213848708066,18.473014115662895,0.6097560975609756,0.492831541218638,24,0.625,1.491685204568971,99.61245240884556,-0.144797678956862,3.4636298809828956,687.9423284023911
META,learned_alpha_per_stock,lightgbm,2,0.0,42,"{""n_estimators"": ""50"", ""learning_rate"": 0.013363698592343194, ""num_leaves"": ""20"", ""subsample"": 0.8501982001543131}",0.532258064516129,0.532845230831808,123,0.5365853658536586,-0.8358085167682959,-0.577088677319679,-0.4316242702886271,-0.8552810896234553,0.532520325203252,0.5100303951367782,122,0.5491803278688525,1.302681377285873,1.2101281325818802,-0.23535542499640952,1.7326960814244556,5.141704860214467
META,learned_alpha_per_stock,lightgbm,2,0.0,7,"{""n_estimators"": ""186"", ""learning_rate"": 0.11680271992286877, ""num_leaves"": ""81"", ""subsample"": 0.9670761540468842}",0.5040322580645161,0.5190156599552572,123,0.44715447154471544,-2.53813446801034,-0.8911911691940776,-0.729014833315251,-2.733448356871304,0.524390243902439,0.5349544072948329,122,0.5081967213114754,0.2298837524968458,0.039370024467890063,-0.36074195722069635,0.3162416703829495,0.10913625010856193
META,learned_alpha_per_stock,lightgbm,2,0.0,1337,"{""n_estimators"": ""51"", ""learning_rate"": 0.048690379383659284, ""num_leaves"": ""38"", ""subsample"": 0.9450282791526061}",0.5,0.5213205884346824,123,0.4959349593495935,-1.1633449438449328,-0.6761065090166283,-0.5539636502685508,-1.2264973568084114,0.532520325203252,0.5047619047619047,122,0.5409836065573771,0.7650958201986903,0.5178563201964559,-0.31342229858731435,1.0006252530480613,1.6522638067890678
META,learned_alpha_per_stock,lightgbm,2,0.0,2024,"{""n_estimators"": ""246"", ""learning_rate"": 0.015291074794968546, ""num_leaves"": ""25"", ""subsample"": 1.0}",0.5161290322580645,0.5223035726391432,123,0.4878048780487805,-1.5888580744992662,-0.770310110311703,-0.5906096771205965,-1.6736447952088938,0.532520325203252,0.5083417764268827,122,0.5491803278688525,0.6001588858844699,0.3511013730535395,-0.32242175611427665,0.7812156365772935,1.0889506256801662
META,learned_alpha_per_stock,lightgbm,2,0.0,31415,"{""n_estimators"": ""250"", ""learning_rate"": 0.015043414074374166, ""num_leaves"": ""68"", ""subsample"": 0.6863271610798032}",0.5201612903225806,0.5246423971256186,123,0.5121951219512195,-1.0540500222577303,-0.6460340538327329,-0.4943949227618209,-1.0965119927936908,0.524390243902439,0.5128672745694022,122,0.5163934426229508,0.17972040556752095,0.0028435660101955307,-0.3390811776851885,0.24173779928058078,0.008386092172994542
META,learned_alpha_per_stock,lightgbm,5,0.0,42,"{""n_estimators"": ""499"", ""learning_rate"": 0.14904432862987588, ""num_leaves"": ""74"", ""subsample"": 0.9773761102056309}",0.5061224489795918,0.5718533574224632,48,0.5208333333333334,-0.2322130714471522,-0.5803015811459947,-0.2906288185728415,-0.30319835403524975,0.4878048780487805,0.49986057859881494,49,0.5918367346938775,2.344314309087665,41.8957977281389,-0.11366194691129461,5.285246040901713,368.60003604227995
META,learned_alpha_per_stock,lightgbm,5,0.0,7,"{""n_estimators"": ""211"", ""learning_rate"": 0.29999999999999993, ""num_leaves"": ""100"", ""subsample"": 0.5}",0.5020408163265306,0.5743375489310449,48,0.5208333333333334,-0.2322130714471522,-0.5803015811459947,-0.2906288185728415,-0.30319835403524975,0.483739837398374,0.4998954339491112,49,0.5918367346938775,2.3466589944770395,42.05203892188665,-0.11366194691129461,5.280984986806334,369.9746490767521
META,learned_alpha_per_stock,lightgbm,5,0.0,1337,"{""n_estimators"": ""278"", ""learning_rate"": 0.29999999999999993, ""num_leaves"": ""20"", ""subsample"": 1.0}",0.49387755102040815,0.5714016862390845,48,0.5,-0.48867779672521017,-0.7493478900267321,-0.35696826881298144,-0.6507751615546297,0.4796747967479675,0.5002788428023702,49,0.5918367346938775,2.344314309087665,41.8957977281389,-0.11366194691129461,5.285246040901713,368.60003604227995
META,learned_alpha_per_stock,lightgbm,5,0.0,2024,"{""n_estimators"": ""273"", ""learning_rate"": 0.29999999999999993, ""num_leaves"": ""20"", ""subsample"": 1.0}",0.4897959183673469,0.5726814212586571,48,0.5,-0.48867779672521017,-0.7493478900267321,-0.35696826881298144,-0.6507751615546297,0.483739837398374,0.5013942140118508,49,0.5918367346938775,2.344314309087665,41.8957977281389,-0.11366194691129461,5.285246040901713,368.60003604227995
META,learned_alpha_per_stock,lightgbm,5,0.0,31415,"{""n_estimators"": ""230"", ""learning_rate"": 0.29999999999999993, ""num_leaves"": ""100"", ""subsample"": 1.0}",0.49795918367346936,0.5749397771755496,48,0.5208333333333334,-0.2322130714471522,-0.5803015811459947,-0.2906288185728415,-0.30319835403524975,0.491869918699187,0.5008713837574067,49,0.5918367346938775,2.490382983917368,52.68629264793232,-0.11366194691129465,5.5298354558604945,463.5350183562345
META,learned_alpha_per_stock,lightgbm,10,0.0025,42,"{""n_estimators"": ""50"", ""learning_rate"": 0.01, ""num_leaves"": ""20"", ""subsample"": 0.5}",0.5333333333333333,0.6121758241758242,23,0.6086956521739131,-0.5411353241261446,-0.944831371732695,-0.3996582311777619,-0.7774443891268987,0.516260162601626,0.496240073090168,24,0.5416666666666666,0.2507096099458352,0.34338722533034227,-0.2468761755640228,0.5662487341336384,1.3909289729793757
META,learned_alpha_per_stock,lightgbm,10,0.0025,7,"{""n_estimators"": ""50"", ""learning_rate"": 0.01, ""num_leaves"": ""20"", ""subsample"": 1.0}",0.5333333333333333,0.6121758241758242,23,0.6086956521739131,-0.5411353241261446,-0.944831371732695,-0.3996582311777619,-0.7774443891268987,0.516260162601626,0.496240073090168,24,0.5416666666666666,0.2507096099458352,0.34338722533034227,-0.2468761755640228,0.5662487341336384,1.3909289729793757
META,learned_alpha_per_stock,lightgbm,10,0.0025,1337,"{""n_estimators"": ""50"", ""learning_rate"": 0.010038045429939909, ""num_leaves"": ""21"", ""subsample"": 0.8993678668827929}",0.5583333333333333,0.6165274725274725,23,0.6521739130434783,-0.38473851737083137,-0.8979323679878083,-0.3996582311777619,-0.5635589993829442,0.508130081300813,0.49504532995994105,24,0.5833333333333334,0.7947942085452739,8.560472548643151,-0.24687617556402286,1.8114918292600808,34.67516672714799
META,learned_alpha_per_stock,lightgbm,10,0.0025,2024,"{""n_estimators"": ""50"", ""learning_rate"": 0.01, ""num_leaves"": ""20"", ""subsample"": 0.734857222820647}",0.5333333333333333,0.6121758241758242,23,0.6086956521739131,-0.5411353241261446,-0.944831371732695,-0.3996582311777619,-0.7774443891268987,0.516260162601626,0.496240073090168,24,0.5416666666666666,0.2507096099458352,0.34338722533034227,-0.2468761755640228,0.5662487341336384,1.3909289729793757
META,learned_alpha_per_stock,lightgbm,10,0.0025,31415,"{""n_estimators"": ""53"", ""learning_rate"": 0.010320616881975728, ""num_leaves"": ""21"", ""subsample"": 0.6937172588561362}",0.5583333333333333,0.6152087912087912,23,0.6521739130434783,-0.38473851737083137,-0.8979323679878083,-0.3996582311777619,-0.5635589993829442,0.508130081300813,0.49385058682971394,24,0.5833333333333334,0.7947942085452739,8.560472548643151,-0.24687617556402286,1.8114918292600808,34.67516672714799
META,learned_alpha_global,lightgbm,2,0.0,42,"{""n_estimators"": ""56"", ""learning_rate"": 0.24645988389688062, ""num_leaves"": ""65"", ""subsample"": 0.692708251269958}",0.5564516129032258,0.5333875669446139,123,0.5365853658536586,0.7638125819490316,0.5899687487072207,-0.3617169779056674,1.1653929526733118,0.5284552845528455,0.48882134414049305,122,0.5081967213114754,-0.7071329365092972,-0.4677208454366677,-0.4509626446188638,-0.848250491713318,-1.0371609511736106
META,learned_alpha_global,lightgbm,2,0.0,7,"{""n_estimators"": ""50"", ""learning_rate"": 0.20425087652304286, ""num_leaves"": ""20"", ""subsample"": 0.5}",0.5362903225806451,0.5336248389939665,123,0.4959349593495935,0.102385320183368,-0.08273474728955377,-0.29222777992583243,0.12357693407249894,0.524390243902439,0.4795677136102668,122,0.48360655737704916,-0.6680365081005482,-0.452572079562251,-0.37855215892080235,-0.8324551307398755,-1.195534271558426
META,learned_alpha_global,lightgbm,2,0.0,1337,"{""n_estimators"": ""61"", ""learning_rate"": 0.22850688626321647, ""num_leaves"": ""93"", ""subsample"": 0.7622627074684609}",0.5241935483870968,0.5331841909023117,123,0.4715447154471545,-1.130838872282278,-0.6674679599829807,-0.5059813773124634,-1.1961366692349602,0.5203252032520326,0.48868625464370147,122,0.5327868852459017,-0.3353623516138315,-0.3064230744460884,-0.4442450355528458,-0.39795111813019857,-0.6897613927519904
META,learned_alpha_global,lightgbm,2,0.0,2024,"{""n_estimators"": ""226"", ""learning_rate"": 0.29999999999999993, ""num_leaves"": ""20"", ""subsample"": 0.5}",0.5403225806451613,0.5378279438682123,123,0.5365853658536586,0.2457974007745277,0.03072331515599669,-0.3732926148982973,0.27649488207551826,0.46747967479674796,0.4662613981762918,122,0.4344262295081967,-1.6107239252533692,-0.7184034669123804,-0.5837229629633597,-2.0182118459116594,-1.2307267530907031
META,learned_alpha_global,lightgbm,2,0.0,31415,"{""n_estimators"": ""58"", ""learning_rate"": 0.2880246592071928, ""num_leaves"": ""21"", ""subsample"": 0.7555544187188985}",0.5362903225806451,0.5386753440444715,123,0.4796747967479675,-0.9339892372213148,-0.608084988819612,-0.42351520224578554,-1.0977551828033865,0.508130081300813,0.47426545086119554,122,0.48360655737704916,-0.8981788029874804,-0.5351021707159056,-0.4586317573511336,-1.1233344772775506,-1.1667359752984252
META,learned_alpha_global,lightgbm,5,0.0,42,"{""n_estimators"": ""50"", ""learning_rate"": 0.023061801268106155, ""num_leaves"": ""20"", ""subsample"": 0.8900549303854077}",0.4897959183673469,0.5314287865100874,48,0.4375,-1.6784483297372128,-0.9753974611392155,-0.5662546175126857,-2.155262621127727,0.5,0.5125130707563611,49,0.4897959183673469,0.45610914874903524,0.6847113635688347,-0.1657093348521749,0.8701079633203284,4.1320023653444045
META,learned_alpha_global,lightgbm,5,0.0,7,"{""n_estimators"": ""119"", ""learning_rate"": 0.01, ""num_leaves"": ""20"", ""subsample"": 0.5}",0.4897959183673469,0.5376769045468234,48,0.4375,-1.6784483297372128,-0.9753974611392155,-0.5662546175126857,-2.155262621127727,0.5,0.5126873475078424,49,0.4897959183673469,0.45610914874903524,0.6847113635688347,-0.1657093348521749,0.8701079633203284,4.1320023653444045
META,learned_alpha_global,lightgbm,5,0.0,1337,"{""n_estimators"": ""50"", ""learning_rate"": 0.024660757385291943, ""num_leaves"": ""20"", ""subsample"": 0.5}",0.46938775510204084,0.5389942788316773,48,0.3958333333333333,-1.7939226847842271,-0.9801379944083047,-0.5835826632491314,-2.314381734593226,0.491869918699187,0.5100731962356222,49,0.46938775510204084,0.11787305417066214,-0.09458702815395836,-0.1889958671214774,0.2245786359782412,-0.5004714102724923
META,learned_alpha_global,lightgbm,5,0.0,2024,"{""n_estimators"": ""122"", ""learning_rate"": 0.010168765778435267, ""num_leaves"": ""22"", ""subsample"": 0.8133933826218447}",0.4489795918367347,0.5242773261065944,48,0.3958333333333333,-1.7952164024076849,-0.9801852901527803,-0.5837717179363939,-2.3168887800715265,0.483739837398374,0.5159637504356919,49,0.46938775510204084,0.11787305417066214,-0.09458702815395836,-0.1889958671214774,0.2245786359782412,-0.5004714102724923
META,learned_alpha_global,lightgbm,5,0.0,31415,"{""n_estimators"": ""50"", ""learning_rate"": 0.01, ""num_leaves"": ""20"", ""subsample"": 0.9986227290579216}",0.46122448979591835,0.5175022583559169,48,0.4583333333333333,-1.4797623176786523,-0.9642457317102958,-0.5342441837452814,-1.8789537190809005,0.5040650406504065,0.5218543046357615,49,0.4897959183673469,0.6928217752275609,1.5929691521935823,-0.179007638916619,1.3645485652973832,8.898889242014866
META,learned_alpha_global,lightgbm,10,0.0025,42,"{""n_estimators"": ""50"", ""learning_rate"": 0.01, ""num_leaves"": ""75"", ""subsample"": 0.5}",0.5625,0.6022417582417583,23,0.6956521739130435,0.8334527433145044,11.478922826030532,-0.22484798512425092,1.0189797127803366,0.516260162601626,0.4899852414083913,24,0.5,0.5025977442867433,2.369017667650006,-0.25189536026761666,1.1203215458373503,9.404768968881099
META,learned_alpha_global,lightgbm,10,0.0025,7,"{""n_estimators"": ""50"", ""learning_rate"": 0.010767912809979012, ""num_leaves"": ""20"", ""subsample"": 0.5015603869568038}",0.5833333333333334,0.6036043956043956,23,0.7391304347826086,0.8694546215312592,13.298045679439072,-0.22484798512425092,1.0963470532093709,0.532520325203252,0.4955724225173941,24,0.5416666666666666,1.058787070893938,22.976259651822478,-0.25189536026761694,2.4440595281159077,91.21350876575177
META,learned_alpha_global,lightgbm,10,0.0025,1337,"{""n_estimators"": ""50"", ""learning_rate"": 0.011395345060163741, ""num_leaves"": ""20"", ""subsample"": 0.5}",0.5833333333333334,0.6035604395604395,23,0.7391304347826086,0.8694546215312592,13.298045679439072,-0.22484798512425092,1.0963470532093709,0.532520325203252,0.4951156089676014,24,0.5416666666666666,1.058787070893938,22.976259651822478,-0.25189536026761694,2.4440595281159077,91.21350876575177
META,learned_alpha_global,lightgbm,10,0.0025,2024,"{""n_estimators"": ""57"", ""learning_rate"": 0.011125105433994037, ""num_leaves"": ""26"", ""subsample"": 0.9827082466093989}",0.5625,0.6056703296703297,23,0.6956521739130435,0.8334527433145044,11.478922826030532,-0.22484798512425092,1.0189797127803366,0.516260162601626,0.4969428631667721,24,0.5,0.5025977442867433,2.369017667650006,-0.25189536026761666,1.1203215458373503,9.404768968881099
META,learned_alpha_global,lightgbm,10,0.0025,31415,"{""n_estimators"": ""54"", ""learning_rate"": 0.011755817157996886, ""num_leaves"": ""25"", ""subsample"": 0.5020076210791179}",0.5625,0.604,23,0.6956521739130435,0.8334527433145044,11.478922826030532,-0.22484798512425092,1.0189797127803366,0.516260162601626,0.4968374446552815,24,0.5,0.5025977442867433,2.369017667650006,-0.25189536026761666,1.1203215458373503,9.404768968881099
NVDA,full_70_30,lightgbm,2,0.005,42,"{""n_estimators"": ""50"", ""learning_rate"": 0.01, ""num_leaves"": ""89"", ""subsample"": 0.5}",0.5120967741935484,0.5087101193971423,123,0.5365853658536586,-0.5516198446365856,-0.5478134677753234,-0.4974996494397822,-1.0293344627997802,0.524390243902439,0.5858050847457626,122,0.4918032786885246,1.0241020007621866,1.2426165618238487,-0.2586580055017521,1.9779258793079557,4.80409086667697
NVDA,full_70_30,lightgbm,2,0.005,7,"{""n_estimators"": ""62"", ""learning_rate"": 0.010531613056270286, ""num_leaves"": ""99"", ""subsample"": 0.7497724654737651}",0.5201612903225806,0.5092646962875971,123,0.5528455284552846,0.07753199636291137,-0.14681246815988136,-0.28771113505016194,0.14990821724137487,0.5487804878048781,0.5930548199152542,122,0.5163934426229508,1.3808916489374135,2.239149648618625,-0.230320298293139,2.5968040437817095,9.721894532147395
NVDA,full_70_30,lightgbm,2,0.005,1337,"{""n_estimators"": ""50"", ""learning_rate"": 0.013238154804982269, ""num_leaves"": ""100"", ""subsample"": 0.8288280823047354}",0.5201612903225806,0.5096561623279181,123,0.5528455284552846,0.07753199636291137,-0.14681246815988136,-0.28771113505016194,0.14990821724137487,0.5528455284552846,0.5934189618644068,122,0.5245901639344263,1.4610426396977003,2.5157627490600483,-0.2042761764847056,2.7263963768431974,12.315497540401664
NVDA,full_70_30,lightgbm,2,0.005,2024,"{""n_estimators"": ""50"", ""learning_rate"": 0.01, ""num_leaves"": ""78"", ""subsample"": 0.5117279038275643}",0.5120967741935484,0.5087101193971423,123,0.5365853658536586,-0.5516198446365856,-0.5478134677753234,-0.4974996494397822,-1.0293344627997802,0.524390243902439,0.5858050847457626,122,0.4918032786885246,1.0241020007621866,1.2426165618238487,-0.2586580055017521,1.9779258793079557,4.80409086667697
NVDA,full_70_30,lightgbm,2,0.005,31415,"{""n_estimators"": ""51"", ""learning_rate"": 0.010423489532951065, ""num_leaves"": ""57"", ""subsample"": 0.5530588695774709}",0.5201612903225806,0.5094930514777842,123,0.5528455284552846,-0.23136438636628148,-0.3756200655485774,-0.41178811355916534,-0.42456972911559904,0.5365853658536586,0.5894796080508474,122,0.5,1.144564304429257,1.54022316996525,-0.25865800550175216,2.1898817204549266,5.9546704034057685
NVDA,full_70_30,lightgbm,5,0.01,42,"{""n_estimators"": ""51"", ""learning_rate"": 0.010200861531695778, ""num_leaves"": ""59"", ""subsample"": 0.6708745945612631}",0.5306122448979592,0.5725532781322111,48,0.5416666666666666,1.130646385770987,7.826619633762103,-0.26042990387804577,2.255092401818931,0.5528455284552846,0.557653743315508,49,0.6122448979591837,1.490245444370128,30.14426467362388,-0.26665724417481224,2.094873707220885,113.04498689659536
NVDA,full_70_30,lightgbm,5,0.01,7,"{""n_estimators"": ""50"", ""learning_rate"": 0.01828938382408015, ""num_leaves"": ""23"", ""subsample"": 0.7461236472127627}",0.5265306122448979,0.5723157323198045,48,0.5208333333333334,0.7602164577993463,2.661330649481926,-0.3745568704487095,1.514913712357586,0.556910569105691,0.5658756684491978,49,0.6326530612244898,1.5886104863951576,39.714263427046475,-0.26665724417481224,2.1855238902926795,148.9337503278592
NVDA,full_70_30,lightgbm,5,0.01,1337,"{""n_estimators"": ""224"", ""learning_rate"": 0.01, ""num_leaves"": ""20"", ""subsample"": 0.5246856669485048}",0.5306122448979592,0.5805959006379802,48,0.5208333333333334,0.3987292871576248,0.5219394793830066,-0.3745568704487094,0.7432164441125609,0.556910569105691,0.5664438502673796,49,0.6326530612244898,1.8347755661637055,77.8914676274112,-0.2632387215846472,2.500002505946174,295.89669467515773
NVDA,full_70_30,lightgbm,5,0.01,2024,"{""n_estimators"": ""55"", ""learning_rate"": 0.03461000115876149, ""num_leaves"": ""21"", ""subsample"": 0.5598352679496416}",0.5265306122448979,0.5770666485679381,48,0.5208333333333334,0.3987292871576248,0.5219394793830066,-0.3745568704487094,0.7432164441125609,0.5528455284552846,0.5663101604278075,49,0.6326530612244898,1.8347755661637055,77.8914676274112,-0.2632387215846472,2.500002505946174,295.89669467515773
NVDA,full_70_30,lightgbm,5,0.01,31415,"{""n_estimators"": ""50"", ""learning_rate"": 0.04075659095730515, ""num_leaves"": ""21"", ""subsample"": 0.5594218202834017}",0.5265306122448979,0.5784919234423782,48,0.5416666666666666,0.8017616001611948,3.0354477650194083,-0.3745568704487093,1.5049148306578657,0.556910569105691,0.5683489304812834,49,0.6530612244897959,1.9297305985888742,100.27475250606518,-0.2632387215846472,2.5685291579302802,380.92706081548414
NVDA,full_70_30,lightgbm,10,0.01,42,"{""n_estimators"": ""351"", ""learning_rate"": 0.013670477722537537, ""num_leaves"": ""20"", ""subsample"": 0.5}",0.5708333333333333,0.5898199023199023,23,0.7391304347826086,1.477315951874088,1288.7038648321286,-0.27593352344238753,3.2464433545935703,0.5121951219512195,0.5350347222222223,24,0.5416666666666666,0.596614210028767,5.2881077601074535,-0.30662403977680974,1.2313906470155807,17.246226890613805
NVDA,full_70_30,lightgbm,10,0.01,7,"{""n_estimators"": ""50"", ""learning_rate"": 0.03718657160572522, ""num_leaves"": ""20"", ""subsample"": 1.0}",0.5666666666666667,0.5914606227106227,23,0.7391304347826086,1.477315951874088,1288.7038648321286,-0.27593352344238753,3.2464433545935703,0.491869918699187,0.5431944444444444,24,0.5,0.6491669799589983,7.33288537827662,-0.2917234256562705,1.4277954572046487,25.136429691171774
NVDA,full_70_30,lightgbm,10,0.01,1337,"{""n_estimators"": ""191"", ""learning_rate"": 0.01, ""num_leaves"": ""20"", ""subsample"": 0.6471267332355015}",0.5416666666666666,0.5894764957264957,23,0.7391304347826086,1.477315951874088,1288.7038648321286,-0.27593352344238753,3.2464433545935703,0.5284552845528455,0.5496527777777778,24,0.4166666666666667,-0.7300825801404836,-0.9940275608971266,-0.46768788732489325,-1.2947716554738735,-2.125407965091463
NVDA,full_70_30,lightgbm,10,0.01,2024,"{""n_estimators"": ""227"", ""learning_rate"": 0.0173961969364871, ""num_leaves"": ""20"", ""subsample"": 1.0}",0.5708333333333333,0.5890949328449329,23,0.7391304347826086,1.477315951874088,1288.7038648321286,-0.27593352344238753,3.2464433545935703,0.508130081300813,0.5341666666666668,24,0.5416666666666666,0.596614210028767,5.2881077601074535,-0.30662403977680974,1.2313906470155807,17.246226890613805
NVDA,full_70_30,lightgbm,10,0.01,31415,"{""n_estimators"": ""433"", ""learning_rate"": 0.01, ""num_leaves"": ""20"", ""subsample"": 0.5}",0.5708333333333333,0.5900869963369964,23,0.7391304347826086,1.477315951874088,1288.7038648321286,-0.27593352344238753,3.2464433545935703,0.5121951219512195,0.5360069444444444,24,0.5416666666666666,0.596614210028767,5.2881077601074535,-0.30662403977680974,1.2313906470155807,17.246226890613805
NVDA,equal_50_50,lightgbm,2,0.005,42,"{""n_estimators"": ""50"", ""learning_rate"": 0.037564349498081434, ""num_leaves"": ""51"", ""subsample"": 0.9889162368227604}",0.5685483870967742,0.5867097279311019,123,0.6016260162601627,1.7946286314431583,3.687345339886316,-0.18216282147776922,3.91220859441699,0.5894308943089431,0.6224179025423728,122,0.6721311475409836,3.4208121796299564,22.456764919688734,-0.19504618699718826,4.98830427816587,115.13562641453979
NVDA,equal_50_50,lightgbm,2,0.005,7,"{""n_estimators"": ""346"", ""learning_rate"": 0.07660785160937861, ""num_leaves"": ""20"", ""subsample"": 0.5028782626396364}",0.5887096774193549,0.5890259020030011,123,0.6585365853658537,2.75788217495221,10.57910577543223,-0.1793549579161559,6.227626662280789,0.6138211382113821,0.6298331567796611,122,0.639344262295082,2.343979355359298,7.4938302063516815,-0.1877699262345416,3.751720040742478,39.9096402529935
NVDA,equal_50_50,lightgbm,2,0.005,1337,"{""n_estimators"": ""50"", ""learning_rate"": 0.03403553927007726, ""num_leaves"": ""20"", ""subsample"": 0.6597944875468946}",0.5725806451612904,0.586579239250995,123,0.5772357723577236,1.9192909093210921,4.283623878061538,-0.1946324909580423,4.1539901780433635,0.5691056910569106,0.6197033898305084,122,0.6311475409836066,2.7177038681733916,11.17718860380407,-0.19504618699718812,4.068958642573294,57.30534277999091
NVDA,equal_50_50,lightgbm,2,0.005,2024,"{""n_estimators"": ""50"", ""learning_rate"": 0.16478695716162522, ""num_leaves"": ""91"", ""subsample"": 0.9451274034461401}",0.5887096774193549,0.5895152345534025,123,0.6504065040650406,2.462556976425702,7.8248142640971245,-0.16664791627462425,5.847344686431137,0.6097560975609756,0.6360897775423728,122,0.6475409836065574,2.6870544162508865,10.842375776906598,-0.21936199736127968,4.283332592651999,49.42686475930321
NVDA,equal_50_50,lightgbm,2,0.005,31415,"{""n_estimators"": ""55"", ""learning_rate"": 0.1233260720268924, ""num_leaves"": ""96"", ""subsample"": 0.682070447666617}",0.5685483870967742,0.585404841130032,123,0.6178861788617886,2.156862817894569,5.627491800463726,-0.1793549579161559,5.227400448573029,0.6138211382113821,0.6373808262711865,122,0.6557377049180327,2.865929875941114,13.038731023765536,-0.18776992623454158,4.459134941108748,69.43993260922403
NVDA,equal_50_50,lightgbm,5,0.01,42,"{""n_estimators"": ""498"", ""learning_rate"": 0.22595115132163135, ""num_leaves"": ""70"", ""subsample"": 0.5}",0.5836734693877551,0.5877562101262386,48,0.6041666666666666,1.7701754114400494,37.003204205681904,-0.20156520673596037,3.3915332081752947,0.5365853658536586,0.5729278074866311,49,0.40816326530612246,-0.36000991869816956,-0.8514763479661196,-0.4529395706320361,-0.567474175858631,-1.879889511039986
NVDA,equal_50_50,lightgbm,5,0.01,7,"{""n_estimators"": ""496"", ""learning_rate"": 0.29761356550439133, ""num_leaves"": ""55"", ""subsample"": 0.7228549785299812}",0.5795918367346938,0.5881973666349939,48,0.5833333333333334,1.7063423827945658,31.988504450869613,-0.20156520673596048,3.3005881076289256,0.5487804878048781,0.5744986631016041,49,0.40816326530612246,-0.45921977441820844,-0.8889727992181307,-0.45293957063203605,-0.7275695568439156,-1.962674177435303
NVDA,equal_50_50,lightgbm,5,0.01,1337,"{""n_estimators"": ""156"", ""learning_rate"": 0.07492430947210826, ""num_leaves"": ""47"", ""subsample"": 0.6352409524202889}",0.5510204081632653,0.5843626985204291,48,0.6041666666666666,1.8510757357079703,44.36930462862119,-0.28812290665765106,3.3744586207981575,0.5487804878048781,0.5814505347593582,49,0.46938775510204084,-0.01491571114668929,-0.5900872346849103,-0.426659868416438,-0.023032872489653928,-1.3830389928048268
NVDA,equal_50_50,lightgbm,5,0.01,2024,"{""n_estimators"": ""496"", ""learning_rate"": 0.16320143660519443, ""num_leaves"": ""52"", ""subsample"": 0.5095862989387052}",0.5755102040816327,0.5881294964028777,48,0.5833333333333334,1.7063423827945658,31.988504450869613,-0.20156520673596048,3.3005881076289256,0.5528455284552846,0.5801136363636363,49,0.40816326530612246,-0.5637880880540381,-0.9182011447373992,-0.4865987218240443,-0.9065872507387343,-1.8869781270601524
NVDA,equal_50_50,lightgbm,5,0.01,31415,"{""n_estimators"": ""352"", ""learning_rate"": 0.29999999999999993, ""num_leaves"": ""20"", ""subsample"": 0.7496183516869825}",0.5755102040816327,0.5850414008415907,48,0.5833333333333334,1.7063423827945658,31.988504450869613,-0.20156520673596048,3.3005881076289256,0.540650406504065,0.5725601604278074,49,0.3877551020408163,-0.65578761938671,-0.937428188947524,-0.48659872182404446,-1.064702712003387,-1.9264912686854545
NVDA,equal_50_50,lightgbm,10,0.01,42,"{""n_estimators"": ""50"", ""learning_rate"": 0.012997936394184105, ""num_leaves"": ""20"", ""subsample"": 0.6901730907355459}",0.5041666666666667,0.5918421855921856,23,0.6086956521739131,0.4813495700180561,2.6256336955663366,-0.362458695200608,0.8269227484676206,0.4796747967479675,0.5251041666666666,24,0.5,-1.9774697180791085,-0.9999850845989737,-0.6098747917377656,-2.935025892200815,-1.639656365775728
NVDA,equal_50_50,lightgbm,10,0.01,7,"{""n_estimators"": ""52"", ""learning_rate"": 0.01, ""num_leaves"": ""100"", ""subsample"": 0.8554623633488193}",0.5125,0.5891712454212454,23,0.6086956521739131,0.4813495700180561,2.6256336955663366,-0.362458695200608,0.8269227484676206,0.483739837398374,0.5327083333333333,24,0.5,-1.9774697180791085,-0.9999850845989737,-0.6098747917377656,-2.935025892200815,-1.639656365775728
NVDA,equal_50_50,lightgbm,10,0.01,1337,"{""n_estimators"": ""50"", ""learning_rate"": 0.014315203105150158, ""num_leaves"": ""84"", ""subsample"": 0.5707993279514476}",0.5166666666666667,0.5904685592185592,23,0.6086956521739131,0.4813495700180561,2.6256336955663366,-0.362458695200608,0.8269227484676206,0.47560975609756095,0.5426736111111111,24,0.5,-1.9774697180791085,-0.9999850845989737,-0.6098747917377656,-2.935025892200815,-1.639656365775728
NVDA,equal_50_50,lightgbm,10,0.01,2024,"{""n_estimators"": ""50"", ""learning_rate"": 0.014127781691479227, ""num_leaves"": ""41"", ""subsample"": 0.9033864277413035}",0.5166666666666667,0.5891712454212454,23,0.6086956521739131,0.4813495700180561,2.6256336955663366,-0.362458695200608,0.8269227484676206,0.4796747967479675,0.5412847222222221,24,0.5,-1.9774697180791085,-0.9999850845989737,-0.6098747917377656,-2.935025892200815,-1.639656365775728
NVDA,equal_50_50,lightgbm,10,0.01,31415,"{""n_estimators"": ""50"", ""learning_rate"": 0.015902100051705975, ""num_leaves"": ""20"", ""subsample"": 0.5}",0.5166666666666667,0.591231684981685,23,0.6086956521739131,0.4813495700180561,2.6256336955663366,-0.362458695200608,0.8269227484676206,0.4878048780487805,0.5361458333333333,24,0.5,-1.9774697180791085,-0.9999850845989737,-0.6098747917377656,-2.935025892200815,-1.639656365775728
NVDA,news_only,lightgbm,2,0.005,42,"{""n_estimators"": ""50"", ""learning_rate"": 0.05580365555369418, ""num_leaves"": ""100"", ""subsample"": 0.6707534043948021}",0.5806451612903226,0.5955503360083513,123,0.6178861788617886,1.7821552217492964,3.623259893429678,-0.2074410928877621,3.1411781050864276,0.6260162601626016,0.6568458686440678,122,0.6147540983606558,2.51468063019656,9.027830781169017,-0.2767903613529714,4.054633761788731,32.61613134590498
NVDA,news_only,lightgbm,2,0.005,7,"{""n_estimators"": ""189"", ""learning_rate"": 0.02453404880347837, ""num_leaves"": ""27"", ""subsample"": 0.7096861052082442}",0.5806451612903226,0.596496378939127,123,0.6097560975609756,1.492382506987199,2.4912705629129306,-0.20744109288776222,2.719702890020406,0.6097560975609756,0.6616790254237288,122,0.5983606557377049,2.0505123675198975,5.357623372334992,-0.2858078462782331,3.358797830897643,18.745543350546654
NVDA,news_only,lightgbm,2,0.005,1337,"{""n_estimators"": ""494"", ""learning_rate"": 0.010063809718120717, ""num_leaves"": ""73"", ""subsample"": 0.7745896088856818}",0.5766129032258065,0.5937234944868532,123,0.6016260162601627,1.3961992933165681,2.178218102062289,-0.2074410928877623,2.5717898673909683,0.6097560975609756,0.6586334745762712,122,0.5983606557377049,2.0505123675198975,5.357623372334992,-0.2858078462782331,3.358797830897643,18.745543350546654
NVDA,news_only,lightgbm,2,0.005,2024,"{""n_estimators"": ""233"", ""learning_rate"": 0.023537096042786122, ""num_leaves"": ""22"", ""subsample"": 0.6882212718520346}",0.5645161290322581,0.5941149605271743,123,0.5934959349593496,1.321128543892995,1.9528313894598135,-0.2074410928877623,2.4538430839056824,0.6097560975609756,0.6578720868644068,122,0.5901639344262295,1.9255240715201456,4.612779080678909,-0.2858078462782331,3.192413260253693,16.139441728931338
NVDA,news_only,lightgbm,2,0.005,31415,"{""n_estimators"": ""211"", ""learning_rate"": 0.023407730232955646, ""num_leaves"": ""20"", ""subsample"": 1.0}",0.5887096774193549,0.5989430416911333,123,0.6260162601626016,1.721999391416218,3.3628392122970476,-0.20128990068645802,3.0856561052546887,0.6097560975609756,0.6562831038135594,122,0.5901639344262295,2.0162030761768097,5.144977289256426,-0.2767903613529714,3.3450975055777663,18.58799296372678
NVDA,news_only,lightgbm,5,0.01,42,"{""n_estimators"": ""50"", ""learning_rate"": 0.0872853589600057, ""num_leaves"": ""100"", ""subsample"": 0.5}",0.5102040816326531,0.5540247047644903,48,0.5,-0.5961287202268439,-0.8727374094014935,-0.5311527551244835,-0.7655138095643501,0.556910569105691,0.596557486631016,49,0.5306122448979592,1.2225960040400061,14.221282036032832,-0.23836696857480064,2.378493122841607,59.66129502364389
NVDA,news_only,lightgbm,5,0.01,7,"{""n_estimators"": ""57"", ""learning_rate"": 0.060196687824340345, ""num_leaves"": ""90"", ""subsample"": 0.6654196246748459}",0.5102040816326531,0.5545337315053618,48,0.5208333333333334,-0.39759478994620884,-0.7932735566387427,-0.4481250424929153,-0.51272012258235,0.5609756097560976,0.5949532085561497,49,0.5918367346938775,1.5263474153229677,34.256964078151675,-0.23836696857480064,2.8668957838056253,143.71523153134234
NVDA,news_only,lightgbm,5,0.01,1337,"{""n_estimators"": ""216"", ""learning_rate"": 0.05041648997141169, ""num_leaves"": ""89"", ""subsample"": 0.7025104407207976}",0.49795918367346936,0.5534138726754446,48,0.4583333333333333,-0.6906109828070196,-0.8987504198025151,-0.5198885589687599,-0.9006609753260153,0.5487804878048781,0.5804812834224599,49,0.6122448979591837,2.501128307136674,444.07960189673963,-0.323899786075373,5.079844502314417,1371.0401210126154
NVDA,news_only,lightgbm,5,0.01,2024,"{""n_estimators"": ""50"", ""learning_rate"": 0.06434300234429707, ""num_leaves"": ""20"", ""subsample"": 1.0}",0.5102040816326531,0.5523618840776435,48,0.5208333333333334,-0.5619250977129061,-0.861494350596961,-0.4680786573948378,-0.7354800922609179,0.5528455284552846,0.5976938502673796,49,0.5102040816326531,0.9339509916884925,5.7164635349093755,-0.24258182593881206,1.8185608601175032,23.565094016364093
NVDA,news_only,lightgbm,5,0.01,31415,"{""n_estimators"": ""50"", ""learning_rate"": 0.06030130164833487, ""num_leaves"": ""100"", ""subsample"": 0.5492977147035086}",0.5102040816326531,0.550088231301751,48,0.5208333333333334,-0.8347013175614808,-0.9286024619444171,-0.5311527551244835,-1.0787649237016295,0.556910569105691,0.5989304812834225,49,0.5714285714285714,1.1977478146401406,13.173930694422689,-0.23836696857480064,2.2913677195670106,55.26743396196965
NVDA,news_only,lightgbm,10,0.01,42,"{""n_estimators"": ""50"", ""learning_rate"": 0.02223476065027235, ""num_leaves"": ""74"", ""subsample"": 1.0}",0.5333333333333333,0.5763125763125764,23,0.6956521739130435,0.20677400416441583,-0.5317131931332078,-0.47816826474210067,0.2139726318336102,0.46747967479674796,0.4881597222222222,24,0.5833333333333334,0.6445610717686115,6.93982781703138,-0.28652165975098826,1.2242416206196076,24.22095356791763
NVDA,news_only,lightgbm,10,0.01,7,"{""n_estimators"": ""127"", ""learning_rate"": 0.01, ""num_leaves"": ""100"", ""subsample"": 0.5}",0.5333333333333333,0.577190170940171,23,0.6956521739130435,0.20677400416441583,-0.5317131931332078,-0.47816826474210067,0.2139726318336102,0.46747967479674796,0.49267361111111113,24,0.5833333333333334,0.6445610717686115,6.93982781703138,-0.28652165975098826,1.2242416206196076,24.22095356791763
NVDA,news_only,lightgbm,10,0.01,1337,"{""n_estimators"": ""190"", ""learning_rate"": 0.010029277918241868, ""num_leaves"": ""37"", ""subsample"": 0.5576248041039453}",0.525,0.5757783882783882,23,0.6956521739130435,0.20677400416441583,-0.5317131931332078,-0.47816826474210067,0.2139726318336102,0.4715447154471545,0.5006597222222222,24,0.5833333333333334,0.6445610717686115,6.93982781703138,-0.28652165975098826,1.2242416206196076,24.22095356791763
NVDA,news_only,lightgbm,10,0.01,2024,"{""n_estimators"": ""139"", ""learning_rate"": 0.013631816713670199, ""num_leaves"": ""95"", ""subsample"": 0.5328174924424346}",0.5208333333333334,0.5758547008547008,23,0.6956521739130435,0.20677400416441583,-0.5317131931332078,-0.47816826474210067,0.2139726318336102,0.4634146341463415,0.5024305555555556,24,0.5833333333333334,0.6445610717686115,6.93982781703138,-0.28652165975098826,1.2242416206196076,24.22095356791763
NVDA,news_only,lightgbm,10,0.01,31415,"{""n_estimators"": ""132"", ""learning_rate"": 0.01, ""num_leaves"": ""100"", ""subsample"": 0.5}",0.525,0.5742521367521367,23,0.6956521739130435,0.20677400416441583,-0.5317131931332078,-0.47816826474210067,0.2139726318336102,0.46747967479674796,0.49440972222222224,24,0.5833333333333334,0.6445610717686115,6.93982781703138,-0.28652165975098826,1.2242416206196076,24.22095356791763
NVDA,social_only,lightgbm,2,0.005,42,"{""n_estimators"": ""167"", ""learning_rate"": 0.1656700547285898, ""num_leaves"": ""22"", ""subsample"": 0.6548213290229703}",0.5443548387096774,0.543615841325765,123,0.5772357723577236,1.5247863824300645,2.6061628013188094,-0.3786776934522088,3.035593848334467,0.5040650406504065,0.5550847457627119,122,0.5,0.8603503737992511,0.888719566310066,-0.27498843085608926,1.5031422019493632,3.231843476263054
NVDA,social_only,lightgbm,2,0.005,7,"{""n_estimators"": ""500"", ""learning_rate"": 0.027223161467740977, ""num_leaves"": ""100"", ""subsample"": 1.0}",0.5362903225806451,0.5414954002740263,123,0.5528455284552846,1.2878762142089522,1.8603100570905697,-0.3786776934522088,2.630542934053713,0.4878048780487805,0.5407507944915255,122,0.4672131147540984,0.2975322443943615,0.04737246142410467,-0.30643009986934305,0.5242833710121635,0.15459467410121766
NVDA,social_only,lightgbm,2,0.005,1337,"{""n_estimators"": ""332"", ""learning_rate"": 0.058578233865133764, ""num_leaves"": ""20"", ""subsample"": 1.0}",0.5282258064516129,0.54035362432309,123,0.5528455284552846,1.340744061044172,2.0127958427487274,-0.32688492860892504,2.7451984805417293,0.483739837398374,0.556541313559322,122,0.45901639344262296,0.1917717758237562,-0.06298646419159448,-0.34206464195699093,0.33903071844058935,-0.18413614406692758
NVDA,social_only,lightgbm,2,0.005,2024,"{""n_estimators"": ""51"", ""learning_rate"": 0.2024018153182564, ""num_leaves"": ""36"", ""subsample"": 0.900955596878876}",0.532258064516129,0.543485352645658,123,0.5365853658536586,0.9752165396509809,1.1003106017181472,-0.37867769345220875,2.0187299065027013,0.483739837398374,0.5513771186440678,122,0.45901639344262296,-0.02864101275461044,-0.2578848837567308,-0.4658369038978361,-0.04889390540372186,-0.5535947916511316
NVDA,social_only,lightgbm,2,0.005,31415,"{""n_estimators"": ""500"", ""learning_rate"": 0.046082819861493436, ""num_leaves"": ""20"", ""subsample"": 0.7755684010411169}",0.5362903225806451,0.5395054479023945,123,0.5609756097560976,1.4377738096429908,2.3129519266262752,-0.32688492860892504,2.9143083282011233,0.483739837398374,0.5524033368644068,122,0.45901639344262296,0.11292333578082452,-0.13764795170961008,-0.3585113127314167,0.20017974126612675,-0.38394311928653363
NVDA,social_only,lightgbm,5,0.01,42,"{""n_estimators"": ""50"", ""learning_rate"": 0.06563877368279049, ""num_leaves"": ""100"", ""subsample"": 0.8383230916515239}",0.5183673469387755,0.5354961313967693,48,0.4166666666666667,-0.7426592385282388,-0.9103854227075348,-0.5813848747642734,-1.0153833754895025,0.5203252032520326,0.5424799465240642,49,0.5102040816326531,0.8083853282724801,3.6566749488504575,-0.27002302846933185,1.4726041587589456,13.54208553832944
NVDA,social_only,lightgbm,5,0.01,7,"{""n_estimators"": ""50"", ""learning_rate"": 0.01, ""num_leaves"": ""20"", ""subsample"": 0.5}",0.5265306122448979,0.5393986697434505,48,0.4166666666666667,-1.2970890845126508,-0.9761465142210688,-0.702242236314744,-1.734243394823212,0.524390243902439,0.5330213903743315,49,0.5510204081632653,0.6728808247866487,2.136564468882173,-0.284674604336938,1.1788435348228368,7.505286514259477
NVDA,social_only,lightgbm,5,0.01,1337,"{""n_estimators"": ""50"", ""learning_rate"": 0.010180573175186938, ""num_leaves"": ""20"", ""subsample"": 0.8212279353870326}",0.5265306122448979,0.5428600515813763,48,0.4166666666666667,-1.2970890845126508,-0.9761465142210688,-0.702242236314744,-1.734243394823212,0.524390243902439,0.5354278074866309,49,0.5510204081632653,0.6728808247866487,2.136564468882173,-0.284674604336938,1.1788435348228368,7.505286514259477
NVDA,social_only,lightgbm,5,0.01,2024,"{""n_estimators"": ""55"", ""learning_rate"": 0.01160643741733052, ""num_leaves"": ""20"", ""subsample"": 0.5}",0.5306122448979592,0.5331885435048188,48,0.4166666666666667,-1.2970890845126508,-0.9761465142210688,-0.702242236314744,-1.734243394823212,0.5203252032520326,0.5302473262032085,49,0.5510204081632653,0.6728808247866487,2.136564468882173,-0.284674604336938,1.1788435348228368,7.505286514259477
NVDA,social_only,lightgbm,5,0.01,31415,"{""n_estimators"": ""394"", ""learning_rate"": 0.01, ""num_leaves"": ""20"", ""subsample"": 1.0}",0.5346938775510204,0.5451337043572689,48,0.4375,-0.6297525463146592,-0.882241023881085,-0.5590307377738026,-0.8502577375995267,0.5284552845528455,0.5557486631016043,49,0.5306122448979592,1.0344519062135957,7.886030410499645,-0.27002302846933196,1.8381832456294627,29.205029123637527
NVDA,social_only,lightgbm,10,0.01,42,"{""n_estimators"": ""212"", ""learning_rate"": 0.07029873611828746, ""num_leaves"": ""26"", ""subsample"": 0.5092977252719791}",0.5583333333333333,0.5738705738705738,23,0.6086956521739131,1.05497750381274,119.25986759130355,-0.27593352344238753,2.262521418588403,0.508130081300813,0.5169097222222222,24,0.4583333333333333,-1.4201475697969588,-0.9998156319570521,-0.5580327821788533,-2.028271139968531,-1.791679026549742
NVDA,social_only,lightgbm,10,0.01,7,"{""n_estimators"": ""414"", ""learning_rate"": 0.07071317131114477, ""num_leaves"": ""20"", ""subsample"": 0.999717286917341}",0.5625,0.570970695970696,23,0.6086956521739131,1.05497750381274,119.25986759130355,-0.27593352344238753,2.262521418588403,0.516260162601626,0.5205208333333333,24,0.4166666666666667,-1.4381912708486029,-0.9998305226666768,-0.5461253167043795,-1.9963768309076386,-1.8307712389167454
NVDA,social_only,lightgbm,10,0.01,1337,"{""n_estimators"": ""50"", ""learning_rate"": 0.07167674833537589, ""num_leaves"": ""65"", ""subsample"": 0.5}",0.55,0.5705128205128205,23,0.6086956521739131,1.1203459941998142,174.6891796682255,-0.27593352344238753,2.4034047154640445,0.47560975609756095,0.49684027777777773,24,0.3333333333333333,-2.310058560727147,-0.9999960335217007,-0.6377641813743052,-3.3243462729197004,-1.5679714583011377
NVDA,social_only,lightgbm,10,0.01,2024,"{""n_estimators"": ""274"", ""learning_rate"": 0.07899942749792428, ""num_leaves"": ""93"", ""subsample"": 0.8392174697666253}",0.5625,0.5705128205128206,23,0.6086956521739131,1.05497750381274,119.25986759130355,-0.27593352344238753,2.262521418588403,0.5121951219512195,0.5166319444444444,24,0.5,-1.3607138682298539,-0.9997562651612406,-0.5461253167043795,-2.010087273303404,-1.8306352673674235
NVDA,social_only,lightgbm,10,0.01,31415,"{""n_estimators"": ""379"", ""learning_rate"": 0.01, ""num_leaves"": ""20"", ""subsample"": 0.5}",0.5625,0.572306166056166,23,0.6086956521739131,1.1203459941998142,174.6891796682255,-0.27593352344238753,2.4034047154640445,0.46747967479674796,0.49524305555555553,24,0.3333333333333333,-2.310058560727147,-0.9999960335217007,-0.6377641813743052,-3.3243462729197004,-1.5679714583011377
NVDA,sentiment_only,lightgbm,2,0.005,42,"{""n_estimators"": ""58"", ""learning_rate"": 0.010140606625461167, ""num_leaves"": ""99"", ""subsample"": 0.6062544607720325}",0.4959677419354839,0.4850590461277483,123,0.4959349593495935,-0.1163480420651402,-0.29820507851524247,-0.419396585342908,-0.22363012478513353,0.47560975609756095,0.5072166313559322,122,0.4918032786885246,-0.19420845354607685,-0.37781188234723795,-0.4121383641980528,-0.3204059327337852,-0.9167112677859826
NVDA,sentiment_only,lightgbm,2,0.005,7,"{""n_estimators"": ""50"", ""learning_rate"": 0.01163424310731851, ""num_leaves"": ""100"", ""subsample"": 0.5}",0.4959677419354839,0.48470020225745414,123,0.4959349593495935,-0.1163480420651402,-0.29820507851524247,-0.419396585342908,-0.22363012478513353,0.47560975609756095,0.5056938559322034,122,0.4918032786885246,-0.19420845354607685,-0.37781188234723795,-0.4121383641980528,-0.3204059327337852,-0.9167112677859826
NVDA,sentiment_only,lightgbm,2,0.005,1337,"{""n_estimators"": ""50"", ""learning_rate"": 0.011067931172301104, ""num_leaves"": ""20"", ""subsample"": 0.7516428779881634}",0.4798387096774194,0.48476544659750775,123,0.4634146341463415,-0.620715117825001,-0.5779553984547285,-0.5178144842198182,-1.1763510873417407,0.491869918699187,0.5052635063559322,122,0.48360655737704916,-0.17111998186556376,-0.3624637660839952,-0.37535908332703277,-0.28146808894899106,-0.9656453838049193
NVDA,sentiment_only,lightgbm,2,0.005,2024,"{""n_estimators"": ""50"", ""learning_rate"": 0.01, ""num_leaves"": ""20"", ""subsample"": 0.5}",0.4798387096774194,0.4843087362171332,123,0.4634146341463415,-0.620715117825001,-0.5779553984547285,-0.5178144842198182,-1.1763510873417407,0.4959349593495935,0.5065214512711864,122,0.48360655737704916,-0.17111998186556376,-0.3624637660839952,-0.37535908332703277,-0.28146808894899106,-0.9656453838049193
NVDA,sentiment_only,lightgbm,2,0.005,31415,"{""n_estimators"": ""50"", ""learning_rate"": 0.01, ""num_leaves"": ""20"", ""subsample"": 0.5}",0.4798387096774194,0.4843087362171332,123,0.4634146341463415,-0.620715117825001,-0.5779553984547285,-0.5178144842198182,-1.1763510873417407,0.4959349593495935,0.5065214512711864,122,0.48360655737704916,-0.17111998186556376,-0.3624637660839952,-0.37535908332703277,-0.28146808894899106,-0.9656453838049193
NVDA,sentiment_only,lightgbm,5,0.01,42,"{""n_estimators"": ""460"", ""learning_rate"": 0.17433751914443452, ""num_leaves"": ""22"", ""subsample"": 0.5969580753016559}",0.49795918367346936,0.5279625356318719,48,0.4583333333333333,-0.6140035943597756,-0.8774683255953782,-0.5099133655850885,-0.8433804045723867,0.516260162601626,0.5217914438502674,49,0.46938775510204084,0.1577460176376203,-0.3220572475990262,-0.38262913780089963,0.22933438238691964,-0.8416955630979889
NVDA,sentiment_only,lightgbm,5,0.01,7,"{""n_estimators"": ""496"", ""learning_rate"": 0.13090008099684808, ""num_leaves"": ""20"", ""subsample"": 0.8182195619115775}",0.49795918367346936,0.5276231844712909,48,0.4583333333333333,-0.6140035943597756,-0.8774683255953782,-0.5099133655850885,-0.8433804045723867,0.516260162601626,0.5216577540106951,49,0.46938775510204084,0.1577460176376203,-0.3220572475990262,-0.38262913780089963,0.22933438238691964,-0.8416955630979889
NVDA,sentiment_only,lightgbm,5,0.01,1337,"{""n_estimators"": ""276"", ""learning_rate"": 0.2865617767339706, ""num_leaves"": ""50"", ""subsample"": 0.5330243477731269}",0.49795918367346936,0.5293538753902539,48,0.4583333333333333,-0.6140035943597756,-0.8774683255953782,-0.5099133655850885,-0.8433804045723867,0.516260162601626,0.5206885026737967,49,0.46938775510204084,0.1577460176376203,-0.3220572475990262,-0.38262913780089963,0.22933438238691964,-0.8416955630979889
NVDA,sentiment_only,lightgbm,5,0.01,2024,"{""n_estimators"": ""500"", ""learning_rate"": 0.1378165523267255, ""num_leaves"": ""25"", ""subsample"": 0.60609710117236}",0.49795918367346936,0.5273856386588842,48,0.4583333333333333,-0.6140035943597756,-0.8774683255953782,-0.5099133655850885,-0.8433804045723867,0.516260162601626,0.5233957219251336,49,0.46938775510204084,0.1577460176376203,-0.3220572475990262,-0.38262913780089963,0.22933438238691964,-0.8416955630979889
NVDA,sentiment_only,lightgbm,5,0.01,31415,"{""n_estimators"": ""396"", ""learning_rate"": 0.26132966750629355, ""num_leaves"": ""20"", ""subsample"": 0.940576413358934}",0.49795918367346936,0.5295235509705444,48,0.4583333333333333,-0.6140035943597756,-0.8774683255953782,-0.5099133655850885,-0.8433804045723867,0.516260162601626,0.5230280748663101,49,0.46938775510204084,0.1577460176376203,-0.3220572475990262,-0.38262913780089963,0.22933438238691964,-0.8416955630979889
NVDA,sentiment_only,lightgbm,10,0.01,42,"{""n_estimators"": ""57"", ""learning_rate"": 0.010093710476915301, ""num_leaves"": ""42"", ""subsample"": 0.5833677753537994}",0.5375,0.5501373626373626,23,0.8260869565217391,2.2081466259660485,51702.29600807024,-0.27593352344238753,3.966334425012158,0.47560975609756095,0.4992708333333333,24,0.4583333333333333,-0.1722708362026616,-0.890547081761008,-0.3513823084662238,-0.3078717446561468,-2.534410698273988
NVDA,sentiment_only,lightgbm,10,0.01,7,"{""n_estimators"": ""53"", ""learning_rate"": 0.010046115777037904, ""num_leaves"": ""25"", ""subsample"": 0.901439727422003}",0.5375,0.5530372405372406,23,0.8260869565217391,2.2081466259660485,51702.29600807024,-0.27593352344238753,3.966334425012158,0.47560975609756095,0.49552083333333335,24,0.4583333333333333,-0.1722708362026616,-0.890547081761008,-0.3513823084662238,-0.3078717446561468,-2.534410698273988
NVDA,sentiment_only,lightgbm,10,0.01,1337,"{""n_estimators"": ""54"", ""learning_rate"": 0.010177731745267161, ""num_leaves"": ""39"", ""subsample"": 0.8646851988334057}",0.5375,0.5505952380952381,23,0.8260869565217391,2.2081466259660485,51702.29600807024,-0.27593352344238753,3.966334425012158,0.47560975609756095,0.4990625,24,0.4583333333333333,-0.1722708362026616,-0.890547081761008,-0.3513823084662238,-0.3078717446561468,-2.534410698273988
NVDA,sentiment_only,lightgbm,10,0.01,2024,"{""n_estimators"": ""50"", ""learning_rate"": 0.01, ""num_leaves"": ""20"", ""subsample"": 1.0}",0.5583333333333333,0.5502518315018315,23,0.8260869565217391,2.2081466259660485,51702.29600807024,-0.27593352344238753,3.966334425012158,0.4715447154471545,0.4946874999999999,24,0.5416666666666666,0.5901124980617424,5.072503293787742,-0.2372342931098052,1.2061596015331013,21.381829866561095
NVDA,sentiment_only,lightgbm,10,0.01,31415,"{""n_estimators"": ""50"", ""learning_rate"": 0.011317362256049865, ""num_leaves"": ""22"", ""subsample"": 0.7929137843815663}",0.5375,0.5522359584859585,23,0.8260869565217391,2.2081466259660485,51702.29600807024,-0.27593352344238753,3.966334425012158,0.47560975609756095,0.4945486111111111,24,0.4583333333333333,-0.1722708362026616,-0.890547081761008,-0.3513823084662238,-0.3078717446561468,-2.534410698273988
NVDA,technical_only,lightgbm,2,0.005,42,"{""n_estimators"": ""50"", ""learning_rate"": 0.29999999999999993, ""num_leaves"": ""54"", ""subsample"": 0.5109036983506411}",0.5685483870967742,0.5604815032295949,123,0.6097560975609756,2.5384934575457283,8.46839142275155,-0.1794732650975129,5.783543682572428,0.6138211382113821,0.586665783898305,122,0.6639344262295082,3.8712028506190035,34.14643633037973,-0.1849986775529793,6.880413154781834,184.57665093633432
NVDA,technical_only,lightgbm,2,0.005,7,"{""n_estimators"": ""101"", ""learning_rate"": 0.29999999999999993, ""num_leaves"": ""42"", ""subsample"": 0.7944354324518867}",0.5725806451612904,0.5596985711489527,123,0.6178861788617886,2.716992930605172,10.15622216711523,-0.14441856689314683,6.139846304699329,0.6178861788617886,0.5942796610169492,122,0.6639344262295082,3.873613082022847,34.22044740715766,-0.18416825846208593,6.875311117098985,185.81077810540572
NVDA,technical_only,lightgbm,2,0.005,1337,"{""n_estimators"": ""50"", ""learning_rate"": 0.29999999999999993, ""num_leaves"": ""34"", ""subsample"": 0.6592467905842581}",0.5685483870967742,0.5604815032295949,123,0.6097560975609756,2.5384934575457283,8.46839142275155,-0.1794732650975129,5.783543682572428,0.6138211382113821,0.586665783898305,122,0.6639344262295082,3.8712028506190035,34.14643633037973,-0.1849986775529793,6.880413154781834,184.57665093633432
NVDA,technical_only,lightgbm,2,0.005,2024,"{""n_estimators"": ""136"", ""learning_rate"": 0.09495014230516041, ""num_leaves"": ""96"", ""subsample"": 0.8602818735132725}",0.5685483870967742,0.5550662230051543,123,0.6097560975609756,2.5384934575457283,8.46839142275155,-0.1794732650975129,5.783543682572428,0.6178861788617886,0.5832229872881357,122,0.6639344262295082,3.873613082022847,34.22044740715766,-0.18416825846208593,6.875311117098985,185.81077810540572
NVDA,technical_only,lightgbm,2,0.005,31415,"{""n_estimators"": ""315"", ""learning_rate"": 0.04512010404683302, ""num_leaves"": ""99"", ""subsample"": 0.7896630919681631}",0.5685483870967742,0.5548704899849939,123,0.6097560975609756,2.5384934575457283,8.46839142275155,-0.1794732650975129,5.783543682572428,0.6138211382113821,0.5877251059322034,122,0.6639344262295082,3.8712028506190035,34.14643633037973,-0.1849986775529793,6.880413154781834,184.57665093633432
NVDA,technical_only,lightgbm,5,0.01,42,"{""n_estimators"": ""445"", ""learning_rate"": 0.29999999999999993, ""num_leaves"": ""21"", ""subsample"": 1.0}",0.5755102040816327,0.5817496945839554,48,0.6041666666666666,1.9254351872552604,52.51060535793587,-0.2852088953175118,3.9040051581853543,0.6097560975609756,0.5933489304812835,49,0.6938775510204082,3.2884166653333877,2705.490767328615,-0.22216493715578794,5.276249811785436,12177.847692642217
NVDA,technical_only,lightgbm,5,0.01,7,"{""n_estimators"": ""227"", ""learning_rate"": 0.29999999999999993, ""num_leaves"": ""52"", ""subsample"": 0.6506506016595124}",0.5836734693877551,0.58541468711823,48,0.625,2.3860529931668726,140.88425737143024,-0.28520889531751176,4.993878781101863,0.6097560975609756,0.5964906417112299,49,0.6938775510204082,3.2884166653333877,2705.490767328615,-0.22216493715578794,5.276249811785436,12177.847692642217
NVDA,technical_only,lightgbm,5,0.01,1337,"{""n_estimators"": ""405"", ""learning_rate"": 0.018253523051167897, ""num_leaves"": ""89"", ""subsample"": 0.8849433743319504}",0.5836734693877551,0.5829034885299308,48,0.625,2.3860529931668726,140.88425737143024,-0.28520889531751176,4.993878781101863,0.5975609756097561,0.5859959893048128,49,0.673469387755102,3.1450548830755762,1978.2109659953667,-0.22216493715578794,5.238968860488694,8904.244708102578
NVDA,technical_only,lightgbm,5,0.01,2024,"{""n_estimators"": ""386"", ""learning_rate"": 0.01818758468784697, ""num_leaves"": ""75"", ""subsample"": 0.9849873642369287}",0.5836734693877551,0.5829034885299308,48,0.625,2.3860529931668726,140.88425737143024,-0.28520889531751176,4.993878781101863,0.5975609756097561,0.5853275401069519,49,0.673469387755102,3.1450548830755762,1978.2109659953667,-0.22216493715578794,5.238968860488694,8904.244708102578
NVDA,technical_only,lightgbm,5,0.01,31415,"{""n_estimators"": ""55"", ""learning_rate"": 0.1233260720268924, ""num_leaves"": ""96"", ""subsample"": 0.682070447666617}",0.5795918367346938,0.582971358762047,48,0.625,2.3860529931668726,140.88425737143024,-0.28520889531751176,4.993878781101863,0.5934959349593496,0.5857954545454546,49,0.673469387755102,3.1450548830755762,1978.2109659953667,-0.22216493715578794,5.238968860488694,8904.244708102578
NVDA,technical_only,lightgbm,10,0.01,42,"{""n_estimators"": ""496"", ""learning_rate"": 0.1263267298793116, ""num_leaves"": ""22"", ""subsample"": 0.7893140861293542}",0.6625,0.6079441391941391,23,0.6956521739130435,2.3443786504700306,101983.141311433,-0.18209804543151775,9.108168212523596,0.6219512195121951,0.5520138888888889,24,0.5833333333333334,2.0425452368512635,5682.484119633154,-0.18033082467944014,5.830557027678796,31511.44087392966
NVDA,technical_only,lightgbm,10,0.01,7,"{""n_estimators"": ""500"", ""learning_rate"": 0.09529078787911574, ""num_leaves"": ""68"", ""subsample"": 0.8071219255020845}",0.6625,0.6029838217338217,23,0.6956521739130435,2.3443786504700306,101983.141311433,-0.18209804543151775,9.108168212523596,0.6219512195121951,0.5522222222222223,24,0.5833333333333334,2.0425452368512635,5682.484119633154,-0.18033082467944014,5.830557027678796,31511.44087392966
NVDA,technical_only,lightgbm,10,0.01,1337,"{""n_estimators"": ""412"", ""learning_rate"": 0.2823697669016751, ""num_leaves"": ""36"", ""subsample"": 0.5}",0.6625,0.595199938949939,23,0.6956521739130435,2.3443786504700306,101983.141311433,-0.18209804543151775,9.108168212523596,0.6219512195121951,0.5434722222222221,24,0.625,2.2589368338612483,13500.838270003125,-0.18033082467944014,6.034084888272371,74867.05777563264
NVDA,technical_only,lightgbm,10,0.01,2024,"{""n_estimators"": ""499"", ""learning_rate"": 0.2925277109530747, ""num_leaves"": ""66"", ""subsample"": 0.9517661147661383}",0.6625,0.6054258241758242,23,0.6956521739130435,2.3443786504700306,101983.141311433,-0.18209804543151775,9.108168212523596,0.6219512195121951,0.5480555555555556,24,0.625,2.192783371498111,10408.032685854256,-0.18033082467944014,5.993588923222798,57716.32611538151
NVDA,technical_only,lightgbm,10,0.01,31415,"{""n_estimators"": ""500"", ""learning_rate"": 0.15432008737575215, ""num_leaves"": ""45"", ""subsample"": 0.8333222055464571}",0.6625,0.6033653846153846,23,0.6956521739130435,2.3443786504700306,101983.141311433,-0.18209804543151775,9.108168212523596,0.6219512195121951,0.5607638888888887,24,0.5833333333333334,2.0425452368512635,5682.484119633154,-0.18033082467944014,5.830557027678796,31511.44087392966
NVDA,learned_alpha_per_stock,lightgbm,2,0.005,42,"{""n_estimators"": ""408"", ""learning_rate"": 0.018661881481387678, ""num_leaves"": ""82"", ""subsample"": 0.7984250789732436}",0.5282258064516129,0.5369609186403079,123,0.4959349593495935,-1.387380252488089,-0.8094438956999477,-0.5735900857455546,-1.5739129972174815,0.5853658536585366,0.6021252648305085,122,0.5983606557377049,1.4582786199740063,2.4981770524579225,-0.36385507099490094,2.400120770452062,6.865857457000873
NVDA,learned_alpha_per_stock,lightgbm,2,0.005,7,"{""n_estimators"": ""277"", ""learning_rate"": 0.29816726394531273, ""num_leaves"": ""76"", ""subsample"": 1.0}",0.5161290322580645,0.5357212761792914,123,0.4878048780487805,-0.7174824494206793,-0.6276767460673951,-0.5811361834647073,-0.8256935918113033,0.5853658536585366,0.59375,122,0.6311475409836066,2.7046368083524177,11.059074510897915,-0.1906879792389864,4.777498837766378,57.995656333626265
NVDA,learned_alpha_per_stock,lightgbm,2,0.005,1337,"{""n_estimators"": ""363"", ""learning_rate"": 0.025444318974772836, ""num_leaves"": ""99"", ""subsample"": 0.9630231692596147}",0.5080645161290323,0.5335355907874991,123,0.4959349593495935,-0.9149738791679899,-0.6944769264371018,-0.6022408339228312,-1.0671362104405258,0.5528455284552846,0.5968617584745762,122,0.5983606557377049,1.77114392882634,3.8110387417958194,-0.32465310600333286,3.060404232852245,11.738802652196698
NVDA,learned_alpha_per_stock,lightgbm,2,0.005,2024,"{""n_estimators"": ""220"", ""learning_rate"": 0.16229345597928943, ""num_leaves"": ""53"", ""subsample"": 0.6073634597739768}",0.5080645161290323,0.5338291903177399,123,0.4878048780487805,-1.0147199205640995,-0.723628325604424,-0.5816888416566424,-1.1696276540413844,0.5894308943089431,0.5922934322033898,122,0.6475409836065574,2.776071128127161,11.903967662663781,-0.22960296915355827,4.680097620292347,51.84587859010838
NVDA,learned_alpha_per_stock,lightgbm,2,0.005,31415,"{""n_estimators"": ""307"", ""learning_rate"": 0.027427791824445977, ""num_leaves"": ""37"", ""subsample"": 0.7147134256274201}",0.5201612903225806,0.5349057219286226,123,0.4878048780487805,-1.1423471834295296,-0.7565766691201974,-0.6024883098771183,-1.3420242084138283,0.5650406504065041,0.602886652542373,122,0.5983606557377049,1.8154756871799678,4.0307859629035026,-0.30989128594099075,3.1345112088125906,13.007096829663812
NVDA,learned_alpha_per_stock,lightgbm,5,0.01,42,"{""n_estimators"": ""267"", ""learning_rate"": 0.02682546937112371, ""num_leaves"": ""21"", ""subsample"": 0.6490083425586092}",0.5428571428571428,0.5407221392697164,48,0.6041666666666666,0.8540952101249724,3.3732871972142844,-0.4062881921096973,1.0515064037147093,0.5365853658536586,0.5593248663101604,49,0.5714285714285714,0.46126448512115326,0.681625675188646,-0.3945260776469894,0.7697995702868652,1.727707530143407
NVDA,learned_alpha_per_stock,lightgbm,5,0.01,7,"{""n_estimators"": ""50"", ""learning_rate"": 0.1101906405057145, ""num_leaves"": ""100"", ""subsample"": 0.9260843575608615}",0.5387755102040817,0.5454051852857337,48,0.6041666666666666,0.8540952101249724,3.3732871972142844,-0.4062881921096973,1.0515064037147093,0.5365853658536586,0.5602941176470588,49,0.5714285714285714,0.49106755108613076,0.8342259704592518,-0.3945260776469894,0.8125911199811533,2.114501468279857
NVDA,learned_alpha_per_stock,lightgbm,5,0.01,1337,"{""n_estimators"": ""302"", ""learning_rate"": 0.020607140642606672, ""num_leaves"": ""63"", ""subsample"": 0.5169856932796558}",0.5428571428571428,0.5391611239310439,48,0.625,1.2268178036391424,9.542981864933143,-0.3331052977187952,1.4701695222953755,0.5284552845528455,0.5600267379679145,49,0.5714285714285714,0.49216020043854675,0.8400727198228504,-0.3945260776469894,0.8141262988300546,2.129321146103106
NVDA,learned_alpha_per_stock,lightgbm,5,0.01,2024,"{""n_estimators"": ""50"", ""learning_rate"": 0.10199640552981758, ""num_leaves"": ""20"", ""subsample"": 0.9480280302659649}",0.5387755102040817,0.5472376815528709,48,0.6041666666666666,0.8540952101249724,3.3732871972142844,-0.4062881921096973,1.0515064037147093,0.540650406504065,0.5658756684491979,49,0.5918367346938775,0.2781965059868407,-0.018435731382598686,-0.4768596854573941,0.4679908569127036,-0.03866070448986583
NVDA,learned_alpha_per_stock,lightgbm,5,0.01,31415,"{""n_estimators"": ""55"", ""learning_rate"": 0.1233260720268924, ""num_leaves"": ""96"", ""subsample"": 0.682070447666617}",0.5428571428571428,0.540959685082123,48,0.6041666666666666,0.8540952101249724,3.3732871972142844,-0.4062881921096973,1.0515064037147093,0.5284552845528455,0.546524064171123,49,0.5714285714285714,0.4425406175600868,0.5922259128008212,-0.39452607764698927,0.742037741223298,1.5011071418471051
NVDA,learned_alpha_per_stock,lightgbm,10,0.01,42,"{""n_estimators"": ""50"", ""learning_rate"": 0.028567575771961225, ""num_leaves"": ""20"", ""subsample"": 1.0}",0.5208333333333334,0.5844398656898657,23,0.6086956521739131,-0.07386064974462592,-0.9185458427451945,-0.4781682647421008,-0.08100975126443716,0.5,0.5417013888888889,24,0.5833333333333334,-0.07290896270908759,-0.8284543553836681,-0.3503565403506388,-0.10307048464454041,-2.364603653622525
NVDA,learned_alpha_per_stock,lightgbm,10,0.01,7,"{""n_estimators"": ""177"", ""learning_rate"": 0.01, ""num_leaves"": ""20"", ""subsample"": 0.9143947797122961}",0.5291666666666667,0.5810057997557998,23,0.6086956521739131,-0.07386064974462592,-0.9185458427451945,-0.4781682647421008,-0.08100975126443716,0.491869918699187,0.5453125000000001,24,0.625,0.07745149913121184,-0.622306123271769,-0.35035654035063873,0.10805016818958282,-1.7762080954702935
NVDA,learned_alpha_per_stock,lightgbm,10,0.01,1337,"{""n_estimators"": ""50"", ""learning_rate"": 0.041982704943735946, ""num_leaves"": ""20"", ""subsample"": 1.0}",0.5333333333333333,0.5821504884004884,23,0.6086956521739131,-0.07386064974462592,-0.9185458427451945,-0.4781682647421008,-0.08100975126443716,0.491869918699187,0.5457986111111112,24,0.5833333333333334,-0.46155756206361986,-0.977862695742368,-0.4539901388017458,-0.6708449405311819,-2.15392937459682
NVDA,learned_alpha_per_stock,lightgbm,10,0.01,2024,"{""n_estimators"": ""50"", ""learning_rate"": 0.024623443956505797, ""num_leaves"": ""20"", ""subsample"": 0.5996184494879687}",0.5208333333333334,0.5885607448107448,23,0.6086956521739131,-0.07386064974462592,-0.9185458427451945,-0.4781682647421008,-0.08100975126443716,0.4959349593495935,0.5416319444444445,24,0.5833333333333334,-0.07290896270908759,-0.8284543553836681,-0.3503565403506388,-0.10307048464454041,-2.364603653622525
NVDA,learned_alpha_per_stock,lightgbm,10,0.01,31415,"{""n_estimators"": ""173"", ""learning_rate"": 0.01, ""num_leaves"": ""20"", ""subsample"": 0.5}",0.525,0.5822268009768009,23,0.6086956521739131,-0.07386064974462592,-0.9185458427451945,-0.4781682647421008,-0.08100975126443716,0.491869918699187,0.5453819444444444,24,0.5833333333333334,-0.07290896270908759,-0.8284543553836681,-0.3503565403506388,-0.10307048464454041,-2.364603653622525
NVDA,learned_alpha_global,lightgbm,2,0.005,42,"{""n_estimators"": ""242"", ""learning_rate"": 0.2933935231738319, ""num_leaves"": ""20"", ""subsample"": 0.8745657279667599}",0.5483870967741935,0.5480524564494029,123,0.5691056910569106,-0.012516920622769424,-0.24257646876216332,-0.47065990171587285,-0.013692011336361085,0.5447154471544715,0.591068591101695,122,0.5081967213114754,0.1001817710140957,-0.1499522363912723,-0.5373687776023315,0.17090216988549037,-0.2790490304634731
NVDA,learned_alpha_global,lightgbm,2,0.005,7,"{""n_estimators"": ""228"", ""learning_rate"": 0.2932569502499707, ""num_leaves"": ""88"", ""subsample"": 0.8154178378030732}",0.5201612903225806,0.5419847328244275,123,0.5365853658536586,-0.26880619479367956,-0.4149970146556683,-0.4062152487871552,-0.3017611889508581,0.5487804878048781,0.5901085805084746,122,0.5,-0.09148752509547502,-0.30541112264068637,-0.5578674682590878,-0.15907410711273903,-0.5474617897934957
NVDA,learned_alpha_global,lightgbm,2,0.005,1337,"{""n_estimators"": ""411"", ""learning_rate"": 0.17176649210288183, ""num_leaves"": ""28"", ""subsample"": 0.7388033289883369}",0.5282258064516129,0.538135316761271,123,0.5365853658536586,-0.3637938128512368,-0.4683997460576994,-0.4744866506152676,-0.4102640371535637,0.5528455284552846,0.588817531779661,122,0.5081967213114754,-0.018738914528218756,-0.2500643527764629,-0.5578674682590878,-0.03243141737277888,-0.4482504662923392
NVDA,learned_alpha_global,lightgbm,2,0.005,2024,"{""n_estimators"": ""310"", ""learning_rate"": 0.15946189204416603, ""num_leaves"": ""61"", ""subsample"": 0.8190959051244254}",0.5241935483870968,0.546486592288119,123,0.5365853658536586,-0.5958980930433256,-0.5792393765098767,-0.46250842397774844,-0.6744265550162005,0.556910569105691,0.5867650953389831,122,0.5163934426229508,0.07011004951023256,-0.17646969000490942,-0.5373687776023316,0.1205799169040757,-0.3283958751609906
NVDA,learned_alpha_global,lightgbm,2,0.005,31415,"{""n_estimators"": ""279"", ""learning_rate"": 0.13406140264688624, ""num_leaves"": ""20"", ""subsample"": 0.8036953013974735}",0.5201612903225806,0.5473021465387877,123,0.5284552845528455,-0.8240629134823715,-0.6655009138891723,-0.4706599017158726,-0.9330814421098776,0.5284552845528455,0.5980534957627118,122,0.4918032786885246,-0.2693152133920955,-0.4246557567448944,-0.5073587442732802,-0.4533814362171467,-0.8369930774587395
NVDA,learned_alpha_global,lightgbm,5,0.01,42,"{""n_estimators"": ""313"", ""learning_rate"": 0.01, ""num_leaves"": ""20"", ""subsample"": 1.0}",0.5306122448979592,0.5562304873082666,48,0.5833333333333334,0.5254827366409541,0.9788972024877738,-0.504928335302425,0.6495293416723478,0.516260162601626,0.5492981283422459,49,0.5306122448979592,0.19721121708962527,-0.23355718325787533,-0.4307727713310761,0.3061982016612573,-0.5421818619969643
NVDA,learned_alpha_global,lightgbm,5,0.01,7,"{""n_estimators"": ""50"", ""learning_rate"": 0.054513376275427926, ""num_leaves"": ""20"", ""subsample"": 1.0}",0.5306122448979592,0.553549613139677,48,0.5833333333333334,0.5254827366409541,0.9788972024877738,-0.504928335302425,0.6495293416723478,0.516260162601626,0.5438836898395721,49,0.5102040816326531,0.15520010363083933,-0.3224496770567141,-0.4307727713310762,0.241503469988506,-0.7485377408148461
NVDA,learned_alpha_global,lightgbm,5,0.01,1337,"{""n_estimators"": ""263"", ""learning_rate"": 0.011007525689349313, ""num_leaves"": ""20"", ""subsample"": 0.5}",0.5306122448979592,0.5561965521922085,48,0.5833333333333334,0.5254827366409541,0.9788972024877738,-0.504928335302425,0.6495293416723478,0.516260162601626,0.5469251336898395,49,0.5306122448979592,0.19721121708962527,-0.23355718325787533,-0.4307727713310761,0.3061982016612573,-0.5421818619969643
NVDA,learned_alpha_global,lightgbm,5,0.01,2024,"{""n_estimators"": ""287"", ""learning_rate"": 0.01, ""num_leaves"": ""20"", ""subsample"": 0.9532068552982966}",0.5346938775510204,0.5547034070856522,48,0.5833333333333334,0.5254827366409541,0.9788972024877738,-0.504928335302425,0.6495293416723478,0.516260162601626,0.5498663101604278,49,0.5306122448979592,0.19721121708962527,-0.23355718325787533,-0.4307727713310761,0.3061982016612573,-0.5421818619969643
NVDA,learned_alpha_global,lightgbm,5,0.01,31415,"{""n_estimators"": ""360"", ""learning_rate"": 0.01, ""num_leaves"": ""20"", ""subsample"": 0.7407900802445924}",0.5387755102040817,0.554601601737478,48,0.5833333333333334,0.5254827366409541,0.9788972024877738,-0.504928335302425,0.6495293416723478,0.5203252032520326,0.5450534759358289,49,0.5306122448979592,0.19721121708962527,-0.23355718325787533,-0.4307727713310761,0.3061982016612573,-0.5421818619969643
NVDA,learned_alpha_global,lightgbm,10,0.01,42,"{""n_estimators"": ""50"", ""learning_rate"": 0.025952472734001957, ""num_leaves"": ""99"", ""subsample"": 0.6247030765438581}",0.5416666666666666,0.6037851037851037,23,0.8260869565217391,2.7163278905656445,500197.98225861153,-0.10821843404655533,13.745510718810925,0.4796747967479675,0.5180208333333334,24,0.4583333333333333,-0.8100135390844344,-0.9962467353139391,-0.5014182140116576,-1.2524298679189694,-1.9868578912268573
NVDA,learned_alpha_global,lightgbm,10,0.01,7,"{""n_estimators"": ""50"", ""learning_rate"": 0.03954292510993636, ""num_leaves"": ""20"", ""subsample"": 0.9477541447517576}",0.5583333333333333,0.6139346764346765,23,0.8260869565217391,2.7163278905656445,500197.98225861153,-0.10821843404655533,13.745510718810925,0.4878048780487805,0.5211458333333333,24,0.4583333333333333,-0.8100135390844344,-0.9962467353139391,-0.5014182140116576,-1.2524298679189694,-1.9868578912268573
NVDA,learned_alpha_global,lightgbm,10,0.01,1337,"{""n_estimators"": ""50"", ""learning_rate"": 0.041707237095837166, ""num_leaves"": ""20"", ""subsample"": 1.0}",0.5541666666666667,0.6054639804639804,23,0.8260869565217391,2.7163278905656445,500197.98225861153,-0.10821843404655533,13.745510718810925,0.4959349593495935,0.5263194444444445,24,0.4583333333333333,-0.8100135390844344,-0.9962467353139391,-0.5014182140116576,-1.2524298679189694,-1.9868578912268573
NVDA,learned_alpha_global,lightgbm,10,0.01,2024,"{""n_estimators"": ""92"", ""learning_rate"": 0.012018769564366455, ""num_leaves"": ""32"", ""subsample"": 0.8914174523572111}",0.5375,0.6064942002442002,23,0.8260869565217391,2.7163278905656445,500197.98225861153,-0.10821843404655533,13.745510718810925,0.491869918699187,0.5108333333333333,24,0.4583333333333333,-0.8100135390844344,-0.9962467353139391,-0.5014182140116576,-1.2524298679189694,-1.9868578912268573
NVDA,learned_alpha_global,lightgbm,10,0.01,31415,"{""n_estimators"": ""50"", ""learning_rate"": 0.019786640109384353, ""num_leaves"": ""26"", ""subsample"": 0.5}",0.5375,0.6071428571428571,23,0.8260869565217391,2.7163278905656445,500197.98225861153,-0.10821843404655533,13.745510718810925,0.491869918699187,0.5082986111111112,24,0.4583333333333333,-0.8100135390844344,-0.9962467353139391,-0.5014182140116576,-1.2524298679189694,-1.9868578912268573
SPY,full_70_30,lightgbm,2,0.0025,42,"{""n_estimators"": ""50"", ""learning_rate"": 0.016444706892462788, ""num_leaves"": ""20"", ""subsample"": 0.5}",0.5161290322580645,0.5104410616705699,123,0.45528455284552843,-1.5572875630309886,-0.3654437790628726,-0.2577798112534011,-2.531768602098318,0.5365853658536586,0.5152366472765733,122,0.5491803278688525,0.2929338422990076,0.06287983924050167,-0.09509928593029751,0.512789005398652,0.661202012458738
SPY,full_70_30,lightgbm,2,0.0025,7,"{""n_estimators"": ""50"", ""learning_rate"": 0.024884398284043333, ""num_leaves"": ""20"", ""subsample"": 1.0}",0.5080645161290323,0.5144743689825657,123,0.4715447154471545,-1.250983339534611,-0.3089584181952497,-0.23788162703068003,-1.9974574352091299,0.532520325203252,0.5160959809624538,122,0.5491803278688525,0.43363304581885254,0.10344559204412374,-0.10194415746105309,0.7820772264396367,1.0147280101230347
SPY,full_70_30,lightgbm,2,0.0025,1337,"{""n_estimators"": ""59"", ""learning_rate"": 0.015810914380124563, ""num_leaves"": ""20"", ""subsample"": 0.5417220769202061}",0.5161290322580645,0.5140840489201144,123,0.4634146341463415,-1.5061911160059784,-0.3563818229381497,-0.2638741620673408,-2.3806492716434233,0.5203252032520326,0.5130222104706506,122,0.5245901639344263,-0.06269697620611832,-0.0335942004911699,-0.12228790304153157,-0.10749724373262622,-0.27471401222540054
SPY,full_70_30,lightgbm,2,0.0025,2024,"{""n_estimators"": ""50"", ""learning_rate"": 0.013668670128146185, ""num_leaves"": ""20"", ""subsample"": 0.5}",0.4879032258064516,0.5038381472807703,123,0.43902439024390244,-2.13532140602582,-0.4588115462460981,-0.31325604177709987,-3.4266239689383933,0.5284552845528455,0.5121298254891592,122,0.5327868852459017,-0.18885562705235212,-0.06579685145795089,-0.12228790304153112,-0.314377205787223,-0.5380487343511412
SPY,full_70_30,lightgbm,2,0.0025,31415,"{""n_estimators"": ""118"", ""learning_rate"": 0.01, ""num_leaves"": ""20"", ""subsample"": 1.0}",0.5080645161290323,0.5129130887327609,123,0.4715447154471545,-1.250983339534611,-0.3089584181952497,-0.23788162703068003,-1.9974574352091299,0.524390243902439,0.5137823902696986,122,0.5327868852459017,0.3375697939456201,0.07560770992630528,-0.10194415746105365,0.6122327529268093,0.7416580980149858
SPY,full_70_30,lightgbm,5,0.005,42,"{""n_estimators"": ""325"", ""learning_rate"": 0.01024325040703381, ""num_leaves"": ""22"", ""subsample"": 0.7623873301291946}",0.5387755102040817,0.5299666666666667,48,0.6041666666666666,1.752355541875264,1.8223370960342966,-0.06691125872582873,2.9137947435140443,0.5447154471544715,0.5831511296627576,49,0.4489795918367347,-0.9275031387148895,-0.5068252076988062,-0.18798324071528189,-1.1632844596689047,-2.696119110247919
SPY,full_70_30,lightgbm,5,0.005,7,"{""n_estimators"": ""57"", ""learning_rate"": 0.060196687824340345, ""num_leaves"": ""90"", ""subsample"": 0.6654196246748459}",0.5428571428571428,0.5348,48,0.5625,1.3982020723282902,1.2975536406784407,-0.07370216647242148,2.411150793658311,0.540650406504065,0.5914331146889286,49,0.4489795918367347,-0.9275031387148895,-0.5068252076988062,-0.18798324071528189,-1.1632844596689047,-2.696119110247919
SPY,full_70_30,lightgbm,5,0.005,1337,"{""n_estimators"": ""248"", ""learning_rate"": 0.016145763077481706, ""num_leaves"": ""86"", ""subsample"": 0.9488269669253357}",0.5306122448979592,0.5271666666666667,48,0.5625,1.159204574720767,0.9912454114710587,-0.06691125872582873,1.9717675388360845,0.532520325203252,0.5893129265222289,49,0.4897959183673469,-0.2000040120636853,-0.17423156060483524,-0.11806113029777061,-0.270364424098058,-1.4757741194362028
SPY,full_70_30,lightgbm,5,0.005,2024,"{""n_estimators"": ""252"", ""learning_rate"": 0.010529970686612931, ""num_leaves"": ""23"", ""subsample"": 0.9206531773516712}",0.5387755102040817,0.5268333333333333,48,0.625,1.8883233008831086,2.04761026973021,-0.06691125872582873,3.0715951535255948,0.5284552845528455,0.5685417080765919,49,0.4897959183673469,-0.2000040120636853,-0.17423156060483524,-0.11806113029777061,-0.270364424098058,-1.4757741194362028
SPY,full_70_30,lightgbm,5,0.005,31415,"{""n_estimators"": ""50"", ""learning_rate"": 0.07609648636538344, ""num_leaves"": ""20"", ""subsample"": 0.7453440610840569}",0.5183673469387755,0.5324333333333333,48,0.5625,1.243831437048021,1.0955261081311094,-0.06697724569482197,2.203747703369804,0.5284552845528455,0.5804677665142781,49,0.5102040816326531,0.06513898284806645,-0.003030896419534801,-0.11806113029777061,0.08629408700108478,-0.02567226327488442
SPY,full_70_30,lightgbm,10,0.01,42,"{""n_estimators"": ""325"", ""learning_rate"": 0.01024325040703381, ""num_leaves"": ""22"", ""subsample"": 0.7623873301291946}",0.5333333333333333,0.5417829241071428,23,0.5217391304347826,0.5707539465532385,0.8675859642954666,-0.06679877013181951,1.054303831037883,0.47560975609756095,0.509415130747222,24,0.3333333333333333,-0.4883292541125119,-0.46271589018199577,-0.1162455460642763,-0.9201592508435661,-3.980504250254403
SPY,full_70_30,lightgbm,10,0.01,7,"{""n_estimators"": ""64"", ""learning_rate"": 0.031147651921179773, ""num_leaves"": ""97"", ""subsample"": 0.5}",0.5375,0.5441894531250001,23,0.5217391304347826,0.5707539465532385,0.8675859642954666,-0.06679877013181951,1.054303831037883,0.47560975609756095,0.5080511012043383,24,0.3333333333333333,-0.4883292541125119,-0.46271589018199577,-0.1162455460642763,-0.9201592508435661,-3.980504250254403
SPY,full_70_30,lightgbm,10,0.01,1337,"{""n_estimators"": ""50"", ""learning_rate"": 0.05939359626378389, ""num_leaves"": ""20"", ""subsample"": 1.0}",0.5416666666666666,0.5443289620535715,23,0.5217391304347826,0.6097890719783763,0.956397581317511,-0.06419052572365816,1.1318863373379036,0.46747967479674796,0.4986027014438752,24,0.3333333333333333,-0.4883292541125119,-0.46271589018199577,-0.1162455460642763,-0.9201592508435661,-3.980504250254403
SPY,full_70_30,lightgbm,10,0.01,2024,"{""n_estimators"": ""50"", ""learning_rate"": 0.03341188739708281, ""num_leaves"": ""20"", ""subsample"": 0.5}",0.5625,0.5464913504464286,23,0.5217391304347826,0.5707539465532385,0.8675859642954666,-0.06679877013181951,1.054303831037883,0.46747967479674796,0.49783751413933075,24,0.375,-0.43063760343081103,-0.4262115488853404,-0.1162455460642763,-0.8143983674294155,-3.666476379659939
SPY,full_70_30,lightgbm,10,0.01,31415,"{""n_estimators"": ""202"", ""learning_rate"": 0.03866930034839555, ""num_leaves"": ""20"", ""subsample"": 0.8945369720373306}",0.525,0.5419573102678572,23,0.5652173913043478,1.4468893342323341,4.024947344904651,-0.07262616375039685,4.000956892198954,0.4715447154471545,0.5186639164282387,24,0.375,-0.16632468490198946,-0.2235314859107942,-0.08549528020236931,-0.3043301262747769,-2.6145476730608985
SPY,equal_50_50,lightgbm,2,0.0025,42,"{""n_estimators"": ""50"", ""learning_rate"": 0.01, ""num_leaves"": ""100"", ""subsample"": 1.0}",0.532258064516129,0.5653460837887068,123,0.4715447154471545,-0.8584813540335852,-0.22872791971273354,-0.18473474076286583,-1.3049879980642765,0.540650406504065,0.5642517186673718,122,0.5163934426229508,-0.03546240984587961,-0.026504535825907283,-0.11356436966712459,-0.061296597611609,-0.2333877773776787
SPY,equal_50_50,lightgbm,2,0.0025,7,"{""n_estimators"": ""50"", ""learning_rate"": 0.01, ""num_leaves"": ""70"", ""subsample"": 0.9957748275061509}",0.532258064516129,0.5653460837887068,123,0.4715447154471545,-0.8584813540335852,-0.22872791971273354,-0.18473474076286583,-1.3049879980642765,0.540650406504065,0.5642517186673718,122,0.5163934426229508,-0.03546240984587961,-0.026504535825907283,-0.11356436966712459,-0.061296597611609,-0.2333877773776787
SPY,equal_50_50,lightgbm,2,0.0025,1337,"{""n_estimators"": ""50"", ""learning_rate"": 0.01, ""num_leaves"": ""100"", ""subsample"": 0.5}",0.532258064516129,0.5653460837887068,123,0.4715447154471545,-0.8584813540335852,-0.22872791971273354,-0.18473474076286583,-1.3049879980642765,0.540650406504065,0.5642517186673718,122,0.5163934426229508,-0.03546240984587961,-0.026504535825907283,-0.11356436966712459,-0.061296597611609,-0.2333877773776787
SPY,equal_50_50,lightgbm,2,0.0025,2024,"{""n_estimators"": ""50"", ""learning_rate"": 0.01, ""num_leaves"": ""29"", ""subsample"": 0.5257443714869996}",0.532258064516129,0.5657689305230289,123,0.4715447154471545,-0.8584813540335852,-0.22872791971273354,-0.18473474076286583,-1.3049879980642765,0.540650406504065,0.5653754627181385,122,0.5163934426229508,-0.03546240984587961,-0.026504535825907283,-0.11356436966712459,-0.061296597611609,-0.2333877773776787
SPY,equal_50_50,lightgbm,2,0.0025,31415,"{""n_estimators"": ""50"", ""learning_rate"": 0.01, ""num_leaves"": ""100"", ""subsample"": 0.5}",0.532258064516129,0.5653460837887068,123,0.4715447154471545,-0.8584813540335852,-0.22872791971273354,-0.18473474076286583,-1.3049879980642765,0.540650406504065,0.5642517186673718,122,0.5163934426229508,-0.03546240984587961,-0.026504535825907283,-0.11356436966712459,-0.061296597611609,-0.2333877773776787
SPY,equal_50_50,lightgbm,5,0.005,42,"{""n_estimators"": ""75"", ""learning_rate"": 0.19246541679351128, ""num_leaves"": ""61"", ""subsample"": 0.8442396105235508}",0.49387755102040815,0.5021,48,0.5,0.5174544485031864,0.33788205710172403,-0.06647741972383456,1.0082832861954922,0.556910569105691,0.5865301795534353,49,0.4897959183673469,0.38869631065733035,0.25342310692820735,-0.1414429819528526,0.594194238866805,1.7916979932781767
SPY,equal_50_50,lightgbm,5,0.005,7,"{""n_estimators"": ""206"", ""learning_rate"": 0.23606187266959114, ""num_leaves"": ""41"", ""subsample"": 0.8753813639303629}",0.49795918367346936,0.49266666666666664,48,0.4791666666666667,0.12306997492215548,0.040465665883066215,-0.09030603160617239,0.19955850256575855,0.524390243902439,0.5716557344464321,49,0.4489795918367347,0.3117917157719163,0.18807522916575414,-0.13153103115631523,0.6766959368516153,1.4298924558892887
SPY,equal_50_50,lightgbm,5,0.005,1337,"{""n_estimators"": ""50"", ""learning_rate"": 0.23605418127877895, ""num_leaves"": ""63"", ""subsample"": 1.0}",0.5183673469387755,0.49886666666666674,48,0.5,0.41952818378991125,0.2573935460295822,-0.06198838181541366,0.791831057764151,0.5609756097560976,0.589412310342543,49,0.5306122448979592,0.8826702034491992,0.7664793288428697,-0.11806113029777052,1.2887843243102763,6.492224213927791
SPY,equal_50_50,lightgbm,5,0.005,2024,"{""n_estimators"": ""500"", ""learning_rate"": 0.03402362901112738, ""num_leaves"": ""24"", ""subsample"": 0.9581158319527218}",0.4857142857142857,0.4976999999999999,48,0.4791666666666667,0.08708254397926427,0.01689668866009142,-0.09752734609945765,0.16613687680606198,0.5609756097560976,0.5833830252434904,49,0.4897959183673469,0.3751003605106925,0.24150046493107769,-0.14303706062895022,0.5767873459915241,1.6883768714847236
SPY,equal_50_50,lightgbm,5,0.005,31415,"{""n_estimators"": ""384"", ""learning_rate"": 0.0548358535357088, ""num_leaves"": ""72"", ""subsample"": 0.7721719261508435}",0.4897959183673469,0.4975666666666666,48,0.4791666666666667,-0.30788305201584054,-0.21138569723592726,-0.09016903640922168,-0.518523278621747,0.5487804878048781,0.5773868680845425,49,0.4897959183673469,0.3751003605106925,0.24150046493107769,-0.14303706062895022,0.5767873459915241,1.6883768714847236
SPY,equal_50_50,lightgbm,10,0.01,42,"{""n_estimators"": ""110"", ""learning_rate"": 0.013415375039511877, ""num_leaves"": ""20"", ""subsample"": 0.5974689439450815}",0.525,0.53857421875,23,0.4782608695652174,0.2199448410695101,0.2229227478990079,-0.13408684042124583,0.5135720275639685,0.540650406504065,0.5332024752145851,24,0.375,-0.483665350520515,-0.45988387295940225,-0.15735382781426116,-0.8881270455126206,-2.922610014306385
SPY,equal_50_50,lightgbm,10,0.01,7,"{""n_estimators"": ""50"", ""learning_rate"": 0.020532810941876145, ""num_leaves"": ""20"", ""subsample"": 0.5}",0.5625,0.5463518415178572,23,0.4782608695652174,0.2199448410695101,0.2229227478990079,-0.13408684042124583,0.5135720275639685,0.516260162601626,0.5255173331558985,24,0.4166666666666667,-0.3601791955486542,-0.37816773417603056,-0.15735382781426116,-0.6536688184351362,-2.4032954229903822
SPY,equal_50_50,lightgbm,10,0.01,1337,"{""n_estimators"": ""50"", ""learning_rate"": 0.02073138904848416, ""num_leaves"": ""20"", ""subsample"": 0.5}",0.5666666666666667,0.5435267857142857,23,0.4782608695652174,0.2199448410695101,0.2229227478990079,-0.13408684042124583,0.5135720275639685,0.5121951219512195,0.5251846430234879,24,0.4166666666666667,-0.3601791955486542,-0.37816773417603056,-0.15735382781426116,-0.6536688184351362,-2.4032954229903822
SPY,equal_50_50,lightgbm,10,0.01,2024,"{""n_estimators"": ""50"", ""learning_rate"": 0.019076739423080257, ""num_leaves"": ""20"", ""subsample"": 1.0}",0.55,0.5452357700892858,23,0.4782608695652174,0.2199448410695101,0.2229227478990079,-0.13408684042124583,0.5135720275639685,0.5203252032520326,0.5265486725663717,24,0.4166666666666667,-0.3601791955486542,-0.37816773417603056,-0.15735382781426116,-0.6536688184351362,-2.4032954229903822
SPY,equal_50_50,lightgbm,10,0.01,31415,"{""n_estimators"": ""50"", ""learning_rate"": 0.01890296353938279, ""num_leaves"": ""20"", ""subsample"": 1.0}",0.55,0.5459333147321429,23,0.4782608695652174,0.2199448410695101,0.2229227478990079,-0.13408684042124583,0.5135720275639685,0.516260162601626,0.5292767316521392,24,0.4166666666666667,-0.3601791955486542,-0.37816773417603056,-0.15735382781426116,-0.6536688184351362,-2.4032954229903822
SPY,news_only,lightgbm,2,0.0025,42,"{""n_estimators"": ""164"", ""learning_rate"": 0.016377744169240146, ""num_leaves"": ""91"", ""subsample"": 0.6893123667366732}",0.5,0.4872170179547228,123,0.45528455284552843,-1.001793137070612,-0.25906330118263643,-0.19893885122287955,-1.6681979360519368,0.540650406504065,0.5397937599153887,122,0.5245901639344263,0.050849000570307806,-0.003822601743995402,-0.09703516405866486,0.06871304870641509,-0.03939398444964095
SPY,news_only,lightgbm,2,0.0025,7,"{""n_estimators"": ""328"", ""learning_rate"": 0.01, ""num_leaves"": ""100"", ""subsample"": 0.8481079166548574}",0.5080645161290323,0.48279339058027587,123,0.4634146341463415,-0.9023739963000076,-0.23813106265395123,-0.21671163345951222,-1.5082637739656848,0.540650406504065,0.5276969857218402,122,0.5245901639344263,0.6009620910186998,0.1534006396315657,-0.1123770418682698,0.8727474093240265,1.365053191303829
SPY,news_only,lightgbm,2,0.0025,1337,"{""n_estimators"": ""124"", ""learning_rate"": 0.018806101185543437, ""num_leaves"": ""78"", ""subsample"": 0.9521520874634799}",0.4959677419354839,0.48357403070517824,123,0.43902439024390244,-1.425744019520858,-0.3418101009680925,-0.2439282988698217,-2.3179075643324545,0.5365853658536586,0.5349021681649921,122,0.5491803278688525,0.43245408652147377,0.10296661452094891,-0.08587534207879631,0.5739540981478506,1.1990242138013287
SPY,news_only,lightgbm,2,0.0025,2024,"{""n_estimators"": ""172"", ""learning_rate"": 0.017315664372543876, ""num_leaves"": ""92"", ""subsample"": 0.7606674599541896}",0.5080645161290323,0.48975409836065575,123,0.45528455284552843,-1.1714402325761994,-0.2934142793387299,-0.21728622707872772,-1.949699151501718,0.540650406504065,0.5308038075092544,122,0.5327868852459017,0.32332546002190904,0.07140493168824924,-0.08587534207879642,0.43438139898544503,0.8314951644993787
SPY,news_only,lightgbm,2,0.0025,31415,"{""n_estimators"": ""50"", ""learning_rate"": 0.06714491565344986, ""num_leaves"": ""83"", ""subsample"": 0.5}",0.5161290322580645,0.4878024980483997,123,0.4715447154471545,-0.6816907973322268,-0.1894815290537576,-0.19268509705360726,-1.1361650571552884,0.556910569105691,0.5335801163405606,122,0.5327868852459017,0.5798780767069672,0.14698101279242537,-0.09421096584669506,0.8284826948060722,1.5601263767065128
SPY,news_only,lightgbm,5,0.005,42,"{""n_estimators"": ""299"", ""learning_rate"": 0.0219889253787166, ""num_leaves"": ""88"", ""subsample"": 0.9782709650023989}",0.5265306122448979,0.5635666666666668,48,0.4375,-0.6400615721746397,-0.3631015460017978,-0.1476366702825188,-0.9960386537750494,0.4959349593495935,0.5126217451798847,49,0.3877551020408163,-1.4148774896326002,-0.6478933658727983,-0.18335094866098903,-2.1395033744298035,-3.5336242904896866
SPY,news_only,lightgbm,5,0.005,7,"{""n_estimators"": ""189"", ""learning_rate"": 0.02453404880347837, ""num_leaves"": ""27"", ""subsample"": 0.7096861052082442}",0.5265306122448979,0.564,48,0.4375,-0.6400615721746397,-0.3631015460017978,-0.1476366702825188,-0.9960386537750494,0.483739837398374,0.5119923143178958,49,0.3469387755102041,-2.698270426689282,-0.845956643917,-0.3046173788447096,-3.38731640895265,-2.7771122157421586
SPY,news_only,lightgbm,5,0.005,1337,"{""n_estimators"": ""69"", ""learning_rate"": 0.10417432463392118, ""num_leaves"": ""99"", ""subsample"": 0.5377927698491897}",0.5306122448979592,0.5631333333333334,48,0.4583333333333333,-0.5138880623684055,-0.3093691865097088,-0.13438474535083875,-0.7886297179729931,0.4878048780487805,0.49953620883853445,49,0.3673469387755102,-1.8868100264132357,-0.7433399928325093,-0.23204614034480003,-2.795823375190922,-3.2034145955971165
SPY,news_only,lightgbm,5,0.005,2024,"{""n_estimators"": ""50"", ""learning_rate"": 0.1158578234887472, ""num_leaves"": ""95"", ""subsample"": 0.5925319675015899}",0.5224489795918368,0.5675333333333333,48,0.4583333333333333,-0.5138880623684055,-0.3093691865097088,-0.13438474535083875,-0.7886297179729931,0.5,0.5124892334194661,49,0.3877551020408163,-1.4148774896326002,-0.6478933658727983,-0.18335094866098903,-2.1395033744298035,-3.5336242904896866
SPY,news_only,lightgbm,5,0.005,31415,"{""n_estimators"": ""107"", ""learning_rate"": 0.08489372106719152, ""num_leaves"": ""56"", ""subsample"": 0.6541719510647095}",0.5428571428571428,0.5669000000000001,48,0.4583333333333333,-0.6700350099628167,-0.3752256631948815,-0.15075137941036984,-1.0378736222873453,0.4959349593495935,0.5028158749088981,49,0.3673469387755102,-1.8868100264132357,-0.7433399928325093,-0.23204614034480003,-2.795823375190922,-3.2034145955971165
SPY,news_only,lightgbm,10,0.01,42,"{""n_estimators"": ""50"", ""learning_rate"": 0.015172571859038102, ""num_leaves"": ""100"", ""subsample"": 0.6945565920052752}",0.5375,0.5753348214285715,23,0.5217391304347826,0.7691517161561143,1.3619172551580054,-0.08695246703197113,2.304275190234565,0.5203252032520326,0.5312396034333622,24,0.4583333333333333,0.8368066202886416,1.3999854931208673,-0.061194109311323804,1.9310673412662298,22.87778201000474
SPY,news_only,lightgbm,10,0.01,7,"{""n_estimators"": ""51"", ""learning_rate"": 0.01018084578003427, ""num_leaves"": ""63"", ""subsample"": 0.7662499262517799}",0.5458333333333333,0.5701729910714286,23,0.5217391304347826,0.7691517161561143,1.3619172551580054,-0.08695246703197113,2.304275190234565,0.524390243902439,0.5414531904983699,24,0.4583333333333333,0.8368066202886416,1.3999854931208673,-0.061194109311323804,1.9310673412662298,22.87778201000474
SPY,news_only,lightgbm,10,0.01,1337,"{""n_estimators"": ""100"", ""learning_rate"": 0.01, ""num_leaves"": ""100"", ""subsample"": 0.6551230127172487}",0.5458333333333333,0.5720563616071428,23,0.5652173913043478,1.1638349464821987,2.7014913642886027,-0.05506854002232171,3.327296097542184,0.524390243902439,0.5287111584270411,24,0.4583333333333333,0.8368066202886416,1.3999854931208673,-0.061194109311323804,1.9310673412662298,22.87778201000474
SPY,news_only,lightgbm,10,0.01,2024,"{""n_estimators"": ""50"", ""learning_rate"": 0.019289812329463602, ""num_leaves"": ""100"", ""subsample"": 1.0}",0.5458333333333333,0.5719866071428571,23,0.5652173913043478,1.1638349464821987,2.7014913642886027,-0.05506854002232171,3.327296097542184,0.524390243902439,0.5223567768979972,24,0.4583333333333333,0.8368066202886416,1.3999854931208673,-0.061194109311323804,1.9310673412662298,22.87778201000474
SPY,news_only,lightgbm,10,0.01,31415,"{""n_estimators"": ""50"", ""learning_rate"": 0.015210417970274354, ""num_leaves"": ""100"", ""subsample"": 1.0}",0.5333333333333333,0.5712193080357144,23,0.5217391304347826,0.7691517161561143,1.3619172551580054,-0.08695246703197113,2.304275190234565,0.524390243902439,0.5315057555392906,24,0.4583333333333333,0.8368066202886416,1.3999854931208673,-0.061194109311323804,1.9310673412662298,22.87778201000474
SPY,social_only,lightgbm,2,0.0025,42,"{""n_estimators"": ""185"", ""learning_rate"": 0.01, ""num_leaves"": ""20"", ""subsample"": 0.5}",0.4596774193548387,0.4721896955503513,123,0.45528455284552843,-0.3086142076933764,-0.10004487611289803,-0.13784266877359996,-0.5213971362392854,0.516260162601626,0.5523532522474881,122,0.5081967213114754,-1.5961509227138746,-0.3598855676575887,-0.2327522092981416,-2.498514867040737,-1.546217622349599
SPY,social_only,lightgbm,2,0.0025,7,"{""n_estimators"": ""50"", ""learning_rate"": 0.01, ""num_leaves"": ""20"", ""subsample"": 0.9325621970890193}",0.45564516129032256,0.47053083528493367,123,0.45528455284552843,-0.6200526944989012,-0.17534022607937294,-0.15916732441503423,-1.0418070234029029,0.516260162601626,0.5362903225806451,122,0.5,-2.097093560634025,-0.4393179715897171,-0.26772645094889597,-3.261039285892076,-1.6409210596586692
SPY,social_only,lightgbm,2,0.0025,1337,"{""n_estimators"": ""157"", ""learning_rate"": 0.01, ""num_leaves"": ""20"", ""subsample"": 0.5}",0.4596774193548387,0.4729052823315119,123,0.45528455284552843,-0.20165219416836105,-0.07266108659770876,-0.12757557316898083,-0.34209413373496567,0.516260162601626,0.5471972501322052,122,0.5081967213114754,-1.7046891683362475,-0.3781026778666493,-0.24452277339140593,-2.6269258383953553,-1.5462881948481049
SPY,social_only,lightgbm,2,0.0025,2024,"{""n_estimators"": ""167"", ""learning_rate"": 0.01, ""num_leaves"": ""20"", ""subsample"": 0.9699433594623241}",0.4596774193548387,0.4731004423627374,123,0.45528455284552843,-0.20165219416836105,-0.07266108659770876,-0.12757557316898083,-0.34209413373496567,0.5284552845528455,0.5488498149127445,122,0.5163934426229508,-1.4135325411560036,-0.32792349807473187,-0.21560201644645058,-2.1859748162648818,-1.5209667491963312
SPY,social_only,lightgbm,2,0.0025,31415,"{""n_estimators"": ""110"", ""learning_rate"": 0.011523969767033484, ""num_leaves"": ""87"", ""subsample"": 0.9409218161321843}",0.45161290322580644,0.46854670830080664,123,0.44715447154471544,-0.3520139027248321,-0.11092695287682719,-0.14533648138284716,-0.6017549670321908,0.524390243902439,0.5429005817028028,122,0.5245901639344263,-1.2327194101964176,-0.2945845612212634,-0.19699944921859733,-1.8918559899933567,-1.4953572834327182
SPY,social_only,lightgbm,5,0.005,42,"{""n_estimators"": ""500"", ""learning_rate"": 0.01, ""num_leaves"": ""20"", ""subsample"": 1.0}",0.46938775510204084,0.4926666666666667,48,0.4166666666666667,-1.8184213824653563,-0.694604326713215,-0.2006101101939303,-2.8851091207767126,0.532520325203252,0.5920294176108131,49,0.5510204081632653,1.7602364848181573,2.154930483398385,-0.047363840936651636,3.5535289740468192,45.497376073882386
SPY,social_only,lightgbm,5,0.005,7,"{""n_estimators"": ""50"", ""learning_rate"": 0.03970728860755661, ""num_leaves"": ""20"", ""subsample"": 0.6376225105232984}",0.4816326530612245,0.4921333333333333,48,0.3958333333333333,-2.0649510148110504,-0.7360399975267695,-0.22250645338986896,-3.264542064760907,0.532520325203252,0.5654276817067514,49,0.5510204081632653,1.8267226496228772,2.2897930062546634,-0.04469696857622547,3.8308406106534423,51.229268543115815
SPY,social_only,lightgbm,5,0.005,1337,"{""n_estimators"": ""500"", ""learning_rate"": 0.01, ""num_leaves"": ""20"", ""subsample"": 1.0}",0.46938775510204084,0.4926666666666667,48,0.4166666666666667,-1.8184213824653563,-0.694604326713215,-0.2006101101939303,-2.8851091207767126,0.532520325203252,0.5920294176108131,49,0.5510204081632653,1.7602364848181573,2.154930483398385,-0.047363840936651636,3.5535289740468192,45.497376073882386
SPY,social_only,lightgbm,5,0.005,2024,"{""n_estimators"": ""500"", ""learning_rate"": 0.01309855067687043, ""num_leaves"": ""30"", ""subsample"": 0.7601269719090008}",0.4857142857142857,0.49043333333333333,48,0.3958333333333333,-2.204951201815666,-0.7566210223258267,-0.23443592899706603,-3.4964962453165285,0.532520325203252,0.5976611674286092,49,0.5714285714285714,1.6214794299978277,1.8880921836904467,-0.07478208276588597,3.2201171136765545,25.247921879915268
SPY,social_only,lightgbm,5,0.005,31415,"{""n_estimators"": ""202"", ""learning_rate"": 0.03866930034839555, ""num_leaves"": ""20"", ""subsample"": 0.8945369720373306}",0.46122448979591835,0.4928,48,0.3958333333333333,-2.204951201815666,-0.7566210223258267,-0.23443592899706603,-3.4964962453165285,0.5528455284552846,0.6042536275094414,49,0.5510204081632653,1.3774682038062491,1.4646150718762416,-0.04736384093665165,2.8074268650933307,30.922641468945475
SPY,social_only,lightgbm,10,0.01,42,"{""n_estimators"": ""114"", ""learning_rate"": 0.09150423569345206, ""num_leaves"": ""25"", ""subsample"": 0.8609993861334124}",0.5083333333333333,0.5318080357142857,23,0.5217391304347826,0.13669811897612885,0.10370113264880487,-0.11523138329898228,0.2248746654370866,0.5121951219512195,0.5681682081309468,24,0.375,0.2974644977293571,0.31945800693896076,-0.08614707751521604,0.7336699519630927,3.7082860632449814
SPY,social_only,lightgbm,10,0.01,7,"{""n_estimators"": ""500"", ""learning_rate"": 0.019132521982301774, ""num_leaves"": ""20"", ""subsample"": 0.9813530510594817}",0.5041666666666667,0.5306919642857143,23,0.5217391304347826,0.13669811897612885,0.10370113264880487,-0.11523138329898228,0.2248746654370866,0.4959349593495935,0.5708962672167144,24,0.3333333333333333,-0.9326155192376002,-0.673836842114814,-0.15735382781426116,-1.6758456197560028,-4.282303465221094
SPY,social_only,lightgbm,10,0.01,1337,"{""n_estimators"": ""500"", ""learning_rate"": 0.018473801377439328, ""num_leaves"": ""20"", ""subsample"": 0.6938790730317017}",0.5041666666666667,0.530517578125,23,0.5217391304347826,0.13669811897612885,0.10370113264880487,-0.11523138329898228,0.2248746654370866,0.4959349593495935,0.5677357109588129,24,0.2916666666666667,-1.144740779389935,-0.7412628153207459,-0.15735382781426116,-2.0931599665453278,-4.710802562716967
SPY,social_only,lightgbm,10,0.01,2024,"{""n_estimators"": ""50"", ""learning_rate"": 0.29837331066427275, ""num_leaves"": ""29"", ""subsample"": 0.7344467146568576}",0.5083333333333333,0.5289132254464285,23,0.6086956521739131,1.0481251533074392,2.250700571306341,-0.05864350836004347,1.7189025624617191,0.524390243902439,0.5819083105995076,24,0.4166666666666667,0.3556131326411921,0.40910507546703534,-0.08614707751521604,0.8872062065614864,4.748914150857592
SPY,social_only,lightgbm,10,0.01,31415,"{""n_estimators"": ""50"", ""learning_rate"": 0.29999999999999993, ""num_leaves"": ""20"", ""subsample"": 1.0}",0.5291666666666667,0.5315290178571428,23,0.6086956521739131,1.271887400296193,3.1640365102060537,-0.05864350836004347,2.0449356793411084,0.5121951219512195,0.5667043715483399,24,0.3333333333333333,-0.3017456020003236,-0.33486687176704244,-0.08614707751521604,-0.6801848294819077,-3.8871530111731922
SPY,sentiment_only,lightgbm,2,0.0025,42,"{""n_estimators"": ""50"", ""learning_rate"": 0.037564349498081434, ""num_leaves"": ""51"", ""subsample"": 0.9889162368227604}",0.4959677419354839,0.4847775175644028,123,0.4634146341463415,-1.6890973019871771,-0.38819557919131864,-0.30199620997867666,-2.7699763005047466,0.5203252032520326,0.4881676361713379,122,0.5081967213114754,0.28509306204981955,0.060677862080344314,-0.09003991497305637,0.5285757950523653,0.6738995932915043
SPY,sentiment_only,lightgbm,2,0.0025,7,"{""n_estimators"": ""165"", ""learning_rate"": 0.011216906183629548, ""num_leaves"": ""93"", ""subsample"": 0.9236081250108272}",0.49193548387096775,0.48308613062711425,123,0.45528455284552843,-1.811124999550907,-0.40846926008499496,-0.30842884037005197,-2.9887581597610517,0.524390243902439,0.484102326811211,122,0.5081967213114754,0.37189390119573307,0.08550059357895812,-0.09003991497305637,0.7240366316244422,0.9495854544569861
SPY,sentiment_only,lightgbm,2,0.0025,1337,"{""n_estimators"": ""138"", ""learning_rate"": 0.01, ""num_leaves"": ""20"", ""subsample"": 1.0}",0.5161290322580645,0.478272183190216,123,0.4634146341463415,-1.2924234510382167,-0.3168862937207062,-0.27029852520790604,-2.1602561822278754,0.5121951219512195,0.4774259650978318,122,0.4918032786885246,-0.607311927984754,-0.165285847774295,-0.13301595890410517,-1.105957325605552,-1.242601633187895
SPY,sentiment_only,lightgbm,2,0.0025,2024,"{""n_estimators"": ""147"", ""learning_rate"": 0.013655228148435117, ""num_leaves"": ""29"", ""subsample"": 0.5}",0.49193548387096775,0.4823705438459537,123,0.45528455284552843,-1.811124999550907,-0.40846926008499496,-0.30842884037005197,-2.9887581597610517,0.524390243902439,0.4900185087255421,122,0.5081967213114754,0.37189390119573307,0.08550059357895812,-0.09003991497305637,0.7240366316244422,0.9495854544569861
SPY,sentiment_only,lightgbm,2,0.0025,31415,"{""n_estimators"": ""50"", ""learning_rate"": 0.04363910317432832, ""num_leaves"": ""95"", ""subsample"": 0.6449306620234305}",0.4879032258064516,0.48106947697111635,123,0.4796747967479675,-1.3721823878062878,-0.3319179055165611,-0.2849250055973021,-2.2467856296030675,0.524390243902439,0.49091089370703334,122,0.5,0.20639147925616258,0.03864652771699273,-0.08350178449127092,0.40720878318949283,0.462822776213037
SPY,sentiment_only,lightgbm,5,0.005,42,"{""n_estimators"": ""500"", ""learning_rate"": 0.1734568680031084, ""num_leaves"": ""100"", ""subsample"": 0.9238590945856303}",0.49387755102040815,0.4941,48,0.4166666666666667,-0.7474991203477446,-0.40546821261766886,-0.19126521097197288,-1.1397744112926003,0.483739837398374,0.5042735042735043,49,0.5510204081632653,0.9905945341019016,0.9018455357531348,-0.08057104963236773,1.513993475661303,11.193170994645168
SPY,sentiment_only,lightgbm,5,0.005,7,"{""n_estimators"": ""500"", ""learning_rate"": 0.23096339920241962, ""num_leaves"": ""100"", ""subsample"": 1.0}",0.49387755102040815,0.49353333333333327,48,0.4166666666666667,-0.7474991203477446,-0.40546821261766886,-0.19126521097197288,-1.1397744112926003,0.483739837398374,0.4988073941562314,49,0.5510204081632653,0.9905945341019016,0.9018455357531348,-0.08057104963236773,1.513993475661303,11.193170994645168
SPY,sentiment_only,lightgbm,5,0.005,1337,"{""n_estimators"": ""500"", ""learning_rate"": 0.29999999999999993, ""num_leaves"": ""51"", ""subsample"": 1.0}",0.49387755102040815,0.4927666666666667,48,0.4166666666666667,-0.7474991203477446,-0.40546821261766886,-0.19126521097197288,-1.1397744112926003,0.483739837398374,0.4991055456171735,49,0.5510204081632653,0.9905945341019016,0.9018455357531348,-0.08057104963236773,1.513993475661303,11.193170994645168
SPY,sentiment_only,lightgbm,5,0.005,2024,"{""n_estimators"": ""500"", ""learning_rate"": 0.29999999999999993, ""num_leaves"": ""79"", ""subsample"": 0.9740778943785129}",0.49387755102040815,0.4935333333333333,48,0.4166666666666667,-0.7474991203477446,-0.40546821261766886,-0.19126521097197288,-1.1397744112926003,0.483739837398374,0.49738289273173,49,0.5510204081632653,0.9905945341019016,0.9018455357531348,-0.08057104963236773,1.513993475661303,11.193170994645168
SPY,sentiment_only,lightgbm,5,0.005,31415,"{""n_estimators"": ""245"", ""learning_rate"": 0.29999999999999993, ""num_leaves"": ""95"", ""subsample"": 0.8277085462263805}",0.49387755102040815,0.4904,48,0.4166666666666667,-0.7474991203477446,-0.40546821261766886,-0.19126521097197288,-1.1397744112926003,0.483739837398374,0.5037434572318293,49,0.5510204081632653,0.9905945341019016,0.9018455357531348,-0.08057104963236773,1.513993475661303,11.193170994645168
SPY,sentiment_only,lightgbm,10,0.01,42,"{""n_estimators"": ""58"", ""learning_rate"": 0.1373742616938621, ""num_leaves"": ""21"", ""subsample"": 0.5115202475457752}",0.5083333333333333,0.5358189174107143,23,0.5652173913043478,1.6527302098362686,5.214236427203563,-0.0738347183993019,4.822900662577001,0.45934959349593496,0.48423048772373406,24,0.4166666666666667,0.16045221657250425,0.12864095801307296,-0.0962018421950231,0.2907739685733634,1.3371984889051123
SPY,sentiment_only,lightgbm,10,0.01,7,"{""n_estimators"": ""388"", ""learning_rate"": 0.01, ""num_leaves"": ""20"", ""subsample"": 0.5}",0.5333333333333333,0.5363420758928571,23,0.391304347826087,-0.6000896397445062,-0.5530959688892034,-0.11191014481276025,-1.0250966872143346,0.46747967479674796,0.4796726329097078,24,0.375,-0.5116376499209996,-0.4768839557360125,-0.1288946620781389,-0.872557708553037,-3.6997960043288254
SPY,sentiment_only,lightgbm,10,0.01,1337,"{""n_estimators"": ""500"", ""learning_rate"": 0.029528515631075152, ""num_leaves"": ""20"", ""subsample"": 0.9717490554712895}",0.5041666666666667,0.5356096540178571,23,0.5652173913043478,1.6527302098362686,5.214236427203563,-0.0738347183993019,4.822900662577001,0.4634146341463415,0.48240069199547536,24,0.4166666666666667,0.16045221657250425,0.12864095801307296,-0.0962018421950231,0.2907739685733634,1.3371984889051123
SPY,sentiment_only,lightgbm,10,0.01,2024,"{""n_estimators"": ""320"", ""learning_rate"": 0.01004051392782672, ""num_leaves"": ""55"", ""subsample"": 0.5014814083490393}",0.5166666666666667,0.5329241071428572,23,0.391304347826087,-0.6000896397445062,-0.5530959688892034,-0.11191014481276025,-1.0250966872143346,0.45934959349593496,0.47717745691662783,24,0.375,-0.5116376499209996,-0.4768839557360125,-0.1288946620781389,-0.872557708553037,-3.6997960043288254
SPY,sentiment_only,lightgbm,10,0.01,31415,"{""n_estimators"": ""500"", ""learning_rate"": 0.03303366116925566, ""num_leaves"": ""20"", ""subsample"": 0.8526327898129397}",0.5125,0.5337960379464285,23,0.5652173913043478,1.6527302098362686,5.214236427203563,-0.0738347183993019,4.822900662577001,0.4634146341463415,0.48399760463104663,24,0.4166666666666667,0.16045221657250425,0.12864095801307296,-0.0962018421950231,0.2907739685733634,1.3371984889051123
SPY,technical_only,lightgbm,2,0.0025,42,"{""n_estimators"": ""50"", ""learning_rate"": 0.01, ""num_leaves"": ""20"", ""subsample"": 1.0}",0.4798387096774194,0.5027647671090293,123,0.4878048780487805,-1.0601469067370772,-0.2710952423805071,-0.171348827192806,-1.6536290973846324,0.483739837398374,0.504825489159175,122,0.4672131147540984,-1.7136880216088777,-0.3795355008768134,-0.22957700044364318,-3.2807670806238693,-1.653194789301127
SPY,technical_only,lightgbm,2,0.0025,7,"{""n_estimators"": ""50"", ""learning_rate"": 0.01, ""num_leaves"": ""100"", ""subsample"": 0.7319177937090049}",0.4798387096774194,0.5027647671090293,123,0.4878048780487805,-1.0601469067370772,-0.2710952423805071,-0.171348827192806,-1.6536290973846324,0.483739837398374,0.504825489159175,122,0.4672131147540984,-1.7136880216088777,-0.3795355008768134,-0.22957700044364318,-3.2807670806238693,-1.653194789301127
SPY,technical_only,lightgbm,2,0.0025,1337,"{""n_estimators"": ""50"", ""learning_rate"": 0.01, ""num_leaves"": ""29"", ""subsample"": 0.7186681419567752}",0.4798387096774194,0.5027647671090293,123,0.4878048780487805,-1.0601469067370772,-0.2710952423805071,-0.171348827192806,-1.6536290973846324,0.483739837398374,0.504825489159175,122,0.4672131147540984,-1.7136880216088777,-0.3795355008768134,-0.22957700044364318,-3.2807670806238693,-1.653194789301127
SPY,technical_only,lightgbm,2,0.0025,2024,"{""n_estimators"": ""50"", ""learning_rate"": 0.01, ""num_leaves"": ""80"", ""subsample"": 0.5518416273436791}",0.4798387096774194,0.5027647671090293,123,0.4878048780487805,-1.0601469067370772,-0.2710952423805071,-0.171348827192806,-1.6536290973846324,0.483739837398374,0.504825489159175,122,0.4672131147540984,-1.7136880216088777,-0.3795355008768134,-0.22957700044364318,-3.2807670806238693,-1.653194789301127
SPY,technical_only,lightgbm,2,0.0025,31415,"{""n_estimators"": ""61"", ""learning_rate"": 0.012554491030761832, ""num_leaves"": ""20"", ""subsample"": 0.6706476880839165}",0.4798387096774194,0.5027647671090293,123,0.4878048780487805,-1.0601469067370772,-0.2710952423805071,-0.171348827192806,-1.6536290973846324,0.483739837398374,0.504825489159175,122,0.4672131147540984,-1.7136880216088777,-0.3795355008768134,-0.22957700044364318,-3.2807670806238693,-1.653194789301127
SPY,technical_only,lightgbm,5,0.005,42,"{""n_estimators"": ""50"", ""learning_rate"": 0.01, ""num_leaves"": ""83"", ""subsample"": 0.6989103887056308}",0.46530612244897956,0.5030666666666666,48,0.4791666666666667,-0.9582748500567487,-0.4801398725119286,-0.13000808270412345,-1.5119389051196412,0.47560975609756095,0.523818988935268,49,0.4489795918367347,-0.337313348749608,-0.2508745290692733,-0.1187517787802693,-0.5033508049286393,-2.112595968212615
SPY,technical_only,lightgbm,5,0.005,7,"{""n_estimators"": ""50"", ""learning_rate"": 0.01, ""num_leaves"": ""92"", ""subsample"": 0.5}",0.46530612244897956,0.5030666666666666,48,0.4791666666666667,-0.9582748500567487,-0.4801398725119286,-0.13000808270412345,-1.5119389051196412,0.47560975609756095,0.523818988935268,49,0.4489795918367347,-0.337313348749608,-0.2508745290692733,-0.1187517787802693,-0.5033508049286393,-2.112595968212615
SPY,technical_only,lightgbm,5,0.005,1337,"{""n_estimators"": ""50"", ""learning_rate"": 0.01, ""num_leaves"": ""100"", ""subsample"": 0.8301648520788936}",0.46530612244897956,0.5030666666666666,48,0.4791666666666667,-0.9582748500567487,-0.4801398725119286,-0.13000808270412345,-1.5119389051196412,0.47560975609756095,0.523818988935268,49,0.4489795918367347,-0.337313348749608,-0.2508745290692733,-0.1187517787802693,-0.5033508049286393,-2.112595968212615
SPY,technical_only,lightgbm,5,0.005,2024,"{""n_estimators"": ""50"", ""learning_rate"": 0.01, ""num_leaves"": ""86"", ""subsample"": 0.5976383300875716}",0.46530612244897956,0.5030666666666666,48,0.4791666666666667,-0.9582748500567487,-0.4801398725119286,-0.13000808270412345,-1.5119389051196412,0.47560975609756095,0.523818988935268,49,0.4489795918367347,-0.337313348749608,-0.2508745290692733,-0.1187517787802693,-0.5033508049286393,-2.112595968212615
SPY,technical_only,lightgbm,5,0.005,31415,"{""n_estimators"": ""50"", ""learning_rate"": 0.01, ""num_leaves"": ""81"", ""subsample"": 0.7444848373103556}",0.46530612244897956,0.5030666666666666,48,0.4791666666666667,-0.9582748500567487,-0.4801398725119286,-0.13000808270412345,-1.5119389051196412,0.47560975609756095,0.523818988935268,49,0.4489795918367347,-0.337313348749608,-0.2508745290692733,-0.1187517787802693,-0.5033508049286393,-2.112595968212615
SPY,technical_only,lightgbm,10,0.01,42,"{""n_estimators"": ""260"", ""learning_rate"": 0.18631003721334813, ""num_leaves"": ""74"", ""subsample"": 0.7252496259847716}",0.4875,0.5206124441964286,23,0.4782608695652174,-0.22596221363451519,-0.29323914922892,-0.07262616375039684,-0.42835175020305905,0.45934959349593496,0.49281389313992946,24,0.625,1.3004970627093004,2.8990559135172,-0.04930876528671502,2.667300495033385,58.79392632648776
SPY,technical_only,lightgbm,10,0.01,7,"{""n_estimators"": ""365"", ""learning_rate"": 0.294397873499404, ""num_leaves"": ""20"", ""subsample"": 0.6764821619151817}",0.4875,0.5205426897321428,23,0.4782608695652174,-0.22596221363451519,-0.29323914922892,-0.07262616375039684,-0.42835175020305905,0.45121951219512196,0.49055160023953687,24,0.5833333333333334,0.4215378550772922,0.5167350822692751,-0.10338515964930273,0.7131767346339074,4.998155286717306
SPY,technical_only,lightgbm,10,0.01,1337,"{""n_estimators"": ""448"", ""learning_rate"": 0.18535899111818757, ""num_leaves"": ""66"", ""subsample"": 0.5186484104597917}",0.4875,0.5208217075892857,23,0.4782608695652174,-0.22596221363451519,-0.29323914922892,-0.07262616375039684,-0.42835175020305905,0.45121951219512196,0.489620067868787,24,0.5833333333333334,0.4215378550772922,0.5167350822692751,-0.10338515964930273,0.7131767346339074,4.998155286717306
SPY,technical_only,lightgbm,10,0.01,2024,"{""n_estimators"": ""500"", ""learning_rate"": 0.20026068019451693, ""num_leaves"": ""99"", ""subsample"": 0.5}",0.4875,0.5208217075892858,23,0.4782608695652174,-0.22596221363451519,-0.29323914922892,-0.07262616375039684,-0.42835175020305905,0.45121951219512196,0.48968660589526913,24,0.5833333333333334,0.4215378550772922,0.5167350822692751,-0.10338515964930273,0.7131767346339074,4.998155286717306
SPY,technical_only,lightgbm,10,0.01,31415,"{""n_estimators"": ""498"", ""learning_rate"": 0.10116639230749967, ""num_leaves"": ""34"", ""subsample"": 0.8813158182630222}",0.4875,0.5206821986607144,23,0.4782608695652174,-0.22596221363451519,-0.29323914922892,-0.07262616375039684,-0.42835175020305905,0.45934959349593496,0.4926808170869652,24,0.625,1.3004970627093004,2.8990559135172,-0.04930876528671502,2.667300495033385,58.79392632648776
SPY,learned_alpha_per_stock,lightgbm,2,0.0025,42,"{""n_estimators"": ""500"", ""learning_rate"": 0.04655011855517605, ""num_leaves"": ""100"", ""subsample"": 0.7254878992943801}",0.532258064516129,0.5568891491022638,123,0.5365853658536586,0.3731468706642441,0.08856033784316475,-0.09497474807691181,0.5591473574973945,0.47560975609756095,0.48565573770491804,122,0.5245901639344263,-0.7626614095543918,-0.19952750129230867,-0.1254248021677644,-1.2411866913744363,-1.590813761264114
SPY,learned_alpha_per_stock,lightgbm,2,0.0025,7,"{""n_estimators"": ""307"", ""learning_rate"": 0.09526868044779768, ""num_leaves"": ""59"", ""subsample"": 0.8334778210763483}",0.5201612903225806,0.5551001821493625,123,0.5365853658536586,0.7326158534692679,0.20214190624480355,-0.09847896631444768,1.1088751760569815,0.4715447154471545,0.4865150713907986,122,0.5081967213114754,-1.0385244493049834,-0.25679862921726904,-0.15629825999181773,-1.709818397673603,-1.6430037623625018
SPY,learned_alpha_per_stock,lightgbm,2,0.0025,1337,"{""n_estimators"": ""284"", ""learning_rate"": 0.06996265524748892, ""num_leaves"": ""97"", ""subsample"": 1.0}",0.5403225806451613,0.5589058027582616,123,0.5609756097560976,0.6451319625942284,0.1735518749095668,-0.09497474807691181,0.9440075235795262,0.4878048780487805,0.4819539925965098,122,0.5245901639344263,-0.6306814634334769,-0.17055581057449098,-0.12036270942594521,-1.0340288880181854,-1.4170153811586284
SPY,learned_alpha_per_stock,lightgbm,2,0.0025,2024,"{""n_estimators"": ""348"", ""learning_rate"": 0.12761744752025903, ""num_leaves"": ""48"", ""subsample"": 0.9775982573356905}",0.5161290322580645,0.5576372625552953,123,0.5284552845528455,0.39891369021698053,0.09637275120647981,-0.0949747480769116,0.6054513269059425,0.4715447154471545,0.496562665256478,122,0.5081967213114754,-1.018860198456474,-0.2528595280011904,-0.15687971610978255,-1.6749846402571793,-1.6118051094906516
SPY,learned_alpha_per_stock,lightgbm,2,0.0025,31415,"{""n_estimators"": ""174"", ""learning_rate"": 0.09661170701371836, ""num_leaves"": ""55"", ""subsample"": 0.9845439889186797}",0.5362903225806451,0.5571168358053604,123,0.5528455284552846,0.5043389343772418,0.12883604310520402,-0.09445450553562418,0.7449682555943806,0.4796747967479675,0.48555658381808564,122,0.5409836065573771,-0.516421702653326,-0.14463139810594472,-0.11948491670943447,-0.8436721134591443,-1.2104573705956703
SPY,learned_alpha_per_stock,lightgbm,5,0.005,42,"{""n_estimators"": ""500"", ""learning_rate"": 0.04948731705350866, ""num_leaves"": ""79"", ""subsample"": 0.9412062404514152}",0.5591836734693878,0.5736,48,0.5208333333333334,0.6385027029631022,0.44396615320740773,-0.06949156219466002,1.2231312770148026,0.5121951219512195,0.5311402636984032,49,0.5306122448979592,0.9814740151349161,0.8907019523991679,-0.09963997741336092,1.8889070603744909,8.939202672678768
SPY,learned_alpha_per_stock,lightgbm,5,0.005,7,"{""n_estimators"": ""294"", ""learning_rate"": 0.08169999209678121, ""num_leaves"": ""20"", ""subsample"": 1.0}",0.5469387755102041,0.5799666666666667,48,0.4583333333333333,0.11877666249178216,0.03788354930214277,-0.09123472580202997,0.24308274129997917,0.5121951219512195,0.5350824885708607,49,0.5102040816326531,0.706549064300888,0.5655614163900851,-0.09963997741336092,1.3860788482777149,5.676049223132881
SPY,learned_alpha_per_stock,lightgbm,5,0.005,1337,"{""n_estimators"": ""262"", ""learning_rate"": 0.11434539206860733, ""num_leaves"": ""20"", ""subsample"": 0.9135463278362865}",0.5469387755102041,0.5784000000000001,48,0.5208333333333334,0.6385027029631022,0.44396615320740773,-0.06949156219466002,1.2231312770148026,0.5121951219512195,0.5313721592791361,49,0.5102040816326531,0.6626901143763136,0.5186702368179996,-0.09963997741336092,1.288949241403288,5.205443139215827
SPY,learned_alpha_per_stock,lightgbm,5,0.005,2024,"{""n_estimators"": ""209"", ""learning_rate"": 0.08582125117080196, ""num_leaves"": ""95"", ""subsample"": 0.8082811750633286}",0.5510204081632653,0.5716333333333333,48,0.5,0.3583569805992375,0.2095318158986883,-0.10036750996004302,0.7008105217206337,0.5,0.534519313589081,49,0.5102040816326531,0.7069798383961173,0.5660284706787222,-0.09963997741336092,1.3870172505691278,5.68073664178513
SPY,learned_alpha_per_stock,lightgbm,5,0.005,31415,"{""n_estimators"": ""413"", ""learning_rate"": 0.06457344618643741, ""num_leaves"": ""20"", ""subsample"": 0.5957590116684226}",0.5510204081632653,0.5763333333333333,48,0.5208333333333334,0.5979117414399836,0.40758461675862345,-0.09123472580202997,1.1485137106258652,0.5203252032520326,0.5378321075995494,49,0.4897959183673469,0.3930069019651055,0.2578824628659797,-0.09963997741336092,0.7781633878113299,2.5881425263289928
SPY,learned_alpha_per_stock,lightgbm,10,0.01,42,"{""n_estimators"": ""50"", ""learning_rate"": 0.18457546755465512, ""num_leaves"": ""89"", ""subsample"": 0.5}",0.5375,0.575439453125,23,0.391304347826087,-0.7755012600913931,-0.6382271336755421,-0.14603039601802212,-1.6098629653665255,0.516260162601626,0.5106128152239006,24,0.3333333333333333,-0.4440726473542819,-0.4348952407781188,-0.09695941213927861,-0.8607210832319293,-4.485332895308893
SPY,learned_alpha_per_stock,lightgbm,10,0.01,7,"{""n_estimators"": ""312"", ""learning_rate"": 0.23647633249340536, ""num_leaves"": ""100"", ""subsample"": 0.5}",0.575,0.5749860491071428,23,0.43478260869565216,-0.3883628862483215,-0.42104201001416586,-0.12639174344360404,-0.7839395706820652,0.508130081300813,0.5055559252112583,24,0.3333333333333333,-0.0629121692774495,-0.1253163677505913,-0.07007687071847588,-0.15741246226869043,-1.788270030692901
SPY,learned_alpha_per_stock,lightgbm,10,0.01,1337,"{""n_estimators"": ""98"", ""learning_rate"": 0.15388071976730675, ""num_leaves"": ""100"", ""subsample"": 0.5000159783868167}",0.5291666666666667,0.5756138392857144,23,0.34782608695652173,-1.1422633047568536,-0.765175135935931,-0.14603039601802212,-2.4250912090317187,0.5121951219512195,0.5111118504225165,24,0.375,0.38260663645158316,0.4527092298176334,-0.06119410931132391,0.966642309912684,7.397921710315016
SPY,learned_alpha_per_stock,lightgbm,10,0.01,2024,"{""n_estimators"": ""265"", ""learning_rate"": 0.15254525921902756, ""num_leaves"": ""99"", ""subsample"": 0.8474752786292337}",0.575,0.5731026785714285,23,0.43478260869565216,-0.3883628862483215,-0.42104201001416586,-0.12639174344360404,-0.7839395706820652,0.5121951219512195,0.5102468560782487,24,0.3333333333333333,-0.0629121692774495,-0.1253163677505913,-0.07007687071847588,-0.15741246226869043,-1.788270030692901
SPY,learned_alpha_per_stock,lightgbm,10,0.01,31415,"{""n_estimators"": ""50"", ""learning_rate"": 0.2765607622104397, ""num_leaves"": ""74"", ""subsample"": 1.0}",0.5458333333333333,0.585693359375,23,0.43478260869565216,-0.3883628862483215,-0.42104201001416586,-0.12639174344360404,-0.7839395706820652,0.5121951219512195,0.5133408743096679,24,0.3333333333333333,-0.39551479922171145,-0.4026794235202551,-0.09695941213927861,-0.7773207567837713,-4.153072039482057
SPY,learned_alpha_global,lightgbm,2,0.0025,42,"{""n_estimators"": ""500"", ""learning_rate"": 0.04655011855517605, ""num_leaves"": ""100"", ""subsample"": 0.7254878992943801}",0.532258064516129,0.5568891491022638,123,0.5365853658536586,0.3731468706642441,0.08856033784316475,-0.09497474807691181,0.5591473574973945,0.47560975609756095,0.48565573770491804,122,0.5245901639344263,-0.7626614095543918,-0.19952750129230867,-0.1254248021677644,-1.2411866913744363,-1.590813761264114
SPY,learned_alpha_global,lightgbm,2,0.0025,7,"{""n_estimators"": ""307"", ""learning_rate"": 0.09526868044779768, ""num_leaves"": ""59"", ""subsample"": 0.8334778210763483}",0.5201612903225806,0.5551001821493625,123,0.5365853658536586,0.7326158534692679,0.20214190624480355,-0.09847896631444768,1.1088751760569815,0.4715447154471545,0.4865150713907986,122,0.5081967213114754,-1.0385244493049834,-0.25679862921726904,-0.15629825999181773,-1.709818397673603,-1.6430037623625018
SPY,learned_alpha_global,lightgbm,2,0.0025,1337,"{""n_estimators"": ""284"", ""learning_rate"": 0.06996265524748892, ""num_leaves"": ""97"", ""subsample"": 1.0}",0.5403225806451613,0.5589058027582616,123,0.5609756097560976,0.6451319625942284,0.1735518749095668,-0.09497474807691181,0.9440075235795262,0.4878048780487805,0.4819539925965098,122,0.5245901639344263,-0.6306814634334769,-0.17055581057449098,-0.12036270942594521,-1.0340288880181854,-1.4170153811586284
SPY,learned_alpha_global,lightgbm,2,0.0025,2024,"{""n_estimators"": ""348"", ""learning_rate"": 0.12761744752025903, ""num_leaves"": ""48"", ""subsample"": 0.9775982573356905}",0.5161290322580645,0.5576372625552953,123,0.5284552845528455,0.39891369021698053,0.09637275120647981,-0.0949747480769116,0.6054513269059425,0.4715447154471545,0.496562665256478,122,0.5081967213114754,-1.018860198456474,-0.2528595280011904,-0.15687971610978255,-1.6749846402571793,-1.6118051094906516
SPY,learned_alpha_global,lightgbm,2,0.0025,31415,"{""n_estimators"": ""174"", ""learning_rate"": 0.09661170701371836, ""num_leaves"": ""55"", ""subsample"": 0.9845439889186797}",0.5362903225806451,0.5571168358053604,123,0.5528455284552846,0.5043389343772418,0.12883604310520402,-0.09445450553562418,0.7449682555943806,0.4796747967479675,0.48555658381808564,122,0.5409836065573771,-0.516421702653326,-0.14463139810594472,-0.11948491670943447,-0.8436721134591443,-1.2104573705956703
SPY,learned_alpha_global,lightgbm,5,0.005,42,"{""n_estimators"": ""500"", ""learning_rate"": 0.04948731705350866, ""num_leaves"": ""79"", ""subsample"": 0.9412062404514152}",0.5591836734693878,0.5736,48,0.5208333333333334,0.6385027029631022,0.44396615320740773,-0.06949156219466002,1.2231312770148026,0.5121951219512195,0.5311402636984032,49,0.5306122448979592,0.9814740151349161,0.8907019523991679,-0.09963997741336092,1.8889070603744909,8.939202672678768
SPY,learned_alpha_global,lightgbm,5,0.005,7,"{""n_estimators"": ""294"", ""learning_rate"": 0.08169999209678121, ""num_leaves"": ""20"", ""subsample"": 1.0}",0.5469387755102041,0.5799666666666667,48,0.4583333333333333,0.11877666249178216,0.03788354930214277,-0.09123472580202997,0.24308274129997917,0.5121951219512195,0.5350824885708607,49,0.5102040816326531,0.706549064300888,0.5655614163900851,-0.09963997741336092,1.3860788482777149,5.676049223132881
SPY,learned_alpha_global,lightgbm,5,0.005,1337,"{""n_estimators"": ""262"", ""learning_rate"": 0.11434539206860733, ""num_leaves"": ""20"", ""subsample"": 0.9135463278362865}",0.5469387755102041,0.5784000000000001,48,0.5208333333333334,0.6385027029631022,0.44396615320740773,-0.06949156219466002,1.2231312770148026,0.5121951219512195,0.5313721592791361,49,0.5102040816326531,0.6626901143763136,0.5186702368179996,-0.09963997741336092,1.288949241403288,5.205443139215827
SPY,learned_alpha_global,lightgbm,5,0.005,2024,"{""n_estimators"": ""209"", ""learning_rate"": 0.08582125117080196, ""num_leaves"": ""95"", ""subsample"": 0.8082811750633286}",0.5510204081632653,0.5716333333333333,48,0.5,0.3583569805992375,0.2095318158986883,-0.10036750996004302,0.7008105217206337,0.5,0.534519313589081,49,0.5102040816326531,0.7069798383961173,0.5660284706787222,-0.09963997741336092,1.3870172505691278,5.68073664178513
SPY,learned_alpha_global,lightgbm,5,0.005,31415,"{""n_estimators"": ""413"", ""learning_rate"": 0.06457344618643741, ""num_leaves"": ""20"", ""subsample"": 0.5957590116684226}",0.5510204081632653,0.5763333333333333,48,0.5208333333333334,0.5979117414399836,0.40758461675862345,-0.09123472580202997,1.1485137106258652,0.5203252032520326,0.5378321075995494,49,0.4897959183673469,0.3930069019651055,0.2578824628659797,-0.09963997741336092,0.7781633878113299,2.5881425263289928
SPY,learned_alpha_global,lightgbm,10,0.01,42,"{""n_estimators"": ""50"", ""learning_rate"": 0.18457546755465512, ""num_leaves"": ""89"", ""subsample"": 0.5}",0.5375,0.575439453125,23,0.391304347826087,-0.7755012600913931,-0.6382271336755421,-0.14603039601802212,-1.6098629653665255,0.516260162601626,0.5106128152239006,24,0.3333333333333333,-0.4440726473542819,-0.4348952407781188,-0.09695941213927861,-0.8607210832319293,-4.485332895308893
SPY,learned_alpha_global,lightgbm,10,0.01,7,"{""n_estimators"": ""312"", ""learning_rate"": 0.23647633249340536, ""num_leaves"": ""100"", ""subsample"": 0.5}",0.575,0.5749860491071428,23,0.43478260869565216,-0.3883628862483215,-0.42104201001416586,-0.12639174344360404,-0.7839395706820652,0.508130081300813,0.5055559252112583,24,0.3333333333333333,-0.0629121692774495,-0.1253163677505913,-0.07007687071847588,-0.15741246226869043,-1.788270030692901
SPY,learned_alpha_global,lightgbm,10,0.01,1337,"{""n_estimators"": ""98"", ""learning_rate"": 0.15388071976730675, ""num_leaves"": ""100"", ""subsample"": 0.5000159783868167}",0.5291666666666667,0.5756138392857144,23,0.34782608695652173,-1.1422633047568536,-0.765175135935931,-0.14603039601802212,-2.4250912090317187,0.5121951219512195,0.5111118504225165,24,0.375,0.38260663645158316,0.4527092298176334,-0.06119410931132391,0.966642309912684,7.397921710315016
SPY,learned_alpha_global,lightgbm,10,0.01,2024,"{""n_estimators"": ""265"", ""learning_rate"": 0.15254525921902756, ""num_leaves"": ""99"", ""subsample"": 0.8474752786292337}",0.575,0.5731026785714285,23,0.43478260869565216,-0.3883628862483215,-0.42104201001416586,-0.12639174344360404,-0.7839395706820652,0.5121951219512195,0.5102468560782487,24,0.3333333333333333,-0.0629121692774495,-0.1253163677505913,-0.07007687071847588,-0.15741246226869043,-1.788270030692901
SPY,learned_alpha_global,lightgbm,10,0.01,31415,"{""n_estimators"": ""50"", ""learning_rate"": 0.2765607622104397, ""num_leaves"": ""74"", ""subsample"": 1.0}",0.5458333333333333,0.585693359375,23,0.43478260869565216,-0.3883628862483215,-0.42104201001416586,-0.12639174344360404,-0.7839395706820652,0.5121951219512195,0.5133408743096679,24,0.3333333333333333,-0.39551479922171145,-0.4026794235202551,-0.09695941213927861,-0.7773207567837713,-4.153072039482057
TSLA,full_70_30,lightgbm,2,0.0025,42,"{""n_estimators"": ""121"", ""learning_rate"": 0.01, ""num_leaves"": ""20"", ""subsample"": 0.5}",0.5887096774193549,0.6243819932344521,123,0.6016260162601627,2.478295278719076,8.231256813865054,-0.28954077440710996,4.164168668802415,0.483739837398374,0.5038690476190477,122,0.5327868852459017,0.0006050827770584114,-0.36880155370705836,-0.5845718875995155,0.0007362818250699855,-0.6308917030230519
TSLA,full_70_30,lightgbm,2,0.0025,7,"{""n_estimators"": ""50"", ""learning_rate"": 0.016765637864790354, ""num_leaves"": ""20"", ""subsample"": 0.5}",0.5967741935483871,0.622527972937809,123,0.6341463414634146,3.248491240419216,17.81294157248228,-0.2895407744071098,5.536509268931908,0.508130081300813,0.5085317460317461,122,0.5491803278688525,0.6742901322105257,0.5792030827681696,-0.34762034770314837,0.8681582253080361,1.6661944175453793
TSLA,full_70_30,lightgbm,2,0.0025,1337,"{""n_estimators"": ""105"", ""learning_rate"": 0.01, ""num_leaves"": ""20"", ""subsample"": 1.0}",0.592741935483871,0.6252602133749674,123,0.6178861788617886,2.7426188759662518,10.835064463807619,-0.28954077440711007,4.599515135407673,0.5040650406504065,0.5035714285714286,122,0.5491803278688525,0.3594294862097631,0.025691721914722576,-0.5166181688617258,0.43070901659929095,0.04973058142985875
TSLA,full_70_30,lightgbm,2,0.0025,2024,"{""n_estimators"": ""50"", ""learning_rate"": 0.025727876995472417, ""num_leaves"": ""43"", ""subsample"": 0.5723289434200853}",0.5887096774193549,0.6178766588602655,123,0.6178861788617886,2.7426188759662518,10.835064463807619,-0.28954077440711007,4.599515135407673,0.5,0.48723544973544974,122,0.5409836065573771,0.3159962795879436,-0.03269309877211379,-0.5301404597362525,0.3808992172985627,-0.06166874867158559
TSLA,full_70_30,lightgbm,2,0.0025,31415,"{""n_estimators"": ""50"", ""learning_rate"": 0.015998487869776798, ""num_leaves"": ""20"", ""subsample"": 1.0}",0.5967741935483871,0.6206088992974239,123,0.6341463414634146,3.0850955015055277,15.221449100693363,-0.25308547350200483,5.048188036917136,0.508130081300813,0.5077711640211641,122,0.5491803278688525,0.17098588076167617,-0.20515506547527507,-0.5314221711698099,0.20528932637752545,-0.3860491274266389
TSLA,full_70_30,lightgbm,5,0.0075,42,"{""n_estimators"": ""56"", ""learning_rate"": 0.015613860607480781, ""num_leaves"": ""26"", ""subsample"": 0.5117647627857568}",0.5795918367346938,0.5743106244931062,48,0.5833333333333334,0.6305360368191972,1.8285171038213046,-0.4002454189764201,1.215800043072278,0.508130081300813,0.5177897038362155,49,0.5714285714285714,2.566863983405175,966.7899070088747,-0.2332276942857472,5.989202305174087,4145.262036610359
TSLA,full_70_30,lightgbm,5,0.0075,7,"{""n_estimators"": ""50"", ""learning_rate"": 0.021569638085491786, ""num_leaves"": ""100"", ""subsample"": 0.5}",0.5551020408163265,0.5747837253311705,48,0.5625,0.3824972040985062,0.34158120902596534,-0.4091613258200095,0.7580168282338202,0.4959349593495935,0.5145431657059564,49,0.5714285714285714,2.566863983405175,966.7899070088747,-0.2332276942857472,5.989202305174087,4145.262036610359
TSLA,full_70_30,lightgbm,5,0.0075,1337,"{""n_estimators"": ""51"", ""learning_rate"": 0.02099667796601977, ""num_leaves"": ""97"", ""subsample"": 0.6026724530733236}",0.5673469387755102,0.5748513111651797,48,0.5833333333333334,0.6305360368191972,1.8285171038213046,-0.4002454189764201,1.215800043072278,0.4959349593495935,0.5136155833830253,49,0.5714285714285714,2.566863983405175,966.7899070088747,-0.2332276942857472,5.989202305174087,4145.262036610359
TSLA,full_70_30,lightgbm,5,0.0075,2024,"{""n_estimators"": ""50"", ""learning_rate"": 0.018216954501611867, ""num_leaves"": ""100"", ""subsample"": 0.8369541494161428}",0.5795918367346938,0.5734320086509868,48,0.5833333333333334,0.6305360368191972,1.8285171038213046,-0.4002454189764201,1.215800043072278,0.5,0.5109322202345459,49,0.5714285714285714,2.566863983405175,966.7899070088747,-0.2332276942857472,5.989202305174087,4145.262036610359
TSLA,full_70_30,lightgbm,5,0.0075,31415,"{""n_estimators"": ""59"", ""learning_rate"": 0.0190547362774541, ""num_leaves"": ""34"", ""subsample"": 0.9969337418393525}",0.5551020408163265,0.5758650986753177,48,0.5625,0.3824972040985062,0.34158120902596534,-0.4091613258200095,0.7580168282338202,0.4959349593495935,0.5142450142450142,49,0.5714285714285714,2.566863983405175,966.7899070088747,-0.2332276942857472,5.989202305174087,4145.262036610359
TSLA,full_70_30,lightgbm,10,0.01,42,"{""n_estimators"": ""408"", ""learning_rate"": 0.018661881481387678, ""num_leaves"": ""82"", ""subsample"": 0.7984250789732436}",0.5375,0.5142560355326313,23,0.5217391304347826,-0.6507537969958083,-0.9992960151422695,-0.5759569846101866,-0.8768962882322564,0.4959349593495935,0.5095338983050848,24,0.4166666666666667,-0.3053760497850454,-0.9617819315377353,-0.6231243852455101,-0.7661331507184618,-1.5434830578148448
TSLA,full_70_30,lightgbm,10,0.01,7,"{""n_estimators"": ""50"", ""learning_rate"": 0.29999999999999993, ""num_leaves"": ""71"", ""subsample"": 0.5}",0.525,0.516548463356974,23,0.5217391304347826,-0.6507537969958083,-0.9992960151422695,-0.5759569846101866,-0.8768962882322564,0.47560975609756095,0.4958289194915254,24,0.4166666666666667,-0.3145216286841978,-0.9637259939641476,-0.5742997164986562,-0.7907710860785138,-1.6780889251342728
TSLA,full_70_30,lightgbm,10,0.01,1337,"{""n_estimators"": ""384"", ""learning_rate"": 0.01722913718553128, ""num_leaves"": ""89"", ""subsample"": 0.8949476063032396}",0.5416666666666666,0.5140411204240991,23,0.5652173913043478,-0.33292486094050944,-0.9933332665186789,-0.47937957401552456,-0.42617828566718924,0.5040650406504065,0.5036414194915254,24,0.375,-0.5403581735147386,-0.9899055292218861,-0.62312438524551,-1.3851871082723417,-1.5886162581036931
TSLA,full_70_30,lightgbm,10,0.01,2024,"{""n_estimators"": ""58"", ""learning_rate"": 0.14150546429194716, ""num_leaves"": ""59"", ""subsample"": 0.6885988833680587}",0.525,0.5106382978723404,23,0.5217391304347826,-0.4424598513176214,-0.9969384813686302,-0.5150754513228559,-0.5770330154243694,0.4959349593495935,0.509964247881356,24,0.4166666666666667,-0.3145216286841978,-0.9637259939641476,-0.5742997164986562,-0.7907710860785138,-1.6780889251342728
TSLA,full_70_30,lightgbm,10,0.01,31415,"{""n_estimators"": ""50"", ""learning_rate"": 0.29999999999999993, ""num_leaves"": ""27"", ""subsample"": 0.8127061687040061}",0.5291666666666667,0.5204885736800631,23,0.5652173913043478,-0.3799053255988139,-0.9952258027737956,-0.5103198567522406,-0.493116592308802,0.483739837398374,0.49198887711864403,24,0.4166666666666667,-0.3145216286841978,-0.9637259939641476,-0.5742997164986562,-0.7907710860785138,-1.6780889251342728
TSLA,equal_50_50,lightgbm,2,0.0025,42,"{""n_estimators"": ""50"", ""learning_rate"": 0.013493223757838275, ""num_leaves"": ""100"", ""subsample"": 0.5}",0.5766129032258065,0.6287730939370283,123,0.5934959349593496,1.629989031442506,3.038278647306309,-0.23238244844505707,2.4069022330423375,0.532520325203252,0.5524801587301587,122,0.5081967213114754,0.9434581394097085,1.291219245426733,-0.3706670119052893,1.433903885804505,3.4835019139945964
TSLA,equal_50_50,lightgbm,2,0.0025,7,"{""n_estimators"": ""64"", ""learning_rate"": 0.012925140673808273, ""num_leaves"": ""80"", ""subsample"": 1.0}",0.5887096774193549,0.6271142336716108,123,0.6016260162601627,1.6067539729519207,2.945967141096746,-0.23238244844505732,2.3538520081702594,0.524390243902439,0.5483134920634921,122,0.4918032786885246,0.8867015064960629,1.1240795296015902,-0.3980959161032297,1.3613361208344221,2.8236399423653133
TSLA,equal_50_50,lightgbm,2,0.0025,1337,"{""n_estimators"": ""50"", ""learning_rate"": 0.013474835090886848, ""num_leaves"": ""100"", ""subsample"": 1.0}",0.5766129032258065,0.6287080405932864,123,0.5934959349593496,1.629989031442506,3.038278647306309,-0.23238244844505707,2.4069022330423375,0.532520325203252,0.5523478835978836,122,0.5081967213114754,0.9434581394097085,1.291219245426733,-0.3706670119052893,1.433903885804505,3.4835019139945964
TSLA,equal_50_50,lightgbm,2,0.0025,2024,"{""n_estimators"": ""50"", ""learning_rate"": 0.01674981939979897, ""num_leaves"": ""70"", ""subsample"": 0.6083558073329787}",0.5846774193548387,0.6268214936247724,123,0.6016260162601627,1.7301995159558323,3.458431290284964,-0.23238244844505707,2.5276850404114257,0.524390243902439,0.5494378306878307,122,0.5,0.8708794102613595,1.0795543654021822,-0.38604511919052414,1.334020795559165,2.7964460933111597
TSLA,equal_50_50,lightgbm,2,0.0025,31415,"{""n_estimators"": ""50"", ""learning_rate"": 0.013626616335294642, ""num_leaves"": ""80"", ""subsample"": 0.5}",0.5806451612903226,0.6290658339838667,123,0.5934959349593496,1.5070670021265065,2.5741079790970196,-0.23238244844505732,2.231055130649115,0.5284552845528455,0.5508597883597883,122,0.5,0.9593094097167316,1.3402763486295828,-0.3830196525749035,1.4613156550282884,3.499236500318943
TSLA,equal_50_50,lightgbm,5,0.0075,42,"{""n_estimators"": ""153"", ""learning_rate"": 0.011862094398028678, ""num_leaves"": ""20"", ""subsample"": 0.5}",0.6040816326530613,0.6146931603135981,48,0.6458333333333334,1.9793433553579942,134.32858177940975,-0.28655712551154827,3.790208512850146,0.491869918699187,0.5235539654144306,49,0.5714285714285714,1.8977802867198061,145.84144065561122,-0.26927444689380503,4.3688497210735076,541.6089136490822
TSLA,equal_50_50,lightgbm,5,0.0075,7,"{""n_estimators"": ""50"", ""learning_rate"": 0.046645346672548015, ""num_leaves"": ""20"", ""subsample"": 0.5}",0.6,0.6122600702892674,48,0.6458333333333334,1.9793433553579942,134.32858177940975,-0.28655712551154827,3.790208512850146,0.4878048780487805,0.5131517922215597,49,0.5714285714285714,1.8703835489311784,134.52224015067637,-0.2621403893702753,4.359029299963602,513.1686897766169
TSLA,equal_50_50,lightgbm,5,0.0075,1337,"{""n_estimators"": ""50"", ""learning_rate"": 0.029339839778779457, ""num_leaves"": ""20"", ""subsample"": 1.0}",0.6081632653061224,0.6148959178156259,48,0.6666666666666666,2.0620901950354273,167.7164821947603,-0.28655712551154827,3.9487037858852965,0.491869918699187,0.5241833962764195,49,0.5714285714285714,1.9311499835240085,161.0478225781478,-0.2780705357201203,4.610467592800634,579.1617661363568
TSLA,equal_50_50,lightgbm,5,0.0075,2024,"{""n_estimators"": ""78"", ""learning_rate"": 0.024738071342895216, ""num_leaves"": ""89"", ""subsample"": 1.0}",0.5959183673469388,0.6121586915382535,48,0.625,1.657269228874029,55.11982558730728,-0.28655712551154827,3.2836055871310132,0.4878048780487805,0.5241171403962102,49,0.5714285714285714,1.8703835489311784,134.52224015067637,-0.2621403893702753,4.359029299963602,513.1686897766169
TSLA,equal_50_50,lightgbm,5,0.0075,31415,"{""n_estimators"": ""129"", ""learning_rate"": 0.01524826497804969, ""num_leaves"": ""20"", ""subsample"": 1.0}",0.6040816326530613,0.6175993511759935,48,0.6458333333333334,1.9793433553579942,134.32858177940975,-0.28655712551154827,3.790208512850146,0.4959349593495935,0.5243159080368383,49,0.5918367346938775,1.9283658305433429,159.55032398428938,-0.2621403893702753,4.503088230584586,608.6445677736571
TSLA,equal_50_50,lightgbm,10,0.01,42,"{""n_estimators"": ""472"", ""learning_rate"": 0.010026522473407047, ""num_leaves"": ""99"", ""subsample"": 0.8087407548138583}",0.6208333333333333,0.6000788022064617,23,0.6956521739130435,2.557763373279858,1310585.4179960093,-0.17667839416105566,6.065285224868528,0.532520325203252,0.5159229343220338,24,0.6666666666666666,1.7288410819750675,2479.02082860775,-0.2653604395569748,4.4217829189204565,9342.088944179211
TSLA,equal_50_50,lightgbm,10,0.01,7,"{""n_estimators"": ""205"", ""learning_rate"": 0.025309101893129224, ""num_leaves"": ""100"", ""subsample"": 1.0}",0.6166666666666667,0.6028010602478687,23,0.7391304347826086,2.590530417227425,1537141.999541254,-0.16981348187162046,6.0352116457307154,0.524390243902439,0.5196636652542374,24,0.6666666666666666,1.7288410819750675,2479.02082860775,-0.2653604395569748,4.4217829189204565,9342.088944179211
TSLA,equal_50_50,lightgbm,10,0.01,1337,"{""n_estimators"": ""472"", ""learning_rate"": 0.011259794121019465, ""num_leaves"": ""56"", ""subsample"": 0.9548606512911542}",0.625,0.6000429830217064,23,0.7391304347826086,2.590530417227425,1537141.999541254,-0.16981348187162046,6.0352116457307154,0.5121951219512195,0.5162870762711864,24,0.6666666666666666,1.7288410819750675,2479.02082860775,-0.2653604395569748,4.4217829189204565,9342.088944179211
TSLA,equal_50_50,lightgbm,10,0.01,2024,"{""n_estimators"": ""494"", ""learning_rate"": 0.01135470299652162, ""num_leaves"": ""84"", ""subsample"": 0.8347775320479487}",0.6166666666666667,0.6026936026936027,23,0.7391304347826086,2.590530417227425,1537141.999541254,-0.16981348187162046,6.0352116457307154,0.524390243902439,0.5188691737288136,24,0.6666666666666666,1.7288410819750675,2479.02082860775,-0.2653604395569748,4.4217829189204565,9342.088944179211
TSLA,equal_50_50,lightgbm,10,0.01,31415,"{""n_estimators"": ""458"", ""learning_rate"": 0.01, ""num_leaves"": ""100"", ""subsample"": 0.6205044567623783}",0.6125,0.603839816605774,23,0.6956521739130435,2.557763373279858,1310585.4179960093,-0.17667839416105566,6.065285224868528,0.5284552845528455,0.5217161016949153,24,0.6666666666666666,1.7288410819750675,2479.02082860775,-0.2653604395569748,4.4217829189204565,9342.088944179211
TSLA,news_only,lightgbm,2,0.0025,42,"{""n_estimators"": ""59"", ""learning_rate"": 0.01003640432343405, ""num_leaves"": ""99"", ""subsample"": 0.9166959427379373}",0.5604838709677419,0.6021662763466042,123,0.5447154471544715,0.8186451147653295,0.7871832896440762,-0.40368106746401233,1.2517545646695252,0.4959349593495935,0.538425925925926,122,0.5409836065573771,0.22299001152337009,-0.13840248841146785,-0.5590806105112246,0.2997655972061683,-0.24755372625946068
TSLA,news_only,lightgbm,2,0.0025,7,"{""n_estimators"": ""50"", ""learning_rate"": 0.011399734990831741, ""num_leaves"": ""88"", ""subsample"": 0.5}",0.5604838709677419,0.603239656518345,123,0.5365853658536586,0.41414126995210715,0.1808104193963851,-0.5048293159708018,0.6130731413636732,0.5,0.5424933862433862,122,0.5491803278688525,0.29277211500450984,-0.053190017668350964,-0.5590806105112247,0.3916430552424404,-0.09513836943784167
TSLA,news_only,lightgbm,2,0.0025,1337,"{""n_estimators"": ""50"", ""learning_rate"": 0.01, ""num_leaves"": ""99"", ""subsample"": 0.5388655865246951}",0.5604838709677419,0.6010603695029924,123,0.5365853658536586,0.41414126995210715,0.1808104193963851,-0.5048293159708018,0.6130731413636732,0.5,0.5455357142857142,122,0.5491803278688525,0.29277211500450984,-0.053190017668350964,-0.5590806105112247,0.3916430552424404,-0.09513836943784167
TSLA,news_only,lightgbm,2,0.0025,2024,"{""n_estimators"": ""50"", ""learning_rate"": 0.01, ""num_leaves"": ""100"", ""subsample"": 1.0}",0.5604838709677419,0.6010603695029924,123,0.5365853658536586,0.41414126995210715,0.1808104193963851,-0.5048293159708018,0.6130731413636732,0.5,0.5455357142857142,122,0.5491803278688525,0.29277211500450984,-0.053190017668350964,-0.5590806105112247,0.3916430552424404,-0.09513836943784167
TSLA,news_only,lightgbm,2,0.0025,31415,"{""n_estimators"": ""50"", ""learning_rate"": 0.01, ""num_leaves"": ""76"", ""subsample"": 0.8091645942814014}",0.5604838709677419,0.6010603695029924,123,0.5365853658536586,0.41414126995210715,0.1808104193963851,-0.5048293159708018,0.6130731413636732,0.5,0.5455357142857142,122,0.5491803278688525,0.29277211500450984,-0.053190017668350964,-0.5590806105112247,0.3916430552424404,-0.09513836943784167
TSLA,news_only,lightgbm,5,0.0075,42,"{""n_estimators"": ""496"", ""learning_rate"": 0.2988980431446817, ""num_leaves"": ""40"", ""subsample"": 0.6746433869763222}",0.5836734693877551,0.5991146255744796,48,0.6666666666666666,2.591576690571847,660.9431055175447,-0.30221248513957577,5.307352347393009,0.5040650406504065,0.5063274365599947,49,0.42857142857142855,-1.0366533575929076,-0.9881956698024279,-0.6871422536033075,-1.6270851064918257,-1.4381238595362538
TSLA,news_only,lightgbm,5,0.0075,7,"{""n_estimators"": ""446"", ""learning_rate"": 0.29844187417376006, ""num_leaves"": ""81"", ""subsample"": 0.9959081334388912}",0.5918367346938775,0.5953974047039741,48,0.6666666666666666,2.591576690571847,660.9431055175447,-0.30221248513957577,5.307352347393009,0.4959349593495935,0.5063936924402042,49,0.4489795918367347,-0.7954498874698563,-0.9744427835125525,-0.638458753191046,-1.2310001233096264,-1.5262423432089278
TSLA,news_only,lightgbm,5,0.0075,1337,"{""n_estimators"": ""500"", ""learning_rate"": 0.29999999999999993, ""num_leaves"": ""100"", ""subsample"": 1.0}",0.5836734693877551,0.5921870775885375,48,0.6666666666666666,2.591576690571847,660.9431055175447,-0.30221248513957577,5.307352347393009,0.5,0.4970516133306831,49,0.42857142857142855,-1.021482310869684,-0.9876096227122972,-0.6859354811785686,-1.6036179958103602,-1.4397995872955787
TSLA,news_only,lightgbm,5,0.0075,2024,"{""n_estimators"": ""484"", ""learning_rate"": 0.2988847985554401, ""num_leaves"": ""98"", ""subsample"": 0.5089615972143255}",0.5836734693877551,0.5989118680724519,48,0.6666666666666666,2.591576690571847,660.9431055175447,-0.30221248513957577,5.307352347393009,0.508130081300813,0.5076525541641821,49,0.42857142857142855,-1.0366533575929076,-0.9881956698024279,-0.6871422536033075,-1.6270851064918257,-1.4381238595362538
TSLA,news_only,lightgbm,5,0.0075,31415,"{""n_estimators"": ""477"", ""learning_rate"": 0.29784574071483894, ""num_leaves"": ""93"", ""subsample"": 0.9863234695617371}",0.5795918367346938,0.595228440118951,48,0.6666666666666666,2.591576690571847,660.9431055175447,-0.30221248513957577,5.307352347393009,0.4959349593495935,0.4998343602994766,49,0.42857142857142855,-0.8505441329378398,-0.9785877987965407,-0.6450335359381932,-1.3171461008789893,-1.5171115054866053
TSLA,news_only,lightgbm,10,0.01,42,"{""n_estimators"": ""57"", ""learning_rate"": 0.021930986997479973, ""num_leaves"": ""39"", ""subsample"": 0.8416317594127292}",0.575,0.5810946342861236,23,0.8260869565217391,3.287033656848637,33359038.180830672,-0.17667839416105563,6.122948275289786,0.524390243902439,0.516551906779661,24,0.5,0.6051928955769857,5.946738785354599,-0.24905241577225817,1.5734931180694898,23.877458754676343
TSLA,news_only,lightgbm,10,0.01,7,"{""n_estimators"": ""301"", ""learning_rate"": 0.01324512702126407, ""num_leaves"": ""39"", ""subsample"": 0.5313423902176014}",0.5791666666666667,0.5806648040690594,23,0.782608695652174,3.1969698460189604,23182505.031522952,-0.1698134818716204,6.481987145039242,0.491869918699187,0.4758011122881356,24,0.5,-0.18972486543604952,-0.9303531246736365,-0.29399622920496576,-0.38259095364128093,-3.1645069978942515
TSLA,news_only,lightgbm,10,0.01,1337,"{""n_estimators"": ""66"", ""learning_rate"": 0.013991584939100592, ""num_leaves"": ""98"", ""subsample"": 0.5519016145472927}",0.5791666666666667,0.585464574826277,23,0.8260869565217391,3.287033656848637,33359038.180830672,-0.17667839416105563,6.122948275289786,0.4959349593495935,0.5227092161016949,24,0.5,0.6051928955769857,5.946738785354599,-0.24905241577225817,1.5734931180694898,23.877458754676343
TSLA,news_only,lightgbm,10,0.01,2024,"{""n_estimators"": ""55"", ""learning_rate"": 0.019681614628830203, ""num_leaves"": ""43"", ""subsample"": 0.5192349302355883}",0.5833333333333334,0.5893688659646107,23,0.8260869565217391,3.287033656848637,33359038.180830672,-0.17667839416105563,6.122948275289786,0.508130081300813,0.520656779661017,24,0.5,0.6051928955769857,5.946738785354599,-0.24905241577225817,1.5734931180694898,23.877458754676343
TSLA,news_only,lightgbm,10,0.01,31415,"{""n_estimators"": ""390"", ""learning_rate"": 0.01, ""num_leaves"": ""24"", ""subsample"": 0.6932938300400777}",0.575,0.5818110179812307,23,0.782608695652174,3.1969698460189604,23182505.031522952,-0.1698134818716204,6.481987145039242,0.491869918699187,0.47639698093220345,24,0.5,-0.18972486543604952,-0.9303531246736365,-0.29399622920496576,-0.38259095364128093,-3.1645069978942515
TSLA,social_only,lightgbm,2,0.0025,42,"{""n_estimators"": ""50"", ""learning_rate"": 0.01, ""num_leaves"": ""20"", ""subsample"": 0.5}",0.5483870967741935,0.5684035909445745,123,0.5447154471544715,1.4479881556033496,2.3680891801313755,-0.23359689469808306,2.104221834156857,0.508130081300813,0.5286706349206349,122,0.5245901639344263,0.1862514780261435,-0.17178743529584417,-0.40136872276325597,0.2908767534796249,-0.4280040410552159
TSLA,social_only,lightgbm,2,0.0025,7,"{""n_estimators"": ""50"", ""learning_rate"": 0.01, ""num_leaves"": ""20"", ""subsample"": 0.5}",0.5483870967741935,0.5684035909445745,123,0.5447154471544715,1.4479881556033496,2.3680891801313755,-0.23359689469808306,2.104221834156857,0.508130081300813,0.5286706349206349,122,0.5245901639344263,0.1862514780261435,-0.17178743529584417,-0.40136872276325597,0.2908767534796249,-0.4280040410552159
TSLA,social_only,lightgbm,2,0.0025,1337,"{""n_estimators"": ""50"", ""learning_rate"": 0.01, ""num_leaves"": ""20"", ""subsample"": 1.0}",0.5483870967741935,0.5684035909445745,123,0.5447154471544715,1.4479881556033496,2.3680891801313755,-0.23359689469808306,2.104221834156857,0.508130081300813,0.5286706349206349,122,0.5245901639344263,0.1862514780261435,-0.17178743529584417,-0.40136872276325597,0.2908767534796249,-0.4280040410552159
TSLA,social_only,lightgbm,2,0.0025,2024,"{""n_estimators"": ""108"", ""learning_rate"": 0.05304809056287527, ""num_leaves"": ""20"", ""subsample"": 0.8199624113934585}",0.5201612903225806,0.5339903721051261,123,0.5447154471544715,1.7123868305871934,3.3751776626897385,-0.39939665724874696,2.4065996084630803,0.524390243902439,0.5297619047619048,122,0.5081967213114754,0.18533294424990163,-0.1722652382237435,-0.6055207393539308,0.29501616854641827,-0.28449106203619784
TSLA,social_only,lightgbm,2,0.0025,31415,"{""n_estimators"": ""50"", ""learning_rate"": 0.011611245248424714, ""num_leaves"": ""33"", ""subsample"": 0.9392613095456839}",0.5120967741935484,0.5443989071038251,123,0.5121951219512195,-1.0997011465065136,-0.7511821354859521,-0.502759586499239,-1.5427579911901474,0.5203252032520326,0.5442460317460318,122,0.48360655737704916,-0.9340293958981808,-0.8207351097951779,-0.6506563334366173,-1.2314664572446028,-1.2613957132488722
TSLA,social_only,lightgbm,5,0.0075,42,"{""n_estimators"": ""57"", ""learning_rate"": 0.021930986997479973, ""num_leaves"": ""39"", ""subsample"": 0.8416317594127292}",0.563265306122449,0.523992971073263,48,0.625,1.7250851561970137,63.81536179005633,-0.2570410778169345,2.3993230293752608,0.5121951219512195,0.492546213476446,49,0.6122448979591837,2.3060746217493677,469.53805144631804,-0.21605055961811315,4.726353784270345,2173.278570887595
TSLA,social_only,lightgbm,5,0.0075,7,"{""n_estimators"": ""122"", ""learning_rate"": 0.01, ""num_leaves"": ""43"", ""subsample"": 0.98914665887994}",0.563265306122449,0.5231481481481481,48,0.625,1.7250851561970137,63.81536179005633,-0.2570410778169345,2.3993230293752608,0.5121951219512195,0.4940700987212615,49,0.6122448979591837,2.3060746217493677,469.53805144631804,-0.21605055961811315,4.726353784270345,2173.278570887595
TSLA,social_only,lightgbm,5,0.0075,1337,"{""n_estimators"": ""52"", ""learning_rate"": 0.0483901000915362, ""num_leaves"": ""50"", ""subsample"": 0.7602501390880785}",0.5142857142857142,0.5241281427412815,48,0.625,1.6746550353674834,55.4199118600029,-0.25704107781693447,2.37403156211823,0.5,0.49264559729676016,49,0.5306122448979592,0.902973559832742,5.736121704745758,-0.33144659508584023,1.6404091583193026,17.306322616650142
TSLA,social_only,lightgbm,5,0.0075,2024,"{""n_estimators"": ""50"", ""learning_rate"": 0.01, ""num_leaves"": ""27"", ""subsample"": 0.5}",0.5142857142857142,0.5234522844011894,48,0.5833333333333334,1.3134327886445991,19.376721297998586,-0.25704107781693447,1.9771876405300526,0.4959349593495935,0.4887033724243027,49,0.5306122448979592,0.902973559832742,5.736121704745758,-0.33144659508584023,1.6404091583193026,17.306322616650142
TSLA,social_only,lightgbm,5,0.0075,31415,"{""n_estimators"": ""190"", ""learning_rate"": 0.01, ""num_leaves"": ""83"", ""subsample"": 0.9258904279595439}",0.5551020408163265,0.522911597729116,48,0.6458333333333334,1.9058339132940634,105.15932537833177,-0.2570410778169345,2.5651821808336757,0.5121951219512195,0.4949976810441927,49,0.6122448979591837,2.3060746217493677,469.53805144631804,-0.21605055961811315,4.726353784270345,2173.278570887595
TSLA,social_only,lightgbm,10,0.01,42,"{""n_estimators"": ""156"", ""learning_rate"": 0.29999999999999993, ""num_leaves"": ""20"", ""subsample"": 1.0}",0.5916666666666667,0.5978580127516298,23,0.4782608695652174,0.20868839253930918,-0.4742789122791461,-0.2984568644270364,0.4846447460065964,0.4959349593495935,0.4703720868644068,24,0.375,-1.033230464011994,-0.9994158399396754,-0.6344320125887782,-1.7277505621861555,-1.5752922615956801
TSLA,social_only,lightgbm,10,0.01,7,"{""n_estimators"": ""378"", ""learning_rate"": 0.11229472036106883, ""num_leaves"": ""100"", ""subsample"": 1.0}",0.5958333333333333,0.5989325882942904,23,0.4782608695652174,0.20868839253930918,-0.4742789122791461,-0.2984568644270364,0.4846447460065964,0.5121951219512195,0.4759335275423729,24,0.4166666666666667,-0.6841094935444176,-0.9960288870068128,-0.6344320125887782,-1.118012244390906,-1.5699537022770191
TSLA,social_only,lightgbm,10,0.01,1337,"{""n_estimators"": ""416"", ""learning_rate"": 0.1053282298898533, ""num_leaves"": ""75"", ""subsample"": 0.9188451570707936}",0.5958333333333333,0.5973923633498103,23,0.4782608695652174,0.20868839253930918,-0.4742789122791461,-0.2984568644270364,0.4846447460065964,0.516260162601626,0.4790452860169492,24,0.4166666666666667,-0.6841094935444176,-0.9960288870068128,-0.6344320125887782,-1.118012244390906,-1.5699537022770191
TSLA,social_only,lightgbm,10,0.01,2024,"{""n_estimators"": ""331"", ""learning_rate"": 0.16466088470839207, ""num_leaves"": ""99"", ""subsample"": 0.7886288055127778}",0.5791666666666667,0.5998280679131743,23,0.4782608695652174,0.20868839253930918,-0.4742789122791461,-0.2984568644270364,0.4846447460065964,0.5121951219512195,0.47977356991525427,24,0.375,-1.033230464011994,-0.9994158399396754,-0.6344320125887782,-1.7277505621861555,-1.5752922615956801
TSLA,social_only,lightgbm,10,0.01,31415,"{""n_estimators"": ""490"", ""learning_rate"": 0.04554388613891476, ""num_leaves"": ""100"", ""subsample"": 0.8659471076162362}",0.5916666666666667,0.5982162045991833,23,0.4782608695652174,0.20868839253930918,-0.4742789122791461,-0.2984568644270364,0.4846447460065964,0.5,0.48020391949152536,24,0.4166666666666667,-0.6841094935444176,-0.9960288870068128,-0.6344320125887782,-1.118012244390906,-1.5699537022770191
TSLA,sentiment_only,lightgbm,2,0.0025,42,"{""n_estimators"": ""50"", ""learning_rate"": 0.01, ""num_leaves"": ""20"", ""subsample"": 1.0}",0.5806451612903226,0.5860330470986208,123,0.6341463414634146,3.008311444755912,14.13287062785101,-0.2582683859646713,5.210403500017776,0.491869918699187,0.4993055555555555,122,0.5163934426229508,0.07619469642868223,-0.29657255211758504,-0.5048679456469388,0.09999763964782671,-0.5874259886663162
TSLA,sentiment_only,lightgbm,2,0.0025,7,"{""n_estimators"": ""50"", ""learning_rate"": 0.01, ""num_leaves"": ""20"", ""subsample"": 0.5}",0.5806451612903226,0.5860330470986208,123,0.6341463414634146,3.008311444755912,14.13287062785101,-0.2582683859646713,5.210403500017776,0.491869918699187,0.4993055555555555,122,0.5163934426229508,0.07619469642868223,-0.29657255211758504,-0.5048679456469388,0.09999763964782671,-0.5874259886663162
TSLA,sentiment_only,lightgbm,2,0.0025,1337,"{""n_estimators"": ""50"", ""learning_rate"": 0.01671884763831, ""num_leaves"": ""20"", ""subsample"": 1.0}",0.5806451612903226,0.591367421285454,123,0.6178861788617886,2.7980879696549588,11.46884864569883,-0.252396437586501,4.937914583739676,0.4715447154471545,0.49173280423280424,122,0.5081967213114754,0.25722741647686415,-0.10015913045247926,-0.5169795236511714,0.34511620980260027,-0.19373906677213196
TSLA,sentiment_only,lightgbm,2,0.0025,2024,"{""n_estimators"": ""57"", ""learning_rate"": 0.010662638330443142, ""num_leaves"": ""20"", ""subsample"": 0.5462538246951267}",0.5806451612903226,0.5876919073640385,123,0.6178861788617886,2.7980879696549588,11.46884864569883,-0.252396437586501,4.937914583739676,0.4715447154471545,0.496031746031746,122,0.5081967213114754,0.25722741647686415,-0.10015913045247926,-0.5169795236511714,0.34511620980260027,-0.19373906677213196
TSLA,sentiment_only,lightgbm,2,0.0025,31415,"{""n_estimators"": ""69"", ""learning_rate"": 0.01, ""num_leaves"": ""20"", ""subsample"": 0.5}",0.5806451612903226,0.590359094457455,123,0.6178861788617886,2.7980879696549588,11.46884864569883,-0.252396437586501,4.937914583739676,0.4715447154471545,0.4929563492063492,122,0.5081967213114754,0.25722741647686415,-0.10015913045247926,-0.5169795236511714,0.34511620980260027,-0.19373906677213196
TSLA,sentiment_only,lightgbm,5,0.0075,42,"{""n_estimators"": ""51"", ""learning_rate"": 0.01079949110160586, ""num_leaves"": ""76"", ""subsample"": 0.5016786982818783}",0.5306122448979592,0.5487969721546363,48,0.4791666666666667,-0.34504120080871037,-0.8523993080417456,-0.5261481254786079,-0.6974828852012211,0.516260162601626,0.4957927516067051,49,0.46938775510204084,0.7215493224976327,2.722448367435813,-0.28188126747354736,1.2972398913153966,9.658138661843843
TSLA,sentiment_only,lightgbm,5,0.0075,7,"{""n_estimators"": ""53"", ""learning_rate"": 0.011408442867757707, ""num_leaves"": ""22"", ""subsample"": 0.9955507337627489}",0.5469387755102041,0.5494390375777238,48,0.4791666666666667,-0.578144944252746,-0.9270899051129867,-0.5857146206231981,-1.2077856900322002,0.532520325203252,0.5165639700523422,49,0.5102040816326531,1.8428258086923672,123.84258706776744,-0.28463272703013476,4.1494640395211695,435.0960915842117
TSLA,sentiment_only,lightgbm,5,0.0075,1337,"{""n_estimators"": ""50"", ""learning_rate"": 0.011076139940266556, ""num_leaves"": ""20"", ""subsample"": 0.5}",0.5551020408163265,0.5506217896728846,48,0.5,-0.2657303626037066,-0.8121823743848247,-0.593720427158278,-0.5521576307891491,0.5203252032520326,0.5090439276485788,49,0.5510204081632653,2.6910399812803774,1343.6723664275296,-0.16502607924492216,5.936137201391815,8142.181966483788
TSLA,sentiment_only,lightgbm,5,0.0075,2024,"{""n_estimators"": ""50"", ""learning_rate"": 0.011437339203265435, ""num_leaves"": ""20"", ""subsample"": 0.9372573170340679}",0.5551020408163265,0.5493376588267098,48,0.5,-0.2657303626037066,-0.8121823743848247,-0.593720427158278,-0.5521576307891491,0.5203252032520326,0.5075862982839727,49,0.5510204081632653,2.6910399812803774,1343.6723664275296,-0.16502607924492216,5.936137201391815,8142.181966483788
TSLA,sentiment_only,lightgbm,5,0.0075,31415,"{""n_estimators"": ""50"", ""learning_rate"": 0.01267923262657757, ""num_leaves"": ""20"", ""subsample"": 0.5}",0.5551020408163265,0.5494052446607192,48,0.5,-0.2657303626037066,-0.8121823743848247,-0.593720427158278,-0.5521576307891491,0.5203252032520326,0.5158020274299344,49,0.5510204081632653,2.6910399812803774,1343.6723664275296,-0.16502607924492216,5.936137201391815,8142.181966483788
TSLA,sentiment_only,lightgbm,10,0.01,42,"{""n_estimators"": ""255"", ""learning_rate"": 0.03235335183670739, ""num_leaves"": ""20"", ""subsample"": 0.5513209496196513}",0.5291666666666667,0.5179812307471882,23,0.6086956521739131,-0.12015583103905775,-0.9694517761370219,-0.4742739144280336,-0.14797201773110338,0.4959349593495935,0.48315015889830504,24,0.4583333333333333,0.2104601892140855,-0.2648111408239122,-0.6231243852455101,0.5107844352956938,-0.4249731628133555
TSLA,sentiment_only,lightgbm,10,0.01,7,"{""n_estimators"": ""194"", ""learning_rate"": 0.04128580479291623, ""num_leaves"": ""21"", ""subsample"": 0.5}",0.5291666666666667,0.5172290278673257,23,0.6086956521739131,-0.12015583103905775,-0.9694517761370219,-0.4742739144280336,-0.14797201773110338,0.4959349593495935,0.48245497881355937,24,0.4583333333333333,0.2104601892140855,-0.2648111408239122,-0.6231243852455101,0.5107844352956938,-0.4249731628133555
TSLA,sentiment_only,lightgbm,10,0.01,1337,"{""n_estimators"": ""50"", ""learning_rate"": 0.15452978837827022, ""num_leaves"": ""20"", ""subsample"": 0.8208011670068447}",0.5166666666666667,0.5178379540081667,23,0.6086956521739131,-0.12015583103905775,-0.9694517761370219,-0.4742739144280336,-0.14797201773110338,0.508130081300813,0.4834811970338983,24,0.5,0.4358208723608625,1.6418665922601159,-0.5742997164986562,1.022484994704016,2.85890197242324
TSLA,sentiment_only,lightgbm,10,0.01,2024,"{""n_estimators"": ""313"", ""learning_rate"": 0.028826367026903256, ""num_leaves"": ""21"", ""subsample"": 0.9365969384824837}",0.525,0.5169066552045275,23,0.5652173913043478,-0.3320871439097851,-0.993293375897307,-0.4790960248549874,-0.4250058580787688,0.4959349593495935,0.48252118644067793,24,0.4583333333333333,0.2104601892140855,-0.2648111408239122,-0.6231243852455101,0.5107844352956938,-0.4249731628133555
TSLA,sentiment_only,lightgbm,10,0.01,31415,"{""n_estimators"": ""73"", ""learning_rate"": 0.12583906759869526, ""num_leaves"": ""21"", ""subsample"": 0.5054035374248109}",0.525,0.521097499820904,23,0.6086956521739131,-0.12015583103905775,-0.9694517761370219,-0.4742739144280336,-0.14797201773110338,0.491869918699187,0.47891287076271183,24,0.5,0.4450476081440336,1.783454305856763,-0.6231243852455098,1.0417855316482558,2.862116052726913
TSLA,technical_only,lightgbm,2,0.0025,42,"{""n_estimators"": ""500"", ""learning_rate"": 0.29999999999999993, ""num_leaves"": ""28"", ""subsample"": 0.9472169302132305}",0.5403225806451613,0.5521727816809784,123,0.5447154471544715,2.468642167403745,8.137044225348689,-0.24186575766206833,4.168443357021288,0.532520325203252,0.5327711640211641,122,0.5409836065573771,2.273184941805039,12.201591301733071,-0.33188654613802193,5.014774804614413,36.76434445359766
TSLA,technical_only,lightgbm,2,0.0025,7,"{""n_estimators"": ""500"", ""learning_rate"": 0.29999999999999993, ""num_leaves"": ""23"", ""subsample"": 0.9110489355137954}",0.5403225806451613,0.5521727816809784,123,0.5447154471544715,2.468642167403745,8.137044225348689,-0.24186575766206833,4.168443357021288,0.532520325203252,0.5327711640211641,122,0.5409836065573771,2.273184941805039,12.201591301733071,-0.33188654613802193,5.014774804614413,36.76434445359766
TSLA,technical_only,lightgbm,2,0.0025,1337,"{""n_estimators"": ""500"", ""learning_rate"": 0.29999999999999993, ""num_leaves"": ""27"", ""subsample"": 0.5}",0.5403225806451613,0.5521727816809784,123,0.5447154471544715,2.468642167403745,8.137044225348689,-0.24186575766206833,4.168443357021288,0.532520325203252,0.5327711640211641,122,0.5409836065573771,2.273184941805039,12.201591301733071,-0.33188654613802193,5.014774804614413,36.76434445359766
TSLA,technical_only,lightgbm,2,0.0025,2024,"{""n_estimators"": ""492"", ""learning_rate"": 0.29901336825984814, ""num_leaves"": ""83"", ""subsample"": 0.5342315544097331}",0.5403225806451613,0.5521727816809784,123,0.5447154471544715,2.468642167403745,8.137044225348689,-0.24186575766206833,4.168443357021288,0.5284552845528455,0.5272817460317462,122,0.5409836065573771,2.273184941805039,12.201591301733071,-0.33188654613802193,5.014774804614413,36.76434445359766
TSLA,technical_only,lightgbm,2,0.0025,31415,"{""n_estimators"": ""394"", ""learning_rate"": 0.1932895162179195, ""num_leaves"": ""72"", ""subsample"": 0.7458303012299978}",0.5403225806451613,0.5515873015873015,123,0.5447154471544715,2.468642167403745,8.137044225348689,-0.24186575766206833,4.168443357021288,0.5284552845528455,0.5254960317460318,122,0.5409836065573771,2.273184941805039,12.201591301733071,-0.33188654613802193,5.014774804614413,36.76434445359766
TSLA,technical_only,lightgbm,5,0.0075,42,"{""n_estimators"": ""310"", ""learning_rate"": 0.013500939465916646, ""num_leaves"": ""57"", ""subsample"": 0.7433006254816283}",0.5755102040816327,0.5341646390916465,48,0.5625,1.3053255113858837,19.765708858843162,-0.3361149187098976,2.601058789790109,0.5203252032520326,0.5192473332008216,49,0.5510204081632653,1.986844111105765,188.00592638712212,-0.2971473756903342,4.113762559434926,632.7026309767866
TSLA,technical_only,lightgbm,5,0.0075,7,"{""n_estimators"": ""50"", ""learning_rate"": 0.10825473647886456, ""num_leaves"": ""100"", ""subsample"": 0.7013956956912345}",0.5755102040816327,0.5382197891321978,48,0.5625,1.3053255113858837,19.765708858843162,-0.3361149187098976,2.601058789790109,0.5203252032520326,0.5268005035446897,49,0.5510204081632653,1.986844111105765,188.00592638712212,-0.2971473756903342,4.113762559434926,632.7026309767866
TSLA,technical_only,lightgbm,5,0.0075,1337,"{""n_estimators"": ""51"", ""learning_rate"": 0.11729003797085383, ""num_leaves"": ""88"", ""subsample"": 0.8818031026218374}",0.5755102040816327,0.5383549608002163,48,0.5625,1.3053255113858837,19.765708858843162,-0.3361149187098976,2.601058789790109,0.5203252032520326,0.5256741535811305,49,0.5510204081632653,1.986844111105765,188.00592638712212,-0.2971473756903342,4.113762559434926,632.7026309767866
TSLA,technical_only,lightgbm,5,0.0075,2024,"{""n_estimators"": ""404"", ""learning_rate"": 0.010115138174277479, ""num_leaves"": ""95"", ""subsample"": 0.5036520603532998}",0.5755102040816327,0.5340970532576372,48,0.5625,1.3053255113858837,19.765708858843162,-0.3361149187098976,2.601058789790109,0.5203252032520326,0.5192473332008216,49,0.5510204081632653,1.986844111105765,188.00592638712212,-0.2971473756903342,4.113762559434926,632.7026309767866
TSLA,technical_only,lightgbm,5,0.0075,31415,"{""n_estimators"": ""418"", ""learning_rate"": 0.01, ""num_leaves"": ""20"", ""subsample"": 0.9264076467769669}",0.5755102040816327,0.5341646390916465,48,0.5625,1.3053255113858837,19.765708858843162,-0.3361149187098976,2.601058789790109,0.5203252032520326,0.5192473332008216,49,0.5510204081632653,1.986844111105765,188.00592638712212,-0.2971473756903342,4.113762559434926,632.7026309767866
TSLA,technical_only,lightgbm,10,0.01,42,"{""n_estimators"": ""225"", ""learning_rate"": 0.01, ""num_leaves"": ""99"", ""subsample"": 0.8216975075951125}",0.575,0.5189483487355828,23,0.5652173913043478,1.4804869333672495,3185.696444007677,-0.23709995623239208,4.088204847880352,0.5772357723577236,0.5528667902542372,24,0.625,1.5141228868449557,881.3766303180481,-0.22933775314940028,4.761410191682887,3843.1379841062726
TSLA,technical_only,lightgbm,10,0.01,7,"{""n_estimators"": ""51"", ""learning_rate"": 0.10532591538376819, ""num_leaves"": ""49"", ""subsample"": 0.7139355616675734}",0.5625,0.510889032165628,23,0.5217391304347826,1.181309937006086,468.89806588875246,-0.2977081617368133,3.4343247485039594,0.5691056910569106,0.5420087394067796,24,0.625,1.5141228868449557,881.3766303180481,-0.22933775314940028,4.761410191682887,3843.1379841062726
TSLA,technical_only,lightgbm,10,0.01,1337,"{""n_estimators"": ""52"", ""learning_rate"": 0.0483901000915362, ""num_leaves"": ""50"", ""subsample"": 0.7602501390880785}",0.575,0.5188767103660721,23,0.5652173913043478,1.4804869333672495,3185.696444007677,-0.23709995623239208,4.088204847880352,0.5772357723577236,0.5526681673728813,24,0.625,1.5141228868449557,881.3766303180481,-0.22933775314940028,4.761410191682887,3843.1379841062726
TSLA,technical_only,lightgbm,10,0.01,2024,"{""n_estimators"": ""59"", ""learning_rate"": 0.042727809750076354, ""num_leaves"": ""22"", ""subsample"": 0.9875102447011777}",0.575,0.5183752417794971,23,0.5652173913043478,1.4804869333672495,3185.696444007677,-0.23709995623239208,4.088204847880352,0.5772357723577236,0.5528005826271186,24,0.625,1.5141228868449557,881.3766303180481,-0.22933775314940028,4.761410191682887,3843.1379841062726
TSLA,technical_only,lightgbm,10,0.01,31415,"{""n_estimators"": ""215"", ""learning_rate"": 0.01216539099846001, ""num_leaves"": ""38"", ""subsample"": 0.6341625704944737}",0.575,0.5183752417794971,23,0.5652173913043478,1.4804869333672495,3185.696444007677,-0.23709995623239208,4.088204847880352,0.5772357723577236,0.5533964512711864,24,0.625,1.5141228868449557,881.3766303180481,-0.22933775314940028,4.761410191682887,3843.1379841062726
TSLA,learned_alpha_per_stock,lightgbm,2,0.0025,42,"{""n_estimators"": ""90"", ""learning_rate"": 0.01, ""num_leaves"": ""95"", ""subsample"": 1.0}",0.5564516129032258,0.5825526932084308,123,0.5528455284552846,1.5069869779185059,2.5773686312053052,-0.22213603373444504,2.2639147957552894,0.4796747967479675,0.49289021164021163,122,0.48360655737704916,0.357341236899608,0.04519472680636971,-0.5710232859330211,0.5729603669265252,0.07914690682451589
TSLA,learned_alpha_per_stock,lightgbm,2,0.0025,7,"{""n_estimators"": ""50"", ""learning_rate"": 0.014027672687473767, ""num_leaves"": ""45"", ""subsample"": 1.0}",0.5564516129032258,0.5801457194899818,123,0.5528455284552846,1.5069869779185059,2.5773686312053052,-0.22213603373444504,2.2639147957552894,0.483739837398374,0.4963293650793651,122,0.48360655737704916,0.357341236899608,0.04519472680636971,-0.5710232859330211,0.5729603669265252,0.07914690682451589
TSLA,learned_alpha_per_stock,lightgbm,2,0.0025,1337,"{""n_estimators"": ""90"", ""learning_rate"": 0.01, ""num_leaves"": ""92"", ""subsample"": 0.612061070915853}",0.5564516129032258,0.5825526932084308,123,0.5528455284552846,1.5069869779185059,2.5773686312053052,-0.22213603373444504,2.2639147957552894,0.4796747967479675,0.49289021164021163,122,0.48360655737704916,0.357341236899608,0.04519472680636971,-0.5710232859330211,0.5729603669265252,0.07914690682451589
TSLA,learned_alpha_per_stock,lightgbm,2,0.0025,2024,"{""n_estimators"": ""50"", ""learning_rate"": 0.012056078828579788, ""num_leaves"": ""100"", ""subsample"": 0.6258057818494239}",0.5483870967741935,0.581056466302368,123,0.5447154471544715,1.4076960183881497,2.2402453724965783,-0.2588220481868673,2.1358204564653676,0.4715447154471545,0.4942791005291005,122,0.45901639344262296,0.2553174140319658,-0.0892726114671416,-0.5923806935283883,0.41368573132539205,-0.15070141961482317
TSLA,learned_alpha_per_stock,lightgbm,2,0.0025,31415,"{""n_estimators"": ""55"", ""learning_rate"": 0.010150957105743845, ""num_leaves"": ""33"", ""subsample"": 0.7878742793568523}",0.5403225806451613,0.5798855061150143,123,0.5284552845528455,1.3197311654674766,1.9673304400837717,-0.28038595857278253,2.0235674950341385,0.4634146341463415,0.4918981481481482,122,0.4344262295081967,0.08794232760723401,-0.27365385973098333,-0.6296648477686236,0.14472328055513037,-0.43460240904466063
TSLA,learned_alpha_per_stock,lightgbm,5,0.0075,42,"{""n_estimators"": ""50"", ""learning_rate"": 0.01012612093280528, ""num_leaves"": ""93"", ""subsample"": 0.6616911083258538}",0.5836734693877551,0.5897201946472018,48,0.5625,1.2935487833216848,18.919456192827994,-0.37265987262794936,2.280232295681687,0.46747967479674796,0.46369177764526603,49,0.46938775510204084,-0.34655974516376004,-0.8888526821857115,-0.5195316085861119,-0.5540529722438361,-1.71087315477242
TSLA,learned_alpha_per_stock,lightgbm,5,0.0075,7,"{""n_estimators"": ""51"", ""learning_rate"": 0.010641674044206394, ""num_leaves"": ""70"", ""subsample"": 0.9860320136736653}",0.5918367346938775,0.5926263855095971,48,0.5833333333333334,1.8502102461760115,94.53214109417378,-0.2409080240762911,3.4523652359228274,0.46747967479674796,0.4689259921818062,49,0.46938775510204084,-0.34655974516376004,-0.8888526821857115,-0.5195316085861119,-0.5540529722438361,-1.71087315477242
TSLA,learned_alpha_per_stock,lightgbm,5,0.0075,1337,"{""n_estimators"": ""54"", ""learning_rate"": 0.010135251542454619, ""num_leaves"": ""33"", ""subsample"": 0.7543479853169837}",0.5918367346938775,0.5943836171938363,48,0.5833333333333334,1.8502102461760115,94.53214109417378,-0.2409080240762911,3.4523652359228274,0.46747967479674796,0.4686609686609687,49,0.46938775510204084,-0.34655974516376004,-0.8888526821857115,-0.5195316085861119,-0.5540529722438361,-1.71087315477242
TSLA,learned_alpha_per_stock,lightgbm,5,0.0075,2024,"{""n_estimators"": ""50"", ""learning_rate"": 0.01, ""num_leaves"": ""100"", ""subsample"": 0.8206190024848974}",0.5918367346938775,0.5885036496350364,48,0.5625,1.2935487833216848,18.919456192827994,-0.37265987262794936,2.280232295681687,0.4715447154471545,0.4665739084343735,49,0.46938775510204084,-0.34655974516376004,-0.8888526821857115,-0.5195316085861119,-0.5540529722438361,-1.71087315477242
TSLA,learned_alpha_per_stock,lightgbm,5,0.0075,31415,"{""n_estimators"": ""50"", ""learning_rate"": 0.01, ""num_leaves"": ""52"", ""subsample"": 1.0}",0.5918367346938775,0.5885036496350364,48,0.5625,1.2935487833216848,18.919456192827994,-0.37265987262794936,2.280232295681687,0.4715447154471545,0.4665739084343735,49,0.46938775510204084,-0.34655974516376004,-0.8888526821857115,-0.5195316085861119,-0.5540529722438361,-1.71087315477242
TSLA,learned_alpha_per_stock,lightgbm,10,0.01,42,"{""n_estimators"": ""344"", ""learning_rate"": 0.13523689419768264, ""num_leaves"": ""66"", ""subsample"": 0.6956836638456768}",0.5791666666666667,0.6031950712801777,23,0.6086956521739131,1.3174080585945696,1135.5071720353392,-0.28974838167649347,4.031561091268958,0.45528455284552843,0.4862950211864407,24,0.5833333333333334,0.5791632728520768,4.657600417258137,-0.28394527927533686,1.2190563438003654,16.40316200764071
TSLA,learned_alpha_per_stock,lightgbm,10,0.01,7,"{""n_estimators"": ""500"", ""learning_rate"": 0.09291251089566142, ""num_leaves"": ""64"", ""subsample"": 0.9512162961966018}",0.6,0.5992549609570887,23,0.6521739130434783,1.8569209381724394,31258.95716500837,-0.18094196952213978,6.636289641584362,0.44715447154471544,0.4846398305084746,24,0.5416666666666666,0.3832007820903777,0.8783533257986307,-0.3043817108535764,0.8223314925503459,2.885696789519541
TSLA,learned_alpha_per_stock,lightgbm,10,0.01,1337,"{""n_estimators"": ""50"", ""learning_rate"": 0.1050390825185862, ""num_leaves"": ""66"", ""subsample"": 0.6882707476613277}",0.5958333333333333,0.6007593667168135,23,0.6956521739130435,1.8540950756341616,30138.229725651945,-0.18229083085039977,4.77316968870648,0.524390243902439,0.534328654661017,24,0.6666666666666666,1.9757609877165028,7964.288627622142,-0.17842800447179644,6.234928813249766,44635.86672506351
TSLA,learned_alpha_per_stock,lightgbm,10,0.01,2024,"{""n_estimators"": ""204"", ""learning_rate"": 0.08478436060450532, ""num_leaves"": ""100"", ""subsample"": 0.5}",0.575,0.6014399312271653,23,0.6086956521739131,1.304984089492445,1046.610049113143,-0.30577409259547744,3.9299760548194995,0.4796747967479675,0.5064552436440678,24,0.625,0.9873405369469349,52.28995829338184,-0.2839452792753367,1.866892738390364,184.1550541950627
TSLA,learned_alpha_per_stock,lightgbm,10,0.01,31415,"{""n_estimators"": ""319"", ""learning_rate"": 0.12131470893540289, ""num_leaves"": ""57"", ""subsample"": 0.9349627821976341}",0.5791666666666667,0.5985385772619815,23,0.6086956521739131,1.3174080585945696,1135.5071720353392,-0.28974838167649347,4.031561091268958,0.45528455284552843,0.4858646716101695,24,0.5416666666666666,0.3832007820903777,0.8783533257986307,-0.3043817108535764,0.8223314925503459,2.885696789519541
TSLA,learned_alpha_global,lightgbm,2,0.0025,42,"{""n_estimators"": ""129"", ""learning_rate"": 0.01, ""num_leaves"": ""24"", ""subsample"": 0.719995768737374}",0.6008064516129032,0.6070452771272443,123,0.5691056910569106,0.20055342214621735,-0.05398893222410117,-0.39723844082213217,0.27378066002081514,0.556910569105691,0.5540343915343915,122,0.5737704918032787,1.910255412795373,7.185808811887263,-0.3147254264190433,2.806001926441174,22.831993250903313
TSLA,learned_alpha_global,lightgbm,2,0.0025,7,"{""n_estimators"": ""50"", ""learning_rate"": 0.01, ""num_leaves"": ""97"", ""subsample"": 0.5960884329052614}",0.5967741935483871,0.6063947436898257,123,0.5934959349593496,0.9832310084710275,1.1082997640428758,-0.35681216613960187,1.3608014796265047,0.5487804878048781,0.564781746031746,122,0.5737704918032787,2.0681899563081716,9.036314617645832,-0.32469139246697304,3.11745191033293,27.830471725747977
TSLA,learned_alpha_global,lightgbm,2,0.0025,1337,"{""n_estimators"": ""124"", ""learning_rate"": 0.010020019053520816, ""num_leaves"": ""88"", ""subsample"": 0.5187117755316125}",0.592741935483871,0.6077933905802759,123,0.5691056910569106,0.33815539283795376,0.08946769101728269,-0.41937503531516923,0.4529985514592981,0.5487804878048781,0.555489417989418,122,0.5737704918032787,2.227205442506132,11.287033053912138,-0.32469139246697293,3.3336217343821777,34.76234145954527
TSLA,learned_alpha_global,lightgbm,2,0.0025,2024,"{""n_estimators"": ""50"", ""learning_rate"": 0.02406723792351549, ""num_leaves"": ""100"", ""subsample"": 0.5441014546331563}",0.5887096774193549,0.6087691907364039,123,0.5609756097560976,0.20173165004613314,-0.05294681933915257,-0.41937503531516923,0.272913253161306,0.5528455284552846,0.5562830687830688,122,0.5819672131147541,2.243307616231848,11.539881923304574,-0.32469139246697304,3.344689359359328,35.541077438566184
TSLA,learned_alpha_global,lightgbm,2,0.0025,31415,"{""n_estimators"": ""50"", ""learning_rate"": 0.01, ""num_leaves"": ""62"", ""subsample"": 0.7853572307747121}",0.5967741935483871,0.6063947436898257,123,0.5934959349593496,0.9832310084710275,1.1082997640428758,-0.35681216613960187,1.3608014796265047,0.5487804878048781,0.564781746031746,122,0.5737704918032787,2.0681899563081716,9.036314617645832,-0.32469139246697304,3.11745191033293,27.830471725747977
TSLA,learned_alpha_global,lightgbm,5,0.0075,42,"{""n_estimators"": ""114"", ""learning_rate"": 0.09150423569345206, ""num_leaves"": ""25"", ""subsample"": 0.8609993861334124}",0.5102040816326531,0.5599824276831575,48,0.4375,-0.2598381039136136,-0.8091585609518903,-0.5053630030236947,-0.4944858805689775,0.516260162601626,0.5273305505863646,49,0.5306122448979592,0.6907553358399239,2.3439814953167857,-0.3639423815158334,1.0819451223575594,6.440529090220316
TSLA,learned_alpha_global,lightgbm,5,0.0075,7,"{""n_estimators"": ""52"", ""learning_rate"": 0.2718080116437444, ""num_leaves"": ""88"", ""subsample"": 0.697214120707232}",0.5183673469387755,0.5664368748310354,48,0.4583333333333333,-0.13103642542977212,-0.7179920309412495,-0.46716934114720354,-0.24644807811299232,0.5203252032520326,0.5125554892996753,49,0.5918367346938775,1.91363347958413,148.50231624425592,-0.2563656204811178,3.0686040783990296,579.2598709825588
TSLA,learned_alpha_global,lightgbm,5,0.0075,1337,"{""n_estimators"": ""83"", ""learning_rate"": 0.15685132532470464, ""num_leaves"": ""97"", ""subsample"": 0.8145762160112158}",0.5346938775510204,0.5669437685861044,48,0.4791666666666667,-0.103433199193728,-0.6933739726029842,-0.46716934114720354,-0.19718668084533095,0.516260162601626,0.5089445438282647,49,0.5306122448979592,0.7095973500852226,2.55353204568182,-0.4169863061694025,1.1104975192159285,6.123779145506126
TSLA,learned_alpha_global,lightgbm,5,0.0075,2024,"{""n_estimators"": ""66"", ""learning_rate"": 0.18589870974762315, ""num_leaves"": ""43"", ""subsample"": 0.9973348053466153}",0.5224489795918368,0.5645782643957828,48,0.4583333333333333,-0.13103642542977212,-0.7179920309412495,-0.46716934114720354,-0.24644807811299232,0.516260162601626,0.5101702776121381,49,0.5714285714285714,1.3190976820301292,23.54635203544036,-0.25636562048111766,2.00536698501943,91.84676163383867
TSLA,learned_alpha_global,lightgbm,5,0.0075,31415,"{""n_estimators"": ""211"", ""learning_rate"": 0.0694355923620946, ""num_leaves"": ""100"", ""subsample"": 0.5953430970568211}",0.5224489795918368,0.5611651797783184,48,0.4791666666666667,0.2906241713547593,0.01798701218258647,-0.4671693411472037,0.5542279323163244,0.5121951219512195,0.5098389982110912,49,0.5510204081632653,0.8900605328705491,5.333216728669128,-0.34765500706505953,1.3589324359186468,15.340543413117244
TSLA,learned_alpha_global,lightgbm,10,0.01,42,"{""n_estimators"": ""174"", ""learning_rate"": 0.12385765909544978, ""num_leaves"": ""99"", ""subsample"": 0.885940237675449}",0.4875,0.5277598681854001,23,0.391304347826087,-2.073980159663143,-0.999999936043707,-0.7327383171310841,-2.3390326255560643,0.4715447154471545,0.46994173728813565,24,0.5416666666666666,-0.6746207981611196,-0.9959116981491387,-0.5253814945847108,-1.1434712943710865,-1.895597215384146
TSLA,learned_alpha_global,lightgbm,10,0.01,7,"{""n_estimators"": ""499"", ""learning_rate"": 0.026739899163110592, ""num_leaves"": ""42"", ""subsample"": 0.9326801608851324}",0.4875,0.5262196432409199,23,0.43478260869565216,-1.6636667967400853,-0.9999992955552851,-0.6673124460212032,-1.861068362965009,0.46747967479674796,0.4698424258474576,24,0.5416666666666666,-0.6746207981611196,-0.9959116981491387,-0.5253814945847108,-1.1434712943710865,-1.895597215384146
TSLA,learned_alpha_global,lightgbm,10,0.01,1337,"{""n_estimators"": ""140"", ""learning_rate"": 0.17443465498191446, ""num_leaves"": ""24"", ""subsample"": 0.8372247110934858}",0.4875,0.527150942044559,23,0.391304347826087,-2.073980159663143,-0.999999936043707,-0.7327383171310841,-2.3390326255560643,0.45528455284552843,0.4675582627118644,24,0.5416666666666666,-0.6746207981611196,-0.9959116981491387,-0.5253814945847108,-1.1434712943710865,-1.895597215384146
TSLA,learned_alpha_global,lightgbm,10,0.01,2024,"{""n_estimators"": ""353"", ""learning_rate"": 0.04246223477961968, ""num_leaves"": ""75"", ""subsample"": 0.8126475484631466}",0.48333333333333334,0.5251092485135038,23,0.391304347826087,-2.174656786849052,-0.9999999633815537,-0.7460006174189509,-2.4512324214224583,0.47560975609756095,0.4674920550847458,24,0.5416666666666666,-0.6746207981611196,-0.9959116981491387,-0.5253814945847108,-1.1434712943710865,-1.895597215384146
TSLA,learned_alpha_global,lightgbm,10,0.01,31415,"{""n_estimators"": ""500"", ""learning_rate"": 0.023590025855764148, ""num_leaves"": ""84"", ""subsample"": 0.5}",0.49166666666666664,0.52421376889462,23,0.43478260869565216,-1.6636667967400853,-0.9999992955552851,-0.6673124460212032,-1.861068362965009,0.4796747967479675,0.47100105932203384,24,0.5416666666666666,-0.6746207981611196,-0.9959116981491387,-0.5253814945847108,-1.1434712943710865,-1.895597215384146
