Stock,Ablation,Model,Horizon,Threshold,Seed,Best_Params,Val_Accuracy,Val_ROC_AUC,Val_Trades,Val_WinRate,Val_Sharpe,Val_AnnualReturn,Val_MDD,Val_Sortino,Test_Accuracy,Test_ROC_AUC,Test_Trades,Test_WinRate,Test_Sharpe,Test_AnnualReturn,Test_MDD,Test_Sortino,Test_Calmar
AAPL,full_70_30,logistic_regression,2,0.0025,42,"{""C"": 0.001413106737982826, ""l1_ratio"": 0.0}",0.6169354838709677,0.6328369905956113,123,0.5691056910569106,1.8726423176413662,1.1620293375965867,-0.0907599426052409,3.4767231414200035,0.4796747967479675,0.46071428571428574,122,0.48360655737704916,-0.15895910534850263,-0.11903925672794091,-0.2881150321264701,-0.21858233338070635,-0.4131657270686515
AAPL,full_70_30,logistic_regression,2,0.0025,7,"{""C"": 0.001559324800536792, ""l1_ratio"": 0.0}",0.6169354838709677,0.6319226750261233,123,0.5772357723577236,2.0418424687095076,1.3212112699809548,-0.0907599426052409,3.7510267019860835,0.4796747967479675,0.46111111111111114,122,0.48360655737704916,-0.15895910534850263,-0.11903925672794091,-0.2881150321264701,-0.21858233338070635,-0.4131657270686515
AAPL,full_70_30,logistic_regression,2,0.0025,1337,"{""C"": 0.0013194205624452028, ""l1_ratio"": 0.0}",0.6169354838709677,0.6325757575757576,123,0.5691056910569106,1.8726423176413662,1.1620293375965867,-0.0907599426052409,3.4767231414200035,0.4796747967479675,0.46064814814814814,122,0.48360655737704916,-0.15895910534850263,-0.11903925672794091,-0.2881150321264701,-0.21858233338070635,-0.4131657270686515
AAPL,full_70_30,logistic_regression,2,0.0025,2024,"{""C"": 0.0013399181096894592, ""l1_ratio"": 0.0}",0.6169354838709677,0.6327716823406478,123,0.5691056910569106,1.8726423176413662,1.1620293375965867,-0.0907599426052409,3.4767231414200035,0.4796747967479675,0.46084656084656084,122,0.48360655737704916,-0.15895910534850263,-0.11903925672794091,-0.2881150321264701,-0.21858233338070635,-0.4131657270686515
AAPL,full_70_30,logistic_regression,2,0.0025,31415,"{""C"": 0.001271235666562544, ""l1_ratio"": 0.0}",0.6169354838709677,0.6323798328108673,123,0.5691056910569106,1.8726423176413662,1.1620293375965867,-0.0907599426052409,3.4767231414200035,0.4796747967479675,0.46078042328042323,122,0.48360655737704916,-0.15895910534850263,-0.11903925672794091,-0.2881150321264701,-0.21858233338070635,-0.4131657270686515
AAPL,full_70_30,logistic_regression,5,0.005,42,"{""C"": 0.0646912434683928, ""l1_ratio"": 1.0}",0.5795918367346938,0.5834693877551022,48,0.5,1.0964907831869615,1.849111568498643,-0.1872711065168592,2.458737963168965,0.524390243902439,0.5074439224508701,49,0.4489795918367347,-0.43417566463400104,-0.5274075674489536,-0.24627801044138273,-0.5909510604703448,-2.141513026289788
AAPL,full_70_30,logistic_regression,5,0.005,7,"{""C"": 0.05368644924533107, ""l1_ratio"": 1.0}",0.5959183673469388,0.5913605442176871,48,0.5416666666666666,1.4587744975585748,3.103593928394991,-0.14993991462757994,3.3137033790566006,0.5487804878048781,0.5040693442731423,49,0.4897959183673469,0.6830254173017185,1.0789033891529827,-0.20530392832027636,1.2413349627160466,5.255152193044654
AAPL,full_70_30,logistic_regression,5,0.005,1337,"{""C"": 0.051493864552335095, ""l1_ratio"": 1.0}",0.5877551020408164,0.5913605442176871,48,0.6041666666666666,2.285355886825658,7.9749923925103925,-0.07667962197663293,4.916634015207642,0.556910569105691,0.5042678488718322,49,0.5306122448979592,1.107780105417236,2.5887426715885997,-0.20530392832027636,1.9177315136665904,12.609318744014157
AAPL,full_70_30,logistic_regression,5,0.005,2024,"{""C"": 0.06440723129854563, ""l1_ratio"": 1.0}",0.5795918367346938,0.5836054421768707,48,0.5,1.0964907831869615,1.849111568498643,-0.1872711065168592,2.458737963168965,0.524390243902439,0.5073777542513068,49,0.4489795918367347,-0.43417566463400104,-0.5274075674489536,-0.24627801044138273,-0.5909510604703448,-2.141513026289788
AAPL,full_70_30,logistic_regression,5,0.005,31415,"{""C"": 0.0015678442858961333, ""l1_ratio"": 0.0}",0.5755102040816327,0.5801360544217686,48,0.5625,1.5663184549785123,3.5620161024263366,-0.1515985481548953,3.3530891783992223,0.524390243902439,0.5161781247932243,49,0.3877551020408163,-0.9267217827457109,-0.7526113562688241,-0.28460226863798993,-1.3182685616861771,-2.6444320344689
AAPL,full_70_30,logistic_regression,10,0.01,42,"{""C"": 0.07727443138424213, ""l1_ratio"": 1.0}",0.6416666666666667,0.533864391422531,23,0.8260869565217391,2.3509501942379143,103.67648115317637,-0.08868783594750276,3.156068446202857,0.5121951219512195,0.5326877313590692,24,0.5833333333333334,-0.44808406146955515,-0.7347907892157572,-0.30089209676049933,-0.5031164378917382,-2.4420408416397446
AAPL,full_70_30,logistic_regression,10,0.01,7,"{""C"": 0.05368644924533107, ""l1_ratio"": 1.0}",0.6416666666666667,0.533864391422531,23,0.8260869565217391,2.3509501942379143,103.67648115317637,-0.08868783594750276,3.156068446202857,0.5121951219512195,0.5326877313590692,24,0.5833333333333334,-0.44808406146955515,-0.7347907892157572,-0.30089209676049933,-0.5031164378917382,-2.4420408416397446
AAPL,full_70_30,logistic_regression,10,0.01,1337,"{""C"": 0.08041615306556137, ""l1_ratio"": 1.0}",0.6416666666666667,0.533864391422531,23,0.8260869565217391,2.3509501942379143,103.67648115317637,-0.08868783594750276,3.156068446202857,0.5121951219512195,0.5326877313590692,24,0.5833333333333334,-0.44808406146955515,-0.7347907892157572,-0.30089209676049933,-0.5031164378917382,-2.4420408416397446
AAPL,full_70_30,logistic_regression,10,0.01,2024,"{""C"": 0.05387667104242311, ""l1_ratio"": 1.0}",0.6416666666666667,0.533864391422531,23,0.8260869565217391,2.3509501942379143,103.67648115317637,-0.08868783594750276,3.156068446202857,0.5121951219512195,0.5326877313590692,24,0.5833333333333334,-0.44808406146955515,-0.7347907892157572,-0.30089209676049933,-0.5031164378917382,-2.4420408416397446
AAPL,full_70_30,logistic_regression,10,0.01,31415,"{""C"": 0.07725655906557412, ""l1_ratio"": 1.0}",0.6416666666666667,0.533864391422531,23,0.8260869565217391,2.3509501942379143,103.67648115317637,-0.08868783594750276,3.156068446202857,0.5121951219512195,0.5326877313590692,24,0.5833333333333334,-0.44808406146955515,-0.7347907892157572,-0.30089209676049933,-0.5031164378917382,-2.4420408416397446
AAPL,equal_50_50,logistic_regression,2,0.0025,42,"{""C"": 0.001, ""l1_ratio"": 0.0}",0.5443548387096774,0.6051462904911181,123,0.5284552845528455,1.3499496929665724,0.7292290429465165,-0.13076613953355914,2.522017229836411,0.4796747967479675,0.45555555555555555,122,0.5081967213114754,0.8066831302298368,0.3773716158441065,-0.234680539412461,1.0968588657910578,1.6080226199789829
AAPL,equal_50_50,logistic_regression,2,0.0025,7,"{""C"": 0.001, ""l1_ratio"": 0.0}",0.5443548387096774,0.6051462904911181,123,0.5284552845528455,1.3499496929665724,0.7292290429465165,-0.13076613953355914,2.522017229836411,0.4796747967479675,0.45555555555555555,122,0.5081967213114754,0.8066831302298368,0.3773716158441065,-0.234680539412461,1.0968588657910578,1.6080226199789829
AAPL,equal_50_50,logistic_regression,2,0.0025,1337,"{""C"": 0.001, ""l1_ratio"": 0.0}",0.5443548387096774,0.6051462904911181,123,0.5284552845528455,1.3499496929665724,0.7292290429465165,-0.13076613953355914,2.522017229836411,0.4796747967479675,0.45555555555555555,122,0.5081967213114754,0.8066831302298368,0.3773716158441065,-0.234680539412461,1.0968588657910578,1.6080226199789829
AAPL,equal_50_50,logistic_regression,2,0.0025,2024,"{""C"": 0.001, ""l1_ratio"": 0.0}",0.5443548387096774,0.6051462904911181,123,0.5284552845528455,1.3499496929665724,0.7292290429465165,-0.13076613953355914,2.522017229836411,0.4796747967479675,0.45555555555555555,122,0.5081967213114754,0.8066831302298368,0.3773716158441065,-0.234680539412461,1.0968588657910578,1.6080226199789829
AAPL,equal_50_50,logistic_regression,2,0.0025,31415,"{""C"": 0.0010052021235503429, ""l1_ratio"": 0.0}",0.5443548387096774,0.6052115987460815,123,0.5284552845528455,1.3499496929665724,0.7292290429465165,-0.13076613953355914,2.522017229836411,0.4796747967479675,0.45555555555555555,122,0.5081967213114754,0.8066831302298368,0.3773716158441065,-0.234680539412461,1.0968588657910578,1.6080226199789829
AAPL,equal_50_50,logistic_regression,5,0.005,42,"{""C"": 0.04198518855605346, ""l1_ratio"": 1.0}",0.5877551020408164,0.5840816326530612,48,0.5,1.0546822342884965,1.7300292253658647,-0.12819459769323252,2.4644559473668783,0.5040650406504065,0.48302785681201615,49,0.3877551020408163,-1.2225797187109138,-0.8314781003593897,-0.3343100129758811,-1.5828131171338773,-2.4871468639480354
AAPL,equal_50_50,logistic_regression,5,0.005,7,"{""C"": 0.05368644924533107, ""l1_ratio"": 1.0}",0.5591836734693878,0.5842857142857143,48,0.4791666666666667,0.36647267894913593,0.32754450964449133,-0.22741565182026713,0.7915533699988095,0.508130081300813,0.4934162641434527,49,0.40816326530612246,-0.5650144211711183,-0.6024458834897326,-0.21340853626456002,-0.7829108747777527,-2.822969943165196
AAPL,equal_50_50,logistic_regression,5,0.005,1337,"{""C"": 0.05441337570935124, ""l1_ratio"": 1.0}",0.563265306122449,0.5852380952380952,48,0.5,0.8541426894905846,1.2191101309306678,-0.1868876329528623,1.9750096125513497,0.508130081300813,0.4935486005425793,49,0.40816326530612246,-0.5650144211711183,-0.6024458834897326,-0.21340853626456002,-0.7829108747777527,-2.822969943165196
AAPL,equal_50_50,logistic_regression,5,0.005,2024,"{""C"": 0.05440965958044629, ""l1_ratio"": 1.0}",0.563265306122449,0.5852380952380952,48,0.5,0.8541426894905846,1.2191101309306678,-0.1868876329528623,1.9750096125513497,0.508130081300813,0.4935486005425793,49,0.40816326530612246,-0.5650144211711183,-0.6024458834897326,-0.21340853626456002,-0.7829108747777527,-2.822969943165196
AAPL,equal_50_50,logistic_regression,5,0.005,31415,"{""C"": 0.003914250631202026, ""l1_ratio"": 0.0}",0.5510204081632653,0.5819727891156462,48,0.5208333333333334,1.095316028888976,1.8456486366748845,-0.1689134905291069,2.469907095417642,0.516260162601626,0.5081717726460663,49,0.3877551020408163,-0.7318046872389313,-0.6808037747298479,-0.24627801044138273,-1.0295228060211281,-2.764370937988748
AAPL,equal_50_50,logistic_regression,10,0.01,42,"{""C"": 0.001, ""l1_ratio"": 0.0}",0.5416666666666666,0.5342796738145575,23,0.782608695652174,2.146597188089258,72.81237589027712,-0.10858084083244109,2.715525477379259,0.47560975609756095,0.49246430460074037,24,0.4583333333333333,-1.2328388783283193,-0.9551348842007181,-0.3308993967293636,-1.4834200001967959,-2.8864811892718714
AAPL,equal_50_50,logistic_regression,10,0.01,7,"{""C"": 0.001, ""l1_ratio"": 0.0}",0.5416666666666666,0.5342796738145575,23,0.782608695652174,2.146597188089258,72.81237589027712,-0.10858084083244109,2.715525477379259,0.47560975609756095,0.49246430460074037,24,0.4583333333333333,-1.2328388783283193,-0.9551348842007181,-0.3308993967293636,-1.4834200001967959,-2.8864811892718714
AAPL,equal_50_50,logistic_regression,10,0.01,1337,"{""C"": 0.001, ""l1_ratio"": 0.0}",0.5416666666666666,0.5342796738145575,23,0.782608695652174,2.146597188089258,72.81237589027712,-0.10858084083244109,2.715525477379259,0.47560975609756095,0.49246430460074037,24,0.4583333333333333,-1.2328388783283193,-0.9551348842007181,-0.3308993967293636,-1.4834200001967959,-2.8864811892718714
AAPL,equal_50_50,logistic_regression,10,0.01,2024,"{""C"": 0.001, ""l1_ratio"": 0.0}",0.5416666666666666,0.5342796738145575,23,0.782608695652174,2.146597188089258,72.81237589027712,-0.10858084083244109,2.715525477379259,0.47560975609756095,0.49246430460074037,24,0.4583333333333333,-1.2328388783283193,-0.9551348842007181,-0.3308993967293636,-1.4834200001967959,-2.8864811892718714
AAPL,equal_50_50,logistic_regression,10,0.01,31415,"{""C"": 0.001, ""l1_ratio"": 0.0}",0.5416666666666666,0.5342796738145575,23,0.782608695652174,2.146597188089258,72.81237589027712,-0.10858084083244109,2.715525477379259,0.47560975609756095,0.49246430460074037,24,0.4583333333333333,-1.2328388783283193,-0.9551348842007181,-0.3308993967293636,-1.4834200001967959,-2.8864811892718714
AAPL,news_only,logistic_regression,2,0.0025,42,"{""C"": 0.0016220462640903635, ""l1_ratio"": 0.0}",0.6048387096774194,0.6458333333333334,123,0.5447154471544715,1.5253678749928374,0.8650055261257412,-0.10295180072248669,2.8723886930751568,0.4796747967479675,0.47400793650793654,122,0.47540983606557374,-0.18965852100434255,-0.13154249632022208,-0.2881150321264701,-0.2617457541494661,-0.45656242004922737
AAPL,news_only,logistic_regression,2,0.0025,7,"{""C"": 0.0015409884106225957, ""l1_ratio"": 0.0}",0.6008064516129032,0.6456374085684431,123,0.5365853658536586,1.1823124813082604,0.6078889648584058,-0.14620230934046602,2.157999653024451,0.4796747967479675,0.47354497354497355,122,0.47540983606557374,-0.18965852100434255,-0.13154249632022208,-0.2881150321264701,-0.2617457541494661,-0.45656242004922737
AAPL,news_only,logistic_regression,2,0.0025,1337,"{""C"": 0.0017225803950538497, ""l1_ratio"": 0.0}",0.6008064516129032,0.6458986415882968,123,0.5365853658536586,1.3699227990197322,0.7442649308240721,-0.1115924030345892,2.6055305362832173,0.4796747967479675,0.47453703703703703,122,0.47540983606557374,-0.18965852100434255,-0.13154249632022208,-0.2881150321264701,-0.2617457541494661,-0.45656242004922737
AAPL,news_only,logistic_regression,2,0.0025,2024,"{""C"": 0.0017651223393844342, ""l1_ratio"": 0.0}",0.6008064516129032,0.6458333333333334,123,0.5365853658536586,1.3699227990197322,0.7442649308240721,-0.1115924030345892,2.6055305362832173,0.4796747967479675,0.4750661375661375,122,0.47540983606557374,-0.18965852100434255,-0.13154249632022208,-0.2881150321264701,-0.2617457541494661,-0.45656242004922737
AAPL,news_only,logistic_regression,2,0.0025,31415,"{""C"": 0.0015673358053455144, ""l1_ratio"": 0.0}",0.6008064516129032,0.6457027168234065,123,0.5365853658536586,1.1823124813082604,0.6078889648584058,-0.14620230934046602,2.157999653024451,0.4796747967479675,0.4738756613756614,122,0.47540983606557374,-0.18965852100434255,-0.13154249632022208,-0.2881150321264701,-0.2617457541494661,-0.45656242004922737
AAPL,news_only,logistic_regression,5,0.005,42,"{""C"": 0.0018390674841096502, ""l1_ratio"": 0.0}",0.5755102040816327,0.5851700680272108,48,0.5833333333333334,1.7891931421722613,4.66166307643486,-0.11536276937842206,3.972440755791886,0.5447154471544715,0.5343743796731291,49,0.42857142857142855,0.1464973222260719,0.026935972497752703,-0.22680876861517718,0.28338202348128766,0.11876071927119598
AAPL,news_only,logistic_regression,5,0.005,7,"{""C"": 0.00207752841291032, ""l1_ratio"": 0.0}",0.5755102040816327,0.5849659863945578,48,0.5833333333333334,1.7891931421722613,4.66166307643486,-0.11536276937842206,3.972440755791886,0.5447154471544715,0.5349698934691988,49,0.42857142857142855,0.1464973222260719,0.026935972497752703,-0.22680876861517718,0.28338202348128766,0.11876071927119598
AAPL,news_only,logistic_regression,5,0.005,1337,"{""C"": 0.001883989824063901, ""l1_ratio"": 0.0}",0.5755102040816327,0.5852380952380953,48,0.5833333333333334,1.7891931421722613,4.66166307643486,-0.11536276937842206,3.972440755791886,0.5447154471544715,0.5345067160722557,49,0.42857142857142855,0.1464973222260719,0.026935972497752703,-0.22680876861517718,0.28338202348128766,0.11876071927119598
AAPL,news_only,logistic_regression,5,0.005,2024,"{""C"": 0.0018558314700361784, ""l1_ratio"": 0.0}",0.5755102040816327,0.5850340136054422,48,0.5833333333333334,1.7891931421722613,4.66166307643486,-0.11536276937842206,3.972440755791886,0.5447154471544715,0.5343743796731292,49,0.42857142857142855,0.1464973222260719,0.026935972497752703,-0.22680876861517718,0.28338202348128766,0.11876071927119598
AAPL,news_only,logistic_regression,5,0.005,31415,"{""C"": 0.0016951253523158388, ""l1_ratio"": 0.0}",0.5755102040816327,0.5849659863945578,48,0.5833333333333334,1.7891931421722613,4.66166307643486,-0.11536276937842206,3.972440755791886,0.5447154471544715,0.5340435386753127,49,0.42857142857142855,0.1464973222260719,0.026935972497752703,-0.22680876861517718,0.28338202348128766,0.11876071927119598
AAPL,news_only,logistic_regression,10,0.01,42,"{""C"": 0.0010021344142589232, ""l1_ratio"": 0.0}",0.6041666666666666,0.5502114164904862,23,0.782608695652174,1.5354567189536699,22.435554988903263,-0.12650795589392522,2.3031551219877824,0.5,0.5408514013749339,24,0.625,-0.3276240549135361,-0.6484857028333235,-0.30089209676049933,-0.3613701734240376,-2.15521015611619
AAPL,news_only,logistic_regression,10,0.01,7,"{""C"": 0.0010058001229947932, ""l1_ratio"": 0.0}",0.6041666666666666,0.5502114164904862,23,0.782608695652174,1.5354567189536699,22.435554988903263,-0.12650795589392522,2.3031551219877824,0.5,0.5408514013749339,24,0.625,-0.3276240549135361,-0.6484857028333235,-0.30089209676049933,-0.3613701734240376,-2.15521015611619
AAPL,news_only,logistic_regression,10,0.01,1337,"{""C"": 0.0010634395392756825, ""l1_ratio"": 0.0}",0.6041666666666666,0.5502114164904862,23,0.782608695652174,1.5354567189536699,22.435554988903263,-0.12650795589392522,2.3031551219877824,0.5,0.5417107350608144,24,0.625,-0.3276240549135361,-0.6484857028333235,-0.30089209676049933,-0.3613701734240376,-2.15521015611619
AAPL,news_only,logistic_regression,10,0.01,2024,"{""C"": 0.001, ""l1_ratio"": 0.0}",0.6041666666666666,0.5502114164904862,23,0.782608695652174,1.5354567189536699,22.435554988903263,-0.12650795589392522,2.3031551219877824,0.5,0.5408514013749339,24,0.625,-0.3276240549135361,-0.6484857028333235,-0.30089209676049933,-0.3613701734240376,-2.15521015611619
AAPL,news_only,logistic_regression,10,0.01,31415,"{""C"": 0.0010060720241507983, ""l1_ratio"": 0.0}",0.6041666666666666,0.5502114164904862,23,0.782608695652174,1.5354567189536699,22.435554988903263,-0.12650795589392522,2.3031551219877824,0.5,0.5408514013749339,24,0.625,-0.3276240549135361,-0.6484857028333235,-0.30089209676049933,-0.3613701734240376,-2.15521015611619
AAPL,social_only,logistic_regression,2,0.0025,42,"{""C"": 0.0025532935026188726, ""l1_ratio"": 0.0}",0.5403225806451613,0.5336990595611286,123,0.5447154471544715,1.0638556388602793,0.5264847874775038,-0.1310884100319084,1.6948058042281318,0.44308943089430897,0.4336640211640212,122,0.4672131147540984,0.9335586358599758,0.46096382297166816,-0.129566142106064,1.760054023870997,3.5577490807306673
AAPL,social_only,logistic_regression,2,0.0025,7,"{""C"": 0.002714670660442804, ""l1_ratio"": 0.0}",0.5403225806451613,0.5330459770114943,123,0.5447154471544715,1.0638556388602793,0.5264847874775038,-0.1310884100319084,1.6948058042281318,0.44308943089430897,0.4337962962962963,122,0.4672131147540984,0.9335586358599758,0.46096382297166816,-0.129566142106064,1.760054023870997,3.5577490807306673
AAPL,social_only,logistic_regression,2,0.0025,1337,"{""C"": 0.0029904666676238132, ""l1_ratio"": 0.0}",0.5443548387096774,0.5322622779519331,123,0.5528455284552846,1.1591489239503328,0.5912970303309191,-0.12504980840895996,1.8286894017871986,0.44308943089430897,0.43452380952380953,122,0.4672131147540984,0.9335586358599758,0.46096382297166816,-0.129566142106064,1.760054023870997,3.5577490807306673
AAPL,social_only,logistic_regression,2,0.0025,2024,"{""C"": 0.001, ""l1_ratio"": 0.0}",0.5362903225806451,0.5321316614420063,123,0.5447154471544715,1.0638556388602793,0.5264847874775038,-0.1310884100319084,1.6948058042281318,0.44308943089430897,0.43492063492063493,122,0.45901639344262296,0.8336022320643325,0.39572107311562865,-0.129566142106064,1.5872031216742206,3.054201249518473
AAPL,social_only,logistic_regression,2,0.0025,31415,"{""C"": 0.002608583511643667, ""l1_ratio"": 0.0}",0.5403225806451613,0.5337643678160919,123,0.5447154471544715,1.0638556388602793,0.5264847874775038,-0.1310884100319084,1.6948058042281318,0.44308943089430897,0.43353174603174605,122,0.4672131147540984,0.9335586358599758,0.46096382297166816,-0.129566142106064,1.760054023870997,3.5577490807306673
AAPL,social_only,logistic_regression,5,0.005,42,"{""C"": 0.0010087082971687188, ""l1_ratio"": 0.0}",0.5469387755102041,0.5587074829931973,48,0.5625,0.5944199926709428,0.6876934109365744,-0.18320213297651802,0.9273069812494752,0.483739837398374,0.4655594521273076,49,0.3673469387755102,-1.7574830151581937,-0.9138110484647363,-0.40784750849294177,-2.3591247031589155,-2.2405703833803137
AAPL,social_only,logistic_regression,5,0.005,7,"{""C"": 0.001, ""l1_ratio"": 0.0}",0.5469387755102041,0.5586394557823129,48,0.5625,0.5944199926709428,0.6876934109365744,-0.18320213297651802,0.9273069812494752,0.483739837398374,0.4655594521273076,49,0.3673469387755102,-1.7574830151581937,-0.9138110484647363,-0.40784750849294177,-2.3591247031589155,-2.2405703833803137
AAPL,social_only,logistic_regression,5,0.005,1337,"{""C"": 0.0010634395392756825, ""l1_ratio"": 0.0}",0.5428571428571428,0.5587755102040817,48,0.5416666666666666,0.3596955742772624,0.31610680877681796,-0.18320213297651822,0.576329451574746,0.483739837398374,0.46522861112949115,49,0.3673469387755102,-1.7574830151581937,-0.9138110484647363,-0.40784750849294177,-2.3591247031589155,-2.2405703833803137
AAPL,social_only,logistic_regression,5,0.005,2024,"{""C"": 0.001, ""l1_ratio"": 0.0}",0.5469387755102041,0.5586394557823129,48,0.5625,0.5944199926709428,0.6876934109365744,-0.18320213297651802,0.9273069812494752,0.483739837398374,0.4655594521273076,49,0.3673469387755102,-1.7574830151581937,-0.9138110484647363,-0.40784750849294177,-2.3591247031589155,-2.2405703833803137
AAPL,social_only,logistic_regression,5,0.005,31415,"{""C"": 0.001, ""l1_ratio"": 0.0}",0.5469387755102041,0.5586394557823129,48,0.5625,0.5944199926709428,0.6876934109365744,-0.18320213297651802,0.9273069812494752,0.483739837398374,0.4655594521273076,49,0.3673469387755102,-1.7574830151581937,-0.9138110484647363,-0.40784750849294177,-2.3591247031589155,-2.2405703833803137
AAPL,social_only,logistic_regression,10,0.01,42,"{""C"": 0.0016088424765725283, ""l1_ratio"": 0.0}",0.5625,0.5392630625188765,23,0.6086956521739131,0.9425098334478041,5.750539966842951,-0.10893854336164892,1.5514415653254572,0.45528455284552843,0.44698572184029617,24,0.4583333333333333,0.025226891936132916,-0.18477831112333598,-0.24234053582470444,0.039489633117751305,-0.7624738077537068
AAPL,social_only,logistic_regression,10,0.01,7,"{""C"": 0.001973546076941188, ""l1_ratio"": 0.0}",0.5666666666666667,0.5392630625188765,23,0.6086956521739131,0.9425098334478041,5.750539966842951,-0.10893854336164892,1.5514415653254572,0.45528455284552843,0.44665520888418825,24,0.4583333333333333,0.025226891936132916,-0.18477831112333598,-0.24234053582470444,0.039489633117751305,-0.7624738077537068
AAPL,social_only,logistic_regression,10,0.01,1337,"{""C"": 0.001768231714607953, ""l1_ratio"": 0.0}",0.5666666666666667,0.5391875566294172,23,0.6086956521739131,0.9425098334478041,5.750539966842951,-0.10893854336164892,1.5514415653254572,0.45528455284552843,0.4469857218402962,24,0.4583333333333333,0.025226891936132916,-0.18477831112333598,-0.24234053582470444,0.039489633117751305,-0.7624738077537068
AAPL,social_only,logistic_regression,10,0.01,2024,"{""C"": 0.0015519627172559496, ""l1_ratio"": 0.0}",0.5583333333333333,0.5394140742977952,23,0.6086956521739131,0.9425098334478041,5.750539966842951,-0.10893854336164892,1.5514415653254572,0.45121951219512196,0.44725013220518245,24,0.4583333333333333,0.025226891936132916,-0.18477831112333598,-0.24234053582470444,0.039489633117751305,-0.7624738077537068
AAPL,social_only,logistic_regression,10,0.01,31415,"{""C"": 0.0019298096188678675, ""l1_ratio"": 0.0}",0.5666666666666667,0.5392630625188766,23,0.6086956521739131,0.9425098334478041,5.750539966842951,-0.10893854336164892,1.5514415653254572,0.45528455284552843,0.446853516657853,24,0.4583333333333333,0.025226891936132916,-0.18477831112333598,-0.24234053582470444,0.039489633117751305,-0.7624738077537068
AAPL,sentiment_only,logistic_regression,2,0.0025,42,"{""C"": 9.609812947036422, ""l1_ratio"": 0.0}",0.5161290322580645,0.5102533960292581,123,0.4634146341463415,-0.8633867394948902,-0.35324433800650856,-0.2984568066877333,-1.2443891613990985,0.5,0.5027116402116403,122,0.5409836065573771,1.2026001055398832,0.6504055864970713,-0.12498736925334827,1.8632531755229318,5.20377051203234
AAPL,sentiment_only,logistic_regression,2,0.0025,7,"{""C"": 0.013699206087220611, ""l1_ratio"": 0.0}",0.5161290322580645,0.5102533960292581,123,0.4634146341463415,-0.8633867394948902,-0.35324433800650856,-0.2984568066877333,-1.2443891613990985,0.5,0.5027116402116403,122,0.5409836065573771,1.2026001055398832,0.6504055864970713,-0.12498736925334827,1.8632531755229318,5.20377051203234
AAPL,sentiment_only,logistic_regression,2,0.0025,1337,"{""C"": 0.6348172749728034, ""l1_ratio"": 0.0}",0.5161290322580645,0.5102533960292581,123,0.4634146341463415,-0.8633867394948902,-0.35324433800650856,-0.2984568066877333,-1.2443891613990985,0.5,0.5027116402116403,122,0.5409836065573771,1.2026001055398832,0.6504055864970713,-0.12498736925334827,1.8632531755229318,5.20377051203234
AAPL,sentiment_only,logistic_regression,2,0.0025,2024,"{""C"": 6.106142678593516, ""l1_ratio"": 1.0}",0.5161290322580645,0.5102533960292581,123,0.4634146341463415,-0.8633867394948902,-0.35324433800650856,-0.2984568066877333,-1.2443891613990985,0.5,0.5027116402116403,122,0.5409836065573771,1.2026001055398832,0.6504055864970713,-0.12498736925334827,1.8632531755229318,5.20377051203234
AAPL,sentiment_only,logistic_regression,2,0.0025,31415,"{""C"": 84.33391017347104, ""l1_ratio"": 0.0}",0.5161290322580645,0.5102533960292581,123,0.4634146341463415,-0.8633867394948902,-0.35324433800650856,-0.2984568066877333,-1.2443891613990985,0.5,0.5027116402116403,122,0.5409836065573771,1.2026001055398832,0.6504055864970713,-0.12498736925334827,1.8632531755229318,5.20377051203234
AAPL,sentiment_only,logistic_regression,5,0.005,42,"{""C"": 9.609812947036422, ""l1_ratio"": 0.0}",0.5224489795918368,0.5005442176870748,48,0.4583333333333333,0.3265998870449104,0.2728374037800634,-0.1383606920832437,0.799796732282876,0.4959349593495935,0.48097664262555406,49,0.32653061224489793,-1.606660700027116,-0.8962219870065238,-0.3860737046814375,-2.1506702966200635,-2.3213753647014808
AAPL,sentiment_only,logistic_regression,5,0.005,7,"{""C"": 0.013699206087220611, ""l1_ratio"": 0.0}",0.5224489795918368,0.5005442176870748,48,0.4583333333333333,0.3265998870449104,0.2728374037800634,-0.1383606920832437,0.799796732282876,0.4959349593495935,0.48097664262555406,49,0.32653061224489793,-1.606660700027116,-0.8962219870065238,-0.3860737046814375,-2.1506702966200635,-2.3213753647014808
AAPL,sentiment_only,logistic_regression,5,0.005,1337,"{""C"": 0.6348172749728034, ""l1_ratio"": 0.0}",0.5224489795918368,0.5005442176870748,48,0.4583333333333333,0.3265998870449104,0.2728374037800634,-0.1383606920832437,0.799796732282876,0.4959349593495935,0.48097664262555406,49,0.32653061224489793,-1.606660700027116,-0.8962219870065238,-0.3860737046814375,-2.1506702966200635,-2.3213753647014808
AAPL,sentiment_only,logistic_regression,5,0.005,2024,"{""C"": 6.106142678593516, ""l1_ratio"": 1.0}",0.5224489795918368,0.5005442176870748,48,0.4583333333333333,0.3265998870449104,0.2728374037800634,-0.1383606920832437,0.799796732282876,0.4959349593495935,0.48097664262555406,49,0.32653061224489793,-1.606660700027116,-0.8962219870065238,-0.3860737046814375,-2.1506702966200635,-2.3213753647014808
AAPL,sentiment_only,logistic_regression,5,0.005,31415,"{""C"": 84.33391017347104, ""l1_ratio"": 0.0}",0.5224489795918368,0.5005442176870748,48,0.4583333333333333,0.3265998870449104,0.2728374037800634,-0.1383606920832437,0.799796732282876,0.4959349593495935,0.48097664262555406,49,0.32653061224489793,-1.606660700027116,-0.8962219870065238,-0.3860737046814375,-2.1506702966200635,-2.3213753647014808
AAPL,sentiment_only,logistic_regression,10,0.01,42,"{""C"": 0.0051800516442430215, ""l1_ratio"": 1.0}",0.35833333333333334,0.5,23,0.17391304347826086,-2.4813970180602434,-0.9958005724986588,-0.33890856480812626,-3.826423920780559,0.5040650406504065,0.5,24,0.3333333333333333,-1.747884713468072,-0.984652752402889,-0.3891349594533503,-2.215262278965108,-2.5303631259090964
AAPL,sentiment_only,logistic_regression,10,0.01,7,"{""C"": 0.0012010243286273083, ""l1_ratio"": 1.0}",0.35833333333333334,0.5,23,0.17391304347826086,-2.4813970180602434,-0.9958005724986588,-0.33890856480812626,-3.826423920780559,0.5040650406504065,0.5,24,0.3333333333333333,-1.747884713468072,-0.984652752402889,-0.3891349594533503,-2.215262278965108,-2.5303631259090964
AAPL,sentiment_only,logistic_regression,10,0.01,1337,"{""C"": 0.015029477161327656, ""l1_ratio"": 1.0}",0.35833333333333334,0.5,23,0.17391304347826086,-2.4813970180602434,-0.9958005724986588,-0.33890856480812626,-3.826423920780559,0.5040650406504065,0.5,24,0.3333333333333333,-1.747884713468072,-0.984652752402889,-0.3891349594533503,-2.215262278965108,-2.5303631259090964
AAPL,sentiment_only,logistic_regression,10,0.01,2024,"{""C"": 0.004594985933245014, ""l1_ratio"": 1.0}",0.35833333333333334,0.5,23,0.17391304347826086,-2.4813970180602434,-0.9958005724986588,-0.33890856480812626,-3.826423920780559,0.5040650406504065,0.5,24,0.3333333333333333,-1.747884713468072,-0.984652752402889,-0.3891349594533503,-2.215262278965108,-2.5303631259090964
AAPL,sentiment_only,logistic_regression,10,0.01,31415,"{""C"": 0.0011485369042670123, ""l1_ratio"": 1.0}",0.35833333333333334,0.5,23,0.17391304347826086,-2.4813970180602434,-0.9958005724986588,-0.33890856480812626,-3.826423920780559,0.5040650406504065,0.5,24,0.3333333333333333,-1.747884713468072,-0.984652752402889,-0.3891349594533503,-2.215262278965108,-2.5303631259090964
AAPL,technical_only,logistic_regression,2,0.0025,42,"{""C"": 0.002651283461575261, ""l1_ratio"": 0.0}",0.6008064516129032,0.6394657784743992,123,0.6016260162601627,2.733444738685169,2.0803099545985813,-0.11283182324253348,4.880978519507647,0.4796747967479675,0.4750992063492063,122,0.5245901639344263,0.79175789637065,0.36806326552438184,-0.1792957040490789,1.0760614965832365,2.0528281337049283
AAPL,technical_only,logistic_regression,2,0.0025,7,"{""C"": 0.002714670660442804, ""l1_ratio"": 0.0}",0.6008064516129032,0.6394657784743992,123,0.6016260162601627,2.733444738685169,2.0803099545985813,-0.11283182324253348,4.880978519507647,0.483739837398374,0.4750992063492063,122,0.5245901639344263,0.79175789637065,0.36806326552438184,-0.1792957040490789,1.0760614965832365,2.0528281337049283
AAPL,technical_only,logistic_regression,2,0.0025,1337,"{""C"": 0.0029904666676238132, ""l1_ratio"": 0.0}",0.6008064516129032,0.6394657784743992,123,0.6016260162601627,2.733444738685169,2.0803099545985813,-0.11283182324253348,4.880978519507647,0.483739837398374,0.47470238095238093,122,0.5245901639344263,0.79175789637065,0.36806326552438184,-0.1792957040490789,1.0760614965832365,2.0528281337049283
AAPL,technical_only,logistic_regression,2,0.0025,2024,"{""C"": 0.00264583178712389, ""l1_ratio"": 0.0}",0.6008064516129032,0.6394657784743992,123,0.6016260162601627,2.733444738685169,2.0803099545985813,-0.11283182324253348,4.880978519507647,0.4796747967479675,0.4750992063492063,122,0.5245901639344263,0.79175789637065,0.36806326552438184,-0.1792957040490789,1.0760614965832365,2.0528281337049283
AAPL,technical_only,logistic_regression,2,0.0025,31415,"{""C"": 0.002416516877550725, ""l1_ratio"": 0.0}",0.6008064516129032,0.6394657784743992,123,0.6016260162601627,2.733444738685169,2.0803099545985813,-0.11283182324253348,4.880978519507647,0.4715447154471545,0.47470238095238093,122,0.5163934426229508,0.7060908335973525,0.3153303615206293,-0.17929570404907913,0.9665672986173354,1.758716770114654
AAPL,technical_only,logistic_regression,5,0.005,42,"{""C"": 0.002767630336252474, ""l1_ratio"": 0.0}",0.5877551020408164,0.5799659863945578,48,0.6875,2.5969645236708327,10.787261322351606,-0.09746616627376636,3.418035138083453,0.556910569105691,0.5360947528617747,49,0.5306122448979592,0.9200291425790346,1.824252582920896,-0.22680876861517718,1.6280520363160038,8.043130757506454
AAPL,technical_only,logistic_regression,5,0.005,7,"{""C"": 0.002714670660442804, ""l1_ratio"": 0.0}",0.5877551020408164,0.5799659863945578,48,0.6875,2.5969645236708327,10.787261322351606,-0.09746616627376636,3.418035138083453,0.556910569105691,0.5362932574604645,49,0.5306122448979592,0.9200291425790346,1.824252582920896,-0.22680876861517718,1.6280520363160038,8.043130757506454
AAPL,technical_only,logistic_regression,5,0.005,1337,"{""C"": 0.0029904666676238132, ""l1_ratio"": 0.0}",0.5877551020408164,0.5797619047619047,48,0.6875,2.5969645236708327,10.787261322351606,-0.09746616627376636,3.418035138083453,0.556910569105691,0.5366902666578443,49,0.5306122448979592,0.9200291425790346,1.824252582920896,-0.22680876861517718,1.6280520363160038,8.043130757506454
AAPL,technical_only,logistic_regression,5,0.005,2024,"{""C"": 0.050952916141735353, ""l1_ratio"": 1.0}",0.6040816326530613,0.571156462585034,48,0.6666666666666666,2.4721545821812114,9.577871033363358,-0.1147947427882862,3.354152312083054,0.5447154471544715,0.5318930721895058,49,0.5714285714285714,1.305225249160347,3.6004237804466044,-0.20530392832027636,2.186679881423381,17.537042812107835
AAPL,technical_only,logistic_regression,5,0.005,31415,"{""C"": 0.004382711223206556, ""l1_ratio"": 0.0}",0.5877551020408164,0.5800340136054422,48,0.6875,2.5969645236708327,10.787261322351606,-0.09746616627376636,3.418035138083453,0.5487804878048781,0.5343082114735659,49,0.5306122448979592,0.9200291425790346,1.824252582920896,-0.22680876861517718,1.6280520363160038,8.043130757506454
AAPL,technical_only,logistic_regression,10,0.01,42,"{""C"": 0.1705009554399073, ""l1_ratio"": 1.0}",0.6458333333333334,0.5323165206886138,23,0.8260869565217391,2.3509501942379143,103.67648115317637,-0.08868783594750276,3.156068446202857,0.5121951219512195,0.5403225806451614,24,0.5833333333333334,-0.44808406146955515,-0.7347907892157572,-0.30089209676049933,-0.5031164378917382,-2.4420408416397446
AAPL,technical_only,logistic_regression,10,0.01,7,"{""C"": 0.05368644924533107, ""l1_ratio"": 1.0}",0.6416666666666667,0.533864391422531,23,0.8260869565217391,2.3509501942379143,103.67648115317637,-0.08868783594750276,3.156068446202857,0.5121951219512195,0.5326877313590692,24,0.5833333333333334,-0.44808406146955515,-0.7347907892157572,-0.30089209676049933,-0.5031164378917382,-2.4420408416397446
AAPL,technical_only,logistic_regression,10,0.01,1337,"{""C"": 0.08041615306556137, ""l1_ratio"": 1.0}",0.6416666666666667,0.533864391422531,23,0.8260869565217391,2.3509501942379143,103.67648115317637,-0.08868783594750276,3.156068446202857,0.5121951219512195,0.5326877313590692,24,0.5833333333333334,-0.44808406146955515,-0.7347907892157572,-0.30089209676049933,-0.5031164378917382,-2.4420408416397446
AAPL,technical_only,logistic_regression,10,0.01,2024,"{""C"": 0.056645342620529004, ""l1_ratio"": 1.0}",0.6416666666666667,0.533864391422531,23,0.8260869565217391,2.3509501942379143,103.67648115317637,-0.08868783594750276,3.156068446202857,0.5121951219512195,0.5326877313590692,24,0.5833333333333334,-0.44808406146955515,-0.7347907892157572,-0.30089209676049933,-0.5031164378917382,-2.4420408416397446
AAPL,technical_only,logistic_regression,10,0.01,31415,"{""C"": 0.05360725195578382, ""l1_ratio"": 1.0}",0.6416666666666667,0.533864391422531,23,0.8260869565217391,2.3509501942379143,103.67648115317637,-0.08868783594750276,3.156068446202857,0.5121951219512195,0.5326877313590692,24,0.5833333333333334,-0.44808406146955515,-0.7347907892157572,-0.30089209676049933,-0.5031164378917382,-2.4420408416397446
AAPL,learned_alpha_per_stock,logistic_regression,2,0.0025,42,"{""C"": 0.0013945702289443022, ""l1_ratio"": 0.0}",0.6169354838709677,0.6342084639498433,123,0.5528455284552846,1.6320504623055798,0.9521392739324566,-0.09283550653320845,3.0385568013305573,0.4796747967479675,0.46197089947089953,122,0.48360655737704916,-0.15895910534850263,-0.11903925672794091,-0.2881150321264701,-0.21858233338070635,-0.4131657270686515
AAPL,learned_alpha_per_stock,logistic_regression,2,0.0025,7,"{""C"": 0.0015152026762741484, ""l1_ratio"": 0.0}",0.6169354838709677,0.6340125391849529,123,0.5609756097560976,1.7991205414657083,1.095867805504295,-0.09283550653320845,3.31634099139788,0.4796747967479675,0.4622354497354498,122,0.48360655737704916,-0.15895910534850263,-0.11903925672794091,-0.2881150321264701,-0.21858233338070635,-0.4131657270686515
AAPL,learned_alpha_per_stock,logistic_regression,2,0.0025,1337,"{""C"": 0.0013476786693384264, ""l1_ratio"": 0.0}",0.6169354838709677,0.6341431556948798,123,0.5528455284552846,1.6320504623055798,0.9521392739324566,-0.09283550653320845,3.0385568013305573,0.4796747967479675,0.46177248677248683,122,0.48360655737704916,-0.15895910534850263,-0.11903925672794091,-0.2881150321264701,-0.21858233338070635,-0.4131657270686515
AAPL,learned_alpha_per_stock,logistic_regression,2,0.0025,2024,"{""C"": 0.0013643125803147725, ""l1_ratio"": 0.0}",0.6169354838709677,0.6341431556948798,123,0.5528455284552846,1.6320504623055798,0.9521392739324566,-0.09283550653320845,3.0385568013305573,0.4796747967479675,0.462037037037037,122,0.48360655737704916,-0.15895910534850263,-0.11903925672794091,-0.2881150321264701,-0.21858233338070635,-0.4131657270686515
AAPL,learned_alpha_per_stock,logistic_regression,2,0.0025,31415,"{""C"": 0.0013582003024078175, ""l1_ratio"": 0.0}",0.6169354838709677,0.6341431556948799,123,0.5528455284552846,1.6320504623055798,0.9521392739324566,-0.09283550653320845,3.0385568013305573,0.4796747967479675,0.46197089947089953,122,0.48360655737704916,-0.15895910534850263,-0.11903925672794091,-0.2881150321264701,-0.21858233338070635,-0.4131657270686515
AAPL,learned_alpha_per_stock,logistic_regression,5,0.005,42,"{""C"": 0.06770859605772309, ""l1_ratio"": 1.0}",0.5714285714285714,0.5821768707482994,48,0.5,1.0964907831869615,1.849111568498643,-0.1872711065168592,2.458737963168965,0.524390243902439,0.5095613048368953,49,0.4489795918367347,-0.43417566463400104,-0.5274075674489536,-0.24627801044138273,-0.5909510604703448,-2.141513026289788
AAPL,learned_alpha_per_stock,logistic_regression,5,0.005,7,"{""C"": 0.05368644924533107, ""l1_ratio"": 1.0}",0.5877551020408164,0.5929931972789115,48,0.5625,1.849143842786746,4.995258227118567,-0.08628596923033471,4.237521643982585,0.556910569105691,0.5054588764639714,49,0.5102040816326531,0.8870080467408417,1.7068943352555643,-0.20530392832027636,1.5742663903013643,8.313987702138805
AAPL,learned_alpha_per_stock,logistic_regression,5,0.005,1337,"{""C"": 0.054359372264132455, ""l1_ratio"": 1.0}",0.5877551020408164,0.5929931972789115,48,0.5416666666666666,1.4587744975585748,3.103593928394991,-0.14993991462757994,3.3137033790566006,0.556910569105691,0.5055250446635347,49,0.5102040816326531,0.8870080467408417,1.7068943352555643,-0.20530392832027636,1.5742663903013643,8.313987702138805
AAPL,learned_alpha_per_stock,logistic_regression,5,0.005,2024,"{""C"": 0.06405501602754819, ""l1_ratio"": 1.0}",0.5795918367346938,0.5844897959183674,48,0.5,1.0964907831869615,1.849111568498643,-0.1872711065168592,2.458737963168965,0.524390243902439,0.5089657910408257,49,0.46938775510204084,0.5149339848952367,0.6691516625304985,-0.20530392832027636,0.9569247185424709,3.259322254597168
AAPL,learned_alpha_per_stock,logistic_regression,5,0.005,31415,"{""C"": 0.001916411626536779, ""l1_ratio"": 0.0}",0.5795918367346938,0.5810204081632653,48,0.5625,1.5663184549785123,3.5620161024263366,-0.1515985481548953,3.3530891783992223,0.5121951219512195,0.5177661615827434,49,0.3673469387755102,-1.0944233929419016,-0.8009404011555992,-0.30318057843437973,-1.5775690472845718,-2.641793235211979
AAPL,learned_alpha_per_stock,logistic_regression,10,0.01,42,"{""C"": 0.0627286704585482, ""l1_ratio"": 1.0}",0.6416666666666667,0.533864391422531,23,0.8260869565217391,2.3509501942379143,103.67648115317637,-0.08868783594750276,3.156068446202857,0.5121951219512195,0.5326877313590692,24,0.5833333333333334,-0.44808406146955515,-0.7347907892157572,-0.30089209676049933,-0.5031164378917382,-2.4420408416397446
AAPL,learned_alpha_per_stock,logistic_regression,10,0.01,7,"{""C"": 0.05368644924533107, ""l1_ratio"": 1.0}",0.6416666666666667,0.533864391422531,23,0.8260869565217391,2.3509501942379143,103.67648115317637,-0.08868783594750276,3.156068446202857,0.5121951219512195,0.5326877313590692,24,0.5833333333333334,-0.44808406146955515,-0.7347907892157572,-0.30089209676049933,-0.5031164378917382,-2.4420408416397446
AAPL,learned_alpha_per_stock,logistic_regression,10,0.01,1337,"{""C"": 0.08041615306556137, ""l1_ratio"": 1.0}",0.6416666666666667,0.533864391422531,23,0.8260869565217391,2.3509501942379143,103.67648115317637,-0.08868783594750276,3.156068446202857,0.5121951219512195,0.5326877313590692,24,0.5833333333333334,-0.44808406146955515,-0.7347907892157572,-0.30089209676049933,-0.5031164378917382,-2.4420408416397446
AAPL,learned_alpha_per_stock,logistic_regression,10,0.01,2024,"{""C"": 0.046908564748142756, ""l1_ratio"": 1.0}",0.6416666666666667,0.533864391422531,23,0.8260869565217391,2.3509501942379143,103.67648115317637,-0.08868783594750276,3.156068446202857,0.5121951219512195,0.5326877313590692,24,0.5833333333333334,-0.44808406146955515,-0.7347907892157572,-0.30089209676049933,-0.5031164378917382,-2.4420408416397446
AAPL,learned_alpha_per_stock,logistic_regression,10,0.01,31415,"{""C"": 0.07734908387927106, ""l1_ratio"": 1.0}",0.6416666666666667,0.533864391422531,23,0.8260869565217391,2.3509501942379143,103.67648115317637,-0.08868783594750276,3.156068446202857,0.5121951219512195,0.5326877313590692,24,0.5833333333333334,-0.44808406146955515,-0.7347907892157572,-0.30089209676049933,-0.5031164378917382,-2.4420408416397446
AAPL,learned_alpha_global,logistic_regression,2,0.0025,42,"{""C"": 0.0013883844968551504, ""l1_ratio"": 0.0}",0.6048387096774194,0.6379963427377221,123,0.5365853658536586,1.2971436902612588,0.6901850653400365,-0.10532809831758419,2.45644936586666,0.46747967479674796,0.4655423280423281,122,0.47540983606557374,-0.2487256316159367,-0.15510732105683156,-0.2881150321264701,-0.34458605899439476,-0.5383520599811887
AAPL,learned_alpha_global,logistic_regression,2,0.0025,7,"{""C"": 0.0015352934741510087, ""l1_ratio"": 0.0}",0.6088709677419355,0.6376044932079413,123,0.5365853658536586,1.2971436902612588,0.6901850653400365,-0.10532809831758419,2.45644936586666,0.46747967479674796,0.4666666666666667,122,0.47540983606557374,-0.2487256316159367,-0.15510732105683156,-0.2881150321264701,-0.34458605899439476,-0.5383520599811887
AAPL,learned_alpha_global,logistic_regression,2,0.0025,1337,"{""C"": 0.0013671444046790893, ""l1_ratio"": 0.0}",0.6048387096774194,0.6380616509926854,123,0.5365853658536586,1.2971436902612588,0.6901850653400365,-0.10532809831758419,2.45644936586666,0.46747967479674796,0.46560846560846564,122,0.47540983606557374,-0.2487256316159367,-0.15510732105683156,-0.2881150321264701,-0.34458605899439476,-0.5383520599811887
AAPL,learned_alpha_global,logistic_regression,2,0.0025,2024,"{""C"": 0.0013910468370266305, ""l1_ratio"": 0.0}",0.6048387096774194,0.6379963427377221,123,0.5365853658536586,1.2971436902612588,0.6901850653400365,-0.10532809831758419,2.45644936586666,0.46747967479674796,0.46560846560846564,122,0.47540983606557374,-0.2487256316159367,-0.15510732105683156,-0.2881150321264701,-0.34458605899439476,-0.5383520599811887
AAPL,learned_alpha_global,logistic_regression,2,0.0025,31415,"{""C"": 0.0014028702446726889, ""l1_ratio"": 0.0}",0.6048387096774194,0.6378657262277951,123,0.5365853658536586,1.2971436902612588,0.6901850653400365,-0.10532809831758419,2.45644936586666,0.46747967479674796,0.4658730158730158,122,0.47540983606557374,-0.2487256316159367,-0.15510732105683156,-0.2881150321264701,-0.34458605899439476,-0.5383520599811887
AAPL,learned_alpha_global,logistic_regression,5,0.005,42,"{""C"": 0.06295792613258072, ""l1_ratio"": 1.0}",0.5755102040816327,0.5800000000000001,48,0.5625,1.7130497360637507,4.2621933021896465,-0.14100279415924225,3.7803979019332434,0.5447154471544715,0.5164427975914776,49,0.4897959183673469,0.7171970905470191,1.1733656328431379,-0.20530392832027636,1.3035288625171622,5.715261478156788
AAPL,learned_alpha_global,logistic_regression,5,0.005,7,"{""C"": 0.05368644924533107, ""l1_ratio"": 1.0}",0.6040816326530613,0.5918367346938775,48,0.6666666666666666,2.4721545821812114,9.577871033363358,-0.1147947427882862,3.354152312083054,0.5447154471544715,0.5124727056176801,49,0.5714285714285714,1.305225249160347,3.6004237804466044,-0.20530392832027636,2.186679881423381,17.537042812107835
AAPL,learned_alpha_global,logistic_regression,5,0.005,1337,"{""C"": 0.052722325938297954, ""l1_ratio"": 1.0}",0.6040816326530613,0.5918367346938775,48,0.6666666666666666,2.4721545821812114,9.577871033363358,-0.1147947427882862,3.354152312083054,0.5447154471544715,0.5124727056176801,49,0.5714285714285714,1.305225249160347,3.6004237804466044,-0.20530392832027636,2.186679881423381,17.537042812107835
AAPL,learned_alpha_global,logistic_regression,5,0.005,2024,"{""C"": 0.0602237781721598, ""l1_ratio"": 1.0}",0.5673469387755102,0.5825170068027211,48,0.5625,1.7099742935255162,4.246591671139408,-0.14993991462757994,3.772551196046135,0.556910569105691,0.5155164427975915,49,0.4897959183673469,0.7171970905470191,1.1733656328431379,-0.20530392832027636,1.3035288625171622,5.715261478156788
AAPL,learned_alpha_global,logistic_regression,5,0.005,31415,"{""C"": 0.0020274787547475944, ""l1_ratio"": 0.0}",0.5836734693877551,0.5803401360544218,48,0.5416666666666666,1.4155115682872446,2.9308737778353366,-0.1515985481548953,3.1072770157240153,0.5284552845528455,0.5251769999338318,49,0.40816326530612246,-0.802971679820744,-0.7092402205194943,-0.28460226863798993,-1.1284729840309236,-2.492039940207356
AAPL,learned_alpha_global,logistic_regression,10,0.01,42,"{""C"": 0.06172574174474798, ""l1_ratio"": 1.0}",0.6416666666666667,0.533864391422531,23,0.8260869565217391,2.3509501942379143,103.67648115317637,-0.08868783594750276,3.156068446202857,0.5121951219512195,0.5326877313590692,24,0.5833333333333334,-0.44808406146955515,-0.7347907892157572,-0.30089209676049933,-0.5031164378917382,-2.4420408416397446
AAPL,learned_alpha_global,logistic_regression,10,0.01,7,"{""C"": 0.05368644924533107, ""l1_ratio"": 1.0}",0.6416666666666667,0.533864391422531,23,0.8260869565217391,2.3509501942379143,103.67648115317637,-0.08868783594750276,3.156068446202857,0.5121951219512195,0.5326877313590692,24,0.5833333333333334,-0.44808406146955515,-0.7347907892157572,-0.30089209676049933,-0.5031164378917382,-2.4420408416397446
AAPL,learned_alpha_global,logistic_regression,10,0.01,1337,"{""C"": 0.08041615306556137, ""l1_ratio"": 1.0}",0.6416666666666667,0.533864391422531,23,0.8260869565217391,2.3509501942379143,103.67648115317637,-0.08868783594750276,3.156068446202857,0.5121951219512195,0.5326877313590692,24,0.5833333333333334,-0.44808406146955515,-0.7347907892157572,-0.30089209676049933,-0.5031164378917382,-2.4420408416397446
AAPL,learned_alpha_global,logistic_regression,10,0.01,2024,"{""C"": 0.05243261639895652, ""l1_ratio"": 1.0}",0.6416666666666667,0.533864391422531,23,0.8260869565217391,2.3509501942379143,103.67648115317637,-0.08868783594750276,3.156068446202857,0.5121951219512195,0.5326877313590692,24,0.5833333333333334,-0.44808406146955515,-0.7347907892157572,-0.30089209676049933,-0.5031164378917382,-2.4420408416397446
AAPL,learned_alpha_global,logistic_regression,10,0.01,31415,"{""C"": 0.07892916321972504, ""l1_ratio"": 1.0}",0.6416666666666667,0.533864391422531,23,0.8260869565217391,2.3509501942379143,103.67648115317637,-0.08868783594750276,3.156068446202857,0.5121951219512195,0.5326877313590692,24,0.5833333333333334,-0.44808406146955515,-0.7347907892157572,-0.30089209676049933,-0.5031164378917382,-2.4420408416397446
META,full_70_30,logistic_regression,2,0.0,42,"{""C"": 0.001, ""l1_ratio"": 0.0}",0.6088709677419355,0.5906718188597383,123,0.6178861788617886,3.0949928019185666,8.656716891707653,-0.17762149290244653,4.34056738705429,0.5528455284552846,0.5855454238432961,122,0.5901639344262295,1.8852140314826915,2.305022759091775,-0.17198890878556347,3.036128811986599,13.402159333225885
META,full_70_30,logistic_regression,2,0.0,7,"{""C"": 0.001, ""l1_ratio"": 0.0}",0.6088709677419355,0.5906718188597383,123,0.6178861788617886,3.0949928019185666,8.656716891707653,-0.17762149290244653,4.34056738705429,0.5528455284552846,0.5855454238432961,122,0.5901639344262295,1.8852140314826915,2.305022759091775,-0.17198890878556347,3.036128811986599,13.402159333225885
META,full_70_30,logistic_regression,2,0.0,1337,"{""C"": 0.001, ""l1_ratio"": 0.0}",0.6088709677419355,0.5906718188597383,123,0.6178861788617886,3.0949928019185666,8.656716891707653,-0.17762149290244653,4.34056738705429,0.5528455284552846,0.5855454238432961,122,0.5901639344262295,1.8852140314826915,2.305022759091775,-0.17198890878556347,3.036128811986599,13.402159333225885
META,full_70_30,logistic_regression,2,0.0,2024,"{""C"": 0.001, ""l1_ratio"": 0.0}",0.6088709677419355,0.5906718188597383,123,0.6178861788617886,3.0949928019185666,8.656716891707653,-0.17762149290244653,4.34056738705429,0.5528455284552846,0.5855454238432961,122,0.5901639344262295,1.8852140314826915,2.305022759091775,-0.17198890878556347,3.036128811986599,13.402159333225885
META,full_70_30,logistic_regression,2,0.0,31415,"{""C"": 0.001, ""l1_ratio"": 0.0}",0.6088709677419355,0.5906718188597383,123,0.6178861788617886,3.0949928019185666,8.656716891707653,-0.17762149290244653,4.34056738705429,0.5528455284552846,0.5855454238432961,122,0.5901639344262295,1.8852140314826915,2.305022759091775,-0.17198890878556347,3.036128811986599,13.402159333225885
META,full_70_30,logistic_regression,5,0.0,42,"{""C"": 0.006241660833686264, ""l1_ratio"": 0.0}",0.5591836734693878,0.5796446853357423,48,0.625,1.372708838382402,9.253218153643848,-0.22660022546993436,2.384304858783491,0.5691056910569106,0.6060648309515511,49,0.5918367346938775,0.13692202043587343,-0.09394675465665192,-0.2701945023586719,0.13710184431489988,-0.3477004670211296
META,full_70_30,logistic_regression,5,0.0,7,"{""C"": 0.006586380691824814, ""l1_ratio"": 0.0}",0.5591836734693878,0.579418849744053,48,0.625,1.372708838382402,9.253218153643848,-0.22660022546993436,2.384304858783491,0.5691056910569106,0.6061345416521435,49,0.5918367346938775,0.13692202043587343,-0.09394675465665192,-0.2701945023586719,0.13710184431489988,-0.3477004670211296
META,full_70_30,logistic_regression,5,0.0,1337,"{""C"": 0.008121132069264094, ""l1_ratio"": 0.0}",0.5591836734693878,0.5787413429689853,48,0.625,1.372708838382402,9.253218153643848,-0.22660022546993436,2.384304858783491,0.5691056910569106,0.6058556988497734,49,0.5918367346938775,0.13692202043587343,-0.09394675465665192,-0.2701945023586719,0.13710184431489988,-0.3477004670211296
META,full_70_30,logistic_regression,5,0.0,2024,"{""C"": 0.006722870144258196, ""l1_ratio"": 0.0}",0.5591836734693878,0.57934357121349,48,0.625,1.372708838382402,9.253218153643848,-0.22660022546993436,2.384304858783491,0.5650406504065041,0.605925409550366,49,0.5918367346938775,0.13692202043587343,-0.09394675465665192,-0.2701945023586719,0.13710184431489988,-0.3477004670211296
META,full_70_30,logistic_regression,5,0.0,31415,"{""C"": 0.009930355125614871, ""l1_ratio"": 0.0}",0.5591836734693878,0.5787413429689853,48,0.625,1.372708838382402,9.253218153643848,-0.22660022546993436,2.384304858783491,0.5650406504065041,0.6058556988497734,49,0.5918367346938775,0.13692202043587343,-0.09394675465665192,-0.2701945023586719,0.13710184431489988,-0.3477004670211296
META,full_70_30,logistic_regression,10,0.0025,42,"{""C"": 49.29053648241689, ""l1_ratio"": 0.0}",0.525,0.5093626373626373,23,0.5217391304347826,1.9976532199157666,754.8916659310761,-0.1451653775397194,7.537650226299297,0.5040650406504065,0.520134935694708,24,0.5,0.19571825139626783,0.05280344677316329,-0.25097549382764023,0.27161964746265016,0.2103928394276875
META,full_70_30,logistic_regression,10,0.0025,7,"{""C"": 77.82416781263099, ""l1_ratio"": 0.0}",0.525,0.5093626373626373,23,0.5217391304347826,1.9976532199157666,754.8916659310761,-0.1451653775397194,7.537650226299297,0.5040650406504065,0.520134935694708,24,0.5,0.19571825139626783,0.05280344677316329,-0.25097549382764023,0.27161964746265016,0.2103928394276875
META,full_70_30,logistic_regression,10,0.0025,1337,"{""C"": 29.839707956330766, ""l1_ratio"": 0.0}",0.525,0.5093626373626373,23,0.5217391304347826,1.9976532199157666,754.8916659310761,-0.1451653775397194,7.537650226299297,0.5040650406504065,0.520134935694708,24,0.5,0.19571825139626783,0.05280344677316329,-0.25097549382764023,0.27161964746265016,0.2103928394276875
META,full_70_30,logistic_regression,10,0.0025,2024,"{""C"": 86.39886872067538, ""l1_ratio"": 0.0}",0.525,0.5093626373626373,23,0.5217391304347826,1.9976532199157666,754.8916659310761,-0.1451653775397194,7.537650226299297,0.5040650406504065,0.5202052147023684,24,0.5,0.19571825139626783,0.05280344677316329,-0.25097549382764023,0.27161964746265016,0.2103928394276875
META,full_70_30,logistic_regression,10,0.0025,31415,"{""C"": 84.33391017347104, ""l1_ratio"": 0.0}",0.525,0.5093626373626373,23,0.5217391304347826,1.9976532199157666,754.8916659310761,-0.1451653775397194,7.537650226299297,0.5040650406504065,0.520134935694708,24,0.5,0.19571825139626783,0.05280344677316329,-0.25097549382764023,0.27161964746265016,0.2103928394276875
META,equal_50_50,logistic_regression,2,0.0,42,"{""C"": 0.001, ""l1_ratio"": 0.0}",0.5806451612903226,0.5659277337129686,123,0.5934959349593496,1.916958045909657,2.9807257124709037,-0.17627203901348887,2.5729586543420524,0.5284552845528455,0.5589327929753461,122,0.5409836065573771,1.4308622268715367,1.424597807292939,-0.2194396619966236,2.45630020798782,6.491979591705982
META,equal_50_50,logistic_regression,2,0.0,7,"{""C"": 0.001, ""l1_ratio"": 0.0}",0.5806451612903226,0.5659277337129686,123,0.5934959349593496,1.916958045909657,2.9807257124709037,-0.17627203901348887,2.5729586543420524,0.5284552845528455,0.5589327929753461,122,0.5409836065573771,1.4308622268715367,1.424597807292939,-0.2194396619966236,2.45630020798782,6.491979591705982
META,equal_50_50,logistic_regression,2,0.0,1337,"{""C"": 0.001, ""l1_ratio"": 0.0}",0.5806451612903226,0.5659277337129686,123,0.5934959349593496,1.916958045909657,2.9807257124709037,-0.17627203901348887,2.5729586543420524,0.5284552845528455,0.5589327929753461,122,0.5409836065573771,1.4308622268715367,1.424597807292939,-0.2194396619966236,2.45630020798782,6.491979591705982
META,equal_50_50,logistic_regression,2,0.0,2024,"{""C"": 0.001, ""l1_ratio"": 0.0}",0.5806451612903226,0.5659277337129686,123,0.5934959349593496,1.916958045909657,2.9807257124709037,-0.17627203901348887,2.5729586543420524,0.5284552845528455,0.5589327929753461,122,0.5409836065573771,1.4308622268715367,1.424597807292939,-0.2194396619966236,2.45630020798782,6.491979591705982
META,equal_50_50,logistic_regression,2,0.0,31415,"{""C"": 0.001, ""l1_ratio"": 0.0}",0.5806451612903226,0.5659277337129686,123,0.5934959349593496,1.916958045909657,2.9807257124709037,-0.17627203901348887,2.5729586543420524,0.5284552845528455,0.5589327929753461,122,0.5409836065573771,1.4308622268715367,1.424597807292939,-0.2194396619966236,2.45630020798782,6.491979591705982
META,equal_50_50,logistic_regression,5,0.0,42,"{""C"": 0.005174867547710424, ""l1_ratio"": 0.0}",0.5795918367346938,0.5791930141523637,48,0.6458333333333334,1.6286258692162292,15.53144370974708,-0.19154137336070579,2.7530560095574703,0.556910569105691,0.5793656326246077,49,0.6122448979591837,0.21475883918674088,0.04546463600997974,-0.2533371916095684,0.21147166815088259,0.17946293523316442
META,equal_50_50,logistic_regression,5,0.0,7,"{""C"": 0.00679832266556191, ""l1_ratio"": 0.0}",0.5795918367346938,0.5780638361939174,48,0.6458333333333334,1.6286258692162292,15.53144370974708,-0.19154137336070579,2.7530560095574703,0.556910569105691,0.5803415824329035,49,0.6122448979591837,0.21475883918674088,0.04546463600997974,-0.2533371916095684,0.21147166815088259,0.17946293523316442
META,equal_50_50,logistic_regression,5,0.0,1337,"{""C"": 0.005614754328550558, ""l1_ratio"": 0.0}",0.5795918367346938,0.5790424570912376,48,0.6458333333333334,1.6286258692162292,15.53144370974708,-0.19154137336070579,2.7530560095574703,0.556910569105691,0.5795050540257929,49,0.6122448979591837,0.21475883918674088,0.04546463600997974,-0.2533371916095684,0.21147166815088259,0.17946293523316442
META,equal_50_50,logistic_regression,5,0.0,2024,"{""C"": 0.00566954926088496, ""l1_ratio"": 0.0}",0.5795918367346938,0.5788166214995483,48,0.6458333333333334,1.6286258692162292,15.53144370974708,-0.19154137336070579,2.7530560095574703,0.556910569105691,0.5795747647263856,49,0.6122448979591837,0.21475883918674088,0.04546463600997974,-0.2533371916095684,0.21147166815088259,0.17946293523316442
META,equal_50_50,logistic_regression,5,0.0,31415,"{""C"": 0.0045415128740092375, ""l1_ratio"": 0.0}",0.5795918367346938,0.578515507377296,48,0.6458333333333334,1.6286258692162292,15.53144370974708,-0.19154137336070579,2.7530560095574703,0.556910569105691,0.5797838968281631,49,0.6122448979591837,0.21475883918674088,0.04546463600997974,-0.2533371916095684,0.21147166815088259,0.17946293523316442
META,equal_50_50,logistic_regression,10,0.0025,42,"{""C"": 7.915074397656233, ""l1_ratio"": 1.0}",0.55,0.5232527472527473,23,0.5652173913043478,1.5284292786018363,159.06912756042598,-0.15210741552649484,2.7401696614220925,0.4959349593495935,0.4931477967531098,24,0.3333333333333333,-1.0746861757949941,-0.989346806720128,-0.452164179366807,-1.6427584446505226,-2.1880256151771476
META,equal_50_50,logistic_regression,10,0.0025,7,"{""C"": 7.025475723531744, ""l1_ratio"": 1.0}",0.55,0.5231648351648353,23,0.5652173913043478,1.5284292786018363,159.06912756042598,-0.15210741552649484,2.7401696614220925,0.4959349593495935,0.4931477967531099,24,0.3333333333333333,-1.0746861757949941,-0.989346806720128,-0.452164179366807,-1.6427584446505226,-2.1880256151771476
META,equal_50_50,logistic_regression,10,0.0025,1337,"{""C"": 7.813807938090086, ""l1_ratio"": 1.0}",0.55,0.5232527472527473,23,0.5652173913043478,1.5284292786018363,159.06912756042598,-0.15210741552649484,2.7401696614220925,0.4959349593495935,0.4931477967531098,24,0.3333333333333333,-1.0746861757949941,-0.989346806720128,-0.452164179366807,-1.6427584446505226,-2.1880256151771476
META,equal_50_50,logistic_regression,10,0.0025,2024,"{""C"": 7.701524829847013, ""l1_ratio"": 1.0}",0.55,0.5232527472527473,23,0.5652173913043478,1.5284292786018363,159.06912756042598,-0.15210741552649484,2.7401696614220925,0.4959349593495935,0.4931477967531098,24,0.3333333333333333,-1.0746861757949941,-0.989346806720128,-0.452164179366807,-1.6427584446505226,-2.1880256151771476
META,equal_50_50,logistic_regression,10,0.0025,31415,"{""C"": 6.427224887374763, ""l1_ratio"": 1.0}",0.55,0.5231648351648353,23,0.5652173913043478,1.5284292786018363,159.06912756042598,-0.15210741552649484,2.7401696614220925,0.4959349593495935,0.49293695973012863,24,0.3333333333333333,-1.0746861757949941,-0.989346806720128,-0.452164179366807,-1.6427584446505226,-2.1880256151771476
META,news_only,logistic_regression,2,0.0,42,"{""C"": 0.001317826885491942, ""l1_ratio"": 0.0}",0.6048387096774194,0.6076876143990239,123,0.5934959349593496,2.32634577655094,4.459937216009571,-0.19341613398235824,3.383493353779288,0.6056910569105691,0.608274231678487,122,0.6147540983606558,2.205683507425182,3.095304177571622,-0.2515827905260271,3.4627344990677105,12.303322381867778
META,news_only,logistic_regression,2,0.0,7,"{""C"": 0.001, ""l1_ratio"": 0.0}",0.6048387096774194,0.6076198223849231,123,0.5934959349593496,2.32634577655094,4.459937216009571,-0.19341613398235824,3.383493353779288,0.6056910569105691,0.6082742316784869,122,0.6147540983606558,2.205683507425182,3.095304177571622,-0.2515827905260271,3.4627344990677105,12.303322381867778
META,news_only,logistic_regression,2,0.0,1337,"{""C"": 0.0013070409222545576, ""l1_ratio"": 0.0}",0.6048387096774194,0.6076876143990239,123,0.5934959349593496,2.32634577655094,4.459937216009571,-0.19341613398235824,3.383493353779288,0.6056910569105691,0.608274231678487,122,0.6147540983606558,2.205683507425182,3.095304177571622,-0.2515827905260271,3.4627344990677105,12.303322381867778
META,news_only,logistic_regression,2,0.0,2024,"{""C"": 0.001200455568535692, ""l1_ratio"": 0.0}",0.6048387096774194,0.6076876143990237,123,0.5934959349593496,2.32634577655094,4.459937216009571,-0.19341613398235824,3.383493353779288,0.6056910569105691,0.6082066869300911,122,0.6147540983606558,2.205683507425182,3.095304177571622,-0.2515827905260271,3.4627344990677105,12.303322381867778
META,news_only,logistic_regression,2,0.0,31415,"{""C"": 0.001, ""l1_ratio"": 0.0}",0.6048387096774194,0.6076198223849231,123,0.5934959349593496,2.32634577655094,4.459937216009571,-0.19341613398235824,3.383493353779288,0.6056910569105691,0.6082742316784869,122,0.6147540983606558,2.205683507425182,3.095304177571622,-0.2515827905260271,3.4627344990677105,12.303322381867778
META,news_only,logistic_regression,5,0.0,42,"{""C"": 0.008142053568250802, ""l1_ratio"": 0.0}",0.5551020408163265,0.5817524841915086,48,0.6041666666666666,1.2428585340666003,7.01381162713286,-0.21251239591246432,2.2042812414710187,0.5650406504065041,0.607459044963402,49,0.6122448979591837,1.0763033731046778,4.011150083873701,-0.2701945023586719,1.1375138559103268,14.845417093457613
META,news_only,logistic_regression,5,0.0,7,"{""C"": 0.1558617727830793, ""l1_ratio"": 1.0}",0.689795918367347,0.6017765733212888,48,0.7083333333333334,3.1940449339484482,227.4393507274299,-0.1427320697091976,7.305160860518456,0.6219512195121951,0.5644126873475079,49,0.6326530612244898,2.289659361171704,38.09538389695544,-0.13917451796715946,3.293008631460965,273.72384293757483
META,news_only,logistic_regression,5,0.0,1337,"{""C"": 0.13811959572668217, ""l1_ratio"": 1.0}",0.689795918367347,0.601927130382415,48,0.7083333333333334,3.1940449339484482,227.4393507274299,-0.1427320697091976,7.305160860518456,0.6178861788617886,0.5650400836528408,49,0.6326530612244898,2.289659361171704,38.09538389695544,-0.13917451796715946,3.293008631460965,273.72384293757483
META,news_only,logistic_regression,5,0.0,2024,"{""C"": 0.0060891347015718245, ""l1_ratio"": 0.0}",0.563265306122449,0.5816019271303824,48,0.6041666666666666,1.2428585340666003,7.01381162713286,-0.21251239591246432,2.2042812414710187,0.5691056910569106,0.6089229696758451,49,0.6122448979591837,1.0763033731046778,4.011150083873701,-0.2701945023586719,1.1375138559103268,14.845417093457613
META,news_only,logistic_regression,5,0.0,31415,"{""C"": 0.14434723235653615, ""l1_ratio"": 1.0}",0.689795918367347,0.601927130382415,48,0.7083333333333334,3.1940449339484482,227.4393507274299,-0.1427320697091976,7.305160860518456,0.6219512195121951,0.5650400836528408,49,0.6326530612244898,2.289659361171704,38.09538389695544,-0.13917451796715946,3.293008631460965,273.72384293757483
META,news_only,logistic_regression,10,0.0025,42,"{""C"": 0.8644034969470431, ""l1_ratio"": 1.0}",0.6583333333333333,0.524,23,0.6521739130434783,2.6884213588093675,5432.228162438625,-0.07888379256097502,11.503715376098144,0.6097560975609756,0.5251950242462575,24,0.5833333333333334,1.220353963055069,40.479276036465315,-0.144797678956862,3.0276120330515752,279.5574924134307
META,news_only,logistic_regression,10,0.0025,7,"{""C"": 0.5552808975123364, ""l1_ratio"": 1.0}",0.6541666666666667,0.524,23,0.6521739130434783,2.6884213588093675,5432.228162438625,-0.07888379256097502,11.503715376098144,0.6178861788617886,0.5256166982922201,24,0.5833333333333334,1.220353963055069,40.479276036465315,-0.144797678956862,3.0276120330515752,279.5574924134307
META,news_only,logistic_regression,10,0.0025,1337,"{""C"": 0.9417583254581537, ""l1_ratio"": 1.0}",0.6583333333333333,0.524,23,0.6521739130434783,2.6884213588093675,5432.228162438625,-0.07888379256097502,11.503715376098144,0.6097560975609756,0.5251950242462575,24,0.5833333333333334,1.220353963055069,40.479276036465315,-0.144797678956862,3.0276120330515752,279.5574924134307
META,news_only,logistic_regression,10,0.0025,2024,"{""C"": 0.9453124261883937, ""l1_ratio"": 1.0}",0.6583333333333333,0.524,23,0.6521739130434783,2.6884213588093675,5432.228162438625,-0.07888379256097502,11.503715376098144,0.6097560975609756,0.5251950242462575,24,0.5833333333333334,1.220353963055069,40.479276036465315,-0.144797678956862,3.0276120330515752,279.5574924134307
META,news_only,logistic_regression,10,0.0025,31415,"{""C"": 0.6918020343175826, ""l1_ratio"": 1.0}",0.6583333333333333,0.524,23,0.6521739130434783,2.6884213588093675,5432.228162438625,-0.07888379256097502,11.503715376098144,0.6138211382113821,0.5256869772998807,24,0.5833333333333334,1.220353963055069,40.479276036465315,-0.144797678956862,3.0276120330515752,279.5574924134307
META,social_only,logistic_regression,2,0.0,42,"{""C"": 0.001002321371930388, ""l1_ratio"": 0.0}",0.5040322580645161,0.5121008745169819,123,0.4959349593495935,0.26120207221646463,0.05440160414585771,-0.3492852694855577,0.3824401691557211,0.483739837398374,0.5262749071259709,122,0.5,-0.823643898491918,-0.5097961343576689,-0.4749550246663348,-1.0270028030010636,-1.0733566503813927
META,social_only,logistic_regression,2,0.0,7,"{""C"": 0.001274943207215433, ""l1_ratio"": 0.0}",0.5040322580645161,0.5122364585451834,123,0.4959349593495935,0.07896084090445789,-0.09192212339160266,-0.3558620382542869,0.11525258364792715,0.483739837398374,0.5274907125970956,122,0.5,-0.823643898491918,-0.5097961343576689,-0.4749550246663348,-1.0270028030010636,-1.0733566503813927
META,social_only,logistic_regression,2,0.0,1337,"{""C"": 0.001, ""l1_ratio"": 0.0}",0.5040322580645161,0.5121008745169819,123,0.4959349593495935,0.26120207221646463,0.05440160414585771,-0.3492852694855577,0.3824401691557211,0.483739837398374,0.5262749071259709,122,0.5,-0.823643898491918,-0.5097961343576689,-0.4749550246663348,-1.0270028030010636,-1.0733566503813927
META,social_only,logistic_regression,2,0.0,2024,"{""C"": 0.0010086604545651403, ""l1_ratio"": 0.0}",0.5040322580645161,0.5121008745169819,123,0.4959349593495935,0.26120207221646463,0.05440160414585771,-0.3492852694855577,0.3824401691557211,0.483739837398374,0.5262073623775751,122,0.5,-0.823643898491918,-0.5097961343576689,-0.4749550246663348,-1.0270028030010636,-1.0733566503813927
META,social_only,logistic_regression,2,0.0,31415,"{""C"": 0.001000989939274184, ""l1_ratio"": 0.0}",0.5040322580645161,0.5121008745169819,123,0.4959349593495935,0.26120207221646463,0.05440160414585771,-0.3492852694855577,0.3824401691557211,0.483739837398374,0.5262749071259709,122,0.5,-0.823643898491918,-0.5097961343576689,-0.4749550246663348,-1.0270028030010636,-1.0733566503813927
META,social_only,logistic_regression,5,0.0,42,"{""C"": 0.004348156409451717, ""l1_ratio"": 0.0}",0.5591836734693878,0.6067825956037337,48,0.5625,0.6852023337237723,1.6901275195562473,-0.2730854820080967,1.0404362818533037,0.5203252032520326,0.5522133147438132,49,0.5714285714285714,0.3787738389868531,0.4511140318105,-0.2569374478464303,0.5495712600130138,1.7557348513873607
META,social_only,logistic_regression,5,0.0,7,"{""C"": 0.004931254945527502, ""l1_ratio"": 0.0}",0.5591836734693878,0.6079870520927432,48,0.5625,0.6852023337237723,1.6901275195562473,-0.2730854820080967,1.0404362818533037,0.5203252032520326,0.555280585569885,49,0.5714285714285714,0.3787738389868531,0.4511140318105,-0.2569374478464303,0.5495712600130138,1.7557348513873607
META,social_only,logistic_regression,5,0.0,1337,"{""C"": 0.005155253110588592, ""l1_ratio"": 0.0}",0.5591836734693878,0.6079870520927432,48,0.5625,0.6852023337237723,1.6901275195562473,-0.2730854820080967,1.0404362818533037,0.5203252032520326,0.5550017427675148,49,0.5714285714285714,0.3787738389868531,0.4511140318105,-0.2569374478464303,0.5495712600130138,1.7557348513873607
META,social_only,logistic_regression,5,0.0,2024,"{""C"": 0.0050902484785820025, ""l1_ratio"": 0.0}",0.5591836734693878,0.6080623306233063,48,0.5625,0.6852023337237723,1.6901275195562473,-0.2730854820080967,1.0404362818533037,0.5203252032520326,0.5550714534681074,49,0.5714285714285714,0.3787738389868531,0.4511140318105,-0.2569374478464303,0.5495712600130138,1.7557348513873607
META,social_only,logistic_regression,5,0.0,31415,"{""C"": 0.004598399853874548, ""l1_ratio"": 0.0}",0.5591836734693878,0.6070837097259861,48,0.5625,0.6852023337237723,1.6901275195562473,-0.2730854820080967,1.0404362818533037,0.5203252032520326,0.5529801324503311,49,0.5714285714285714,0.3787738389868531,0.4511140318105,-0.2569374478464303,0.5495712600130138,1.7557348513873607
META,social_only,logistic_regression,10,0.0025,42,"{""C"": 0.851515938787752, ""l1_ratio"": 1.0}",0.5458333333333333,0.5486153846153846,23,0.4782608695652174,0.5121518582230224,2.749518741807181,-0.20153146831862567,1.0063743807398988,0.4634146341463415,0.4331998032187786,24,0.4166666666666667,-0.17723957576437196,-0.7193375759872482,-0.2746650551212875,-0.465383139022088,-2.6189628515706183
META,social_only,logistic_regression,10,0.0025,7,"{""C"": 7.709412814368157, ""l1_ratio"": 1.0}",0.5416666666666666,0.5481758241758241,23,0.4782608695652174,0.5121518582230224,2.749518741807181,-0.20153146831862567,1.0063743807398988,0.45934959349593496,0.433621477264741,24,0.4166666666666667,-0.17723957576437196,-0.7193375759872482,-0.2746650551212875,-0.465383139022088,-2.6189628515706183
META,social_only,logistic_regression,10,0.0025,1337,"{""C"": 0.8070415448498313, ""l1_ratio"": 1.0}",0.5458333333333333,0.5490549450549451,23,0.4782608695652174,0.5121518582230224,2.749518741807181,-0.20153146831862567,1.0063743807398988,0.4634146341463415,0.4331998032187786,24,0.4166666666666667,-0.17723957576437196,-0.7193375759872482,-0.2746650551212875,-0.465383139022088,-2.6189628515706183
META,social_only,logistic_regression,10,0.0025,2024,"{""C"": 9.519307812122342, ""l1_ratio"": 1.0}",0.5416666666666666,0.5481758241758241,23,0.4782608695652174,0.5121518582230224,2.749518741807181,-0.20153146831862567,1.0063743807398988,0.45934959349593496,0.43376203528006185,24,0.4166666666666667,-0.17723957576437196,-0.7193375759872482,-0.2746650551212875,-0.465383139022088,-2.6189628515706183
META,social_only,logistic_regression,10,0.0025,31415,"{""C"": 0.6918020343175826, ""l1_ratio"": 1.0}",0.5458333333333333,0.5486153846153847,23,0.4782608695652174,0.5121518582230224,2.749518741807181,-0.20153146831862567,1.0063743807398988,0.4634146341463415,0.43242673413451405,24,0.4166666666666667,-0.17723957576437196,-0.7193375759872482,-0.2746650551212875,-0.465383139022088,-2.6189628515706183
META,sentiment_only,logistic_regression,2,0.0,42,"{""C"": 9.609812947036422, ""l1_ratio"": 0.0}",0.5564516129032258,0.5480306419903735,123,0.5203252032520326,1.3908359983028702,1.642236434541771,-0.16130947421432715,2.7293477016130816,0.4959349593495935,0.48706518068220195,122,0.45901639344262296,-0.5823949978669375,-0.4150997846272245,-0.4522958089957727,-0.9407845503135822,-0.9177617310867104
META,sentiment_only,logistic_regression,2,0.0,7,"{""C"": 0.013699206087220611, ""l1_ratio"": 0.0}",0.5564516129032258,0.5480306419903735,123,0.5203252032520326,1.3908359983028702,1.642236434541771,-0.16130947421432715,2.7293477016130816,0.4959349593495935,0.48706518068220195,122,0.45901639344262296,-0.5823949978669375,-0.4150997846272245,-0.4522958089957727,-0.9407845503135822,-0.9177617310867104
META,sentiment_only,logistic_regression,2,0.0,1337,"{""C"": 0.6348172749728034, ""l1_ratio"": 0.0}",0.5564516129032258,0.5480306419903735,123,0.5203252032520326,1.3908359983028702,1.642236434541771,-0.16130947421432715,2.7293477016130816,0.4959349593495935,0.48706518068220195,122,0.45901639344262296,-0.5823949978669375,-0.4150997846272245,-0.4522958089957727,-0.9407845503135822,-0.9177617310867104
META,sentiment_only,logistic_regression,2,0.0,2024,"{""C"": 6.106142678593516, ""l1_ratio"": 1.0}",0.5524193548387096,0.5480306419903735,123,0.5121951219512195,1.2614665395530544,1.38314819843937,-0.16130947421432715,2.498519328470119,0.4959349593495935,0.48706518068220195,122,0.45901639344262296,-0.5823949978669375,-0.4150997846272245,-0.4522958089957727,-0.9407845503135822,-0.9177617310867104
META,sentiment_only,logistic_regression,2,0.0,31415,"{""C"": 84.33391017347104, ""l1_ratio"": 0.0}",0.5564516129032258,0.5480306419903735,123,0.5203252032520326,1.3908359983028702,1.642236434541771,-0.16130947421432715,2.7293477016130816,0.4959349593495935,0.48706518068220195,122,0.45901639344262296,-0.5823949978669375,-0.4150997846272245,-0.4522958089957727,-0.9407845503135822,-0.9177617310867104
META,sentiment_only,logistic_regression,5,0.0,42,"{""C"": 0.0051800516442430215, ""l1_ratio"": 1.0}",0.3306122448979592,0.5,48,0.2708333333333333,-3.1439891046186133,-0.9980117977493703,-0.6737306861429226,-3.8624977909797282,0.3861788617886179,0.5,49,0.3673469387755102,-1.7735811129830235,-0.9706465243297602,-0.5036571261506279,-2.2638632668097056,-1.9271970432509489
META,sentiment_only,logistic_regression,5,0.0,7,"{""C"": 0.0012010243286273083, ""l1_ratio"": 1.0}",0.3306122448979592,0.5,48,0.2708333333333333,-3.1439891046186133,-0.9980117977493703,-0.6737306861429226,-3.8624977909797282,0.3861788617886179,0.5,49,0.3673469387755102,-1.7735811129830235,-0.9706465243297602,-0.5036571261506279,-2.2638632668097056,-1.9271970432509489
META,sentiment_only,logistic_regression,5,0.0,1337,"{""C"": 0.015029477161327656, ""l1_ratio"": 1.0}",0.3306122448979592,0.5,48,0.2708333333333333,-3.1439891046186133,-0.9980117977493703,-0.6737306861429226,-3.8624977909797282,0.3861788617886179,0.5,49,0.3673469387755102,-1.7735811129830235,-0.9706465243297602,-0.5036571261506279,-2.2638632668097056,-1.9271970432509489
META,sentiment_only,logistic_regression,5,0.0,2024,"{""C"": 0.004594985933245014, ""l1_ratio"": 1.0}",0.3306122448979592,0.5,48,0.2708333333333333,-3.1439891046186133,-0.9980117977493703,-0.6737306861429226,-3.8624977909797282,0.3861788617886179,0.5,49,0.3673469387755102,-1.7735811129830235,-0.9706465243297602,-0.5036571261506279,-2.2638632668097056,-1.9271970432509489
META,sentiment_only,logistic_regression,5,0.0,31415,"{""C"": 0.0011485369042670123, ""l1_ratio"": 1.0}",0.3306122448979592,0.5,48,0.2708333333333333,-3.1439891046186133,-0.9980117977493703,-0.6737306861429226,-3.8624977909797282,0.3861788617886179,0.5,49,0.3673469387755102,-1.7735811129830235,-0.9706465243297602,-0.5036571261506279,-2.2638632668097056,-1.9271970432509489
META,sentiment_only,logistic_regression,10,0.0025,42,"{""C"": 0.0051800516442430215, ""l1_ratio"": 1.0}",0.2708333333333333,0.5,23,0.30434782608695654,-3.5378335277673174,-0.9999950009344566,-0.6573452556067528,-4.287893767339241,0.3780487804878049,0.5,24,0.3333333333333333,-1.7504155097446377,-0.9988550822995697,-0.4536208567730339,-2.450366717484386,-2.2019602215939114
META,sentiment_only,logistic_regression,10,0.0025,7,"{""C"": 0.0012010243286273083, ""l1_ratio"": 1.0}",0.2708333333333333,0.5,23,0.30434782608695654,-3.5378335277673174,-0.9999950009344566,-0.6573452556067528,-4.287893767339241,0.3780487804878049,0.5,24,0.3333333333333333,-1.7504155097446377,-0.9988550822995697,-0.4536208567730339,-2.450366717484386,-2.2019602215939114
META,sentiment_only,logistic_regression,10,0.0025,1337,"{""C"": 0.015029477161327656, ""l1_ratio"": 1.0}",0.2708333333333333,0.5,23,0.30434782608695654,-3.5378335277673174,-0.9999950009344566,-0.6573452556067528,-4.287893767339241,0.3780487804878049,0.5,24,0.3333333333333333,-1.7504155097446377,-0.9988550822995697,-0.4536208567730339,-2.450366717484386,-2.2019602215939114
META,sentiment_only,logistic_regression,10,0.0025,2024,"{""C"": 0.004594985933245014, ""l1_ratio"": 1.0}",0.2708333333333333,0.5,23,0.30434782608695654,-3.5378335277673174,-0.9999950009344566,-0.6573452556067528,-4.287893767339241,0.3780487804878049,0.5,24,0.3333333333333333,-1.7504155097446377,-0.9988550822995697,-0.4536208567730339,-2.450366717484386,-2.2019602215939114
META,sentiment_only,logistic_regression,10,0.0025,31415,"{""C"": 0.0011485369042670123, ""l1_ratio"": 1.0}",0.2708333333333333,0.5,23,0.30434782608695654,-3.5378335277673174,-0.9999950009344566,-0.6573452556067528,-4.287893767339241,0.3780487804878049,0.5,24,0.3333333333333333,-1.7504155097446377,-0.9988550822995697,-0.4536208567730339,-2.450366717484386,-2.2019602215939114
META,technical_only,logistic_regression,2,0.0,42,"{""C"": 0.001301664158956764, ""l1_ratio"": 0.0}",0.6048387096774194,0.5399294963053353,123,0.5934959349593496,2.32634577655094,4.459937216009571,-0.19341613398235824,3.383493353779288,0.6056910569105691,0.603208375548801,122,0.6147540983606558,2.205683507425182,3.095304177571622,-0.2515827905260271,3.4627344990677105,12.303322381867778
META,technical_only,logistic_regression,2,0.0,7,"{""C"": 0.0012089196484222503, ""l1_ratio"": 0.0}",0.6048387096774194,0.5399294963053353,123,0.5934959349593496,2.32634577655094,4.459937216009571,-0.19341613398235824,3.383493353779288,0.6056910569105691,0.603208375548801,122,0.6147540983606558,2.205683507425182,3.095304177571622,-0.2515827905260271,3.4627344990677105,12.303322381867778
META,technical_only,logistic_regression,2,0.0,1337,"{""C"": 0.0010634395392756825, ""l1_ratio"": 0.0}",0.6048387096774194,0.5398617042912345,123,0.5934959349593496,2.32634577655094,4.459937216009571,-0.19341613398235824,3.383493353779288,0.6056910569105691,0.6030732860520094,122,0.6147540983606558,2.205683507425182,3.095304177571622,-0.2515827905260271,3.4627344990677105,12.303322381867778
META,technical_only,logistic_regression,2,0.0,2024,"{""C"": 0.0012485811268011487, ""l1_ratio"": 0.0}",0.6048387096774194,0.5399294963053353,123,0.5934959349593496,2.32634577655094,4.459937216009571,-0.19341613398235824,3.383493353779288,0.6056910569105691,0.603208375548801,122,0.6147540983606558,2.205683507425182,3.095304177571622,-0.2515827905260271,3.4627344990677105,12.303322381867778
META,technical_only,logistic_regression,2,0.0,31415,"{""C"": 0.0011956702768184829, ""l1_ratio"": 0.0}",0.6048387096774194,0.5399294963053353,123,0.5934959349593496,2.32634577655094,4.459937216009571,-0.19341613398235824,3.383493353779288,0.6056910569105691,0.603208375548801,122,0.6147540983606558,2.205683507425182,3.095304177571622,-0.2515827905260271,3.4627344990677105,12.303322381867778
META,technical_only,logistic_regression,5,0.0,42,"{""C"": 0.004664398084101603, ""l1_ratio"": 0.0}",0.6938775510204082,0.6267690454682324,48,0.6666666666666666,1.9572335809315218,28.987095194447058,-0.24525708314672656,3.223814564580223,0.6341463414634146,0.5858487277797141,49,0.6530612244897959,2.394952641015622,45.03288337168893,-0.13917451796715946,3.3386230441177718,323.5713263423351
META,technical_only,logistic_regression,5,0.0,7,"{""C"": 0.004795196723626481, ""l1_ratio"": 0.0}",0.6938775510204082,0.6266937669376694,48,0.6666666666666666,1.9572335809315218,28.987095194447058,-0.24525708314672656,3.223814564580223,0.6341463414634146,0.585709306378529,49,0.6530612244897959,2.394952641015622,45.03288337168893,-0.13917451796715946,3.3386230441177718,323.5713263423351
META,technical_only,logistic_regression,5,0.0,1337,"{""C"": 0.0048957369986382384, ""l1_ratio"": 0.0}",0.6938775510204082,0.6266937669376694,48,0.6666666666666666,1.9572335809315218,28.987095194447058,-0.24525708314672656,3.223814564580223,0.6341463414634146,0.5859881491808991,49,0.6530612244897959,2.394952641015622,45.03288337168893,-0.13917451796715946,3.3386230441177718,323.5713263423351
META,technical_only,logistic_regression,5,0.0,2024,"{""C"": 0.005971640280819262, ""l1_ratio"": 0.0}",0.6938775510204082,0.6266184884071063,48,0.6666666666666666,1.9572335809315218,28.987095194447058,-0.24525708314672656,3.223814564580223,0.6341463414634146,0.5858487277797141,49,0.6530612244897959,2.394952641015622,45.03288337168893,-0.13917451796715946,3.3386230441177718,323.5713263423351
META,technical_only,logistic_regression,5,0.0,31415,"{""C"": 0.004808175657641922, ""l1_ratio"": 0.0}",0.6938775510204082,0.6266937669376694,48,0.6666666666666666,1.9572335809315218,28.987095194447058,-0.24525708314672656,3.223814564580223,0.6341463414634146,0.585709306378529,49,0.6530612244897959,2.394952641015622,45.03288337168893,-0.13917451796715946,3.3386230441177718,323.5713263423351
META,technical_only,logistic_regression,10,0.0025,42,"{""C"": 3.5183915086995543, ""l1_ratio"": 1.0}",0.6583333333333333,0.5270329670329671,23,0.6521739130434783,2.6884213588093675,5432.228162438625,-0.07888379256097502,11.503715376098144,0.6097560975609756,0.524913908215616,24,0.5833333333333334,1.220353963055069,40.479276036465315,-0.144797678956862,3.0276120330515752,279.5574924134307
META,technical_only,logistic_regression,10,0.0025,7,"{""C"": 0.11698933850778968, ""l1_ratio"": 0.0}",0.6583333333333333,0.5270329670329671,23,0.6521739130434783,2.6884213588093675,5432.228162438625,-0.07888379256097502,11.503715376098144,0.6097560975609756,0.5253355822615784,24,0.5833333333333334,1.220353963055069,40.479276036465315,-0.144797678956862,3.0276120330515752,279.5574924134307
META,technical_only,logistic_regression,10,0.0025,1337,"{""C"": 4.474002427415742, ""l1_ratio"": 1.0}",0.6583333333333333,0.5270329670329671,23,0.6521739130434783,2.6884213588093675,5432.228162438625,-0.07888379256097502,11.503715376098144,0.6097560975609756,0.524913908215616,24,0.5833333333333334,1.220353963055069,40.479276036465315,-0.144797678956862,3.0276120330515752,279.5574924134307
META,technical_only,logistic_regression,10,0.0025,2024,"{""C"": 6.106142678593516, ""l1_ratio"": 1.0}",0.6583333333333333,0.526945054945055,23,0.6521739130434783,2.6884213588093675,5432.228162438625,-0.07888379256097502,11.503715376098144,0.6097560975609756,0.524913908215616,24,0.5833333333333334,1.220353963055069,40.479276036465315,-0.144797678956862,3.0276120330515752,279.5574924134307
META,technical_only,logistic_regression,10,0.0025,31415,"{""C"": 0.13812410453622115, ""l1_ratio"": 0.0}",0.6583333333333333,0.5270329670329671,23,0.6521739130434783,2.6884213588093675,5432.228162438625,-0.07888379256097502,11.503715376098144,0.6097560975609756,0.5253355822615784,24,0.5833333333333334,1.220353963055069,40.479276036465315,-0.144797678956862,3.0276120330515752,279.5574924134307
META,learned_alpha_per_stock,logistic_regression,2,0.0,42,"{""C"": 0.001, ""l1_ratio"": 0.0}",0.6169354838709677,0.5990102365941291,123,0.6178861788617886,3.0460743909024393,8.321148250489392,-0.17762149290244666,4.300656589858204,0.5853658536585366,0.6004728132387708,122,0.6065573770491803,1.9451181028509028,2.440993895525157,-0.14375306919518113,3.0738276553917316,16.980464550714327
META,learned_alpha_per_stock,logistic_regression,2,0.0,7,"{""C"": 0.0011721459946120263, ""l1_ratio"": 0.0}",0.6169354838709677,0.5990102365941292,123,0.6178861788617886,3.0460743909024393,8.321148250489392,-0.17762149290244666,4.300656589858204,0.5853658536585366,0.6008780817291456,122,0.6065573770491803,1.9451181028509028,2.440993895525157,-0.14375306919518113,3.0738276553917316,16.980464550714327
META,learned_alpha_per_stock,logistic_regression,2,0.0,1337,"{""C"": 0.0010634395392756825, ""l1_ratio"": 0.0}",0.6169354838709677,0.5990102365941291,123,0.6178861788617886,3.0460743909024393,8.321148250489392,-0.17762149290244666,4.300656589858204,0.5853658536585366,0.6005403579871664,122,0.6065573770491803,1.9451181028509028,2.440993895525157,-0.14375306919518113,3.0738276553917316,16.980464550714327
META,learned_alpha_per_stock,logistic_regression,2,0.0,2024,"{""C"": 0.001, ""l1_ratio"": 0.0}",0.6169354838709677,0.5990102365941291,123,0.6178861788617886,3.0460743909024393,8.321148250489392,-0.17762149290244666,4.300656589858204,0.5853658536585366,0.6004728132387708,122,0.6065573770491803,1.9451181028509028,2.440993895525157,-0.14375306919518113,3.0738276553917316,16.980464550714327
META,learned_alpha_per_stock,logistic_regression,2,0.0,31415,"{""C"": 0.001, ""l1_ratio"": 0.0}",0.6169354838709677,0.5990102365941291,123,0.6178861788617886,3.0460743909024393,8.321148250489392,-0.17762149290244666,4.300656589858204,0.5853658536585366,0.6004728132387708,122,0.6065573770491803,1.9451181028509028,2.440993895525157,-0.14375306919518113,3.0738276553917316,16.980464550714327
META,learned_alpha_per_stock,logistic_regression,5,0.0,42,"{""C"": 0.006435167829739572, ""l1_ratio"": 0.0}",0.5387755102040817,0.5762571514604035,48,0.5625,0.7238981570317862,1.922147184197311,-0.3368739668594781,1.365833011124896,0.556910569105691,0.6134541652143604,49,0.5714285714285714,0.1535159113064784,-0.06576949008008326,-0.27487270675428904,0.1558028426713819,-0.2392725376654989
META,learned_alpha_per_stock,logistic_regression,5,0.0,7,"{""C"": 0.0921958875119815, ""l1_ratio"": 1.0}",0.689795918367347,0.5905224330021077,48,0.7083333333333334,3.1940449339484482,227.4393507274299,-0.1427320697091976,7.305160860518456,0.6178861788617886,0.5600209132101779,49,0.6326530612244898,2.289659361171704,38.09538389695544,-0.13917451796715946,3.293008631460965,273.72384293757483
META,learned_alpha_per_stock,logistic_regression,5,0.0,1337,"{""C"": 0.08041615306556137, ""l1_ratio"": 1.0}",0.689795918367347,0.5905224330021077,48,0.7083333333333334,3.1940449339484482,227.4393507274299,-0.1427320697091976,7.305160860518456,0.6178861788617886,0.5596026490066226,49,0.6326530612244898,2.289659361171704,38.09538389695544,-0.13917451796715946,3.293008631460965,273.72384293757483
META,learned_alpha_per_stock,logistic_regression,5,0.0,2024,"{""C"": 0.006753119002807763, ""l1_ratio"": 0.0}",0.5387755102040817,0.575880758807588,48,0.5625,0.7238981570317862,1.922147184197311,-0.3368739668594781,1.365833011124896,0.556910569105691,0.6134541652143604,49,0.5714285714285714,0.1535159113064784,-0.06576949008008326,-0.27487270675428904,0.1558028426713819,-0.2392725376654989
META,learned_alpha_per_stock,logistic_regression,5,0.0,31415,"{""C"": 0.010778562110163582, ""l1_ratio"": 0.0}",0.5469387755102041,0.5755043661547726,48,0.5625,0.7238981570317862,1.922147184197311,-0.3368739668594781,1.365833011124896,0.556910569105691,0.6118508191007319,49,0.5714285714285714,0.1535159113064784,-0.06576949008008326,-0.27487270675428904,0.1558028426713819,-0.2392725376654989
META,learned_alpha_per_stock,logistic_regression,10,0.0025,42,"{""C"": 0.15241964524380586, ""l1_ratio"": 1.0}",0.6625,0.5144175824175824,23,0.6521739130434783,2.6884213588093675,5432.228162438625,-0.07888379256097502,11.503715376098144,0.6178861788617886,0.5289549511560896,24,0.5833333333333334,1.220353963055069,40.479276036465315,-0.144797678956862,3.0276120330515752,279.5574924134307
META,learned_alpha_per_stock,logistic_regression,10,0.0025,7,"{""C"": 77.82416781263099, ""l1_ratio"": 0.0}",0.575,0.5129670329670329,23,0.5652173913043478,2.15796315535347,1229.9247523520282,-0.10626144025373235,7.722834468837326,0.524390243902439,0.529341485698222,24,0.5,0.19571825139626783,0.05280344677316329,-0.25097549382764023,0.27161964746265016,0.2103928394276875
META,learned_alpha_per_stock,logistic_regression,10,0.0025,1337,"{""C"": 27.466665185143455, ""l1_ratio"": 0.0}",0.575,0.5129670329670329,23,0.5652173913043478,2.15796315535347,1229.9247523520282,-0.10626144025373235,7.722834468837326,0.524390243902439,0.529341485698222,24,0.5,0.19571825139626783,0.05280344677316329,-0.25097549382764023,0.27161964746265016,0.2103928394276875
META,learned_alpha_per_stock,logistic_regression,10,0.0025,2024,"{""C"": 86.39886872067538, ""l1_ratio"": 0.0}",0.575,0.5129670329670329,23,0.5652173913043478,2.15796315535347,1229.9247523520282,-0.10626144025373235,7.722834468837326,0.524390243902439,0.529341485698222,24,0.5,0.19571825139626783,0.05280344677316329,-0.25097549382764023,0.27161964746265016,0.2103928394276875
META,learned_alpha_per_stock,logistic_regression,10,0.0025,31415,"{""C"": 84.33391017347104, ""l1_ratio"": 0.0}",0.575,0.5129670329670329,23,0.5652173913043478,2.15796315535347,1229.9247523520282,-0.10626144025373235,7.722834468837326,0.524390243902439,0.529341485698222,24,0.5,0.19571825139626783,0.05280344677316329,-0.25097549382764023,0.27161964746265016,0.2103928394276875
META,learned_alpha_global,logistic_regression,2,0.0,42,"{""C"": 0.001, ""l1_ratio"": 0.0}",0.6169354838709677,0.5974510202698122,123,0.6178861788617886,3.0460743909024393,8.321148250489392,-0.17762149290244666,4.300656589858204,0.5772357723577236,0.5962850388382304,122,0.5983606557377049,1.8808567776597005,2.295217012368752,-0.15405236534673108,2.996807692767864,14.898940416804546
META,learned_alpha_global,logistic_regression,2,0.0,7,"{""C"": 0.001, ""l1_ratio"": 0.0}",0.6169354838709677,0.5974510202698122,123,0.6178861788617886,3.0460743909024393,8.321148250489392,-0.17762149290244666,4.300656589858204,0.5772357723577236,0.5962850388382304,122,0.5983606557377049,1.8808567776597005,2.295217012368752,-0.15405236534673108,2.996807692767864,14.898940416804546
META,learned_alpha_global,logistic_regression,2,0.0,1337,"{""C"": 0.001, ""l1_ratio"": 0.0}",0.6169354838709677,0.5974510202698122,123,0.6178861788617886,3.0460743909024393,8.321148250489392,-0.17762149290244666,4.300656589858204,0.5772357723577236,0.5962850388382304,122,0.5983606557377049,1.8808567776597005,2.295217012368752,-0.15405236534673108,2.996807692767864,14.898940416804546
META,learned_alpha_global,logistic_regression,2,0.0,2024,"{""C"": 0.001, ""l1_ratio"": 0.0}",0.6169354838709677,0.5974510202698122,123,0.6178861788617886,3.0460743909024393,8.321148250489392,-0.17762149290244666,4.300656589858204,0.5772357723577236,0.5962850388382304,122,0.5983606557377049,1.8808567776597005,2.295217012368752,-0.15405236534673108,2.996807692767864,14.898940416804546
META,learned_alpha_global,logistic_regression,2,0.0,31415,"{""C"": 0.0011354794618210625, ""l1_ratio"": 0.0}",0.6169354838709677,0.5975188122839129,123,0.6178861788617886,3.0460743909024393,8.321148250489392,-0.17762149290244666,4.300656589858204,0.5772357723577236,0.5968253968253968,122,0.5983606557377049,1.8808567776597005,2.295217012368752,-0.15405236534673108,2.996807692767864,14.898940416804546
META,learned_alpha_global,logistic_regression,5,0.0,42,"{""C"": 0.005670094724970588, ""l1_ratio"": 0.0}",0.5346938775510204,0.5770099367660344,48,0.5833333333333334,0.9991933654629138,4.012053497759846,-0.26510170148623036,1.837233667771258,0.5528455284552846,0.6115719762983618,49,0.5714285714285714,0.1535159113064784,-0.06576949008008326,-0.27487270675428904,0.1558028426713819,-0.2392725376654989
META,learned_alpha_global,logistic_regression,5,0.0,7,"{""C"": 0.0921958875119815, ""l1_ratio"": 1.0}",0.689795918367347,0.5905224330021077,48,0.7083333333333334,3.1940449339484482,227.4393507274299,-0.1427320697091976,7.305160860518456,0.6178861788617886,0.5600209132101779,49,0.6326530612244898,2.289659361171704,38.09538389695544,-0.13917451796715946,3.293008631460965,273.72384293757483
META,learned_alpha_global,logistic_regression,5,0.0,1337,"{""C"": 0.08041615306556137, ""l1_ratio"": 1.0}",0.689795918367347,0.5905224330021077,48,0.7083333333333334,3.1940449339484482,227.4393507274299,-0.1427320697091976,7.305160860518456,0.6178861788617886,0.5596026490066226,49,0.6326530612244898,2.289659361171704,38.09538389695544,-0.13917451796715946,3.293008631460965,273.72384293757483
META,learned_alpha_global,logistic_regression,5,0.0,2024,"{""C"": 0.006396104132901488, ""l1_ratio"": 0.0}",0.5346938775510204,0.5770099367660343,48,0.5833333333333334,0.9991933654629138,4.012053497759846,-0.26510170148623036,1.837233667771258,0.556910569105691,0.6121296619031021,49,0.5714285714285714,0.1535159113064784,-0.06576949008008326,-0.27487270675428904,0.1558028426713819,-0.2392725376654989
META,learned_alpha_global,logistic_regression,5,0.0,31415,"{""C"": 0.005367535064237862, ""l1_ratio"": 0.0}",0.5346938775510204,0.5767841011743452,48,0.5833333333333334,0.9991933654629138,4.012053497759846,-0.26510170148623036,1.837233667771258,0.5528455284552846,0.6115719762983617,49,0.5714285714285714,0.1535159113064784,-0.06576949008008326,-0.27487270675428904,0.1558028426713819,-0.2392725376654989
META,learned_alpha_global,logistic_regression,10,0.0025,42,"{""C"": 9.609812947036422, ""l1_ratio"": 0.0}",0.5583333333333333,0.5147252747252746,23,0.5652173913043478,2.15796315535347,1229.9247523520282,-0.10626144025373235,7.722834468837326,0.516260162601626,0.526460046384145,24,0.5,0.19571825139626783,0.05280344677316329,-0.25097549382764023,0.27161964746265016,0.2103928394276875
META,learned_alpha_global,logistic_regression,10,0.0025,7,"{""C"": 77.82416781263099, ""l1_ratio"": 0.0}",0.5583333333333333,0.5147252747252746,23,0.5652173913043478,2.15796315535347,1229.9247523520282,-0.10626144025373235,7.722834468837326,0.516260162601626,0.5263897673764847,24,0.5,0.19571825139626783,0.05280344677316329,-0.25097549382764023,0.27161964746265016,0.2103928394276875
META,learned_alpha_global,logistic_regression,10,0.0025,1337,"{""C"": 42.82847589521903, ""l1_ratio"": 0.0}",0.5583333333333333,0.5147252747252746,23,0.5652173913043478,2.15796315535347,1229.9247523520282,-0.10626144025373235,7.722834468837326,0.516260162601626,0.5263897673764847,24,0.5,0.19571825139626783,0.05280344677316329,-0.25097549382764023,0.27161964746265016,0.2103928394276875
META,learned_alpha_global,logistic_regression,10,0.0025,2024,"{""C"": 86.39886872067538, ""l1_ratio"": 0.0}",0.5583333333333333,0.5147252747252746,23,0.5652173913043478,2.15796315535347,1229.9247523520282,-0.10626144025373235,7.722834468837326,0.516260162601626,0.5263194883688243,24,0.5,0.19571825139626783,0.05280344677316329,-0.25097549382764023,0.27161964746265016,0.2103928394276875
META,learned_alpha_global,logistic_regression,10,0.0025,31415,"{""C"": 84.33391017347104, ""l1_ratio"": 0.0}",0.5583333333333333,0.5147252747252746,23,0.5652173913043478,2.15796315535347,1229.9247523520282,-0.10626144025373235,7.722834468837326,0.516260162601626,0.5263897673764847,24,0.5,0.19571825139626783,0.05280344677316329,-0.25097549382764023,0.27161964746265016,0.2103928394276875
NVDA,full_70_30,logistic_regression,2,0.005,42,"{""C"": 0.005141216629308447, ""l1_ratio"": 0.0}",0.592741935483871,0.642591505186925,123,0.6260162601626016,2.361502453235366,7.024908276305624,-0.14441856689314678,4.82542207130153,0.5853658536585366,0.5397245762711864,122,0.6475409836065574,3.4913273024440534,24.07781259541333,-0.16051844347207286,6.13097171564352,150.00028703618977
NVDA,full_70_30,logistic_regression,2,0.005,7,"{""C"": 0.006195790036053124, ""l1_ratio"": 0.0}",0.5887096774193549,0.642721993867032,123,0.6178861788617886,2.1867981357374777,5.81081566443812,-0.17947326509751285,4.515573819777875,0.5853658536585366,0.5444253177966102,122,0.6475409836065574,3.4913273024440534,24.07781259541333,-0.16051844347207286,6.13097171564352,150.00028703618977
NVDA,full_70_30,logistic_regression,2,0.005,1337,"{""C"": 0.005166913243110818, ""l1_ratio"": 0.0}",0.592741935483871,0.642591505186925,123,0.6260162601626016,2.361502453235366,7.024908276305624,-0.14441856689314678,4.82542207130153,0.5853658536585366,0.5397907838983051,122,0.6475409836065574,3.4913273024440534,24.07781259541333,-0.16051844347207286,6.13097171564352,150.00028703618977
NVDA,full_70_30,logistic_regression,2,0.005,2024,"{""C"": 0.005109601483414288, ""l1_ratio"": 0.0}",0.592741935483871,0.6425262608468715,123,0.6260162601626016,2.361502453235366,7.024908276305624,-0.14441856689314678,4.82542207130153,0.5853658536585366,0.5396583686440678,122,0.6475409836065574,3.4913273024440534,24.07781259541333,-0.16051844347207286,6.13097171564352,150.00028703618977
NVDA,full_70_30,logistic_regression,2,0.005,31415,"{""C"": 0.006144711365639291, ""l1_ratio"": 0.0}",0.5887096774193549,0.642591505186925,123,0.6178861788617886,2.1867981357374777,5.81081566443812,-0.17947326509751285,4.515573819777875,0.5853658536585366,0.5443591101694916,122,0.6475409836065574,3.4913273024440534,24.07781259541333,-0.16051844347207286,6.13097171564352,150.00028703618977
NVDA,full_70_30,logistic_regression,5,0.01,42,"{""C"": 9.609812947036422, ""l1_ratio"": 0.0}",0.6122448979591837,0.6614632822044252,48,0.6458333333333334,2.1845451947651355,92.2197577292904,-0.2742647022563796,4.412309079226716,0.5934959349593496,0.5856283422459894,49,0.6326530612244898,2.102428713661356,161.2475429311425,-0.377309027864122,3.598476232794481,427.36200573820247
NVDA,full_70_30,logistic_regression,5,0.01,7,"{""C"": 4.433258603266353, ""l1_ratio"": 0.0}",0.6122448979591837,0.6615311524365414,48,0.6458333333333334,2.1845451947651355,92.2197577292904,-0.2742647022563796,4.412309079226716,0.5934959349593496,0.5856283422459894,49,0.6326530612244898,2.102428713661356,161.2475429311425,-0.377309027864122,3.598476232794481,427.36200573820247
NVDA,full_70_30,logistic_regression,5,0.01,1337,"{""C"": 73.98879655402143, ""l1_ratio"": 1.0}",0.6122448979591837,0.6615311524365413,48,0.6458333333333334,2.1845451947651355,92.2197577292904,-0.2742647022563796,4.412309079226716,0.5934959349593496,0.585427807486631,49,0.6326530612244898,2.102428713661356,161.2475429311425,-0.377309027864122,3.598476232794481,427.36200573820247
NVDA,full_70_30,logistic_regression,5,0.01,2024,"{""C"": 86.39886872067538, ""l1_ratio"": 0.0}",0.6122448979591837,0.6614632822044252,48,0.6458333333333334,2.1845451947651355,92.2197577292904,-0.2742647022563796,4.412309079226716,0.5934959349593496,0.5854946524064171,49,0.6326530612244898,2.102428713661356,161.2475429311425,-0.377309027864122,3.598476232794481,427.36200573820247
NVDA,full_70_30,logistic_regression,5,0.01,31415,"{""C"": 100.0, ""l1_ratio"": 1.0}",0.6122448979591837,0.6615311524365413,48,0.6458333333333334,2.1845451947651355,92.2197577292904,-0.2742647022563796,4.412309079226716,0.5934959349593496,0.5854946524064171,49,0.6326530612244898,2.102428713661356,161.2475429311425,-0.377309027864122,3.598476232794481,427.36200573820247
NVDA,full_70_30,logistic_regression,10,0.01,42,"{""C"": 21.65490559367187, ""l1_ratio"": 0.0}",0.625,0.6363705738705738,23,0.6956521739130435,2.190319629382246,50181.74753490924,-0.1255861120316955,7.630703820055095,0.556910569105691,0.595,24,0.6666666666666666,1.5298851686802033,594.7851112993129,-0.16615688591308905,2.869430192069895,3579.6597175661113
NVDA,full_70_30,logistic_regression,10,0.01,7,"{""C"": 22.080418018386137, ""l1_ratio"": 0.0}",0.625,0.6363705738705738,23,0.6956521739130435,2.190319629382246,50181.74753490924,-0.1255861120316955,7.630703820055095,0.556910569105691,0.595,24,0.6666666666666666,1.5298851686802033,594.7851112993129,-0.16615688591308905,2.869430192069895,3579.6597175661113
NVDA,full_70_30,logistic_regression,10,0.01,1337,"{""C"": 20.186110314745864, ""l1_ratio"": 0.0}",0.625,0.6363705738705738,23,0.6956521739130435,2.190319629382246,50181.74753490924,-0.1255861120316955,7.630703820055095,0.556910569105691,0.595,24,0.6666666666666666,1.5298851686802033,594.7851112993129,-0.16615688591308905,2.869430192069895,3579.6597175661113
NVDA,full_70_30,logistic_regression,10,0.01,2024,"{""C"": 21.991791556080532, ""l1_ratio"": 0.0}",0.625,0.6363705738705738,23,0.6956521739130435,2.190319629382246,50181.74753490924,-0.1255861120316955,7.630703820055095,0.556910569105691,0.595,24,0.6666666666666666,1.5298851686802033,594.7851112993129,-0.16615688591308905,2.869430192069895,3579.6597175661113
NVDA,full_70_30,logistic_regression,10,0.01,31415,"{""C"": 84.33391017347104, ""l1_ratio"": 0.0}",0.625,0.6362942612942614,23,0.6956521739130435,2.190319629382246,50181.74753490924,-0.1255861120316955,7.630703820055095,0.556910569105691,0.5949305555555555,24,0.6666666666666666,1.5298851686802033,594.7851112993129,-0.16615688591308905,2.869430192069895,3579.6597175661113
NVDA,equal_50_50,logistic_regression,2,0.005,42,"{""C"": 0.004347591076711064, ""l1_ratio"": 0.0}",0.5967741935483871,0.6337835192797024,123,0.6341463414634146,2.7752713184134903,10.76475553721316,-0.14441856689314675,6.270117976798809,0.5894308943089431,0.538334216101695,122,0.6475409836065574,3.4936610885005406,24.130621247077876,-0.1596630810428434,6.127350409094819,151.13463356380274
NVDA,equal_50_50,logistic_regression,2,0.005,7,"{""C"": 0.005634960858064917, ""l1_ratio"": 0.0}",0.5887096774193549,0.636067071181575,123,0.6178861788617886,2.1867981357374777,5.81081566443812,-0.17947326509751285,4.515573819777875,0.5853658536585366,0.541313559322034,122,0.6475409836065574,3.4913273024440534,24.07781259541333,-0.16051844347207286,6.13097171564352,150.00028703618977
NVDA,equal_50_50,logistic_regression,2,0.005,1337,"{""C"": 0.005820012859173776, ""l1_ratio"": 0.0}",0.5887096774193549,0.6358713381614144,123,0.6178861788617886,2.1867981357374777,5.81081566443812,-0.17947326509751285,4.515573819777875,0.5853658536585366,0.5423728813559321,122,0.6475409836065574,3.4913273024440534,24.07781259541333,-0.16051844347207286,6.13097171564352,150.00028703618977
NVDA,equal_50_50,logistic_regression,2,0.005,2024,"{""C"": 0.00559642725124829, ""l1_ratio"": 0.0}",0.5887096774193549,0.6360670711815749,123,0.6178861788617886,2.1867981357374777,5.81081566443812,-0.17947326509751285,4.515573819777875,0.5853658536585366,0.5409825211864407,122,0.6475409836065574,3.4913273024440534,24.07781259541333,-0.16051844347207286,6.13097171564352,150.00028703618977
NVDA,equal_50_50,logistic_regression,2,0.005,31415,"{""C"": 0.006161806505583867, ""l1_ratio"": 0.0}",0.5887096774193549,0.6357408494813074,123,0.6178861788617886,2.1867981357374777,5.81081566443812,-0.17947326509751285,4.515573819777875,0.5853658536585366,0.5436308262711864,122,0.6475409836065574,3.4913273024440534,24.07781259541333,-0.16051844347207286,6.13097171564352,150.00028703618977
NVDA,equal_50_50,logistic_regression,5,0.01,42,"{""C"": 1.526684963622225, ""l1_ratio"": 1.0}",0.5755102040816327,0.6462603502103977,48,0.625,2.7506456551960574,293.3771306072535,-0.1786006592352295,5.982031865867328,0.6016260162601627,0.5822192513368984,49,0.6938775510204082,3.1447990281985105,1977.7392650148056,-0.2590380567244569,5.331463900031503,7634.937082308951
NVDA,equal_50_50,logistic_regression,5,0.01,7,"{""C"": 14.811074205962255, ""l1_ratio"": 1.0}",0.5836734693877551,0.6461246097461654,48,0.6458333333333334,2.8700094778966894,369.45459428821385,-0.16982906759782132,6.062538714330364,0.5975609756097561,0.5834224598930481,49,0.673469387755102,2.998690294137456,1426.4372453101807,-0.30462744454592633,5.2743855610925445,4682.563146719789
NVDA,equal_50_50,logistic_regression,5,0.01,1337,"{""C"": 7.684626239076533, ""l1_ratio"": 1.0}",0.5836734693877551,0.646260350210398,48,0.6458333333333334,2.8700094778966894,369.45459428821385,-0.16982906759782132,6.062538714330364,0.5975609756097561,0.5827540106951872,49,0.673469387755102,2.998690294137456,1426.4372453101807,-0.30462744454592633,5.2743855610925445,4682.563146719789
NVDA,equal_50_50,logistic_regression,5,0.01,2024,"{""C"": 10.183261216645194, ""l1_ratio"": 1.0}",0.5836734693877551,0.6461924799782816,48,0.6458333333333334,2.8700094778966894,369.45459428821385,-0.16982906759782132,6.062538714330364,0.5975609756097561,0.5832219251336899,49,0.673469387755102,2.998690294137456,1426.4372453101807,-0.30462744454592633,5.2743855610925445,4682.563146719789
NVDA,equal_50_50,logistic_regression,5,0.01,31415,"{""C"": 15.517033676827735, ""l1_ratio"": 1.0}",0.5836734693877551,0.646328220442514,48,0.6458333333333334,2.8700094778966894,369.45459428821385,-0.16982906759782132,6.062538714330364,0.5975609756097561,0.5832887700534759,49,0.673469387755102,2.998690294137456,1426.4372453101807,-0.30462744454592633,5.2743855610925445,4682.563146719789
NVDA,equal_50_50,logistic_regression,10,0.01,42,"{""C"": 49.29053648241689, ""l1_ratio"": 0.0}",0.6125,0.6352258852258852,23,0.6956521739130435,2.190319629382246,50181.74753490924,-0.1255861120316955,7.630703820055095,0.5813008130081301,0.5856944444444444,24,0.6666666666666666,2.2308897092604254,11918.753797002399,-0.16615688591308908,4.59712346787412,71731.92812025068
NVDA,equal_50_50,logistic_regression,10,0.01,7,"{""C"": 77.82416781263099, ""l1_ratio"": 0.0}",0.6125,0.6352258852258852,23,0.6956521739130435,2.190319629382246,50181.74753490924,-0.1255861120316955,7.630703820055095,0.5813008130081301,0.5856944444444444,24,0.6666666666666666,2.2308897092604254,11918.753797002399,-0.16615688591308908,4.59712346787412,71731.92812025068
NVDA,equal_50_50,logistic_regression,10,0.01,1337,"{""C"": 5.078993702010043, ""l1_ratio"": 0.0}",0.6125,0.6352258852258852,23,0.6956521739130435,2.190319629382246,50181.74753490924,-0.1255861120316955,7.630703820055095,0.5813008130081301,0.5858333333333333,24,0.6666666666666666,2.2308897092604254,11918.753797002399,-0.16615688591308908,4.59712346787412,71731.92812025068
NVDA,equal_50_50,logistic_regression,10,0.01,2024,"{""C"": 86.39886872067538, ""l1_ratio"": 0.0}",0.6125,0.6352258852258852,23,0.6956521739130435,2.190319629382246,50181.74753490924,-0.1255861120316955,7.630703820055095,0.5813008130081301,0.5856944444444444,24,0.6666666666666666,2.2308897092604254,11918.753797002399,-0.16615688591308908,4.59712346787412,71731.92812025068
NVDA,equal_50_50,logistic_regression,10,0.01,31415,"{""C"": 84.33391017347104, ""l1_ratio"": 0.0}",0.6125,0.6352258852258852,23,0.6956521739130435,2.190319629382246,50181.74753490924,-0.1255861120316955,7.630703820055095,0.5813008130081301,0.5856944444444444,24,0.6666666666666666,2.2308897092604254,11918.753797002399,-0.16615688591308908,4.59712346787412,71731.92812025068
NVDA,news_only,logistic_regression,2,0.005,42,"{""C"": 0.005644412363430875, ""l1_ratio"": 0.0}",0.592741935483871,0.6448098127487439,123,0.6260162601626016,2.5960979902420678,8.984859457860919,-0.1794732650975128,5.919370098981437,0.5853658536585366,0.5433659957627119,122,0.6475409836065574,3.4913273024440534,24.07781259541333,-0.16051844347207286,6.13097171564352,150.00028703618977
NVDA,news_only,logistic_regression,2,0.005,7,"{""C"": 0.004927715931678957, ""l1_ratio"": 0.0}",0.5967741935483871,0.644157369348209,123,0.6341463414634146,2.7752713184134903,10.76475553721316,-0.14441856689314675,6.270117976798809,0.5934959349593496,0.5395921610169492,122,0.6475409836065574,3.4936610885005406,24.130621247077876,-0.1596630810428434,6.127350409094819,151.13463356380274
NVDA,news_only,logistic_regression,2,0.005,1337,"{""C"": 0.005054857616183287, ""l1_ratio"": 0.0}",0.5967741935483871,0.644157369348209,123,0.6341463414634146,2.7752713184134903,10.76475553721316,-0.14441856689314675,6.270117976798809,0.5934959349593496,0.5400556144067796,122,0.6475409836065574,3.4936610885005406,24.130621247077876,-0.1596630810428434,6.127350409094819,151.13463356380274
NVDA,news_only,logistic_regression,2,0.005,2024,"{""C"": 0.005222341375865138, ""l1_ratio"": 0.0}",0.592741935483871,0.6442226136882625,123,0.6260162601626016,2.5960979902420678,8.984859457860919,-0.1794732650975128,5.919370098981437,0.5894308943089431,0.5408501059322033,122,0.6475409836065574,3.4913273024440534,24.07781259541333,-0.16051844347207286,6.13097171564352,150.00028703618977
NVDA,news_only,logistic_regression,2,0.005,31415,"{""C"": 0.0050366754435108175, ""l1_ratio"": 0.0}",0.5967741935483871,0.644157369348209,123,0.6341463414634146,2.7752713184134903,10.76475553721316,-0.14441856689314675,6.270117976798809,0.5934959349593496,0.539989406779661,122,0.6475409836065574,3.4936610885005406,24.130621247077876,-0.1596630810428434,6.127350409094819,151.13463356380274
NVDA,news_only,logistic_regression,5,0.01,42,"{""C"": 9.609812947036422, ""l1_ratio"": 0.0}",0.636734693877551,0.6678430840233474,48,0.6666666666666666,2.5445927893538234,194.45864885902435,-0.17963932580247613,4.873057031704329,0.573170731707317,0.5903074866310161,49,0.5714285714285714,0.476143970533237,0.7379705683937929,-0.3773090278641218,0.7161701679524334,1.95587837527056
NVDA,news_only,logistic_regression,5,0.01,7,"{""C"": 77.82416781263099, ""l1_ratio"": 0.0}",0.636734693877551,0.6678430840233474,48,0.6666666666666666,2.5445927893538234,194.45864885902435,-0.17963932580247613,4.873057031704329,0.573170731707317,0.5903074866310161,49,0.5714285714285714,0.476143970533237,0.7379705683937929,-0.3773090278641218,0.7161701679524334,1.95587837527056
NVDA,news_only,logistic_regression,5,0.01,1337,"{""C"": 5.078993702010043, ""l1_ratio"": 0.0}",0.636734693877551,0.6678430840233474,48,0.6666666666666666,2.5445927893538234,194.45864885902435,-0.17963932580247613,4.873057031704329,0.573170731707317,0.5903743315508021,49,0.5714285714285714,0.476143970533237,0.7379705683937929,-0.3773090278641218,0.7161701679524334,1.95587837527056
NVDA,news_only,logistic_regression,5,0.01,2024,"{""C"": 86.39886872067538, ""l1_ratio"": 0.0}",0.636734693877551,0.6678430840233474,48,0.6666666666666666,2.5445927893538234,194.45864885902435,-0.17963932580247613,4.873057031704329,0.573170731707317,0.5903074866310161,49,0.5714285714285714,0.476143970533237,0.7379705683937929,-0.3773090278641218,0.7161701679524334,1.95587837527056
NVDA,news_only,logistic_regression,5,0.01,31415,"{""C"": 84.33391017347104, ""l1_ratio"": 0.0}",0.636734693877551,0.6678430840233474,48,0.6666666666666666,2.5445927893538234,194.45864885902435,-0.17963932580247613,4.873057031704329,0.573170731707317,0.5903074866310161,49,0.5714285714285714,0.476143970533237,0.7379705683937929,-0.3773090278641218,0.7161701679524334,1.95587837527056
NVDA,news_only,logistic_regression,10,0.01,42,"{""C"": 61.0739367011886, ""l1_ratio"": 1.0}",0.6458333333333334,0.6227106227106227,23,0.6956521739130435,2.190319629382246,50181.74753490924,-0.1255861120316955,7.630703820055095,0.5853658536585366,0.6078472222222222,24,0.625,1.3404878359453434,247.6309080712813,-0.16615688591308905,2.638726648578777,1490.343940369757
NVDA,news_only,logistic_regression,10,0.01,7,"{""C"": 77.82416781263099, ""l1_ratio"": 0.0}",0.6458333333333334,0.6226343101343101,23,0.6956521739130435,2.190319629382246,50181.74753490924,-0.1255861120316955,7.630703820055095,0.5853658536585366,0.6077777777777778,24,0.625,1.3404878359453434,247.6309080712813,-0.16615688591308905,2.638726648578777,1490.343940369757
NVDA,news_only,logistic_regression,10,0.01,1337,"{""C"": 24.09061222439243, ""l1_ratio"": 1.0}",0.6458333333333334,0.6226343101343103,23,0.6956521739130435,2.190319629382246,50181.74753490924,-0.1255861120316955,7.630703820055095,0.5853658536585366,0.6077777777777779,24,0.625,1.3404878359453434,247.6309080712813,-0.16615688591308905,2.638726648578777,1490.343940369757
NVDA,news_only,logistic_regression,10,0.01,2024,"{""C"": 86.39886872067538, ""l1_ratio"": 0.0}",0.6458333333333334,0.6226343101343101,23,0.6956521739130435,2.190319629382246,50181.74753490924,-0.1255861120316955,7.630703820055095,0.5853658536585366,0.6077777777777778,24,0.625,1.3404878359453434,247.6309080712813,-0.16615688591308905,2.638726648578777,1490.343940369757
NVDA,news_only,logistic_regression,10,0.01,31415,"{""C"": 24.020963962842917, ""l1_ratio"": 1.0}",0.6458333333333334,0.6226343101343103,23,0.6956521739130435,2.190319629382246,50181.74753490924,-0.1255861120316955,7.630703820055095,0.5853658536585366,0.6077777777777779,24,0.625,1.3404878359453434,247.6309080712813,-0.16615688591308905,2.638726648578777,1490.343940369757
NVDA,social_only,logistic_regression,2,0.005,42,"{""C"": 0.004414862988096576, ""l1_ratio"": 0.0}",0.5967741935483871,0.6133620408429569,123,0.6341463414634146,2.7752713184134903,10.76475553721316,-0.14441856689314675,6.270117976798809,0.5934959349593496,0.589115466101695,122,0.6475409836065574,3.4913273024440534,24.07781259541333,-0.16051844347207286,6.13097171564352,150.00028703618977
NVDA,social_only,logistic_regression,2,0.005,7,"{""C"": 0.004883905100073606, ""l1_ratio"": 0.0}",0.592741935483871,0.6139492399034383,123,0.6260162601626016,2.5960979902420678,8.984859457860919,-0.1794732650975128,5.919370098981437,0.5934959349593496,0.5911016949152542,122,0.6475409836065574,3.4913273024440534,24.07781259541333,-0.16051844347207286,6.13097171564352,150.00028703618977
NVDA,social_only,logistic_regression,2,0.005,1337,"{""C"": 0.004715267958730314, ""l1_ratio"": 0.0}",0.5967741935483871,0.6133620408429569,123,0.6341463414634146,2.7752713184134903,10.76475553721316,-0.14441856689314675,6.270117976798809,0.5934959349593496,0.5905058262711864,122,0.6475409836065574,3.4913273024440534,24.07781259541333,-0.16051844347207286,6.13097171564352,150.00028703618977
NVDA,social_only,logistic_regression,2,0.005,2024,"{""C"": 0.004402177212144721, ""l1_ratio"": 0.0}",0.5967741935483871,0.6133620408429569,123,0.6341463414634146,2.7752713184134903,10.76475553721316,-0.14441856689314675,6.270117976798809,0.5934959349593496,0.5891154661016949,122,0.6475409836065574,3.4913273024440534,24.07781259541333,-0.16051844347207286,6.13097171564352,150.00028703618977
NVDA,social_only,logistic_regression,2,0.005,31415,"{""C"": 0.0045660786808237675, ""l1_ratio"": 0.0}",0.5967741935483871,0.6133620408429569,123,0.6341463414634146,2.7752713184134903,10.76475553721316,-0.14441856689314675,6.270117976798809,0.5934959349593496,0.5897775423728813,122,0.6475409836065574,3.4913273024440534,24.07781259541333,-0.16051844347207286,6.13097171564352,150.00028703618977
NVDA,social_only,logistic_regression,5,0.01,42,"{""C"": 0.0151704152098178, ""l1_ratio"": 0.0}",0.563265306122449,0.606827745350889,48,0.5416666666666666,-0.11250432344531854,-0.5834739322713193,-0.5796810609080101,-0.14609551214363273,0.532520325203252,0.5634358288770054,49,0.5510204081632653,2.0203804786867066,130.89677532884593,-0.18816996737556194,3.8148239431818904,695.6305363416128
NVDA,social_only,logistic_regression,5,0.01,7,"{""C"": 0.013699206087220611, ""l1_ratio"": 0.0}",0.5591836734693878,0.6070313560472377,48,0.5416666666666666,-0.11250432344531854,-0.5834739322713193,-0.5796810609080101,-0.14609551214363273,0.5365853658536586,0.5632352941176471,49,0.5510204081632653,2.0203804786867066,130.89677532884593,-0.18816996737556194,3.8148239431818904,695.6305363416128
NVDA,social_only,logistic_regression,5,0.01,1337,"{""C"": 0.005721484978364018, ""l1_ratio"": 0.0}",0.5387755102040817,0.6064205239581919,48,0.4791666666666667,-0.4182659053734724,-0.8027299693494787,-0.5987982603079249,-0.5651281296392606,0.540650406504065,0.5694518716577541,49,0.5714285714285714,2.1474480844479125,181.83768980352673,-0.18816996737556194,3.948519127350908,966.3480965621
NVDA,social_only,logistic_regression,5,0.01,2024,"{""C"": 0.014290528700256934, ""l1_ratio"": 0.0}",0.5591836734693878,0.6072349667435862,48,0.5416666666666666,-0.11250432344531854,-0.5834739322713193,-0.5796810609080101,-0.14609551214363273,0.5365853658536586,0.5634358288770054,49,0.5510204081632653,2.0203804786867066,130.89677532884593,-0.18816996737556194,3.8148239431818904,695.6305363416128
NVDA,social_only,logistic_regression,5,0.01,31415,"{""C"": 0.013246779540555283, ""l1_ratio"": 0.0}",0.5591836734693878,0.607099226279354,48,0.5416666666666666,-0.11250432344531854,-0.5834739322713193,-0.5796810609080101,-0.14609551214363273,0.5365853658536586,0.5629679144385027,49,0.5510204081632653,2.0203804786867066,130.89677532884593,-0.18816996737556194,3.8148239431818904,695.6305363416128
NVDA,social_only,logistic_regression,10,0.01,42,"{""C"": 49.29053648241689, ""l1_ratio"": 0.0}",0.5791666666666667,0.594551282051282,23,0.6521739130434783,1.3622390563804245,686.3280748694048,-0.294170191594701,2.736414828390626,0.5894308943089431,0.6243055555555556,24,0.5416666666666666,0.6625970118726924,7.276947441311293,-0.37755730569313484,1.0030729014549353,19.273756146638405
NVDA,social_only,logistic_regression,10,0.01,7,"{""C"": 1.155590439001313, ""l1_ratio"": 0.0}",0.5791666666666667,0.5946275946275946,23,0.6521739130434783,1.3622390563804245,686.3280748694048,-0.294170191594701,2.736414828390626,0.5894308943089431,0.6246527777777777,24,0.5416666666666666,0.6625970118726924,7.276947441311293,-0.37755730569313484,1.0030729014549353,19.273756146638405
NVDA,social_only,logistic_regression,10,0.01,1337,"{""C"": 100.0, ""l1_ratio"": 0.0}",0.5791666666666667,0.594551282051282,23,0.6521739130434783,1.3622390563804245,686.3280748694048,-0.294170191594701,2.736414828390626,0.5894308943089431,0.624375,24,0.5416666666666666,0.6625970118726924,7.276947441311293,-0.37755730569313484,1.0030729014549353,19.273756146638405
NVDA,social_only,logistic_regression,10,0.01,2024,"{""C"": 86.39886872067538, ""l1_ratio"": 0.0}",0.5791666666666667,0.594551282051282,23,0.6521739130434783,1.3622390563804245,686.3280748694048,-0.294170191594701,2.736414828390626,0.5894308943089431,0.624375,24,0.5416666666666666,0.6625970118726924,7.276947441311293,-0.37755730569313484,1.0030729014549353,19.273756146638405
NVDA,social_only,logistic_regression,10,0.01,31415,"{""C"": 0.913512714517832, ""l1_ratio"": 0.0}",0.5791666666666667,0.5946275946275946,23,0.6521739130434783,1.3622390563804245,686.3280748694048,-0.294170191594701,2.736414828390626,0.5894308943089431,0.6244444444444445,24,0.5416666666666666,0.6625970118726924,7.276947441311293,-0.37755730569313484,1.0030729014549353,19.273756146638405
NVDA,sentiment_only,logistic_regression,2,0.005,42,"{""C"": 9.609812947036422, ""l1_ratio"": 0.0}",0.532258064516129,0.5587525282181771,123,0.5203252032520326,-0.6728974036431703,-0.6112396786174752,-0.3993660112298761,-0.7406838714316365,0.483739837398374,0.4956965042372881,122,0.47540983606557374,-0.04126063602897248,-0.26905666461661926,-0.39828652098458306,-0.06616824931662382,-0.675535451090583
NVDA,sentiment_only,logistic_regression,2,0.005,7,"{""C"": 0.013699206087220611, ""l1_ratio"": 0.0}",0.532258064516129,0.5587525282181771,123,0.5203252032520326,-0.6728974036431703,-0.6112396786174752,-0.3993660112298761,-0.7406838714316365,0.483739837398374,0.4956965042372881,122,0.47540983606557374,-0.04126063602897248,-0.26905666461661926,-0.39828652098458306,-0.06616824931662382,-0.675535451090583
NVDA,sentiment_only,logistic_regression,2,0.005,1337,"{""C"": 0.6348172749728034, ""l1_ratio"": 0.0}",0.532258064516129,0.5587525282181771,123,0.5203252032520326,-0.6728974036431703,-0.6112396786174752,-0.3993660112298761,-0.7406838714316365,0.483739837398374,0.4956965042372881,122,0.47540983606557374,-0.04126063602897248,-0.26905666461661926,-0.39828652098458306,-0.06616824931662382,-0.675535451090583
NVDA,sentiment_only,logistic_regression,2,0.005,2024,"{""C"": 6.106142678593516, ""l1_ratio"": 1.0}",0.532258064516129,0.5587525282181771,123,0.5203252032520326,-0.6728974036431703,-0.6112396786174752,-0.3993660112298761,-0.7406838714316365,0.483739837398374,0.4956965042372881,122,0.47540983606557374,-0.04126063602897248,-0.26905666461661926,-0.39828652098458306,-0.06616824931662382,-0.675535451090583
NVDA,sentiment_only,logistic_regression,2,0.005,31415,"{""C"": 84.33391017347104, ""l1_ratio"": 0.0}",0.532258064516129,0.5587525282181771,123,0.5203252032520326,-0.6728974036431703,-0.6112396786174752,-0.3993660112298761,-0.7406838714316365,0.483739837398374,0.4956965042372881,122,0.47540983606557374,-0.04126063602897248,-0.26905666461661926,-0.39828652098458306,-0.06616824931662382,-0.675535451090583
NVDA,sentiment_only,logistic_regression,5,0.01,42,"{""C"": 9.609812947036422, ""l1_ratio"": 0.0}",0.5591836734693878,0.5654269037600109,48,0.6041666666666666,1.0942410246669827,7.09345151363863,-0.3762025433701072,2.1366549708523332,0.532520325203252,0.5675802139037434,49,0.42857142857142855,-0.524382503044088,-0.9099944111386606,-0.42517297371502205,-0.7327970786104878,-2.1402922278606464
NVDA,sentiment_only,logistic_regression,5,0.01,7,"{""C"": 0.013699206087220611, ""l1_ratio"": 0.0}",0.5591836734693878,0.5654269037600109,48,0.6041666666666666,1.0942410246669827,7.09345151363863,-0.3762025433701072,2.1366549708523332,0.532520325203252,0.5675802139037434,49,0.42857142857142855,-0.524382503044088,-0.9099944111386606,-0.42517297371502205,-0.7327970786104878,-2.1402922278606464
NVDA,sentiment_only,logistic_regression,5,0.01,1337,"{""C"": 0.6348172749728034, ""l1_ratio"": 0.0}",0.5591836734693878,0.5654269037600109,48,0.6041666666666666,1.0942410246669827,7.09345151363863,-0.3762025433701072,2.1366549708523332,0.532520325203252,0.5675802139037434,49,0.42857142857142855,-0.524382503044088,-0.9099944111386606,-0.42517297371502205,-0.7327970786104878,-2.1402922278606464
NVDA,sentiment_only,logistic_regression,5,0.01,2024,"{""C"": 6.106142678593516, ""l1_ratio"": 1.0}",0.5591836734693878,0.5654269037600109,48,0.6041666666666666,1.0942410246669827,7.09345151363863,-0.3762025433701072,2.1366549708523332,0.532520325203252,0.5675802139037434,49,0.42857142857142855,-0.524382503044088,-0.9099944111386606,-0.42517297371502205,-0.7327970786104878,-2.1402922278606464
NVDA,sentiment_only,logistic_regression,5,0.01,31415,"{""C"": 84.33391017347104, ""l1_ratio"": 0.0}",0.5591836734693878,0.5654269037600109,48,0.6041666666666666,1.0942410246669827,7.09345151363863,-0.3762025433701072,2.1366549708523332,0.532520325203252,0.5675802139037434,49,0.42857142857142855,-0.524382503044088,-0.9099944111386606,-0.42517297371502205,-0.7327970786104878,-2.1402922278606464
NVDA,sentiment_only,logistic_regression,10,0.01,42,"{""C"": 9.609812947036422, ""l1_ratio"": 0.0}",0.5416666666666666,0.5386141636141637,23,0.6086956521739131,0.17083173451570352,-0.6059522486382267,-0.43402825367907816,0.1966487851967983,0.532520325203252,0.5333333333333333,24,0.625,0.18109436850111027,-0.3594003417030389,-0.4079054385078315,0.22889125581999284,-0.8810873986328052
NVDA,sentiment_only,logistic_regression,10,0.01,7,"{""C"": 0.013699206087220611, ""l1_ratio"": 0.0}",0.5416666666666666,0.5386141636141637,23,0.6086956521739131,0.17083173451570352,-0.6059522486382267,-0.43402825367907816,0.1966487851967983,0.532520325203252,0.5333333333333333,24,0.625,0.18109436850111027,-0.3594003417030389,-0.4079054385078315,0.22889125581999284,-0.8810873986328052
NVDA,sentiment_only,logistic_regression,10,0.01,1337,"{""C"": 0.6348172749728034, ""l1_ratio"": 0.0}",0.5416666666666666,0.5386141636141637,23,0.6086956521739131,0.17083173451570352,-0.6059522486382267,-0.43402825367907816,0.1966487851967983,0.532520325203252,0.5333333333333333,24,0.625,0.18109436850111027,-0.3594003417030389,-0.4079054385078315,0.22889125581999284,-0.8810873986328052
NVDA,sentiment_only,logistic_regression,10,0.01,2024,"{""C"": 6.106142678593516, ""l1_ratio"": 1.0}",0.5416666666666666,0.5386141636141637,23,0.6086956521739131,0.17083173451570352,-0.6059522486382267,-0.43402825367907816,0.1966487851967983,0.532520325203252,0.5333333333333333,24,0.625,0.18109436850111027,-0.3594003417030389,-0.4079054385078315,0.22889125581999284,-0.8810873986328052
NVDA,sentiment_only,logistic_regression,10,0.01,31415,"{""C"": 84.33391017347104, ""l1_ratio"": 0.0}",0.5416666666666666,0.5386141636141637,23,0.6086956521739131,0.17083173451570352,-0.6059522486382267,-0.43402825367907816,0.1966487851967983,0.532520325203252,0.5333333333333333,24,0.625,0.18109436850111027,-0.3594003417030389,-0.4079054385078315,0.22889125581999284,-0.8810873986328052
NVDA,technical_only,logistic_regression,2,0.005,42,"{""C"": 0.00298248871366639, ""l1_ratio"": 0.0}",0.5967741935483871,0.6098062243100412,123,0.6341463414634146,2.7752713184134903,10.76475553721316,-0.14441856689314675,6.270117976798809,0.5975609756097561,0.5718683792372882,122,0.6475409836065574,3.4936610885005406,24.130621247077876,-0.1596630810428434,6.127350409094819,151.13463356380274
NVDA,technical_only,logistic_regression,2,0.005,7,"{""C"": 0.0042496179073766, ""l1_ratio"": 0.0}",0.5967741935483871,0.614895282834214,123,0.6341463414634146,2.7752713184134903,10.76475553721316,-0.14441856689314675,6.270117976798809,0.5934959349593496,0.5725966631355932,122,0.6475409836065574,3.4936610885005406,24.130621247077876,-0.1596630810428434,6.127350409094819,151.13463356380274
NVDA,technical_only,logistic_regression,2,0.005,1337,"{""C"": 0.005500108830952795, ""l1_ratio"": 0.0}",0.592741935483871,0.6148952828342141,123,0.6260162601626016,2.5960979902420678,8.984859457860919,-0.1794732650975128,5.919370098981437,0.5894308943089431,0.5726628707627118,122,0.6475409836065574,3.4913273024440534,24.07781259541333,-0.16051844347207286,6.13097171564352,150.00028703618977
NVDA,technical_only,logistic_regression,2,0.005,2024,"{""C"": 0.0029151096495668126, ""l1_ratio"": 0.0}",0.5967741935483871,0.6097409799699877,123,0.6341463414634146,2.7752713184134903,10.76475553721316,-0.14441856689314675,6.270117976798809,0.5975609756097561,0.5718021716101696,122,0.6475409836065574,3.4936610885005406,24.130621247077876,-0.1596630810428434,6.127350409094819,151.13463356380274
NVDA,technical_only,logistic_regression,2,0.005,31415,"{""C"": 0.004478230534600911, ""l1_ratio"": 0.0}",0.5967741935483871,0.6148300384941606,123,0.6341463414634146,2.7752713184134903,10.76475553721316,-0.14441856689314675,6.270117976798809,0.5934959349593496,0.5724642478813559,122,0.6475409836065574,3.4936610885005406,24.130621247077876,-0.1596630810428434,6.127350409094819,151.13463356380274
NVDA,technical_only,logistic_regression,5,0.01,42,"{""C"": 1.7788292582638157, ""l1_ratio"": 1.0}",0.5918367346938775,0.6276978417266186,48,0.625,2.7506456551960574,293.3771306072535,-0.1786006592352295,5.982031865867328,0.5975609756097561,0.5805147058823529,49,0.673469387755102,2.998690294137456,1426.4372453101807,-0.30462744454592633,5.2743855610925445,4682.563146719789
NVDA,technical_only,logistic_regression,5,0.01,7,"{""C"": 77.82416781263099, ""l1_ratio"": 0.0}",0.5959183673469388,0.6216573910682774,48,0.625,2.7506456551960574,293.3771306072535,-0.1786006592352295,5.982031865867328,0.6056910569105691,0.5806483957219251,49,0.673469387755102,2.998690294137456,1426.4372453101807,-0.30462744454592633,5.2743855610925445,4682.563146719789
NVDA,technical_only,logistic_regression,5,0.01,1337,"{""C"": 1.465766901339161, ""l1_ratio"": 1.0}",0.5918367346938775,0.6276978417266187,48,0.625,2.7506456551960574,293.3771306072535,-0.1786006592352295,5.982031865867328,0.5975609756097561,0.5804478609625668,49,0.673469387755102,2.998690294137456,1426.4372453101807,-0.30462744454592633,5.2743855610925445,4682.563146719789
NVDA,technical_only,logistic_regression,5,0.01,2024,"{""C"": 1.4316862644492157, ""l1_ratio"": 1.0}",0.5918367346938775,0.6276978417266187,48,0.625,2.7506456551960574,293.3771306072535,-0.1786006592352295,5.982031865867328,0.5975609756097561,0.5804478609625668,49,0.673469387755102,2.998690294137456,1426.4372453101807,-0.30462744454592633,5.2743855610925445,4682.563146719789
NVDA,technical_only,logistic_regression,5,0.01,31415,"{""C"": 1.6647783031285408, ""l1_ratio"": 1.0}",0.5918367346938775,0.6276978417266186,48,0.625,2.7506456551960574,293.3771306072535,-0.1786006592352295,5.982031865867328,0.5975609756097561,0.5805147058823529,49,0.673469387755102,2.998690294137456,1426.4372453101807,-0.30462744454592633,5.2743855610925445,4682.563146719789
NVDA,technical_only,logistic_regression,10,0.01,42,"{""C"": 0.1694976823788475, ""l1_ratio"": 0.0}",0.65,0.61626221001221,23,0.7391304347826086,2.6684879568171427,412564.86526677856,-0.12558611203169548,9.410459411174525,0.6666666666666666,0.6001736111111111,24,0.7083333333333334,3.2535520929258914,421893.46997638437,-0.10309894461629518,14.461735007154381,4092122.102185928
NVDA,technical_only,logistic_regression,10,0.01,7,"{""C"": 0.12761171424177475, ""l1_ratio"": 0.0}",0.65,0.6164148351648352,23,0.7391304347826086,2.6684879568171427,412564.86526677856,-0.12558611203169548,9.410459411174525,0.6666666666666666,0.6003125,24,0.7083333333333334,3.2535520929258914,421893.46997638437,-0.10309894461629518,14.461735007154381,4092122.102185928
NVDA,technical_only,logistic_regression,10,0.01,1337,"{""C"": 0.16768578565233788, ""l1_ratio"": 0.0}",0.65,0.61626221001221,23,0.7391304347826086,2.6684879568171427,412564.86526677856,-0.12558611203169548,9.410459411174525,0.6666666666666666,0.6001736111111111,24,0.7083333333333334,3.2535520929258914,421893.46997638437,-0.10309894461629518,14.461735007154381,4092122.102185928
NVDA,technical_only,logistic_regression,10,0.01,2024,"{""C"": 0.2915247099571042, ""l1_ratio"": 0.0}",0.65,0.61626221001221,23,0.7391304347826086,2.6684879568171427,412564.86526677856,-0.12558611203169548,9.410459411174525,0.6666666666666666,0.5997569444444444,24,0.7083333333333334,3.2535520929258914,421893.46997638437,-0.10309894461629518,14.461735007154381,4092122.102185928
NVDA,technical_only,logistic_regression,10,0.01,31415,"{""C"": 0.14410577452378556, ""l1_ratio"": 0.0}",0.65,0.6163385225885226,23,0.7391304347826086,2.6684879568171427,412564.86526677856,-0.12558611203169548,9.410459411174525,0.6666666666666666,0.6003125,24,0.7083333333333334,3.2535520929258914,421893.46997638437,-0.10309894461629518,14.461735007154381,4092122.102185928
NVDA,learned_alpha_per_stock,logistic_regression,2,0.005,42,"{""C"": 0.0055048847584815526, ""l1_ratio"": 0.0}",0.5887096774193549,0.6456579891694395,123,0.6178861788617886,2.1867981357374777,5.81081566443812,-0.17947326509751285,4.515573819777875,0.5853658536585366,0.5428363347457628,122,0.6475409836065574,3.4913273024440534,24.07781259541333,-0.16051844347207286,6.13097171564352,150.00028703618977
NVDA,learned_alpha_per_stock,logistic_regression,2,0.005,7,"{""C"": 0.004927715931678957, ""l1_ratio"": 0.0}",0.5967741935483871,0.6451360344490116,123,0.6341463414634146,2.7752713184134903,10.76475553721316,-0.14441856689314675,6.270117976798809,0.5894308943089431,0.5399231991525424,122,0.6475409836065574,3.4936610885005406,24.130621247077876,-0.1596630810428434,6.127350409094819,151.13463356380274
NVDA,learned_alpha_per_stock,logistic_regression,2,0.005,1337,"{""C"": 0.005457055590565936, ""l1_ratio"": 0.0}",0.5887096774193549,0.6456579891694395,123,0.6178861788617886,2.1867981357374777,5.81081566443812,-0.17947326509751285,4.515573819777875,0.5853658536585366,0.5425715042372881,122,0.6475409836065574,3.4913273024440534,24.07781259541333,-0.16051844347207286,6.13097171564352,150.00028703618977
NVDA,learned_alpha_per_stock,logistic_regression,2,0.005,2024,"{""C"": 0.005193419921459045, ""l1_ratio"": 0.0}",0.5887096774193549,0.6452665231291185,123,0.6178861788617886,2.1867981357374777,5.81081566443812,-0.17947326509751285,4.515573819777875,0.5853658536585366,0.540916313559322,122,0.6475409836065574,3.4913273024440534,24.07781259541333,-0.16051844347207286,6.13097171564352,150.00028703618977
NVDA,learned_alpha_per_stock,logistic_regression,2,0.005,31415,"{""C"": 0.005084309342444345, ""l1_ratio"": 0.0}",0.5967741935483871,0.645201278789065,123,0.6341463414634146,2.7752713184134903,10.76475553721316,-0.14441856689314675,6.270117976798809,0.5853658536585366,0.5404528601694916,122,0.6475409836065574,3.4913273024440534,24.07781259541333,-0.16051844347207286,6.13097171564352,150.00028703618977
NVDA,learned_alpha_per_stock,logistic_regression,5,0.01,42,"{""C"": 49.29053648241689, ""l1_ratio"": 0.0}",0.6122448979591837,0.6658069770598616,48,0.6458333333333334,2.4673415119393685,166.28935581586572,-0.17963932580247627,4.798669461781576,0.5934959349593496,0.5877673796791445,49,0.5918367346938775,0.8726246374265805,4.493278501261059,-0.3773090278641218,1.2969610979024715,11.908748981429618
NVDA,learned_alpha_per_stock,logistic_regression,5,0.01,7,"{""C"": 77.82416781263099, ""l1_ratio"": 0.0}",0.6122448979591837,0.6658069770598616,48,0.6458333333333334,2.4673415119393685,166.28935581586572,-0.17963932580247627,4.798669461781576,0.5934959349593496,0.5877673796791445,49,0.5918367346938775,0.8726246374265805,4.493278501261059,-0.3773090278641218,1.2969610979024715,11.908748981429618
NVDA,learned_alpha_per_stock,logistic_regression,5,0.01,1337,"{""C"": 100.0, ""l1_ratio"": 0.0}",0.6122448979591837,0.6658069770598616,48,0.6458333333333334,2.4673415119393685,166.28935581586572,-0.17963932580247627,4.798669461781576,0.5934959349593496,0.5877673796791445,49,0.5918367346938775,0.8726246374265805,4.493278501261059,-0.3773090278641218,1.2969610979024715,11.908748981429618
NVDA,learned_alpha_per_stock,logistic_regression,5,0.01,2024,"{""C"": 86.39886872067538, ""l1_ratio"": 0.0}",0.6122448979591837,0.6658069770598616,48,0.6458333333333334,2.4673415119393685,166.28935581586572,-0.17963932580247627,4.798669461781576,0.5934959349593496,0.5877673796791445,49,0.5918367346938775,0.8726246374265805,4.493278501261059,-0.3773090278641218,1.2969610979024715,11.908748981429618
NVDA,learned_alpha_per_stock,logistic_regression,5,0.01,31415,"{""C"": 84.33391017347104, ""l1_ratio"": 0.0}",0.6122448979591837,0.6658069770598616,48,0.6458333333333334,2.4673415119393685,166.28935581586572,-0.17963932580247627,4.798669461781576,0.5934959349593496,0.5877673796791445,49,0.5918367346938775,0.8726246374265805,4.493278501261059,-0.3773090278641218,1.2969610979024715,11.908748981429618
NVDA,learned_alpha_per_stock,logistic_regression,10,0.01,42,"{""C"": 99.67105472197086, ""l1_ratio"": 0.0}",0.625,0.629502442002442,23,0.6956521739130435,2.190319629382246,50181.74753490924,-0.1255861120316955,7.630703820055095,0.5609756097560976,0.6000694444444444,24,0.6666666666666666,1.5298851686802033,594.7851112993129,-0.16615688591308905,2.869430192069895,3579.6597175661113
NVDA,learned_alpha_per_stock,logistic_regression,10,0.01,7,"{""C"": 77.82416781263099, ""l1_ratio"": 0.0}",0.625,0.6294261294261294,23,0.6956521739130435,2.190319629382246,50181.74753490924,-0.1255861120316955,7.630703820055095,0.5609756097560976,0.6000694444444444,24,0.6666666666666666,1.5298851686802033,594.7851112993129,-0.16615688591308905,2.869430192069895,3579.6597175661113
NVDA,learned_alpha_per_stock,logistic_regression,10,0.01,1337,"{""C"": 100.0, ""l1_ratio"": 0.0}",0.625,0.629502442002442,23,0.6956521739130435,2.190319629382246,50181.74753490924,-0.1255861120316955,7.630703820055095,0.5609756097560976,0.6000694444444444,24,0.6666666666666666,1.5298851686802033,594.7851112993129,-0.16615688591308905,2.869430192069895,3579.6597175661113
NVDA,learned_alpha_per_stock,logistic_regression,10,0.01,2024,"{""C"": 86.39886872067538, ""l1_ratio"": 0.0}",0.625,0.6294261294261294,23,0.6956521739130435,2.190319629382246,50181.74753490924,-0.1255861120316955,7.630703820055095,0.5609756097560976,0.6000694444444444,24,0.6666666666666666,1.5298851686802033,594.7851112993129,-0.16615688591308905,2.869430192069895,3579.6597175661113
NVDA,learned_alpha_per_stock,logistic_regression,10,0.01,31415,"{""C"": 84.33391017347104, ""l1_ratio"": 0.0}",0.625,0.6294261294261294,23,0.6956521739130435,2.190319629382246,50181.74753490924,-0.1255861120316955,7.630703820055095,0.5609756097560976,0.6000694444444444,24,0.6666666666666666,1.5298851686802033,594.7851112993129,-0.16615688591308905,2.869430192069895,3579.6597175661113
NVDA,learned_alpha_global,logistic_regression,2,0.005,42,"{""C"": 0.005311001700778133, ""l1_ratio"": 0.0}",0.5887096774193549,0.6451360344490115,123,0.6178861788617886,2.1867981357374777,5.81081566443812,-0.17947326509751285,4.515573819777875,0.5853658536585366,0.5412473516949152,122,0.6475409836065574,3.4913273024440534,24.07781259541333,-0.16051844347207286,6.13097171564352,150.00028703618977
NVDA,learned_alpha_global,logistic_regression,2,0.005,7,"{""C"": 0.004927715931678957, ""l1_ratio"": 0.0}",0.592741935483871,0.644679324068637,123,0.6260162601626016,2.361502453235366,7.024908276305624,-0.14441856689314678,4.82542207130153,0.5894308943089431,0.5393273305084746,122,0.6475409836065574,3.4936610885005406,24.130621247077876,-0.1596630810428434,6.127350409094819,151.13463356380274
NVDA,learned_alpha_global,logistic_regression,2,0.005,1337,"{""C"": 0.0054137871692958904, ""l1_ratio"": 0.0}",0.5887096774193549,0.6452665231291185,123,0.6178861788617886,2.1867981357374777,5.81081566443812,-0.17947326509751285,4.515573819777875,0.5853658536585366,0.5421080508474576,122,0.6475409836065574,3.4913273024440534,24.07781259541333,-0.16051844347207286,6.13097171564352,150.00028703618977
NVDA,learned_alpha_global,logistic_regression,2,0.005,2024,"{""C"": 0.005383124985392087, ""l1_ratio"": 0.0}",0.5887096774193549,0.6452665231291185,123,0.6178861788617886,2.1867981357374777,5.81081566443812,-0.17947326509751285,4.515573819777875,0.5853658536585366,0.5417770127118644,122,0.6475409836065574,3.4913273024440534,24.07781259541333,-0.16051844347207286,6.13097171564352,150.00028703618977
NVDA,learned_alpha_global,logistic_regression,2,0.005,31415,"{""C"": 0.00507700634188443, ""l1_ratio"": 0.0}",0.592741935483871,0.6448750570887974,123,0.6260162601626016,2.361502453235366,7.024908276305624,-0.14441856689314678,4.82542207130153,0.5853658536585366,0.5398569915254237,122,0.6475409836065574,3.4913273024440534,24.07781259541333,-0.16051844347207286,6.13097171564352,150.00028703618977
NVDA,learned_alpha_global,logistic_regression,5,0.01,42,"{""C"": 49.29053648241689, ""l1_ratio"": 0.0}",0.6122448979591837,0.6648567938102349,48,0.6458333333333334,2.4673415119393685,166.28935581586572,-0.17963932580247627,4.798669461781576,0.6016260162601627,0.5873663101604278,49,0.6122448979591837,1.5021121624712213,31.632589583580668,-0.37730902786412185,2.4090426453130886,83.83735147459109
NVDA,learned_alpha_global,logistic_regression,5,0.01,7,"{""C"": 77.82416781263099, ""l1_ratio"": 0.0}",0.6122448979591837,0.6648567938102349,48,0.6458333333333334,2.4673415119393685,166.28935581586572,-0.17963932580247627,4.798669461781576,0.6016260162601627,0.5873663101604278,49,0.6122448979591837,1.5021121624712213,31.632589583580668,-0.37730902786412185,2.4090426453130886,83.83735147459109
NVDA,learned_alpha_global,logistic_regression,5,0.01,1337,"{""C"": 100.0, ""l1_ratio"": 0.0}",0.6122448979591837,0.6648567938102349,48,0.6458333333333334,2.4673415119393685,166.28935581586572,-0.17963932580247627,4.798669461781576,0.6016260162601627,0.5873663101604278,49,0.6122448979591837,1.5021121624712213,31.632589583580668,-0.37730902786412185,2.4090426453130886,83.83735147459109
NVDA,learned_alpha_global,logistic_regression,5,0.01,2024,"{""C"": 86.39886872067538, ""l1_ratio"": 0.0}",0.6122448979591837,0.6648567938102349,48,0.6458333333333334,2.4673415119393685,166.28935581586572,-0.17963932580247627,4.798669461781576,0.6016260162601627,0.5873663101604278,49,0.6122448979591837,1.5021121624712213,31.632589583580668,-0.37730902786412185,2.4090426453130886,83.83735147459109
NVDA,learned_alpha_global,logistic_regression,5,0.01,31415,"{""C"": 84.33391017347104, ""l1_ratio"": 0.0}",0.6122448979591837,0.6648567938102349,48,0.6458333333333334,2.4673415119393685,166.28935581586572,-0.17963932580247627,4.798669461781576,0.6016260162601627,0.5873663101604278,49,0.6122448979591837,1.5021121624712213,31.632589583580668,-0.37730902786412185,2.4090426453130886,83.83735147459109
NVDA,learned_alpha_global,logistic_regression,10,0.01,42,"{""C"": 9.609812947036422, ""l1_ratio"": 0.0}",0.6291666666666667,0.6298076923076923,23,0.6956521739130435,2.190319629382246,50181.74753490924,-0.1255861120316955,7.630703820055095,0.556910569105691,0.59875,24,0.6666666666666666,1.5298851686802033,594.7851112993129,-0.16615688591308905,2.869430192069895,3579.6597175661113
NVDA,learned_alpha_global,logistic_regression,10,0.01,7,"{""C"": 77.82416781263099, ""l1_ratio"": 0.0}",0.6291666666666667,0.6297313797313797,23,0.6956521739130435,2.190319629382246,50181.74753490924,-0.1255861120316955,7.630703820055095,0.556910569105691,0.5986805555555555,24,0.6666666666666666,1.5298851686802033,594.7851112993129,-0.16615688591308905,2.869430192069895,3579.6597175661113
NVDA,learned_alpha_global,logistic_regression,10,0.01,1337,"{""C"": 82.46814033770997, ""l1_ratio"": 1.0}",0.6291666666666667,0.6297313797313797,23,0.6956521739130435,2.190319629382246,50181.74753490924,-0.1255861120316955,7.630703820055095,0.556910569105691,0.59875,24,0.6666666666666666,1.5298851686802033,594.7851112993129,-0.16615688591308905,2.869430192069895,3579.6597175661113
NVDA,learned_alpha_global,logistic_regression,10,0.01,2024,"{""C"": 86.39886872067538, ""l1_ratio"": 0.0}",0.6291666666666667,0.6297313797313797,23,0.6956521739130435,2.190319629382246,50181.74753490924,-0.1255861120316955,7.630703820055095,0.556910569105691,0.5986805555555555,24,0.6666666666666666,1.5298851686802033,594.7851112993129,-0.16615688591308905,2.869430192069895,3579.6597175661113
NVDA,learned_alpha_global,logistic_regression,10,0.01,31415,"{""C"": 84.33391017347104, ""l1_ratio"": 0.0}",0.6291666666666667,0.6297313797313797,23,0.6956521739130435,2.190319629382246,50181.74753490924,-0.1255861120316955,7.630703820055095,0.556910569105691,0.5986805555555555,24,0.6666666666666666,1.5298851686802033,594.7851112993129,-0.16615688591308905,2.869430192069895,3579.6597175661113
SPY,full_70_30,logistic_regression,2,0.0025,42,"{""C"": 0.006486687292330526, ""l1_ratio"": 0.0}",0.5524193548387096,0.6286755139214155,123,0.5934959349593496,2.1249060080509325,0.742322241033943,-0.08793346091666429,3.454982587816973,0.5203252032520326,0.540520888418826,122,0.5983606557377049,1.7388894535588482,0.5481229333248008,-0.126154316530023,2.498480714095273,4.344860710290124
SPY,full_70_30,logistic_regression,2,0.0025,7,"{""C"": 0.00718984259069597, ""l1_ratio"": 0.0}",0.5564516129032258,0.6286104605776737,123,0.5934959349593496,2.12051780927515,0.7403607794632223,-0.08793346091666426,3.453951802452135,0.5203252032520326,0.5404547858276044,122,0.5983606557377049,1.7388894535588482,0.5481229333248008,-0.126154316530023,2.498480714095273,4.344860710290124
SPY,full_70_30,logistic_regression,2,0.0025,1337,"{""C"": 0.006339802890303956, ""l1_ratio"": 0.0}",0.5524193548387096,0.6290658339838668,123,0.5934959349593496,2.1249060080509325,0.742322241033943,-0.08793346091666429,3.454982587816973,0.5203252032520326,0.5397937599153887,122,0.5983606557377049,1.7388894535588482,0.5481229333248008,-0.126154316530023,2.498480714095273,4.344860710290124
SPY,full_70_30,logistic_regression,2,0.0025,2024,"{""C"": 0.007834754052631546, ""l1_ratio"": 0.0}",0.5564516129032258,0.6287405672651574,123,0.5934959349593496,2.12051780927515,0.7403607794632223,-0.08793346091666426,3.453951802452135,0.5203252032520326,0.5391988365943945,122,0.5983606557377049,1.7388894535588482,0.5481229333248008,-0.126154316530023,2.498480714095273,4.344860710290124
SPY,full_70_30,logistic_regression,2,0.0025,31415,"{""C"": 0.007574290414574515, ""l1_ratio"": 0.0}",0.5564516129032258,0.6286755139214155,123,0.5934959349593496,2.12051780927515,0.7403607794632223,-0.08793346091666426,3.453951802452135,0.5203252032520326,0.5399259650978319,122,0.5983606557377049,1.7388894535588482,0.5481229333248008,-0.126154316530023,2.498480714095273,4.344860710290124
SPY,full_70_30,logistic_regression,5,0.005,42,"{""C"": 0.07195412471852838, ""l1_ratio"": 1.0}",0.5836734693877551,0.6041666666666666,48,0.6666666666666666,3.152611576290896,4.825920812809067,-0.05705673179875395,6.279452931776104,0.5934959349593496,0.597164248327039,49,0.5714285714285714,1.5658044924521035,1.7847824853230492,-0.11179149668632085,2.1506289026761283,15.965279455297253
SPY,full_70_30,logistic_regression,5,0.005,7,"{""C"": 0.07022204879319217, ""l1_ratio"": 1.0}",0.5714285714285714,0.6041666666666666,48,0.6458333333333334,2.454772601776535,3.137252444153698,-0.05705673179875395,4.248453615203151,0.5853658536585366,0.597164248327039,49,0.5714285714285714,1.5658044924521035,1.7847824853230492,-0.11179149668632085,2.1506289026761283,15.965279455297253
SPY,full_70_30,logistic_regression,5,0.005,1337,"{""C"": 0.15503305335843873, ""l1_ratio"": 1.0}",0.5755102040816327,0.5988666666666667,48,0.6041666666666666,1.7833144593376529,1.872723169208541,-0.0991467986552337,3.362073873427721,0.6056910569105691,0.6206188299211555,49,0.4897959183673469,-0.4641226909921674,-0.31587440113731124,-0.12747770328023547,-0.5532178262996484,-2.47787960568227
SPY,full_70_30,logistic_regression,5,0.005,2024,"{""C"": 0.10278745858914248, ""l1_ratio"": 1.0}",0.5755102040816327,0.5988666666666667,48,0.625,2.2069488337447347,2.6303733075789704,-0.05705673179875382,4.391637000957728,0.5813008130081301,0.6206850858013648,49,0.5510204081632653,1.294591085326429,1.3319749554278908,-0.11179149668632081,1.8292079213321868,11.914814587063988
SPY,full_70_30,logistic_regression,5,0.005,31415,"{""C"": 0.06994844935267373, ""l1_ratio"": 1.0}",0.5714285714285714,0.6041666666666666,48,0.6458333333333334,2.454772601776535,3.137252444153698,-0.05705673179875395,4.248453615203151,0.5853658536585366,0.597164248327039,49,0.5714285714285714,1.5658044924521035,1.7847824853230492,-0.11179149668632085,2.1506289026761283,15.965279455297253
SPY,full_70_30,logistic_regression,10,0.01,42,"{""C"": 0.03715535077300059, ""l1_ratio"": 1.0}",0.5708333333333333,0.5544782366071429,23,0.7391304347826086,1.8823533309253602,6.790235850356548,-0.05808660626281539,3.565506570625583,0.5853658536585366,0.5670370616807504,24,0.6666666666666666,2.7440070264109973,12.733136664575348,-0.053352759527155444,6.182095429125092,238.65938289648253
SPY,full_70_30,logistic_regression,10,0.01,7,"{""C"": 0.6488898776952595, ""l1_ratio"": 0.0}",0.5041666666666667,0.5264369419642858,23,0.782608695652174,1.0462093936737642,2.2424545544933534,-0.08223120376415309,2.156072917897891,0.5203252032520326,0.584603100672034,24,0.5416666666666666,0.6741967737143693,1.0098004523895994,-0.08693326808811185,1.3689002080270354,11.615811467781342
SPY,full_70_30,logistic_regression,10,0.01,1337,"{""C"": 0.03695108331079026, ""l1_ratio"": 1.0}",0.5708333333333333,0.5544782366071429,23,0.7391304347826086,1.8823533309253602,6.790235850356548,-0.05808660626281539,3.565506570625583,0.5853658536585366,0.5670370616807504,24,0.6666666666666666,2.7440070264109973,12.733136664575348,-0.053352759527155444,6.182095429125092,238.65938289648253
SPY,full_70_30,logistic_regression,10,0.01,2024,"{""C"": 0.03503990833496219, ""l1_ratio"": 1.0}",0.575,0.5552455357142857,23,0.7391304347826086,1.8823533309253602,6.790235850356548,-0.05808660626281539,3.565506570625583,0.5894308943089431,0.5679353250382593,24,0.6666666666666666,2.7440070264109973,12.733136664575348,-0.053352759527155444,6.182095429125092,238.65938289648253
SPY,full_70_30,logistic_regression,10,0.01,31415,"{""C"": 0.044497471950019164, ""l1_ratio"": 1.0}",0.5708333333333333,0.5543387276785715,23,0.7391304347826086,1.8823533309253602,6.790235850356548,-0.05808660626281539,3.565506570625583,0.5853658536585366,0.5669039856277861,24,0.6666666666666666,2.7440070264109973,12.733136664575348,-0.053352759527155444,6.182095429125092,238.65938289648253
SPY,equal_50_50,logistic_regression,2,0.0025,42,"{""C"": 0.005709422643206303, ""l1_ratio"": 0.0}",0.5604838709677419,0.6068175904241477,123,0.6016260162601627,1.9569565867147019,0.668409866076185,-0.09448908178138854,3.050552815899969,0.508130081300813,0.5312665256478054,122,0.5491803278688525,1.1452208401353479,0.330180830767278,-0.12770820002271227,1.7119561746997642,2.5854317162763
SPY,equal_50_50,logistic_regression,2,0.0025,7,"{""C"": 0.005894239969012862, ""l1_ratio"": 0.0}",0.5685483870967742,0.606167056986729,123,0.6097560975609756,2.1437755958562597,0.7507536624229547,-0.09448908178138854,3.2996159465079837,0.5121951219512195,0.5309360126916975,122,0.5491803278688525,1.1452208401353479,0.330180830767278,-0.12770820002271227,1.7119561746997642,2.5854317162763
SPY,equal_50_50,logistic_regression,2,0.0025,1337,"{""C"": 0.005516412251662879, ""l1_ratio"": 0.0}",0.5685483870967742,0.606687483736664,123,0.6016260162601627,2.0617587356704354,0.7142321502353204,-0.09448908178138804,3.18041594315585,0.5121951219512195,0.5317292437863564,122,0.5573770491803278,1.2309648359176857,0.36001816155187183,-0.12770820002271227,1.8224701866325916,2.8190684818033955
SPY,equal_50_50,logistic_regression,2,0.0025,2024,"{""C"": 0.005373522678242898, ""l1_ratio"": 0.0}",0.5685483870967742,0.6064923237054385,123,0.6016260162601627,2.0617587356704354,0.7142321502353204,-0.09448908178138804,3.18041594315585,0.508130081300813,0.5315309360126916,122,0.5491803278688525,1.1167628945277948,0.32039889159816903,-0.1277082000227125,1.6717275273013241,2.5088357015539104
SPY,equal_50_50,logistic_regression,2,0.0025,31415,"{""C"": 0.005724823165747839, ""l1_ratio"": 0.0}",0.5604838709677419,0.6066224303929222,123,0.6016260162601627,1.9569565867147019,0.668409866076185,-0.09448908178138854,3.050552815899969,0.516260162601626,0.5311343204653622,122,0.5491803278688525,1.1452208401353479,0.330180830767278,-0.12770820002271227,1.7119561746997642,2.5854317162763
SPY,equal_50_50,logistic_regression,5,0.005,42,"{""C"": 0.09235415219670877, ""l1_ratio"": 1.0}",0.5836734693877551,0.6043,48,0.6666666666666666,3.152611576290896,4.825920812809067,-0.05705673179875395,6.279452931776104,0.5934959349593496,0.5971642483270391,49,0.5714285714285714,1.5658044924521035,1.7847824853230492,-0.11179149668632085,2.1506289026761283,15.965279455297253
SPY,equal_50_50,logistic_regression,5,0.005,7,"{""C"": 0.0921958875119815, ""l1_ratio"": 1.0}",0.5836734693877551,0.6043,48,0.6666666666666666,3.152611576290896,4.825920812809067,-0.05705673179875395,6.279452931776104,0.5934959349593496,0.5971642483270391,49,0.5714285714285714,1.5658044924521035,1.7847824853230492,-0.11179149668632085,2.1506289026761283,15.965279455297253
SPY,equal_50_50,logistic_regression,5,0.005,1337,"{""C"": 0.10547992926550871, ""l1_ratio"": 1.0}",0.5836734693877551,0.6043,48,0.6666666666666666,3.152611576290896,4.825920812809067,-0.05705673179875395,6.279452931776104,0.5934959349593496,0.5971642483270391,49,0.5714285714285714,1.5658044924521035,1.7847824853230492,-0.11179149668632085,2.1506289026761283,15.965279455297253
SPY,equal_50_50,logistic_regression,5,0.005,2024,"{""C"": 0.09639150744119357, ""l1_ratio"": 1.0}",0.5836734693877551,0.6043,48,0.6666666666666666,3.152611576290896,4.825920812809067,-0.05705673179875395,6.279452931776104,0.5934959349593496,0.5971642483270391,49,0.5714285714285714,1.5658044924521035,1.7847824853230492,-0.11179149668632085,2.1506289026761283,15.965279455297253
SPY,equal_50_50,logistic_regression,5,0.005,31415,"{""C"": 0.09073035873165904, ""l1_ratio"": 1.0}",0.5836734693877551,0.6043,48,0.6666666666666666,3.152611576290896,4.825920812809067,-0.05705673179875395,6.279452931776104,0.5934959349593496,0.5971642483270391,49,0.5714285714285714,1.5658044924521035,1.7847824853230492,-0.11179149668632085,2.1506289026761283,15.965279455297253
SPY,equal_50_50,logistic_regression,10,0.01,42,"{""C"": 0.021719923609387157, ""l1_ratio"": 1.0}",0.5541666666666667,0.5320521763392856,23,0.7391304347826086,1.8823533309253602,6.790235850356548,-0.05808660626281539,3.565506570625583,0.5650406504065041,0.5334020892940314,24,0.75,3.5605127415166598,22.335983923713627,-0.025662204858353684,8.695112717931542,870.3844446336695
SPY,equal_50_50,logistic_regression,10,0.01,7,"{""C"": 0.05368644924533107, ""l1_ratio"": 1.0}",0.5708333333333333,0.5543387276785715,23,0.7391304347826086,1.8823533309253602,6.790235850356548,-0.05808660626281539,3.565506570625583,0.5853658536585366,0.5669039856277861,24,0.6666666666666666,2.7440070264109973,12.733136664575348,-0.053352759527155444,6.182095429125092,238.65938289648253
SPY,equal_50_50,logistic_regression,10,0.01,1337,"{""C"": 0.047021523352440024, ""l1_ratio"": 1.0}",0.5708333333333333,0.5543387276785715,23,0.7391304347826086,1.8823533309253602,6.790235850356548,-0.05808660626281539,3.565506570625583,0.5853658536585366,0.5669039856277861,24,0.6666666666666666,2.7440070264109973,12.733136664575348,-0.053352759527155444,6.182095429125092,238.65938289648253
SPY,equal_50_50,logistic_regression,10,0.01,2024,"{""C"": 16.10713592224018, ""l1_ratio"": 0.0}",0.49583333333333335,0.5244838169642857,23,0.782608695652174,1.0462093936737642,2.2424545544933534,-0.08223120376415309,2.156072917897891,0.540650406504065,0.5691662785281788,24,0.5833333333333334,0.9537142243342658,1.720042954420205,-0.08693326808811185,1.827434706471542,19.785785030845073
SPY,equal_50_50,logistic_regression,10,0.01,31415,"{""C"": 0.0509473937077698, ""l1_ratio"": 1.0}",0.5708333333333333,0.5543387276785715,23,0.7391304347826086,1.8823533309253602,6.790235850356548,-0.05808660626281539,3.565506570625583,0.5853658536585366,0.5669039856277861,24,0.6666666666666666,2.7440070264109973,12.733136664575348,-0.053352759527155444,6.182095429125092,238.65938289648253
SPY,news_only,logistic_regression,2,0.0025,42,"{""C"": 0.005384594785373549, ""l1_ratio"": 0.0}",0.5645161290322581,0.6174863387978142,123,0.5528455284552846,1.196381873250996,0.3640298308489234,-0.11244094066675299,2.0041307823531698,0.516260162601626,0.5173188789000529,122,0.5327868852459017,0.8873606606353502,0.2437428971488338,-0.13390986786034648,1.364245436400852,1.8202011624940986
SPY,news_only,logistic_regression,2,0.0025,7,"{""C"": 0.005919695519382726, ""l1_ratio"": 0.0}",0.5645161290322581,0.6174863387978142,123,0.5691056910569106,1.372587030299654,0.43017876269169975,-0.11244094066675299,2.2692069467696414,0.516260162601626,0.5181782125859334,122,0.5327868852459017,0.8873606606353502,0.2437428971488338,-0.13390986786034648,1.364245436400852,1.8202011624940986
SPY,news_only,logistic_regression,2,0.0025,1337,"{""C"": 0.0065594604229039025, ""l1_ratio"": 0.0}",0.5645161290322581,0.6175513921415561,123,0.5528455284552846,1.20520482176511,0.3672802221115872,-0.13318531724913685,2.0189726144353988,0.5284552845528455,0.5194341618191434,122,0.5573770491803278,1.2864773219105097,0.37963568078100574,-0.13390986786034698,1.9178044115657542,2.835009001554115
SPY,news_only,logistic_regression,2,0.0025,2024,"{""C"": 0.005493277208138142, ""l1_ratio"": 0.0}",0.5685483870967742,0.6176814988290398,123,0.5609756097560976,1.3467196462918445,0.42030491676510895,-0.11244094066675299,2.230331039020292,0.516260162601626,0.5146747752511899,122,0.5327868852459017,0.8873606606353502,0.2437428971488338,-0.13390986786034648,1.364245436400852,1.8202011624940986
SPY,news_only,logistic_regression,2,0.0025,31415,"{""C"": 0.005647803032793723, ""l1_ratio"": 0.0}",0.5725806451612904,0.6174863387978142,123,0.5609756097560976,1.3467196462918445,0.42030491676510895,-0.11244094066675299,2.230331039020292,0.516260162601626,0.5159968270756213,122,0.5327868852459017,0.8873606606353502,0.2437428971488338,-0.13390986786034648,1.364245436400852,1.8202011624940986
SPY,news_only,logistic_regression,5,0.005,42,"{""C"": 0.09595689451323484, ""l1_ratio"": 1.0}",0.5714285714285714,0.5956,48,0.5833333333333334,0.8001889636306035,0.5970082318848771,-0.07652147354022057,1.1399404358735226,0.5528455284552846,0.6052805936526867,49,0.46938775510204084,-0.22562987545484903,-0.18894412075569245,-0.10614401264548498,-0.3296266243116196,-1.780073280127021
SPY,news_only,logistic_regression,5,0.005,7,"{""C"": 0.05368644924533107, ""l1_ratio"": 1.0}",0.5714285714285714,0.5971666666666667,48,0.6458333333333334,2.454772601776535,3.137252444153698,-0.05705673179875395,4.248453615203151,0.5853658536585366,0.5799377194726031,49,0.5714285714285714,1.5658044924521035,1.7847824853230492,-0.11179149668632085,2.1506289026761283,15.965279455297253
SPY,news_only,logistic_regression,5,0.005,1337,"{""C"": 0.1178559921192728, ""l1_ratio"": 1.0}",0.5714285714285714,0.5955333333333334,48,0.6041666666666666,1.0012170559009541,0.8080784254053044,-0.07652147354022043,1.3834646718193762,0.5447154471544715,0.6052805936526867,49,0.4489795918367347,-0.4852307837615487,-0.32562437440311975,-0.10614401264548498,-0.7210059244412739,-3.067760171180703
SPY,news_only,logistic_regression,5,0.005,2024,"{""C"": 0.15674228911295748, ""l1_ratio"": 1.0}",0.5551020408163265,0.5956666666666667,48,0.5833333333333334,0.734871316330125,0.5333058452093276,-0.07652147354022053,1.0481928647249261,0.5487804878048781,0.6052805936526867,49,0.46938775510204084,-0.4366017292987016,-0.3019285784474164,-0.10614401264548516,-0.6443227606261681,-2.844518225025469
SPY,news_only,logistic_regression,5,0.005,31415,"{""C"": 0.14434723235653615, ""l1_ratio"": 1.0}",0.563265306122449,0.5956666666666667,48,0.6041666666666666,1.0012170559009541,0.8080784254053044,-0.07652147354022043,1.3834646718193762,0.5487804878048781,0.6052805936526867,49,0.46938775510204084,-0.4366017292987016,-0.3019285784474164,-0.10614401264548516,-0.6443227606261681,-2.844518225025469
SPY,news_only,logistic_regression,10,0.01,42,"{""C"": 5.4933478745358, ""l1_ratio"": 1.0}",0.5125,0.5371791294642857,23,0.6521739130434783,0.693528456712374,1.1591553032230277,-0.087062597006752,1.0523018095263612,0.5,0.5848359837647215,24,0.5,-0.0075639554291024565,-0.06847358768115785,-0.08693326808811165,-0.014304148742883301,-0.787656891165717
SPY,news_only,logistic_regression,10,0.01,7,"{""C"": 6.677667312899653, ""l1_ratio"": 1.0}",0.5125,0.5373883928571429,23,0.6521739130434783,0.693528456712374,1.1591553032230277,-0.087062597006752,1.0523018095263612,0.5,0.5848359837647215,24,0.5,-0.0075639554291024565,-0.06847358768115785,-0.08693326808811165,-0.014304148742883301,-0.787656891165717
SPY,news_only,logistic_regression,10,0.01,1337,"{""C"": 0.037246099436889085, ""l1_ratio"": 1.0}",0.5708333333333333,0.5544782366071429,23,0.7391304347826086,1.8823533309253602,6.790235850356548,-0.05808660626281539,3.565506570625583,0.5853658536585366,0.5670370616807504,24,0.6666666666666666,2.7440070264109973,12.733136664575348,-0.053352759527155444,6.182095429125092,238.65938289648253
SPY,news_only,logistic_regression,10,0.01,2024,"{""C"": 6.106142678593516, ""l1_ratio"": 1.0}",0.5125,0.5373883928571428,23,0.6521739130434783,0.693528456712374,1.1591553032230277,-0.087062597006752,1.0523018095263612,0.5,0.5849025217912036,24,0.5,-0.0075639554291024565,-0.06847358768115785,-0.08693326808811165,-0.014304148742883301,-0.787656891165717
SPY,news_only,logistic_regression,10,0.01,31415,"{""C"": 5.106442414672422, ""l1_ratio"": 1.0}",0.5125,0.5373186383928571,23,0.6521739130434783,0.693528456712374,1.1591553032230277,-0.087062597006752,1.0523018095263612,0.5,0.5848359837647215,24,0.5,-0.0075639554291024565,-0.06847358768115785,-0.08693326808811165,-0.014304148742883301,-0.787656891165717
SPY,social_only,logistic_regression,2,0.0025,42,"{""C"": 0.002141744460792718, ""l1_ratio"": 0.0}",0.5483870967741935,0.6014181628935727,123,0.5447154471544715,0.32733626415185596,0.07483843107541421,-0.1818602628873913,0.5200882031428212,0.5040650406504065,0.5017847699629826,122,0.5,-0.8953376820843716,-0.22764597748750703,-0.19621237600691488,-1.3262777771414191,-1.1602019307868958
SPY,social_only,logistic_regression,2,0.0025,7,"{""C"": 0.002312552286858581, ""l1_ratio"": 0.0}",0.5443548387096774,0.6008977361436378,123,0.5365853658536586,0.16693623005938443,0.027936284360548402,-0.19948463844425623,0.2678994417385095,0.5,0.5013220518244315,122,0.5,-0.8953376820843716,-0.22764597748750703,-0.19621237600691488,-1.3262777771414191,-1.1602019307868958
SPY,social_only,logistic_regression,2,0.0025,1337,"{""C"": 0.002135803903068636, ""l1_ratio"": 0.0}",0.5483870967741935,0.6014832162373146,123,0.5447154471544715,0.32733626415185596,0.07483843107541421,-0.1818602628873913,0.5200882031428212,0.5040650406504065,0.5019169751454257,122,0.5,-0.8953376820843716,-0.22764597748750703,-0.19621237600691488,-1.3262777771414191,-1.1602019307868958
SPY,social_only,logistic_regression,2,0.0025,2024,"{""C"": 0.002105088564338316, ""l1_ratio"": 0.0}",0.5483870967741935,0.6012230028623471,123,0.5447154471544715,0.32733626415185596,0.07483843107541421,-0.1818602628873913,0.5200882031428212,0.5040650406504065,0.5027102062400846,122,0.5,-0.8953376820843716,-0.22764597748750703,-0.19621237600691488,-1.3262777771414191,-1.1602019307868958
SPY,social_only,logistic_regression,2,0.0025,31415,"{""C"": 0.00219764877488279, ""l1_ratio"": 0.0}",0.5483870967741935,0.6019385896435077,123,0.5447154471544715,0.32733626415185596,0.07483843107541421,-0.1818602628873913,0.5200882031428212,0.5,0.5014542570068746,122,0.5,-0.8953376820843716,-0.22764597748750703,-0.19621237600691488,-1.3262777771414191,-1.1602019307868958
SPY,social_only,logistic_regression,5,0.005,42,"{""C"": 0.06844502734433341, ""l1_ratio"": 1.0}",0.5714285714285714,0.6041666666666666,48,0.6458333333333334,2.454772601776535,3.137252444153698,-0.05705673179875395,4.248453615203151,0.5853658536585366,0.597164248327039,49,0.5714285714285714,1.5658044924521035,1.7847824853230492,-0.11179149668632085,2.1506289026761283,15.965279455297253
SPY,social_only,logistic_regression,5,0.005,7,"{""C"": 0.0921958875119815, ""l1_ratio"": 1.0}",0.5836734693877551,0.6043,48,0.6666666666666666,3.152611576290896,4.825920812809067,-0.05705673179875395,6.279452931776104,0.5934959349593496,0.5971642483270391,49,0.5714285714285714,1.5658044924521035,1.7847824853230492,-0.11179149668632085,2.1506289026761283,15.965279455297253
SPY,social_only,logistic_regression,5,0.005,1337,"{""C"": 0.06300402018984268, ""l1_ratio"": 1.0}",0.5714285714285714,0.6046333333333334,48,0.6458333333333334,2.454772601776535,3.137252444153698,-0.05705673179875395,4.248453615203151,0.5853658536585366,0.597164248327039,49,0.5714285714285714,1.5658044924521035,1.7847824853230492,-0.11179149668632085,2.1506289026761283,15.965279455297253
SPY,social_only,logistic_regression,5,0.005,2024,"{""C"": 0.07366125474087487, ""l1_ratio"": 1.0}",0.5836734693877551,0.6041666666666666,48,0.6666666666666666,3.152611576290896,4.825920812809067,-0.05705673179875395,6.279452931776104,0.5934959349593496,0.597164248327039,49,0.5714285714285714,1.5658044924521035,1.7847824853230492,-0.11179149668632085,2.1506289026761283,15.965279455297253
SPY,social_only,logistic_regression,5,0.005,31415,"{""C"": 0.0010001655318318706, ""l1_ratio"": 0.0}",0.5265306122448979,0.593,48,0.4166666666666667,-0.7452748808653675,-0.4045687322553614,-0.12513680966959784,-1.2068615724054164,0.5934959349593496,0.6236003445305771,49,0.5918367346938775,1.4793130327400414,1.6328710564324824,-0.12664879357739928,1.9852960684077214,12.89290651974968
SPY,social_only,logistic_regression,10,0.01,42,"{""C"": 0.001, ""l1_ratio"": 0.0}",0.5375,0.5813337053571429,23,0.5217391304347826,0.16805864052704705,0.14700689169440917,-0.087062597006752,0.2883797170859735,0.5203252032520326,0.5694324306341074,24,0.4583333333333333,0.6675138230541349,0.9954628429300549,-0.08693326808811175,1.6003286675865385,11.450884854818726
SPY,social_only,logistic_regression,10,0.01,7,"{""C"": 0.001, ""l1_ratio"": 0.0}",0.5375,0.5813337053571429,23,0.5217391304347826,0.16805864052704705,0.14700689169440917,-0.087062597006752,0.2883797170859735,0.5203252032520326,0.5694324306341074,24,0.4583333333333333,0.6675138230541349,0.9954628429300549,-0.08693326808811175,1.6003286675865385,11.450884854818726
SPY,social_only,logistic_regression,10,0.01,1337,"{""C"": 18.231689533012254, ""l1_ratio"": 0.0}",0.575,0.5808454241071429,23,0.4782608695652174,-0.44647543698082753,-0.4610059091726453,-0.13219483734925175,-0.7768406343652706,0.5487804878048781,0.5413533834586467,24,0.5,0.7908329955112102,1.283204633806137,-0.08693326808811176,1.6691616520781911,14.760800577582529
SPY,social_only,logistic_regression,10,0.01,2024,"{""C"": 0.001, ""l1_ratio"": 0.0}",0.5375,0.5813337053571429,23,0.5217391304347826,0.16805864052704705,0.14700689169440917,-0.087062597006752,0.2883797170859735,0.5203252032520326,0.5694324306341074,24,0.4583333333333333,0.6675138230541349,0.9954628429300549,-0.08693326808811175,1.6003286675865385,11.450884854818726
SPY,social_only,logistic_regression,10,0.01,31415,"{""C"": 0.001, ""l1_ratio"": 0.0}",0.5375,0.5813337053571429,23,0.5217391304347826,0.16805864052704705,0.14700689169440917,-0.087062597006752,0.2883797170859735,0.5203252032520326,0.5694324306341074,24,0.4583333333333333,0.6675138230541349,0.9954628429300549,-0.08693326808811175,1.6003286675865385,11.450884854818726
SPY,sentiment_only,logistic_regression,2,0.0025,42,"{""C"": 9.609812947036422, ""l1_ratio"": 0.0}",0.5403225806451613,0.533567525370804,123,0.5447154471544715,0.18395027197831199,0.03278308756624848,-0.10546122800763125,0.2730272470945395,0.5,0.5007271285034374,122,0.5409836065573771,0.07996535843259849,0.004003715042580014,-0.14923909989303996,0.11317505189335333,0.026827520706366403
SPY,sentiment_only,logistic_regression,2,0.0025,7,"{""C"": 0.013699206087220611, ""l1_ratio"": 0.0}",0.5403225806451613,0.533567525370804,123,0.5447154471544715,0.18395027197831199,0.03278308756624848,-0.10546122800763125,0.2730272470945395,0.5,0.5007271285034374,122,0.5409836065573771,0.07996535843259849,0.004003715042580014,-0.14923909989303996,0.11317505189335333,0.026827520706366403
SPY,sentiment_only,logistic_regression,2,0.0025,1337,"{""C"": 0.6348172749728034, ""l1_ratio"": 0.0}",0.5403225806451613,0.533567525370804,123,0.5447154471544715,0.18395027197831199,0.03278308756624848,-0.10546122800763125,0.2730272470945395,0.5,0.5007271285034374,122,0.5409836065573771,0.07996535843259849,0.004003715042580014,-0.14923909989303996,0.11317505189335333,0.026827520706366403
SPY,sentiment_only,logistic_regression,2,0.0025,2024,"{""C"": 6.106142678593516, ""l1_ratio"": 1.0}",0.5403225806451613,0.533567525370804,123,0.5447154471544715,0.18395027197831199,0.03278308756624848,-0.10546122800763125,0.2730272470945395,0.5,0.5007271285034374,122,0.5409836065573771,0.07996535843259849,0.004003715042580014,-0.14923909989303996,0.11317505189335333,0.026827520706366403
SPY,sentiment_only,logistic_regression,2,0.0025,31415,"{""C"": 84.33391017347104, ""l1_ratio"": 0.0}",0.5403225806451613,0.533567525370804,123,0.5447154471544715,0.18395027197831199,0.03278308756624848,-0.10546122800763125,0.2730272470945395,0.5,0.5007271285034374,122,0.5409836065573771,0.07996535843259849,0.004003715042580014,-0.14923909989303996,0.11317505189335333,0.026827520706366403
SPY,sentiment_only,logistic_regression,5,0.005,42,"{""C"": 0.0051800516442430215, ""l1_ratio"": 1.0}",0.4897959183673469,0.5,48,0.3333333333333333,-2.3723091882672693,-0.7787505461439752,-0.22922043572015371,-3.8549024757936055,0.47560975609756095,0.5,49,0.3673469387755102,-2.1473911503050407,-0.7832040402508671,-0.27793441939786545,-3.2605585087747224,-2.817945477741294
SPY,sentiment_only,logistic_regression,5,0.005,7,"{""C"": 0.0012010243286273083, ""l1_ratio"": 1.0}",0.4897959183673469,0.5,48,0.3333333333333333,-2.3723091882672693,-0.7787505461439752,-0.22922043572015371,-3.8549024757936055,0.47560975609756095,0.5,49,0.3673469387755102,-2.1473911503050407,-0.7832040402508671,-0.27793441939786545,-3.2605585087747224,-2.817945477741294
SPY,sentiment_only,logistic_regression,5,0.005,1337,"{""C"": 0.015029477161327656, ""l1_ratio"": 1.0}",0.4897959183673469,0.5,48,0.3333333333333333,-2.3723091882672693,-0.7787505461439752,-0.22922043572015371,-3.8549024757936055,0.47560975609756095,0.5,49,0.3673469387755102,-2.1473911503050407,-0.7832040402508671,-0.27793441939786545,-3.2605585087747224,-2.817945477741294
SPY,sentiment_only,logistic_regression,5,0.005,2024,"{""C"": 0.004594985933245014, ""l1_ratio"": 1.0}",0.4897959183673469,0.5,48,0.3333333333333333,-2.3723091882672693,-0.7787505461439752,-0.22922043572015371,-3.8549024757936055,0.47560975609756095,0.5,49,0.3673469387755102,-2.1473911503050407,-0.7832040402508671,-0.27793441939786545,-3.2605585087747224,-2.817945477741294
SPY,sentiment_only,logistic_regression,5,0.005,31415,"{""C"": 0.0011485369042670123, ""l1_ratio"": 1.0}",0.4897959183673469,0.5,48,0.3333333333333333,-2.3723091882672693,-0.7787505461439752,-0.22922043572015371,-3.8549024757936055,0.47560975609756095,0.5,49,0.3673469387755102,-2.1473911503050407,-0.7832040402508671,-0.27793441939786545,-3.2605585087747224,-2.817945477741294
SPY,sentiment_only,logistic_regression,10,0.01,42,"{""C"": 0.0051800516442430215, ""l1_ratio"": 1.0}",0.4666666666666667,0.5,23,0.30434782608695654,-2.1882591184649227,-0.9228164878117112,-0.18483257291791244,-3.627967483290949,0.45934959349593496,0.5,24,0.2916666666666667,-2.7071300891010583,-0.9412940325323196,-0.2345298426988682,-5.115665038713419,-4.013536280501936
SPY,sentiment_only,logistic_regression,10,0.01,7,"{""C"": 0.0012010243286273083, ""l1_ratio"": 1.0}",0.4666666666666667,0.5,23,0.30434782608695654,-2.1882591184649227,-0.9228164878117112,-0.18483257291791244,-3.627967483290949,0.45934959349593496,0.5,24,0.2916666666666667,-2.7071300891010583,-0.9412940325323196,-0.2345298426988682,-5.115665038713419,-4.013536280501936
SPY,sentiment_only,logistic_regression,10,0.01,1337,"{""C"": 0.015029477161327656, ""l1_ratio"": 1.0}",0.4666666666666667,0.5,23,0.30434782608695654,-2.1882591184649227,-0.9228164878117112,-0.18483257291791244,-3.627967483290949,0.45934959349593496,0.5,24,0.2916666666666667,-2.7071300891010583,-0.9412940325323196,-0.2345298426988682,-5.115665038713419,-4.013536280501936
SPY,sentiment_only,logistic_regression,10,0.01,2024,"{""C"": 0.004594985933245014, ""l1_ratio"": 1.0}",0.4666666666666667,0.5,23,0.30434782608695654,-2.1882591184649227,-0.9228164878117112,-0.18483257291791244,-3.627967483290949,0.45934959349593496,0.5,24,0.2916666666666667,-2.7071300891010583,-0.9412940325323196,-0.2345298426988682,-5.115665038713419,-4.013536280501936
SPY,sentiment_only,logistic_regression,10,0.01,31415,"{""C"": 0.0011485369042670123, ""l1_ratio"": 1.0}",0.4666666666666667,0.5,23,0.30434782608695654,-2.1882591184649227,-0.9228164878117112,-0.18483257291791244,-3.627967483290949,0.45934959349593496,0.5,24,0.2916666666666667,-2.7071300891010583,-0.9412940325323196,-0.2345298426988682,-5.115665038713419,-4.013536280501936
SPY,technical_only,logistic_regression,2,0.0025,42,"{""C"": 0.006501471496799653, ""l1_ratio"": 0.0}",0.5524193548387096,0.6224629195940671,123,0.5934959349593496,2.1249060080509325,0.742322241033943,-0.08793346091666429,3.454982587816973,0.5203252032520326,0.5393310417768375,122,0.5983606557377049,1.7388894535588482,0.5481229333248008,-0.126154316530023,2.498480714095273,4.344860710290124
SPY,technical_only,logistic_regression,2,0.0025,7,"{""C"": 0.006391316723287321, ""l1_ratio"": 0.0}",0.5524193548387096,0.6224629195940671,123,0.5934959349593496,2.1249060080509325,0.742322241033943,-0.08793346091666429,3.454982587816973,0.5203252032520326,0.5393310417768375,122,0.5983606557377049,1.7388894535588482,0.5481229333248008,-0.126154316530023,2.498480714095273,4.344860710290124
SPY,technical_only,logistic_regression,2,0.0025,1337,"{""C"": 0.00628830863036029, ""l1_ratio"": 0.0}",0.5524193548387096,0.6224629195940671,123,0.5934959349593496,2.1249060080509325,0.742322241033943,-0.08793346091666429,3.454982587816973,0.5203252032520326,0.5391988365943945,122,0.5983606557377049,1.7388894535588482,0.5481229333248008,-0.126154316530023,2.498480714095273,4.344860710290124
SPY,technical_only,logistic_regression,2,0.0025,2024,"{""C"": 0.00822683287098282, ""l1_ratio"": 0.0}",0.5564516129032258,0.6220075461878739,123,0.5934959349593496,2.12051780927515,0.7403607794632223,-0.08793346091666426,3.453951802452135,0.5203252032520326,0.5351665785298784,122,0.5983606557377049,1.7388894535588482,0.5481229333248008,-0.126154316530023,2.498480714095273,4.344860710290124
SPY,technical_only,logistic_regression,2,0.0025,31415,"{""C"": 0.006484028532256058, ""l1_ratio"": 0.0}",0.5524193548387096,0.6224629195940671,123,0.5934959349593496,2.1249060080509325,0.742322241033943,-0.08793346091666429,3.454982587816973,0.5203252032520326,0.5393310417768375,122,0.5983606557377049,1.7388894535588482,0.5481229333248008,-0.126154316530023,2.498480714095273,4.344860710290124
SPY,technical_only,logistic_regression,5,0.005,42,"{""C"": 0.1346546589855232, ""l1_ratio"": 1.0}",0.5836734693877551,0.6043,48,0.6666666666666666,3.152611576290896,4.825920812809067,-0.05705673179875395,6.279452931776104,0.5934959349593496,0.5971642483270391,49,0.5714285714285714,1.5658044924521035,1.7847824853230492,-0.11179149668632085,2.1506289026761283,15.965279455297253
SPY,technical_only,logistic_regression,5,0.005,7,"{""C"": 0.0921958875119815, ""l1_ratio"": 1.0}",0.5836734693877551,0.6043,48,0.6666666666666666,3.152611576290896,4.825920812809067,-0.05705673179875395,6.279452931776104,0.5934959349593496,0.5971642483270391,49,0.5714285714285714,1.5658044924521035,1.7847824853230492,-0.11179149668632085,2.1506289026761283,15.965279455297253
SPY,technical_only,logistic_regression,5,0.005,1337,"{""C"": 0.12540305041884542, ""l1_ratio"": 1.0}",0.5836734693877551,0.6043,48,0.6666666666666666,3.152611576290896,4.825920812809067,-0.05705673179875395,6.279452931776104,0.5934959349593496,0.5971642483270391,49,0.5714285714285714,1.5658044924521035,1.7847824853230492,-0.11179149668632085,2.1506289026761283,15.965279455297253
SPY,technical_only,logistic_regression,5,0.005,2024,"{""C"": 0.0848423879382946, ""l1_ratio"": 1.0}",0.5836734693877551,0.6041666666666666,48,0.6666666666666666,3.152611576290896,4.825920812809067,-0.05705673179875395,6.279452931776104,0.5934959349593496,0.597164248327039,49,0.5714285714285714,1.5658044924521035,1.7847824853230492,-0.11179149668632085,2.1506289026761283,15.965279455297253
SPY,technical_only,logistic_regression,5,0.005,31415,"{""C"": 0.10314648813467926, ""l1_ratio"": 1.0}",0.5836734693877551,0.6043,48,0.6666666666666666,3.152611576290896,4.825920812809067,-0.05705673179875395,6.279452931776104,0.5934959349593496,0.5971642483270391,49,0.5714285714285714,1.5658044924521035,1.7847824853230492,-0.11179149668632085,2.1506289026761283,15.965279455297253
SPY,technical_only,logistic_regression,10,0.01,42,"{""C"": 0.001, ""l1_ratio"": 0.0}",0.5583333333333333,0.5639299665178572,23,0.6521739130434783,1.3155182342680847,3.3673249307434663,-0.045130832462929586,2.941490312391997,0.5609756097560976,0.588063078049105,24,0.625,2.003382385544342,6.579974497903568,-0.08105567254292502,4.202443236077082,81.17845786078675
SPY,technical_only,logistic_regression,10,0.01,7,"{""C"": 0.001, ""l1_ratio"": 0.0}",0.5583333333333333,0.5639299665178572,23,0.6521739130434783,1.3155182342680847,3.3673249307434663,-0.045130832462929586,2.941490312391997,0.5609756097560976,0.588063078049105,24,0.625,2.003382385544342,6.579974497903568,-0.08105567254292502,4.202443236077082,81.17845786078675
SPY,technical_only,logistic_regression,10,0.01,1337,"{""C"": 0.0010634395392756825, ""l1_ratio"": 0.0}",0.5583333333333333,0.5639299665178572,23,0.6521739130434783,1.3155182342680847,3.3673249307434663,-0.045130832462929586,2.941490312391997,0.5609756097560976,0.588063078049105,24,0.625,2.003382385544342,6.579974497903568,-0.08105567254292502,4.202443236077082,81.17845786078675
SPY,technical_only,logistic_regression,10,0.01,2024,"{""C"": 0.001, ""l1_ratio"": 0.0}",0.5583333333333333,0.5639299665178572,23,0.6521739130434783,1.3155182342680847,3.3673249307434663,-0.045130832462929586,2.941490312391997,0.5609756097560976,0.588063078049105,24,0.625,2.003382385544342,6.579974497903568,-0.08105567254292502,4.202443236077082,81.17845786078675
SPY,technical_only,logistic_regression,10,0.01,31415,"{""C"": 0.0010027541226826575, ""l1_ratio"": 0.0}",0.5583333333333333,0.5639299665178572,23,0.6521739130434783,1.3155182342680847,3.3673249307434663,-0.045130832462929586,2.941490312391997,0.5609756097560976,0.588063078049105,24,0.625,2.003382385544342,6.579974497903568,-0.08105567254292502,4.202443236077082,81.17845786078675
SPY,learned_alpha_per_stock,logistic_regression,2,0.0025,42,"{""C"": 0.0061319388772557845, ""l1_ratio"": 0.0}",0.5524193548387096,0.6297163674212855,123,0.5691056910569106,1.7322833339158434,0.5733755596920762,-0.08793346091666429,2.867530829950424,0.524390243902439,0.5402564780539396,122,0.5737704918032787,1.4874878920601873,0.45258648626097364,-0.13315042809826785,2.186859582564801,3.399061442948987
SPY,learned_alpha_per_stock,logistic_regression,2,0.0025,7,"{""C"": 0.006118061872404078, ""l1_ratio"": 0.0}",0.5483870967741935,0.6295862607338018,123,0.5609756097560976,1.5929961603102836,0.5166221234182531,-0.10091656923074116,2.6689100533725565,0.524390243902439,0.5403225806451613,122,0.5737704918032787,1.4874878920601873,0.45258648626097364,-0.13315042809826785,2.186859582564801,3.399061442948987
SPY,learned_alpha_per_stock,logistic_regression,2,0.0025,1337,"{""C"": 0.006083360860440809, ""l1_ratio"": 0.0}",0.5483870967741935,0.6295862607338016,123,0.5609756097560976,1.5929961603102836,0.5166221234182531,-0.10091656923074116,2.6689100533725565,0.516260162601626,0.5401242728714966,122,0.5737704918032787,1.4874878920601873,0.45258648626097364,-0.13315042809826785,2.186859582564801,3.399061442948987
SPY,learned_alpha_per_stock,logistic_regression,2,0.0025,2024,"{""C"": 0.006089336868543747, ""l1_ratio"": 0.0}",0.5483870967741935,0.6295212073900598,123,0.5609756097560976,1.5929961603102836,0.5166221234182531,-0.10091656923074116,2.6689100533725565,0.5203252032520326,0.5402564780539397,122,0.5737704918032787,1.4874878920601873,0.45258648626097364,-0.13315042809826785,2.186859582564801,3.399061442948987
SPY,learned_alpha_per_stock,logistic_regression,2,0.0025,31415,"{""C"": 0.005868595909209326, ""l1_ratio"": 0.0}",0.5564516129032258,0.6295212073900598,123,0.5691056910569106,1.651942911042296,0.5404374222468937,-0.09941494838868828,2.7480377448183426,0.5365853658536586,0.537083553675304,122,0.5655737704918032,1.4682707798170642,0.4454807473088216,-0.13390986786034662,2.1650299645122497,3.3267208341465127
SPY,learned_alpha_per_stock,logistic_regression,5,0.005,42,"{""C"": 0.11054664475438972, ""l1_ratio"": 1.0}",0.5795918367346938,0.5991333333333333,48,0.6041666666666666,1.4552169800930326,1.3758739067452699,-0.05705673179875382,2.2267548452319774,0.6097560975609756,0.6223414828065991,49,0.4897959183673469,-0.4641226909921674,-0.31587440113731124,-0.12747770328023547,-0.5532178262996484,-2.47787960568227
SPY,learned_alpha_per_stock,logistic_regression,5,0.005,7,"{""C"": 0.09461667248965099, ""l1_ratio"": 1.0}",0.563265306122449,0.5991333333333334,48,0.6041666666666666,2.080184608373376,2.3894477540850234,-0.05705673179875382,4.252045489107653,0.5650406504065041,0.6224077386868085,49,0.5306122448979592,0.8710812747305872,0.752423405776901,-0.11179149668632084,1.235599998128588,6.730596047820603
SPY,learned_alpha_per_stock,logistic_regression,5,0.005,1337,"{""C"": 0.1629528072392871, ""l1_ratio"": 1.0}",0.5551020408163265,0.5991333333333333,48,0.5416666666666666,0.1065209623046378,0.02938464519932449,-0.0991467986552337,0.15705491570822305,0.5447154471544715,0.6222089710461803,49,0.4489795918367347,-0.4852307837615487,-0.32562437440311975,-0.10614401264548498,-0.7210059244412739,-3.067760171180703
SPY,learned_alpha_per_stock,logistic_regression,5,0.005,2024,"{""C"": 0.1189770609393486, ""l1_ratio"": 1.0}",0.5755102040816327,0.5991333333333333,48,0.6041666666666666,1.4552169800930326,1.3758739067452699,-0.05705673179875382,2.2267548452319774,0.5894308943089431,0.6223414828065991,49,0.4897959183673469,0.0752677078861121,0.00439975993943853,-0.09637181993962436,0.10676001849788726,0.04565400904740535
SPY,learned_alpha_per_stock,logistic_regression,5,0.005,31415,"{""C"": 0.06247443863841194, ""l1_ratio"": 1.0}",0.5714285714285714,0.6046333333333334,48,0.6458333333333334,2.454772601776535,3.137252444153698,-0.05705673179875395,4.248453615203151,0.5853658536585366,0.597164248327039,49,0.5714285714285714,1.5658044924521035,1.7847824853230492,-0.11179149668632085,2.1506289026761283,15.965279455297253
SPY,learned_alpha_per_stock,logistic_regression,10,0.01,42,"{""C"": 0.03909171951574906, ""l1_ratio"": 1.0}",0.5708333333333333,0.5542689732142858,23,0.7391304347826086,1.8823533309253602,6.790235850356548,-0.05808660626281539,3.565506570625583,0.5853658536585366,0.5669039856277861,24,0.6666666666666666,2.7440070264109973,12.733136664575348,-0.053352759527155444,6.182095429125092,238.65938289648253
SPY,learned_alpha_per_stock,logistic_regression,10,0.01,7,"{""C"": 77.82416781263099, ""l1_ratio"": 0.0}",0.5083333333333333,0.5306222098214286,23,0.782608695652174,1.0462093936737642,2.2424545544933534,-0.08223120376415309,2.156072917897891,0.5040650406504065,0.5856677090957483,24,0.5,-0.0075639554291024565,-0.06847358768115785,-0.08693326808811165,-0.014304148742883301,-0.787656891165717
SPY,learned_alpha_per_stock,logistic_regression,10,0.01,1337,"{""C"": 0.037868652405796614, ""l1_ratio"": 1.0}",0.5708333333333333,0.5544782366071429,23,0.7391304347826086,1.8823533309253602,6.790235850356548,-0.05808660626281539,3.565506570625583,0.5853658536585366,0.5670370616807504,24,0.6666666666666666,2.7440070264109973,12.733136664575348,-0.053352759527155444,6.182095429125092,238.65938289648253
SPY,learned_alpha_per_stock,logistic_regression,10,0.01,2024,"{""C"": 0.03714094651420162, ""l1_ratio"": 1.0}",0.5708333333333333,0.5544782366071429,23,0.7391304347826086,1.8823533309253602,6.790235850356548,-0.05808660626281539,3.565506570625583,0.5853658536585366,0.5670370616807504,24,0.6666666666666666,2.7440070264109973,12.733136664575348,-0.053352759527155444,6.182095429125092,238.65938289648253
SPY,learned_alpha_per_stock,logistic_regression,10,0.01,31415,"{""C"": 0.023929121565547287, ""l1_ratio"": 1.0}",0.5541666666666667,0.5320521763392856,23,0.7391304347826086,1.8823533309253602,6.790235850356548,-0.05808660626281539,3.565506570625583,0.5650406504065041,0.5334020892940314,24,0.75,3.5605127415166598,22.335983923713627,-0.025662204858353684,8.695112717931542,870.3844446336695
SPY,learned_alpha_global,logistic_regression,2,0.0025,42,"{""C"": 0.0061319388772557845, ""l1_ratio"": 0.0}",0.5524193548387096,0.6297163674212855,123,0.5691056910569106,1.7322833339158434,0.5733755596920762,-0.08793346091666429,2.867530829950424,0.524390243902439,0.5402564780539396,122,0.5737704918032787,1.4874878920601873,0.45258648626097364,-0.13315042809826785,2.186859582564801,3.399061442948987
SPY,learned_alpha_global,logistic_regression,2,0.0025,7,"{""C"": 0.006118061872404078, ""l1_ratio"": 0.0}",0.5483870967741935,0.6295862607338018,123,0.5609756097560976,1.5929961603102836,0.5166221234182531,-0.10091656923074116,2.6689100533725565,0.524390243902439,0.5403225806451613,122,0.5737704918032787,1.4874878920601873,0.45258648626097364,-0.13315042809826785,2.186859582564801,3.399061442948987
SPY,learned_alpha_global,logistic_regression,2,0.0025,1337,"{""C"": 0.006083360860440809, ""l1_ratio"": 0.0}",0.5483870967741935,0.6295862607338016,123,0.5609756097560976,1.5929961603102836,0.5166221234182531,-0.10091656923074116,2.6689100533725565,0.516260162601626,0.5401242728714966,122,0.5737704918032787,1.4874878920601873,0.45258648626097364,-0.13315042809826785,2.186859582564801,3.399061442948987
SPY,learned_alpha_global,logistic_regression,2,0.0025,2024,"{""C"": 0.006089336868543747, ""l1_ratio"": 0.0}",0.5483870967741935,0.6295212073900598,123,0.5609756097560976,1.5929961603102836,0.5166221234182531,-0.10091656923074116,2.6689100533725565,0.5203252032520326,0.5402564780539397,122,0.5737704918032787,1.4874878920601873,0.45258648626097364,-0.13315042809826785,2.186859582564801,3.399061442948987
SPY,learned_alpha_global,logistic_regression,2,0.0025,31415,"{""C"": 0.005868595909209326, ""l1_ratio"": 0.0}",0.5564516129032258,0.6295212073900598,123,0.5691056910569106,1.651942911042296,0.5404374222468937,-0.09941494838868828,2.7480377448183426,0.5365853658536586,0.537083553675304,122,0.5655737704918032,1.4682707798170642,0.4454807473088216,-0.13390986786034662,2.1650299645122497,3.3267208341465127
SPY,learned_alpha_global,logistic_regression,5,0.005,42,"{""C"": 0.11054664475438972, ""l1_ratio"": 1.0}",0.5795918367346938,0.5991333333333333,48,0.6041666666666666,1.4552169800930326,1.3758739067452699,-0.05705673179875382,2.2267548452319774,0.6097560975609756,0.6223414828065991,49,0.4897959183673469,-0.4641226909921674,-0.31587440113731124,-0.12747770328023547,-0.5532178262996484,-2.47787960568227
SPY,learned_alpha_global,logistic_regression,5,0.005,7,"{""C"": 0.09461667248965099, ""l1_ratio"": 1.0}",0.563265306122449,0.5991333333333334,48,0.6041666666666666,2.080184608373376,2.3894477540850234,-0.05705673179875382,4.252045489107653,0.5650406504065041,0.6224077386868085,49,0.5306122448979592,0.8710812747305872,0.752423405776901,-0.11179149668632084,1.235599998128588,6.730596047820603
SPY,learned_alpha_global,logistic_regression,5,0.005,1337,"{""C"": 0.1629528072392871, ""l1_ratio"": 1.0}",0.5551020408163265,0.5991333333333333,48,0.5416666666666666,0.1065209623046378,0.02938464519932449,-0.0991467986552337,0.15705491570822305,0.5447154471544715,0.6222089710461803,49,0.4489795918367347,-0.4852307837615487,-0.32562437440311975,-0.10614401264548498,-0.7210059244412739,-3.067760171180703
SPY,learned_alpha_global,logistic_regression,5,0.005,2024,"{""C"": 0.1189770609393486, ""l1_ratio"": 1.0}",0.5755102040816327,0.5991333333333333,48,0.6041666666666666,1.4552169800930326,1.3758739067452699,-0.05705673179875382,2.2267548452319774,0.5894308943089431,0.6223414828065991,49,0.4897959183673469,0.0752677078861121,0.00439975993943853,-0.09637181993962436,0.10676001849788726,0.04565400904740535
SPY,learned_alpha_global,logistic_regression,5,0.005,31415,"{""C"": 0.06247443863841194, ""l1_ratio"": 1.0}",0.5714285714285714,0.6046333333333334,48,0.6458333333333334,2.454772601776535,3.137252444153698,-0.05705673179875395,4.248453615203151,0.5853658536585366,0.597164248327039,49,0.5714285714285714,1.5658044924521035,1.7847824853230492,-0.11179149668632085,2.1506289026761283,15.965279455297253
SPY,learned_alpha_global,logistic_regression,10,0.01,42,"{""C"": 0.03909171951574906, ""l1_ratio"": 1.0}",0.5708333333333333,0.5542689732142858,23,0.7391304347826086,1.8823533309253602,6.790235850356548,-0.05808660626281539,3.565506570625583,0.5853658536585366,0.5669039856277861,24,0.6666666666666666,2.7440070264109973,12.733136664575348,-0.053352759527155444,6.182095429125092,238.65938289648253
SPY,learned_alpha_global,logistic_regression,10,0.01,7,"{""C"": 77.82416781263099, ""l1_ratio"": 0.0}",0.5083333333333333,0.5306222098214286,23,0.782608695652174,1.0462093936737642,2.2424545544933534,-0.08223120376415309,2.156072917897891,0.5040650406504065,0.5856677090957483,24,0.5,-0.0075639554291024565,-0.06847358768115785,-0.08693326808811165,-0.014304148742883301,-0.787656891165717
SPY,learned_alpha_global,logistic_regression,10,0.01,1337,"{""C"": 0.037868652405796614, ""l1_ratio"": 1.0}",0.5708333333333333,0.5544782366071429,23,0.7391304347826086,1.8823533309253602,6.790235850356548,-0.05808660626281539,3.565506570625583,0.5853658536585366,0.5670370616807504,24,0.6666666666666666,2.7440070264109973,12.733136664575348,-0.053352759527155444,6.182095429125092,238.65938289648253
SPY,learned_alpha_global,logistic_regression,10,0.01,2024,"{""C"": 0.03714094651420162, ""l1_ratio"": 1.0}",0.5708333333333333,0.5544782366071429,23,0.7391304347826086,1.8823533309253602,6.790235850356548,-0.05808660626281539,3.565506570625583,0.5853658536585366,0.5670370616807504,24,0.6666666666666666,2.7440070264109973,12.733136664575348,-0.053352759527155444,6.182095429125092,238.65938289648253
SPY,learned_alpha_global,logistic_regression,10,0.01,31415,"{""C"": 0.023929121565547287, ""l1_ratio"": 1.0}",0.5541666666666667,0.5320521763392856,23,0.7391304347826086,1.8823533309253602,6.790235850356548,-0.05808660626281539,3.565506570625583,0.5650406504065041,0.5334020892940314,24,0.75,3.5605127415166598,22.335983923713627,-0.025662204858353684,8.695112717931542,870.3844446336695
TSLA,full_70_30,logistic_regression,2,0.0025,42,"{""C"": 0.001, ""l1_ratio"": 0.0}",0.5564516129032258,0.6222352328909706,123,0.5121951219512195,0.6276969077565414,0.46863847156297167,-0.37227102972655307,0.9247389637071035,0.5650406504065041,0.5828703703703704,122,0.5491803278688525,2.091572718698129,9.417934199634068,-0.2949847900436159,3.7538083417595978,31.926846798580872
TSLA,full_70_30,logistic_regression,2,0.0025,7,"{""C"": 0.001, ""l1_ratio"": 0.0}",0.5564516129032258,0.6222352328909706,123,0.5121951219512195,0.6276969077565414,0.46863847156297167,-0.37227102972655307,0.9247389637071035,0.5650406504065041,0.5828703703703704,122,0.5491803278688525,2.091572718698129,9.417934199634068,-0.2949847900436159,3.7538083417595978,31.926846798580872
TSLA,full_70_30,logistic_regression,2,0.0025,1337,"{""C"": 0.001, ""l1_ratio"": 0.0}",0.5564516129032258,0.6222352328909706,123,0.5121951219512195,0.6276969077565414,0.46863847156297167,-0.37227102972655307,0.9247389637071035,0.5650406504065041,0.5828703703703704,122,0.5491803278688525,2.091572718698129,9.417934199634068,-0.2949847900436159,3.7538083417595978,31.926846798580872
TSLA,full_70_30,logistic_regression,2,0.0025,2024,"{""C"": 0.001, ""l1_ratio"": 0.0}",0.5564516129032258,0.6222352328909706,123,0.5121951219512195,0.6276969077565414,0.46863847156297167,-0.37227102972655307,0.9247389637071035,0.5650406504065041,0.5828703703703704,122,0.5491803278688525,2.091572718698129,9.417934199634068,-0.2949847900436159,3.7538083417595978,31.926846798580872
TSLA,full_70_30,logistic_regression,2,0.0025,31415,"{""C"": 0.001, ""l1_ratio"": 0.0}",0.5564516129032258,0.6222352328909706,123,0.5121951219512195,0.6276969077565414,0.46863847156297167,-0.37227102972655307,0.9247389637071035,0.5650406504065041,0.5828703703703704,122,0.5491803278688525,2.091572718698129,9.417934199634068,-0.2949847900436159,3.7538083417595978,31.926846798580872
TSLA,full_70_30,logistic_regression,5,0.0075,42,"{""C"": 0.0633501794785917, ""l1_ratio"": 1.0}",0.6040816326530613,0.5885374425520411,48,0.6458333333333334,2.5886850678648794,655.8412388064792,-0.2404151667701221,5.070902987145231,0.5365853658536586,0.573875306433446,49,0.6122448979591837,2.481204720908039,763.4558385226261,-0.32688989663942325,5.328894925203744,2335.513719975133
TSLA,full_70_30,logistic_regression,5,0.0075,7,"{""C"": 0.05368644924533107, ""l1_ratio"": 1.0}",0.6040816326530613,0.5885374425520411,48,0.6458333333333334,2.5886850678648794,655.8412388064792,-0.2404151667701221,5.070902987145231,0.5365853658536586,0.573875306433446,49,0.6122448979591837,2.481204720908039,763.4558385226261,-0.32688989663942325,5.328894925203744,2335.513719975133
TSLA,full_70_30,logistic_regression,5,0.0075,1337,"{""C"": 0.04627857659699634, ""l1_ratio"": 1.0}",0.6040816326530613,0.5854622871046229,48,0.6458333333333334,2.5886850678648794,655.8412388064792,-0.2404151667701221,5.070902987145231,0.5203252032520326,0.5609222818525144,49,0.6122448979591837,2.481204720908039,763.4558385226261,-0.32688989663942325,5.328894925203744,2335.513719975133
TSLA,full_70_30,logistic_regression,5,0.0075,2024,"{""C"": 0.05183763350083664, ""l1_ratio"": 1.0}",0.6040816326530613,0.5885374425520411,48,0.6458333333333334,2.5886850678648794,655.8412388064792,-0.2404151667701221,5.070902987145231,0.5365853658536586,0.573875306433446,49,0.6122448979591837,2.481204720908039,763.4558385226261,-0.32688989663942325,5.328894925203744,2335.513719975133
TSLA,full_70_30,logistic_regression,5,0.0075,31415,"{""C"": 0.048523691004300554, ""l1_ratio"": 1.0}",0.6040816326530613,0.5885374425520411,48,0.6458333333333334,2.5886850678648794,655.8412388064792,-0.2404151667701221,5.070902987145231,0.5203252032520326,0.573875306433446,49,0.6122448979591837,2.481204720908039,763.4558385226261,-0.32688989663942325,5.328894925203744,2335.513719975133
TSLA,full_70_30,logistic_regression,10,0.01,42,"{""C"": 0.001, ""l1_ratio"": 0.0}",0.5583333333333333,0.5884375671609714,23,0.5217391304347826,0.8898156394850634,63.148468856801514,-0.20005535814448588,1.990112704124992,0.5040650406504065,0.545550847457627,24,0.4166666666666667,-0.2270847613071411,-0.9431399722180341,-0.4717058439869844,-0.44770486668746384,-1.9994239720380862
TSLA,full_70_30,logistic_regression,10,0.01,7,"{""C"": 0.001, ""l1_ratio"": 0.0}",0.5583333333333333,0.5884375671609714,23,0.5217391304347826,0.8898156394850634,63.148468856801514,-0.20005535814448588,1.990112704124992,0.5040650406504065,0.545550847457627,24,0.4166666666666667,-0.2270847613071411,-0.9431399722180341,-0.4717058439869844,-0.44770486668746384,-1.9994239720380862
TSLA,full_70_30,logistic_regression,10,0.01,1337,"{""C"": 0.001, ""l1_ratio"": 0.0}",0.5583333333333333,0.5884375671609714,23,0.5217391304347826,0.8898156394850634,63.148468856801514,-0.20005535814448588,1.990112704124992,0.5040650406504065,0.545550847457627,24,0.4166666666666667,-0.2270847613071411,-0.9431399722180341,-0.4717058439869844,-0.44770486668746384,-1.9994239720380862
TSLA,full_70_30,logistic_regression,10,0.01,2024,"{""C"": 0.001, ""l1_ratio"": 0.0}",0.5583333333333333,0.5884375671609714,23,0.5217391304347826,0.8898156394850634,63.148468856801514,-0.20005535814448588,1.990112704124992,0.5040650406504065,0.545550847457627,24,0.4166666666666667,-0.2270847613071411,-0.9431399722180341,-0.4717058439869844,-0.44770486668746384,-1.9994239720380862
TSLA,full_70_30,logistic_regression,10,0.01,31415,"{""C"": 0.001, ""l1_ratio"": 0.0}",0.5583333333333333,0.5884375671609714,23,0.5217391304347826,0.8898156394850634,63.148468856801514,-0.20005535814448588,1.990112704124992,0.5040650406504065,0.545550847457627,24,0.4166666666666667,-0.2270847613071411,-0.9431399722180341,-0.4717058439869844,-0.44770486668746384,-1.9994239720380862
TSLA,equal_50_50,logistic_regression,2,0.0025,42,"{""C"": 0.001, ""l1_ratio"": 0.0}",0.5645161290322581,0.6154046317980745,123,0.5447154471544715,0.6887184919984286,0.5629810386920082,-0.3739952725396453,1.0083645086470752,0.5609756097560976,0.5810185185185186,122,0.5409836065573771,2.038410791505905,8.73393502597057,-0.2949847900436158,3.669768634244149,29.608085978531946
TSLA,equal_50_50,logistic_regression,2,0.0025,7,"{""C"": 0.001, ""l1_ratio"": 0.0}",0.5645161290322581,0.6154046317980745,123,0.5447154471544715,0.6887184919984286,0.5629810386920082,-0.3739952725396453,1.0083645086470752,0.5609756097560976,0.5810185185185186,122,0.5409836065573771,2.038410791505905,8.73393502597057,-0.2949847900436158,3.669768634244149,29.608085978531946
TSLA,equal_50_50,logistic_regression,2,0.0025,1337,"{""C"": 0.19344465501984898, ""l1_ratio"": 1.0}",0.5604838709677419,0.6186572989851679,123,0.5772357723577236,2.773694270666607,11.16803208901942,-0.30930867224998726,4.5978888360237375,0.524390243902439,0.5631613756613757,122,0.5409836065573771,2.2178501324858866,11.307562901084738,-0.37709642493435663,4.852438382515312,29.985866089961238
TSLA,equal_50_50,logistic_regression,2,0.0025,2024,"{""C"": 0.1794197282946914, ""l1_ratio"": 1.0}",0.5483870967741935,0.6164454852979444,123,0.5772357723577236,2.7860247747454614,11.308168462415003,-0.3093086722499871,4.610055685882459,0.516260162601626,0.5623677248677249,122,0.5245901639344263,1.5178398417964347,3.981124834786992,-0.37338195706247673,3.171562816150276,10.662338550335585
TSLA,equal_50_50,logistic_regression,2,0.0025,31415,"{""C"": 0.001, ""l1_ratio"": 0.0}",0.5645161290322581,0.6154046317980745,123,0.5447154471544715,0.6887184919984286,0.5629810386920082,-0.3739952725396453,1.0083645086470752,0.5609756097560976,0.5810185185185186,122,0.5409836065573771,2.038410791505905,8.73393502597057,-0.2949847900436158,3.669768634244149,29.608085978531946
TSLA,equal_50_50,logistic_regression,5,0.0075,42,"{""C"": 100.0, ""l1_ratio"": 0.0}",0.5387755102040817,0.5820492024871587,48,0.5208333333333334,0.6754778245455704,2.1075598242092655,-0.341773139156515,0.9969788847691357,0.540650406504065,0.5680779169151262,49,0.5714285714285714,1.0363786815449252,9.434516005212522,-0.26792193342580445,2.17953150524578,35.21367543365098
TSLA,equal_50_50,logistic_regression,5,0.0075,7,"{""C"": 0.05368644924533107, ""l1_ratio"": 1.0}",0.6040816326530613,0.5885374425520411,48,0.6458333333333334,2.5886850678648794,655.8412388064792,-0.2404151667701221,5.070902987145231,0.5365853658536586,0.573875306433446,49,0.6122448979591837,2.481204720908039,763.4558385226261,-0.32688989663942325,5.328894925203744,2335.513719975133
TSLA,equal_50_50,logistic_regression,5,0.0075,1337,"{""C"": 0.04699467136132141, ""l1_ratio"": 1.0}",0.6040816326530613,0.5854622871046229,48,0.6458333333333334,2.5886850678648794,655.8412388064792,-0.2404151667701221,5.070902987145231,0.5203252032520326,0.5609222818525144,49,0.6122448979591837,2.481204720908039,763.4558385226261,-0.32688989663942325,5.328894925203744,2335.513719975133
TSLA,equal_50_50,logistic_regression,5,0.0075,2024,"{""C"": 0.05208250312720772, ""l1_ratio"": 1.0}",0.6040816326530613,0.5885374425520411,48,0.6458333333333334,2.5886850678648794,655.8412388064792,-0.2404151667701221,5.070902987145231,0.5365853658536586,0.573875306433446,49,0.6122448979591837,2.481204720908039,763.4558385226261,-0.32688989663942325,5.328894925203744,2335.513719975133
TSLA,equal_50_50,logistic_regression,5,0.0075,31415,"{""C"": 0.04975711483339133, ""l1_ratio"": 1.0}",0.6040816326530613,0.5885374425520411,48,0.6458333333333334,2.5886850678648794,655.8412388064792,-0.2404151667701221,5.070902987145231,0.5203252032520326,0.573875306433446,49,0.6122448979591837,2.481204720908039,763.4558385226261,-0.32688989663942325,5.328894925203744,2335.513719975133
TSLA,equal_50_50,logistic_regression,10,0.01,42,"{""C"": 0.001, ""l1_ratio"": 0.0}",0.5708333333333333,0.5976072784583423,23,0.4782608695652174,0.8461550318643694,47.013524520690694,-0.24130183894678933,2.059915777698366,0.4959349593495935,0.542041843220339,24,0.4166666666666667,-0.694760929653148,-0.9962643158330443,-0.5923731649242434,-1.124029327483206,-1.6818187838749468
TSLA,equal_50_50,logistic_regression,10,0.01,7,"{""C"": 0.001, ""l1_ratio"": 0.0}",0.5708333333333333,0.5976072784583423,23,0.4782608695652174,0.8461550318643694,47.013524520690694,-0.24130183894678933,2.059915777698366,0.4959349593495935,0.542041843220339,24,0.4166666666666667,-0.694760929653148,-0.9962643158330443,-0.5923731649242434,-1.124029327483206,-1.6818187838749468
TSLA,equal_50_50,logistic_regression,10,0.01,1337,"{""C"": 0.0010634395392756825, ""l1_ratio"": 0.0}",0.5708333333333333,0.5976072784583423,23,0.4782608695652174,0.8461550318643694,47.013524520690694,-0.24130183894678933,2.059915777698366,0.5,0.5423728813559322,24,0.4166666666666667,-0.694760929653148,-0.9962643158330443,-0.5923731649242434,-1.124029327483206,-1.6818187838749468
TSLA,equal_50_50,logistic_regression,10,0.01,2024,"{""C"": 0.0010871535756696658, ""l1_ratio"": 0.0}",0.5708333333333333,0.597678916827853,23,0.4782608695652174,0.8461550318643694,47.013524520690694,-0.24130183894678933,2.059915777698366,0.5,0.5422404661016949,24,0.4166666666666667,-0.694760929653148,-0.9962643158330443,-0.5923731649242434,-1.124029327483206,-1.6818187838749468
TSLA,equal_50_50,logistic_regression,10,0.01,31415,"{""C"": 0.0010894247023081312, ""l1_ratio"": 0.0}",0.5708333333333333,0.597678916827853,23,0.4782608695652174,0.8461550318643694,47.013524520690694,-0.24130183894678933,2.059915777698366,0.5,0.5422404661016949,24,0.4166666666666667,-0.694760929653148,-0.9962643158330443,-0.5923731649242434,-1.124029327483206,-1.6818187838749468
TSLA,news_only,logistic_regression,2,0.0025,42,"{""C"": 0.001, ""l1_ratio"": 0.0}",0.5645161290322581,0.6090294041113714,123,0.5203252032520326,1.9520933136697847,4.563433699132712,-0.21246345510215228,3.4344362856621733,0.5447154471544715,0.5798280423280423,122,0.5409836065573771,2.064447871708355,9.065427142859637,-0.294984790043616,3.7732019489758657,30.731846009820494
TSLA,news_only,logistic_regression,2,0.0025,7,"{""C"": 0.001, ""l1_ratio"": 0.0}",0.5645161290322581,0.6090294041113714,123,0.5203252032520326,1.9520933136697847,4.563433699132712,-0.21246345510215228,3.4344362856621733,0.5447154471544715,0.5798280423280423,122,0.5409836065573771,2.064447871708355,9.065427142859637,-0.294984790043616,3.7732019489758657,30.731846009820494
TSLA,news_only,logistic_regression,2,0.0025,1337,"{""C"": 0.001, ""l1_ratio"": 0.0}",0.5645161290322581,0.6090294041113714,123,0.5203252032520326,1.9520933136697847,4.563433699132712,-0.21246345510215228,3.4344362856621733,0.5447154471544715,0.5798280423280423,122,0.5409836065573771,2.064447871708355,9.065427142859637,-0.294984790043616,3.7732019489758657,30.731846009820494
TSLA,news_only,logistic_regression,2,0.0025,2024,"{""C"": 0.001, ""l1_ratio"": 0.0}",0.5645161290322581,0.6090294041113714,123,0.5203252032520326,1.9520933136697847,4.563433699132712,-0.21246345510215228,3.4344362856621733,0.5447154471544715,0.5798280423280423,122,0.5409836065573771,2.064447871708355,9.065427142859637,-0.294984790043616,3.7732019489758657,30.731846009820494
TSLA,news_only,logistic_regression,2,0.0025,31415,"{""C"": 0.001001921593564903, ""l1_ratio"": 0.0}",0.5645161290322581,0.6090944574551133,123,0.5203252032520326,1.9520933136697847,4.563433699132712,-0.21246345510215228,3.4344362856621733,0.5447154471544715,0.5798280423280423,122,0.5409836065573771,2.064447871708355,9.065427142859637,-0.294984790043616,3.7732019489758657,30.731846009820494
TSLA,news_only,logistic_regression,5,0.0075,42,"{""C"": 0.06598973075007276, ""l1_ratio"": 1.0}",0.6040816326530613,0.5885374425520411,48,0.6458333333333334,2.5886850678648794,655.8412388064792,-0.2404151667701221,5.070902987145231,0.5365853658536586,0.573875306433446,49,0.6122448979591837,2.481204720908039,763.4558385226261,-0.32688989663942325,5.328894925203744,2335.513719975133
TSLA,news_only,logistic_regression,5,0.0075,7,"{""C"": 0.0921958875119815, ""l1_ratio"": 1.0}",0.6040816326530613,0.5885374425520411,48,0.6458333333333334,2.5886850678648794,655.8412388064792,-0.2404151667701221,5.070902987145231,0.5365853658536586,0.573875306433446,49,0.6122448979591837,2.481204720908039,763.4558385226261,-0.32688989663942325,5.328894925203744,2335.513719975133
TSLA,news_only,logistic_regression,5,0.0075,1337,"{""C"": 0.08041615306556137, ""l1_ratio"": 1.0}",0.6040816326530613,0.5885374425520411,48,0.6458333333333334,2.5886850678648794,655.8412388064792,-0.2404151667701221,5.070902987145231,0.5365853658536586,0.573875306433446,49,0.6122448979591837,2.481204720908039,763.4558385226261,-0.32688989663942325,5.328894925203744,2335.513719975133
TSLA,news_only,logistic_regression,5,0.0075,2024,"{""C"": 0.060761878277964185, ""l1_ratio"": 1.0}",0.6040816326530613,0.5885374425520411,48,0.6458333333333334,2.5886850678648794,655.8412388064792,-0.2404151667701221,5.070902987145231,0.5365853658536586,0.573875306433446,49,0.6122448979591837,2.481204720908039,763.4558385226261,-0.32688989663942325,5.328894925203744,2335.513719975133
TSLA,news_only,logistic_regression,5,0.0075,31415,"{""C"": 0.053074426521852486, ""l1_ratio"": 1.0}",0.6040816326530613,0.5885374425520411,48,0.6458333333333334,2.5886850678648794,655.8412388064792,-0.2404151667701221,5.070902987145231,0.5365853658536586,0.573875306433446,49,0.6122448979591837,2.481204720908039,763.4558385226261,-0.32688989663942325,5.328894925203744,2335.513719975133
TSLA,news_only,logistic_regression,10,0.01,42,"{""C"": 0.001, ""l1_ratio"": 0.0}",0.5833333333333334,0.574683000214915,23,0.4782608695652174,0.7759819206483043,28.45846464827183,-0.25490285233247423,1.791999829885792,0.5365853658536586,0.5537605932203389,24,0.4166666666666667,-0.2270847613071411,-0.9431399722180341,-0.4717058439869844,-0.44770486668746384,-1.9994239720380862
TSLA,news_only,logistic_regression,10,0.01,7,"{""C"": 0.001, ""l1_ratio"": 0.0}",0.5833333333333334,0.574683000214915,23,0.4782608695652174,0.7759819206483043,28.45846464827183,-0.25490285233247423,1.791999829885792,0.5365853658536586,0.5537605932203389,24,0.4166666666666667,-0.2270847613071411,-0.9431399722180341,-0.4717058439869844,-0.44770486668746384,-1.9994239720380862
TSLA,news_only,logistic_regression,10,0.01,1337,"{""C"": 0.001, ""l1_ratio"": 0.0}",0.5833333333333334,0.574683000214915,23,0.4782608695652174,0.7759819206483043,28.45846464827183,-0.25490285233247423,1.791999829885792,0.5365853658536586,0.5537605932203389,24,0.4166666666666667,-0.2270847613071411,-0.9431399722180341,-0.4717058439869844,-0.44770486668746384,-1.9994239720380862
TSLA,news_only,logistic_regression,10,0.01,2024,"{""C"": 0.001, ""l1_ratio"": 0.0}",0.5833333333333334,0.574683000214915,23,0.4782608695652174,0.7759819206483043,28.45846464827183,-0.25490285233247423,1.791999829885792,0.5365853658536586,0.5537605932203389,24,0.4166666666666667,-0.2270847613071411,-0.9431399722180341,-0.4717058439869844,-0.44770486668746384,-1.9994239720380862
TSLA,news_only,logistic_regression,10,0.01,31415,"{""C"": 0.001, ""l1_ratio"": 0.0}",0.5833333333333334,0.574683000214915,23,0.4782608695652174,0.7759819206483043,28.45846464827183,-0.25490285233247423,1.791999829885792,0.5365853658536586,0.5537605932203389,24,0.4166666666666667,-0.2270847613071411,-0.9431399722180341,-0.4717058439869844,-0.44770486668746384,-1.9994239720380862
TSLA,social_only,logistic_regression,2,0.0025,42,"{""C"": 0.035600919751084335, ""l1_ratio"": 0.0}",0.5443548387096774,0.5609549830861307,123,0.5284552845528455,2.019832202879115,4.948766622426623,-0.2948947943588994,3.736879520352665,0.5203252032520326,0.5312169312169313,122,0.5491803278688525,0.5965300845320918,0.4440207234669866,-0.48267415085230025,0.9612580794076544,0.9199181739542922
TSLA,social_only,logistic_regression,2,0.0025,7,"{""C"": 0.05368644924533107, ""l1_ratio"": 1.0}",0.5483870967741935,0.5616380431954202,123,0.5691056910569106,2.6722549425761635,10.067010268863527,-0.2595979256041465,4.380697343799624,0.5203252032520326,0.543452380952381,122,0.5409836065573771,1.7223234919457684,5.498746423764654,-0.32482451169780086,3.4406482757490573,16.928360470777495
TSLA,social_only,logistic_regression,2,0.0025,1337,"{""C"": 0.0010634395392756825, ""l1_ratio"": 0.0}",0.5443548387096774,0.561735623211033,123,0.5040650406504065,1.8065650658205394,3.8298416991912667,-0.3059676874477076,3.40933199298384,0.516260162601626,0.5316137566137566,122,0.5409836065573771,0.26108793244305306,-0.08304195940621528,-0.47080835660082004,0.4097485887811845,-0.17638165984514015
TSLA,social_only,logistic_regression,2,0.0025,2024,"{""C"": 0.03317835466093138, ""l1_ratio"": 0.0}",0.5443548387096774,0.5610850897736144,123,0.5284552845528455,2.019832202879115,4.948766622426623,-0.2948947943588994,3.736879520352665,0.5203252032520326,0.531415343915344,122,0.5491803278688525,0.5965300845320918,0.4440207234669866,-0.48267415085230025,0.9612580794076544,0.9199181739542922
TSLA,social_only,logistic_regression,2,0.0025,31415,"{""C"": 0.048267443199044746, ""l1_ratio"": 1.0}",0.5483870967741935,0.5616380431954202,123,0.5691056910569106,2.6722549425761635,10.067010268863527,-0.2595979256041465,4.380697343799624,0.5203252032520326,0.543452380952381,122,0.5409836065573771,1.7223234919457684,5.498746423764654,-0.32482451169780086,3.4406482757490573,16.928360470777495
TSLA,social_only,logistic_regression,5,0.0075,42,"{""C"": 0.07533570261329628, ""l1_ratio"": 0.0}",0.5346938775510204,0.5884360638010273,48,0.5416666666666666,0.844894407467955,4.173048771442872,-0.43469448311622594,1.2763038751116969,0.5447154471544715,0.5666865434307294,49,0.5510204081632653,0.9809383746511294,7.715905422349843,-0.5102950336805452,1.9138169070277535,15.12047916025801
TSLA,social_only,logistic_regression,5,0.0075,7,"{""C"": 0.08087003844506489, ""l1_ratio"": 0.0}",0.5387755102040817,0.5881657204649905,48,0.5416666666666666,0.844894407467955,4.173048771442872,-0.43469448311622594,1.2763038751116969,0.5447154471544715,0.5672165904724045,49,0.5510204081632653,0.9809383746511294,7.715905422349843,-0.5102950336805452,1.9138169070277535,15.12047916025801
TSLA,social_only,logistic_regression,5,0.0075,1337,"{""C"": 0.04732974760727275, ""l1_ratio"": 0.0}",0.5306122448979592,0.5881657204649906,48,0.5416666666666666,0.844894407467955,4.173048771442872,-0.43469448311622594,1.2763038751116969,0.5447154471544715,0.5623136553369111,49,0.5510204081632653,0.9809383746511294,7.715905422349843,-0.5102950336805452,1.9138169070277535,15.12047916025801
TSLA,social_only,logistic_regression,5,0.0075,2024,"{""C"": 0.06697484844926668, ""l1_ratio"": 0.0}",0.5346938775510204,0.5884360638010273,48,0.5416666666666666,0.844894407467955,4.173048771442872,-0.43469448311622594,1.2763038751116969,0.5447154471544715,0.5663552640296826,49,0.5510204081632653,0.9809383746511294,7.715905422349843,-0.5102950336805452,1.9138169070277535,15.12047916025801
TSLA,social_only,logistic_regression,5,0.0075,31415,"{""C"": 0.04885207535481126, ""l1_ratio"": 0.0}",0.5306122448979592,0.5881657204649906,48,0.5416666666666666,0.844894407467955,4.173048771442872,-0.43469448311622594,1.2763038751116969,0.5447154471544715,0.5621811435764925,49,0.5510204081632653,0.9809383746511294,7.715905422349843,-0.5102950336805452,1.9138169070277535,15.12047916025801
TSLA,social_only,logistic_regression,10,0.01,42,"{""C"": 0.0011473913722821183, ""l1_ratio"": 0.0}",0.575,0.5989325882942904,23,0.43478260869565216,0.15645310132297224,-0.6380250700295382,-0.2984568644270364,0.36041979593146606,0.524390243902439,0.525688559322034,24,0.4583333333333333,-0.5227798703950126,-0.9902236012945861,-0.5455818150660066,-0.8336539028250404,-1.8149864492363719
TSLA,social_only,logistic_regression,10,0.01,7,"{""C"": 0.001, ""l1_ratio"": 0.0}",0.5791666666666667,0.5983594813382047,23,0.43478260869565216,0.15645310132297224,-0.6380250700295382,-0.2984568644270364,0.36041979593146606,0.5284552845528455,0.5239009533898304,24,0.4583333333333333,-0.5227798703950126,-0.9902236012945861,-0.5455818150660066,-0.8336539028250404,-1.8149864492363719
TSLA,social_only,logistic_regression,10,0.01,1337,"{""C"": 0.0010634395392756825, ""l1_ratio"": 0.0}",0.575,0.5985027580772261,23,0.43478260869565216,0.15645310132297224,-0.6380250700295382,-0.2984568644270364,0.36041979593146606,0.524390243902439,0.5251588983050847,24,0.4583333333333333,-0.5227798703950126,-0.9902236012945861,-0.5455818150660066,-0.8336539028250404,-1.8149864492363719
TSLA,social_only,logistic_regression,10,0.01,2024,"{""C"": 0.001, ""l1_ratio"": 0.0}",0.5791666666666667,0.5983594813382047,23,0.43478260869565216,0.15645310132297224,-0.6380250700295382,-0.2984568644270364,0.36041979593146606,0.5284552845528455,0.5239009533898304,24,0.4583333333333333,-0.5227798703950126,-0.9902236012945861,-0.5455818150660066,-0.8336539028250404,-1.8149864492363719
TSLA,social_only,logistic_regression,10,0.01,31415,"{""C"": 0.001, ""l1_ratio"": 0.0}",0.5791666666666667,0.5983594813382047,23,0.43478260869565216,0.15645310132297224,-0.6380250700295382,-0.2984568644270364,0.36041979593146606,0.5284552845528455,0.5239009533898304,24,0.4583333333333333,-0.5227798703950126,-0.9902236012945861,-0.5455818150660066,-0.8336539028250404,-1.8149864492363719
TSLA,sentiment_only,logistic_regression,2,0.0025,42,"{""C"": 9.609812947036422, ""l1_ratio"": 0.0}",0.592741935483871,0.6039552432995056,123,0.5691056910569106,0.39498102234787685,0.1581968703245411,-0.39438407260427105,0.5931458884860524,0.5203252032520326,0.533399470899471,122,0.47540983606557374,1.0847756811147418,1.7680250997626725,-0.4357557919884339,1.6740268097623243,4.057376017183498
TSLA,sentiment_only,logistic_regression,2,0.0025,7,"{""C"": 0.013699206087220611, ""l1_ratio"": 0.0}",0.592741935483871,0.6039552432995056,123,0.5691056910569106,0.39498102234787685,0.1581968703245411,-0.39438407260427105,0.5931458884860524,0.5203252032520326,0.533399470899471,122,0.47540983606557374,1.0847756811147418,1.7680250997626725,-0.4357557919884339,1.6740268097623243,4.057376017183498
TSLA,sentiment_only,logistic_regression,2,0.0025,1337,"{""C"": 0.6348172749728034, ""l1_ratio"": 0.0}",0.592741935483871,0.6039552432995056,123,0.5691056910569106,0.39498102234787685,0.1581968703245411,-0.39438407260427105,0.5931458884860524,0.5203252032520326,0.533399470899471,122,0.47540983606557374,1.0847756811147418,1.7680250997626725,-0.4357557919884339,1.6740268097623243,4.057376017183498
TSLA,sentiment_only,logistic_regression,2,0.0025,2024,"{""C"": 6.106142678593516, ""l1_ratio"": 1.0}",0.592741935483871,0.6039552432995056,123,0.5691056910569106,0.39498102234787685,0.1581968703245411,-0.39438407260427105,0.5931458884860524,0.5203252032520326,0.533399470899471,122,0.47540983606557374,1.0847756811147418,1.7680250997626725,-0.4357557919884339,1.6740268097623243,4.057376017183498
TSLA,sentiment_only,logistic_regression,2,0.0025,31415,"{""C"": 84.33391017347104, ""l1_ratio"": 0.0}",0.592741935483871,0.6039552432995056,123,0.5691056910569106,0.39498102234787685,0.1581968703245411,-0.39438407260427105,0.5931458884860524,0.5203252032520326,0.533399470899471,122,0.47540983606557374,1.0847756811147418,1.7680250997626725,-0.4357557919884339,1.6740268097623243,4.057376017183498
TSLA,sentiment_only,logistic_regression,5,0.0075,42,"{""C"": 0.0051800516442430215, ""l1_ratio"": 1.0}",0.44081632653061226,0.5,48,0.4166666666666667,-1.8981720692979869,-0.9984990688446375,-0.6854258669443276,-2.94213661059011,0.524390243902439,0.5,49,0.42857142857142855,-1.3094417868274992,-0.9950749432180713,-0.7671602248211894,-1.947692708702125,-1.297088810163489
TSLA,sentiment_only,logistic_regression,5,0.0075,7,"{""C"": 0.0012010243286273083, ""l1_ratio"": 1.0}",0.44081632653061226,0.5,48,0.4166666666666667,-1.8981720692979869,-0.9984990688446375,-0.6854258669443276,-2.94213661059011,0.524390243902439,0.5,49,0.42857142857142855,-1.3094417868274992,-0.9950749432180713,-0.7671602248211894,-1.947692708702125,-1.297088810163489
TSLA,sentiment_only,logistic_regression,5,0.0075,1337,"{""C"": 0.015029477161327656, ""l1_ratio"": 1.0}",0.44081632653061226,0.5,48,0.4166666666666667,-1.8981720692979869,-0.9984990688446375,-0.6854258669443276,-2.94213661059011,0.524390243902439,0.5,49,0.42857142857142855,-1.3094417868274992,-0.9950749432180713,-0.7671602248211894,-1.947692708702125,-1.297088810163489
TSLA,sentiment_only,logistic_regression,5,0.0075,2024,"{""C"": 0.004594985933245014, ""l1_ratio"": 1.0}",0.44081632653061226,0.5,48,0.4166666666666667,-1.8981720692979869,-0.9984990688446375,-0.6854258669443276,-2.94213661059011,0.524390243902439,0.5,49,0.42857142857142855,-1.3094417868274992,-0.9950749432180713,-0.7671602248211894,-1.947692708702125,-1.297088810163489
TSLA,sentiment_only,logistic_regression,5,0.0075,31415,"{""C"": 0.0011485369042670123, ""l1_ratio"": 1.0}",0.44081632653061226,0.5,48,0.4166666666666667,-1.8981720692979869,-0.9984990688446375,-0.6854258669443276,-2.94213661059011,0.524390243902439,0.5,49,0.42857142857142855,-1.3094417868274992,-0.9950749432180713,-0.7671602248211894,-1.947692708702125,-1.297088810163489
TSLA,sentiment_only,logistic_regression,10,0.01,42,"{""C"": 0.0051800516442430215, ""l1_ratio"": 1.0}",0.4125,0.5,23,0.391304347826087,-1.614926378460417,-0.9999990495411426,-0.6770200695063928,-1.8059657849557726,0.4796747967479675,0.5,24,0.4583333333333333,-1.426596792398631,-0.9999279398109294,-0.7330464233899325,-2.4834623593123,-1.3640717803202942
TSLA,sentiment_only,logistic_regression,10,0.01,7,"{""C"": 0.0012010243286273083, ""l1_ratio"": 1.0}",0.4125,0.5,23,0.391304347826087,-1.614926378460417,-0.9999990495411426,-0.6770200695063928,-1.8059657849557726,0.4796747967479675,0.5,24,0.4583333333333333,-1.426596792398631,-0.9999279398109294,-0.7330464233899325,-2.4834623593123,-1.3640717803202942
TSLA,sentiment_only,logistic_regression,10,0.01,1337,"{""C"": 0.015029477161327656, ""l1_ratio"": 1.0}",0.4125,0.5,23,0.391304347826087,-1.614926378460417,-0.9999990495411426,-0.6770200695063928,-1.8059657849557726,0.4796747967479675,0.5,24,0.4583333333333333,-1.426596792398631,-0.9999279398109294,-0.7330464233899325,-2.4834623593123,-1.3640717803202942
TSLA,sentiment_only,logistic_regression,10,0.01,2024,"{""C"": 0.004594985933245014, ""l1_ratio"": 1.0}",0.4125,0.5,23,0.391304347826087,-1.614926378460417,-0.9999990495411426,-0.6770200695063928,-1.8059657849557726,0.4796747967479675,0.5,24,0.4583333333333333,-1.426596792398631,-0.9999279398109294,-0.7330464233899325,-2.4834623593123,-1.3640717803202942
TSLA,sentiment_only,logistic_regression,10,0.01,31415,"{""C"": 0.0011485369042670123, ""l1_ratio"": 1.0}",0.4125,0.5,23,0.391304347826087,-1.614926378460417,-0.9999990495411426,-0.6770200695063928,-1.8059657849557726,0.4796747967479675,0.5,24,0.4583333333333333,-1.426596792398631,-0.9999279398109294,-0.7330464233899325,-2.4834623593123,-1.3640717803202942
TSLA,technical_only,logistic_regression,2,0.0025,42,"{""C"": 0.001, ""l1_ratio"": 0.0}",0.5524193548387096,0.5883424408014573,123,0.5447154471544715,2.439526851503407,7.887471176009942,-0.2595979256041465,4.1068309167644275,0.524390243902439,0.5571428571428572,122,0.5327868852459017,1.9327972782722544,7.540462931149413,-0.41352503650639594,4.016480038453069,18.234598308373005
TSLA,technical_only,logistic_regression,2,0.0025,7,"{""C"": 0.001, ""l1_ratio"": 0.0}",0.5524193548387096,0.5883424408014573,123,0.5447154471544715,2.439526851503407,7.887471176009942,-0.2595979256041465,4.1068309167644275,0.524390243902439,0.5571428571428572,122,0.5327868852459017,1.9327972782722544,7.540462931149413,-0.41352503650639594,4.016480038453069,18.234598308373005
TSLA,technical_only,logistic_regression,2,0.0025,1337,"{""C"": 0.0010634395392756825, ""l1_ratio"": 0.0}",0.5524193548387096,0.5883424408014573,123,0.5447154471544715,2.439526851503407,7.887471176009942,-0.2595979256041465,4.1068309167644275,0.524390243902439,0.5571428571428572,122,0.5327868852459017,1.9327972782722544,7.540462931149413,-0.41352503650639594,4.016480038453069,18.234598308373005
TSLA,technical_only,logistic_regression,2,0.0025,2024,"{""C"": 0.001, ""l1_ratio"": 0.0}",0.5524193548387096,0.5883424408014573,123,0.5447154471544715,2.439526851503407,7.887471176009942,-0.2595979256041465,4.1068309167644275,0.524390243902439,0.5571428571428572,122,0.5327868852459017,1.9327972782722544,7.540462931149413,-0.41352503650639594,4.016480038453069,18.234598308373005
TSLA,technical_only,logistic_regression,2,0.0025,31415,"{""C"": 0.0019246948372869113, ""l1_ratio"": 0.0}",0.5524193548387096,0.5889279208951341,123,0.5528455284552846,2.753745803111401,10.946674971708807,-0.2418657576620682,4.695592503126943,0.540650406504065,0.5666005291005292,122,0.5655737704918032,2.6595522458525616,20.398181482929804,-0.27956017925279814,5.903824254636235,72.96526113786872
TSLA,technical_only,logistic_regression,5,0.0075,42,"{""C"": 0.004501100574735212, ""l1_ratio"": 0.0}",0.6,0.6073938902406055,48,0.625,2.1256392282005434,199.4609548855173,-0.28787562220032603,4.138817248217412,0.5447154471544715,0.6028953819651494,49,0.6122448979591837,2.1929594553387117,341.1677432530549,-0.2927459412629431,4.559983839913022,1165.4055450989822
TSLA,technical_only,logistic_regression,5,0.0075,7,"{""C"": 0.005872585069117615, ""l1_ratio"": 0.0}",0.6040816326530613,0.6000946201676127,48,0.625,2.1256392282005434,199.4609548855173,-0.28787562220032603,4.138817248217412,0.5609756097560976,0.5926919764129066,49,0.6122448979591837,2.65868724278333,1235.5421446679734,-0.2523510465124591,5.997321974705027,4896.124512830075
TSLA,technical_only,logistic_regression,5,0.0075,1337,"{""C"": 0.00998824581538521, ""l1_ratio"": 0.0}",0.6122448979591837,0.6071911327385779,48,0.625,2.1256392282005434,199.4609548855173,-0.28787562220032603,4.138817248217412,0.5528455284552846,0.5975949115483998,49,0.6326530612244898,3.1365137472862434,4220.2344596741605,-0.2523510465124591,7.435173430020468,16723.665378046288
TSLA,technical_only,logistic_regression,5,0.0075,2024,"{""C"": 0.0045399614673034125, ""l1_ratio"": 0.0}",0.6,0.6073938902406055,48,0.625,2.1256392282005434,199.4609548855173,-0.28787562220032603,4.138817248217412,0.5447154471544715,0.6028953819651494,49,0.6122448979591837,2.1929594553387117,341.1677432530549,-0.2927459412629431,4.559983839913022,1165.4055450989822
TSLA,technical_only,logistic_regression,5,0.0075,31415,"{""C"": 0.004232318415937611, ""l1_ratio"": 0.0}",0.6,0.6073938902406055,48,0.625,2.1256392282005434,199.4609548855173,-0.28787562220032603,4.138817248217412,0.5447154471544715,0.6029616378453587,49,0.6122448979591837,2.1929594553387117,341.1677432530549,-0.2927459412629431,4.559983839913022,1165.4055450989822
TSLA,technical_only,logistic_regression,10,0.01,42,"{""C"": 0.0014533384954340046, ""l1_ratio"": 0.0}",0.6125,0.5988609499247797,23,0.6086956521739131,1.7845585768216758,20126.562767960608,-0.23709995623239208,4.639213272626966,0.5447154471544715,0.5813691737288136,24,0.5416666666666666,1.2958883159912324,291.94734560953134,-0.29694311335342094,3.6323986820589824,983.1760107602036
TSLA,technical_only,logistic_regression,10,0.01,7,"{""C"": 0.0015070732130495505, ""l1_ratio"": 0.0}",0.6125,0.598789311555269,23,0.6086956521739131,1.7845585768216758,20126.562767960608,-0.23709995623239208,4.639213272626966,0.5447154471544715,0.5804422669491526,24,0.5416666666666666,1.2958883159912324,291.94734560953134,-0.29694311335342094,3.6323986820589824,983.1760107602036
TSLA,technical_only,logistic_regression,10,0.01,1337,"{""C"": 0.0012982137258984732, ""l1_ratio"": 0.0}",0.6166666666666667,0.6041621892685722,23,0.6086956521739131,1.7845585768216758,20126.562767960608,-0.23709995623239208,4.639213272626966,0.5487804878048781,0.5907706567796611,24,0.5416666666666666,1.2958883159912324,291.94734560953134,-0.29694311335342094,3.6323986820589824,983.1760107602036
TSLA,technical_only,logistic_regression,10,0.01,2024,"{""C"": 0.0015980290337198394, ""l1_ratio"": 0.0}",0.6125,0.5984311197077155,23,0.6086956521739131,1.7845585768216758,20126.562767960608,-0.23709995623239208,4.639213272626966,0.5447154471544715,0.5809057203389831,24,0.5416666666666666,1.2958883159912324,291.94734560953134,-0.29694311335342094,3.6323986820589824,983.1760107602036
TSLA,technical_only,logistic_regression,10,0.01,31415,"{""C"": 0.0012638180899551322, ""l1_ratio"": 0.0}",0.6166666666666667,0.6041621892685722,23,0.6086956521739131,1.7845585768216758,20126.562767960608,-0.23709995623239208,4.639213272626966,0.5487804878048781,0.5907706567796611,24,0.5416666666666666,1.2958883159912324,291.94734560953134,-0.29694311335342094,3.6323986820589824,983.1760107602036
TSLA,learned_alpha_per_stock,logistic_regression,2,0.0025,42,"{""C"": 0.001, ""l1_ratio"": 0.0}",0.5645161290322581,0.6169659120478793,123,0.5284552845528455,0.45469160668080355,0.2301967421440343,-0.42421894055719156,0.6694640942783274,0.5650406504065041,0.5814814814814815,122,0.5409836065573771,2.038410791505905,8.73393502597057,-0.2949847900436158,3.669768634244149,29.608085978531946
TSLA,learned_alpha_per_stock,logistic_regression,2,0.0025,7,"{""C"": 0.001, ""l1_ratio"": 0.0}",0.5645161290322581,0.6169659120478793,123,0.5284552845528455,0.45469160668080355,0.2301967421440343,-0.42421894055719156,0.6694640942783274,0.5650406504065041,0.5814814814814815,122,0.5409836065573771,2.038410791505905,8.73393502597057,-0.2949847900436158,3.669768634244149,29.608085978531946
TSLA,learned_alpha_per_stock,logistic_regression,2,0.0025,1337,"{""C"": 0.19344465501984898, ""l1_ratio"": 1.0}",0.5645161290322581,0.6193078324225865,123,0.5772357723577236,2.773694270666607,11.16803208901942,-0.30930867224998726,4.5978888360237375,0.5203252032520326,0.5637566137566138,122,0.5409836065573771,2.2178501324858866,11.307562901084738,-0.37709642493435663,4.852438382515312,29.985866089961238
TSLA,learned_alpha_per_stock,logistic_regression,2,0.0025,2024,"{""C"": 0.18479158614752156, ""l1_ratio"": 1.0}",0.5604838709677419,0.6199583658600052,123,0.5853658536585366,2.812117916962762,11.609651692355706,-0.3093086722499871,4.634029911858332,0.5203252032520326,0.5637566137566138,122,0.5327868852459017,1.877558007182729,6.955083944329153,-0.37709642493435663,3.9209424540112807,18.4437811775592
TSLA,learned_alpha_per_stock,logistic_regression,2,0.0025,31415,"{""C"": 0.001, ""l1_ratio"": 0.0}",0.5645161290322581,0.6169659120478793,123,0.5284552845528455,0.45469160668080355,0.2301967421440343,-0.42421894055719156,0.6694640942783274,0.5650406504065041,0.5814814814814815,122,0.5409836065573771,2.038410791505905,8.73393502597057,-0.2949847900436158,3.669768634244149,29.608085978531946
TSLA,learned_alpha_per_stock,logistic_regression,5,0.0075,42,"{""C"": 9.609812947036422, ""l1_ratio"": 0.0}",0.5591836734693878,0.5819816166531495,48,0.5416666666666666,1.0103045901576737,7.387340067279778,-0.25704107781693447,1.4599107549428412,0.5487804878048781,0.5683429404359637,49,0.5510204081632653,0.8991734137523588,5.753700695897395,-0.26792193342580445,1.9254370465961725,21.475288052483265
TSLA,learned_alpha_per_stock,logistic_regression,5,0.0075,7,"{""C"": 0.05368644924533107, ""l1_ratio"": 1.0}",0.6040816326530613,0.5885374425520411,48,0.6458333333333334,2.5886850678648794,655.8412388064792,-0.2404151667701221,5.070902987145231,0.5365853658536586,0.573875306433446,49,0.6122448979591837,2.481204720908039,763.4558385226261,-0.32688989663942325,5.328894925203744,2335.513719975133
TSLA,learned_alpha_per_stock,logistic_regression,5,0.0075,1337,"{""C"": 0.04693852986842445, ""l1_ratio"": 1.0}",0.6040816326530613,0.5854622871046229,48,0.6458333333333334,2.5886850678648794,655.8412388064792,-0.2404151667701221,5.070902987145231,0.5203252032520326,0.5609222818525144,49,0.6122448979591837,2.481204720908039,763.4558385226261,-0.32688989663942325,5.328894925203744,2335.513719975133
TSLA,learned_alpha_per_stock,logistic_regression,5,0.0075,2024,"{""C"": 0.05251513669212655, ""l1_ratio"": 1.0}",0.6040816326530613,0.5885374425520411,48,0.6458333333333334,2.5886850678648794,655.8412388064792,-0.2404151667701221,5.070902987145231,0.5365853658536586,0.573875306433446,49,0.6122448979591837,2.481204720908039,763.4558385226261,-0.32688989663942325,5.328894925203744,2335.513719975133
TSLA,learned_alpha_per_stock,logistic_regression,5,0.0075,31415,"{""C"": 0.049560154163845245, ""l1_ratio"": 1.0}",0.6040816326530613,0.5885374425520411,48,0.6458333333333334,2.5886850678648794,655.8412388064792,-0.2404151667701221,5.070902987145231,0.5203252032520326,0.573875306433446,49,0.6122448979591837,2.481204720908039,763.4558385226261,-0.32688989663942325,5.328894925203744,2335.513719975133
TSLA,learned_alpha_per_stock,logistic_regression,10,0.01,42,"{""C"": 0.001, ""l1_ratio"": 0.0}",0.5666666666666667,0.5965327029156817,23,0.4782608695652174,0.8461550318643694,47.013524520690694,-0.24130183894678933,2.059915777698366,0.5040650406504065,0.5428363347457628,24,0.4166666666666667,-0.694760929653148,-0.9962643158330443,-0.5923731649242434,-1.124029327483206,-1.6818187838749468
TSLA,learned_alpha_per_stock,logistic_regression,10,0.01,7,"{""C"": 0.001, ""l1_ratio"": 0.0}",0.5666666666666667,0.5965327029156817,23,0.4782608695652174,0.8461550318643694,47.013524520690694,-0.24130183894678933,2.059915777698366,0.5040650406504065,0.5428363347457628,24,0.4166666666666667,-0.694760929653148,-0.9962643158330443,-0.5923731649242434,-1.124029327483206,-1.6818187838749468
TSLA,learned_alpha_per_stock,logistic_regression,10,0.01,1337,"{""C"": 0.001, ""l1_ratio"": 0.0}",0.5666666666666667,0.5965327029156817,23,0.4782608695652174,0.8461550318643694,47.013524520690694,-0.24130183894678933,2.059915777698366,0.5040650406504065,0.5428363347457628,24,0.4166666666666667,-0.694760929653148,-0.9962643158330443,-0.5923731649242434,-1.124029327483206,-1.6818187838749468
TSLA,learned_alpha_per_stock,logistic_regression,10,0.01,2024,"{""C"": 0.001, ""l1_ratio"": 0.0}",0.5666666666666667,0.5965327029156817,23,0.4782608695652174,0.8461550318643694,47.013524520690694,-0.24130183894678933,2.059915777698366,0.5040650406504065,0.5428363347457628,24,0.4166666666666667,-0.694760929653148,-0.9962643158330443,-0.5923731649242434,-1.124029327483206,-1.6818187838749468
TSLA,learned_alpha_per_stock,logistic_regression,10,0.01,31415,"{""C"": 0.001, ""l1_ratio"": 0.0}",0.5666666666666667,0.5965327029156817,23,0.4782608695652174,0.8461550318643694,47.013524520690694,-0.24130183894678933,2.059915777698366,0.5040650406504065,0.5428363347457628,24,0.4166666666666667,-0.694760929653148,-0.9962643158330443,-0.5923731649242434,-1.124029327483206,-1.6818187838749468
TSLA,learned_alpha_global,logistic_regression,2,0.0025,42,"{""C"": 0.001, ""l1_ratio"": 0.0}",0.5524193548387096,0.618592245641426,123,0.5040650406504065,0.7664606289955794,0.6934396013226121,-0.3447139475571004,1.164266331503369,0.5447154471544715,0.5830687830687831,122,0.5327868852459017,1.9175143448627663,7.335929680950157,-0.2949847900436159,3.510626993486491,24.86884045738589
TSLA,learned_alpha_global,logistic_regression,2,0.0025,7,"{""C"": 0.001, ""l1_ratio"": 0.0}",0.5524193548387096,0.618592245641426,123,0.5040650406504065,0.7664606289955794,0.6934396013226121,-0.3447139475571004,1.164266331503369,0.5447154471544715,0.5830687830687831,122,0.5327868852459017,1.9175143448627663,7.335929680950157,-0.2949847900436159,3.510626993486491,24.86884045738589
TSLA,learned_alpha_global,logistic_regression,2,0.0025,1337,"{""C"": 0.001, ""l1_ratio"": 0.0}",0.5524193548387096,0.618592245641426,123,0.5040650406504065,0.7664606289955794,0.6934396013226121,-0.3447139475571004,1.164266331503369,0.5447154471544715,0.5830687830687831,122,0.5327868852459017,1.9175143448627663,7.335929680950157,-0.2949847900436159,3.510626993486491,24.86884045738589
TSLA,learned_alpha_global,logistic_regression,2,0.0025,2024,"{""C"": 0.001, ""l1_ratio"": 0.0}",0.5524193548387096,0.618592245641426,123,0.5040650406504065,0.7664606289955794,0.6934396013226121,-0.3447139475571004,1.164266331503369,0.5447154471544715,0.5830687830687831,122,0.5327868852459017,1.9175143448627663,7.335929680950157,-0.2949847900436159,3.510626993486491,24.86884045738589
TSLA,learned_alpha_global,logistic_regression,2,0.0025,31415,"{""C"": 0.001, ""l1_ratio"": 0.0}",0.5524193548387096,0.618592245641426,123,0.5040650406504065,0.7664606289955794,0.6934396013226121,-0.3447139475571004,1.164266331503369,0.5447154471544715,0.5830687830687831,122,0.5327868852459017,1.9175143448627663,7.335929680950157,-0.2949847900436159,3.510626993486491,24.86884045738589
TSLA,learned_alpha_global,logistic_regression,5,0.0075,42,"{""C"": 0.06690501870601556, ""l1_ratio"": 1.0}",0.6040816326530613,0.5885374425520411,48,0.6458333333333334,2.5886850678648794,655.8412388064792,-0.2404151667701221,5.070902987145231,0.5365853658536586,0.573875306433446,49,0.6122448979591837,2.481204720908039,763.4558385226261,-0.32688989663942325,5.328894925203744,2335.513719975133
TSLA,learned_alpha_global,logistic_regression,5,0.0075,7,"{""C"": 0.05368644924533107, ""l1_ratio"": 1.0}",0.6040816326530613,0.5885374425520411,48,0.6458333333333334,2.5886850678648794,655.8412388064792,-0.2404151667701221,5.070902987145231,0.5365853658536586,0.573875306433446,49,0.6122448979591837,2.481204720908039,763.4558385226261,-0.32688989663942325,5.328894925203744,2335.513719975133
TSLA,learned_alpha_global,logistic_regression,5,0.0075,1337,"{""C"": 0.08041615306556137, ""l1_ratio"": 1.0}",0.6040816326530613,0.5885374425520411,48,0.6458333333333334,2.5886850678648794,655.8412388064792,-0.2404151667701221,5.070902987145231,0.5365853658536586,0.573875306433446,49,0.6122448979591837,2.481204720908039,763.4558385226261,-0.32688989663942325,5.328894925203744,2335.513719975133
TSLA,learned_alpha_global,logistic_regression,5,0.0075,2024,"{""C"": 0.05529239793660462, ""l1_ratio"": 1.0}",0.6040816326530613,0.5885374425520411,48,0.6458333333333334,2.5886850678648794,655.8412388064792,-0.2404151667701221,5.070902987145231,0.5365853658536586,0.573875306433446,49,0.6122448979591837,2.481204720908039,763.4558385226261,-0.32688989663942325,5.328894925203744,2335.513719975133
TSLA,learned_alpha_global,logistic_regression,5,0.0075,31415,"{""C"": 0.049374791423332114, ""l1_ratio"": 1.0}",0.6040816326530613,0.5885374425520411,48,0.6458333333333334,2.5886850678648794,655.8412388064792,-0.2404151667701221,5.070902987145231,0.5203252032520326,0.573875306433446,49,0.6122448979591837,2.481204720908039,763.4558385226261,-0.32688989663942325,5.328894925203744,2335.513719975133
TSLA,learned_alpha_global,logistic_regression,10,0.01,42,"{""C"": 0.001, ""l1_ratio"": 0.0}",0.5958333333333333,0.5842109033598395,23,0.5217391304347826,0.8898156394850634,63.148468856801514,-0.20005535814448588,1.990112704124992,0.516260162601626,0.5486626059322033,24,0.4166666666666667,-0.2270847613071411,-0.9431399722180341,-0.4717058439869844,-0.44770486668746384,-1.9994239720380862
TSLA,learned_alpha_global,logistic_regression,10,0.01,7,"{""C"": 0.001, ""l1_ratio"": 0.0}",0.5958333333333333,0.5842109033598395,23,0.5217391304347826,0.8898156394850634,63.148468856801514,-0.20005535814448588,1.990112704124992,0.516260162601626,0.5486626059322033,24,0.4166666666666667,-0.2270847613071411,-0.9431399722180341,-0.4717058439869844,-0.44770486668746384,-1.9994239720380862
TSLA,learned_alpha_global,logistic_regression,10,0.01,1337,"{""C"": 0.001, ""l1_ratio"": 0.0}",0.5958333333333333,0.5842109033598395,23,0.5217391304347826,0.8898156394850634,63.148468856801514,-0.20005535814448588,1.990112704124992,0.516260162601626,0.5486626059322033,24,0.4166666666666667,-0.2270847613071411,-0.9431399722180341,-0.4717058439869844,-0.44770486668746384,-1.9994239720380862
TSLA,learned_alpha_global,logistic_regression,10,0.01,2024,"{""C"": 0.001, ""l1_ratio"": 0.0}",0.5958333333333333,0.5842109033598395,23,0.5217391304347826,0.8898156394850634,63.148468856801514,-0.20005535814448588,1.990112704124992,0.516260162601626,0.5486626059322033,24,0.4166666666666667,-0.2270847613071411,-0.9431399722180341,-0.4717058439869844,-0.44770486668746384,-1.9994239720380862
TSLA,learned_alpha_global,logistic_regression,10,0.01,31415,"{""C"": 0.001, ""l1_ratio"": 0.0}",0.5958333333333333,0.5842109033598395,23,0.5217391304347826,0.8898156394850634,63.148468856801514,-0.20005535814448588,1.990112704124992,0.516260162601626,0.5486626059322033,24,0.4166666666666667,-0.2270847613071411,-0.9431399722180341,-0.4717058439869844,-0.44770486668746384,-1.9994239720380862
