Stock,Ablation,Model,Horizon,Threshold,Seed,HParams,Val_Accuracy,Val_ROC_AUC,Val_Trades,Val_WinRate,Val_Sharpe,Val_AnnualReturn,Val_MDD,Val_Sortino,Test_Accuracy,Test_ROC_AUC,Test_Trades,Test_WinRate,Test_Sharpe,Test_AnnualReturn,Test_MDD,Test_Sortino,Test_Calmar
AAPL,full_70_30,lstm,2,0.0025,42,"{""lr"": 0.0032413268041956303, ""dropout"": 0.2700623497964979, ""u1"": 104, ""u2"": 80, ""batch_size"": 18}",0.536697247706422,0.5920875420875421,108,0.48148148148148145,-0.42419165340816495,-0.21205397517506042,-0.23825449001809448,-0.6888864083941129,0.5092592592592593,0.5339622641509435,107,0.38317757009345793,-0.9643726048052458,-0.4231041027983026,-0.3123712852440917,-1.8090899419594078,-1.3544910264965058
AAPL,full_70_30,lstm,2,0.0025,7,"{""lr"": 0.0032413268041956303, ""dropout"": 0.2700623497964979, ""u1"": 104, ""u2"": 80, ""batch_size"": 18}",0.573394495412844,0.6207070707070708,108,0.5555555555555556,1.6282640358464648,0.9814178727611704,-0.11482678970285307,2.544299547733427,0.5,0.5156946826758148,107,0.40186915887850466,-0.3404784558754532,-0.20550454402705687,-0.17770275589198498,-0.6797379064762661,-1.1564510803196038
AAPL,full_70_30,lstm,2,0.0025,1337,"{""lr"": 0.0032413268041956303, ""dropout"": 0.2700623497964979, ""u1"": 104, ""u2"": 80, ""batch_size"": 18}",0.5,0.5952020202020202,108,0.4537037037037037,-1.7482175541823586,-0.5675807387528833,-0.35377356258296266,-2.8204345816567056,0.4861111111111111,0.5496569468267583,107,0.35514018691588783,-2.0739598271301594,-0.6701644614934843,-0.43704108174073186,-3.1488434966724377,-1.5334129661775124
AAPL,full_70_30,lstm,2,0.0025,2024,"{""lr"": 0.0032413268041956303, ""dropout"": 0.2700623497964979, ""u1"": 104, ""u2"": 80, ""batch_size"": 18}",0.5596330275229358,0.5906565656565657,108,0.5185185185185185,-0.9021224043094535,-0.3665915936821311,-0.24629831914485004,-1.3951066782440453,0.49537037037037035,0.49699828473413377,107,0.3644859813084112,-2.0097153037591426,-0.6592814244910328,-0.4149330657794072,-3.640672521191265,-1.5888862056646256
AAPL,full_70_30,lstm,2,0.0025,31415,"{""lr"": 0.0032413268041956303, ""dropout"": 0.2700623497964979, ""u1"": 104, ""u2"": 80, ""batch_size"": 18}",0.4908256880733945,0.5656565656565657,108,0.4537037037037037,-2.2851379699930625,-0.6587863678649492,-0.41615997000103355,-3.2125018565676235,0.5370370370370371,0.5391938250428817,107,0.40186915887850466,-0.8949631527295162,-0.4022795499451449,-0.3374888673580347,-1.6602090987780433,-1.191978725385259
AAPL,full_70_30,lstm,5,0.005,42,"{""lr"": 0.0032413268041956303, ""dropout"": 0.2700623497964979, ""u1"": 104, ""u2"": 80, ""batch_size"": 18}",0.5813953488372093,0.634608695652174,42,0.5714285714285714,0.3746876593245688,0.35830558851081573,-0.12896201980117494,0.4898055168318317,0.4398148148148148,0.45991379310344827,43,0.37209302325581395,-0.0011858777643635435,-0.15507659551407527,-0.16395106927083777,-0.0022169473308163243,-0.9458712053771214
AAPL,full_70_30,lstm,5,0.005,7,"{""lr"": 0.0032413268041956303, ""dropout"": 0.2700623497964979, ""u1"": 104, ""u2"": 80, ""batch_size"": 18}",0.5348837209302325,0.5333043478260869,42,0.6428571428571429,1.2403476364839245,2.3762944266887027,-0.15548971187711577,1.5939533869038567,0.5370370370370371,0.46879310344827585,43,0.5348837209302325,1.2865609788575065,3.9862861535214877,-0.10310124679588935,2.183584504185326,38.66380162611594
AAPL,full_70_30,lstm,5,0.005,1337,"{""lr"": 0.0032413268041956303, ""dropout"": 0.2700623497964979, ""u1"": 104, ""u2"": 80, ""batch_size"": 18}",0.5906976744186047,0.5872608695652175,42,0.6428571428571429,2.1142443668253885,6.872000354216585,-0.10938196539436894,2.931332752698201,0.47685185185185186,0.4575862068965518,43,0.4418604651162791,0.45291168887614724,0.6006627012164281,-0.23985895479716873,0.8537460339679018,2.504232963594646
AAPL,full_70_30,lstm,5,0.005,2024,"{""lr"": 0.0032413268041956303, ""dropout"": 0.2700623497964979, ""u1"": 104, ""u2"": 80, ""batch_size"": 18}",0.48372093023255813,0.482695652173913,42,0.35714285714285715,-1.8008684691468635,-0.8650887332780619,-0.3246151446194179,-3.6107085859247046,0.46296296296296297,0.4928448275862069,43,0.37209302325581395,-1.6527391812749626,-0.913894730030238,-0.4043557254425881,-2.130785658923149,-2.2601256085342514
AAPL,full_70_30,lstm,5,0.005,31415,"{""lr"": 0.0032413268041956303, ""dropout"": 0.2700623497964979, ""u1"": 104, ""u2"": 80, ""batch_size"": 18}",0.5627906976744186,0.6113913043478261,42,0.5238095238095238,-0.8831366379998677,-0.6521705046083937,-0.23717911442193804,-1.290147653297952,0.42592592592592593,0.4770689655172414,43,0.37209302325581395,-1.3774786846581115,-0.87609526144551,-0.3661927289513803,-1.7786143275086082,-2.3924430830570365
AAPL,full_70_30,lstm,10,0.01,42,"{""lr"": 0.0032413268041956303, ""dropout"": 0.2700623497964979, ""u1"": 104, ""u2"": 80, ""batch_size"": 18}",0.6142857142857143,0.4285159285159285,20,0.65,0.11762175625850357,0.06966410225634112,-0.19520767009851536,0.15533260661931256,0.49537037037037035,0.49961149961149964,21,0.6190476190476191,1.5628606726106646,32.9974979306731,-0.039132418752789104,2.812290536039958,843.2266387398109
AAPL,full_70_30,lstm,10,0.01,7,"{""lr"": 0.0032413268041956303, ""dropout"": 0.2700623497964979, ""u1"": 104, ""u2"": 80, ""batch_size"": 18}",0.5571428571428572,0.5070901320901321,20,0.6,0.2526108961033977,0.42388784501998344,-0.141254558889532,0.3117938462575123,0.5555555555555556,0.5927652594319262,21,0.42857142857142855,-0.1905051172536792,-0.5367160805791411,-0.17178804121527821,-0.295036662499965,-3.124292452386421
AAPL,full_70_30,lstm,10,0.01,1337,"{""lr"": 0.0032413268041956303, ""dropout"": 0.2700623497964979, ""u1"": 104, ""u2"": 80, ""batch_size"": 18}",0.4095238095238095,0.5706099456099457,20,0.25,-0.6563934769640449,-0.7910535432537676,-0.2189853190145145,-1.417487412937966,0.5231481481481481,0.5030648363981698,21,0.42857142857142855,-0.27356122270775796,-0.6261172878317172,-0.1656242403289072,-0.4210491271653189,-3.7803481337534492
AAPL,full_70_30,lstm,10,0.01,2024,"{""lr"": 0.0032413268041956303, ""dropout"": 0.2700623497964979, ""u1"": 104, ""u2"": 80, ""batch_size"": 18}",0.5047619047619047,0.48960761460761465,20,0.45,-1.3435252056302418,-0.9474129987860882,-0.2582380408975184,-1.8223271347688135,0.5277777777777778,0.5366485366485366,21,0.5238095238095238,0.44964362654023016,1.4037274804298217,-0.14712807268810313,0.6530557942995219,9.54085413329368
AAPL,full_70_30,lstm,10,0.01,31415,"{""lr"": 0.0032413268041956303, ""dropout"": 0.2700623497964979, ""u1"": 104, ""u2"": 80, ""batch_size"": 18}",0.3619047619047619,0.4321095571095571,20,0.35,-1.5709620631337156,-0.9655350426589895,-0.28269969995283506,-2.208113664183347,0.5462962962962963,0.5124751791418458,21,0.47619047619047616,1.1963570879797047,13.999641308322811,-0.1507160605911851,3.1322330466078534,92.88752143208289
AAPL,equal_50_50,lstm,2,0.0025,42,"{""lr"": 0.0032413268041956303, ""dropout"": 0.2700623497964979, ""u1"": 104, ""u2"": 80, ""batch_size"": 18}",0.5642201834862385,0.606986531986532,108,0.5555555555555556,0.4704356927641142,0.1841960403156666,-0.11061204584489429,0.6112192393582079,0.4722222222222222,0.47650085763293315,107,0.4392523364485981,-0.7302506742901439,-0.3503267102248171,-0.17771576392843444,-1.0174296818118458,-1.9712753808710664
AAPL,equal_50_50,lstm,2,0.0025,7,"{""lr"": 0.0032413268041956303, ""dropout"": 0.2700623497964979, ""u1"": 104, ""u2"": 80, ""batch_size"": 18}",0.555045871559633,0.578956228956229,108,0.5648148148148148,1.676550510654761,1.0232104495903327,-0.08352809621939343,2.720534876656024,0.48148148148148145,0.49734133790737567,107,0.4766355140186916,-0.3243577734863078,-0.19919865130324366,-0.21844108742429727,-0.5252370801856665,-0.9119101797745708
AAPL,equal_50_50,lstm,2,0.0025,1337,"{""lr"": 0.0032413268041956303, ""dropout"": 0.2700623497964979, ""u1"": 104, ""u2"": 80, ""batch_size"": 18}",0.5,0.5276094276094276,108,0.46296296296296297,-0.6652501138537694,-0.2945136508524916,-0.20855153354285336,-0.9320956536949117,0.5370370370370371,0.5865351629502574,107,0.4205607476635514,-0.5189064320829555,-0.275274236656358,-0.24324134250494492,-0.9163956692451078,-1.131691816126043
AAPL,equal_50_50,lstm,2,0.0025,2024,"{""lr"": 0.0032413268041956303, ""dropout"": 0.2700623497964979, ""u1"": 104, ""u2"": 80, ""batch_size"": 18}",0.5458715596330275,0.5787878787878789,108,0.5,-0.07427007219019426,-0.07527608052554391,-0.14981638013618334,-0.12706744745937734,0.5185185185185185,0.5300171526586621,107,0.45794392523364486,-0.21502260204675747,-0.15277418816335808,-0.20256984631568947,-0.37216970072518446,-0.7541803034459102
AAPL,equal_50_50,lstm,2,0.0025,31415,"{""lr"": 0.0032413268041956303, ""dropout"": 0.2700623497964979, ""u1"": 104, ""u2"": 80, ""batch_size"": 18}",0.573394495412844,0.6033670033670033,108,0.5462962962962963,1.9394277283617927,1.2644669248619818,-0.06577455799225539,3.1900371142738195,0.5185185185185185,0.5395368782161235,107,0.48598130841121495,0.4901221615345374,0.21554921213641376,-0.17497694677227207,0.8274556661060195,1.2318720615061676
AAPL,equal_50_50,lstm,5,0.005,42,"{""lr"": 0.0032413268041956303, ""dropout"": 0.2700623497964979, ""u1"": 104, ""u2"": 80, ""batch_size"": 18}",0.5534883720930233,0.6356521739130434,42,0.6190476190476191,1.2221467759258755,2.314359581289966,-0.1554897118771159,1.5745173908771484,0.5231481481481481,0.4676293103448276,43,0.5348837209302325,1.992744723653605,11.244006937909202,-0.13555160454352652,3.8383616398601657,82.95000989308596
AAPL,equal_50_50,lstm,5,0.005,7,"{""lr"": 0.0032413268041956303, ""dropout"": 0.2700623497964979, ""u1"": 104, ""u2"": 80, ""batch_size"": 18}",0.586046511627907,0.5066956521739131,42,0.6428571428571429,1.3503092134467136,2.7743246785877007,-0.1283728031315646,1.8070368054648278,0.5324074074074074,0.536551724137931,43,0.4186046511627907,0.15640490566356932,0.0557902806136501,-0.217249738224828,0.29041572785891356,0.25680252169470374
AAPL,equal_50_50,lstm,5,0.005,1337,"{""lr"": 0.0032413268041956303, ""dropout"": 0.2700623497964979, ""u1"": 104, ""u2"": 80, ""batch_size"": 18}",0.5488372093023256,0.6268695652173912,42,0.6666666666666666,1.332397844871163,2.7058574045187793,-0.1422784071813003,1.679247336832059,0.5462962962962963,0.4899137931034483,43,0.46511627906976744,0.9926419036352991,2.365737748196129,-0.10310124679588935,1.7649004272710733,22.94577244909177
AAPL,equal_50_50,lstm,5,0.005,2024,"{""lr"": 0.0032413268041956303, ""dropout"": 0.2700623497964979, ""u1"": 104, ""u2"": 80, ""batch_size"": 18}",0.4604651162790698,0.45434782608695656,42,0.5,-1.066499402650358,-0.7134087234165967,-0.25645533517754765,-1.9645706733366937,0.5231481481481481,0.5513793103448276,43,0.4186046511627907,-0.7922445254859443,-0.7245283907148719,-0.2977913028358572,-0.946734845976807,-2.433007222894728
AAPL,equal_50_50,lstm,5,0.005,31415,"{""lr"": 0.0032413268041956303, ""dropout"": 0.2700623497964979, ""u1"": 104, ""u2"": 80, ""batch_size"": 18}",0.5348837209302325,0.5381739130434782,42,0.6428571428571429,1.2403476364839245,2.3762944266887027,-0.15548971187711577,1.5939533869038567,0.5370370370370371,0.5193965517241379,43,0.5348837209302325,1.2865609788575065,3.9862861535214877,-0.10310124679588935,2.183584504185326,38.66380162611594
AAPL,equal_50_50,lstm,10,0.01,42,"{""lr"": 0.0032413268041956303, ""dropout"": 0.2700623497964979, ""u1"": 104, ""u2"": 80, ""batch_size"": 18}",0.5904761904761905,0.39034576534576537,20,0.75,0.4200567864861136,1.0245670017621529,-0.1534069858270813,0.5901552629806324,0.4351851851851852,0.4118967452300786,21,0.42857142857142855,0.3441180124435112,0.8491374884967327,-0.15219154825968034,0.6739324070118177,5.579399764354012
AAPL,equal_50_50,lstm,10,0.01,7,"{""lr"": 0.0032413268041956303, ""dropout"": 0.2700623497964979, ""u1"": 104, ""u2"": 80, ""batch_size"": 18}",0.6476190476190476,0.5435120435120435,20,0.85,1.609624184886563,19.39815241583779,-0.08485592469409127,2.0300163032534835,0.49537037037037035,0.5104895104895105,21,0.5714285714285714,1.626403319454463,38.066809334198766,-0.08376033825079351,4.117790161342601,454.4729657158247
AAPL,equal_50_50,lstm,10,0.01,1337,"{""lr"": 0.0032413268041956303, ""dropout"": 0.2700623497964979, ""u1"": 104, ""u2"": 80, ""batch_size"": 18}",0.4380952380952381,0.5001942501942502,20,0.2,-1.9793926766229497,-0.983033172031933,-0.23428417854807904,-3.2868826399039097,0.5138888888888888,0.5191228524561857,21,0.38095238095238093,-0.8555897574944877,-0.9154075477604562,-0.3009144846252821,-1.0463037268601125,-3.0420853582385043
AAPL,equal_50_50,lstm,10,0.01,2024,"{""lr"": 0.0032413268041956303, ""dropout"": 0.2700623497964979, ""u1"": 104, ""u2"": 80, ""batch_size"": 18}",0.5285714285714286,0.5437062937062938,20,0.4,-0.9253584389411257,-0.8803499894658992,-0.23603864299256858,-1.2888824678949735,0.49537037037037035,0.5234395234395234,21,0.42857142857142855,-0.024001063647140608,-0.2875876640508579,-0.1607073513057217,-0.036915932773308735,-1.7895115669212007
AAPL,equal_50_50,lstm,10,0.01,31415,"{""lr"": 0.0032413268041956303, ""dropout"": 0.2700623497964979, ""u1"": 104, ""u2"": 80, ""batch_size"": 18}",0.6095238095238096,0.48445998445998445,20,0.8,1.305588508002649,10.802549741436026,-0.10493787407371563,1.687907020053991,0.5092592592592593,0.5475265475265475,21,0.6190476190476191,1.7990467781083024,55.052962248195605,-0.08331072001950242,4.248403293140429,660.8148655456118
AAPL,news_only,lstm,2,0.0025,42,"{""lr"": 0.006451739929312825, ""dropout"": 0.10636684075929766, ""u1"": 253, ""u2"": 30, ""batch_size"": 60}",0.5229357798165137,0.5940235690235691,108,0.5185185185185185,0.24825395866267705,0.07075302300144637,-0.19222428203350186,0.34212676601490516,0.5092592592592593,0.5006003430531732,107,0.5327102803738317,-0.004877717841338239,-0.05722354321986156,-0.13850168884696384,-0.006239209961932714,-0.41316133901508006
AAPL,news_only,lstm,2,0.0025,7,"{""lr"": 0.006451739929312825, ""dropout"": 0.10636684075929766, ""u1"": 253, ""u2"": 30, ""batch_size"": 60}",0.4954128440366973,0.584848484848485,108,0.4537037037037037,-1.448368172087527,-0.5054224653111175,-0.279422958197082,-2.349228120655163,0.4675925925925926,0.49558319039451115,107,0.3644859813084112,-2.0987443886226136,-0.6741795585065524,-0.4373632750117273,-3.126930886766943,-1.5414635773624916
AAPL,news_only,lstm,2,0.0025,1337,"{""lr"": 0.006451739929312825, ""dropout"": 0.10636684075929766, ""u1"": 253, ""u2"": 30, ""batch_size"": 60}",0.5045871559633027,0.48981481481481476,108,0.5185185185185185,0.6826005680847851,0.3034996452797305,-0.1670658410810842,0.9711516903459612,0.5092592592592593,0.545926243567753,107,0.5607476635514018,1.147333344274179,0.6927642102135321,-0.12307178976476499,1.7229241065060938,5.628943980888364
AAPL,news_only,lstm,2,0.0025,2024,"{""lr"": 0.006451739929312825, ""dropout"": 0.10636684075929766, ""u1"": 253, ""u2"": 30, ""batch_size"": 60}",0.5045871559633027,0.5662037037037038,108,0.5185185185185185,0.6826005680847851,0.3034996452797305,-0.1670658410810842,0.9711516903459612,0.5092592592592593,0.5247855917667239,107,0.5607476635514018,1.147333344274179,0.6927642102135321,-0.12307178976476499,1.7229241065060938,5.628943980888364
AAPL,news_only,lstm,2,0.0025,31415,"{""lr"": 0.006451739929312825, ""dropout"": 0.10636684075929766, ""u1"": 253, ""u2"": 30, ""batch_size"": 60}",0.5642201834862385,0.6026094276094277,108,0.5277777777777778,-0.888991098465271,-0.3629981045030001,-0.276322008908807,-1.2179691582061996,0.5,0.5308747855917668,107,0.4205607476635514,-1.2466697133557798,-0.5006321406380556,-0.3128910471775038,-1.8909829995052327,-1.600020662636748
AAPL,news_only,lstm,5,0.005,42,"{""lr"": 0.006451739929312825, ""dropout"": 0.10636684075929766, ""u1"": 253, ""u2"": 30, ""batch_size"": 60}",0.5348837209302325,0.6347826086956521,42,0.42857142857142855,-0.7295711303116603,-0.5893073288277282,-0.2108694169641873,-1.2968311451140173,0.5046296296296297,0.5211206896551724,43,0.4883720930232558,0.7375997222164091,1.3762610733002707,-0.15207207832993383,1.3502037000230305,9.050057633291171
AAPL,news_only,lstm,5,0.005,7,"{""lr"": 0.006451739929312825, ""dropout"": 0.10636684075929766, ""u1"": 253, ""u2"": 30, ""batch_size"": 60}",0.5627906976744186,0.6066956521739131,42,0.6428571428571429,0.4431796545582476,0.46165941180309544,-0.2185936617338999,0.5402100418249217,0.4444444444444444,0.4418965517241379,43,0.3953488372093023,0.5899119985021911,0.9374930360759439,-0.13555160454352652,1.1663980622092536,6.916133816585761
AAPL,news_only,lstm,5,0.005,1337,"{""lr"": 0.006451739929312825, ""dropout"": 0.10636684075929766, ""u1"": 253, ""u2"": 30, ""batch_size"": 60}",0.5720930232558139,0.5489565217391305,42,0.6666666666666666,1.332397844871163,2.7058574045187793,-0.1422784071813003,1.679247336832059,0.49074074074074076,0.47267241379310343,43,0.4186046511627907,0.5185052740666828,0.7529294958933157,-0.15830980608132933,0.8910263183123441,4.756050901272087
AAPL,news_only,lstm,5,0.005,2024,"{""lr"": 0.006451739929312825, ""dropout"": 0.10636684075929766, ""u1"": 253, ""u2"": 30, ""batch_size"": 60}",0.5348837209302325,0.5699130434782608,42,0.6428571428571429,1.2403476364839245,2.3762944266887027,-0.15548971187711577,1.5939533869038567,0.5370370370370371,0.4994396551724138,43,0.5348837209302325,1.2865609788575065,3.9862861535214877,-0.10310124679588935,2.183584504185326,38.66380162611594
AAPL,news_only,lstm,5,0.005,31415,"{""lr"": 0.006451739929312825, ""dropout"": 0.10636684075929766, ""u1"": 253, ""u2"": 30, ""batch_size"": 60}",0.5348837209302325,0.5595652173913043,42,0.6428571428571429,1.2403476364839245,2.3762944266887027,-0.15548971187711577,1.5939533869038567,0.5370370370370371,0.45159482758620684,43,0.5116279069767442,1.2709802799819934,3.8847301309324624,-0.10310124679588935,2.174139286996713,37.67878907054446
AAPL,news_only,lstm,10,0.01,42,"{""lr"": 0.006451739929312825, ""dropout"": 0.10636684075929766, ""u1"": 253, ""u2"": 30, ""batch_size"": 60}",0.6238095238095238,0.5943084693084694,20,0.75,0.9745989254582264,5.269661472298074,-0.10822989702744996,1.367439089395418,0.5370370370370371,0.4447897781231115,21,0.6190476190476191,1.3897600518047593,22.23716005648215,-0.07040537007461212,2.6245808496960215,315.84465833950327
AAPL,news_only,lstm,10,0.01,7,"{""lr"": 0.006451739929312825, ""dropout"": 0.10636684075929766, ""u1"": 253, ""u2"": 30, ""batch_size"": 60}",0.6571428571428571,0.47329059829059833,20,0.75,1.0445803876482598,6.1881945369034055,-0.1394790793897771,1.4148560504971548,0.5185185185185185,0.46904946904946904,21,0.6190476190476191,1.5628606726106646,32.9974979306731,-0.039132418752789104,2.812290536039958,843.2266387398109
AAPL,news_only,lstm,10,0.01,1337,"{""lr"": 0.006451739929312825, ""dropout"": 0.10636684075929766, ""u1"": 253, ""u2"": 30, ""batch_size"": 60}",0.37142857142857144,0.4064685314685315,20,0.2,-1.5289567783424292,-0.9626263892538693,-0.27297214033877115,-2.7447540268413415,0.4583333333333333,0.5531382198048864,21,0.2857142857142857,-1.8352058823755313,-0.9911337800684601,-0.3891349594533501,-2.2940581300563823,-2.5470180871458767
AAPL,news_only,lstm,10,0.01,2024,"{""lr"": 0.006451739929312825, ""dropout"": 0.10636684075929766, ""u1"": 253, ""u2"": 30, ""batch_size"": 60}",0.5571428571428572,0.48572261072261075,20,0.6,1.6156119946136571,19.741381324054426,-0.05968803838611615,11.067913092462204,0.5138888888888888,0.39083139083139085,21,0.5714285714285714,0.28279346696745417,0.5642865551330156,-0.1332250690988219,0.3614618404423806,4.235588384003365
AAPL,news_only,lstm,10,0.01,31415,"{""lr"": 0.006451739929312825, ""dropout"": 0.10636684075929766, ""u1"": 253, ""u2"": 30, ""batch_size"": 60}",0.6285714285714286,0.41705516705516704,20,0.8,1.2806301060325678,10.267106748764846,-0.10822989702745,1.6857949826040601,0.5416666666666666,0.5287921954588621,21,0.6666666666666666,1.6264346964676142,37.965451549351954,-0.039132418752789104,2.831972270864319,970.1790167684441
AAPL,social_only,lstm,2,0.0025,42,"{""lr"": 0.004417080837631972, ""dropout"": 0.3921568099903333, ""u1"": 241, ""u2"": 19, ""batch_size"": 64}",0.4954128440366973,0.5231481481481481,108,0.4444444444444444,-1.7943452429781985,-0.576367262258533,-0.35943414405682345,-2.8976888324329417,0.4861111111111111,0.5525728987993139,107,0.35514018691588783,-2.142130161947218,-0.6810424102531855,-0.4386939519673855,-3.244257731635229,-1.5524317287688918
AAPL,social_only,lstm,2,0.0025,7,"{""lr"": 0.004417080837631972, ""dropout"": 0.3921568099903333, ""u1"": 241, ""u2"": 19, ""batch_size"": 64}",0.518348623853211,0.5294612794612795,108,0.5185185185185185,0.38553257803903035,0.13960910100909873,-0.15842394126998274,0.5323604048298173,0.49537037037037035,0.5117495711835335,107,0.5607476635514018,1.107943296489829,0.6598381540488678,-0.12945260722672894,1.6782765174236451,5.09714070797507
AAPL,social_only,lstm,2,0.0025,1337,"{""lr"": 0.004417080837631972, ""dropout"": 0.3921568099903333, ""u1"": 241, ""u2"": 19, ""batch_size"": 64}",0.5137614678899083,0.5224747474747474,108,0.4444444444444444,-0.273668355915363,-0.15562539554126686,-0.19627966938186933,-0.5552066939701019,0.5,0.43872212692967405,107,0.4205607476635514,-0.29851959679233103,-0.18827657481089877,-0.22439515759536052,-0.557555166204351,-0.8390402753271868
AAPL,social_only,lstm,2,0.0025,2024,"{""lr"": 0.004417080837631972, ""dropout"": 0.3921568099903333, ""u1"": 241, ""u2"": 19, ""batch_size"": 64}",0.5,0.5125420875420875,108,0.5092592592592593,0.22544550992665197,0.060000543709983534,-0.2742220730127418,0.3587466868106146,0.5046296296296297,0.5120068610634648,107,0.514018691588785,1.6967836194621222,1.2193266588964753,-0.10330383907562175,3.119494690905039,11.803304405791625
AAPL,social_only,lstm,2,0.0025,31415,"{""lr"": 0.004417080837631972, ""dropout"": 0.3921568099903333, ""u1"": 241, ""u2"": 19, ""batch_size"": 64}",0.5045871559633027,0.5492003367003367,108,0.5092592592592593,0.5213369665135325,0.21199007030252526,-0.2129984174904989,0.7447299311895417,0.5046296296296297,0.554631217838765,107,0.5327102803738317,0.8657998673356119,0.4701110670155655,-0.157612226465619,1.3762626598341874,2.982706846782054
AAPL,social_only,lstm,5,0.005,42,"{""lr"": 0.004417080837631972, ""dropout"": 0.3921568099903333, ""u1"": 241, ""u2"": 19, ""batch_size"": 64}",0.5348837209302325,0.5956521739130435,42,0.6428571428571429,1.2403476364839245,2.3762944266887027,-0.15548971187711577,1.5939533869038567,0.5370370370370371,0.4692241379310344,43,0.5348837209302325,1.2865609788575065,3.9862861535214877,-0.10310124679588935,2.183584504185326,38.66380162611594
AAPL,social_only,lstm,5,0.005,7,"{""lr"": 0.004417080837631972, ""dropout"": 0.3921568099903333, ""u1"": 241, ""u2"": 19, ""batch_size"": 64}",0.5302325581395348,0.5038260869565218,42,0.6666666666666666,2.252284832283932,7.929604954755275,-0.07839728814397014,4.429143578891887,0.5092592592592593,0.5914655172413794,43,0.4418604651162791,-0.127180335915443,-0.29292826199561184,-0.17669502053577224,-0.22588640916833727,-1.6578184326156942
AAPL,social_only,lstm,5,0.005,1337,"{""lr"": 0.004417080837631972, ""dropout"": 0.3921568099903333, ""u1"": 241, ""u2"": 19, ""batch_size"": 64}",0.5116279069767442,0.5174782608695653,42,0.6190476190476191,1.179857390818608,2.1759295682402673,-0.1336777844514278,1.7205861427274616,0.4444444444444444,0.41017241379310343,43,0.4418604651162791,-0.053063025596063,-0.2148778491991863,-0.19873170754265396,-0.09360902417586546,-1.0812459262599898
AAPL,social_only,lstm,5,0.005,2024,"{""lr"": 0.004417080837631972, ""dropout"": 0.3921568099903333, ""u1"": 241, ""u2"": 19, ""batch_size"": 64}",0.5255813953488372,0.5572173913043479,42,0.5,-0.08434734609730743,-0.17417432382388642,-0.16128262494033066,-0.11857259975951816,0.42592592592592593,0.34810344827586215,43,0.5116279069767442,1.228161982129537,3.6161148008941,-0.11909028975200572,2.1862708442369945,30.364480667771634
AAPL,social_only,lstm,5,0.005,31415,"{""lr"": 0.004417080837631972, ""dropout"": 0.3921568099903333, ""u1"": 241, ""u2"": 19, ""batch_size"": 64}",0.5162790697674419,0.466,42,0.5,-0.03654692187558069,-0.1296228092120416,-0.28768214032619194,-0.0551601597688686,0.6018518518518519,0.5684051724137931,43,0.6046511627906976,0.6955251426203318,1.2241241101427538,-0.22710507947388217,0.7404658863904899,5.3901221098999335
AAPL,social_only,lstm,10,0.01,42,"{""lr"": 0.004417080837631972, ""dropout"": 0.3921568099903333, ""u1"": 241, ""u2"": 19, ""batch_size"": 64}",0.6285714285714286,0.3812160062160062,20,0.8,1.2806301060325678,10.267106748764846,-0.10822989702745,1.6857949826040601,0.5601851851851852,0.4710351377018044,21,0.6666666666666666,1.521861061222463,30.09656256558586,-0.040088344268017606,2.626269030669432,750.7559395411806
AAPL,social_only,lstm,10,0.01,7,"{""lr"": 0.004417080837631972, ""dropout"": 0.3921568099903333, ""u1"": 241, ""u2"": 19, ""batch_size"": 64}",0.6619047619047619,0.576146076146076,20,0.8,1.4255890379809615,13.707909861769506,-0.08485592469409119,1.6861146457570704,0.5185185185185185,0.49805749805749805,21,0.5238095238095238,0.8479500536192814,5.545319430395096,-0.15265898683969176,2.145885619132317,36.324880344045994
AAPL,social_only,lstm,10,0.01,1337,"{""lr"": 0.004417080837631972, ""dropout"": 0.3921568099903333, ""u1"": 241, ""u2"": 19, ""batch_size"": 64}",0.6190476190476191,0.5935314685314684,20,0.7,2.541533157225692,86.30309127610121,-0.047717845528910244,15.51738509284623,0.5972222222222222,0.6109816109816109,21,0.42857142857142855,0.6948728128694248,3.492144850857107,-0.1684281952030007,1.78504056636111,20.733730754807087
AAPL,social_only,lstm,10,0.01,2024,"{""lr"": 0.004417080837631972, ""dropout"": 0.3921568099903333, ""u1"": 241, ""u2"": 19, ""batch_size"": 64}",0.6,0.48096348096348096,20,0.7,0.9951169532718583,5.527209860644938,-0.12127277456232088,1.2919137785974395,0.5694444444444444,0.6228956228956228,21,0.5714285714285714,1.1601284449767286,12.779676915117788,-0.12004199328786805,2.6593261070808194,106.46005256236741
AAPL,social_only,lstm,10,0.01,31415,"{""lr"": 0.004417080837631972, ""dropout"": 0.3921568099903333, ""u1"": 241, ""u2"": 19, ""batch_size"": 64}",0.6095238095238096,0.598970473970474,20,0.7,0.8374053606414783,3.7762034809059024,-0.14011608840085588,1.1611959773365337,0.5324074074074074,0.5538288871622205,21,0.5238095238095238,0.20571291072086417,0.296072951008014,-0.13826850734862192,0.39110030065720586,2.141289847452489
AAPL,sentiment_only,lstm,2,0.0025,42,"{""lr"": 0.0017249321573178998, ""dropout"": 0.2529847965068651, ""u1"": 253, ""u2"": 68, ""batch_size"": 57}",0.5045871559633027,0.46144781144781144,108,0.5185185185185185,0.6826005680847851,0.3034996452797305,-0.1670658410810842,0.9711516903459612,0.5092592592592593,0.5114065180102917,107,0.5607476635514018,1.147333344274179,0.6927642102135321,-0.12307178976476499,1.7229241065060938,5.628943980888364
AAPL,sentiment_only,lstm,2,0.0025,7,"{""lr"": 0.0017249321573178998, ""dropout"": 0.2529847965068651, ""u1"": 253, ""u2"": 68, ""batch_size"": 57}",0.5045871559633027,0.5192760942760943,108,0.5185185185185185,0.6826005680847851,0.3034996452797305,-0.1670658410810842,0.9711516903459612,0.5092592592592593,0.5295883361921098,107,0.5607476635514018,1.147333344274179,0.6927642102135321,-0.12307178976476499,1.7229241065060938,5.628943980888364
AAPL,sentiment_only,lstm,2,0.0025,1337,"{""lr"": 0.0017249321573178998, ""dropout"": 0.2529847965068651, ""u1"": 253, ""u2"": 68, ""batch_size"": 57}",0.4908256880733945,0.508543771043771,108,0.4444444444444444,-1.785602777918173,-0.5747169971637284,-0.35621548809666376,-2.8747176754184434,0.49074074074074076,0.4762435677530017,107,0.35514018691588783,-2.142130161947218,-0.6810424102531855,-0.4386939519673855,-3.244257731635229,-1.5524317287688918
AAPL,sentiment_only,lstm,2,0.0025,2024,"{""lr"": 0.0017249321573178998, ""dropout"": 0.2529847965068651, ""u1"": 253, ""u2"": 68, ""batch_size"": 57}",0.5045871559633027,0.4887205387205388,108,0.5185185185185185,0.6826005680847851,0.3034996452797305,-0.1670658410810842,0.9711516903459612,0.5092592592592593,0.5449399656946827,107,0.5607476635514018,1.147333344274179,0.6927642102135321,-0.12307178976476499,1.7229241065060938,5.628943980888364
AAPL,sentiment_only,lstm,2,0.0025,31415,"{""lr"": 0.0017249321573178998, ""dropout"": 0.2529847965068651, ""u1"": 253, ""u2"": 68, ""batch_size"": 57}",0.5045871559633027,0.5686026936026936,108,0.46296296296296297,-1.9067742675635841,-0.5970559765889953,-0.39999120904336466,-2.8741537328195914,0.46296296296296297,0.4722984562607205,107,0.3925233644859813,-1.5608985946954974,-0.5741319008898812,-0.3861488140207343,-2.301754760927944,-1.4868151345896743
AAPL,sentiment_only,lstm,5,0.005,42,"{""lr"": 0.0017249321573178998, ""dropout"": 0.2529847965068651, ""u1"": 253, ""u2"": 68, ""batch_size"": 57}",0.5441860465116279,0.62,42,0.6428571428571429,1.2403476364839245,2.3762944266887027,-0.15548971187711577,1.5939533869038567,0.5092592592592593,0.49525862068965515,43,0.5348837209302325,1.0305242291013883,2.5420048858140225,-0.10310124679588956,1.7427615786263055,24.655423332042258
AAPL,sentiment_only,lstm,5,0.005,7,"{""lr"": 0.0017249321573178998, ""dropout"": 0.2529847965068651, ""u1"": 253, ""u2"": 68, ""batch_size"": 57}",0.5441860465116279,0.5228695652173914,42,0.42857142857142855,-1.0260074408043318,-0.7012884043311196,-0.2994772022014546,-1.4170334315249986,0.5601851851851852,0.524396551724138,43,0.5348837209302325,0.2669288213823047,0.2248729593397858,-0.21505345924493324,0.3190819598837741,1.0456607400286861
AAPL,sentiment_only,lstm,5,0.005,1337,"{""lr"": 0.0017249321573178998, ""dropout"": 0.2529847965068651, ""u1"": 253, ""u2"": 68, ""batch_size"": 57}",0.46511627906976744,0.5808695652173913,42,0.40476190476190477,-1.2367158970563235,-0.7602109321492072,-0.25667025614999944,-2.46020307808939,0.49537037037037035,0.5307758620689655,43,0.5116279069767442,-0.689981404875143,-0.6822998832926662,-0.2997786085751998,-0.8047037648907351,-2.276012576532827
AAPL,sentiment_only,lstm,5,0.005,2024,"{""lr"": 0.0017249321573178998, ""dropout"": 0.2529847965068651, ""u1"": 253, ""u2"": 68, ""batch_size"": 57}",0.5209302325581395,0.5355652173913044,42,0.47619047619047616,-0.2311355506867334,-0.2948999809576407,-0.15965681846684165,-0.4527348322502489,0.4583333333333333,0.5337068965517241,43,0.37209302325581395,-1.650574445380167,-0.9136478502021208,-0.40781787655975454,-2.1403284880447457,-2.240333008227634
AAPL,sentiment_only,lstm,5,0.005,31415,"{""lr"": 0.0017249321573178998, ""dropout"": 0.2529847965068651, ""u1"": 253, ""u2"": 68, ""batch_size"": 57}",0.5767441860465117,0.5637391304347825,42,0.5714285714285714,0.7582209109174035,1.0480361916881815,-0.1892757392207459,1.165630904911895,0.49537037037037035,0.48043103448275853,43,0.5581395348837209,0.2880907316842056,0.2620464932047284,-0.22298045776379027,0.34515588243250767,1.175199368737156
AAPL,sentiment_only,lstm,10,0.01,42,"{""lr"": 0.0017249321573178998, ""dropout"": 0.2529847965068651, ""u1"": 253, ""u2"": 68, ""batch_size"": 57}",0.6047619047619047,0.5474941724941724,20,0.8,2.1569080411451003,49.063760257601665,-0.04165632713893005,4.265088167200293,0.5555555555555556,0.4932228265561599,21,0.6190476190476191,1.5517103463062454,32.18762259587956,-0.039132418752789104,2.8045096559900387,822.5308739339154
AAPL,sentiment_only,lstm,10,0.01,7,"{""lr"": 0.0017249321573178998, ""dropout"": 0.2529847965068651, ""u1"": 253, ""u2"": 68, ""batch_size"": 57}",0.6285714285714286,0.5140831390831391,20,0.8,1.2806301060325678,10.267106748764846,-0.10822989702745,1.6857949826040601,0.5416666666666666,0.5256841923508591,21,0.6666666666666666,1.6264346964676142,37.965451549351954,-0.039132418752789104,2.831972270864319,970.1790167684441
AAPL,sentiment_only,lstm,10,0.01,1337,"{""lr"": 0.0017249321573178998, ""dropout"": 0.2529847965068651, ""u1"": 253, ""u2"": 68, ""batch_size"": 57}",0.5,0.5061188811188811,20,0.3,-0.8103757815287886,-0.8481871007204334,-0.18742391065542502,-1.5030383731166728,0.4398148148148148,0.4296814296814297,21,0.2857142857142857,-1.7794861864789124,-0.990026232887963,-0.3831134069922953,-2.2236743923122106,-2.584159715684064
AAPL,sentiment_only,lstm,10,0.01,2024,"{""lr"": 0.0017249321573178998, ""dropout"": 0.2529847965068651, ""u1"": 253, ""u2"": 68, ""batch_size"": 57}",0.6333333333333333,0.6173271173271174,20,0.55,0.05795990504900685,-0.055364172243450915,-0.17261298529441177,0.09493166283220264,0.5416666666666666,0.561339894673228,21,0.5238095238095238,1.1736128574102698,13.195466453885837,-0.06672709650147583,2.40919483044635,197.7527443231999
AAPL,sentiment_only,lstm,10,0.01,31415,"{""lr"": 0.0017249321573178998, ""dropout"": 0.2529847965068651, ""u1"": 253, ""u2"": 68, ""batch_size"": 57}",0.5619047619047619,0.6006216006216005,20,0.5,0.7365813184684434,2.9163908399662057,-0.06563550630294879,2.0043018620233424,0.47685185185185186,0.4728481395148062,21,0.42857142857142855,0.2418427215556201,0.4138876459961147,-0.1897016721294507,0.3857788992954939,2.181781748943581
AAPL,technical_only,lstm,2,0.0025,42,"{""lr"": 0.01, ""dropout"": 0.399372395021097, ""u1"": 207, ""u2"": 97, ""batch_size"": 22}",0.5045871559633027,0.5789983164983165,108,0.5185185185185185,0.6826005680847851,0.3034996452797305,-0.1670658410810842,0.9711516903459612,0.5092592592592593,0.4502144082332762,107,0.5607476635514018,1.147333344274179,0.6927642102135321,-0.12307178976476499,1.7229241065060938,5.628943980888364
AAPL,technical_only,lstm,2,0.0025,7,"{""lr"": 0.01, ""dropout"": 0.399372395021097, ""u1"": 207, ""u2"": 97, ""batch_size"": 22}",0.5045871559633027,0.5,108,0.5185185185185185,0.6826005680847851,0.3034996452797305,-0.1670658410810842,0.9711516903459612,0.5092592592592593,0.5,107,0.5607476635514018,1.147333344274179,0.6927642102135321,-0.12307178976476499,1.7229241065060938,5.628943980888364
AAPL,technical_only,lstm,2,0.0025,1337,"{""lr"": 0.01, ""dropout"": 0.399372395021097, ""u1"": 207, ""u2"": 97, ""batch_size"": 22}",0.5458715596330275,0.5415404040404039,108,0.5185185185185185,0.22481589138871383,0.059340157285413975,-0.19320803319140967,0.3089209502856065,0.5185185185185185,0.5331903945111492,107,0.5327102803738317,0.8013532651410656,0.42305979621789525,-0.1647205512593558,1.2436918110849948,2.568348593927294
AAPL,technical_only,lstm,2,0.0025,2024,"{""lr"": 0.01, ""dropout"": 0.399372395021097, ""u1"": 207, ""u2"": 97, ""batch_size"": 22}",0.5045871559633027,0.4946969696969697,108,0.5185185185185185,0.6826005680847851,0.3034996452797305,-0.1670658410810842,0.9711516903459612,0.5092592592592593,0.4945111492281304,107,0.5607476635514018,1.147333344274179,0.6927642102135321,-0.12307178976476499,1.7229241065060938,5.628943980888364
AAPL,technical_only,lstm,2,0.0025,31415,"{""lr"": 0.01, ""dropout"": 0.399372395021097, ""u1"": 207, ""u2"": 97, ""batch_size"": 22}",0.5321100917431193,0.518939393939394,108,0.5185185185185185,0.6667742188447754,0.2942139962736192,-0.19507645447004004,0.9340618165285927,0.5,0.5150085763293311,107,0.45794392523364486,-0.22821413294353174,-0.15857552398310248,-0.22088346664302186,-0.39076487504133417,-0.717914864308891
AAPL,technical_only,lstm,5,0.005,42,"{""lr"": 0.01, ""dropout"": 0.399372395021097, ""u1"": 207, ""u2"": 97, ""batch_size"": 22}",0.5348837209302325,0.6076956521739131,42,0.6428571428571429,1.2403476364839245,2.3762944266887027,-0.15548971187711577,1.5939533869038567,0.5370370370370371,0.4774568965517242,43,0.5348837209302325,1.2865609788575065,3.9862861535214877,-0.10310124679588935,2.183584504185326,38.66380162611594
AAPL,technical_only,lstm,5,0.005,7,"{""lr"": 0.01, ""dropout"": 0.399372395021097, ""u1"": 207, ""u2"": 97, ""batch_size"": 22}",0.5348837209302325,0.4688260869565217,42,0.6428571428571429,1.2403476364839245,2.3762944266887027,-0.15548971187711577,1.5939533869038567,0.5370370370370371,0.5023275862068965,43,0.5348837209302325,1.2865609788575065,3.9862861535214877,-0.10310124679588935,2.183584504185326,38.66380162611594
AAPL,technical_only,lstm,5,0.005,1337,"{""lr"": 0.01, ""dropout"": 0.399372395021097, ""u1"": 207, ""u2"": 97, ""batch_size"": 22}",0.46511627906976744,0.5757826086956521,42,0.35714285714285715,-1.7159785060858945,-0.8531785735818118,-0.31502478961239166,-3.490346823923751,0.46296296296296297,0.49719827586206894,43,0.37209302325581395,-1.6527391812749626,-0.913894730030238,-0.4043557254425881,-2.130785658923149,-2.2601256085342514
AAPL,technical_only,lstm,5,0.005,2024,"{""lr"": 0.01, ""dropout"": 0.399372395021097, ""u1"": 207, ""u2"": 97, ""batch_size"": 22}",0.5348837209302325,0.544,42,0.6428571428571429,1.2403476364839245,2.3762944266887027,-0.15548971187711577,1.5939533869038567,0.5370370370370371,0.507155172413793,43,0.5348837209302325,1.2865609788575065,3.9862861535214877,-0.10310124679588935,2.183584504185326,38.66380162611594
AAPL,technical_only,lstm,5,0.005,31415,"{""lr"": 0.01, ""dropout"": 0.399372395021097, ""u1"": 207, ""u2"": 97, ""batch_size"": 22}",0.46511627906976744,0.3826521739130435,42,0.35714285714285715,-1.7159785060858945,-0.8531785735818118,-0.31502478961239166,-3.490346823923751,0.46296296296296297,0.4805172413793104,43,0.37209302325581395,-1.6527391812749626,-0.913894730030238,-0.4043557254425881,-2.130785658923149,-2.2601256085342514
AAPL,technical_only,lstm,10,0.01,42,"{""lr"": 0.01, ""dropout"": 0.399372395021097, ""u1"": 207, ""u2"": 97, ""batch_size"": 22}",0.6523809523809524,0.556478243978244,20,0.85,1.5651976627420188,17.871650993422545,-0.08868783594750278,2.082261163862097,0.5694444444444444,0.5236553569886903,21,0.6190476190476191,1.7344776466425205,47.93066118247108,-0.053568184738795245,3.0744206650601935,894.7598544954735
AAPL,technical_only,lstm,10,0.01,7,"{""lr"": 0.01, ""dropout"": 0.399372395021097, ""u1"": 207, ""u2"": 97, ""batch_size"": 22}",0.6285714285714286,0.4761072261072261,20,0.8,1.2806301060325678,10.267106748764846,-0.10822989702745,1.6857949826040601,0.5416666666666666,0.6007511007511007,21,0.6666666666666666,1.6264346964676142,37.965451549351954,-0.039132418752789104,2.831972270864319,970.1790167684441
AAPL,technical_only,lstm,10,0.01,1337,"{""lr"": 0.01, ""dropout"": 0.399372395021097, ""u1"": 207, ""u2"": 97, ""batch_size"": 22}",0.6285714285714286,0.4298756798756799,20,0.8,1.2806301060325678,10.267106748764846,-0.10822989702745,1.6857949826040601,0.5416666666666666,0.483726150392817,21,0.6666666666666666,1.6264346964676142,37.965451549351954,-0.039132418752789104,2.831972270864319,970.1790167684441
AAPL,technical_only,lstm,10,0.01,2024,"{""lr"": 0.01, ""dropout"": 0.399372395021097, ""u1"": 207, ""u2"": 97, ""batch_size"": 22}",0.6285714285714286,0.5201048951048951,20,0.8,1.2806301060325678,10.267106748764846,-0.10822989702745,1.6857949826040601,0.5416666666666666,0.4682293015626349,21,0.6666666666666666,1.6264346964676142,37.965451549351954,-0.039132418752789104,2.831972270864319,970.1790167684441
AAPL,technical_only,lstm,10,0.01,31415,"{""lr"": 0.01, ""dropout"": 0.399372395021097, ""u1"": 207, ""u2"": 97, ""batch_size"": 22}",0.6190476190476191,0.5147630147630148,20,0.75,1.023689751281839,5.901444235251024,-0.08485592469409119,1.38019969622408,0.5462962962962963,0.5409652076318743,21,0.47619047619047616,-0.3098210109488175,-0.6607888406265016,-0.1332783353312948,-0.4225117044124433,-4.957961389478303
AAPL,learned_alpha_per_stock,lstm,2,0.0025,42,"{""lr"": 0.005898241612412841, ""dropout"": 0.39451928996928, ""u1"": 251, ""u2"": 48, ""batch_size"": 57}",0.5045871559633027,0.6119528619528619,108,0.5185185185185185,0.6826005680847851,0.3034996452797305,-0.1670658410810842,0.9711516903459612,0.5092592592592593,0.5697684391080616,107,0.5607476635514018,1.147333344274179,0.6927642102135321,-0.12307178976476499,1.7229241065060938,5.628943980888364
AAPL,learned_alpha_per_stock,lstm,2,0.0025,7,"{""lr"": 0.005898241612412841, ""dropout"": 0.39451928996928, ""u1"": 251, ""u2"": 48, ""batch_size"": 57}",0.5596330275229358,0.578956228956229,108,0.5277777777777778,0.29035379773860204,0.09172670284322115,-0.1453326152635509,0.43570700657461586,0.375,0.35248713550600347,107,0.34579439252336447,-2.7911179652850393,-0.766690032522332,-0.45918215314128513,-4.486987920213452,-1.6696860434957501
AAPL,learned_alpha_per_stock,lstm,2,0.0025,1337,"{""lr"": 0.005898241612412841, ""dropout"": 0.39451928996928, ""u1"": 251, ""u2"": 48, ""batch_size"": 57}",0.4908256880733945,0.4957070707070707,108,0.49074074074074076,0.6469050499655363,0.2831934109352445,-0.17638973424890889,1.1240666005528286,0.5370370370370371,0.5075042881646654,107,0.5887850467289719,1.9196784912689682,1.4704540059913116,-0.08730299220300917,2.8902111011593608,16.843111202557704
AAPL,learned_alpha_per_stock,lstm,2,0.0025,2024,"{""lr"": 0.005898241612412841, ""dropout"": 0.39451928996928, ""u1"": 251, ""u2"": 48, ""batch_size"": 57}",0.5137614678899083,0.5072390572390573,108,0.4722222222222222,-1.0762695189133622,-0.41502156467161755,-0.28318360416164773,-1.4647491121337386,0.41203703703703703,0.45501715265866216,107,0.3925233644859813,-1.622626788041698,-0.587146677534099,-0.3474723755572409,-2.378753249308066,-1.6897650542506948
AAPL,learned_alpha_per_stock,lstm,2,0.0025,31415,"{""lr"": 0.005898241612412841, ""dropout"": 0.39451928996928, ""u1"": 251, ""u2"": 48, ""batch_size"": 57}",0.4954128440366973,0.520496632996633,108,0.4444444444444444,-1.7943452429781985,-0.576367262258533,-0.35943414405682345,-2.8976888324329417,0.49074074074074076,0.551843910806175,107,0.35514018691588783,-2.142130161947218,-0.6810424102531855,-0.4386939519673855,-3.244257731635229,-1.5524317287688918
AAPL,learned_alpha_per_stock,lstm,5,0.005,42,"{""lr"": 0.005898241612412841, ""dropout"": 0.39451928996928, ""u1"": 251, ""u2"": 48, ""batch_size"": 57}",0.5348837209302325,0.6050434782608695,42,0.6190476190476191,1.0092227651859123,1.6627452586086586,-0.15548971187711558,1.3483434773453038,0.5324074074074074,0.507155172413793,43,0.5116279069767442,1.2709802799819934,3.8847301309324624,-0.10310124679588935,2.174139286996713,37.67878907054446
AAPL,learned_alpha_per_stock,lstm,5,0.005,7,"{""lr"": 0.005898241612412841, ""dropout"": 0.39451928996928, ""u1"": 251, ""u2"": 48, ""batch_size"": 57}",0.5348837209302325,0.5797391304347828,42,0.6666666666666666,1.408682238306464,3.0007854655579855,-0.11920865373734248,1.7771344585970494,0.4675925925925926,0.3546551724137931,43,0.46511627906976744,1.152067350504966,3.1728520611726436,-0.13555160454352652,2.228559428703306,23.406967935623513
AAPL,learned_alpha_per_stock,lstm,5,0.005,1337,"{""lr"": 0.005898241612412841, ""dropout"": 0.39451928996928, ""u1"": 251, ""u2"": 48, ""batch_size"": 57}",0.5627906976744186,0.5728260869565217,42,0.6904761904761905,2.6067574271639646,11.151736640475251,-0.07531922180157999,3.8609573865216835,0.5046296296296297,0.49547413793103456,43,0.4883720930232558,0.24771498507036954,0.19261650604552938,-0.15939614069122143,0.3118964518009323,1.2084138625329812
AAPL,learned_alpha_per_stock,lstm,5,0.005,2024,"{""lr"": 0.005898241612412841, ""dropout"": 0.39451928996928, ""u1"": 251, ""u2"": 48, ""batch_size"": 57}",0.5441860465116279,0.5505217391304348,42,0.6666666666666666,1.5118613637601244,3.4303320266887996,-0.11470744773744675,1.704331486885412,0.4398148148148148,0.3962931034482759,43,0.5116279069767442,1.1282711212295782,3.04091941337885,-0.11909028975200572,2.052743493433906,25.534570616221334
AAPL,learned_alpha_per_stock,lstm,5,0.005,31415,"{""lr"": 0.005898241612412841, ""dropout"": 0.39451928996928, ""u1"": 251, ""u2"": 48, ""batch_size"": 57}",0.5348837209302325,0.4985652173913043,42,0.6428571428571429,1.2403476364839245,2.3762944266887027,-0.15548971187711577,1.5939533869038567,0.5370370370370371,0.5082327586206896,43,0.5348837209302325,1.2865609788575065,3.9862861535214877,-0.10310124679588935,2.183584504185326,38.66380162611594
AAPL,learned_alpha_per_stock,lstm,10,0.01,42,"{""lr"": 0.005898241612412841, ""dropout"": 0.39451928996928, ""u1"": 251, ""u2"": 48, ""batch_size"": 57}",0.6285714285714286,0.456973581973582,20,0.8,1.2806301060325678,10.267106748764846,-0.10822989702745,1.6857949826040601,0.5416666666666666,0.4981438314771648,21,0.6666666666666666,1.6264346964676142,37.965451549351954,-0.039132418752789104,2.831972270864319,970.1790167684441
AAPL,learned_alpha_per_stock,lstm,10,0.01,7,"{""lr"": 0.005898241612412841, ""dropout"": 0.39451928996928, ""u1"": 251, ""u2"": 48, ""batch_size"": 57}",0.6285714285714286,0.4093822843822844,20,0.8,1.2806301060325678,10.267106748764846,-0.10822989702745,1.6857949826040601,0.5416666666666666,0.4854528187861521,21,0.6666666666666666,1.6264346964676142,37.965451549351954,-0.039132418752789104,2.831972270864319,970.1790167684441
AAPL,learned_alpha_per_stock,lstm,10,0.01,1337,"{""lr"": 0.005898241612412841, ""dropout"": 0.39451928996928, ""u1"": 251, ""u2"": 48, ""batch_size"": 57}",0.6095238095238096,0.4908702408702409,20,0.75,1.3524926965640809,11.871025414036376,-0.08868783594750278,1.5617601551478446,0.5185185185185185,0.47371147371147376,21,0.5238095238095238,1.1513900589118136,12.471840590666476,-0.053568184738795245,2.1695227723216988,232.82178874420768
AAPL,learned_alpha_per_stock,lstm,10,0.01,2024,"{""lr"": 0.005898241612412841, ""dropout"": 0.39451928996928, ""u1"": 251, ""u2"": 48, ""batch_size"": 57}",0.6285714285714286,0.4983488733488734,20,0.8,1.2806301060325678,10.267106748764846,-0.10822989702745,1.6857949826040601,0.5416666666666666,0.5613398946732281,21,0.6666666666666666,1.6264346964676142,37.965451549351954,-0.039132418752789104,2.831972270864319,970.1790167684441
AAPL,learned_alpha_per_stock,lstm,10,0.01,31415,"{""lr"": 0.005898241612412841, ""dropout"": 0.39451928996928, ""u1"": 251, ""u2"": 48, ""batch_size"": 57}",0.6285714285714286,0.5098096348096348,20,0.8,1.2806301060325678,10.267106748764846,-0.10822989702745,1.6857949826040601,0.5416666666666666,0.5154968488301822,21,0.6666666666666666,1.6264346964676142,37.965451549351954,-0.039132418752789104,2.831972270864319,970.1790167684441
AAPL,learned_alpha_global,lstm,2,0.0025,42,"{""lr"": 0.005425592321263448, ""dropout"": 0.10014267169034989, ""u1"": 250, ""u2"": 96, ""batch_size"": 22}",0.5137614678899083,0.5827020202020201,108,0.5092592592592593,0.2704290432830564,0.0815896237141076,-0.2400537763050791,0.3809347996109724,0.49074074074074076,0.5092624356775302,107,0.4953271028037383,0.2585382002943956,0.07996359475578374,-0.134886785272202,0.4285246725319746,0.5928200794052355
AAPL,learned_alpha_global,lstm,2,0.0025,7,"{""lr"": 0.005425592321263448, ""dropout"": 0.10014267169034989, ""u1"": 250, ""u2"": 96, ""batch_size"": 22}",0.5045871559633027,0.602020202020202,108,0.5185185185185185,0.6167024429884276,0.26533831116355433,-0.2048729145696168,0.8739059737075014,0.5046296296296297,0.3793310463121784,107,0.5514018691588785,1.1247744161563633,0.6738796973546404,-0.11445337057898958,1.7232768581460218,5.887809978383858
AAPL,learned_alpha_global,lstm,2,0.0025,1337,"{""lr"": 0.005425592321263448, ""dropout"": 0.10014267169034989, ""u1"": 250, ""u2"": 96, ""batch_size"": 22}",0.5504587155963303,0.5353535353535352,108,0.5092592592592593,-0.8033407040462947,-0.33763547043526343,-0.28066320783359616,-1.0865940132615026,0.4212962962962963,0.43383361921097774,107,0.35514018691588783,-2.5164304383730967,-0.7341680497031411,-0.4499073087663721,-3.5505459125521193,-1.6318206781663553
AAPL,learned_alpha_global,lstm,2,0.0025,2024,"{""lr"": 0.005425592321263448, ""dropout"": 0.10014267169034989, ""u1"": 250, ""u2"": 96, ""batch_size"": 22}",0.5045871559633027,0.575925925925926,108,0.5185185185185185,0.6826005680847851,0.3034996452797305,-0.1670658410810842,0.9711516903459612,0.5092592592592593,0.5151801029159521,107,0.5607476635514018,1.147333344274179,0.6927642102135321,-0.12307178976476499,1.7229241065060938,5.628943980888364
AAPL,learned_alpha_global,lstm,2,0.0025,31415,"{""lr"": 0.005425592321263448, ""dropout"": 0.10014267169034989, ""u1"": 250, ""u2"": 96, ""batch_size"": 22}",0.5412844036697247,0.6054713804713805,108,0.5555555555555556,1.1370526044039406,0.5970510651914092,-0.115237400337515,1.5593885124910605,0.49074074074074076,0.5337478559176673,107,0.5327102803738317,0.5588714271400065,0.2584848053840745,-0.12945260722672894,0.845921830183469,1.99675240940766
AAPL,learned_alpha_global,lstm,5,0.005,42,"{""lr"": 0.005425592321263448, ""dropout"": 0.10014267169034989, ""u1"": 250, ""u2"": 96, ""batch_size"": 22}",0.6186046511627907,0.6364347826086956,42,0.6428571428571429,1.7459075925108467,4.570415752864754,-0.09746616627376634,2.250376727293217,0.47685185185185186,0.40862068965517245,43,0.3953488372093023,-0.08664483392482933,-0.25567448716944263,-0.2070571501733384,-0.11563225840898159,-1.2348015364618132
AAPL,learned_alpha_global,lstm,5,0.005,7,"{""lr"": 0.005425592321263448, ""dropout"": 0.10014267169034989, ""u1"": 250, ""u2"": 96, ""batch_size"": 22}",0.5348837209302325,0.5505652173913043,42,0.6428571428571429,1.2403476364839245,2.3762944266887027,-0.15548971187711577,1.5939533869038567,0.5370370370370371,0.515,43,0.5348837209302325,1.2865609788575065,3.9862861535214877,-0.10310124679588935,2.183584504185326,38.66380162611594
AAPL,learned_alpha_global,lstm,5,0.005,1337,"{""lr"": 0.005425592321263448, ""dropout"": 0.10014267169034989, ""u1"": 250, ""u2"": 96, ""batch_size"": 22}",0.5906976744186047,0.5559130434782609,42,0.7142857142857143,1.5557760970354655,3.6260628559018944,-0.10085815564785752,1.7064541233589097,0.5231481481481481,0.48612068965517236,43,0.37209302325581395,0.3863154115271278,0.457868746668479,-0.19604154398792026,0.7092415631047271,2.335569988658588
AAPL,learned_alpha_global,lstm,5,0.005,2024,"{""lr"": 0.005425592321263448, ""dropout"": 0.10014267169034989, ""u1"": 250, ""u2"": 96, ""batch_size"": 22}",0.5348837209302325,0.5629565217391305,42,0.6428571428571429,1.2403476364839245,2.3762944266887027,-0.15548971187711577,1.5939533869038567,0.5370370370370371,0.5711206896551724,43,0.5348837209302325,1.2865609788575065,3.9862861535214877,-0.10310124679588935,2.183584504185326,38.66380162611594
AAPL,learned_alpha_global,lstm,5,0.005,31415,"{""lr"": 0.005425592321263448, ""dropout"": 0.10014267169034989, ""u1"": 250, ""u2"": 96, ""batch_size"": 22}",0.5534883720930233,0.5716521739130435,42,0.6428571428571429,1.5460981907933857,3.586571548936041,-0.132775296977223,2.0791768717757897,0.5231481481481481,0.6038793103448277,43,0.5116279069767442,1.5430836725796355,5.967775481431882,-0.09359580238383652,2.7226500459656804,63.76114451113979
AAPL,learned_alpha_global,lstm,10,0.01,42,"{""lr"": 0.005425592321263448, ""dropout"": 0.10014267169034989, ""u1"": 250, ""u2"": 96, ""batch_size"": 22}",0.6095238095238096,0.40530303030303033,20,0.85,1.5651976627420188,17.871650993422545,-0.08868783594750278,2.082261163862097,0.5231481481481481,0.4838124838124838,21,0.6190476190476191,1.3836976103745997,21.91077413627865,-0.053568184738795245,2.3798899081890172,409.02588435875055
AAPL,learned_alpha_global,lstm,10,0.01,7,"{""lr"": 0.005425592321263448, ""dropout"": 0.10014267169034989, ""u1"": 250, ""u2"": 96, ""batch_size"": 22}",0.6285714285714286,0.4604700854700855,20,0.8,1.2806301060325678,10.267106748764846,-0.10822989702745,1.6857949826040601,0.5416666666666666,0.49710783044116374,21,0.6666666666666666,1.6264346964676142,37.965451549351954,-0.039132418752789104,2.831972270864319,970.1790167684441
AAPL,learned_alpha_global,lstm,10,0.01,1337,"{""lr"": 0.005425592321263448, ""dropout"": 0.10014267169034989, ""u1"": 250, ""u2"": 96, ""batch_size"": 22}",0.6285714285714286,0.39826146076146074,20,0.8,1.2806301060325678,10.267106748764846,-0.10822989702745,1.6857949826040601,0.5416666666666666,0.5244755244755245,21,0.6666666666666666,1.6264346964676142,37.965451549351954,-0.039132418752789104,2.831972270864319,970.1790167684441
AAPL,learned_alpha_global,lstm,10,0.01,2024,"{""lr"": 0.005425592321263448, ""dropout"": 0.10014267169034989, ""u1"": 250, ""u2"": 96, ""batch_size"": 22}",0.6428571428571429,0.47804972804972806,20,0.8,1.2806301060325678,10.267106748764846,-0.10822989702745,1.6857949826040601,0.5694444444444444,0.5791245791245792,21,0.6190476190476191,1.72910836985928,47.386654657749396,-0.053568184738795245,3.0788905074844393,884.6044511086625
AAPL,learned_alpha_global,lstm,10,0.01,31415,"{""lr"": 0.005425592321263448, ""dropout"": 0.10014267169034989, ""u1"": 250, ""u2"": 96, ""batch_size"": 22}",0.5952380952380952,0.48601398601398604,20,0.85,1.5651976627420188,17.871650993422545,-0.08868783594750278,2.082261163862097,0.5555555555555556,0.5222308555641888,21,0.5238095238095238,1.0698135572525505,10.112543234179684,-0.0727899694946212,1.85210312788653,138.9277025995587
META,full_70_30,lstm,2,0.0,42,"{""lr"": 0.01, ""dropout"": 0.20545570923050804, ""u1"": 201, ""u2"": 128, ""batch_size"": 64}",0.5963302752293578,0.45948426573426576,108,0.5555555555555556,2.0839453456712875,2.935772604039139,-0.13167923851272997,4.453705006086873,0.5601851851851852,0.47098738581992167,107,0.5607476635514018,0.5144168640143261,0.2836095586952694,-0.18632140327300664,0.6893259291213406,1.5221523330828057
META,full_70_30,lstm,2,0.0,7,"{""lr"": 0.01, ""dropout"": 0.20545570923050804, ""u1"": 201, ""u2"": 128, ""batch_size"": 64}",0.5963302752293578,0.46442307692307694,108,0.5555555555555556,2.0839453456712875,2.935772604039139,-0.13167923851272997,4.453705006086873,0.5601851851851852,0.5741626794258373,107,0.5607476635514018,0.5144168640143261,0.2836095586952694,-0.18632140327300664,0.6893259291213406,1.5221523330828057
META,full_70_30,lstm,2,0.0,1337,"{""lr"": 0.01, ""dropout"": 0.20545570923050804, ""u1"": 201, ""u2"": 128, ""batch_size"": 64}",0.573394495412844,0.5278409090909091,108,0.5648148148148148,1.5099268321903057,1.6462164528807381,-0.22557454439611335,2.652477277405032,0.5,0.512614180078295,107,0.4953271028037383,-0.39713708171301604,-0.3099183539054784,-0.2236557004193391,-0.5619355305086223,-1.3856939631961211
META,full_70_30,lstm,2,0.0,2024,"{""lr"": 0.01, ""dropout"": 0.20545570923050804, ""u1"": 201, ""u2"": 128, ""batch_size"": 64}",0.5963302752293578,0.5114510489510489,108,0.5555555555555556,2.0839453456712875,2.935772604039139,-0.13167923851272997,4.453705006086873,0.5601851851851852,0.45054371465854726,107,0.5607476635514018,0.5144168640143261,0.2836095586952694,-0.18632140327300664,0.6893259291213406,1.5221523330828057
META,full_70_30,lstm,2,0.0,31415,"{""lr"": 0.01, ""dropout"": 0.20545570923050804, ""u1"": 201, ""u2"": 128, ""batch_size"": 64}",0.5963302752293578,0.5281905594405594,108,0.5555555555555556,2.0839453456712875,2.935772604039139,-0.13167923851272997,4.453705006086873,0.5601851851851852,0.48873423227490215,107,0.5607476635514018,0.5144168640143261,0.2836095586952694,-0.18632140327300664,0.6893259291213406,1.5221523330828057
META,full_70_30,lstm,5,0.0,42,"{""lr"": 0.01, ""dropout"": 0.20545570923050804, ""u1"": 201, ""u2"": 128, ""batch_size"": 64}",0.6651162790697674,0.5100524475524476,42,0.6904761904761905,2.2562137962210085,34.606955432754575,-0.11234208574413136,4.60041061484156,0.5694444444444444,0.4394177812745869,43,0.5581395348837209,0.6958075687844721,1.4895191075560708,-0.16205428907939778,0.8953228011000804,9.19148216327855
META,full_70_30,lstm,5,0.0,7,"{""lr"": 0.01, ""dropout"": 0.20545570923050804, ""u1"": 201, ""u2"": 128, ""batch_size"": 64}",0.6651162790697674,0.42094017094017094,42,0.6904761904761905,2.2562137962210085,34.606955432754575,-0.11234208574413136,4.60041061484156,0.5694444444444444,0.551840195821313,43,0.5581395348837209,0.6958075687844721,1.4895191075560708,-0.16205428907939778,0.8953228011000804,9.19148216327855
META,full_70_30,lstm,5,0.0,1337,"{""lr"": 0.01, ""dropout"": 0.20545570923050804, ""u1"": 201, ""u2"": 128, ""batch_size"": 64}",0.6651162790697674,0.38218725718725716,42,0.6904761904761905,2.2562137962210085,34.606955432754575,-0.11234208574413136,4.60041061484156,0.5694444444444444,0.46136025876387793,43,0.5581395348837209,0.6958075687844721,1.4895191075560708,-0.16205428907939778,0.8953228011000804,9.19148216327855
META,full_70_30,lstm,5,0.0,2024,"{""lr"": 0.01, ""dropout"": 0.20545570923050804, ""u1"": 201, ""u2"": 128, ""batch_size"": 64}",0.6651162790697674,0.5397727272727273,42,0.6904761904761905,2.2562137962210085,34.606955432754575,-0.11234208574413136,4.60041061484156,0.5694444444444444,0.5929714135851035,43,0.5581395348837209,0.6958075687844721,1.4895191075560708,-0.16205428907939778,0.8953228011000804,9.19148216327855
META,full_70_30,lstm,5,0.0,31415,"{""lr"": 0.01, ""dropout"": 0.20545570923050804, ""u1"": 201, ""u2"": 128, ""batch_size"": 64}",0.6651162790697674,0.5384615384615385,42,0.6904761904761905,2.2562137962210085,34.606955432754575,-0.11234208574413136,4.60041061484156,0.5694444444444444,0.6618148439548912,43,0.5581395348837209,0.6958075687844721,1.4895191075560708,-0.16205428907939778,0.8953228011000804,9.19148216327855
META,full_70_30,lstm,10,0.0025,42,"{""lr"": 0.01, ""dropout"": 0.20545570923050804, ""u1"": 201, ""u2"": 128, ""batch_size"": 64}",0.7333333333333333,0.47112708719851576,20,0.65,2.5661075109218894,1624.8055223128918,-0.051721384870806575,12.508126994888803,0.5740740740740741,0.4169880785413745,21,0.6190476190476191,0.7708686640123701,6.459647414019437,-0.14479767895686202,1.5270116179818063,44.611539774362605
META,full_70_30,lstm,10,0.0025,7,"{""lr"": 0.01, ""dropout"": 0.20545570923050804, ""u1"": 201, ""u2"": 128, ""batch_size"": 64}",0.7333333333333333,0.3843923933209648,20,0.65,2.5661075109218894,1624.8055223128918,-0.051721384870806575,12.508126994888803,0.5740740740740741,0.5855539971949509,21,0.6190476190476191,0.7708686640123701,6.459647414019437,-0.14479767895686202,1.5270116179818063,44.611539774362605
META,full_70_30,lstm,10,0.0025,1337,"{""lr"": 0.01, ""dropout"": 0.20545570923050804, ""u1"": 201, ""u2"": 128, ""batch_size"": 64}",0.680952380952381,0.5710807050092764,20,0.55,1.64070159921842,144.9254746656069,-0.1104776495778575,5.783877548929859,0.5185185185185185,0.5347124824684433,21,0.5714285714285714,0.13197075932902552,-0.0012913545897728085,-0.1705385747294475,0.35818351393159514,-0.00757221403909051
META,full_70_30,lstm,10,0.0025,2024,"{""lr"": 0.01, ""dropout"": 0.20545570923050804, ""u1"": 201, ""u2"": 128, ""batch_size"": 64}",0.7047619047619048,0.5335111317254174,20,0.6,2.3473163827900985,968.8447747216969,-0.09536871708157288,12.61812530826647,0.5277777777777778,0.4992549088359046,21,0.5714285714285714,0.4685162772489946,1.918403464023379,-0.16705036857110175,1.1066345849960137,11.483982229029609
META,full_70_30,lstm,10,0.0025,31415,"{""lr"": 0.01, ""dropout"": 0.20545570923050804, ""u1"": 201, ""u2"": 128, ""batch_size"": 64}",0.7238095238095238,0.4130333951762523,20,0.65,2.5661075109218894,1624.8055223128918,-0.051721384870806575,12.508126994888803,0.5740740740740741,0.49447755960729317,21,0.6190476190476191,0.7708686640123701,6.459647414019437,-0.14479767895686202,1.5270116179818063,44.611539774362605
META,equal_50_50,lstm,2,0.0,42,"{""lr"": 0.0022941144328643983, ""dropout"": 0.28019970078781725, ""u1"": 67, ""u2"": 122, ""batch_size"": 43}",0.5825688073394495,0.5475524475524476,108,0.5555555555555556,2.026551264714142,2.7850955278824823,-0.13167923851273006,4.282316320768162,0.5601851851851852,0.5612005219660723,107,0.5607476635514018,0.33786088564312816,0.13870307068224075,-0.18632140327300664,0.4516938417175015,0.7444290792454298
META,equal_50_50,lstm,2,0.0,7,"{""lr"": 0.0022941144328643983, ""dropout"": 0.28019970078781725, ""u1"": 67, ""u2"": 122, ""batch_size"": 43}",0.5825688073394495,0.4729020979020978,108,0.5370370370370371,1.832146273377292,2.313364257257,-0.13167923851272997,4.013251489795066,0.5601851851851852,0.5325793823401479,107,0.5607476635514018,0.5144168640143261,0.2836095586952694,-0.18632140327300664,0.6893259291213406,1.5221523330828057
META,equal_50_50,lstm,2,0.0,1337,"{""lr"": 0.0022941144328643983, ""dropout"": 0.28019970078781725, ""u1"": 67, ""u2"": 122, ""batch_size"": 43}",0.481651376146789,0.4875874125874126,108,0.4444444444444444,-0.16760179529891908,-0.2085603757081287,-0.242256535369716,-0.3174250153943335,0.49537037037037035,0.5414528055676381,107,0.4485981308411215,-0.5576181894454126,-0.37985428354840534,-0.29017805196173746,-1.1581860715146848,-1.309038643620409
META,equal_50_50,lstm,2,0.0,2024,"{""lr"": 0.0022941144328643983, ""dropout"": 0.28019970078781725, ""u1"": 67, ""u2"": 122, ""batch_size"": 43}",0.4724770642201835,0.4243881118881119,108,0.4444444444444444,0.7403927798723001,0.5323086448397774,-0.22505897406658762,1.673672056997464,0.46296296296296297,0.4454110482818616,107,0.411214953271028,-1.5633747466413759,-0.6857520990616255,-0.4397418743483677,-2.979321255269013,-1.5594423434834548
META,equal_50_50,lstm,2,0.0,31415,"{""lr"": 0.0022941144328643983, ""dropout"": 0.28019970078781725, ""u1"": 67, ""u2"": 122, ""batch_size"": 43}",0.3944954128440367,0.395979020979021,108,0.4074074074074074,-2.9502662082866484,-0.8899858391392318,-0.625138351398727,-3.5827676353285725,0.4305555555555556,0.4532405393649413,107,0.411214953271028,-1.4285270277579218,-0.6560313467040821,-0.43219398924970154,-2.912967423987616,-1.5179094643194073
META,equal_50_50,lstm,5,0.0,42,"{""lr"": 0.0022941144328643983, ""dropout"": 0.28019970078781725, ""u1"": 67, ""u2"": 122, ""batch_size"": 43}",0.6651162790697674,0.44745532245532244,42,0.6904761904761905,2.2562137962210085,34.606955432754575,-0.11234208574413136,4.60041061484156,0.5694444444444444,0.5831803479325115,43,0.5581395348837209,0.6958075687844721,1.4895191075560708,-0.16205428907939778,0.8953228011000804,9.19148216327855
META,equal_50_50,lstm,5,0.0,7,"{""lr"": 0.0022941144328643983, ""dropout"": 0.28019970078781725, ""u1"": 67, ""u2"": 122, ""batch_size"": 43}",0.627906976744186,0.48154623154623155,42,0.6428571428571429,1.940482443111596,20.88660543700544,-0.1123420857441314,4.146772480375715,0.5046296296296297,0.5034530990471195,43,0.5116279069767442,-0.19411361777944156,-0.4332040757733625,-0.2082316046498641,-0.24725629860588214,-2.080395415968597
META,equal_50_50,lstm,5,0.0,1337,"{""lr"": 0.0022941144328643983, ""dropout"": 0.28019970078781725, ""u1"": 67, ""u2"": 122, ""batch_size"": 43}",0.35348837209302325,0.3879176379176379,42,0.2857142857142857,-2.552848802885498,-0.990220394361534,-0.5521847670596792,-3.514072497427595,0.4537037037037037,0.5193635807325815,43,0.4186046511627907,-0.5383299391791637,-0.6781707954056088,-0.2581070621338957,-0.9270861973253067,-2.6274786509088255
META,equal_50_50,lstm,5,0.0,2024,"{""lr"": 0.0022941144328643983, ""dropout"": 0.28019970078781725, ""u1"": 67, ""u2"": 122, ""batch_size"": 43}",0.33488372093023255,0.496989121989122,42,0.2857142857142857,-2.552848802885498,-0.990220394361534,-0.5521847670596792,-3.514072497427595,0.4351851851851852,0.3861351516740974,43,0.3953488372093023,-1.0003226742023235,-0.8495824322823762,-0.34840771376986507,-1.6845731509233255,-2.438471935909989
META,equal_50_50,lstm,5,0.0,31415,"{""lr"": 0.0022941144328643983, ""dropout"": 0.28019970078781725, ""u1"": 67, ""u2"": 122, ""batch_size"": 43}",0.3488372093023256,0.41996891996891994,42,0.2857142857142857,-2.552848802885498,-0.990220394361534,-0.5521847670596792,-3.514072497427595,0.46296296296296297,0.5045021417956115,43,0.4418604651162791,-0.4189850793612243,-0.6075412263938735,-0.2325596887069327,-0.711607742909235,-2.6124098710825394
META,equal_50_50,lstm,10,0.0025,42,"{""lr"": 0.0022941144328643983, ""dropout"": 0.28019970078781725, ""u1"": 67, ""u2"": 122, ""batch_size"": 43}",0.7476190476190476,0.5418599257884973,20,0.7,2.152659705238987,592.6846029269836,-0.12631172912070582,5.358817551370356,0.5277777777777778,0.5092917251051894,21,0.5714285714285714,1.2883914368995286,33.53787467439547,-0.15928401493709057,2.2526189392891447,210.55392587662544
META,equal_50_50,lstm,10,0.0025,7,"{""lr"": 0.0022941144328643983, ""dropout"": 0.28019970078781725, ""u1"": 67, ""u2"": 122, ""batch_size"": 43}",0.6952380952380952,0.5467300556586271,20,0.65,2.0652065322518025,471.98067447153795,-0.12859400656529976,5.224825834619216,0.49537037037037035,0.4601157082748949,21,0.5714285714285714,0.09474632447457323,-0.12169291017640993,-0.2311837635025668,0.16305632010239338,-0.5263903845698004
META,equal_50_50,lstm,10,0.0025,1337,"{""lr"": 0.0022941144328643983, ""dropout"": 0.28019970078781725, ""u1"": 67, ""u2"": 122, ""batch_size"": 43}",0.26666666666666666,0.35656307977736545,20,0.35,-2.73076360132711,-0.9998653329162945,-0.5265734194873508,-3.311540525012255,0.42592592592592593,0.46984572230014027,21,0.38095238095238093,-0.9306616674738168,-0.9658244497041591,-0.3240966496018959,-1.6457719122211063,-2.9800507067583992
META,equal_50_50,lstm,10,0.0025,2024,"{""lr"": 0.0022941144328643983, ""dropout"": 0.28019970078781725, ""u1"": 67, ""u2"": 122, ""batch_size"": 43}",0.6476190476190476,0.476808905380334,20,0.65,1.8630477316884442,273.0642306283508,-0.13446963601743417,5.132859975871931,0.46296296296296297,0.5238429172510519,21,0.5238095238095238,0.3754332173296018,1.1635510224760632,-0.24472503320348996,0.6897187262007763,4.754523913001435
META,equal_50_50,lstm,10,0.0025,31415,"{""lr"": 0.0022941144328643983, ""dropout"": 0.28019970078781725, ""u1"": 67, ""u2"": 122, ""batch_size"": 43}",0.3333333333333333,0.6545686456400742,20,0.4,-1.951197118050009,-0.9990411604862274,-0.44676437894645027,-2.4499554653096447,0.4027777777777778,0.34633590462833097,21,0.38095238095238093,-0.9306616674738168,-0.9658244497041591,-0.3240966496018959,-1.6457719122211063,-2.9800507067583992
META,news_only,lstm,2,0.0,42,"{""lr"": 0.01, ""dropout"": 0.4237362980093292, ""u1"": 256, ""u2"": 95, ""batch_size"": 16}",0.5963302752293578,0.3914335664335664,108,0.5555555555555556,2.0839453456712875,2.935772604039139,-0.13167923851272997,4.453705006086873,0.5601851851851852,0.4148325358851675,107,0.5607476635514018,0.5144168640143261,0.2836095586952694,-0.18632140327300664,0.6893259291213406,1.5221523330828057
META,news_only,lstm,2,0.0,7,"{""lr"": 0.01, ""dropout"": 0.4237362980093292, ""u1"": 256, ""u2"": 95, ""batch_size"": 16}",0.5963302752293578,0.5852272727272727,108,0.5555555555555556,2.0839453456712875,2.935772604039139,-0.13167923851272997,4.453705006086873,0.5601851851851852,0.4931274467159635,107,0.5607476635514018,0.5144168640143261,0.2836095586952694,-0.18632140327300664,0.6893259291213406,1.5221523330828057
META,news_only,lstm,2,0.0,1337,"{""lr"": 0.01, ""dropout"": 0.4237362980093292, ""u1"": 256, ""u2"": 95, ""batch_size"": 16}",0.44954128440366975,0.5350524475524476,108,0.4444444444444444,-1.5138191955235314,-0.7032605203547226,-0.42647295843755234,-1.9206771472873967,0.4027777777777778,0.3886472379295346,107,0.3925233644859813,-1.49328311993211,-0.6705028253692522,-0.43107681543763066,-3.343362066976294,-1.5554137948443258
META,news_only,lstm,2,0.0,2024,"{""lr"": 0.01, ""dropout"": 0.4237362980093292, ""u1"": 256, ""u2"": 95, ""batch_size"": 16}",0.6009174311926605,0.4450174825174825,108,0.5555555555555556,2.203066681867196,3.2660163564888576,-0.13167923851272997,4.781611699999319,0.5462962962962963,0.5422357546759461,107,0.5514018691588785,0.6319259171527242,0.3902559695654726,-0.18632140327300664,0.8895141336490877,2.0945310775362276
META,news_only,lstm,2,0.0,31415,"{""lr"": 0.01, ""dropout"": 0.4237362980093292, ""u1"": 256, ""u2"": 95, ""batch_size"": 16}",0.6009174311926605,0.532298951048951,108,0.5555555555555556,2.4143451967782332,3.9140777932722814,-0.13646067392010058,5.5069342818536136,0.5462962962962963,0.4070030448020879,107,0.5420560747663551,0.29683081562907615,0.10741133497975386,-0.18632140327300664,0.40034780816999804,0.5764841456371486
META,news_only,lstm,5,0.0,42,"{""lr"": 0.01, ""dropout"": 0.4237362980093292, ""u1"": 256, ""u2"": 95, ""batch_size"": 16}",0.6372093023255814,0.5821678321678323,42,0.6904761904761905,2.2562137962210085,34.606955432754575,-0.11234208574413136,4.60041061484156,0.5694444444444444,0.5496109799807676,43,0.5581395348837209,0.6958075687844721,1.4895191075560708,-0.16205428907939778,0.8953228011000804,9.19148216327855
META,news_only,lstm,5,0.0,7,"{""lr"": 0.01, ""dropout"": 0.4237362980093292, ""u1"": 256, ""u2"": 95, ""batch_size"": 16}",0.6651162790697674,0.5568181818181818,42,0.6904761904761905,2.2562137962210085,34.606955432754575,-0.11234208574413136,4.60041061484156,0.5694444444444444,0.3537896669289274,43,0.5581395348837209,0.6958075687844721,1.4895191075560708,-0.16205428907939778,0.8953228011000804,9.19148216327855
META,news_only,lstm,5,0.0,1337,"{""lr"": 0.01, ""dropout"": 0.4237362980093292, ""u1"": 256, ""u2"": 95, ""batch_size"": 16}",0.6651162790697674,0.4695998445998446,42,0.6904761904761905,2.2562137962210085,34.606955432754575,-0.11234208574413136,4.60041061484156,0.5694444444444444,0.466955153422502,43,0.5581395348837209,0.6958075687844721,1.4895191075560708,-0.16205428907939778,0.8953228011000804,9.19148216327855
META,news_only,lstm,5,0.0,2024,"{""lr"": 0.01, ""dropout"": 0.4237362980093292, ""u1"": 256, ""u2"": 95, ""batch_size"": 16}",0.6651162790697674,0.460955710955711,42,0.6904761904761905,2.2562137962210085,34.606955432754575,-0.11234208574413136,4.60041061484156,0.5694444444444444,0.47526007518139696,43,0.5581395348837209,0.6958075687844721,1.4895191075560708,-0.16205428907939778,0.8953228011000804,9.19148216327855
META,news_only,lstm,5,0.0,31415,"{""lr"": 0.01, ""dropout"": 0.4237362980093292, ""u1"": 256, ""u2"": 95, ""batch_size"": 16}",0.6651162790697674,0.5402583527583527,42,0.6904761904761905,2.2562137962210085,34.606955432754575,-0.11234208574413136,4.60041061484156,0.5694444444444444,0.4126671911880409,43,0.5581395348837209,0.6958075687844721,1.4895191075560708,-0.16205428907939778,0.8953228011000804,9.19148216327855
META,news_only,lstm,10,0.0025,42,"{""lr"": 0.01, ""dropout"": 0.4237362980093292, ""u1"": 256, ""u2"": 95, ""batch_size"": 16}",0.7047619047619048,0.5327574211502782,20,0.55,1.5309665116528144,104.40972939637301,-0.15133757767314693,4.5843681026951675,0.5740740740740741,0.5538218793828892,21,0.6190476190476191,0.7708686640123701,6.459647414019437,-0.14479767895686202,1.5270116179818063,44.611539774362605
META,news_only,lstm,10,0.0025,7,"{""lr"": 0.01, ""dropout"": 0.4237362980093292, ""u1"": 256, ""u2"": 95, ""batch_size"": 16}",0.5666666666666667,0.3864795918367347,20,0.35,0.043266566361106616,-0.27772285084014214,-0.25874330509962906,0.12190605219122819,0.5879629629629629,0.5729312762973353,21,0.7142857142857143,1.5024617752429237,61.624501050619976,-0.14479767895686202,2.612104695170018,425.5903927091199
META,news_only,lstm,10,0.0025,1337,"{""lr"": 0.01, ""dropout"": 0.4237362980093292, ""u1"": 256, ""u2"": 95, ""batch_size"": 16}",0.7333333333333333,0.4892161410018553,20,0.65,2.5661075109218894,1624.8055223128918,-0.051721384870806575,12.508126994888803,0.5740740740740741,0.49101507713884995,21,0.6190476190476191,0.7708686640123701,6.459647414019437,-0.14479767895686202,1.5270116179818063,44.611539774362605
META,news_only,lstm,10,0.0025,2024,"{""lr"": 0.01, ""dropout"": 0.4237362980093292, ""u1"": 256, ""u2"": 95, ""batch_size"": 16}",0.7333333333333333,0.4594735621521336,20,0.65,2.5661075109218894,1624.8055223128918,-0.051721384870806575,12.508126994888803,0.5740740740740741,0.5056100981767181,21,0.6190476190476191,0.7708686640123701,6.459647414019437,-0.14479767895686202,1.5270116179818063,44.611539774362605
META,news_only,lstm,10,0.0025,31415,"{""lr"": 0.01, ""dropout"": 0.4237362980093292, ""u1"": 256, ""u2"": 95, ""batch_size"": 16}",0.680952380952381,0.4977968460111317,20,0.6,2.3292505851661582,926.9634147681962,-0.09299942011984216,12.418041544093466,0.5694444444444444,0.4799701963534362,21,0.6190476190476191,0.7708686640123701,6.459647414019437,-0.14479767895686202,1.5270116179818063,44.611539774362605
META,social_only,lstm,2,0.0,42,"{""lr"": 0.009258972118816622, ""dropout"": 0.153901504947499, ""u1"": 256, ""u2"": 112, ""batch_size"": 55}",0.5963302752293578,0.5529283216783216,108,0.5555555555555556,2.0839453456712875,2.935772604039139,-0.13167923851272997,4.453705006086873,0.5601851851851852,0.537016093953893,107,0.5607476635514018,0.5144168640143261,0.2836095586952694,-0.18632140327300664,0.6893259291213406,1.5221523330828057
META,social_only,lstm,2,0.0,7,"{""lr"": 0.009258972118816622, ""dropout"": 0.153901504947499, ""u1"": 256, ""u2"": 112, ""batch_size"": 55}",0.5963302752293578,0.5184003496503496,108,0.5555555555555556,2.0839453456712875,2.935772604039139,-0.13167923851272997,4.453705006086873,0.5601851851851852,0.6483688560243583,107,0.5607476635514018,0.5144168640143261,0.2836095586952694,-0.18632140327300664,0.6893259291213406,1.5221523330828057
META,social_only,lstm,2,0.0,1337,"{""lr"": 0.009258972118816622, ""dropout"": 0.153901504947499, ""u1"": 256, ""u2"": 112, ""batch_size"": 55}",0.5963302752293578,0.49073426573426576,108,0.5555555555555556,2.0839453456712875,2.935772604039139,-0.13167923851272997,4.453705006086873,0.5601851851851852,0.5726402783819051,107,0.5607476635514018,0.5144168640143261,0.2836095586952694,-0.18632140327300664,0.6893259291213406,1.5221523330828057
META,social_only,lstm,2,0.0,2024,"{""lr"": 0.009258972118816622, ""dropout"": 0.153901504947499, ""u1"": 256, ""u2"": 112, ""batch_size"": 55}",0.5963302752293578,0.4792395104895105,108,0.5555555555555556,2.0839453456712875,2.935772604039139,-0.13167923851272997,4.453705006086873,0.5601851851851852,0.45541539799913006,107,0.5607476635514018,0.5144168640143261,0.2836095586952694,-0.18632140327300664,0.6893259291213406,1.5221523330828057
META,social_only,lstm,2,0.0,31415,"{""lr"": 0.009258972118816622, ""dropout"": 0.153901504947499, ""u1"": 256, ""u2"": 112, ""batch_size"": 55}",0.5412844036697247,0.5965034965034964,108,0.48148148148148145,-1.2192337844971848,-0.6333223316880287,-0.3370436514191265,-1.558837835012893,0.5185185185185185,0.5635493692909961,107,0.45794392523364486,-1.7890526153348876,-0.7300793864254892,-0.476857975484713,-2.5703147527001318,-1.531020605628717
META,social_only,lstm,5,0.0,42,"{""lr"": 0.009258972118816622, ""dropout"": 0.153901504947499, ""u1"": 256, ""u2"": 112, ""batch_size"": 55}",0.6651162790697674,0.5287490287490287,42,0.6904761904761905,2.2562137962210085,34.606955432754575,-0.11234208574413136,4.60041061484156,0.5694444444444444,0.5704169944925256,43,0.5348837209302325,0.13809556400648182,-0.012610032283421835,-0.16205428907939778,0.17141315648530106,-0.07781362872317193
META,social_only,lstm,5,0.0,7,"{""lr"": 0.009258972118816622, ""dropout"": 0.153901504947499, ""u1"": 256, ""u2"": 112, ""batch_size"": 55}",0.627906976744186,0.5006313131313131,42,0.5952380952380952,0.9646313090633488,3.2984120113411572,-0.22157782500562487,2.083368047225275,0.5138888888888888,0.5570416994492526,43,0.4418604651162791,-0.40341134292807795,-0.5997562870955174,-0.22573215203761346,-0.5570224605740884,-2.6569377985444484
META,social_only,lstm,5,0.0,1337,"{""lr"": 0.009258972118816622, ""dropout"": 0.153901504947499, ""u1"": 256, ""u2"": 112, ""batch_size"": 55}",0.6651162790697674,0.5040792540792541,42,0.6904761904761905,2.2562137962210085,34.606955432754575,-0.11234208574413136,4.60041061484156,0.5694444444444444,0.46358947460442346,43,0.5581395348837209,0.6958075687844721,1.4895191075560708,-0.16205428907939778,0.8953228011000804,9.19148216327855
META,social_only,lstm,5,0.0,2024,"{""lr"": 0.009258972118816622, ""dropout"": 0.153901504947499, ""u1"": 256, ""u2"": 112, ""batch_size"": 55}",0.6651162790697674,0.4851398601398601,42,0.6904761904761905,2.2562137962210085,34.606955432754575,-0.11234208574413136,4.60041061484156,0.5694444444444444,0.642932074482035,43,0.5581395348837209,0.6958075687844721,1.4895191075560708,-0.16205428907939778,0.8953228011000804,9.19148216327855
META,social_only,lstm,5,0.0,31415,"{""lr"": 0.009258972118816622, ""dropout"": 0.153901504947499, ""u1"": 256, ""u2"": 112, ""batch_size"": 55}",0.5813953488372093,0.4377913752913753,42,0.5714285714285714,1.1961772270792261,5.420871499284957,-0.25271043341190136,2.783991802382712,0.5694444444444444,0.47810123262522947,43,0.5813953488372093,0.4258385639636042,0.5940675615265241,-0.16205428907939778,0.5197819931628285,3.665855219885376
META,social_only,lstm,10,0.0025,42,"{""lr"": 0.009258972118816622, ""dropout"": 0.153901504947499, ""u1"": 256, ""u2"": 112, ""batch_size"": 55}",0.7285714285714285,0.4107142857142857,20,0.65,2.5661075109218894,1624.8055223128918,-0.051721384870806575,12.508126994888803,0.5787037037037037,0.4768583450210379,21,0.6190476190476191,0.7708686640123701,6.459647414019437,-0.14479767895686202,1.5270116179818063,44.611539774362605
META,social_only,lstm,10,0.0025,7,"{""lr"": 0.009258972118816622, ""dropout"": 0.153901504947499, ""u1"": 256, ""u2"": 112, ""batch_size"": 55}",0.7095238095238096,0.5107838589981447,20,0.6,1.8211520145789286,243.03097580243517,-0.10933511279356216,5.215278415489546,0.5601851851851852,0.5018408134642357,21,0.5714285714285714,0.1492359884879449,0.05125325332974007,-0.14479767895686202,0.3003746271108876,0.353964605641292
META,social_only,lstm,10,0.0025,1337,"{""lr"": 0.009258972118816622, ""dropout"": 0.153901504947499, ""u1"": 256, ""u2"": 112, ""batch_size"": 55}",0.6761904761904762,0.5122333024118738,20,0.5,1.0238354865779729,20.454749037037693,-0.15884414491839072,2.9608693472024723,0.5925925925925926,0.4999561711079944,21,0.7142857142857143,1.5024617752429237,61.624501050619976,-0.14479767895686202,2.612104695170018,425.5903927091199
META,social_only,lstm,10,0.0025,2024,"{""lr"": 0.009258972118816622, ""dropout"": 0.153901504947499, ""u1"": 256, ""u2"": 112, ""batch_size"": 55}",0.7333333333333333,0.5935760667903525,20,0.65,2.5661075109218894,1624.8055223128918,-0.051721384870806575,12.508126994888803,0.5740740740740741,0.4740532959326788,21,0.6190476190476191,0.7708686640123701,6.459647414019437,-0.14479767895686202,1.5270116179818063,44.611539774362605
META,social_only,lstm,10,0.0025,31415,"{""lr"": 0.009258972118816622, ""dropout"": 0.153901504947499, ""u1"": 256, ""u2"": 112, ""batch_size"": 55}",0.7238095238095238,0.5479475881261595,20,0.6,1.9683532506080146,365.21922460245776,-0.06001992061431179,7.070794834766921,0.5370370370370371,0.4939516129032258,21,0.5238095238095238,-0.16614697860063007,-0.6181327454116374,-0.17808415484480672,-0.3498700971890367,-3.471014846606177
META,sentiment_only,lstm,2,0.0,42,"{""lr"": 0.0020300239304294316, ""dropout"": 0.12745236190771142, ""u1"": 94, ""u2"": 128, ""batch_size"": 61}",0.573394495412844,0.5097902097902098,108,0.5277777777777778,1.502725549596812,1.6352860428833744,-0.1316792385127302,3.177162140956584,0.5370370370370371,0.5016963897346672,107,0.5420560747663551,0.17323296335105373,0.0181059474525338,-0.18632140327300664,0.2348773044339994,0.0971758860467798
META,sentiment_only,lstm,2,0.0,7,"{""lr"": 0.0020300239304294316, ""dropout"": 0.12745236190771142, ""u1"": 94, ""u2"": 128, ""batch_size"": 61}",0.5963302752293578,0.43618881118881114,108,0.5555555555555556,2.0839453456712875,2.935772604039139,-0.13167923851272997,4.453705006086873,0.5601851851851852,0.5344062635928665,107,0.5607476635514018,0.5144168640143261,0.2836095586952694,-0.18632140327300664,0.6893259291213406,1.5221523330828057
META,sentiment_only,lstm,2,0.0,1337,"{""lr"": 0.0020300239304294316, ""dropout"": 0.12745236190771142, ""u1"": 94, ""u2"": 128, ""batch_size"": 61}",0.5412844036697247,0.4270104895104895,108,0.49074074074074076,1.0407093407250303,0.9005696346369421,-0.18531109295660955,2.272387555022391,0.5462962962962963,0.5569377990430622,107,0.5514018691588785,0.5272100637884763,0.29482092886767286,-0.18632140327300664,0.7115286607652401,1.5823245407597524
META,sentiment_only,lstm,2,0.0,2024,"{""lr"": 0.0020300239304294316, ""dropout"": 0.12745236190771142, ""u1"": 94, ""u2"": 128, ""batch_size"": 61}",0.555045871559633,0.5109265734265733,108,0.5277777777777778,0.9108269379404955,0.7233311983020345,-0.20157450357322979,1.1937693935055627,0.5324074074074074,0.4625489343192693,107,0.5420560747663551,0.2601947551194779,0.08026032794145554,-0.25976879566769945,0.35660515005743876,0.30896831828918314
META,sentiment_only,lstm,2,0.0,31415,"{""lr"": 0.0020300239304294316, ""dropout"": 0.12745236190771142, ""u1"": 94, ""u2"": 128, ""batch_size"": 61}",0.4036697247706422,0.520104895104895,108,0.4166666666666667,-2.7941343453626026,-0.8779530948762421,-0.6080864932811904,-3.378302357593802,0.4398148148148148,0.5488473249238799,107,0.4205607476635514,-1.2566861133053309,-0.6139744856250302,-0.3988015177501218,-2.5686180916351486,-1.5395490194942787
META,sentiment_only,lstm,5,0.0,42,"{""lr"": 0.0020300239304294316, ""dropout"": 0.12745236190771142, ""u1"": 94, ""u2"": 128, ""batch_size"": 61}",0.6604651162790698,0.543026418026418,42,0.7142857142857143,2.7390813880149065,70.7545553325779,-0.11234208574413138,4.967534675830088,0.5185185185185185,0.48028673835125446,43,0.4883720930232558,0.23165209865710318,0.1560988839770001,-0.23772508724799962,0.31063409666377234,0.6566361412843004
META,sentiment_only,lstm,5,0.0,7,"{""lr"": 0.0020300239304294316, ""dropout"": 0.12745236190771142, ""u1"": 94, ""u2"": 128, ""batch_size"": 61}",0.6651162790697674,0.4438616938616939,42,0.6904761904761905,2.2562137962210085,34.606955432754575,-0.11234208574413136,4.60041061484156,0.5694444444444444,0.5663082437275986,43,0.5581395348837209,0.6958075687844721,1.4895191075560708,-0.16205428907939778,0.8953228011000804,9.19148216327855
META,sentiment_only,lstm,5,0.0,1337,"{""lr"": 0.0020300239304294316, ""dropout"": 0.12745236190771142, ""u1"": 94, ""u2"": 128, ""batch_size"": 61}",0.39069767441860465,0.4986402486402487,42,0.38095238095238093,0.16031627593163184,0.02523597696696034,-0.20355888396843358,0.41348944028836887,0.48148148148148145,0.4758283066701635,43,0.4186046511627907,0.09175262930412936,-0.07760767391308743,-0.1669084670947582,0.16878125576403355,-0.4649714616876061
META,sentiment_only,lstm,5,0.0,2024,"{""lr"": 0.0020300239304294316, ""dropout"": 0.12745236190771142, ""u1"": 94, ""u2"": 128, ""batch_size"": 61}",0.3581395348837209,0.40083527583527584,42,0.3333333333333333,-1.4113765426062397,-0.9385593845228396,-0.4560952102815347,-2.3251422163144033,0.47685185185185186,0.4883293994230265,43,0.4418604651162791,-0.5201104093442466,-0.6682998497207341,-0.2693978545079072,-0.8937181020919079,-2.4807170455810685
META,sentiment_only,lstm,5,0.0,31415,"{""lr"": 0.0020300239304294316, ""dropout"": 0.12745236190771142, ""u1"": 94, ""u2"": 128, ""batch_size"": 61}",0.4046511627906977,0.4622183372183372,42,0.38095238095238093,-0.7820704019078053,-0.8151075725244394,-0.3212235679395891,-1.2790700234124304,0.49074074074074076,0.4947984963720605,43,0.3953488372093023,-0.8556328703323672,-0.809462740723532,-0.29576762363752135,-1.4375009625549209,-2.736819976332402
META,sentiment_only,lstm,10,0.0025,42,"{""lr"": 0.0020300239304294316, ""dropout"": 0.12745236190771142, ""u1"": 94, ""u2"": 128, ""batch_size"": 61}",0.7333333333333333,0.47912801484230055,20,0.65,2.5661075109218894,1624.8055223128918,-0.051721384870806575,12.508126994888803,0.5740740740740741,0.35545231416549794,21,0.6190476190476191,0.7708686640123701,6.459647414019437,-0.14479767895686202,1.5270116179818063,44.611539774362605
META,sentiment_only,lstm,10,0.0025,7,"{""lr"": 0.0020300239304294316, ""dropout"": 0.12745236190771142, ""u1"": 94, ""u2"": 128, ""batch_size"": 61}",0.7333333333333333,0.5089285714285715,20,0.65,2.5661075109218894,1624.8055223128918,-0.051721384870806575,12.508126994888803,0.5740740740740741,0.3823632538569425,21,0.6190476190476191,0.7708686640123701,6.459647414019437,-0.14479767895686202,1.5270116179818063,44.611539774362605
META,sentiment_only,lstm,10,0.0025,1337,"{""lr"": 0.0020300239304294316, ""dropout"": 0.12745236190771142, ""u1"": 94, ""u2"": 128, ""batch_size"": 61}",0.5238095238095238,0.49408627087198514,20,0.65,1.078114958263589,24.274197720268553,-0.17089551818769824,1.7239940350146767,0.48148148148148145,0.34554698457223004,21,0.47619047619047616,-0.20566433099011985,-0.6627880222510445,-0.26871741625029955,-0.46102404250539175,-2.4664870312450606
META,sentiment_only,lstm,10,0.0025,2024,"{""lr"": 0.0020300239304294316, ""dropout"": 0.12745236190771142, ""u1"": 94, ""u2"": 128, ""batch_size"": 61}",0.4380952380952381,0.5419758812615957,20,0.6,-0.6702181126173965,-0.9451375052763827,-0.24393050492949153,-0.8058470924510579,0.4305555555555556,0.41365708274894814,21,0.38095238095238093,-0.5702359681360069,-0.8951304039448547,-0.2935166873887343,-1.0462679536741895,-3.0496746604370792
META,sentiment_only,lstm,10,0.0025,31415,"{""lr"": 0.0020300239304294316, ""dropout"": 0.12745236190771142, ""u1"": 94, ""u2"": 128, ""batch_size"": 61}",0.32857142857142857,0.6301020408163265,20,0.4,-1.8847715248486714,-0.9988438373416756,-0.43848627713199495,-2.3935870467339186,0.42592592592592593,0.43083800841514724,21,0.42857142857142855,-0.15645765237307527,-0.6059426733479909,-0.2326477930790124,-0.31027070425054576,-2.604549414926963
META,technical_only,lstm,2,0.0,42,"{""lr"": 0.003918194347141745, ""dropout"": 0.17337391594646553, ""u1"": 214, ""u2"": 83, ""batch_size"": 37}",0.555045871559633,0.5648601398601398,108,0.5092592592592593,0.9669983329853766,0.8026148998010723,-0.2854275275243693,1.9641638472417926,0.5879629629629629,0.588168769030013,107,0.5887850467289719,0.9547321423319716,0.7264677237490855,-0.1663561447888393,1.2304032358214865,4.366942529662563
META,technical_only,lstm,2,0.0,7,"{""lr"": 0.003918194347141745, ""dropout"": 0.17337391594646553, ""u1"": 214, ""u2"": 83, ""batch_size"": 37}",0.573394495412844,0.5400349650349651,108,0.5370370370370371,1.47468909192038,1.5842252450334322,-0.2383359240056302,3.244910554825546,0.5462962962962963,0.4964767290126142,107,0.5420560747663551,0.11625230178598207,-0.020671887095304098,-0.1973899688413177,0.15698315750811564,-0.10472612775942165
META,technical_only,lstm,2,0.0,1337,"{""lr"": 0.003918194347141745, ""dropout"": 0.17337391594646553, ""u1"": 214, ""u2"": 83, ""batch_size"": 37}",0.5963302752293578,0.5592220279720279,108,0.5555555555555556,2.0839453456712875,2.935772604039139,-0.13167923851272997,4.453705006086873,0.5601851851851852,0.5389299695519791,107,0.5607476635514018,0.5144168640143261,0.2836095586952694,-0.18632140327300664,0.6893259291213406,1.5221523330828057
META,technical_only,lstm,2,0.0,2024,"{""lr"": 0.003918194347141745, ""dropout"": 0.17337391594646553, ""u1"": 214, ""u2"": 83, ""batch_size"": 37}",0.5963302752293578,0.5003496503496504,108,0.5555555555555556,2.0839453456712875,2.935772604039139,-0.13167923851272997,4.453705006086873,0.5601851851851852,0.4863853849499783,107,0.5607476635514018,0.5144168640143261,0.2836095586952694,-0.18632140327300664,0.6893259291213406,1.5221523330828057
META,technical_only,lstm,2,0.0,31415,"{""lr"": 0.003918194347141745, ""dropout"": 0.17337391594646553, ""u1"": 214, ""u2"": 83, ""batch_size"": 37}",0.5963302752293578,0.4841783216783217,108,0.5555555555555556,2.0839453456712875,2.935772604039139,-0.13167923851272997,4.453705006086873,0.5601851851851852,0.46359286646367986,107,0.5607476635514018,0.5144168640143261,0.2836095586952694,-0.18632140327300664,0.6893259291213406,1.5221523330828057
META,technical_only,lstm,5,0.0,42,"{""lr"": 0.003918194347141745, ""dropout"": 0.17337391594646553, ""u1"": 214, ""u2"": 83, ""batch_size"": 37}",0.6139534883720931,0.45629370629370625,42,0.6190476190476191,1.3745386892151972,7.684417953108113,-0.23803074863935925,2.770979179749941,0.4675925925925926,0.39745607133490685,43,0.4418604651162791,-1.0222605428461857,-0.8559503516228624,-0.33983012605180557,-1.3497170914395997,-2.5187594801185362
META,technical_only,lstm,5,0.0,7,"{""lr"": 0.003918194347141745, ""dropout"": 0.17337391594646553, ""u1"": 214, ""u2"": 83, ""batch_size"": 37}",0.6651162790697674,0.4103535353535354,42,0.6904761904761905,2.2562137962210085,34.606955432754575,-0.11234208574413136,4.60041061484156,0.5694444444444444,0.502098085496984,43,0.5581395348837209,0.6958075687844721,1.4895191075560708,-0.16205428907939778,0.8953228011000804,9.19148216327855
META,technical_only,lstm,5,0.0,1337,"{""lr"": 0.003918194347141745, ""dropout"": 0.17337391594646553, ""u1"": 214, ""u2"": 83, ""batch_size"": 37}",0.6651162790697674,0.5017482517482517,42,0.6904761904761905,2.2562137962210085,34.606955432754575,-0.11234208574413136,4.60041061484156,0.5694444444444444,0.562155782848151,43,0.5581395348837209,0.6958075687844721,1.4895191075560708,-0.16205428907939778,0.8953228011000804,9.19148216327855
META,technical_only,lstm,5,0.0,2024,"{""lr"": 0.003918194347141745, ""dropout"": 0.17337391594646553, ""u1"": 214, ""u2"": 83, ""batch_size"": 37}",0.6651162790697674,0.5336538461538461,42,0.6904761904761905,2.2562137962210085,34.606955432754575,-0.11234208574413136,4.60041061484156,0.5694444444444444,0.5978232362968791,43,0.5581395348837209,0.6958075687844721,1.4895191075560708,-0.16205428907939778,0.8953228011000804,9.19148216327855
META,technical_only,lstm,5,0.0,31415,"{""lr"": 0.003918194347141745, ""dropout"": 0.17337391594646553, ""u1"": 214, ""u2"": 83, ""batch_size"": 37}",0.6651162790697674,0.44959207459207456,42,0.6904761904761905,2.2562137962210085,34.606955432754575,-0.11234208574413136,4.60041061484156,0.5694444444444444,0.34981204650756187,43,0.5581395348837209,0.6958075687844721,1.4895191075560708,-0.16205428907939778,0.8953228011000804,9.19148216327855
META,technical_only,lstm,10,0.0025,42,"{""lr"": 0.003918194347141745, ""dropout"": 0.17337391594646553, ""u1"": 214, ""u2"": 83, ""batch_size"": 37}",0.6571428571428571,0.5182050092764379,20,0.6,1.7660894508088085,207.91450397108383,-0.15133757767314718,4.90255553326429,0.5462962962962963,0.5475105189340814,21,0.5714285714285714,0.29448240116881313,0.6757899855342937,-0.2311837635025668,0.6219471012753612,2.9231723512745327
META,technical_only,lstm,10,0.0025,7,"{""lr"": 0.003918194347141745, ""dropout"": 0.17337391594646553, ""u1"": 214, ""u2"": 83, ""batch_size"": 37}",0.6714285714285714,0.47721474953617815,20,0.5,1.0238354865779729,20.454749037037693,-0.15884414491839072,2.9608693472024723,0.5833333333333334,0.4678295932678822,21,0.7142857142857143,1.5024617752429237,61.624501050619976,-0.14479767895686202,2.612104695170018,425.5903927091199
META,technical_only,lstm,10,0.0025,1337,"{""lr"": 0.003918194347141745, ""dropout"": 0.17337391594646553, ""u1"": 214, ""u2"": 83, ""batch_size"": 37}",0.7333333333333333,0.45083487940630795,20,0.65,2.5661075109218894,1624.8055223128918,-0.051721384870806575,12.508126994888803,0.5740740740740741,0.48781556802244036,21,0.6190476190476191,0.7708686640123701,6.459647414019437,-0.14479767895686202,1.5270116179818063,44.611539774362605
META,technical_only,lstm,10,0.0025,2024,"{""lr"": 0.003918194347141745, ""dropout"": 0.17337391594646553, ""u1"": 214, ""u2"": 83, ""batch_size"": 37}",0.7619047619047619,0.6145640074211502,20,0.7,2.1427806272876913,578.0081897395586,-0.07603962221431569,5.730712846042497,0.5092592592592593,0.43276647966339415,21,0.6666666666666666,0.9183085106900521,10.669418749843729,-0.15438594119534393,1.861635667855472,69.10874570077436
META,technical_only,lstm,10,0.0025,31415,"{""lr"": 0.003918194347141745, ""dropout"": 0.17337391594646553, ""u1"": 214, ""u2"": 83, ""batch_size"": 37}",0.7333333333333333,0.36073747680890533,20,0.65,2.5661075109218894,1624.8055223128918,-0.051721384870806575,12.508126994888803,0.5740740740740741,0.4978085553997195,21,0.6190476190476191,0.7708686640123701,6.459647414019437,-0.14479767895686202,1.5270116179818063,44.611539774362605
META,learned_alpha_per_stock,lstm,2,0.0,42,"{""lr"": 0.01, ""dropout"": 0.2237113875068219, ""u1"": 64, ""u2"": 27, ""batch_size"": 27}",0.5963302752293578,0.36656468531468533,108,0.5555555555555556,2.0839453456712875,2.935772604039139,-0.13167923851272997,4.453705006086873,0.5601851851851852,0.5859069160504567,107,0.5607476635514018,0.5144168640143261,0.2836095586952694,-0.18632140327300664,0.6893259291213406,1.5221523330828057
META,learned_alpha_per_stock,lstm,2,0.0,7,"{""lr"": 0.01, ""dropout"": 0.2237113875068219, ""u1"": 64, ""u2"": 27, ""batch_size"": 27}",0.5963302752293578,0.47744755244755244,108,0.5555555555555556,2.0839453456712875,2.935772604039139,-0.13167923851272997,4.453705006086873,0.5601851851851852,0.40495867768595045,107,0.5607476635514018,0.5144168640143261,0.2836095586952694,-0.18632140327300664,0.6893259291213406,1.5221523330828057
META,learned_alpha_per_stock,lstm,2,0.0,1337,"{""lr"": 0.01, ""dropout"": 0.2237113875068219, ""u1"": 64, ""u2"": 27, ""batch_size"": 27}",0.5963302752293578,0.5014423076923077,108,0.5555555555555556,2.0839453456712875,2.935772604039139,-0.13167923851272997,4.453705006086873,0.5601851851851852,0.5588516746411484,107,0.5607476635514018,0.5144168640143261,0.2836095586952694,-0.18632140327300664,0.6893259291213406,1.5221523330828057
META,learned_alpha_per_stock,lstm,2,0.0,2024,"{""lr"": 0.01, ""dropout"": 0.2237113875068219, ""u1"": 64, ""u2"": 27, ""batch_size"": 27}",0.5963302752293578,0.49484265734265737,108,0.5555555555555556,2.0839453456712875,2.935772604039139,-0.13167923851272997,4.453705006086873,0.5601851851851852,0.4977816441931274,107,0.5607476635514018,0.5144168640143261,0.2836095586952694,-0.18632140327300664,0.6893259291213406,1.5221523330828057
META,learned_alpha_per_stock,lstm,2,0.0,31415,"{""lr"": 0.01, ""dropout"": 0.2237113875068219, ""u1"": 64, ""u2"": 27, ""batch_size"": 27}",0.5963302752293578,0.63631993006993,108,0.5555555555555556,2.0839453456712875,2.935772604039139,-0.13167923851272997,4.453705006086873,0.5601851851851852,0.46855154414963024,107,0.5607476635514018,0.5144168640143261,0.2836095586952694,-0.18632140327300664,0.6893259291213406,1.5221523330828057
META,learned_alpha_per_stock,lstm,5,0.0,42,"{""lr"": 0.01, ""dropout"": 0.2237113875068219, ""u1"": 64, ""u2"": 27, ""batch_size"": 27}",0.6651162790697674,0.4362373737373737,42,0.6904761904761905,2.2562137962210085,34.606955432754575,-0.11234208574413136,4.60041061484156,0.5694444444444444,0.40388145816942045,43,0.5581395348837209,0.6958075687844721,1.4895191075560708,-0.16205428907939778,0.8953228011000804,9.19148216327855
META,learned_alpha_per_stock,lstm,5,0.0,7,"{""lr"": 0.01, ""dropout"": 0.2237113875068219, ""u1"": 64, ""u2"": 27, ""batch_size"": 27}",0.6837209302325581,0.516025641025641,42,0.7142857142857143,2.4907679042841337,49.383110146066755,-0.11234208574413139,4.826698425328386,0.5740740740740741,0.452880496546901,43,0.5581395348837209,0.6958075687844721,1.4895191075560708,-0.16205428907939778,0.8953228011000804,9.19148216327855
META,learned_alpha_per_stock,lstm,5,0.0,1337,"{""lr"": 0.01, ""dropout"": 0.2237113875068219, ""u1"": 64, ""u2"": 27, ""batch_size"": 27}",0.6651162790697674,0.5406954156954157,42,0.6904761904761905,2.2562137962210085,34.606955432754575,-0.11234208574413136,4.60041061484156,0.5740740740740741,0.6150887315324766,43,0.5581395348837209,0.6958075687844721,1.4895191075560708,-0.16205428907939778,0.8953228011000804,9.19148216327855
META,learned_alpha_per_stock,lstm,5,0.0,2024,"{""lr"": 0.01, ""dropout"": 0.2237113875068219, ""u1"": 64, ""u2"": 27, ""batch_size"": 27}",0.6604651162790698,0.44502719502719496,42,0.6428571428571429,1.2466076705794154,5.943466376632245,-0.19154137336070587,1.764534848241281,0.5694444444444444,0.4431331410088294,43,0.5581395348837209,0.6958075687844721,1.4895191075560708,-0.16205428907939778,0.8953228011000804,9.19148216327855
META,learned_alpha_per_stock,lstm,5,0.0,31415,"{""lr"": 0.01, ""dropout"": 0.2237113875068219, ""u1"": 64, ""u2"": 27, ""batch_size"": 27}",0.6651162790697674,0.509032634032634,42,0.6904761904761905,2.2562137962210085,34.606955432754575,-0.11234208574413136,4.60041061484156,0.5694444444444444,0.4972462627852085,43,0.5581395348837209,0.6958075687844721,1.4895191075560708,-0.16205428907939778,0.8953228011000804,9.19148216327855
META,learned_alpha_per_stock,lstm,10,0.0025,42,"{""lr"": 0.01, ""dropout"": 0.2237113875068219, ""u1"": 64, ""u2"": 27, ""batch_size"": 27}",0.7238095238095238,0.5593112244897958,20,0.6,1.7975803039548912,227.3411198821825,-0.12631172912070582,4.974246294621897,0.5601851851851852,0.5170056100981767,21,0.6190476190476191,0.7708686640123701,6.459647414019437,-0.14479767895686202,1.5270116179818063,44.611539774362605
META,learned_alpha_per_stock,lstm,10,0.0025,7,"{""lr"": 0.01, ""dropout"": 0.2237113875068219, ""u1"": 64, ""u2"": 27, ""batch_size"": 27}",0.7333333333333333,0.4688079777365492,20,0.65,2.5661075109218894,1624.8055223128918,-0.051721384870806575,12.508126994888803,0.5740740740740741,0.4182152875175315,21,0.6190476190476191,0.7708686640123701,6.459647414019437,-0.14479767895686202,1.5270116179818063,44.611539774362605
META,learned_alpha_per_stock,lstm,10,0.0025,1337,"{""lr"": 0.01, ""dropout"": 0.2237113875068219, ""u1"": 64, ""u2"": 27, ""batch_size"": 27}",0.7333333333333333,0.47217068645640076,20,0.65,2.5661075109218894,1624.8055223128918,-0.051721384870806575,12.508126994888803,0.5740740740740741,0.2736676016830295,21,0.6190476190476191,0.7708686640123701,6.459647414019437,-0.14479767895686202,1.5270116179818063,44.611539774362605
META,learned_alpha_per_stock,lstm,10,0.0025,2024,"{""lr"": 0.01, ""dropout"": 0.2237113875068219, ""u1"": 64, ""u2"": 27, ""batch_size"": 27}",0.7333333333333333,0.475765306122449,20,0.65,2.5661075109218894,1624.8055223128918,-0.051721384870806575,12.508126994888803,0.5740740740740741,0.5191970546984572,21,0.6190476190476191,0.7708686640123701,6.459647414019437,-0.14479767895686202,1.5270116179818063,44.611539774362605
META,learned_alpha_per_stock,lstm,10,0.0025,31415,"{""lr"": 0.01, ""dropout"": 0.2237113875068219, ""u1"": 64, ""u2"": 27, ""batch_size"": 27}",0.7333333333333333,0.53264146567718,20,0.65,2.5661075109218894,1624.8055223128918,-0.051721384870806575,12.508126994888803,0.5787037037037037,0.501577840112202,21,0.6190476190476191,0.7708686640123701,6.459647414019437,-0.14479767895686202,1.5270116179818063,44.611539774362605
META,learned_alpha_global,lstm,2,0.0,42,"{""lr"": 0.001908163829709096, ""dropout"": 0.10108660190573142, ""u1"": 176, ""u2"": 62, ""batch_size"": 35}",0.6100917431192661,0.493444055944056,108,0.6203703703703703,1.6762694362236992,1.97112515607576,-0.17197683961682667,2.728641874410698,0.4861111111111111,0.496128751631144,107,0.5046728971962616,-0.16291019194359008,-0.18907030100988476,-0.2926373188647755,-0.2653119546883406,-0.6460908736566578
META,learned_alpha_global,lstm,2,0.0,7,"{""lr"": 0.001908163829709096, ""dropout"": 0.10108660190573142, ""u1"": 176, ""u2"": 62, ""batch_size"": 35}",0.5871559633027523,0.5182692307692308,108,0.5462962962962963,1.4741062401255385,1.580497842419128,-0.24719812054341905,2.5581027912907333,0.5555555555555556,0.44532405393649416,107,0.5514018691588785,0.29572064608287074,0.10661070309658238,-0.18632140327300664,0.40033558197498675,0.5721870983355117
META,learned_alpha_global,lstm,2,0.0,1337,"{""lr"": 0.001908163829709096, ""dropout"": 0.10108660190573142, ""u1"": 176, ""u2"": 62, ""batch_size"": 35}",0.4036697247706422,0.4237762237762238,108,0.42592592592592593,-1.8172472664315098,-0.7607665483521474,-0.4842425766532843,-2.336344960374424,0.4583333333333333,0.5273597216180949,107,0.4485981308411215,-0.8678235555516719,-0.4978956402724226,-0.3297458211827036,-1.7848634300206283,-1.5099376801398539
META,learned_alpha_global,lstm,2,0.0,2024,"{""lr"": 0.001908163829709096, ""dropout"": 0.10108660190573142, ""u1"": 176, ""u2"": 62, ""batch_size"": 35}",0.4908256880733945,0.5270979020979022,108,0.5092592592592593,-0.9720104931953802,-0.561778605313086,-0.42353679880945005,-1.2176235602636751,0.42592592592592593,0.49373640713353634,107,0.40186915887850466,-1.478514340261369,-0.6673601200127128,-0.4056032169921995,-2.933165278000282,-1.645352137395763
META,learned_alpha_global,lstm,2,0.0,31415,"{""lr"": 0.001908163829709096, ""dropout"": 0.10108660190573142, ""u1"": 176, ""u2"": 62, ""batch_size"": 35}",0.518348623853211,0.49632867132867137,108,0.5185185185185185,0.006553102000625247,-0.10228221378587499,-0.19523061557302274,0.010424900209701389,0.46296296296296297,0.41357111787733797,107,0.4485981308411215,-1.2613565715934199,-0.6160497032586658,-0.37230819691819633,-1.9065792021886772,-1.6546767123529769
META,learned_alpha_global,lstm,5,0.0,42,"{""lr"": 0.001908163829709096, ""dropout"": 0.10108660190573142, ""u1"": 176, ""u2"": 62, ""batch_size"": 35}",0.627906976744186,0.48300310800310803,42,0.6190476190476191,1.8033843124455071,16.598793457998784,-0.11234208574413142,3.7931721146283217,0.5787037037037037,0.5231226505813446,43,0.5581395348837209,1.4110860414784834,6.802399076525335,-0.13917451796715943,1.8964154055020361,48.87675686529394
META,learned_alpha_global,lstm,5,0.0,7,"{""lr"": 0.001908163829709096, ""dropout"": 0.10108660190573142, ""u1"": 176, ""u2"": 62, ""batch_size"": 35}",0.6465116279069767,0.4253108003108004,42,0.6428571428571429,2.005410189971508,23.233911450134496,-0.1123420857441314,4.214526048538768,0.6203703703703703,0.5879884605297666,43,0.5116279069767442,1.0541006531536499,3.4832639283220637,-0.16205428907939778,1.979322374284899,21.49442602296971
META,learned_alpha_global,lstm,5,0.0,1337,"{""lr"": 0.001908163829709096, ""dropout"": 0.10108660190573142, ""u1"": 176, ""u2"": 62, ""batch_size"": 35}",0.40930232558139534,0.4417249417249417,42,0.38095238095238093,-0.8700554870073656,-0.8419943736214069,-0.3300639537615246,-1.3904103042636036,0.4583333333333333,0.5248710551621645,43,0.3953488372093023,-0.895026087969416,-0.8211207845399058,-0.3292020729715591,-1.6351981542845893,-2.494275862627527
META,learned_alpha_global,lstm,5,0.0,2024,"{""lr"": 0.001908163829709096, ""dropout"": 0.10108660190573142, ""u1"": 176, ""u2"": 62, ""batch_size"": 35}",0.6139534883720931,0.5818764568764568,42,0.5952380952380952,1.7462646502194081,14.955049108595993,-0.2360196797108416,2.5876984174072515,0.5509259259259259,0.5273188215753125,43,0.5581395348837209,0.6049933135581144,1.144438471297308,-0.21839681758628757,0.7662828667075985,5.240179247782059
META,learned_alpha_global,lstm,5,0.0,31415,"{""lr"": 0.001908163829709096, ""dropout"": 0.10108660190573142, ""u1"": 176, ""u2"": 62, ""batch_size"": 35}",0.3813953488372093,0.4707653457653458,42,0.30952380952380953,-2.380383077299298,-0.9873254711850911,-0.532407780636236,-3.2619089799622643,0.4675925925925926,0.41096249672174134,43,0.4186046511627907,-0.42985431286592934,-0.6145781309394998,-0.23492535147764879,-0.7266428239240954,-2.616057088236268
META,learned_alpha_global,lstm,10,0.0025,42,"{""lr"": 0.001908163829709096, ""dropout"": 0.10108660190573142, ""u1"": 176, ""u2"": 62, ""batch_size"": 35}",0.580952380952381,0.4412105751391466,20,0.6,1.8109922892289425,236.10624364871597,-0.15449415476912082,5.006087250172443,0.4027777777777778,0.31775946704067315,21,0.47619047619047616,-0.40501210373858354,-0.8232292194718605,-0.23985322561889708,-0.6957271310642983,-3.4322207564549907
META,learned_alpha_global,lstm,10,0.0025,7,"{""lr"": 0.001908163829709096, ""dropout"": 0.10108660190573142, ""u1"": 176, ""u2"": 62, ""batch_size"": 35}",0.6333333333333333,0.4416743970315399,20,0.65,2.0573519218476344,462.2968615805974,-0.12631172912070582,5.211819275806583,0.5185185185185185,0.528664095371669,21,0.6666666666666666,0.7832862512520143,6.691531500660034,-0.14479767895686202,1.2187639735766855,46.21297488237756
META,learned_alpha_global,lstm,10,0.0025,1337,"{""lr"": 0.001908163829709096, ""dropout"": 0.10108660190573142, ""u1"": 176, ""u2"": 62, ""batch_size"": 35}",0.26666666666666666,0.5526437847866419,20,0.35,-2.73076360132711,-0.9998653329162945,-0.5265734194873508,-3.311540525012255,0.39351851851851855,0.42785764375876584,21,0.3333333333333333,-1.08160973776191,-0.978316177234812,-0.34924183341496173,-1.9165243262436122,-2.8012571336847767
META,learned_alpha_global,lstm,10,0.0025,2024,"{""lr"": 0.001908163829709096, ""dropout"": 0.10108660190573142, ""u1"": 176, ""u2"": 62, ""batch_size"": 35}",0.5238095238095238,0.5710807050092764,20,0.6,-0.1877770103410319,-0.6963944208908001,-0.24185412550819824,-0.2462959035214129,0.37037037037037035,0.4150596072931277,21,0.2857142857142857,-2.4030342683239745,-0.9993493266129255,-0.5174238613286072,-3.623183264305281,-1.9313939717562727
META,learned_alpha_global,lstm,10,0.0025,31415,"{""lr"": 0.001908163829709096, ""dropout"": 0.10108660190573142, ""u1"": 176, ""u2"": 62, ""batch_size"": 35}",0.26666666666666666,0.5083487940630798,20,0.35,-2.73076360132711,-0.9998653329162945,-0.5265734194873508,-3.311540525012255,0.4305555555555556,0.3758765778401122,21,0.38095238095238093,-0.9306616674738168,-0.9658244497041591,-0.3240966496018959,-1.6457719122211063,-2.9800507067583992
NVDA,full_70_30,lstm,2,0.005,42,"{""lr"": 0.003918194347141745, ""dropout"": 0.17337391594646553, ""u1"": 214, ""u2"": 83, ""batch_size"": 37}",0.5642201834862385,0.5964986112280111,108,0.5370370370370371,0.05442295411516007,-0.18149755209104212,-0.49541283778713124,0.0605016036002989,0.46296296296296297,0.47301587301587295,107,0.42990654205607476,-0.9041673665655721,-0.7194458244928157,-0.4926740522836278,-1.6840402137537398,-1.4602876306516697
NVDA,full_70_30,lstm,2,0.005,7,"{""lr"": 0.003918194347141745, ""dropout"": 0.17337391594646553, ""u1"": 214, ""u2"": 83, ""batch_size"": 37}",0.5,0.5326571837387426,108,0.4537037037037037,-2.194529569703987,-0.9214649396677964,-0.6935803231631805,-2.337892975311059,0.5138888888888888,0.515958815958816,107,0.4485981308411215,-1.6538079523268987,-0.8768870176875873,-0.6108444834502504,-2.8926436631179873,-1.4355323514336107
NVDA,full_70_30,lstm,2,0.005,1337,"{""lr"": 0.003918194347141745, ""dropout"": 0.17337391594646553, ""u1"": 214, ""u2"": 83, ""batch_size"": 37}",0.5,0.4641023482871812,108,0.4537037037037037,-2.194529569703987,-0.9214649396677964,-0.6935803231631805,-2.337892975311059,0.5138888888888888,0.5273273273273273,107,0.4485981308411215,-1.6538079523268987,-0.8768870176875873,-0.6108444834502504,-2.8926436631179873,-1.4355323514336107
NVDA,full_70_30,lstm,2,0.005,2024,"{""lr"": 0.003918194347141745, ""dropout"": 0.17337391594646553, ""u1"": 214, ""u2"": 83, ""batch_size"": 37}",0.4954128440366973,0.4771483881828129,108,0.5185185185185185,1.7090127919656417,3.7261299552944083,-0.19566402616252015,4.3871914375660985,0.4861111111111111,0.5812097812097812,107,0.5233644859813084,1.197409459644155,1.887200269249338,-0.23681034958691186,1.9834267629632882,7.969247427493518
NVDA,full_70_30,lstm,2,0.005,31415,"{""lr"": 0.003918194347141745, ""dropout"": 0.17337391594646553, ""u1"": 214, ""u2"": 83, ""batch_size"": 37}",0.5779816513761468,0.5762982913896136,108,0.6018518518518519,1.8529384687057915,4.277834668647907,-0.3159280612633205,1.8561958754589265,0.5046296296296297,0.5099099099099099,107,0.5233644859813084,1.2672778781552216,2.116226690418814,-0.3231991580865506,2.091986685509341,6.547748153019948
NVDA,full_70_30,lstm,5,0.01,42,"{""lr"": 0.003918194347141745, ""dropout"": 0.17337391594646553, ""u1"": 214, ""u2"": 83, ""batch_size"": 37}",0.586046511627907,0.6173043478260869,42,0.6666666666666666,2.401027951819083,161.82881184646178,-0.16982906759782124,4.790681256511979,0.5,0.5634648370497428,43,0.6046511627906976,1.5003753216671116,42.457269594521414,-0.2700230284693318,2.5271119527400914,157.23573591184854
NVDA,full_70_30,lstm,5,0.01,7,"{""lr"": 0.003918194347141745, ""dropout"": 0.17337391594646553, ""u1"": 214, ""u2"": 83, ""batch_size"": 37}",0.627906976744186,0.6673043478260869,42,0.7619047619047619,2.9605218421352357,481.7739491021256,-0.18218156588340592,5.157179397966668,0.5416666666666666,0.6008576329331047,43,0.6046511627906976,1.3234308389886138,24.845531037948295,-0.30868933477587607,2.212470575761065,80.48717023536753
NVDA,full_70_30,lstm,5,0.01,1337,"{""lr"": 0.003918194347141745, ""dropout"": 0.17337391594646553, ""u1"": 214, ""u2"": 83, ""batch_size"": 37}",0.586046511627907,0.5554782608695652,42,0.6190476190476191,2.2938298677140407,130.1198644437218,-0.10415430520034111,5.7755045569170305,0.47685185185185186,0.5216123499142368,43,0.5116279069767442,0.43721844296595885,0.7128280059548429,-0.3440484668264235,0.7299428233168127,2.0718825243725707
NVDA,full_70_30,lstm,5,0.01,2024,"{""lr"": 0.003918194347141745, ""dropout"": 0.17337391594646553, ""u1"": 214, ""u2"": 83, ""batch_size"": 37}",0.5348837209302325,0.49582608695652175,42,0.6428571428571429,2.0417363753458835,75.87938858698524,-0.18809679462946974,4.323923034847047,0.5092592592592593,0.5344768439108063,43,0.5813953488372093,1.2513628005067703,19.780365639957935,-0.2700230284693318,2.031721145136615,73.25436557054435
NVDA,full_70_30,lstm,5,0.01,31415,"{""lr"": 0.003918194347141745, ""dropout"": 0.17337391594646553, ""u1"": 214, ""u2"": 83, ""batch_size"": 37}",0.5302325581395348,0.5721739130434782,42,0.6428571428571429,2.0417363753458835,75.87938858698524,-0.18809679462946974,4.323923034847047,0.5092592592592593,0.4452830188679245,43,0.5813953488372093,1.2513628005067703,19.780365639957935,-0.2700230284693318,2.031721145136615,73.25436557054435
NVDA,full_70_30,lstm,10,0.01,42,"{""lr"": 0.003918194347141745, ""dropout"": 0.17337391594646553, ""u1"": 214, ""u2"": 83, ""batch_size"": 37}",0.6047619047619047,0.5791941812613647,20,0.65,1.6413634476960208,2962.9853975682095,-0.14057067300154266,5.495519859567535,0.5648148148148148,0.46459713986745726,21,0.47619047619047616,0.2752004868663154,0.2979140991846254,-0.24984043424761904,0.39557127006873644,1.192417472703238
NVDA,full_70_30,lstm,10,0.01,7,"{""lr"": 0.003918194347141745, ""dropout"": 0.17337391594646553, ""u1"": 214, ""u2"": 83, ""batch_size"": 37}",0.719047619047619,0.6379557852426069,20,0.75,0.6939608525901605,10.039827767454199,-0.38331624047144547,0.5567660571566352,0.5046296296296297,0.49851761423090335,21,0.47619047619047616,1.4862441401059883,560.9135061335197,-0.18033082467944017,3.9057643956773926,3110.469367234422
NVDA,full_70_30,lstm,10,0.01,1337,"{""lr"": 0.003918194347141745, ""dropout"": 0.17337391594646553, ""u1"": 214, ""u2"": 83, ""batch_size"": 37}",0.6428571428571429,0.5623504641592496,20,0.65,1.6413634476960208,2962.9853975682095,-0.14057067300154266,5.495519859567535,0.5555555555555556,0.5415068015347053,21,0.5238095238095238,1.6954950467182581,1407.5710808523331,-0.18033082467944017,4.17522002625676,7805.493505364159
NVDA,full_70_30,lstm,10,0.01,2024,"{""lr"": 0.003918194347141745, ""dropout"": 0.17337391594646553, ""u1"": 214, ""u2"": 83, ""batch_size"": 37}",0.5666666666666667,0.5670399081251793,20,0.55,-0.32117333118476704,-0.974576999940318,-0.47868094533241384,-0.3240881412308524,0.5092592592592593,0.4662539239623299,21,0.8095238095238095,2.6685216308204835,58256.60504061886,-0.1351366374900534,4.731158575459136,431094.08464382414
NVDA,full_70_30,lstm,10,0.01,31415,"{""lr"": 0.003918194347141745, ""dropout"": 0.17337391594646553, ""u1"": 214, ""u2"": 83, ""batch_size"": 37}",0.6142857142857143,0.5957507895492391,20,0.7,1.8143384383679264,6861.60798022804,-0.13119440759893475,5.740333945012075,0.5648148148148148,0.5224973840251134,21,0.5238095238095238,1.4640765064844175,507.2674437681117,-0.18033082467944017,3.8156465672822106,2812.982443072841
NVDA,equal_50_50,lstm,2,0.005,42,"{""lr"": 0.008310786741217945, ""dropout"": 0.1, ""u1"": 122, ""u2"": 122, ""batch_size"": 43}",0.5642201834862385,0.6030637151754902,108,0.5185185185185185,1.7863465574634922,4.105440230019279,-0.14907804128014046,4.225220566196506,0.5046296296296297,0.5118404118404118,107,0.514018691588785,0.7856222035095515,0.8398265823724724,-0.28890239854844685,1.3896509072661265,2.906956074411544
NVDA,equal_50_50,lstm,2,0.005,7,"{""lr"": 0.008310786741217945, ""dropout"": 0.1, ""u1"": 122, ""u2"": 122, ""batch_size"": 43}",0.5,0.5196532278427741,108,0.4537037037037037,-2.194529569703987,-0.9214649396677964,-0.6935803231631805,-2.337892975311059,0.5138888888888888,0.5068211068211068,107,0.4485981308411215,-1.6538079523268987,-0.8768870176875873,-0.6108444834502504,-2.8926436631179873,-1.4355323514336107
NVDA,equal_50_50,lstm,2,0.005,1337,"{""lr"": 0.008310786741217945, ""dropout"": 0.1, ""u1"": 122, ""u2"": 122, ""batch_size"": 43}",0.5688073394495413,0.6493561148051511,108,0.5740740740740741,1.652360215691697,3.4557065055405873,-0.2065458495929471,3.3798574735863096,0.5555555555555556,0.5281853281853283,107,0.5794392523364486,1.775259242930021,4.384297586845508,-0.27094066022027563,3.1515689054562483,16.181763133230206
NVDA,equal_50_50,lstm,2,0.005,2024,"{""lr"": 0.008310786741217945, ""dropout"": 0.1, ""u1"": 122, ""u2"": 122, ""batch_size"": 43}",0.5412844036697247,0.5826108913391128,108,0.5648148148148148,2.1886443211567745,6.615695260959323,-0.11515325788686244,5.264450901017499,0.5046296296296297,0.6186186186186187,107,0.5233644859813084,1.2922897121330124,2.2058778794134986,-0.2318827194452328,2.3473910893035828,9.512903267181553
NVDA,equal_50_50,lstm,2,0.005,31415,"{""lr"": 0.008310786741217945, ""dropout"": 0.1, ""u1"": 122, ""u2"": 122, ""batch_size"": 43}",0.555045871559633,0.6017170271862639,108,0.5277777777777778,0.31800631010024455,0.11347194033242136,-0.3099632558656592,0.554298040775122,0.5277777777777778,0.5903903903903904,107,0.5514018691588785,1.20413902052201,1.9159674931121624,-0.2642068256432413,2.348066764769146,7.251771366797672
NVDA,equal_50_50,lstm,5,0.01,42,"{""lr"": 0.008310786741217945, ""dropout"": 0.1, ""u1"": 122, ""u2"": 122, ""batch_size"": 43}",0.5627906976744186,0.624,42,0.6428571428571429,1.849646605241537,49.448042097577705,-0.16982906759782138,3.266970666902172,0.5601851851851852,0.5833619210977701,43,0.6511627906976745,2.634165807937302,948.5349132409985,-0.16435186083195574,4.935765225098769,5771.3670440935475
NVDA,equal_50_50,lstm,5,0.01,7,"{""lr"": 0.008310786741217945, ""dropout"": 0.1, ""u1"": 122, ""u2"": 122, ""batch_size"": 43}",0.5813953488372093,0.6001739130434782,42,0.6904761904761905,1.7087713734819585,35.841805946135,-0.23078174999751175,2.865295614205896,0.6064814814814815,0.6009433962264151,43,0.6511627906976745,3.0468028899122706,2582.6569877969728,-0.12645414102469052,6.206196613223146,20423.66479159193
NVDA,equal_50_50,lstm,5,0.01,1337,"{""lr"": 0.008310786741217945, ""dropout"": 0.1, ""u1"": 122, ""u2"": 122, ""batch_size"": 43}",0.5767441860465117,0.5473913043478261,42,0.7857142857142857,3.386171991899809,1029.4991418975774,-0.14294476441090584,5.371473891526178,0.5185185185185185,0.4676672384219554,43,0.5581395348837209,1.2033104506662429,17.127901876409897,-0.3482750739473193,2.098213437461949,49.17923548844237
NVDA,equal_50_50,lstm,5,0.01,2024,"{""lr"": 0.008310786741217945, ""dropout"": 0.1, ""u1"": 122, ""u2"": 122, ""batch_size"": 43}",0.5488372093023256,0.5028695652173913,42,0.6904761904761905,1.9158878234178844,57.313738252205674,-0.15058121474140262,3.3742969528181543,0.4675925925925926,0.4560034305317324,43,0.5581395348837209,0.8088766248627268,4.47398373286056,-0.33792782809164823,1.4427186101652263,13.239465237669584
NVDA,equal_50_50,lstm,5,0.01,31415,"{""lr"": 0.008310786741217945, ""dropout"": 0.1, ""u1"": 122, ""u2"": 122, ""batch_size"": 43}",0.5302325581395348,0.5209565217391304,42,0.5952380952380952,1.5749967683950112,26.454912759109902,-0.16982906759782132,3.731358303160978,0.5416666666666666,0.6229845626072041,43,0.7209302325581395,2.05699587210127,205.40423529266982,-0.2700230284693319,2.860380996545568,760.6915471507601
NVDA,equal_50_50,lstm,10,0.01,42,"{""lr"": 0.008310786741217945, ""dropout"": 0.1, ""u1"": 122, ""u2"": 122, ""batch_size"": 43}",0.5761904761904761,0.42396401569528186,20,0.65,1.5655236581681233,2028.0691217616095,-0.13119440759893475,5.433226000175891,0.5555555555555556,0.4753226369026857,21,0.5238095238095238,1.4482310106478342,472.156783498901,-0.18033082467944017,3.782835824975105,2618.2810639180334
NVDA,equal_50_50,lstm,10,0.01,7,"{""lr"": 0.008310786741217945, ""dropout"": 0.1, ""u1"": 122, ""u2"": 122, ""batch_size"": 43}",0.6666666666666666,0.6590104316202509,20,0.65,1.6569962460265522,3201.8499268815985,-0.14057067300154277,5.569921612535158,0.49074074074074076,0.43791419602371817,21,0.47619047619047616,0.6170898164653253,7.137952790601876,-0.18033082467944006,1.1340298602563779,39.58254393440752
NVDA,equal_50_50,lstm,10,0.01,1337,"{""lr"": 0.008310786741217945, ""dropout"": 0.1, ""u1"": 122, ""u2"": 122, ""batch_size"": 43}",0.5714285714285714,0.5138290745525889,20,0.65,1.6583163816554056,3220.842536007549,-0.13119440759893483,5.340604754474306,0.5416666666666666,0.5649633763515869,21,0.47619047619047616,1.0343244600533972,66.67581162127405,-0.20796993253342455,2.7275124015978784,320.60313146737224
NVDA,equal_50_50,lstm,10,0.01,2024,"{""lr"": 0.008310786741217945, ""dropout"": 0.1, ""u1"": 122, ""u2"": 122, ""batch_size"": 43}",0.638095238095238,0.692793568762561,20,0.65,1.6413634476960208,2962.9853975682095,-0.14057067300154266,5.495519859567535,0.5648148148148148,0.3515870247645623,21,0.5714285714285714,1.7464711190051518,1750.1496342470145,-0.18033082467944017,4.243236023038915,9705.21616234006
NVDA,equal_50_50,lstm,10,0.01,31415,"{""lr"": 0.008310786741217945, ""dropout"": 0.1, ""u1"": 122, ""u2"": 122, ""batch_size"": 43}",0.6285714285714286,0.6424538233323763,20,0.65,1.6413634476960208,2962.9853975682095,-0.14057067300154266,5.495519859567535,0.5555555555555556,0.30188350191838154,21,0.5238095238095238,1.4640765064844175,507.2674437681117,-0.18033082467944017,3.8156465672822106,2812.982443072841
NVDA,news_only,lstm,2,0.005,42,"{""lr"": 0.003770588284304679, ""dropout"": 0.12600683715909405, ""u1"": 145, ""u2"": 80, ""batch_size"": 30}",0.591743119266055,0.6469152428246782,108,0.5925925925925926,1.8961419307392446,4.692047442950929,-0.16327607636439678,3.813219425409942,0.5694444444444444,0.5977691977691978,107,0.5981308411214953,1.196902858533966,1.882147963999801,-0.2873964025228187,1.8325955646094998,6.548961460470482
NVDA,news_only,lstm,2,0.005,7,"{""lr"": 0.003770588284304679, ""dropout"": 0.12600683715909405, ""u1"": 145, ""u2"": 80, ""batch_size"": 30}",0.4954128440366973,0.5502062115983503,108,0.4537037037037037,-2.178317111183992,-0.920186056754845,-0.6942089267903163,-2.312037049908937,0.5138888888888888,0.5395538395538396,107,0.4392523364485981,-1.7774234204379091,-0.8922605107901707,-0.6322722710628462,-3.124957863947881,-1.411196649965822
NVDA,news_only,lstm,2,0.005,1337,"{""lr"": 0.003770588284304679, ""dropout"": 0.12600683715909405, ""u1"": 145, ""u2"": 80, ""batch_size"": 30}",0.5137614678899083,0.6088713071290296,108,0.48148148148148145,-1.8130430722337312,-0.8845610212970718,-0.6651304155866271,-1.8990458588974601,0.5277777777777778,0.5486057486057486,107,0.4485981308411215,-1.7573658422680374,-0.8899190434765448,-0.6199069958285987,-3.086144584942514,-1.4355686408846453
NVDA,news_only,lstm,2,0.005,2024,"{""lr"": 0.003770588284304679, ""dropout"": 0.12600683715909405, ""u1"": 145, ""u2"": 80, ""batch_size"": 30}",0.5504587155963303,0.5481020116151839,108,0.5370370370370371,1.1368015930419062,1.6246749398210345,-0.19502789148955402,2.1006351148902356,0.4722222222222222,0.5258687258687259,107,0.48598130841121495,0.006866496013495451,-0.227470943755544,-0.4259054271186769,0.011127900186754136,-0.5340879201620506
NVDA,news_only,lstm,2,0.005,31415,"{""lr"": 0.003770588284304679, ""dropout"": 0.12600683715909405, ""u1"": 145, ""u2"": 80, ""batch_size"": 30}",0.6559633027522935,0.6780574025755407,108,0.6203703703703703,3.0727841928076423,16.676684398876024,-0.14754184665084763,7.54811729113302,0.5601851851851852,0.5757185757185757,107,0.5420560747663551,1.1925338540343589,1.879019303077499,-0.3599300148284993,2.293737633722763,5.2205129488098425
NVDA,news_only,lstm,5,0.01,42,"{""lr"": 0.003770588284304679, ""dropout"": 0.12600683715909405, ""u1"": 145, ""u2"": 80, ""batch_size"": 30}",0.6232558139534884,0.6306956521739131,42,0.6428571428571429,1.0230376999280486,6.130976723404192,-0.3278473679147549,1.0940953636029518,0.4305555555555556,0.425557461406518,43,0.4883720930232558,0.7843942740769797,4.071477907350659,-0.25939764306528823,1.3603667180099281,15.695893992089598
NVDA,news_only,lstm,5,0.01,7,"{""lr"": 0.003770588284304679, ""dropout"": 0.12600683715909405, ""u1"": 145, ""u2"": 80, ""batch_size"": 30}",0.5906976744186047,0.6174782608695653,42,0.6190476190476191,1.7539780145380515,39.938259838983484,-0.14840500509839563,3.5423150389070126,0.48148148148148145,0.5550600343053174,43,0.5348837209302325,-0.4439450879082482,-0.8962115677392984,-0.4611746342454321,-0.6234764038776995,-1.9433236374885798
NVDA,news_only,lstm,5,0.01,1337,"{""lr"": 0.003770588284304679, ""dropout"": 0.12600683715909405, ""u1"": 145, ""u2"": 80, ""batch_size"": 30}",0.6604651162790698,0.709391304347826,42,0.6904761904761905,1.6993856477011127,33.25370077427695,-0.25184916508468735,1.6356453739982553,0.4166666666666667,0.4596483704974271,43,0.4418604651162791,-0.39464578002069134,-0.8752314440179614,-0.4632173495444252,-0.6766783849909854,-1.8894617070771473
NVDA,news_only,lstm,5,0.01,2024,"{""lr"": 0.003770588284304679, ""dropout"": 0.12600683715909405, ""u1"": 145, ""u2"": 80, ""batch_size"": 30}",0.5581395348837209,0.6290434782608696,42,0.6428571428571429,0.9467516104330292,4.9303335858796995,-0.3220995436055554,0.9985928964120248,0.5555555555555556,0.5644082332761579,43,0.4186046511627907,-0.10841975407470375,-0.6978595755079213,-0.36620688802964024,-0.16353734751377172,-1.9056429529841001
NVDA,news_only,lstm,5,0.01,31415,"{""lr"": 0.003770588284304679, ""dropout"": 0.12600683715909405, ""u1"": 145, ""u2"": 80, ""batch_size"": 30}",0.4790697674418605,0.5532173913043478,42,0.3333333333333333,-2.3642906637468006,-0.9978122605190346,-0.6499698350569559,-2.9520717957446774,0.5046296296296297,0.5937392795883362,43,0.3953488372093023,-1.33840614994474,-0.9933803038856793,-0.598355130803984,-1.8812628364425086,-1.660185152170279
NVDA,news_only,lstm,10,0.01,42,"{""lr"": 0.003770588284304679, ""dropout"": 0.12600683715909405, ""u1"": 145, ""u2"": 80, ""batch_size"": 30}",0.6428571428571429,0.5432098765432098,20,0.6,1.4014675994167531,875.3623486705609,-0.1405706730015426,5.096330460939435,0.5324074074074074,0.5520579002441577,21,0.42857142857142855,0.5978199399818932,6.454556777417304,-0.31652450232965423,1.1830660012152983,20.391965645348385
NVDA,news_only,lstm,10,0.01,7,"{""lr"": 0.003770588284304679, ""dropout"": 0.12600683715909405, ""u1"": 145, ""u2"": 80, ""batch_size"": 30}",0.5190476190476191,0.4705713465403388,20,0.45,0.6724268799012716,14.450593203840675,-0.1703999570298641,2.4511678127962058,0.4212962962962963,0.45116846878269967,21,0.5238095238095238,0.24404373820435848,0.14318584431400883,-0.16615688591308903,0.36827943278059405,0.8617508899926328
NVDA,news_only,lstm,10,0.01,1337,"{""lr"": 0.003770588284304679, ""dropout"": 0.12600683715909405, ""u1"": 145, ""u2"": 80, ""batch_size"": 30}",0.4857142857142857,0.4268351038376878,20,0.4,-0.3548478881353842,-0.9674139954931824,-0.416730355975991,-1.0349940558929438,0.46296296296296297,0.4598011859086153,21,0.5238095238095238,1.0596879816504492,74.3736947095652,-0.18033082467944017,2.1939115565497396,412.4291830959761
NVDA,news_only,lstm,10,0.01,2024,"{""lr"": 0.003770588284304679, ""dropout"": 0.12600683715909405, ""u1"": 145, ""u2"": 80, ""batch_size"": 30}",0.6,0.6094363096947077,20,0.55,1.6334740892174944,2880.3559927798697,-0.15300597000251678,10.86091333121811,0.5277777777777778,0.4400941750959191,21,0.5714285714285714,1.001320956532072,54.32711871186825,-0.18033082467944006,1.6575304111224072,301.26362926827017
NVDA,news_only,lstm,10,0.01,31415,"{""lr"": 0.003770588284304679, ""dropout"": 0.12600683715909405, ""u1"": 145, ""u2"": 80, ""batch_size"": 30}",0.680952380952381,0.6772896927935688,20,0.7,2.072024646745106,22745.59783575577,-0.1368122530997235,13.555442455209803,0.4351851851851852,0.3794907568887338,21,0.47619047619047616,0.26383771054226374,0.22348958401184205,-0.24984043424761904,0.38075059501795533,0.8945292809983654
NVDA,social_only,lstm,2,0.005,42,"{""lr"": 0.006399250956659831, ""dropout"": 0.3135792810484702, ""u1"": 116, ""u2"": 41, ""batch_size"": 38}",0.5229357798165137,0.5981819712145442,108,0.5462962962962963,1.8794621820187971,4.603936298808252,-0.21269925489764255,4.237564967592709,0.4675925925925926,0.47696267696267697,107,0.48598130841121495,0.4759359600030176,0.3042869222550435,-0.2863140101193034,0.7985553962116856,1.0627734288247055
NVDA,social_only,lstm,2,0.005,7,"{""lr"": 0.006399250956659831, ""dropout"": 0.3135792810484702, ""u1"": 116, ""u2"": 41, ""batch_size"": 38}",0.6100917431192661,0.6251157309990741,108,0.5648148148148148,0.7107903394967724,0.632719661779912,-0.4652758583252741,0.743725127021364,0.5601851851851852,0.5928785928785929,107,0.514018691588785,-0.08215616079163333,-0.3004411614575324,-0.40221426510758745,-0.13298358621112563,-0.7469679410230963
NVDA,social_only,lstm,2,0.005,1337,"{""lr"": 0.006399250956659831, ""dropout"": 0.3135792810484702, ""u1"": 116, ""u2"": 41, ""batch_size"": 38}",0.5,0.47302415621580673,108,0.4537037037037037,-2.194529569703987,-0.9214649396677964,-0.6935803231631805,-2.337892975311059,0.5138888888888888,0.5141570141570141,107,0.4485981308411215,-1.6538079523268987,-0.8768870176875873,-0.6108444834502504,-2.8926436631179873,-1.4355323514336107
NVDA,social_only,lstm,2,0.005,2024,"{""lr"": 0.006399250956659831, ""dropout"": 0.3135792810484702, ""u1"": 116, ""u2"": 41, ""batch_size"": 38}",0.5688073394495413,0.5553404595572764,108,0.5277777777777778,-1.1671771721125106,-0.7751317401208784,-0.6694166676632523,-1.1913740518216067,0.4537037037037037,0.43071643071643073,107,0.48598130841121495,-0.5703850621734681,-0.5938888966378845,-0.5453924665706333,-1.0070662973795537,-1.0889202419171486
NVDA,social_only,lstm,2,0.005,31415,"{""lr"": 0.006399250956659831, ""dropout"": 0.3135792810484702, ""u1"": 116, ""u2"": 41, ""batch_size"": 38}",0.5642201834862385,0.6028953791768369,108,0.5925925925925926,1.2169447789049161,1.849928756402976,-0.2847528277532704,2.1659178510045902,0.5555555555555556,0.5410553410553411,107,0.5514018691588785,0.78866450306947,0.8471585612255244,-0.21936675612849246,1.4605864221052658,3.86183657075782
NVDA,social_only,lstm,5,0.01,42,"{""lr"": 0.006399250956659831, ""dropout"": 0.3135792810484702, ""u1"": 116, ""u2"": 41, ""batch_size"": 38}",0.5767441860465117,0.5966086956521739,42,0.5238095238095238,-0.3837476774081009,-0.7795420295390313,-0.3985231494012633,-0.4405482736121547,0.5648148148148148,0.5486706689536878,43,0.5581395348837209,-0.040646729778044635,-0.6316313925474122,-0.36399377382133086,-0.054765090561664294,-1.7352807602073252
NVDA,social_only,lstm,5,0.01,7,"{""lr"": 0.006399250956659831, ""dropout"": 0.3135792810484702, ""u1"": 116, ""u2"": 41, ""batch_size"": 38}",0.5953488372093023,0.6279130434782609,42,0.6666666666666666,2.70412811610915,297.4436750255392,-0.1585055547568519,6.794492809222743,0.49537037037037035,0.5245283018867924,43,0.4418604651162791,-0.061747620158846994,-0.6432862018963792,-0.31169065346396807,-0.10506494359756972,-2.06386105822305
NVDA,social_only,lstm,5,0.01,1337,"{""lr"": 0.006399250956659831, ""dropout"": 0.3135792810484702, ""u1"": 116, ""u2"": 41, ""batch_size"": 38}",0.5395348837209303,0.5689565217391305,42,0.6666666666666666,2.283099326181028,126.82402079526089,-0.16982906759782132,4.620693116908723,0.5185185185185185,0.5897084048027444,43,0.5813953488372093,1.2513628005067703,19.780365639957935,-0.2700230284693318,2.031721145136615,73.25436557054435
NVDA,social_only,lstm,5,0.01,2024,"{""lr"": 0.006399250956659831, ""dropout"": 0.3135792810484702, ""u1"": 116, ""u2"": 41, ""batch_size"": 38}",0.5348837209302325,0.5337391304347826,42,0.6428571428571429,2.0417363753458835,75.87938858698524,-0.18809679462946974,4.323923034847047,0.5092592592592593,0.5737564322469983,43,0.5813953488372093,1.2513628005067703,19.780365639957935,-0.2700230284693318,2.031721145136615,73.25436557054435
NVDA,social_only,lstm,5,0.01,31415,"{""lr"": 0.006399250956659831, ""dropout"": 0.3135792810484702, ""u1"": 116, ""u2"": 41, ""batch_size"": 38}",0.5348837209302325,0.6348695652173914,42,0.5238095238095238,0.6712098797841853,2.228179604035209,-0.20977090618647734,1.636861655046844,0.5185185185185185,0.44339622641509435,43,0.46511627906976744,-0.2790268339212821,-0.8241907066080574,-0.4703546593790197,-0.41263872130880963,-1.752274991165572
NVDA,social_only,lstm,10,0.01,42,"{""lr"": 0.006399250956659831, ""dropout"": 0.3135792810484702, ""u1"": 116, ""u2"": 41, ""batch_size"": 38}",0.4714285714285714,0.5426356589147286,20,0.45,0.25672402006211514,0.29964055087920305,-0.341073663959923,0.7402015514689081,0.44907407407407407,0.4750610394140216,21,0.5238095238095238,-1.34671297610076,-0.9996858224726359,-0.5222420293216904,-1.7305655404224294,-1.9142193970314287
NVDA,social_only,lstm,10,0.01,7,"{""lr"": 0.006399250956659831, ""dropout"": 0.3135792810484702, ""u1"": 116, ""u2"": 41, ""batch_size"": 38}",0.6142857142857143,0.49502344721982966,20,0.7,1.8143384383679264,6861.60798022804,-0.13119440759893475,5.740333945012075,0.5648148148148148,0.5776072549703523,21,0.5238095238095238,1.4640765064844175,507.2674437681117,-0.18033082467944017,3.8156465672822106,2812.982443072841
NVDA,social_only,lstm,10,0.01,1337,"{""lr"": 0.006399250956659831, ""dropout"": 0.3135792810484702, ""u1"": 116, ""u2"": 41, ""batch_size"": 38}",0.5952380952380952,0.6174753564934444,20,0.7,1.8143384383679264,6861.60798022804,-0.13119440759893475,5.740333945012075,0.5648148148148148,0.35254621555633064,21,0.5238095238095238,1.4640765064844175,507.2674437681117,-0.18033082467944017,3.8156465672822106,2812.982443072841
NVDA,social_only,lstm,10,0.01,2024,"{""lr"": 0.006399250956659831, ""dropout"": 0.3135792810484702, ""u1"": 116, ""u2"": 41, ""batch_size"": 38}",0.6238095238095238,0.6200593358216098,20,0.6,1.48845582210046,1372.6634648951663,-0.14057067300154283,5.314075482688485,0.47685185185185186,0.4216951517265434,21,0.6190476190476191,1.9678742721232616,4381.2474190911125,-0.18033082467944017,4.437032277257237,24295.6101757939
NVDA,social_only,lstm,10,0.01,31415,"{""lr"": 0.006399250956659831, ""dropout"": 0.3135792810484702, ""u1"": 116, ""u2"": 41, ""batch_size"": 38}",0.5619047619047619,0.6334577471528378,20,0.65,2.089070323125285,24571.17151146031,-0.14302120912063912,13.140858370198028,0.48148148148148145,0.4267527031740495,21,0.42857142857142855,-0.5850585590264703,-0.9845705076301408,-0.4081448552623287,-1.197145016908209,-2.4123065498334495
NVDA,sentiment_only,lstm,2,0.005,42,"{""lr"": 0.0001517868002813642, ""dropout"": 0.3885836627657623, ""u1"": 168, ""u2"": 88, ""batch_size"": 57}",0.5412844036697247,0.5301742277586061,108,0.5,-1.5727227889000193,-0.8523856631483206,-0.6362669708412446,-1.6106027195083992,0.4722222222222222,0.47790647790647794,107,0.4485981308411215,-1.915021958799089,-0.9071931459530251,-0.6592345129837034,-3.1826449498684384,-1.37613114617901
NVDA,sentiment_only,lstm,2,0.005,7,"{""lr"": 0.0001517868002813642, ""dropout"": 0.3885836627657623, ""u1"": 168, ""u2"": 88, ""batch_size"": 57}",0.5,0.49608618803131044,108,0.5185185185185185,1.7090127919656417,3.7261299552944083,-0.19566402616252015,4.3871914375660985,0.4861111111111111,0.43955383955383953,107,0.5233644859813084,1.197409459644155,1.887200269249338,-0.23681034958691186,1.9834267629632882,7.969247427493518
NVDA,sentiment_only,lstm,2,0.005,1337,"{""lr"": 0.0001517868002813642, ""dropout"": 0.3885836627657623, ""u1"": 168, ""u2"": 88, ""batch_size"": 57}",0.518348623853211,0.5571079875431362,108,0.4537037037037037,-1.8869160270924399,-0.8929020641691185,-0.6491398414535768,-2.00745190065493,0.5185185185185185,0.4900900900900901,107,0.4672897196261682,-1.3145596796940278,-0.821795602571108,-0.5446758921336232,-2.321328451931991,-1.5087791004517235
NVDA,sentiment_only,lstm,2,0.005,2024,"{""lr"": 0.0001517868002813642, ""dropout"": 0.3885836627657623, ""u1"": 168, ""u2"": 88, ""batch_size"": 57}",0.5137614678899083,0.5543304435653564,108,0.46296296296296297,-1.775175944226466,-0.8800001964439174,-0.6365293526053545,-1.8770956340854101,0.5231481481481481,0.5299013299013299,107,0.4672897196261682,-1.3087747947547368,-0.8206625493626936,-0.5434488958052581,-2.309588789497584,-1.5101006841621654
NVDA,sentiment_only,lstm,2,0.005,31415,"{""lr"": 0.0001517868002813642, ""dropout"": 0.3885836627657623, ""u1"": 168, ""u2"": 88, ""batch_size"": 57}",0.5,0.5113205959094352,108,0.4537037037037037,-2.194529569703987,-0.9214649396677964,-0.6935803231631805,-2.337892975311059,0.5138888888888888,0.5102531102531103,107,0.4485981308411215,-1.6538079523268987,-0.8768870176875873,-0.6108444834502504,-2.8926436631179873,-1.4355323514336107
NVDA,sentiment_only,lstm,5,0.01,42,"{""lr"": 0.0001517868002813642, ""dropout"": 0.3885836627657623, ""u1"": 168, ""u2"": 88, ""batch_size"": 57}",0.5348837209302325,0.4911304347826087,42,0.6428571428571429,2.0417363753458835,75.87938858698524,-0.18809679462946974,4.323923034847047,0.5092592592592593,0.5229845626072042,43,0.5813953488372093,1.2513628005067703,19.780365639957935,-0.2700230284693318,2.031721145136615,73.25436557054435
NVDA,sentiment_only,lstm,5,0.01,7,"{""lr"": 0.0001517868002813642, ""dropout"": 0.3885836627657623, ""u1"": 168, ""u2"": 88, ""batch_size"": 57}",0.5348837209302325,0.5449999999999999,42,0.6428571428571429,2.0417363753458835,75.87938858698524,-0.18809679462946974,4.323923034847047,0.5092592592592593,0.49575471698113205,43,0.5813953488372093,1.2513628005067703,19.780365639957935,-0.2700230284693318,2.031721145136615,73.25436557054435
NVDA,sentiment_only,lstm,5,0.01,1337,"{""lr"": 0.0001517868002813642, ""dropout"": 0.3885836627657623, ""u1"": 168, ""u2"": 88, ""batch_size"": 57}",0.46511627906976744,0.45999999999999996,42,0.35714285714285715,-2.2550721326433525,-0.9972462525143331,-0.6170375028956272,-2.815476941565841,0.49074074074074076,0.5999142367066894,43,0.3953488372093023,-1.4149783011854402,-0.9947249017891329,-0.6136184859662641,-2.005045498706342,-1.6210804018114628
NVDA,sentiment_only,lstm,5,0.01,2024,"{""lr"": 0.0001517868002813642, ""dropout"": 0.3885836627657623, ""u1"": 168, ""u2"": 88, ""batch_size"": 57}",0.4883720930232558,0.5480869565217391,42,0.5,-0.20278639396361553,-0.6332283930279701,-0.28128750682461323,-0.41768405200887526,0.5092592592592593,0.5308747855917667,43,0.46511627906976744,-1.2815976407641883,-0.9921995101002609,-0.6715132973769988,-1.7610393532634163,-1.4775575018036067
NVDA,sentiment_only,lstm,5,0.01,31415,"{""lr"": 0.0001517868002813642, ""dropout"": 0.3885836627657623, ""u1"": 168, ""u2"": 88, ""batch_size"": 57}",0.48372093023255813,0.42417391304347823,42,0.38095238095238093,-1.8974470647957138,-0.9940064223349636,-0.5640367144345483,-2.363363963955496,0.49074074074074076,0.5301029159519726,43,0.3953488372093023,-1.4149783011854402,-0.9947249017891329,-0.6136184859662641,-2.005045498706342,-1.6210804018114628
NVDA,sentiment_only,lstm,10,0.01,42,"{""lr"": 0.0001517868002813642, ""dropout"": 0.3885836627657623, ""u1"": 168, ""u2"": 88, ""batch_size"": 57}",0.6047619047619047,0.42166714518135706,20,0.65,1.6222666922506377,2694.9250990664086,-0.13119440759893483,5.496046871826576,0.5648148148148148,0.5411580048831531,21,0.5238095238095238,1.4640765064844175,507.2674437681117,-0.18033082467944017,3.8156465672822106,2812.982443072841
NVDA,sentiment_only,lstm,10,0.01,7,"{""lr"": 0.0001517868002813642, ""dropout"": 0.3885836627657623, ""u1"": 168, ""u2"": 88, ""batch_size"": 57}",0.6142857142857143,0.3764953584075031,20,0.7,1.8143384383679264,6861.60798022804,-0.13119440759893475,5.740333945012075,0.5648148148148148,0.5513167073596094,21,0.5238095238095238,1.4640765064844175,507.2674437681117,-0.18033082467944017,3.8156465672822106,2812.982443072841
NVDA,sentiment_only,lstm,10,0.01,1337,"{""lr"": 0.0001517868002813642, ""dropout"": 0.3885836627657623, ""u1"": 168, ""u2"": 88, ""batch_size"": 57}",0.34285714285714286,0.3684084601397263,20,0.25,-1.7055734110459708,-0.9999885992601936,-0.5843081181510377,-1.9723308943223345,0.5601851851851852,0.5942186955005232,21,0.7142857142857143,0.11767358946876375,-0.45692124460830685,-0.39223527461284047,0.15133405559803248,-1.1649162484412328
NVDA,sentiment_only,lstm,10,0.01,2024,"{""lr"": 0.0001517868002813642, ""dropout"": 0.3885836627657623, ""u1"": 168, ""u2"": 88, ""batch_size"": 57}",0.6,0.3868312757201646,20,0.65,1.5085355271190595,1505.8028055388236,-0.2094931261808694,4.102119998651902,0.5972222222222222,0.5716777118939658,21,0.42857142857142855,0.27417001046814676,0.4173439706134179,-0.3373329110319445,0.6764208660231997,1.2371872324485307
NVDA,sentiment_only,lstm,10,0.01,31415,"{""lr"": 0.0001517868002813642, ""dropout"": 0.3885836627657623, ""u1"": 168, ""u2"": 88, ""batch_size"": 57}",0.3523809523809524,0.3722844291319744,20,0.2,-2.2917969644154264,-0.999999245264483,-0.6648886459129457,-2.59763194768852,0.4351851851851852,0.553191489361702,21,0.42857142857142855,-1.9188719930804747,-0.9999748765472566,-0.6129355440704446,-2.492015712963421,-1.6314519303392359
NVDA,technical_only,lstm,2,0.005,42,"{""lr"": 0.003918194347141745, ""dropout"": 0.17337391594646553, ""u1"": 214, ""u2"": 83, ""batch_size"": 37}",0.573394495412844,0.6291557949667537,108,0.5925925925925926,2.244023926474159,7.032649706718269,-0.13665139556816278,4.672678716330054,0.47685185185185186,0.5035607035607035,107,0.4953271028037383,-0.5699663827241872,-0.5945820815028475,-0.4426362373449821,-0.9066540205121223,-1.3432747509992993
NVDA,technical_only,lstm,2,0.005,7,"{""lr"": 0.003918194347141745, ""dropout"": 0.17337391594646553, ""u1"": 214, ""u2"": 83, ""batch_size"": 37}",0.5963302752293578,0.6178772830569818,108,0.6018518518518519,2.6077960696676707,10.422576883343282,-0.17664468319882254,5.857078151825688,0.5462962962962963,0.5575718575718577,107,0.5887850467289719,1.8965304148738729,5.120959880971029,-0.27094066022027563,3.3272402504307435,18.9006695296589
NVDA,technical_only,lstm,2,0.005,1337,"{""lr"": 0.003918194347141745, ""dropout"": 0.17337391594646553, ""u1"": 214, ""u2"": 83, ""batch_size"": 37}",0.5,0.5488174396094605,108,0.5185185185185185,1.7090127919656417,3.7261299552944083,-0.19566402616252015,4.3871914375660985,0.4861111111111111,0.5567138567138569,107,0.5233644859813084,1.197409459644155,1.887200269249338,-0.23681034958691186,1.9834267629632882,7.969247427493518
NVDA,technical_only,lstm,2,0.005,2024,"{""lr"": 0.003918194347141745, ""dropout"": 0.17337391594646553, ""u1"": 214, ""u2"": 83, ""batch_size"": 37}",0.5,0.5162023398703813,108,0.4537037037037037,-2.194529569703987,-0.9214649396677964,-0.6935803231631805,-2.337892975311059,0.5138888888888888,0.49965679965679966,107,0.4485981308411215,-1.6538079523268987,-0.8768870176875873,-0.6108444834502504,-2.8926436631179873,-1.4355323514336107
NVDA,technical_only,lstm,2,0.005,31415,"{""lr"": 0.003918194347141745, ""dropout"": 0.17337391594646553, ""u1"": 214, ""u2"": 83, ""batch_size"": 37}",0.5825688073394495,0.5946469152428248,108,0.5925925925925926,1.569912720998585,2.968878809875957,-0.356574185276872,1.6129935882227038,0.5092592592592593,0.5676533676533677,107,0.514018691588785,0.4002985103011744,0.19945950459975959,-0.25902696871895975,0.6808287958392587,0.770033736588139
NVDA,technical_only,lstm,5,0.01,42,"{""lr"": 0.003918194347141745, ""dropout"": 0.17337391594646553, ""u1"": 214, ""u2"": 83, ""batch_size"": 37}",0.6046511627906976,0.6241739130434782,42,0.7380952380952381,3.784742852851597,1997.7598137478644,-0.07647161870011511,13.137229157423743,0.5324074074074074,0.5367924528301887,43,0.5581395348837209,1.0145834465452883,9.1706377714307,-0.3085429581681904,1.6029948591487553,29.72240178766834
NVDA,technical_only,lstm,5,0.01,7,"{""lr"": 0.003918194347141745, ""dropout"": 0.17337391594646553, ""u1"": 214, ""u2"": 83, ""batch_size"": 37}",0.5534883720930233,0.6630434782608696,42,0.47619047619047616,-0.8639156852849322,-0.9325129091328102,-0.5718561243083533,-1.0268404457719842,0.49537037037037035,0.5320754716981132,43,0.4418604651162791,-0.8581786133268314,-0.9715599636636172,-0.4849257454763426,-1.1870710291779272,-2.0035231635500272
NVDA,technical_only,lstm,5,0.01,1337,"{""lr"": 0.003918194347141745, ""dropout"": 0.17337391594646553, ""u1"": 214, ""u2"": 83, ""batch_size"": 37}",0.6186046511627907,0.6461739130434783,42,0.5714285714285714,0.24968594459917,0.07011239918540157,-0.3383589029217034,0.2749037172279908,0.47685185185185186,0.46089193825042885,43,0.5581395348837209,1.0730715684150596,11.306648087459575,-0.41012712705230703,2.0066269489340525,27.568642359074047
NVDA,technical_only,lstm,5,0.01,2024,"{""lr"": 0.003918194347141745, ""dropout"": 0.17337391594646553, ""u1"": 214, ""u2"": 83, ""batch_size"": 37}",0.5581395348837209,0.6030434782608696,42,0.6190476190476191,0.8457340782648958,3.89640413417289,-0.19846215300774783,1.5271190925508702,0.49074074074074076,0.5132075471698113,43,0.4883720930232558,0.7919525423072924,4.23036424458072,-0.3251440870374329,1.5368973206211707,13.01073712619504
NVDA,technical_only,lstm,5,0.01,31415,"{""lr"": 0.003918194347141745, ""dropout"": 0.17337391594646553, ""u1"": 214, ""u2"": 83, ""batch_size"": 37}",0.4790697674418605,0.5825217391304347,42,0.40476190476190477,-1.9356994553431925,-0.9944967019593792,-0.5859853005932137,-2.398497215667596,0.44907407407407407,0.3956260720411664,43,0.37209302325581395,-2.0454180307140426,-0.999139249701612,-0.716426031820967,-2.837359433478926,-1.3946160598911548
NVDA,technical_only,lstm,10,0.01,42,"{""lr"": 0.003918194347141745, ""dropout"": 0.17337391594646553, ""u1"": 214, ""u2"": 83, ""batch_size"": 37}",0.5476190476190477,0.40166523112259545,20,0.5,0.3071693015382824,0.7578604055976434,-0.40386381488430484,0.9382503422671931,0.46296296296296297,0.4889257063132194,21,0.42857142857142855,0.4455602479524581,2.411277622138388,-0.3456251562656747,0.9159798495081222,6.976568627675036
NVDA,technical_only,lstm,10,0.01,7,"{""lr"": 0.003918194347141745, ""dropout"": 0.17337391594646553, ""u1"": 214, ""u2"": 83, ""batch_size"": 37}",0.6047619047619047,0.6027371040290938,20,0.55,0.9290581940749634,66.13771023266499,-0.2815649282208149,3.3651518765255197,0.5138888888888888,0.5382804325078479,21,0.5238095238095238,1.4807900710367545,547.0921593171483,-0.18033082467944017,3.872756941408182,3033.8249730165144
NVDA,technical_only,lstm,10,0.01,1337,"{""lr"": 0.003918194347141745, ""dropout"": 0.17337391594646553, ""u1"": 214, ""u2"": 83, ""batch_size"": 37}",0.6285714285714286,0.6362331323571633,20,0.6,0.061292287154482844,-0.744237432053788,-0.4224756484803524,0.058502244756739104,0.44907407407407407,0.4548308336239972,21,0.5714285714285714,1.8112530366727813,2297.2210496190496,-0.14010395824271418,4.258899768602643,16396.546381932872
NVDA,technical_only,lstm,10,0.01,2024,"{""lr"": 0.003918194347141745, ""dropout"": 0.17337391594646553, ""u1"": 214, ""u2"": 83, ""batch_size"": 37}",0.5761904761904761,0.5948894631065174,20,0.55,0.9404189431860354,70.75478613797743,-0.1818548594438141,3.86130613323371,0.4351851851851852,0.432682246250436,21,0.38095238095238093,0.3324310650905824,0.8968641956767323,-0.3456251562656747,0.6869183016399715,2.5949042753917246
NVDA,technical_only,lstm,10,0.01,31415,"{""lr"": 0.003918194347141745, ""dropout"": 0.17337391594646553, ""u1"": 214, ""u2"": 83, ""batch_size"": 37}",0.6,0.5366063738156761,20,0.7,1.3815234712009898,777.992059860369,-0.19257249988123631,3.8749510408194165,0.49074074074074076,0.557464248343216,21,0.47619047619047616,1.0719545884351451,80.37468536570283,-0.2379426900156598,2.991353264649071,337.7901013072228
NVDA,learned_alpha_per_stock,lstm,2,0.005,42,"{""lr"": 0.01, ""dropout"": 0.12717898027155383, ""u1"": 118, ""u2"": 87, ""batch_size"": 40}",0.5321100917431193,0.5541200235670398,108,0.5370370370370371,1.8476929185801567,4.428791581171325,-0.18670656221699314,4.251493001150224,0.5,0.48897468897468893,107,0.5420560747663551,1.2236128252460954,1.9706954814725788,-0.3231991580865506,2.023872795158605,6.097464774165159
NVDA,learned_alpha_per_stock,lstm,2,0.005,7,"{""lr"": 0.01, ""dropout"": 0.12717898027155383, ""u1"": 118, ""u2"": 87, ""batch_size"": 40}",0.5504587155963303,0.5541200235670398,108,0.49074074074074076,-0.5897222868271611,-0.5863130918330646,-0.555921500311286,-0.6505889029387139,0.5324074074074074,0.5373659373659374,107,0.4485981308411215,-0.9310768169412925,-0.727967118298712,-0.5462258783434822,-1.6240202130508026,-1.3327217679733323
NVDA,learned_alpha_per_stock,lstm,2,0.005,1337,"{""lr"": 0.01, ""dropout"": 0.12717898027155383, ""u1"": 118, ""u2"": 87, ""batch_size"": 40}",0.48623853211009177,0.5361501557107988,108,0.4444444444444444,-2.304037522008718,-0.929585090335693,-0.7075828686894272,-2.468908909325693,0.5231481481481481,0.5330759330759332,107,0.45794392523364486,-1.3520616071499354,-0.8289614398999507,-0.5525419198516346,-2.3795174698134476,-1.500268866699813
NVDA,learned_alpha_per_stock,lstm,2,0.005,2024,"{""lr"": 0.01, ""dropout"": 0.12717898027155383, ""u1"": 118, ""u2"": 87, ""batch_size"": 40}",0.573394495412844,0.5963723592290211,108,0.5648148148148148,0.2417765711735552,-0.0034566456521974986,-0.42764850483148137,0.2526075075780224,0.5231481481481481,0.5047619047619047,107,0.514018691588785,0.5304080239151618,0.38932037441671463,-0.22444950291573215,1.042369122594777,1.7345566346069476
NVDA,learned_alpha_per_stock,lstm,2,0.005,31415,"{""lr"": 0.01, ""dropout"": 0.12717898027155383, ""u1"": 118, ""u2"": 87, ""batch_size"": 40}",0.5275229357798165,0.597256123221951,108,0.5092592592592593,0.280787342978196,0.04030499594804815,-0.3606648969063448,0.32019285618318793,0.5092592592592593,0.5562419562419563,107,0.5514018691588785,1.4505133318334773,2.797592825823833,-0.2176833517339634,2.347795922564792,12.851661845242285
NVDA,learned_alpha_per_stock,lstm,5,0.01,42,"{""lr"": 0.01, ""dropout"": 0.12717898027155383, ""u1"": 118, ""u2"": 87, ""batch_size"": 40}",0.5534883720930233,0.5738260869565217,42,0.6428571428571429,2.19177931132697,104.68481442842845,-0.16982906759782132,4.531522280808488,0.5277777777777778,0.6181818181818183,43,0.5116279069767442,0.6901554505763786,2.7684644429239262,-0.3085429581681906,1.1459284043757394,8.972703377708598
NVDA,learned_alpha_per_stock,lstm,5,0.01,7,"{""lr"": 0.01, ""dropout"": 0.12717898027155383, ""u1"": 118, ""u2"": 87, ""batch_size"": 40}",0.5953488372093023,0.6099130434782609,42,0.6666666666666666,1.8686306072713375,51.59071609878604,-0.16982906759782126,3.297353991309075,0.5601851851851852,0.5768439108061749,43,0.6046511627906976,1.8339318753798366,111.90427706825,-0.2700230284693318,3.185967732973601,414.4249388750177
NVDA,learned_alpha_per_stock,lstm,5,0.01,1337,"{""lr"": 0.01, ""dropout"": 0.12717898027155383, ""u1"": 118, ""u2"": 87, ""batch_size"": 40}",0.46511627906976744,0.6392173913043478,42,0.35714285714285715,-2.2550721326433525,-0.9972462525143331,-0.6170375028956272,-2.815476941565841,0.49074074074074076,0.5183533447684391,43,0.3953488372093023,-1.4149783011854402,-0.9947249017891329,-0.6136184859662641,-2.005045498706342,-1.6210804018114628
NVDA,learned_alpha_per_stock,lstm,5,0.01,2024,"{""lr"": 0.01, ""dropout"": 0.12717898027155383, ""u1"": 118, ""u2"": 87, ""batch_size"": 40}",0.5534883720930233,0.5837391304347826,42,0.6666666666666666,2.3073185840247725,133.25678581315475,-0.19753394513612843,4.385224785124115,0.48148148148148145,0.5188679245283019,43,0.4418604651162791,0.03155818512804272,-0.528143198657323,-0.6160690419651108,0.04871704906873683,-0.8572792376852345
NVDA,learned_alpha_per_stock,lstm,5,0.01,31415,"{""lr"": 0.01, ""dropout"": 0.12717898027155383, ""u1"": 118, ""u2"": 87, ""batch_size"": 40}",0.5720930232558139,0.5714782608695652,42,0.7619047619047619,3.1500006567187344,680.764693977208,-0.14294476441090584,5.341962971575353,0.5092592592592593,0.5181818181818182,43,0.5813953488372093,1.0948022613025996,11.978675156655592,-0.2700230284693318,1.7504395413168417,44.3616799076679
NVDA,learned_alpha_per_stock,lstm,10,0.01,42,"{""lr"": 0.01, ""dropout"": 0.12717898027155383, ""u1"": 118, ""u2"": 87, ""batch_size"": 40}",0.6142857142857143,0.591826969087951,20,0.7,1.8143384383679264,6861.60798022804,-0.13119440759893475,5.740333945012075,0.5648148148148148,0.48552493896058596,21,0.5238095238095238,1.4640765064844175,507.2674437681117,-0.18033082467944017,3.8156465672822106,2812.982443072841
NVDA,learned_alpha_per_stock,lstm,10,0.01,7,"{""lr"": 0.01, ""dropout"": 0.12717898027155383, ""u1"": 118, ""u2"": 87, ""batch_size"": 40}",0.6761904761904762,0.7057134654033878,20,0.65,1.916913388688541,11221.783940198371,-0.09102573899458331,10.597723992184278,0.47685185185185186,0.4246599232647366,21,0.5238095238095238,0.3514453656422357,0.9281886682391107,-0.24984043424761904,0.4893510557733139,3.715125900394389
NVDA,learned_alpha_per_stock,lstm,10,0.01,1337,"{""lr"": 0.01, ""dropout"": 0.12717898027155383, ""u1"": 118, ""u2"": 87, ""batch_size"": 40}",0.6142857142857143,0.33323763039525317,20,0.7,1.8143384383679264,6861.60798022804,-0.13119440759893475,5.740333945012075,0.5648148148148148,0.5893791419602372,21,0.5238095238095238,1.4640765064844175,507.2674437681117,-0.18033082467944017,3.8156465672822106,2812.982443072841
NVDA,learned_alpha_per_stock,lstm,10,0.01,2024,"{""lr"": 0.01, ""dropout"": 0.12717898027155383, ""u1"": 118, ""u2"": 87, ""batch_size"": 40}",0.6190476190476191,0.6721217341372381,20,0.8,2.5755566254937996,186017.66259591017,-0.08018115607590609,21.379715538373905,0.5092592592592593,0.3458318800139519,21,0.42857142857142855,0.07043412393042928,-0.5552566359182552,-0.3097874040531448,0.10566843932111775,-1.792379640532446
NVDA,learned_alpha_per_stock,lstm,10,0.01,31415,"{""lr"": 0.01, ""dropout"": 0.12717898027155383, ""u1"": 118, ""u2"": 87, ""batch_size"": 40}",0.6190476190476191,0.5216767154751651,20,0.7,1.8143384383679264,6861.60798022804,-0.13119440759893475,5.740333945012075,0.5694444444444444,0.5717649110568539,21,0.5238095238095238,1.4640765064844175,507.2674437681117,-0.18033082467944017,3.8156465672822106,2812.982443072841
NVDA,learned_alpha_global,lstm,2,0.005,42,"{""lr"": 0.003918194347141745, ""dropout"": 0.17337391594646553, ""u1"": 214, ""u2"": 83, ""batch_size"": 37}",0.5,0.5430098476559212,108,0.4537037037037037,-2.194529569703987,-0.9214649396677964,-0.6935803231631805,-2.337892975311059,0.5138888888888888,0.4924495924495924,107,0.4485981308411215,-1.6538079523268987,-0.8768870176875873,-0.6108444834502504,-2.8926436631179873,-1.4355323514336107
NVDA,learned_alpha_global,lstm,2,0.005,7,"{""lr"": 0.003918194347141745, ""dropout"": 0.17337391594646553, ""u1"": 214, ""u2"": 83, ""batch_size"": 37}",0.591743119266055,0.616362259069102,108,0.5555555555555556,-0.22906325341091294,-0.3955032205738398,-0.5065260808475799,-0.2340412281593946,0.5231481481481481,0.5764907764907765,107,0.4766355140186916,-1.000503461914434,-0.7481374448394835,-0.45062054369635074,-1.770422609984289,-1.6602382099641104
NVDA,learned_alpha_global,lstm,2,0.005,1337,"{""lr"": 0.003918194347141745, ""dropout"": 0.17337391594646553, ""u1"": 214, ""u2"": 83, ""batch_size"": 37}",0.5779816513761468,0.6097971551216227,108,0.6203703703703703,1.627426760681079,3.2041490210571677,-0.2915911863725389,1.5886246534197397,0.49074074074074076,0.5407121407121407,107,0.5046728971962616,0.027098165876459197,-0.21086706079985384,-0.4608540787609842,0.04092880848723628,-0.457557110846831
NVDA,learned_alpha_global,lstm,2,0.005,2024,"{""lr"": 0.003918194347141745, ""dropout"": 0.17337391594646553, ""u1"": 214, ""u2"": 83, ""batch_size"": 37}",0.5229357798165137,0.5639255954885953,108,0.5,-1.135071027938416,-0.7672781138123645,-0.5172183169519661,-1.2015981524929897,0.5,0.5308451308451307,107,0.4485981308411215,-1.4502019189641506,-0.8463453824912931,-0.5724491740219023,-2.5630914037273853,-1.4784638023757743
NVDA,learned_alpha_global,lstm,2,0.005,31415,"{""lr"": 0.003918194347141745, ""dropout"": 0.17337391594646553, ""u1"": 214, ""u2"": 83, ""batch_size"": 37}",0.5963302752293578,0.6342900429256796,108,0.5925925925925926,1.0164072507410544,1.2443361264714339,-0.3370024709639187,1.0119629577030838,0.5509259259259259,0.5981123981123981,107,0.5327102803738317,0.03462434213029478,-0.20309128523468056,-0.42786012224087516,0.05547250031629585,-0.47466747817256255
NVDA,learned_alpha_global,lstm,5,0.01,42,"{""lr"": 0.003918194347141745, ""dropout"": 0.17337391594646553, ""u1"": 214, ""u2"": 83, ""batch_size"": 37}",0.5255813953488372,0.556,42,0.47619047619047616,-0.537700161430892,-0.848850706974207,-0.344596292359886,-0.6627036356629377,0.5740740740740741,0.5955831903945112,43,0.4883720930232558,0.38878464206216407,0.4409279231149381,-0.22985561243760108,0.5620080557454675,1.9182821704413977
NVDA,learned_alpha_global,lstm,5,0.01,7,"{""lr"": 0.003918194347141745, ""dropout"": 0.17337391594646553, ""u1"": 214, ""u2"": 83, ""batch_size"": 37}",0.5348837209302325,0.47282608695652173,42,0.6428571428571429,2.0417363753458835,75.87938858698524,-0.18809679462946974,4.323923034847047,0.5092592592592593,0.48846483704974264,43,0.5813953488372093,1.2513628005067703,19.780365639957935,-0.2700230284693318,2.031721145136615,73.25436557054435
NVDA,learned_alpha_global,lstm,5,0.01,1337,"{""lr"": 0.003918194347141745, ""dropout"": 0.17337391594646553, ""u1"": 214, ""u2"": 83, ""batch_size"": 37}",0.5581395348837209,0.6147826086956523,42,0.6666666666666666,1.8751447056079578,52.3414718959139,-0.16982906759782132,3.2742040853196785,0.5462962962962963,0.5631217838765009,43,0.5348837209302325,1.02884458904635,9.732730640572024,-0.35228813342923937,1.836383021305706,27.627188420545938
NVDA,learned_alpha_global,lstm,5,0.01,2024,"{""lr"": 0.003918194347141745, ""dropout"": 0.17337391594646553, ""u1"": 214, ""u2"": 83, ""batch_size"": 37}",0.5209302325581395,0.5336521739130434,42,0.5238095238095238,1.1809256763854046,10.008613408233918,-0.13999029962374857,2.7800329946895133,0.4861111111111111,0.5189536878216123,43,0.5116279069767442,0.09367515255517031,-0.4274048554961166,-0.5388611837715979,0.14125855219879804,-0.7931631900160706
NVDA,learned_alpha_global,lstm,5,0.01,31415,"{""lr"": 0.003918194347141745, ""dropout"": 0.17337391594646553, ""u1"": 214, ""u2"": 83, ""batch_size"": 37}",0.49767441860465117,0.5065217391304349,42,0.5,-0.2889609113760424,-0.7046598571308883,-0.34436110176311985,-0.5652123264103834,0.49537037037037035,0.5344768439108062,43,0.5813953488372093,0.21832613849170082,-0.16720142456420206,-0.33390052072168747,0.2870026525832952,-0.5007522126734497
NVDA,learned_alpha_global,lstm,10,0.01,42,"{""lr"": 0.003918194347141745, ""dropout"": 0.17337391594646553, ""u1"": 214, ""u2"": 83, ""batch_size"": 37}",0.6142857142857143,0.5773758254378409,20,0.7,1.8143384383679264,6861.60798022804,-0.13119440759893475,5.740333945012075,0.5648148148148148,0.5331356818974538,21,0.5238095238095238,1.4640765064844175,507.2674437681117,-0.18033082467944017,3.8156465672822106,2812.982443072841
NVDA,learned_alpha_global,lstm,10,0.01,7,"{""lr"": 0.003918194347141745, ""dropout"": 0.17337391594646553, ""u1"": 214, ""u2"": 83, ""batch_size"": 37}",0.6190476190476191,0.5358407503110346,20,0.75,0.4154099111506256,1.1316172590060392,-0.45597312819370617,0.3478295694255817,0.5324074074074074,0.5850191838158354,21,0.42857142857142855,-0.6005705496866877,-0.9863422833777182,-0.3165245023296541,-0.9133833769087945,-3.116164076139868
NVDA,learned_alpha_global,lstm,10,0.01,1337,"{""lr"": 0.003918194347141745, ""dropout"": 0.17337391594646553, ""u1"": 214, ""u2"": 83, ""batch_size"": 37}",0.6142857142857143,0.46511627906976744,20,0.7,1.8143384383679264,6861.60798022804,-0.13119440759893475,5.740333945012075,0.5648148148148148,0.5763864666899198,21,0.5238095238095238,1.4640765064844175,507.2674437681117,-0.18033082467944017,3.8156465672822106,2812.982443072841
NVDA,learned_alpha_global,lstm,10,0.01,2024,"{""lr"": 0.003918194347141745, ""dropout"": 0.17337391594646553, ""u1"": 214, ""u2"": 83, ""batch_size"": 37}",0.6142857142857143,0.5754617666762369,20,0.7,1.8143384383679264,6861.60798022804,-0.13119440759893475,5.740333945012075,0.5648148148148148,0.5391524241367284,21,0.5238095238095238,1.4640765064844175,507.2674437681117,-0.18033082467944017,3.8156465672822106,2812.982443072841
NVDA,learned_alpha_global,lstm,10,0.01,31415,"{""lr"": 0.003918194347141745, ""dropout"": 0.17337391594646553, ""u1"": 214, ""u2"": 83, ""batch_size"": 37}",0.6571428571428571,0.5474208058187386,20,0.65,1.378864800959934,774.5046441899191,-0.2560704922774565,4.495898701117473,0.44907407407407407,0.4558772235786537,21,0.47619047619047616,0.5461903767681952,4.278645537930837,-0.24984043424761904,0.7586958105462613,17.125512733019963
SPY,full_70_30,lstm,2,0.0025,42,"{""lr"": 0.0001, ""dropout"": 0.36018996497138356, ""u1"": 139, ""u2"": 128, ""batch_size"": 30}",0.5137614678899083,0.6015993265993266,108,0.4351851851851852,-1.6951963681105267,-0.4005044313984243,-0.2436631729022122,-2.6347456620197707,0.5092592592592593,0.5351351351351351,107,0.411214953271028,-1.2860144953731365,-0.3249230654809858,-0.20028487494863542,-2.502782013514876,-1.6223045577671045
SPY,full_70_30,lstm,2,0.0025,7,"{""lr"": 0.0001, ""dropout"": 0.36018996497138356, ""u1"": 139, ""u2"": 128, ""batch_size"": 30}",0.5458715596330275,0.5558080808080809,108,0.5,-0.2219705082397271,-0.07951365635787744,-0.06456535432970312,-0.3335990235173791,0.5694444444444444,0.5861003861003862,107,0.4766355140186916,0.05446130745659851,-0.0020338601383713684,-0.09773453941855095,0.10334698704298781,-0.02081004474437951
SPY,full_70_30,lstm,2,0.0025,1337,"{""lr"": 0.0001, ""dropout"": 0.36018996497138356, ""u1"": 139, ""u2"": 128, ""batch_size"": 30}",0.5045871559633027,0.4863636363636364,108,0.5462962962962963,-0.2191187835301622,-0.07875469130413837,-0.171581347094191,-0.3253184673601862,0.5277777777777778,0.5439725439725439,107,0.5420560747663551,-0.5366475619989506,-0.16013992756983586,-0.14023722557229043,-0.8264244953361736,-1.1419216753349548
SPY,full_70_30,lstm,2,0.0025,2024,"{""lr"": 0.0001, ""dropout"": 0.36018996497138356, ""u1"": 139, ""u2"": 128, ""batch_size"": 30}",0.4724770642201835,0.4740740740740741,108,0.37962962962962965,-1.8893159085182882,-0.432937789622153,-0.2227153448021504,-2.977995395976205,0.49537037037037035,0.4233376233376233,107,0.40186915887850466,-1.1568527407537177,-0.299076922245888,-0.15151751867311147,-2.6234510500232497,-1.9738768484661215
SPY,full_70_30,lstm,2,0.0025,31415,"{""lr"": 0.0001, ""dropout"": 0.36018996497138356, ""u1"": 139, ""u2"": 128, ""batch_size"": 30}",0.481651376146789,0.47744107744107744,108,0.4074074074074074,-1.2970944035140837,-0.3274131243828342,-0.19095362971553975,-2.1370234267940456,0.5416666666666666,0.5552981552981553,107,0.514018691588785,-0.7498760324872338,-0.21086729981908303,-0.18925638573496184,-1.1636025446686433,-1.1141885596102714
SPY,full_70_30,lstm,5,0.005,42,"{""lr"": 0.0001, ""dropout"": 0.36018996497138356, ""u1"": 139, ""u2"": 128, ""batch_size"": 30}",0.6325581395348837,0.6481481481481481,42,0.5476190476190477,1.2627348588396499,1.2299303019279075,-0.049168757275074616,2.6572077686093225,0.5185185185185185,0.48696844993141286,43,0.46511627906976744,-0.29195757924746224,-0.2384185069794702,-0.1682609115633806,-0.48828032786056647,-1.416957181345488
SPY,full_70_30,lstm,5,0.005,7,"{""lr"": 0.0001, ""dropout"": 0.36018996497138356, ""u1"": 139, ""u2"": 128, ""batch_size"": 30}",0.5813953488372093,0.5745067497403946,42,0.5714285714285714,0.28610074582925005,0.16924673104565802,-0.06128295244031362,0.45558798083794055,0.4675925925925926,0.4871399176954733,43,0.3953488372093023,-0.39467492858915565,-0.295809538604097,-0.10194168959687165,-0.7242372488020069,-2.9017523622953045
SPY,full_70_30,lstm,5,0.005,1337,"{""lr"": 0.0001, ""dropout"": 0.36018996497138356, ""u1"": 139, ""u2"": 128, ""batch_size"": 30}",0.46511627906976744,0.46452059536171686,42,0.5714285714285714,0.2801020786895354,0.16431926519310158,-0.1167856551384758,0.40362732270451723,0.49537037037037035,0.587019890260631,43,0.5348837209302325,1.381077683947485,1.639757164197519,-0.0797562469936413,1.9670150595677012,20.559607880348878
SPY,full_70_30,lstm,5,0.005,2024,"{""lr"": 0.0001, ""dropout"": 0.36018996497138356, ""u1"": 139, ""u2"": 128, ""batch_size"": 30}",0.5255813953488372,0.5344409830391139,42,0.40476190476190477,-1.4370796156959413,-0.6370094496932373,-0.15591132802581245,-2.290693568725542,0.4722222222222222,0.34199245541838136,43,0.3488372093023256,-2.3755805462627744,-0.8318780906164833,-0.2797293376374302,-3.6123403861226406,-2.9738678740043993
SPY,full_70_30,lstm,5,0.005,31415,"{""lr"": 0.0001, ""dropout"": 0.36018996497138356, ""u1"": 139, ""u2"": 128, ""batch_size"": 30}",0.5255813953488372,0.5257009345794392,42,0.5476190476190477,0.45881675023855883,0.31459852504234487,-0.06636937491547283,0.79677766474537,0.6342592592592593,0.6373456790123456,43,0.5813953488372093,1.3423594194989006,1.5699707110117602,-0.07511586979672216,2.19769447070573,20.900652755009023
SPY,full_70_30,lstm,10,0.01,42,"{""lr"": 0.0001, ""dropout"": 0.36018996497138356, ""u1"": 139, ""u2"": 128, ""batch_size"": 30}",0.6095238095238096,0.5924105924105925,20,0.6,1.116335010888918,2.469402370721687,-0.03466544840914222,1.9968339027684596,0.4722222222222222,0.5359684472262711,21,0.47619047619047616,-0.23652200389051992,-0.2950284515229573,-0.10911104592285385,-0.3625890083030469,-2.703928360576389
SPY,full_70_30,lstm,10,0.01,7,"{""lr"": 0.0001, ""dropout"": 0.36018996497138356, ""u1"": 139, ""u2"": 128, ""batch_size"": 30}",0.6142857142857143,0.6272181272181272,20,0.6,0.5150444783278132,0.7513629998639169,-0.03282138010594688,0.9636284516125815,0.5,0.5248220869416103,21,0.5238095238095238,-0.8531763927189971,-0.663745846267995,-0.11571272026267776,-1.442652225965306,-5.736152816745085
SPY,full_70_30,lstm,10,0.01,1337,"{""lr"": 0.0001, ""dropout"": 0.36018996497138356, ""u1"": 139, ""u2"": 128, ""batch_size"": 30}",0.5380952380952381,0.49676949676949683,20,0.6,0.13886405285798692,0.11632090312512622,-0.0860901241315685,0.3320634104230414,0.5416666666666666,0.5793535111034896,21,0.6666666666666666,2.4155181767538645,10.96530689594145,-0.039575943721353264,5.402621156224395,277.0700042719411
SPY,full_70_30,lstm,10,0.01,2024,"{""lr"": 0.0001, ""dropout"": 0.36018996497138356, ""u1"": 139, ""u2"": 128, ""batch_size"": 30}",0.5095238095238095,0.4943124943124943,20,0.5,0.03411907330266114,-0.01708842171418279,-0.126125371442178,0.06104873049099441,0.5046296296296297,0.4726056760696219,21,0.42857142857142855,-1.0748036860270325,-0.7398509019283268,-0.14095075213549424,-2.1553930966655437,-5.249002866030237
SPY,full_70_30,lstm,10,0.01,31415,"{""lr"": 0.0001, ""dropout"": 0.36018996497138356, ""u1"": 139, ""u2"": 128, ""batch_size"": 30}",0.5,0.4641914641914642,20,0.6,0.5314086854747905,0.7851082735756254,-0.06603777588769699,0.8974728886516471,0.5370370370370371,0.57772442767727,21,0.5238095238095238,0.6231479313084498,0.9836752581814039,-0.09639459211240563,1.487279857956171,10.204672654606405
SPY,equal_50_50,lstm,2,0.0025,42,"{""lr"": 0.007758421448268042, ""dropout"": 0.1281097716810858, ""u1"": 117, ""u2"": 29, ""batch_size"": 25}",0.5688073394495413,0.6135521885521885,108,0.5370370370370371,0.6662622266281337,0.19052859264911493,-0.0947283256765718,1.1499312983007706,0.5833333333333334,0.6397254397254397,107,0.5233644859813084,0.021895142793524724,-0.011507712261753289,-0.08918504250026621,0.03437422021344774,-0.12903186385451282
SPY,equal_50_50,lstm,2,0.0025,7,"{""lr"": 0.007758421448268042, ""dropout"": 0.1281097716810858, ""u1"": 117, ""u2"": 29, ""batch_size"": 25}",0.5458715596330275,0.5898989898989899,108,0.48148148148148145,-0.3055053644388802,-0.10165748490336657,-0.14640987680842804,-0.5046163397947716,0.5370370370370371,0.5703131703131703,107,0.40186915887850466,-2.062158673362553,-0.4598473740671034,-0.2511039284623654,-3.3024488550480298,-1.8313029863092076
SPY,equal_50_50,lstm,2,0.0025,1337,"{""lr"": 0.007758421448268042, ""dropout"": 0.1281097716810858, ""u1"": 117, ""u2"": 29, ""batch_size"": 25}",0.5045871559633027,0.5712962962962963,108,0.39814814814814814,-2.174384352076467,-0.47703173960193224,-0.2866602926195147,-3.4537739795082416,0.5138888888888888,0.470956670956671,107,0.37383177570093457,-2.3373102015339775,-0.5001099309264279,-0.264302128719579,-4.3746456504671025,-1.892190325326656
SPY,equal_50_50,lstm,2,0.0025,2024,"{""lr"": 0.007758421448268042, ""dropout"": 0.1281097716810858, ""u1"": 117, ""u2"": 29, ""batch_size"": 25}",0.5045871559633027,0.5680976430976431,108,0.39814814814814814,-2.174384352076467,-0.47703173960193224,-0.2866602926195147,-3.4537739795082416,0.5138888888888888,0.5794079794079794,107,0.37383177570093457,-2.3373102015339775,-0.5001099309264279,-0.264302128719579,-4.3746456504671025,-1.892190325326656
SPY,equal_50_50,lstm,2,0.0025,31415,"{""lr"": 0.007758421448268042, ""dropout"": 0.1281097716810858, ""u1"": 117, ""u2"": 29, ""batch_size"": 25}",0.573394495412844,0.6260942760942761,108,0.48148148148148145,0.3425052726444668,0.08467948580697926,-0.11867233902824796,0.6280163293261637,0.5787037037037037,0.6120120120120119,107,0.4766355140186916,0.10253162732953836,0.011977110081725417,-0.10721425886949902,0.18489386878809524,0.11171191414291201
SPY,equal_50_50,lstm,5,0.005,42,"{""lr"": 0.007758421448268042, ""dropout"": 0.1281097716810858, ""u1"": 117, ""u2"": 29, ""batch_size"": 25}",0.5581395348837209,0.6390619591554172,42,0.6428571428571429,1.95381225215062,2.3977253393418607,-0.050639347809645054,3.310063847108267,0.5370370370370371,0.5904492455418382,43,0.5348837209302325,1.0529239155761911,1.0900366677830888,-0.11179149668632082,1.5580387532004794,9.75062236479091
SPY,equal_50_50,lstm,5,0.005,7,"{""lr"": 0.007758421448268042, ""dropout"": 0.1281097716810858, ""u1"": 117, ""u2"": 29, ""batch_size"": 25}",0.6093023255813953,0.6446867428175839,42,0.5714285714285714,0.4530752358413171,0.30954986466304946,-0.15539701213106138,0.7861583678180131,0.5555555555555556,0.5517832647462277,43,0.46511627906976744,-0.044025452172785716,-0.07985554109019122,-0.12576277523260226,-0.06478355688883089,-0.6349696159495196
SPY,equal_50_50,lstm,5,0.005,1337,"{""lr"": 0.007758421448268042, ""dropout"": 0.1281097716810858, ""u1"": 117, ""u2"": 29, ""batch_size"": 25}",0.5720930232558139,0.6465905157493941,42,0.5476190476190477,0.7760924299627959,0.625573035559569,-0.057107107367870225,1.3489508086033524,0.5509259259259259,0.5843621399176956,43,0.46511627906976744,-0.43792509522997813,-0.318940312515536,-0.18635164401759602,-0.6437813810639652,-1.7114971761956683
SPY,equal_50_50,lstm,5,0.005,2024,"{""lr"": 0.007758421448268042, ""dropout"": 0.1281097716810858, ""u1"": 117, ""u2"": 29, ""batch_size"": 25}",0.6046511627906976,0.5865351332641052,42,0.6904761904761905,1.6707063312871482,1.8711660350787587,-0.05486450619405278,2.2512803466748403,0.5509259259259259,0.5983367626886146,43,0.5116279069767442,1.1011426112265064,1.16472841011448,-0.06580273735151303,1.931282923839952,17.700303315538267
SPY,equal_50_50,lstm,5,0.005,31415,"{""lr"": 0.007758421448268042, ""dropout"": 0.1281097716810858, ""u1"": 117, ""u2"": 29, ""batch_size"": 25}",0.5534883720930233,0.6351678781585324,42,0.4523809523809524,-0.3162574324456895,-0.22601723539549845,-0.1603712169490728,-0.6258190046866431,0.4722222222222222,0.5031721536351166,43,0.32558139534883723,-2.221088504620573,-0.8137473960205573,-0.2610579057167686,-3.364180716424291,-3.1171145489208896
SPY,equal_50_50,lstm,10,0.01,42,"{""lr"": 0.007758421448268042, ""dropout"": 0.1281097716810858, ""u1"": 117, ""u2"": 29, ""batch_size"": 25}",0.6285714285714286,0.6531076531076532,20,0.65,0.8659853145182368,1.6282414841438424,-0.04546041382873581,1.6147657768799568,0.5092592592592593,0.5757523793192146,21,0.6666666666666666,1.2561887880895921,3.0278721342119352,-0.053724693368967444,1.591227012958383,56.359039844439586
SPY,equal_50_50,lstm,10,0.01,7,"{""lr"": 0.007758421448268042, ""dropout"": 0.1281097716810858, ""u1"": 117, ""u2"": 29, ""batch_size"": 25}",0.5380952380952381,0.6167986167986168,20,0.5,-0.3714078418515814,-0.39977977532616005,-0.12855989269929863,-0.7501838745712852,0.49537037037037035,0.5200205778959102,21,0.42857142857142855,-1.7083259550107197,-0.8697478069515547,-0.18752185242742317,-3.289929285477217,-4.63811441542886
SPY,equal_50_50,lstm,10,0.01,1337,"{""lr"": 0.007758421448268042, ""dropout"": 0.1281097716810858, ""u1"": 117, ""u2"": 29, ""batch_size"": 25}",0.5380952380952381,0.5772135772135772,20,0.6,0.03902870322628188,-0.011416347788034464,-0.09792416002841507,0.06703257022500102,0.5555555555555556,0.5573180142330447,21,0.6190476190476191,0.7729148170810004,1.3585871775327818,-0.05335275952715551,1.3301442989149075,25.46423445710034
SPY,equal_50_50,lstm,10,0.01,2024,"{""lr"": 0.007758421448268042, ""dropout"": 0.1281097716810858, ""u1"": 117, ""u2"": 29, ""batch_size"": 25}",0.5761904761904761,0.6019656019656019,20,0.65,0.3669035444781008,0.4685940917122746,-0.06946933058508947,0.7016868386763815,0.5601851851851852,0.570436422875761,21,0.7142857142857143,1.0932845838446834,2.379053122683692,-0.04174107705917461,1.7376243906253375,56.99548958238442
SPY,equal_50_50,lstm,10,0.01,31415,"{""lr"": 0.007758421448268042, ""dropout"": 0.1281097716810858, ""u1"": 117, ""u2"": 29, ""batch_size"": 25}",0.5666666666666667,0.5775775775775776,20,0.7,1.4497900777868766,3.927405965024974,-0.05345028094758323,2.364589171332162,0.5509259259259259,0.4796364571722541,21,0.6666666666666666,1.1309310309269984,2.5202275337553885,-0.0854952802023694,1.5978040685405064,29.47797267626878
SPY,news_only,lstm,2,0.0025,42,"{""lr"": 0.01, ""dropout"": 0.1, ""u1"": 162, ""u2"": 16, ""batch_size"": 16}",0.5045871559633027,0.5394781144781144,108,0.4444444444444444,-0.962408534625773,-0.25857618516822556,-0.1825954501393073,-1.6009928622433585,0.5555555555555556,0.5356499356499357,107,0.42990654205607476,-0.7965273145568214,-0.22149154881636213,-0.1375263581622726,-1.4583359483838065,-1.6105388943333743
SPY,news_only,lstm,2,0.0025,7,"{""lr"": 0.01, ""dropout"": 0.1, ""u1"": 162, ""u2"": 16, ""batch_size"": 16}",0.5321100917431193,0.5591750841750842,108,0.5370370370370371,0.08431820083675616,0.006400437381655744,-0.11863969294097214,0.12788493857999156,0.4305555555555556,0.45722865722865724,107,0.4672897196261682,-1.2452097566602682,-0.31695416698536194,-0.17678194996684826,-1.8508905175559849,-1.7929102323217954
SPY,news_only,lstm,2,0.0025,1337,"{""lr"": 0.01, ""dropout"": 0.1, ""u1"": 162, ""u2"": 16, ""batch_size"": 16}",0.5137614678899083,0.455976430976431,108,0.46296296296296297,-0.6694472044448517,-0.1923394186450168,-0.16927709639414731,-1.0667894704315348,0.49537037037037035,0.4513084513084513,107,0.4205607476635514,-1.5551330439137772,-0.37550455127683524,-0.19420870915038915,-2.7650868683915766,-1.9335103606813855
SPY,news_only,lstm,2,0.0025,2024,"{""lr"": 0.01, ""dropout"": 0.1, ""u1"": 162, ""u2"": 16, ""batch_size"": 16}",0.5229357798165137,0.6077441077441078,108,0.4166666666666667,-1.3515222988597064,-0.3379440665996809,-0.23681492243565816,-2.237881780337973,0.5092592592592593,0.5696267696267696,107,0.3644859813084112,-2.606303676678029,-0.5361531121808951,-0.28731116555374153,-4.776283515269833,-1.866106077525928
SPY,news_only,lstm,2,0.0025,31415,"{""lr"": 0.01, ""dropout"": 0.1, ""u1"": 162, ""u2"": 16, ""batch_size"": 16}",0.5321100917431193,0.6175084175084177,108,0.42592592592592593,-0.6101341273587219,-0.17818693375676298,-0.15095148261695973,-1.0608037511989372,0.5416666666666666,0.5611325611325612,107,0.4205607476635514,-1.532854940525469,-0.3714739771079879,-0.19162831315645534,-2.767508414990984,-1.938513004624203
SPY,news_only,lstm,5,0.005,42,"{""lr"": 0.01, ""dropout"": 0.1, ""u1"": 162, ""u2"": 16, ""batch_size"": 16}",0.641860465116279,0.6900311526479751,42,0.6428571428571429,2.1218843607188425,2.7426037619182573,-0.07208821790544442,3.389113306017373,0.5324074074074074,0.5831618655692729,43,0.5116279069767442,0.5432171261718715,0.43622915563264186,-0.1425816311206373,0.9531274431968525,3.059504595395963
SPY,news_only,lstm,5,0.005,7,"{""lr"": 0.01, ""dropout"": 0.1, ""u1"": 162, ""u2"": 16, ""batch_size"": 16}",0.5023255813953489,0.5593631014191761,42,0.38095238095238093,-1.686876837654754,-0.6911579166857119,-0.21903950581408804,-2.8254493412403363,0.5,0.5402949245541839,43,0.37209302325581395,-1.6597338299872175,-0.7253730915136845,-0.22767811669174587,-2.564315194214112,-3.1859587651797447
SPY,news_only,lstm,5,0.005,1337,"{""lr"": 0.01, ""dropout"": 0.1, ""u1"": 162, ""u2"": 16, ""batch_size"": 16}",0.5395348837209303,0.6403599861543787,42,0.5952380952380952,1.6748491901507387,1.879077403982413,-0.050639347809645005,3.0229552050556103,0.5277777777777778,0.6446330589849109,43,0.5581395348837209,1.2870753819280156,1.4708669099605607,-0.07975624699364149,1.8425671605103426,18.442027620454915
SPY,news_only,lstm,5,0.005,2024,"{""lr"": 0.01, ""dropout"": 0.1, ""u1"": 162, ""u2"": 16, ""batch_size"": 16}",0.5813953488372093,0.6238317757009345,42,0.5714285714285714,0.5490259620536132,0.3968595218789779,-0.11364782086486518,0.8700223112873187,0.5462962962962963,0.5905349794238682,43,0.5116279069767442,1.2683472592757319,1.4401801830169254,-0.07993980184579416,3.383932974201349,18.01580876814116
SPY,news_only,lstm,5,0.005,31415,"{""lr"": 0.01, ""dropout"": 0.1, ""u1"": 162, ""u2"": 16, ""batch_size"": 16}",0.5534883720930233,0.5873139494634821,42,0.42857142857142855,-1.150838377386573,-0.5613658039926389,-0.21098393923131484,-1.900516745418962,0.5,0.5911351165980795,43,0.37209302325581395,-1.27988003301364,-0.6384007452664322,-0.1724873847741133,-1.9527738230149452,-3.7011445567597394
SPY,news_only,lstm,10,0.01,42,"{""lr"": 0.01, ""dropout"": 0.1, ""u1"": 162, ""u2"": 16, ""batch_size"": 16}",0.5047619047619047,0.5116025116025116,20,0.6,0.5407499075341772,0.8051375063811939,-0.08917408838898198,0.994979614273625,0.46296296296296297,0.44371088056246244,21,0.47619047619047616,-0.5635513572435138,-0.5252327956527331,-0.09870432151796844,-1.1873821232113562,-5.321274566049452
SPY,news_only,lstm,10,0.01,7,"{""lr"": 0.01, ""dropout"": 0.1, ""u1"": 162, ""u2"": 16, ""batch_size"": 16}",0.580952380952381,0.5854035854035854,20,0.7,1.2107220023038952,2.8403184817564977,-0.05808660626281571,2.2006217881958685,0.5648148148148148,0.5608334047843607,21,0.6190476190476191,0.4527015543687756,0.6214969685549945,-0.053724693368967444,0.6623266532868083,11.56818084166088
SPY,news_only,lstm,10,0.01,1337,"{""lr"": 0.01, ""dropout"": 0.1, ""u1"": 162, ""u2"": 16, ""batch_size"": 16}",0.5285714285714286,0.5565110565110566,20,0.65,1.0683283762622673,2.2923308982477146,-0.06952582378104034,1.927388399472661,0.49537037037037035,0.5642201834862385,21,0.6666666666666666,1.5861006315808008,4.660785270842206,-0.053724693368967444,2.3596721417033977,86.75312930746995
SPY,news_only,lstm,10,0.01,2024,"{""lr"": 0.01, ""dropout"": 0.1, ""u1"": 162, ""u2"": 16, ""batch_size"": 16}",0.5571428571428572,0.5851305851305851,20,0.55,-0.6171525608192023,-0.5537553653261383,-0.1251827262340553,-1.469659674943865,0.5,0.4836662951213238,21,0.7142857142857143,1.0289071908938985,2.147407960890106,-0.05773011877392993,1.6414179268143856,37.197359134134395
SPY,news_only,lstm,10,0.01,31415,"{""lr"": 0.01, ""dropout"": 0.1, ""u1"": 162, ""u2"": 16, ""batch_size"": 16}",0.6,0.6324506324506324,20,0.5,0.2062876768198432,0.21138587268585773,-0.08883406589393829,0.4621171525835165,0.5416666666666666,0.5508874217611249,21,0.38095238095238093,-0.3175398980596752,-0.3606910815170533,-0.07993426414762686,-0.6796678272883049,-4.51234630559568
SPY,social_only,lstm,2,0.0025,42,"{""lr"": 0.0029691314695991853, ""dropout"": 0.19771188487863, ""u1"": 155, ""u2"": 77, ""batch_size"": 19}",0.536697247706422,0.5702861952861953,108,0.5092592592592593,0.8881101019089438,0.2682477521912854,-0.08959377118912709,1.5733473688887674,0.49074074074074076,0.5108537108537108,107,0.5327102803738317,0.3688245127280008,0.09307795731896462,-0.10646565735454719,0.6394088715455288,0.8742533473399836
SPY,social_only,lstm,2,0.0025,7,"{""lr"": 0.0029691314695991853, ""dropout"": 0.19771188487863, ""u1"": 155, ""u2"": 77, ""batch_size"": 19}",0.5091743119266054,0.5661616161616161,108,0.5185185185185185,-0.04884805253938755,-0.031841790818371685,-0.24040829332925073,-0.07477811537010123,0.46296296296296297,0.49442299442299437,107,0.42990654205607476,-1.5289442235536113,-0.37080049999387654,-0.2251569883918382,-2.406367476707648,-1.6468531696141564
SPY,social_only,lstm,2,0.0025,1337,"{""lr"": 0.0029691314695991853, ""dropout"": 0.19771188487863, ""u1"": 155, ""u2"": 77, ""batch_size"": 19}",0.44036697247706424,0.4527777777777778,108,0.39814814814814814,-2.233649899860548,-0.48569620968677885,-0.30894086096870466,-3.6197688299592237,0.5787037037037037,0.578978978978979,107,0.4953271028037383,-0.6515183439614313,-0.18787297840389394,-0.13773901768566668,-0.9826503491154421,-1.3639779167921586
SPY,social_only,lstm,2,0.0025,2024,"{""lr"": 0.0029691314695991853, ""dropout"": 0.19771188487863, ""u1"": 155, ""u2"": 77, ""batch_size"": 19}",0.536697247706422,0.5662457912457913,108,0.5277777777777778,0.5977906780568262,0.16731811254973827,-0.12852531446140938,0.8907468436444557,0.5370370370370371,0.5263835263835264,107,0.514018691588785,0.09135929072180415,0.008686442818095053,-0.12320567519431411,0.15831352605161492,0.07050359331577226
SPY,social_only,lstm,2,0.0025,31415,"{""lr"": 0.0029691314695991853, ""dropout"": 0.19771188487863, ""u1"": 155, ""u2"": 77, ""batch_size"": 19}",0.5229357798165137,0.5297979797979797,108,0.5,0.6301648535886925,0.1782991805440559,-0.15931424875674732,1.1401287388033978,0.48148148148148145,0.488974688974689,107,0.48598130841121495,-1.3434220897235514,-0.33612668005898894,-0.18995133531050398,-2.0829950259428514,-1.769541022228348
SPY,social_only,lstm,5,0.005,42,"{""lr"": 0.0029691314695991853, ""dropout"": 0.19771188487863, ""u1"": 155, ""u2"": 77, ""batch_size"": 19}",0.5023255813953489,0.6536863966770508,42,0.5714285714285714,0.9910851577272398,0.8719825265184813,-0.06023995210731554,1.4784742401388675,0.5277777777777778,0.5091735253772292,43,0.5348837209302325,1.5559412997273074,1.982085161127901,-0.034700107160287944,3.5996067118781525,57.12043343186763
SPY,social_only,lstm,5,0.005,7,"{""lr"": 0.0029691314695991853, ""dropout"": 0.19771188487863, ""u1"": 155, ""u2"": 77, ""batch_size"": 19}",0.5906976744186047,0.635773624091381,42,0.5476190476190477,0.31981426146120745,0.1963799344967352,-0.052911682254952304,0.5194390024425335,0.4398148148148148,0.43372770919067216,43,0.4418604651162791,-0.6019209637335776,-0.3987007686614137,-0.13538363621155783,-1.0761303158633828,-2.9449701590108144
SPY,social_only,lstm,5,0.005,1337,"{""lr"": 0.0029691314695991853, ""dropout"": 0.19771188487863, ""u1"": 155, ""u2"": 77, ""batch_size"": 19}",0.6093023255813953,0.6310141917618554,42,0.5714285714285714,0.22910489714199217,0.12442022499711403,-0.10217362326808789,0.2948531024094812,0.5138888888888888,0.5025720164609053,43,0.4883720930232558,0.4833756154323678,0.3736333193749244,-0.09456784536514398,1.0938704644665804,3.9509551891793335
SPY,social_only,lstm,5,0.005,2024,"{""lr"": 0.0029691314695991853, ""dropout"": 0.19771188487863, ""u1"": 155, ""u2"": 77, ""batch_size"": 19}",0.5441860465116279,0.5769297334717896,42,0.47619047619047616,0.5476626890259841,0.3960285637329297,-0.12961329796453444,1.1974022513652258,0.4861111111111111,0.5095164609053499,43,0.3953488372093023,-0.6163638477044329,-0.4052681787740823,-0.18455228780150248,-1.0820549429810185,-2.195953155617196
SPY,social_only,lstm,5,0.005,31415,"{""lr"": 0.0029691314695991853, ""dropout"": 0.19771188487863, ""u1"": 155, ""u2"": 77, ""batch_size"": 19}",0.6046511627906976,0.6272931810314988,42,0.5714285714285714,1.0686733105109023,0.9686354352122242,-0.11364782086486461,1.6373533075753635,0.49537037037037035,0.49202674897119336,43,0.4418604651162791,-0.23323372307334164,-0.20334000810507924,-0.10698237935769703,-0.44012757258131296,-1.9006869105538322
SPY,social_only,lstm,10,0.01,42,"{""lr"": 0.0029691314695991853, ""dropout"": 0.19771188487863, ""u1"": 155, ""u2"": 77, ""batch_size"": 19}",0.5238095238095238,0.49513149513149507,20,0.5,-0.8869460807393583,-0.6759044122406704,-0.11861068478476404,-1.4901932194735874,0.5092592592592593,0.5087027351453314,21,0.3333333333333333,-2.0514201255814295,-0.9074720686737219,-0.19075981165909495,-3.2275893450553195,-4.7571449184247285
SPY,social_only,lstm,10,0.01,7,"{""lr"": 0.0029691314695991853, ""dropout"": 0.19771188487863, ""u1"": 155, ""u2"": 77, ""batch_size"": 19}",0.5238095238095238,0.5516425516425517,20,0.55,0.42698385300368974,0.578311714487383,-0.09360625275928765,1.0038070030794026,0.5416666666666666,0.5898139415244791,21,0.38095238095238093,-1.174804801457315,-0.7678018339789621,-0.12770162253468753,-2.4218335312153605,-6.012467333924472
SPY,social_only,lstm,10,0.01,1337,"{""lr"": 0.0029691314695991853, ""dropout"": 0.19771188487863, ""u1"": 155, ""u2"": 77, ""batch_size"": 19}",0.5095238095238095,0.49294749294749296,20,0.65,0.24420561012099437,0.2675393027688031,-0.08861622490473318,0.5018532404409888,0.49074074074074076,0.4890679927977364,21,0.5238095238095238,-0.4505505037826044,-0.4562668320830626,-0.09322324386224728,-0.7113534201059974,-4.894346229329588
SPY,social_only,lstm,10,0.01,2024,"{""lr"": 0.0029691314695991853, ""dropout"": 0.19771188487863, ""u1"": 155, ""u2"": 77, ""batch_size"": 19}",0.5952380952380952,0.6248976248976248,20,0.7,1.4837302309013407,4.09874408051509,-0.046194385731588655,2.079570374514793,0.4583333333333333,0.427162822601389,21,0.5238095238095238,-0.7672888595709455,-0.627927207383065,-0.1322743978463926,-1.2273354111541115,-4.747156045361576
SPY,social_only,lstm,10,0.01,31415,"{""lr"": 0.0029691314695991853, ""dropout"": 0.19771188487863, ""u1"": 155, ""u2"": 77, ""batch_size"": 19}",0.5571428571428572,0.6035126035126035,20,0.75,1.745999329800804,5.594926543124656,-0.04434978951850758,2.789341790267602,0.5324074074074074,0.6001028894795507,21,0.7142857142857143,1.8186907252461921,6.093069181481579,-0.053724693368967444,2.485681009288667,113.41282377613473
SPY,sentiment_only,lstm,2,0.0025,42,"{""lr"": 0.0016595613641357258, ""dropout"": 0.4332779646944659, ""u1"": 97, ""u2"": 60, ""batch_size"": 25}",0.5137614678899083,0.5434343434343435,108,0.4166666666666667,-1.463414611586713,-0.3590469930416491,-0.2445864700186319,-2.4667800702650164,0.4861111111111111,0.3595881595881596,107,0.35514018691588783,-2.5406554482283523,-0.5276458096457356,-0.28179007738267925,-4.7702334200782905,-1.8724783162935046
SPY,sentiment_only,lstm,2,0.0025,7,"{""lr"": 0.0016595613641357258, ""dropout"": 0.4332779646944659, ""u1"": 97, ""u2"": 60, ""batch_size"": 25}",0.48623853211009177,0.4898989898989899,108,0.3888888888888889,-2.5925924954912105,-0.5347548990376024,-0.29040766671801277,-4.0671321258671,0.5138888888888888,0.5677391677391678,107,0.37383177570093457,-2.3373102015339775,-0.5001099309264279,-0.264302128719579,-4.3746456504671025,-1.892190325326656
SPY,sentiment_only,lstm,2,0.0025,1337,"{""lr"": 0.0016595613641357258, ""dropout"": 0.4332779646944659, ""u1"": 97, ""u2"": 60, ""batch_size"": 25}",0.5045871559633027,0.46750841750841754,108,0.39814814814814814,-2.174384352076467,-0.47703173960193224,-0.2866602926195147,-3.4537739795082416,0.5138888888888888,0.4622908622908623,107,0.37383177570093457,-2.3373102015339775,-0.5001099309264279,-0.264302128719579,-4.3746456504671025,-1.892190325326656
SPY,sentiment_only,lstm,2,0.0025,2024,"{""lr"": 0.0016595613641357258, ""dropout"": 0.4332779646944659, ""u1"": 97, ""u2"": 60, ""batch_size"": 25}",0.5275229357798165,0.5223063973063974,108,0.42592592592592593,-1.753392436073609,-0.4104367925890148,-0.2555915812218602,-2.751960699503556,0.5138888888888888,0.47953667953667956,107,0.42990654205607476,-1.8829579128030212,-0.43156495360409164,-0.2230464644057558,-3.4958696604498964,-1.9348657005340766
SPY,sentiment_only,lstm,2,0.0025,31415,"{""lr"": 0.0016595613641357258, ""dropout"": 0.4332779646944659, ""u1"": 97, ""u2"": 60, ""batch_size"": 25}",0.5045871559633027,0.49141414141414136,108,0.39814814814814814,-2.174384352076467,-0.47703173960193224,-0.2866602926195147,-3.4537739795082416,0.5138888888888888,0.48202488202488203,107,0.37383177570093457,-2.3373102015339775,-0.5001099309264279,-0.264302128719579,-4.3746456504671025,-1.892190325326656
SPY,sentiment_only,lstm,5,0.005,42,"{""lr"": 0.0016595613641357258, ""dropout"": 0.4332779646944659, ""u1"": 97, ""u2"": 60, ""batch_size"": 25}",0.586046511627907,0.5704828660436136,42,0.47619047619047616,-0.22912926028176775,-0.1785188800533405,-0.11224321566811014,-0.34542157357224385,0.4444444444444444,0.4081790123456791,43,0.3488372093023256,-1.1140791248915516,-0.5911154228751093,-0.21105121903016102,-1.9364613825733652,-2.800815013490322
SPY,sentiment_only,lstm,5,0.005,7,"{""lr"": 0.0016595613641357258, ""dropout"": 0.4332779646944659, ""u1"": 97, ""u2"": 60, ""batch_size"": 25}",0.5069767441860465,0.5329698857736241,42,0.42857142857142855,-0.23394899242756537,-0.1809255203253637,-0.11384658210726027,-0.4810455983143079,0.4675925925925926,0.4121227709190672,43,0.3488372093023256,-1.1984631830931163,-0.6158994724414656,-0.18837489535976015,-2.148852971765122,-3.269541152313396
SPY,sentiment_only,lstm,5,0.005,1337,"{""lr"": 0.0016595613641357258, ""dropout"": 0.4332779646944659, ""u1"": 97, ""u2"": 60, ""batch_size"": 25}",0.5023255813953489,0.5427483558324679,42,0.38095238095238093,-1.686876837654754,-0.6911579166857119,-0.21903950581408804,-2.8254493412403363,0.5,0.5093449931412894,43,0.37209302325581395,-1.6597338299872175,-0.7253730915136845,-0.22767811669174587,-2.564315194214112,-3.1859587651797447
SPY,sentiment_only,lstm,5,0.005,2024,"{""lr"": 0.0016595613641357258, ""dropout"": 0.4332779646944659, ""u1"": 97, ""u2"": 60, ""batch_size"": 25}",0.5023255813953489,0.5520076150917272,42,0.38095238095238093,-1.686876837654754,-0.6911579166857119,-0.21903950581408804,-2.8254493412403363,0.5,0.5521262002743483,43,0.37209302325581395,-1.6597338299872175,-0.7253730915136845,-0.22767811669174587,-2.564315194214112,-3.1859587651797447
SPY,sentiment_only,lstm,5,0.005,31415,"{""lr"": 0.0016595613641357258, ""dropout"": 0.4332779646944659, ""u1"": 97, ""u2"": 60, ""batch_size"": 25}",0.5023255813953489,0.5976981654551746,42,0.38095238095238093,-1.686876837654754,-0.6911579166857119,-0.21903950581408804,-2.8254493412403363,0.4675925925925926,0.35939643347050754,43,0.3488372093023256,-1.7113719605970956,-0.7352663631996244,-0.23249811615424612,-2.647113535863427,-3.162461594793426
SPY,sentiment_only,lstm,10,0.01,42,"{""lr"": 0.0016595613641357258, ""dropout"": 0.4332779646944659, ""u1"": 97, ""u2"": 60, ""batch_size"": 25}",0.5571428571428572,0.5715715715715716,20,0.55,0.24440057633070741,0.26798619973971793,-0.050420354008486636,0.45306945199144266,0.37962962962962965,0.2896338849352653,21,0.5714285714285714,0.4689406658734337,0.6532926619666817,-0.06734173108252499,0.7375708244906414,9.701156347853516
SPY,sentiment_only,lstm,10,0.01,7,"{""lr"": 0.0016595613641357258, ""dropout"": 0.4332779646944659, ""u1"": 97, ""u2"": 60, ""batch_size"": 25}",0.49523809523809526,0.5711165711165711,20,0.4,-1.7079273478788495,-0.868845800509599,-0.15152394654198717,-3.738597323501554,0.4398148148148148,0.41850295807253707,21,0.6190476190476191,0.09240465951072831,0.051501080285069056,-0.10237655263961293,0.13482879474529816,0.503055425848961
SPY,sentiment_only,lstm,10,0.01,1337,"{""lr"": 0.0016595613641357258, ""dropout"": 0.4332779646944659, ""u1"": 97, ""u2"": 60, ""batch_size"": 25}",0.4714285714285714,0.5880425880425879,20,0.35,-1.4995471247522985,-0.8369172726926392,-0.1685281425261881,-2.7722477649879824,0.5046296296296297,0.5261939466689531,21,0.3333333333333333,-2.031965241067389,-0.9056933554288784,-0.20909414048045644,-3.6566270211739558,-4.331509976069997
SPY,sentiment_only,lstm,10,0.01,2024,"{""lr"": 0.0016595613641357258, ""dropout"": 0.4332779646944659, ""u1"": 97, ""u2"": 60, ""batch_size"": 25}",0.4238095238095238,0.5599235599235599,20,0.35,-1.101253202790712,-0.7468307466417426,-0.1361827491323341,-1.9737680758952225,0.5092592592592593,0.5087884763782903,21,0.38095238095238093,-1.3738522404009585,-0.8139986894194864,-0.16640795184449253,-2.5374818419067817,-4.891585290227984
SPY,sentiment_only,lstm,10,0.01,31415,"{""lr"": 0.0016595613641357258, ""dropout"": 0.4332779646944659, ""u1"": 97, ""u2"": 60, ""batch_size"": 25}",0.5428571428571428,0.5371735371735371,20,0.6,0.9085970742002725,1.758284635406794,-0.07133516427767429,2.1034900695572434,0.35185185185185186,0.3204149875675212,21,0.5238095238095238,-0.535131096481458,-0.5090451776268828,-0.10237655263961293,-0.8226839032178974,-4.97228285678684
SPY,technical_only,lstm,2,0.0025,42,"{""lr"": 0.0032413268041956303, ""dropout"": 0.2700623497964979, ""u1"": 104, ""u2"": 80, ""batch_size"": 18}",0.46788990825688076,0.5471380471380471,108,0.46296296296296297,-0.41902445925435744,-0.13099291816421377,-0.1087292606614013,-0.6632618593903591,0.5370370370370371,0.5570999570999572,107,0.5327102803738317,0.69672356888252,0.20093410299783732,-0.07007685539205973,1.0536840711146092,2.8673390361720594
SPY,technical_only,lstm,2,0.0025,7,"{""lr"": 0.0032413268041956303, ""dropout"": 0.2700623497964979, ""u1"": 104, ""u2"": 80, ""batch_size"": 18}",0.5321100917431193,0.5647306397306397,108,0.4537037037037037,-0.4575650817724427,-0.1407071507488945,-0.15717979736814292,-0.7683031402446228,0.5185185185185185,0.5622479622479623,107,0.40186915887850466,-1.7845973340411536,-0.41535060491820264,-0.22806036723894,-3.3158320933064314,-1.8212309747052091
SPY,technical_only,lstm,2,0.0025,1337,"{""lr"": 0.0032413268041956303, ""dropout"": 0.2700623497964979, ""u1"": 104, ""u2"": 80, ""batch_size"": 18}",0.5596330275229358,0.608080808080808,108,0.5370370370370371,0.6162141320538501,0.17353195841317448,-0.07278149928252618,0.9572006418411908,0.49537037037037035,0.5535821535821536,107,0.514018691588785,1.0382359477121883,0.32321944177773165,-0.07504700902048565,1.8378647036999038,4.306893052719825
SPY,technical_only,lstm,2,0.0025,2024,"{""lr"": 0.0032413268041956303, ""dropout"": 0.2700623497964979, ""u1"": 104, ""u2"": 80, ""batch_size"": 18}",0.5275229357798165,0.5602693602693604,108,0.5277777777777778,0.34539364343071755,0.08551487894641485,-0.12684963623011622,0.5316680478888989,0.5185185185185185,0.5119691119691119,107,0.5327102803738317,0.04658662380673652,-0.004347704253122919,-0.10733588407634818,0.07835667330131653,-0.040505598761644244
SPY,technical_only,lstm,2,0.0025,31415,"{""lr"": 0.0032413268041956303, ""dropout"": 0.2700623497964979, ""u1"": 104, ""u2"": 80, ""batch_size"": 18}",0.5412844036697247,0.6030303030303029,108,0.4351851851851852,-0.966488574746747,-0.2594469136090589,-0.1930532642070928,-1.6394027617931564,0.5231481481481481,0.5183183183183184,107,0.37383177570093457,-2.6922361246994218,-0.5470121255827722,-0.29444380795969155,-4.846631616373812,-1.8577810461466946
SPY,technical_only,lstm,5,0.005,42,"{""lr"": 0.0032413268041956303, ""dropout"": 0.2700623497964979, ""u1"": 104, ""u2"": 80, ""batch_size"": 18}",0.6186046511627907,0.676791277258567,42,0.5714285714285714,0.9516784092795516,0.8246001201016937,-0.06636937491547305,1.5867397301724482,0.5046296296296297,0.47127914951989025,43,0.3953488372093023,-1.1971810390993023,-0.6156647195315721,-0.22292347811065596,-1.8158392857190633,-2.7617760352095577
SPY,technical_only,lstm,5,0.005,7,"{""lr"": 0.0032413268041956303, ""dropout"": 0.2700623497964979, ""u1"": 104, ""u2"": 80, ""batch_size"": 18}",0.5534883720930233,0.5803911388023537,42,0.5238095238095238,0.6649859049594948,0.5100158325871194,-0.07116283944505013,1.28212402465843,0.4398148148148148,0.40629286694101513,43,0.3953488372093023,-0.6969903551397503,-0.4407727871137517,-0.1382832023669787,-1.0777470026057994,-3.1874644177245774
SPY,technical_only,lstm,5,0.005,1337,"{""lr"": 0.0032413268041956303, ""dropout"": 0.2700623497964979, ""u1"": 104, ""u2"": 80, ""batch_size"": 18}",0.5674418604651162,0.64797507788162,42,0.5,0.2570848001126087,0.14638920093856211,-0.09544978215749741,0.4118867973485391,0.4398148148148148,0.46339163237311387,43,0.37209302325581395,-1.9543855773043701,-0.7766937964913179,-0.24735092834578662,-3.003403178165286,-3.140048034934121
SPY,technical_only,lstm,5,0.005,2024,"{""lr"": 0.0032413268041956303, ""dropout"": 0.2700623497964979, ""u1"": 104, ""u2"": 80, ""batch_size"": 18}",0.6139534883720931,0.625129802699896,42,0.6190476190476191,1.2531242550895183,1.2155323413109493,-0.09349269241548516,1.7055069401059617,0.5138888888888888,0.5601851851851851,43,0.4418604651162791,0.5265897778605648,0.4184996149624822,-0.13222753631258788,0.973878605216356,3.1649959352879633
SPY,technical_only,lstm,5,0.005,31415,"{""lr"": 0.0032413268041956303, ""dropout"": 0.2700623497964979, ""u1"": 104, ""u2"": 80, ""batch_size"": 18}",0.5581395348837209,0.5687088958116995,42,0.5,0.06735835057470502,0.007128408455743029,-0.09600004111198719,0.11628780874121508,0.37962962962962965,0.3505658436213992,43,0.3953488372093023,-1.7357950229036272,-0.739925812878966,-0.25254865422041306,-2.3209578794962575,-2.9298347091297194
SPY,technical_only,lstm,10,0.01,42,"{""lr"": 0.0032413268041956303, ""dropout"": 0.2700623497964979, ""u1"": 104, ""u2"": 80, ""batch_size"": 18}",0.6,0.6764036764036764,20,0.6,0.5308249425867109,0.7843375722177397,-0.04924726985981582,1.067025912470572,0.5,0.508102546514619,21,0.6666666666666666,1.0572890305918563,2.2491793414817796,-0.043099502626354744,2.4162356741318716,52.18573775620413
SPY,technical_only,lstm,10,0.01,7,"{""lr"": 0.0032413268041956303, ""dropout"": 0.2700623497964979, ""u1"": 104, ""u2"": 80, ""batch_size"": 18}",0.5904761904761905,0.5875875875875876,20,0.55,0.3822689009052003,0.49611655923517795,-0.056000769624368264,0.749428152119892,0.5277777777777778,0.532367315441996,21,0.6190476190476191,0.591599460776837,0.9110702002830218,-0.053103469532705616,1.0797407265911,17.156509890976285
SPY,technical_only,lstm,10,0.01,1337,"{""lr"": 0.0032413268041956303, ""dropout"": 0.2700623497964979, ""u1"": 104, ""u2"": 80, ""batch_size"": 18}",0.5095238095238095,0.4448084448084448,20,0.6,0.560020527066014,0.8466491307573671,-0.07717788285265305,1.0905991879913182,0.5,0.4692617679842236,21,0.6190476190476191,0.4947595885638732,0.7045718488807218,-0.0854952802023694,0.7646621220311696,8.241061345292781
SPY,technical_only,lstm,10,0.01,2024,"{""lr"": 0.0032413268041956303, ""dropout"": 0.2700623497964979, ""u1"": 104, ""u2"": 80, ""batch_size"": 18}",0.48095238095238096,0.5430885430885432,20,0.35,-1.4995471247522985,-0.8369172726926392,-0.1685281425261881,-2.7722477649879824,0.5092592592592593,0.4915544885535454,21,0.38095238095238093,-1.2167788271556748,-0.778539975468016,-0.1524002625362936,-2.398006813348515,-5.1085212224133105
SPY,technical_only,lstm,10,0.01,31415,"{""lr"": 0.0032413268041956303, ""dropout"": 0.2700623497964979, ""u1"": 104, ""u2"": 80, ""batch_size"": 18}",0.5761904761904761,0.5412685412685413,20,0.6,0.9366869359379857,1.845941630517133,-0.054528478452023355,1.7250817146819433,0.49537037037037035,0.45357112235273944,21,0.5714285714285714,0.14353055008415883,0.11905070513267835,-0.10242768974574462,0.23708111296283138,1.1622902501090955
SPY,learned_alpha_per_stock,lstm,2,0.0025,42,"{""lr"": 0.0005625942616173257, ""dropout"": 0.4774873889687423, ""u1"": 169, ""u2"": 38, ""batch_size"": 24}",0.5,0.5454545454545454,108,0.48148148148148145,0.0013766832559500507,-0.01758447430821175,-0.11966841282525115,0.0021480030276284754,0.5,0.4999570999570999,107,0.5233644859813084,0.9091298227480864,0.27585931474157066,-0.061267889071466713,1.72010678497132,4.50251051443589
SPY,learned_alpha_per_stock,lstm,2,0.0025,7,"{""lr"": 0.0005625942616173257, ""dropout"": 0.4774873889687423, ""u1"": 169, ""u2"": 38, ""batch_size"": 24}",0.5275229357798165,0.5413299663299663,108,0.4537037037037037,-0.03207040265399124,-0.027093039876441405,-0.07457101509727135,-0.05179355614307744,0.5555555555555556,0.5679107679107679,107,0.4485981308411215,-0.04716697925114835,-0.031064131041481646,-0.12311738539511982,-0.10555634968093454,-0.25231311517693245
SPY,learned_alpha_per_stock,lstm,2,0.0025,1337,"{""lr"": 0.0005625942616173257, ""dropout"": 0.4774873889687423, ""u1"": 169, ""u2"": 38, ""batch_size"": 24}",0.5045871559633027,0.49730639730639736,108,0.39814814814814814,-2.174384352076467,-0.47703173960193224,-0.2866602926195147,-3.4537739795082416,0.5138888888888888,0.4748176748176749,107,0.37383177570093457,-2.3373102015339775,-0.5001099309264279,-0.264302128719579,-4.3746456504671025,-1.892190325326656
SPY,learned_alpha_per_stock,lstm,2,0.0025,2024,"{""lr"": 0.0005625942616173257, ""dropout"": 0.4774873889687423, ""u1"": 169, ""u2"": 38, ""batch_size"": 24}",0.5275229357798165,0.5271043771043771,108,0.46296296296296297,-0.7935344056687812,-0.2211064822091504,-0.16673237886135792,-1.2755628895993412,0.5324074074074074,0.4501930501930502,107,0.4485981308411215,-1.4497329071337701,-0.3562026624296635,-0.18312190421566177,-2.664641515877396,-1.9451668764331183
SPY,learned_alpha_per_stock,lstm,2,0.0025,31415,"{""lr"": 0.0005625942616173257, ""dropout"": 0.4774873889687423, ""u1"": 169, ""u2"": 38, ""batch_size"": 24}",0.5091743119266054,0.5340067340067339,108,0.4444444444444444,-1.0432116637526665,-0.2758516280056388,-0.19601311945176006,-1.6796015392485042,0.5277777777777778,0.523981123981124,107,0.411214953271028,-1.6911546642487412,-0.3994711094733997,-0.20471437590585076,-3.1741886465215288,-1.95135836311329
SPY,learned_alpha_per_stock,lstm,5,0.005,42,"{""lr"": 0.0005625942616173257, ""dropout"": 0.4774873889687423, ""u1"": 169, ""u2"": 38, ""batch_size"": 24}",0.5767441860465117,0.6583592938733126,42,0.6428571428571429,2.0184987688727447,2.5272465175811862,-0.05038085231987489,3.0737519271213385,0.5046296296296297,0.48173868312757195,43,0.5116279069767442,0.7770012620489265,0.7088690813024441,-0.08213038958885181,1.280673725060531,8.631020561951216
SPY,learned_alpha_per_stock,lstm,5,0.005,7,"{""lr"": 0.0005625942616173257, ""dropout"": 0.4774873889687423, ""u1"": 169, ""u2"": 38, ""batch_size"": 24}",0.5627906976744186,0.5656801661474559,42,0.5476190476190477,0.8034171427565746,0.6552480012621438,-0.06913585368737431,1.3451419261889088,0.4583333333333333,0.4497599451303155,43,0.46511627906976744,-0.2530592581979746,-0.21561546140365118,-0.11795844752264939,-0.4042086850020104,-1.8278933466147094
SPY,learned_alpha_per_stock,lstm,5,0.005,1337,"{""lr"": 0.0005625942616173257, ""dropout"": 0.4774873889687423, ""u1"": 169, ""u2"": 38, ""batch_size"": 24}",0.5906976744186047,0.6058324679820006,42,0.5714285714285714,0.8753343649286234,0.7357466060525291,-0.10022976872726029,1.642462087148359,0.4722222222222222,0.4843106995884774,43,0.3023255813953488,-1.5075715913235834,-0.6935833669855422,-0.22922852188916476,-2.777170177904766,-3.0257289157101472
SPY,learned_alpha_per_stock,lstm,5,0.005,2024,"{""lr"": 0.0005625942616173257, ""dropout"": 0.4774873889687423, ""u1"": 169, ""u2"": 38, ""batch_size"": 24}",0.5767441860465117,0.5885254413291797,42,0.5,0.10123524083286123,0.030681946607194366,-0.06636937491547322,0.16885275955746581,0.5416666666666666,0.5067729766803841,43,0.3953488372093023,-1.0259844078276026,-0.5634884408437362,-0.15095991782322013,-1.5797243484406418,-3.732702355492819
SPY,learned_alpha_per_stock,lstm,5,0.005,31415,"{""lr"": 0.0005625942616173257, ""dropout"": 0.4774873889687423, ""u1"": 169, ""u2"": 38, ""batch_size"": 24}",0.5302325581395348,0.5923329871928004,42,0.47619047619047616,-0.1692840990122637,-0.14382632597694867,-0.12154236961638298,-0.3142853187580297,0.5370370370370371,0.4783950617283951,43,0.4186046511627907,-1.0933109352055395,-0.5848763761832684,-0.17126418400193646,-1.6504076279964792,-3.4150536470407333
SPY,learned_alpha_per_stock,lstm,10,0.01,42,"{""lr"": 0.0005625942616173257, ""dropout"": 0.4774873889687423, ""u1"": 169, ""u2"": 38, ""batch_size"": 24}",0.4714285714285714,0.45964145964145964,20,0.5,-0.8191173073221517,-0.6490683839503645,-0.12685833575738908,-1.3632856794455674,0.4537037037037037,0.4465403412501071,21,0.42857142857142855,-0.8161303964896218,-0.648748910439921,-0.14452874562738935,-1.2924682863468766,-4.488718888576432
SPY,learned_alpha_per_stock,lstm,10,0.01,7,"{""lr"": 0.0005625942616173257, ""dropout"": 0.4774873889687423, ""u1"": 169, ""u2"": 38, ""batch_size"": 24}",0.5619047619047619,0.5978705978705978,20,0.65,1.2177844524752648,2.8694052945831485,-0.03172866179248705,2.0799787346842114,0.4351851851851852,0.4509988853639715,21,0.6190476190476191,0.6662325764595336,1.084350089754135,-0.053724693368967444,0.9968112560184439,20.183457954931377
SPY,learned_alpha_per_stock,lstm,10,0.01,1337,"{""lr"": 0.0005625942616173257, ""dropout"": 0.4774873889687423, ""u1"": 169, ""u2"": 38, ""batch_size"": 24}",0.4666666666666667,0.5315315315315315,20,0.35,-1.622539691027119,-0.8567722051075133,-0.17705104359506346,-2.928342950970838,0.5231481481481481,0.48743890937151674,21,0.42857142857142855,-1.1865822368283432,-0.7708849680371845,-0.14999659224417938,-2.522068298587163,-5.139349877910968
SPY,learned_alpha_per_stock,lstm,10,0.01,2024,"{""lr"": 0.0005625942616173257, ""dropout"": 0.4774873889687423, ""u1"": 169, ""u2"": 38, ""batch_size"": 24}",0.46190476190476193,0.4528164528164529,20,0.35,-1.4995471247522985,-0.8369172726926392,-0.1685281425261881,-2.7722477649879824,0.5,0.5831261253536825,21,0.38095238095238093,-1.8669059963307773,-0.8891187627338757,-0.1983506576724999,-3.4530105742990096,-4.4825601949952425
SPY,learned_alpha_per_stock,lstm,10,0.01,31415,"{""lr"": 0.0005625942616173257, ""dropout"": 0.4774873889687423, ""u1"": 169, ""u2"": 38, ""batch_size"": 24}",0.4666666666666667,0.5339885339885341,20,0.55,0.10187898762813383,0.06757101552448086,-0.11727355639029881,0.24564449715740824,0.49537037037037035,0.4576009603018091,21,0.38095238095238093,-1.2562413045839893,-0.7881123941198948,-0.15551553577413682,-2.520205831581954,-5.067740597084208
SPY,learned_alpha_global,lstm,2,0.0025,42,"{""lr"": 0.0005625942616173257, ""dropout"": 0.4774873889687423, ""u1"": 169, ""u2"": 38, ""batch_size"": 24}",0.5,0.5454545454545454,108,0.48148148148148145,0.0013766832559500507,-0.01758447430821175,-0.11966841282525115,0.0021480030276284754,0.5,0.4999570999570999,107,0.5233644859813084,0.9091298227480864,0.27585931474157066,-0.061267889071466713,1.72010678497132,4.50251051443589
SPY,learned_alpha_global,lstm,2,0.0025,7,"{""lr"": 0.0005625942616173257, ""dropout"": 0.4774873889687423, ""u1"": 169, ""u2"": 38, ""batch_size"": 24}",0.5275229357798165,0.5413299663299663,108,0.4537037037037037,-0.03207040265399124,-0.027093039876441405,-0.07457101509727135,-0.05179355614307744,0.5555555555555556,0.5679107679107679,107,0.4485981308411215,-0.04716697925114835,-0.031064131041481646,-0.12311738539511982,-0.10555634968093454,-0.25231311517693245
SPY,learned_alpha_global,lstm,2,0.0025,1337,"{""lr"": 0.0005625942616173257, ""dropout"": 0.4774873889687423, ""u1"": 169, ""u2"": 38, ""batch_size"": 24}",0.5045871559633027,0.49730639730639736,108,0.39814814814814814,-2.174384352076467,-0.47703173960193224,-0.2866602926195147,-3.4537739795082416,0.5138888888888888,0.4748176748176749,107,0.37383177570093457,-2.3373102015339775,-0.5001099309264279,-0.264302128719579,-4.3746456504671025,-1.892190325326656
SPY,learned_alpha_global,lstm,2,0.0025,2024,"{""lr"": 0.0005625942616173257, ""dropout"": 0.4774873889687423, ""u1"": 169, ""u2"": 38, ""batch_size"": 24}",0.5275229357798165,0.5271043771043771,108,0.46296296296296297,-0.7935344056687812,-0.2211064822091504,-0.16673237886135792,-1.2755628895993412,0.5324074074074074,0.4501930501930502,107,0.4485981308411215,-1.4497329071337701,-0.3562026624296635,-0.18312190421566177,-2.664641515877396,-1.9451668764331183
SPY,learned_alpha_global,lstm,2,0.0025,31415,"{""lr"": 0.0005625942616173257, ""dropout"": 0.4774873889687423, ""u1"": 169, ""u2"": 38, ""batch_size"": 24}",0.5091743119266054,0.5340067340067339,108,0.4444444444444444,-1.0432116637526665,-0.2758516280056388,-0.19601311945176006,-1.6796015392485042,0.5277777777777778,0.523981123981124,107,0.411214953271028,-1.6911546642487412,-0.3994711094733997,-0.20471437590585076,-3.1741886465215288,-1.95135836311329
SPY,learned_alpha_global,lstm,5,0.005,42,"{""lr"": 0.0005625942616173257, ""dropout"": 0.4774873889687423, ""u1"": 169, ""u2"": 38, ""batch_size"": 24}",0.5767441860465117,0.6583592938733126,42,0.6428571428571429,2.0184987688727447,2.5272465175811862,-0.05038085231987489,3.0737519271213385,0.5046296296296297,0.48173868312757195,43,0.5116279069767442,0.7770012620489265,0.7088690813024441,-0.08213038958885181,1.280673725060531,8.631020561951216
SPY,learned_alpha_global,lstm,5,0.005,7,"{""lr"": 0.0005625942616173257, ""dropout"": 0.4774873889687423, ""u1"": 169, ""u2"": 38, ""batch_size"": 24}",0.5627906976744186,0.5656801661474559,42,0.5476190476190477,0.8034171427565746,0.6552480012621438,-0.06913585368737431,1.3451419261889088,0.4583333333333333,0.4497599451303155,43,0.46511627906976744,-0.2530592581979746,-0.21561546140365118,-0.11795844752264939,-0.4042086850020104,-1.8278933466147094
SPY,learned_alpha_global,lstm,5,0.005,1337,"{""lr"": 0.0005625942616173257, ""dropout"": 0.4774873889687423, ""u1"": 169, ""u2"": 38, ""batch_size"": 24}",0.5906976744186047,0.6058324679820006,42,0.5714285714285714,0.8753343649286234,0.7357466060525291,-0.10022976872726029,1.642462087148359,0.4722222222222222,0.4843106995884774,43,0.3023255813953488,-1.5075715913235834,-0.6935833669855422,-0.22922852188916476,-2.777170177904766,-3.0257289157101472
SPY,learned_alpha_global,lstm,5,0.005,2024,"{""lr"": 0.0005625942616173257, ""dropout"": 0.4774873889687423, ""u1"": 169, ""u2"": 38, ""batch_size"": 24}",0.5767441860465117,0.5885254413291797,42,0.5,0.10123524083286123,0.030681946607194366,-0.06636937491547322,0.16885275955746581,0.5416666666666666,0.5067729766803841,43,0.3953488372093023,-1.0259844078276026,-0.5634884408437362,-0.15095991782322013,-1.5797243484406418,-3.732702355492819
SPY,learned_alpha_global,lstm,5,0.005,31415,"{""lr"": 0.0005625942616173257, ""dropout"": 0.4774873889687423, ""u1"": 169, ""u2"": 38, ""batch_size"": 24}",0.5302325581395348,0.5923329871928004,42,0.47619047619047616,-0.1692840990122637,-0.14382632597694867,-0.12154236961638298,-0.3142853187580297,0.5370370370370371,0.4783950617283951,43,0.4186046511627907,-1.0933109352055395,-0.5848763761832684,-0.17126418400193646,-1.6504076279964792,-3.4150536470407333
SPY,learned_alpha_global,lstm,10,0.01,42,"{""lr"": 0.0005625942616173257, ""dropout"": 0.4774873889687423, ""u1"": 169, ""u2"": 38, ""batch_size"": 24}",0.4714285714285714,0.45964145964145964,20,0.5,-0.8191173073221517,-0.6490683839503645,-0.12685833575738908,-1.3632856794455674,0.4537037037037037,0.4465403412501071,21,0.42857142857142855,-0.8161303964896218,-0.648748910439921,-0.14452874562738935,-1.2924682863468766,-4.488718888576432
SPY,learned_alpha_global,lstm,10,0.01,7,"{""lr"": 0.0005625942616173257, ""dropout"": 0.4774873889687423, ""u1"": 169, ""u2"": 38, ""batch_size"": 24}",0.5619047619047619,0.5978705978705978,20,0.65,1.2177844524752648,2.8694052945831485,-0.03172866179248705,2.0799787346842114,0.4351851851851852,0.4509988853639715,21,0.6190476190476191,0.6662325764595336,1.084350089754135,-0.053724693368967444,0.9968112560184439,20.183457954931377
SPY,learned_alpha_global,lstm,10,0.01,1337,"{""lr"": 0.0005625942616173257, ""dropout"": 0.4774873889687423, ""u1"": 169, ""u2"": 38, ""batch_size"": 24}",0.4666666666666667,0.5315315315315315,20,0.35,-1.622539691027119,-0.8567722051075133,-0.17705104359506346,-2.928342950970838,0.5231481481481481,0.48743890937151674,21,0.42857142857142855,-1.1865822368283432,-0.7708849680371845,-0.14999659224417938,-2.522068298587163,-5.139349877910968
SPY,learned_alpha_global,lstm,10,0.01,2024,"{""lr"": 0.0005625942616173257, ""dropout"": 0.4774873889687423, ""u1"": 169, ""u2"": 38, ""batch_size"": 24}",0.46190476190476193,0.4528164528164529,20,0.35,-1.4995471247522985,-0.8369172726926392,-0.1685281425261881,-2.7722477649879824,0.5,0.5831261253536825,21,0.38095238095238093,-1.8669059963307773,-0.8891187627338757,-0.1983506576724999,-3.4530105742990096,-4.4825601949952425
SPY,learned_alpha_global,lstm,10,0.01,31415,"{""lr"": 0.0005625942616173257, ""dropout"": 0.4774873889687423, ""u1"": 169, ""u2"": 38, ""batch_size"": 24}",0.4666666666666667,0.5339885339885341,20,0.55,0.10187898762813383,0.06757101552448086,-0.11727355639029881,0.24564449715740824,0.49537037037037035,0.4576009603018091,21,0.38095238095238093,-1.2562413045839893,-0.7881123941198948,-0.15551553577413682,-2.520205831581954,-5.067740597084208
TSLA,full_70_30,lstm,2,0.0025,42,"{""lr"": 0.0031065686621952753, ""dropout"": 0.1, ""u1"": 192, ""u2"": 72, ""batch_size"": 64}",0.5642201834862385,0.5965386238919376,108,0.5555555555555556,1.703282417090446,3.413775828537414,-0.2871310409947035,2.6321482738161204,0.5138888888888888,0.45814751286449396,107,0.5233644859813084,0.3249386273173776,0.014843405229494788,-0.5343568225883295,0.4673827812999744,0.027778077498095695
TSLA,full_70_30,lstm,2,0.0025,7,"{""lr"": 0.0031065686621952753, ""dropout"": 0.1, ""u1"": 192, ""u2"": 72, ""batch_size"": 64}",0.536697247706422,0.5564373153229211,108,0.5462962962962963,0.6007398722792902,0.47480047314044427,-0.3619339278875235,0.9074800339299546,0.5370370370370371,0.540909090909091,107,0.5887850467289719,0.7624112701428525,0.9169450920938547,-0.4194248785435588,0.9617597309411426,2.186196239188102
TSLA,full_70_30,lstm,2,0.0025,1337,"{""lr"": 0.0031065686621952753, ""dropout"": 0.1, ""u1"": 192, ""u2"": 72, ""batch_size"": 64}",0.5642201834862385,0.5811734909244406,108,0.5740740740740741,1.5318239101232312,2.7400004928460477,-0.24460387121130728,2.443023792859604,0.5231481481481481,0.5267581475128645,107,0.5327102803738317,0.758992436204969,0.9221540499499794,-0.4314193205400679,1.092220142108955,2.137488995151145
TSLA,full_70_30,lstm,2,0.0025,2024,"{""lr"": 0.0031065686621952753, ""dropout"": 0.1, ""u1"": 192, ""u2"": 72, ""batch_size"": 64}",0.5458715596330275,0.577458843393837,108,0.5833333333333334,1.5726570085758185,2.892285005699645,-0.29876558711885104,2.5493959553527095,0.5185185185185185,0.5507718696397942,107,0.5327102803738317,-1.1621026019081149,-0.8891694897579057,-0.6395464334023688,-1.3234865861805574,-1.3903126392677219
TSLA,full_70_30,lstm,2,0.0025,31415,"{""lr"": 0.0031065686621952753, ""dropout"": 0.1, ""u1"": 192, ""u2"": 72, ""batch_size"": 64}",0.5504587155963303,0.5734909244406923,108,0.5555555555555556,1.7902826756783872,3.813766419230631,-0.2210393079866663,3.059498425690365,0.49074074074074076,0.4494854202401372,107,0.4953271028037383,-0.3661200404151998,-0.6348671352394291,-0.5048314355226325,-0.5274012601383734,-1.2575824137856542
TSLA,full_70_30,lstm,5,0.0075,42,"{""lr"": 0.0031065686621952753, ""dropout"": 0.1, ""u1"": 192, ""u2"": 72, ""batch_size"": 64}",0.5302325581395348,0.5937662337662337,42,0.5476190476190477,0.26899809819758375,0.10549514418606232,-0.388284324023883,0.5910679229472167,0.5138888888888888,0.5043739279588336,43,0.4883720930232558,-0.03882874764680125,-0.7223080485775772,-0.4901611987454375,-0.06169466737215575,-1.473613273401316
TSLA,full_70_30,lstm,5,0.0075,7,"{""lr"": 0.0031065686621952753, ""dropout"": 0.1, ""u1"": 192, ""u2"": 72, ""batch_size"": 64}",0.5302325581395348,0.5858008658008658,42,0.5238095238095238,0.22824157249929292,-0.017422154806406742,-0.34480721846025875,0.43443294859141324,0.5092592592592593,0.49897084048027446,43,0.46511627906976744,-0.37883240283651565,-0.9189143863983638,-0.5962299784444188,-0.6497460333523274,-1.541207956023677
TSLA,full_70_30,lstm,5,0.0075,1337,"{""lr"": 0.0031065686621952753, ""dropout"": 0.1, ""u1"": 192, ""u2"": 72, ""batch_size"": 64}",0.5023255813953489,0.5154978354978355,42,0.5238095238095238,-0.39670966076225567,-0.8328274793566472,-0.43136017158522433,-0.6889398656024688,0.5138888888888888,0.5005145797598628,43,0.4186046511627907,-1.6208131150087037,-0.9990152480028659,-0.7671602248211892,-2.5087787492978197,-1.3022250315906534
TSLA,full_70_30,lstm,5,0.0075,2024,"{""lr"": 0.0031065686621952753, ""dropout"": 0.1, ""u1"": 192, ""u2"": 72, ""batch_size"": 64}",0.586046511627907,0.5944588744588745,42,0.5952380952380952,0.6351425148846602,2.0828849049479774,-0.2509990376921663,1.5196109239042725,0.5694444444444444,0.6251286449399658,43,0.5116279069767442,-0.748083411256066,-0.9787840304647911,-0.5153140856391092,-1.303111899941246,-1.8993931230326675
TSLA,full_70_30,lstm,5,0.0075,31415,"{""lr"": 0.0031065686621952753, ""dropout"": 0.1, ""u1"": 192, ""u2"": 72, ""batch_size"": 64}",0.5441860465116279,0.5323809523809524,42,0.5476190476190477,0.25699323819308767,0.06291579393639202,-0.36995570809445905,0.49690689906740776,0.5185185185185185,0.45094339622641505,43,0.46511627906976744,-1.080523006572372,-0.9937210483141906,-0.6284832545553739,-1.5987776734348156,-1.5811416471504995
TSLA,full_70_30,lstm,10,0.01,42,"{""lr"": 0.0031065686621952753, ""dropout"": 0.1, ""u1"": 192, ""u2"": 72, ""batch_size"": 64}",0.48095238095238096,0.4758771929824561,20,0.6,-0.1554891504718221,-0.8878952517779668,-0.46928313957459583,-0.1732191863552839,0.38425925925925924,0.30219543693499784,21,0.38095238095238093,-1.2481423574582795,-0.9999072794916097,-0.6009283579233752,-2.034968607158107,-1.6639375830872483
TSLA,full_70_30,lstm,10,0.01,7,"{""lr"": 0.0031065686621952753, ""dropout"": 0.1, ""u1"": 192, ""u2"": 72, ""batch_size"": 64}",0.5333333333333333,0.5034722222222221,20,0.65,0.9790612528998516,61.40221076062579,-0.1965775318558071,2.0633212865927666,0.4675925925925926,0.44365045200172193,21,0.5238095238095238,0.49722487761810125,3.29366315156357,-0.33675970684295625,0.8936203228621865,9.780454979133028
TSLA,full_70_30,lstm,10,0.01,1337,"{""lr"": 0.0031065686621952753, ""dropout"": 0.1, ""u1"": 192, ""u2"": 72, ""batch_size"": 64}",0.5380952380952381,0.5748355263157895,20,0.65,1.9525891396226402,6157.36615959149,-0.11680701525666164,6.286986884114668,0.4675925925925926,0.44080929832113647,21,0.5238095238095238,-0.6750718524048789,-0.9973283887583061,-0.4737398611693656,-1.1014839616902434,-2.105223711377231
TSLA,full_70_30,lstm,10,0.01,2024,"{""lr"": 0.0031065686621952753, ""dropout"": 0.1, ""u1"": 192, ""u2"": 72, ""batch_size"": 64}",0.6095238095238096,0.6061769005847953,20,0.7,1.272280606485301,264.77923167686794,-0.22309706794934797,1.9626565076417173,0.49074074074074076,0.44201463624623333,21,0.47619047619047616,-0.7427539347120278,-0.9980921495056491,-0.5601059254596656,-1.508584430197473,-1.7819703454958784
TSLA,full_70_30,lstm,10,0.01,31415,"{""lr"": 0.0031065686621952753, ""dropout"": 0.1, ""u1"": 192, ""u2"": 72, ""batch_size"": 64}",0.49047619047619045,0.5014619883040936,20,0.65,1.7276145593230816,2320.204140451115,-0.18388269303815663,4.878505765576695,0.4351851851851852,0.44692208351269913,21,0.5238095238095238,-0.8802886194213292,-0.9992238020510426,-0.4737398611693657,-1.5272008807959574,-2.109224669388359
TSLA,equal_50_50,lstm,2,0.0025,42,"{""lr"": 0.001456121896950979, ""dropout"": 0.25267935710031414, ""u1"": 252, ""u2"": 54, ""batch_size"": 44}",0.5275229357798165,0.5542422963275644,108,0.5462962962962963,0.7858839014077836,0.7722202674993688,-0.3045243400863859,1.037840160683712,0.5740740740740741,0.5724699828473413,107,0.5700934579439252,1.8750679761153528,8.672109074508704,-0.39038194834593015,3.351268953150136,22.214421315465298
TSLA,equal_50_50,lstm,2,0.0025,7,"{""lr"": 0.001456121896950979, ""dropout"": 0.25267935710031414, ""u1"": 252, ""u2"": 54, ""batch_size"": 44}",0.5458715596330275,0.5599831152384973,108,0.5185185185185185,0.6004607674707323,0.47002040882571117,-0.3729140717231834,0.8173079726246831,0.5277777777777778,0.5189536878216123,107,0.5327102803738317,1.2945974379373808,3.2295249202007286,-0.29109755136277027,2.2637583549339975,11.0943046586333
TSLA,equal_50_50,lstm,2,0.0025,1337,"{""lr"": 0.001456121896950979, ""dropout"": 0.25267935710031414, ""u1"": 252, ""u2"": 54, ""batch_size"": 44}",0.536697247706422,0.5897002954833264,108,0.5185185185185185,-0.40845470580769067,-0.4716779121377743,-0.43707643375700556,-0.6349241083676469,0.4722222222222222,0.4915094339622642,107,0.45794392523364486,-1.8891215999288402,-0.961051500082412,-0.7651981243490278,-2.1848439205612755,-1.2559511968223933
TSLA,equal_50_50,lstm,2,0.0025,2024,"{""lr"": 0.001456121896950979, ""dropout"": 0.25267935710031414, ""u1"": 252, ""u2"": 54, ""batch_size"": 44}",0.5963302752293578,0.5804981004643309,108,0.5555555555555556,1.0419643424265397,1.2981714290101496,-0.23411835018738453,1.5121355237976424,0.5092592592592593,0.5298456260720412,107,0.5046728971962616,-1.5093382138226332,-0.9330389123635701,-0.7685088371743379,-1.7104753118551745,-1.2140900237324248
TSLA,equal_50_50,lstm,2,0.0025,31415,"{""lr"": 0.001456121896950979, ""dropout"": 0.25267935710031414, ""u1"": 252, ""u2"": 54, ""batch_size"": 44}",0.518348623853211,0.5714225411566062,108,0.5092592592592593,-1.0280573726773607,-0.7184156306775906,-0.5549373546375186,-1.580475530171245,0.5046296296296297,0.5079759862778731,107,0.4766355140186916,-1.6849422302125348,-0.947875222934586,-0.7918641889035298,-1.9552136238842435,-1.197017413108528
TSLA,equal_50_50,lstm,5,0.0075,42,"{""lr"": 0.001456121896950979, ""dropout"": 0.25267935710031414, ""u1"": 252, ""u2"": 54, ""batch_size"": 44}",0.49767441860465117,0.5154112554112553,42,0.47619047619047616,-0.10709055647881287,-0.6168005106090568,-0.3876774786541074,-0.21973364913757562,0.5185185185185185,0.5349056603773585,43,0.4418604651162791,0.2577092183700167,-0.16916467765123988,-0.41394469044590726,0.4490968068437049,-0.40866492929046444
TSLA,equal_50_50,lstm,5,0.0075,7,"{""lr"": 0.001456121896950979, ""dropout"": 0.25267935710031414, ""u1"": 252, ""u2"": 54, ""batch_size"": 44}",0.4697674418604651,0.4993939393939394,42,0.4523809523809524,-0.3095596766740316,-0.7846844128561942,-0.3654855398750581,-0.5570613229662629,0.4583333333333333,0.4098627787307032,43,0.4186046511627907,-1.5197478712508037,-0.9986283033788484,-0.6886243993790413,-2.197214571562042,-1.4501785070051967
TSLA,equal_50_50,lstm,5,0.0075,1337,"{""lr"": 0.001456121896950979, ""dropout"": 0.25267935710031414, ""u1"": 252, ""u2"": 54, ""batch_size"": 44}",0.48372093023255813,0.5083116883116883,42,0.5,-0.4635829859646837,-0.8611660579612082,-0.45362692580713293,-0.8220030126388169,0.5416666666666666,0.4788164665523156,43,0.46511627906976744,-0.2721914254120299,-0.8781991813997555,-0.377249691829152,-0.525640197230264,-2.3278990027577606
TSLA,equal_50_50,lstm,5,0.0075,2024,"{""lr"": 0.001456121896950979, ""dropout"": 0.25267935710031414, ""u1"": 252, ""u2"": 54, ""batch_size"": 44}",0.5581395348837209,0.5256277056277057,42,0.5476190476190477,0.4303408703218978,0.7278737749692334,-0.30291533929702985,0.7930884571120512,0.5324074074074074,0.5474271012006862,43,0.3953488372093023,-1.4712781629084477,-0.9983696261643409,-0.7462421714769051,-2.2105035747963013,-1.3378627801058798
TSLA,equal_50_50,lstm,5,0.0075,31415,"{""lr"": 0.001456121896950979, ""dropout"": 0.25267935710031414, ""u1"": 252, ""u2"": 54, ""batch_size"": 44}",0.5627906976744186,0.6329870129870131,42,0.5476190476190477,-0.2704353942904623,-0.7613005243123689,-0.41143843489014437,-0.48912301590303187,0.5092592592592593,0.534991423670669,43,0.4418604651162791,-1.4001840808122683,-0.9979233508459078,-0.7671602248211892,-2.143862936924452,-1.300801734185978
TSLA,equal_50_50,lstm,10,0.01,42,"{""lr"": 0.001456121896950979, ""dropout"": 0.25267935710031414, ""u1"": 252, ""u2"": 54, ""batch_size"": 44}",0.4666666666666667,0.44389619883040937,20,0.5,-0.5321469061786399,-0.9857103671134503,-0.5335249796991786,-0.6255988971753763,0.46296296296296297,0.4839431769263883,21,0.5238095238095238,-0.00869689880146619,-0.8204500701986992,-0.43094197737909357,-0.01518259816202829,-1.9038527534229066
TSLA,equal_50_50,lstm,10,0.01,7,"{""lr"": 0.001456121896950979, ""dropout"": 0.25267935710031414, ""u1"": 252, ""u2"": 54, ""batch_size"": 44}",0.5333333333333333,0.5328033625730995,20,0.65,0.9790612528998516,61.40221076062579,-0.1965775318558071,2.0633212865927666,0.5231481481481481,0.5158846319414551,21,0.6190476190476191,1.7890143130276994,7012.677602896754,-0.20977332599686227,4.74985684771349,33429.78698350641
TSLA,equal_50_50,lstm,10,0.01,1337,"{""lr"": 0.001456121896950979, ""dropout"": 0.25267935710031414, ""u1"": 252, ""u2"": 54, ""batch_size"": 44}",0.5761904761904761,0.5837902046783625,20,0.7,1.737019553880402,2406.3986338104924,-0.08482827005351821,4.2425897762565485,0.4675925925925926,0.4342660352991821,21,0.38095238095238093,-1.560637521070501,-0.9999834145241311,-0.5830877922788432,-2.6393654795054267,-1.7149791639711105
TSLA,equal_50_50,lstm,10,0.01,2024,"{""lr"": 0.001456121896950979, ""dropout"": 0.25267935710031414, ""u1"": 252, ""u2"": 54, ""batch_size"": 44}",0.4666666666666667,0.3963815789473684,20,0.55,-0.750898943300012,-0.9955938219284263,-0.46769526859243404,-0.889098896501448,0.4444444444444444,0.37511838140335774,21,0.38095238095238093,-2.0335613389249807,-0.9999985318883347,-0.7330464233899324,-3.3506063981759846,-1.3641680799203644
TSLA,equal_50_50,lstm,10,0.01,31415,"{""lr"": 0.001456121896950979, ""dropout"": 0.25267935710031414, ""u1"": 252, ""u2"": 54, ""batch_size"": 44}",0.5714285714285714,0.5903691520467835,20,0.7,2.1452864387349355,13575.518438959454,-0.09577403159973989,6.626446973732362,0.5,0.4390012914334912,21,0.42857142857142855,-0.2988765259339738,-0.9702323921160556,-0.40921471648961594,-0.5661679065378201,-2.3709616321696383
TSLA,news_only,lstm,2,0.0025,42,"{""lr"": 0.001193611028283185, ""dropout"": 0.3825361701790194, ""u1"": 244, ""u2"": 84, ""batch_size"": 54}",0.5596330275229358,0.572646686365555,108,0.5833333333333334,0.9028860049898991,0.9940301714774724,-0.22611861983222017,1.197106572635916,0.5462962962962963,0.588507718696398,107,0.5700934579439252,1.2338858408357536,2.8699336549703274,-0.5112452448250974,1.9894501317640365,5.613614373962859
TSLA,news_only,lstm,2,0.0025,7,"{""lr"": 0.001193611028283185, ""dropout"": 0.3825361701790194, ""u1"": 244, ""u2"": 84, ""batch_size"": 54}",0.555045871559633,0.5728577458843394,108,0.5648148148148148,1.1208620732986039,1.4864109590190129,-0.18213082541112469,1.6369500543574875,0.5416666666666666,0.5367066895368782,107,0.5514018691588785,-0.8460658938945008,-0.823022708730345,-0.5706123348314572,-1.0046208176922005,-1.4423500132948277
TSLA,news_only,lstm,2,0.0025,1337,"{""lr"": 0.001193611028283185, ""dropout"": 0.3825361701790194, ""u1"": 244, ""u2"": 84, ""batch_size"": 54}",0.573394495412844,0.6167159138877163,108,0.5833333333333334,0.9279992223040744,1.0521022895141785,-0.24868208578719683,1.4137961491007565,0.44907407407407407,0.5138078902229846,107,0.4672897196261682,-2.3783299702893834,-0.9803492965180721,-0.8235515697985334,-2.7543302728254075,-1.1903921168626956
TSLA,news_only,lstm,2,0.0025,2024,"{""lr"": 0.001193611028283185, ""dropout"": 0.3825361701790194, ""u1"": 244, ""u2"": 84, ""batch_size"": 54}",0.5871559633027523,0.5950189953566904,108,0.5648148148148148,1.3473061283011896,2.118285792534818,-0.2454122120435558,2.147572435631441,0.5231481481481481,0.538336192109777,107,0.5420560747663551,-1.2320710763619074,-0.9000631158186291,-0.7256061886133317,-1.3695983960678924,-1.240429216209819
TSLA,news_only,lstm,2,0.0025,31415,"{""lr"": 0.001193611028283185, ""dropout"": 0.3825361701790194, ""u1"": 244, ""u2"": 84, ""batch_size"": 54}",0.5321100917431193,0.5802448290417899,108,0.5092592592592593,0.5362861581984331,0.38399334649443384,-0.2753315259341839,0.8845387869584374,0.5046296296296297,0.5310463121783877,107,0.514018691588785,-1.3185849949591113,-0.9110223988129628,-0.7721992179066873,-1.6168620436893444,-1.1797763811294755
TSLA,news_only,lstm,5,0.0075,42,"{""lr"": 0.001193611028283185, ""dropout"": 0.3825361701790194, ""u1"": 244, ""u2"": 84, ""batch_size"": 54}",0.5162790697674419,0.5396536796536797,42,0.5476190476190477,0.4276233375868759,0.7242993554981685,-0.3427332559688738,0.9103265783685254,0.4583333333333333,0.44279588336192116,43,0.4418604651162791,-0.8175406802467645,-0.9838622962518497,-0.6520345702337363,-1.2240238063715034,-1.5089112466830743
TSLA,news_only,lstm,5,0.0075,7,"{""lr"": 0.001193611028283185, ""dropout"": 0.3825361701790194, ""u1"": 244, ""u2"": 84, ""batch_size"": 54}",0.5023255813953489,0.5360173160173161,42,0.5238095238095238,-0.809457861474069,-0.94757022675861,-0.4250730009474265,-1.3616490455007402,0.4351851851851852,0.41715265866209267,43,0.3488372093023256,-1.7710792028055058,-0.9994036885581695,-0.7757707026730214,-2.636041778355034,-1.288272017897287
TSLA,news_only,lstm,5,0.0075,1337,"{""lr"": 0.001193611028283185, ""dropout"": 0.3825361701790194, ""u1"": 244, ""u2"": 84, ""batch_size"": 54}",0.5488372093023256,0.4966233766233766,42,0.5,0.22932698502082366,-0.019541446944491447,-0.32432303872166846,0.4078504745543737,0.5555555555555556,0.47607204116638074,43,0.46511627906976744,-0.3240915522419227,-0.9011609313943036,-0.5553556488358744,-0.5485316207371046,-1.622673566539387
TSLA,news_only,lstm,5,0.0075,2024,"{""lr"": 0.001193611028283185, ""dropout"": 0.3825361701790194, ""u1"": 244, ""u2"": 84, ""batch_size"": 54}",0.5627906976744186,0.5651948051948052,42,0.5476190476190477,-0.4936947897811263,-0.8736105067929201,-0.4490590562494667,-0.8205842637435677,0.4675925925925926,0.4345626072041166,43,0.4186046511627907,-2.1892141138941317,-0.9998458069974929,-0.7801136235295288,-3.3057403976104296,-1.281666896770515
TSLA,news_only,lstm,5,0.0075,31415,"{""lr"": 0.001193611028283185, ""dropout"": 0.3825361701790194, ""u1"": 244, ""u2"": 84, ""batch_size"": 54}",0.5348837209302325,0.5399999999999999,42,0.5714285714285714,0.3538350559275616,0.39491158747551935,-0.3137315173045855,0.695823819019847,0.5740740740740741,0.5415094339622643,43,0.5116279069767442,-0.6742533799945799,-0.973358930642552,-0.6048109960025908,-0.9883639349085579,-1.609360506134684
TSLA,news_only,lstm,10,0.01,42,"{""lr"": 0.001193611028283185, ""dropout"": 0.3825361701790194, ""u1"": 244, ""u2"": 84, ""batch_size"": 54}",0.47619047619047616,0.4451754385964911,20,0.6,1.1699550556044125,163.41525891434532,-0.21427100719568387,2.47916092589379,0.37037037037037035,0.36650882479552305,21,0.38095238095238093,-1.2668486520978097,-0.9999181920030334,-0.6176718610693206,-1.9101375115013413,-1.6188501614303161
TSLA,news_only,lstm,10,0.01,7,"{""lr"": 0.001193611028283185, ""dropout"": 0.3825361701790194, ""u1"": 244, ""u2"": 84, ""batch_size"": 54}",0.5285714285714286,0.5497076023391813,20,0.6,1.232270312275102,226.66134381888304,-0.14427884097250426,3.592105344426141,0.4861111111111111,0.46526043908738696,21,0.42857142857142855,-0.47600082843094543,-0.9907871815725714,-0.5350631203653992,-0.7350754028777885,-1.8517201875097546
TSLA,news_only,lstm,10,0.01,1337,"{""lr"": 0.001193611028283185, ""dropout"": 0.3825361701790194, ""u1"": 244, ""u2"": 84, ""batch_size"": 54}",0.40476190476190477,0.4076206140350877,20,0.35,-1.0375559732862492,-0.999003658577208,-0.5634323750195499,-1.3137811188178412,0.4583333333333333,0.4904003443822643,21,0.47619047619047616,-0.9587827639052702,-0.9994787061660436,-0.5920761730262305,-2.004833731191654,-1.6880914174564565
TSLA,news_only,lstm,10,0.01,2024,"{""lr"": 0.001193611028283185, ""dropout"": 0.3825361701790194, ""u1"": 244, ""u2"": 84, ""batch_size"": 54}",0.47619047619047616,0.48793859649122806,20,0.6,0.9298892893790704,48.707967204946364,-0.14427884097250426,3.510730649912943,0.41203703703703703,0.35574687903572966,21,0.42857142857142855,-0.8952353124229143,-0.9992841098951248,-0.5999232450793812,-1.4221186224866675,-1.6656865992297074
TSLA,news_only,lstm,10,0.01,31415,"{""lr"": 0.001193611028283185, ""dropout"": 0.3825361701790194, ""u1"": 244, ""u2"": 84, ""batch_size"": 54}",0.46190476190476193,0.4284539473684211,20,0.55,0.12606077113157657,-0.4579748157840956,-0.3580723706154093,0.1501625368778208,0.4351851851851852,0.42849763237193284,21,0.38095238095238093,-2.311661427930854,-0.9999995975667313,-0.69916121359059,-3.9787265510626053,-1.4302847156397096
TSLA,social_only,lstm,2,0.0025,42,"{""lr"": 0.0022154442113774403, ""dropout"": 0.28452601808744515, ""u1"": 73, ""u2"": 84, ""batch_size"": 43}",0.47706422018348627,0.5523849725622626,108,0.48148148148148145,0.6974440467898436,0.623843730494001,-0.2896962001803034,1.0586776890495746,0.5231481481481481,0.545540308747856,107,0.514018691588785,1.1307690474405725,2.334609130296349,-0.29901791453130067,1.9279053419464285,7.807589501638259
TSLA,social_only,lstm,2,0.0025,7,"{""lr"": 0.0022154442113774403, ""dropout"": 0.28452601808744515, ""u1"": 73, ""u2"": 84, ""batch_size"": 43}",0.536697247706422,0.5557619248628113,108,0.5277777777777778,0.8990560814826214,0.9873438211950614,-0.3519431993539788,1.247665068643456,0.5138888888888888,0.47830188679245284,107,0.5046728971962616,1.1369293576521273,2.3734050644532334,-0.29901791453130067,2.11896755992482,7.937334016169086
TSLA,social_only,lstm,2,0.0025,1337,"{""lr"": 0.0022154442113774403, ""dropout"": 0.28452601808744515, ""u1"": 73, ""u2"": 84, ""batch_size"": 43}",0.518348623853211,0.6108062473617559,108,0.5185185185185185,-0.9568785491595447,-0.6974372900220713,-0.541018149490028,-1.4694196520768095,0.49074074074074076,0.544082332761578,107,0.4672897196261682,-1.7381851757063442,-0.951684602612888,-0.7984640808508294,-2.0258991109745907,-1.1918940694223707
TSLA,social_only,lstm,2,0.0025,2024,"{""lr"": 0.0022154442113774403, ""dropout"": 0.28452601808744515, ""u1"": 73, ""u2"": 84, ""batch_size"": 43}",0.5688073394495413,0.5941747572815533,108,0.5277777777777778,0.6302843160295039,0.5197920597994257,-0.24196903260656658,0.9504966133048556,0.5185185185185185,0.5232418524871355,107,0.5233644859813084,-0.748633080082628,-0.7968098037554074,-0.6910179917131499,-0.8550121962004203,-1.1530955970914474
TSLA,social_only,lstm,2,0.0025,31415,"{""lr"": 0.0022154442113774403, ""dropout"": 0.28452601808744515, ""u1"": 73, ""u2"": 84, ""batch_size"": 43}",0.48623853211009177,0.5414098775854791,108,0.48148148148148145,-1.3379464183924925,-0.7937714369272675,-0.578714178565827,-2.0507595096983806,0.4722222222222222,0.5593481989708405,107,0.4672897196261682,-2.1817005874476427,-0.9741518603458409,-0.8454722973219732,-2.566013794143499,-1.1521984379990442
TSLA,social_only,lstm,5,0.0075,42,"{""lr"": 0.0022154442113774403, ""dropout"": 0.28452601808744515, ""u1"": 73, ""u2"": 84, ""batch_size"": 43}",0.5302325581395348,0.6059740259740259,42,0.5238095238095238,0.38588847098035994,0.5176333449564743,-0.31800126829140185,0.6436579821099805,0.4444444444444444,0.46809605488850764,43,0.46511627906976744,-0.7882643818485465,-0.9824442334563821,-0.6318088358773057,-1.10766314243516,-1.554970708968002
TSLA,social_only,lstm,5,0.0075,7,"{""lr"": 0.0022154442113774403, ""dropout"": 0.28452601808744515, ""u1"": 73, ""u2"": 84, ""batch_size"": 43}",0.5116279069767442,0.5122943722943722,42,0.5,0.5038254791157113,1.13364910568095,-0.30364832899631417,0.9807564437334939,0.49074074074074076,0.4355060034305317,43,0.5581395348837209,1.4781154682012212,61.76784454249897,-0.27693111181636637,2.7506509191579203,223.04407813686663
TSLA,social_only,lstm,5,0.0075,1337,"{""lr"": 0.0022154442113774403, ""dropout"": 0.28452601808744515, ""u1"": 73, ""u2"": 84, ""batch_size"": 43}",0.5209302325581395,0.6089177489177489,42,0.5,-0.37261530232324885,-0.8208331981171482,-0.41143843489014453,-0.646276019424662,0.49074074074074076,0.47307032590051457,43,0.3953488372093023,-2.0343623149232566,-0.9997462594049823,-0.7671602248211892,-3.1448580022016603,-1.3031779112870516
TSLA,social_only,lstm,5,0.0075,2024,"{""lr"": 0.0022154442113774403, ""dropout"": 0.28452601808744515, ""u1"": 73, ""u2"": 84, ""batch_size"": 43}",0.5069767441860465,0.6314285714285715,42,0.5,-0.46786521348426224,-0.8635847896017569,-0.4938393354858638,-0.7658838970801716,0.5046296296296297,0.5017152658662092,43,0.4883720930232558,-0.8304944605991887,-0.9847574521944014,-0.7067504319339525,-1.2252138444866127,-1.393359533576386
TSLA,social_only,lstm,5,0.0075,31415,"{""lr"": 0.0022154442113774403, ""dropout"": 0.28452601808744515, ""u1"": 73, ""u2"": 84, ""batch_size"": 43}",0.6186046511627907,0.6343722943722945,42,0.6428571428571429,1.451191554480195,26.842681912072912,-0.23952395801026008,3.0373992262982306,0.44907407407407407,0.43807890222984563,43,0.3953488372093023,-2.056702243181829,-0.9997640669722068,-0.7747079116793341,-3.141612335578629,-1.2905045268029063
TSLA,social_only,lstm,10,0.01,42,"{""lr"": 0.0022154442113774403, ""dropout"": 0.28452601808744515, ""u1"": 73, ""u2"": 84, ""batch_size"": 43}",0.5714285714285714,0.5085891812865497,20,0.65,0.5471364454921803,5.396975488828699,-0.16042731675513022,1.2430681395279422,0.37962962962962965,0.3294016358157555,21,0.38095238095238093,-0.07017660303716461,-0.8650757628061858,-0.41102310299403993,-0.18358563926673097,-2.1046889007081675
TSLA,social_only,lstm,10,0.01,7,"{""lr"": 0.0022154442113774403, ""dropout"": 0.28452601808744515, ""u1"": 73, ""u2"": 84, ""batch_size"": 43}",0.5428571428571428,0.5010051169590644,20,0.55,0.4102655883761791,2.0563528743970556,-0.20322112899299716,0.8475155155290715,0.49074074074074076,0.34403788204907454,21,0.5714285714285714,1.786279931867365,6941.859001743067,-0.19141832526073171,4.755821583432752,36265.38364227945
TSLA,social_only,lstm,10,0.01,1337,"{""lr"": 0.0022154442113774403, ""dropout"": 0.28452601808744515, ""u1"": 73, ""u2"": 84, ""batch_size"": 43}",0.44761904761904764,0.5113304093567251,20,0.45,-0.5024440640567213,-0.9831449659211347,-0.46769526859243415,-0.6047548509542585,0.49074074074074076,0.4660352991820921,21,0.42857142857142855,-1.8831050730456795,-0.9999969384281199,-0.7056286403495885,-3.252043956067457,-1.4171716980375015
TSLA,social_only,lstm,10,0.01,2024,"{""lr"": 0.0022154442113774403, ""dropout"": 0.28452601808744515, ""u1"": 73, ""u2"": 84, ""batch_size"": 43}",0.5142857142857142,0.5783077485380117,20,0.75,1.5740324763949387,1132.9139225050026,-0.21427100719568373,3.219274174313909,0.35185185185185186,0.25182953077916487,21,0.38095238095238093,-2.1569231871076777,-0.9999991769925695,-0.7419630125682606,-3.730521428100326,-1.347774969982846
TSLA,social_only,lstm,10,0.01,31415,"{""lr"": 0.0022154442113774403, ""dropout"": 0.28452601808744515, ""u1"": 73, ""u2"": 84, ""batch_size"": 43}",0.43333333333333335,0.5093201754385965,20,0.6,0.6295048146092441,9.041677609579544,-0.23477358737499085,1.5066295514620474,0.39814814814814814,0.33473956091261303,21,0.38095238095238093,-0.8163748962507825,-0.998836265797311,-0.5545739843677799,-1.3201314990768684,-1.8010874904923544
TSLA,sentiment_only,lstm,2,0.0025,42,"{""lr"": 0.0016595613641357258, ""dropout"": 0.4332779646944659, ""u1"": 97, ""u2"": 60, ""batch_size"": 25}",0.5412844036697247,0.5488391726466864,108,0.5277777777777778,-0.14008004275310362,-0.30547930982967986,-0.40702563295786687,-0.2155217678339324,0.5092592592592593,0.5327615780445969,107,0.4766355140186916,-1.579250953092276,-0.9393334299898713,-0.7619534718615607,-1.8422129872155812,-1.2327963119518914
TSLA,sentiment_only,lstm,2,0.0025,7,"{""lr"": 0.0016595613641357258, ""dropout"": 0.4332779646944659, ""u1"": 97, ""u2"": 60, ""batch_size"": 25}",0.5229357798165137,0.4857745884339384,108,0.5185185185185185,-0.8818603055705416,-0.6735953142303062,-0.5258529237599306,-1.344387105535729,0.49074074074074076,0.5611492281303603,107,0.4672897196261682,-1.7381851757063442,-0.951684602612888,-0.7984640808508294,-2.0258991109745907,-1.1918940694223707
TSLA,sentiment_only,lstm,2,0.0025,1337,"{""lr"": 0.0016595613641357258, ""dropout"": 0.4332779646944659, ""u1"": 97, ""u2"": 60, ""batch_size"": 25}",0.5275229357798165,0.5353313634444914,108,0.5185185185185185,-0.8818603055705416,-0.6735953142303062,-0.5258529237599306,-1.344387105535729,0.49074074074074076,0.49159519725557466,107,0.4672897196261682,-1.7381851757063442,-0.951684602612888,-0.7984640808508294,-2.0258991109745907,-1.1918940694223707
TSLA,sentiment_only,lstm,2,0.0025,2024,"{""lr"": 0.0016595613641357258, ""dropout"": 0.4332779646944659, ""u1"": 97, ""u2"": 60, ""batch_size"": 25}",0.5275229357798165,0.5065428450823132,108,0.5185185185185185,-0.8818603055705416,-0.6735953142303062,-0.5258529237599306,-1.344387105535729,0.49074074074074076,0.5560034305317324,107,0.4672897196261682,-1.7381851757063442,-0.951684602612888,-0.7984640808508294,-2.0258991109745907,-1.1918940694223707
TSLA,sentiment_only,lstm,2,0.0025,31415,"{""lr"": 0.0016595613641357258, ""dropout"": 0.4332779646944659, ""u1"": 97, ""u2"": 60, ""batch_size"": 25}",0.5275229357798165,0.5052764879696074,108,0.5185185185185185,-0.8818603055705416,-0.6735953142303062,-0.5258529237599306,-1.344387105535729,0.5138888888888888,0.564236706689537,107,0.4953271028037383,-1.244756343698635,-0.901670634787262,-0.7274890141756327,-1.4336925488159329,-1.2394285236169598
TSLA,sentiment_only,lstm,5,0.0075,42,"{""lr"": 0.0016595613641357258, ""dropout"": 0.4332779646944659, ""u1"": 97, ""u2"": 60, ""batch_size"": 25}",0.48372093023255813,0.48848484848484847,42,0.5,-0.3516287750007721,-0.8081359365948809,-0.34164761371828795,-0.7283742900662789,0.5740740740740741,0.6071183533447684,43,0.46511627906976744,0.8270519514373387,5.583649845707948,-0.33523838330622274,1.643697910146735,16.655759375284827
TSLA,sentiment_only,lstm,5,0.0075,7,"{""lr"": 0.0016595613641357258, ""dropout"": 0.4332779646944659, ""u1"": 97, ""u2"": 60, ""batch_size"": 25}",0.4930232558139535,0.5597402597402596,42,0.47619047619047616,-0.6838368699350679,-0.924966569312423,-0.4909136628488714,-1.2090370597993223,0.5231481481481481,0.582418524871355,43,0.4186046511627907,-1.6224996694039382,-0.9990207797612091,-0.7673839296579823,-2.51355055494958,-1.3018526205083103
TSLA,sentiment_only,lstm,5,0.0075,1337,"{""lr"": 0.0016595613641357258, ""dropout"": 0.4332779646944659, ""u1"": 97, ""u2"": 60, ""batch_size"": 25}",0.4883720930232558,0.523982683982684,42,0.47619047619047616,-0.6838368699350679,-0.924966569312423,-0.4909136628488714,-1.2090370597993223,0.5092592592592593,0.5789879931389366,43,0.4186046511627907,-1.6208131150087037,-0.9990152480028659,-0.7671602248211892,-2.5087787492978197,-1.3022250315906534
TSLA,sentiment_only,lstm,5,0.0075,2024,"{""lr"": 0.0016595613641357258, ""dropout"": 0.4332779646944659, ""u1"": 97, ""u2"": 60, ""batch_size"": 25}",0.4883720930232558,0.5187878787878786,42,0.47619047619047616,0.059432685030647414,-0.38295392937989936,-0.293424838936081,0.13554915210095603,0.5324074074074074,0.5608919382504288,43,0.4186046511627907,0.33083504591371654,0.105654106020594,-0.39632953882718575,0.6634853162046509,0.2665814572722602
TSLA,sentiment_only,lstm,5,0.0075,31415,"{""lr"": 0.0016595613641357258, ""dropout"": 0.4332779646944659, ""u1"": 97, ""u2"": 60, ""batch_size"": 25}",0.5116279069767442,0.5447619047619047,42,0.5,-0.37261530232324885,-0.8208331981171482,-0.41143843489014453,-0.646276019424662,0.5185185185185185,0.5807032590051459,43,0.4186046511627907,-1.6224996694039382,-0.9990207797612091,-0.7673839296579823,-2.51355055494958,-1.3018526205083103
TSLA,sentiment_only,lstm,10,0.01,42,"{""lr"": 0.0016595613641357258, ""dropout"": 0.4332779646944659, ""u1"": 97, ""u2"": 60, ""batch_size"": 25}",0.5428571428571428,0.6151315789473684,20,0.55,0.4102655883761791,2.0563528743970556,-0.20322112899299716,0.8475155155290715,0.5324074074074074,0.421093413689195,21,0.5714285714285714,1.786279931867365,6941.859001743067,-0.19141832526073171,4.755821583432752,36265.38364227945
TSLA,sentiment_only,lstm,10,0.01,7,"{""lr"": 0.0016595613641357258, ""dropout"": 0.4332779646944659, ""u1"": 97, ""u2"": 60, ""batch_size"": 25}",0.5428571428571428,0.46043494152046793,20,0.55,0.4102655883761791,2.0563528743970556,-0.20322112899299716,0.8475155155290715,0.5324074074074074,0.6425312096427034,21,0.5714285714285714,1.786279931867365,6941.859001743067,-0.19141832526073171,4.755821583432752,36265.38364227945
TSLA,sentiment_only,lstm,10,0.01,1337,"{""lr"": 0.0016595613641357258, ""dropout"": 0.4332779646944659, ""u1"": 97, ""u2"": 60, ""batch_size"": 25}",0.45714285714285713,0.43028143274853803,20,0.45,-0.5024440640567213,-0.9831449659211347,-0.46769526859243415,-0.6047548509542585,0.4675925925925926,0.6331467929401635,21,0.42857142857142855,-1.8733118659459298,-0.999996783654948,-0.7330464233899325,-3.2354809843859598,-1.3641656950326806
TSLA,sentiment_only,lstm,10,0.01,2024,"{""lr"": 0.0016595613641357258, ""dropout"": 0.4332779646944659, ""u1"": 97, ""u2"": 60, ""batch_size"": 25}",0.3523809523809524,0.3819444444444444,20,0.35,-1.7244013650894217,-0.9999642526996878,-0.5568003205117382,-2.1447673185850573,0.5601851851851852,0.6167025398191993,21,0.5714285714285714,0.34414293203871016,0.6378487505287791,-0.42183699756887105,0.598253260050001,1.5120739864090298
TSLA,sentiment_only,lstm,10,0.01,31415,"{""lr"": 0.0016595613641357258, ""dropout"": 0.4332779646944659, ""u1"": 97, ""u2"": 60, ""batch_size"": 25}",0.49047619047619045,0.4103618421052631,20,0.45,-0.5024440640567213,-0.9831449659211347,-0.46769526859243415,-0.6047548509542585,0.47685185185185186,0.619113215669393,21,0.38095238095238093,-1.5611539129315515,-0.9999837669086681,-0.673858606550098,-2.422586880224047,-1.4839667508710885
TSLA,technical_only,lstm,2,0.0025,42,"{""lr"": 0.0017177621112338384, ""dropout"": 0.3446612641953124, ""u1"": 65, ""u2"": 19, ""batch_size"": 41}",0.481651376146789,0.5891937526382439,108,0.48148148148148145,0.47855504487093903,0.30122599923618254,-0.3133318839850586,0.7245008008150946,0.49074074074074076,0.5637221269296742,107,0.514018691588785,1.0234699405919234,1.8547246305977216,-0.29901791453130067,1.7645173635303053,6.20272077512457
TSLA,technical_only,lstm,2,0.0025,7,"{""lr"": 0.0017177621112338384, ""dropout"": 0.3446612641953124, ""u1"": 65, ""u2"": 19, ""batch_size"": 41}",0.555045871559633,0.581680033769523,108,0.5555555555555556,1.0801140120186596,1.3888142875357028,-0.25218916560909643,1.630474238370118,0.5092592592592593,0.4930531732418525,107,0.5514018691588785,-0.24576668571150773,-0.5687516529582785,-0.5849954324778861,-0.2998732412941501,-0.9722326387219755
TSLA,technical_only,lstm,2,0.0025,1337,"{""lr"": 0.0017177621112338384, ""dropout"": 0.3446612641953124, ""u1"": 65, ""u2"": 19, ""batch_size"": 41}",0.5229357798165137,0.593077247783875,108,0.5,-0.6239077534886228,-0.5755864795817625,-0.5458518134731799,-0.9845846692232828,0.49537037037037035,0.5058319039451115,107,0.4766355140186916,-1.8288580123931437,-0.9575310778578413,-0.8092042908538098,-2.1326229257433686,-1.1832995557247088
TSLA,technical_only,lstm,2,0.0025,2024,"{""lr"": 0.0017177621112338384, ""dropout"": 0.3446612641953124, ""u1"": 65, ""u2"": 19, ""batch_size"": 41}",0.555045871559633,0.6029548332629802,108,0.5648148148148148,0.6781884948026637,0.5947815042629612,-0.24013946597695918,1.0118950733663141,0.5231481481481481,0.5364493996569468,107,0.5607476635514018,0.09971231401900693,-0.27727218835020984,-0.48976703094927976,0.1281384085100818,-0.5661307740800628
TSLA,technical_only,lstm,2,0.0025,31415,"{""lr"": 0.0017177621112338384, ""dropout"": 0.3446612641953124, ""u1"": 65, ""u2"": 19, ""batch_size"": 41}",0.5596330275229358,0.5883495145631069,108,0.5277777777777778,-0.2717049190056952,-0.39327366134647523,-0.4016295246646826,-0.4018451723157165,0.4722222222222222,0.5045454545454546,107,0.4672897196261682,-1.8587136609641317,-0.9592725242375356,-0.8125662787059886,-2.1910297789353765,-1.180546805074383
TSLA,technical_only,lstm,5,0.0075,42,"{""lr"": 0.0017177621112338384, ""dropout"": 0.3446612641953124, ""u1"": 65, ""u2"": 19, ""batch_size"": 41}",0.6,0.6108225108225108,42,0.5952380952380952,1.2877186676929602,17.045414713143153,-0.23427964717135355,2.337139949281327,0.5,0.4444682675814752,43,0.4883720930232558,0.6401924862183387,2.3248121145245784,-0.31714727154335104,1.1224658285520368,7.330386615691879
TSLA,technical_only,lstm,5,0.0075,7,"{""lr"": 0.0017177621112338384, ""dropout"": 0.3446612641953124, ""u1"": 65, ""u2"": 19, ""batch_size"": 41}",0.6093023255813953,0.5994805194805195,42,0.5476190476190477,0.45185875819699023,0.8264108312121077,-0.3247218687827049,0.7751932360361954,0.5185185185185185,0.4599914236706689,43,0.46511627906976744,-0.469505342130876,-0.9435738563095797,-0.5297003214669936,-0.6915643048891404,-1.7813352532926017
TSLA,technical_only,lstm,5,0.0075,1337,"{""lr"": 0.0017177621112338384, ""dropout"": 0.3446612641953124, ""u1"": 65, ""u2"": 19, ""batch_size"": 41}",0.4930232558139535,0.5056277056277055,42,0.5,-0.6150482202740726,-0.9091534221297969,-0.4909136628488715,-1.1015720628512313,0.5092592592592593,0.436663807890223,43,0.4186046511627907,-1.6208131150087037,-0.9990152480028659,-0.7671602248211892,-2.5087787492978197,-1.3022250315906534
TSLA,technical_only,lstm,5,0.0075,2024,"{""lr"": 0.0017177621112338384, ""dropout"": 0.3446612641953124, ""u1"": 65, ""u2"": 19, ""batch_size"": 41}",0.5116279069767442,0.5323809523809524,42,0.5,-0.37261530232324885,-0.8208331981171482,-0.41143843489014453,-0.646276019424662,0.5,0.4743996569468268,43,0.4186046511627907,-1.8112537345412825,-0.9994780404790691,-0.7366653390721896,-2.7793435740244385,-1.3567599661168872
TSLA,technical_only,lstm,5,0.0075,31415,"{""lr"": 0.0017177621112338384, ""dropout"": 0.3446612641953124, ""u1"": 65, ""u2"": 19, ""batch_size"": 41}",0.5348837209302325,0.6280519480519481,42,0.5238095238095238,0.004439974101181713,-0.48154351528662764,-0.4370933250899244,0.007662393207686837,0.5138888888888888,0.422770154373928,43,0.4418604651162791,-1.3178310279451784,-0.9972805432537946,-0.7636746990097806,-1.8770157399847902,-1.3058970587174346
TSLA,technical_only,lstm,10,0.01,42,"{""lr"": 0.0017177621112338384, ""dropout"": 0.3446612641953124, ""u1"": 65, ""u2"": 19, ""batch_size"": 41}",0.5428571428571428,0.46929824561403505,20,0.55,0.4102655883761791,2.0563528743970556,-0.20322112899299716,0.8475155155290715,0.5324074074074074,0.3659061558329746,21,0.5714285714285714,1.786279931867365,6941.859001743067,-0.19141832526073171,4.755821583432752,36265.38364227945
TSLA,technical_only,lstm,10,0.01,7,"{""lr"": 0.0017177621112338384, ""dropout"": 0.3446612641953124, ""u1"": 65, ""u2"": 19, ""batch_size"": 41}",0.5142857142857142,0.5266812865497075,20,0.6,0.6856191707387548,12.520567322376788,-0.19657753185580704,1.56039506105142,0.4722222222222222,0.31011622901420577,21,0.5714285714285714,1.9888377147779432,18973.306105307256,-0.1795158848140584,6.2200825659916035,105691.51651933034
TSLA,technical_only,lstm,10,0.01,1337,"{""lr"": 0.0017177621112338384, ""dropout"": 0.3446612641953124, ""u1"": 65, ""u2"": 19, ""batch_size"": 41}",0.3619047619047619,0.35608552631578944,20,0.25,-2.0610959831705866,-0.9999918016106348,-0.6627014953362363,-2.487061002648559,0.42592592592592593,0.39164873009040035,21,0.38095238095238093,-2.5663935577634547,-0.999999868343226,-0.7954611584953967,-4.347086267263284,-1.2571322404160012
TSLA,technical_only,lstm,10,0.01,2024,"{""lr"": 0.0017177621112338384, ""dropout"": 0.3446612641953124, ""u1"": 65, ""u2"": 19, ""batch_size"": 41}",0.3761904761904762,0.41849415204678364,20,0.45,-0.682444104690584,-0.9935966537867988,-0.4696060317058687,-0.8381932884273803,0.39814814814814814,0.3380111924235902,21,0.38095238095238093,-1.7802062330793438,-0.999994822247554,-0.7222415385364622,-2.8772534029596275,-1.3845711841414248
TSLA,technical_only,lstm,10,0.01,31415,"{""lr"": 0.0017177621112338384, ""dropout"": 0.3446612641953124, ""u1"": 65, ""u2"": 19, ""batch_size"": 41}",0.45714285714285713,0.3809393274853802,20,0.45,-0.5024440640567213,-0.9831449659211347,-0.46769526859243415,-0.6047548509542585,0.4351851851851852,0.33009040034438225,21,0.42857142857142855,-1.8733118659459298,-0.999996783654948,-0.7330464233899325,-3.2354809843859598,-1.3641656950326806
TSLA,learned_alpha_per_stock,lstm,2,0.0025,42,"{""lr"": 0.00215897368437909, ""dropout"": 0.3539024691674417, ""u1"": 89, ""u2"": 99, ""batch_size"": 20}",0.5458715596330275,0.5707049387927394,108,0.5648148148148148,0.7732823520969645,0.7503397241035306,-0.3511796218812382,1.0331072346088443,0.5277777777777778,0.5466123499142367,107,0.5327102803738317,-0.07512647313175776,-0.43817138564689784,-0.4776480149918008,-0.10820417285128801,-0.9173520498235911
TSLA,learned_alpha_per_stock,lstm,2,0.0025,7,"{""lr"": 0.00215897368437909, ""dropout"": 0.3539024691674417, ""u1"": 89, ""u2"": 99, ""batch_size"": 20}",0.5458715596330275,0.5669058674546221,108,0.5185185185185185,1.473932030812895,2.5356536934294502,-0.18495328150596466,2.5356651484353936,0.5324074074074074,0.5581475128644939,107,0.5794392523364486,0.631943146033231,0.5928424544881681,-0.46986777843973465,0.8705620572843694,1.261721875155579
TSLA,learned_alpha_per_stock,lstm,2,0.0025,1337,"{""lr"": 0.00215897368437909, ""dropout"": 0.3539024691674417, ""u1"": 89, ""u2"": 99, ""batch_size"": 20}",0.5229357798165137,0.5571127057830307,108,0.5,-0.5181765094314016,-0.5278684350686929,-0.4251072586991051,-0.7798886039061999,0.5185185185185185,0.4977701543739279,107,0.514018691588785,0.13569501003694145,-0.23631267377885423,-0.5777582280752809,0.18399318473712353,-0.4090165441106675
TSLA,learned_alpha_per_stock,lstm,2,0.0025,2024,"{""lr"": 0.00215897368437909, ""dropout"": 0.3539024691674417, ""u1"": 89, ""u2"": 99, ""batch_size"": 20}",0.5275229357798165,0.5135500211059518,108,0.5185185185185185,-0.8818603055705416,-0.6735953142303062,-0.5258529237599306,-1.344387105535729,0.5,0.4609777015437393,107,0.4766355140186916,-1.6665033858628833,-0.9464793855327484,-0.7895155923012862,-1.9349925097962506,-1.1988102511996537
TSLA,learned_alpha_per_stock,lstm,2,0.0025,31415,"{""lr"": 0.00215897368437909, ""dropout"": 0.3539024691674417, ""u1"": 89, ""u2"": 99, ""batch_size"": 20}",0.5412844036697247,0.5729843815956099,108,0.5277777777777778,-0.6490330916039954,-0.58661559863362,-0.47533327711457324,-0.9862138905680887,0.5324074074074074,0.5622641509433962,107,0.5327102803738317,-0.27045455029894,-0.584513233418634,-0.5302822614331154,-0.3289747323429418,-1.1022681238458865
TSLA,learned_alpha_per_stock,lstm,5,0.0075,42,"{""lr"": 0.00215897368437909, ""dropout"": 0.3539024691674417, ""u1"": 89, ""u2"": 99, ""batch_size"": 20}",0.586046511627907,0.601991341991342,42,0.5714285714285714,0.24942152201798232,0.031544959667982875,-0.3022124851395759,0.41466168922848073,0.4861111111111111,0.5425385934819897,43,0.46511627906976744,0.2921213541120363,-0.06193013948470827,-0.3645538296087563,0.4902686729422881,-0.1698792728392744
TSLA,learned_alpha_per_stock,lstm,5,0.0075,7,"{""lr"": 0.00215897368437909, ""dropout"": 0.3539024691674417, ""u1"": 89, ""u2"": 99, ""batch_size"": 20}",0.627906976744186,0.6677922077922077,42,0.6428571428571429,0.9526870517367132,6.2739791773110705,-0.30291533929702985,1.5724402566322768,0.49537037037037035,0.46946826758147514,43,0.46511627906976744,-0.46301321062059875,-0.9419172282135775,-0.5430632856373121,-0.70978794275495,-1.7344520484535981
TSLA,learned_alpha_per_stock,lstm,5,0.0075,1337,"{""lr"": 0.00215897368437909, ""dropout"": 0.3539024691674417, ""u1"": 89, ""u2"": 99, ""batch_size"": 20}",0.5255813953488372,0.5753246753246753,42,0.5238095238095238,0.07898758292796447,-0.3571095703443594,-0.32566417252382596,0.14393411698703154,0.49074074074074076,0.4897941680960548,43,0.3953488372093023,-1.2706130628509003,-0.9966165612129537,-0.627548386949151,-2.238539996062347,-1.588111103365337
TSLA,learned_alpha_per_stock,lstm,5,0.0075,2024,"{""lr"": 0.00215897368437909, ""dropout"": 0.3539024691674417, ""u1"": 89, ""u2"": 99, ""batch_size"": 20}",0.5581395348837209,0.5643290043290043,42,0.5238095238095238,-0.05466651566050533,-0.5627728210597481,-0.35779258187408886,-0.08981244144579392,0.5324074074074074,0.5519725557461406,43,0.4418604651162791,-0.7700407331001413,-0.9806706897488018,-0.5122890906656222,-1.2368992089768742,-1.914291574069256
TSLA,learned_alpha_per_stock,lstm,5,0.0075,31415,"{""lr"": 0.00215897368437909, ""dropout"": 0.3539024691674417, ""u1"": 89, ""u2"": 99, ""batch_size"": 20}",0.5395348837209303,0.6144588744588744,42,0.5714285714285714,0.6566503157205293,2.2417642385175927,-0.3029153392970298,1.175565136319278,0.49074074074074076,0.43190394511149227,43,0.37209302325581395,-1.7899109844173688,-0.9994379496629853,-0.7884082387848497,-2.7338376788220167,-1.2676655322671277
TSLA,learned_alpha_per_stock,lstm,10,0.01,42,"{""lr"": 0.00215897368437909, ""dropout"": 0.3539024691674417, ""u1"": 89, ""u2"": 99, ""batch_size"": 20}",0.48095238095238096,0.39542214912280704,20,0.65,1.4463339906306008,625.2984969089764,-0.24814332978595552,2.8170114215529996,0.42592592592592593,0.34636246233318985,21,0.42857142857142855,0.19344566853570544,-0.30154271723475734,-0.29226962769157566,0.4781119252280022,-1.0317278590198478
TSLA,learned_alpha_per_stock,lstm,10,0.01,7,"{""lr"": 0.00215897368437909, ""dropout"": 0.3539024691674417, ""u1"": 89, ""u2"": 99, ""batch_size"": 20}",0.5571428571428572,0.5275036549707602,20,0.55,-0.27465597018785454,-0.9418247782014493,-0.4790752047335617,-0.31143108326533986,0.5092592592592593,0.44993542832544126,21,0.47619047619047616,0.8349832534679474,34.65137983127414,-0.27059432156549296,1.9690514680063016,128.05656685921008
TSLA,learned_alpha_per_stock,lstm,10,0.01,1337,"{""lr"": 0.00215897368437909, ""dropout"": 0.3539024691674417, ""u1"": 89, ""u2"": 99, ""batch_size"": 20}",0.43333333333333335,0.43110380116959063,20,0.4,-0.9358536770133152,-0.9983550381546274,-0.5545259763875361,-1.089236206688602,0.42592592592592593,0.40947051226861814,21,0.5714285714285714,-0.6180111170402809,-0.9959792156472768,-0.530262639696156,-1.5517193754334717,-1.8782752943295788
TSLA,learned_alpha_per_stock,lstm,10,0.01,2024,"{""lr"": 0.00215897368437909, ""dropout"": 0.3539024691674417, ""u1"": 89, ""u2"": 99, ""batch_size"": 20}",0.3952380952380952,0.3854166666666667,20,0.45,0.12124529896076834,-0.365362131685511,-0.21176230825458833,0.2870543660439162,0.49537037037037035,0.4320275505811451,21,0.38095238095238093,-1.6112395730595197,-0.999987574794981,-0.5996240624386121,-2.4906626768627205,-1.6676908707234495
TSLA,learned_alpha_per_stock,lstm,10,0.01,31415,"{""lr"": 0.00215897368437909, ""dropout"": 0.3539024691674417, ""u1"": 89, ""u2"": 99, ""batch_size"": 20}",0.49047619047619045,0.5418494152046784,20,0.55,0.36379843489411884,1.3495054711134697,-0.2230970679493479,0.687116549444508,0.5092592592592593,0.508222126560482,21,0.5714285714285714,0.620086911079301,8.647278242429216,-0.4780626137784137,1.600123044722278,18.08817086549526
TSLA,learned_alpha_global,lstm,2,0.0025,42,"{""lr"": 0.0017249321573178998, ""dropout"": 0.2529847965068651, ""u1"": 253, ""u2"": 68, ""batch_size"": 57}",0.5642201834862385,0.5462220346137611,108,0.5740740740740741,1.2769209015085385,1.8962702135401384,-0.31641025475891627,1.6952313027630361,0.5277777777777778,0.5245283018867924,107,0.5607476635514018,0.9661233224264106,1.609079170077485,-0.4138526921786531,1.4348864325727266,3.8880480917177964
TSLA,learned_alpha_global,lstm,2,0.0025,7,"{""lr"": 0.0017249321573178998, ""dropout"": 0.2529847965068651, ""u1"": 253, ""u2"": 68, ""batch_size"": 57}",0.5045871559633027,0.5355002110595188,108,0.5092592592592593,0.5536241922191855,0.40701686850141217,-0.3440957495139755,0.8705461304176775,0.49074074074074076,0.5169811320754716,107,0.5046728971962616,-0.36694329723145996,-0.6369639574918526,-0.5791835075116617,-0.5056544876264374,-1.0997619048726583
TSLA,learned_alpha_global,lstm,2,0.0025,1337,"{""lr"": 0.0017249321573178998, ""dropout"": 0.2529847965068651, ""u1"": 253, ""u2"": 68, ""batch_size"": 57}",0.5275229357798165,0.5634444913465597,108,0.5185185185185185,-0.8818603055705416,-0.6735953142303062,-0.5258529237599306,-1.344387105535729,0.5,0.4957975986277873,107,0.4672897196261682,-1.7285513895089228,-0.9510171359588468,-0.7972865761825491,-2.0136060046029534,-1.192817193175844
TSLA,learned_alpha_global,lstm,2,0.0025,2024,"{""lr"": 0.0017249321573178998, ""dropout"": 0.2529847965068651, ""u1"": 253, ""u2"": 68, ""batch_size"": 57}",0.5,0.5680033769523005,108,0.5092592592592593,-0.6560265896317069,-0.5890359763292914,-0.5481924830807156,-1.0717063734521852,0.46296296296296297,0.4642367066895369,107,0.45794392523364486,-2.3931392041650486,-0.9807669761400447,-0.83063270440779,-2.7364366582128845,-1.1807468823892442
TSLA,learned_alpha_global,lstm,2,0.0025,31415,"{""lr"": 0.0017249321573178998, ""dropout"": 0.2529847965068651, ""u1"": 253, ""u2"": 68, ""batch_size"": 57}",0.5458715596330275,0.6130012663571127,108,0.5277777777777778,-0.6861740515823117,-0.6023562969522356,-0.49103068730686844,-0.9957885355490508,0.47685185185185186,0.46843910806174954,107,0.42990654205607476,-2.3767767821918504,-0.980295332782384,-0.8248736164430351,-2.789011335973875,-1.1884188234914677
TSLA,learned_alpha_global,lstm,5,0.0075,42,"{""lr"": 0.0017249321573178998, ""dropout"": 0.2529847965068651, ""u1"": 253, ""u2"": 68, ""batch_size"": 57}",0.6139534883720931,0.5967099567099566,42,0.6904761904761905,1.6769121229898258,48.27248854792509,-0.2620477139580806,2.82105910658485,0.5046296296296297,0.4847341337907376,43,0.46511627906976744,0.5615709305869692,1.5249860808590925,-0.32405766486911924,1.0237764336337758,4.705909614805765
TSLA,learned_alpha_global,lstm,5,0.0075,7,"{""lr"": 0.0017249321573178998, ""dropout"": 0.2529847965068651, ""u1"": 253, ""u2"": 68, ""batch_size"": 57}",0.5348837209302325,0.5425108225108225,42,0.5476190476190477,-0.17570562206040263,-0.6891229516907468,-0.4023236916902195,-0.3061298481843134,0.47685185185185186,0.48962264150943396,43,0.4418604651162791,-0.5725834457747268,-0.9607588374861066,-0.49093998228177815,-0.8916616979981973,-1.9569781891071827
TSLA,learned_alpha_global,lstm,5,0.0075,1337,"{""lr"": 0.0017249321573178998, ""dropout"": 0.2529847965068651, ""u1"": 253, ""u2"": 68, ""batch_size"": 57}",0.5767441860465117,0.5399999999999999,42,0.5952380952380952,0.13846946096639734,-0.2504721411994896,-0.39180805961200577,0.22105258224953597,0.5092592592592593,0.5224699828473414,43,0.4418604651162791,-1.0368386475257443,-0.9925040953145948,-0.670791247131298,-1.7177735788351849,-1.4796020364891942
TSLA,learned_alpha_global,lstm,5,0.0075,2024,"{""lr"": 0.0017249321573178998, ""dropout"": 0.2529847965068651, ""u1"": 253, ""u2"": 68, ""batch_size"": 57}",0.5395348837209303,0.534978354978355,42,0.5238095238095238,-0.3044828861535661,-0.7830741488180321,-0.41143843489014437,-0.5338861405799694,0.4861111111111111,0.45145797598627785,43,0.3953488372093023,-1.8168644509346912,-0.9994875314268113,-0.7374886191973032,-2.737786471113274,-1.3552582445471129
TSLA,learned_alpha_global,lstm,5,0.0075,31415,"{""lr"": 0.0017249321573178998, ""dropout"": 0.2529847965068651, ""u1"": 253, ""u2"": 68, ""batch_size"": 57}",0.5069767441860465,0.5000865800865801,42,0.5238095238095238,-0.4260868029964346,-0.8459501115746766,-0.4909136628488714,-0.7523611459212105,0.5370370370370371,0.5112349914236707,43,0.37209302325581395,-1.2753127292582938,-0.9967800897881217,-0.7149954980763076,-1.9572755741957535,-1.3941068055252857
TSLA,learned_alpha_global,lstm,10,0.01,42,"{""lr"": 0.0017249321573178998, ""dropout"": 0.2529847965068651, ""u1"": 253, ""u2"": 68, ""batch_size"": 57}",0.3761904761904762,0.30879934210526316,20,0.55,1.0589433728730973,93.36410576888932,-0.24814332978595557,2.320969976143676,0.4861111111111111,0.4703400774860094,21,0.47619047619047616,0.2886327925320317,0.248807574575874,-0.5016255186811581,0.6560620241740109,0.49600262608254664
TSLA,learned_alpha_global,lstm,10,0.01,7,"{""lr"": 0.0017249321573178998, ""dropout"": 0.2529847965068651, ""u1"": 253, ""u2"": 68, ""batch_size"": 57}",0.4380952380952381,0.33735380116959063,20,0.5,-0.1521980499905651,-0.8626326718830934,-0.24814332978595546,-0.31047872098158297,0.47685185185185186,0.4109341368919501,21,0.5238095238095238,1.0241220660297496,107.1211379097604,-0.30297109522236715,2.333828476641344,353.56883742040907
TSLA,learned_alpha_global,lstm,10,0.01,1337,"{""lr"": 0.0017249321573178998, ""dropout"": 0.2529847965068651, ""u1"": 253, ""u2"": 68, ""batch_size"": 57}",0.5285714285714286,0.47395833333333337,20,0.5,-0.3982222578055205,-0.9703159713306058,-0.46769526859243415,-0.4671993602659735,0.37037037037037035,0.3400774860094705,21,0.3333333333333333,-2.4909339353052897,-0.9999998163079624,-0.69916121359059,-4.083296989323584,-1.430285028502075
TSLA,learned_alpha_global,lstm,10,0.01,2024,"{""lr"": 0.0017249321573178998, ""dropout"": 0.2529847965068651, ""u1"": 253, ""u2"": 68, ""batch_size"": 57}",0.5285714285714286,0.5264985380116959,20,0.55,0.34597441412525176,1.1728291773850152,-0.17077142805353177,0.8502461201556023,0.4722222222222222,0.4002582866982351,21,0.42857142857142855,-1.356024964901645,-0.9999497885770372,-0.6587963403076185,-2.273770760094641,-1.5178435692434487
TSLA,learned_alpha_global,lstm,10,0.01,31415,"{""lr"": 0.0017249321573178998, ""dropout"": 0.2529847965068651, ""u1"": 253, ""u2"": 68, ""batch_size"": 57}",0.47619047619047616,0.417671783625731,20,0.5,-0.14585191179372983,-0.8789572005235053,-0.45558067432434896,-0.18065825396333426,0.375,0.33508394317692636,21,0.3333333333333333,-2.423748220973242,-0.9999997545978523,-0.7113094718938208,-3.920788971947378,-1.4058574981933112
