Stock,Ablation,Model,Horizon,Threshold,Seed,Best_Params,Val_Accuracy,Val_ROC_AUC,Val_Trades,Val_WinRate,Val_Sharpe,Val_AnnualReturn,Val_MDD,Val_Sortino,Test_Accuracy,Test_ROC_AUC,Test_Trades,Test_WinRate,Test_Sharpe,Test_AnnualReturn,Test_MDD,Test_Sortino,Test_Calmar
AAPL,full_70_30,random_forest,2,0.0025,42,"{""n_estimators"": ""71"", ""max_depth"": ""20"", ""criterion"": ""gini""}",0.5443548387096774,0.5549568965517242,123,0.5040650406504065,1.1686197108652345,0.5982195742778005,-0.10481620449744576,2.1108620971181384,0.5284552845528455,0.4902116402116402,122,0.5491803278688525,1.2315152107850251,0.6726474628165353,-0.14196082383611483,2.2192765814003863,4.738261195166534
AAPL,full_70_30,random_forest,2,0.0025,7,"{""n_estimators"": ""168"", ""max_depth"": ""16"", ""criterion"": ""gini""}",0.5483870967741935,0.5583202716823406,123,0.4878048780487805,1.2214044045288812,0.6354216966160211,-0.10561526879874858,2.303751331573739,0.4959349593495935,0.4955026455026455,122,0.4918032786885246,0.052224132002148434,-0.027319122757343273,-0.2007187521048472,0.08829475014372101,-0.1361064796929033
AAPL,full_70_30,random_forest,2,0.0025,1337,"{""n_estimators"": ""50"", ""max_depth"": ""11"", ""criterion"": ""gini""}",0.5120967741935484,0.5539119644723093,123,0.4796747967479675,0.894077866851214,0.4177601240375515,-0.09828265974413795,2.095568987577504,0.5,0.48872354497354503,122,0.45901639344262296,-0.28000750171542477,-0.1667690592869575,-0.2292812244103941,-0.46402839599725615,-0.7273559346859336
AAPL,full_70_30,random_forest,2,0.0025,2024,"{""n_estimators"": ""50"", ""max_depth"": ""11"", ""criterion"": ""gini""}",0.532258064516129,0.5576998432601881,123,0.4878048780487805,1.4082582441762765,0.7737363769268124,-0.10566924366326533,3.2378822461086485,0.491869918699187,0.472718253968254,122,0.47540983606557374,-0.03604440935297492,-0.06641655878466068,-0.2319028728469917,-0.062465587792655056,-0.2863981716538802
AAPL,full_70_30,random_forest,2,0.0025,31415,"{""n_estimators"": ""50"", ""max_depth"": ""3"", ""criterion"": ""entropy""}",0.5201612903225806,0.5568508359456635,123,0.4959349593495935,1.0873334921528304,0.5427267308808839,-0.14634687070535846,2.093123542118978,0.4959349593495935,0.489484126984127,122,0.48360655737704916,0.9231206303095132,0.45399144986730366,-0.15360358040061764,1.723069177994729,2.9556046068928623
AAPL,full_70_30,random_forest,5,0.005,42,"{""n_estimators"": ""52"", ""max_depth"": ""17"", ""criterion"": ""gini""}",0.5795918367346938,0.598843537414966,48,0.4583333333333333,0.7891034411243159,1.0732515145421813,-0.1899216859355567,1.620560592192447,0.5284552845528455,0.5288493350095944,49,0.3469387755102041,-0.8110870809336536,-0.7120158047419303,-0.2572434363770178,-1.2427383629399715,-2.7678677239344402
AAPL,full_70_30,random_forest,5,0.005,7,"{""n_estimators"": ""50"", ""max_depth"": ""15"", ""criterion"": ""entropy""}",0.563265306122449,0.5921428571428572,48,0.4166666666666667,0.3659306616063019,0.3272300934865342,-0.17032703225598797,0.8683823616907567,0.508130081300813,0.5189902732746642,49,0.3877551020408163,-0.33629827383409283,-0.46135350903984784,-0.23264873878354717,-0.5083946769008938,-1.9830475396175868
AAPL,full_70_30,random_forest,5,0.005,1337,"{""n_estimators"": ""500"", ""max_depth"": ""20"", ""criterion"": ""gini""}",0.5714285714285714,0.5924829931972789,48,0.4375,0.601603632804922,0.7032468045766369,-0.20545703570993806,1.2907942140384283,0.532520325203252,0.543704095811553,49,0.3673469387755102,-0.9447013893590781,-0.7582229853800864,-0.29933572123350777,-1.3801624793969207,-2.533018719769188
AAPL,full_70_30,random_forest,5,0.005,2024,"{""n_estimators"": ""164"", ""max_depth"": ""14"", ""criterion"": ""gini""}",0.5551020408163265,0.6013945578231292,48,0.4583333333333333,1.0788159037202512,1.7981163612285376,-0.1334172442228276,2.3849680563471183,0.516260162601626,0.5257063455303381,49,0.3673469387755102,-0.9557284972420653,-0.7616975936630324,-0.3274228525254113,-1.3942612593912098,-2.326342183473333
AAPL,full_70_30,random_forest,5,0.005,31415,"{""n_estimators"": ""51"", ""max_depth"": ""18"", ""criterion"": ""entropy""}",0.5836734693877551,0.5946938775510204,48,0.5208333333333334,1.5994476424150819,3.712715449630637,-0.1334172442228279,3.498464978709806,0.5447154471544715,0.5445311983060941,49,0.40816326530612246,-0.2887576427815612,-0.4263355155794153,-0.23448184161086275,-0.42970637261774025,-1.8182026917331437
AAPL,full_70_30,random_forest,10,0.01,42,"{""n_estimators"": ""406"", ""max_depth"": ""9"", ""criterion"": ""gini""}",0.5375,0.5494186046511628,23,0.4782608695652174,-0.9393983500811444,-0.9114891596684733,-0.19316185583600534,-1.4462348415014776,0.5,0.5269698572184031,24,0.4583333333333333,-0.947436142916282,-0.9155470959369756,-0.33756693818915884,-1.1752984979306604,-2.7121942120526628
AAPL,full_70_30,random_forest,10,0.01,7,"{""n_estimators"": ""52"", ""max_depth"": ""11"", ""criterion"": ""entropy""}",0.525,0.5626698882512836,23,0.391304347826087,-1.2577207626147393,-0.9559320345750169,-0.24291749785111272,-1.9575999965787843,0.508130081300813,0.5199299312533051,24,0.2916666666666667,-1.864336726879673,-0.9877959221048451,-0.4490254230966359,-2.443191808224792,-2.1998663578838364
AAPL,full_70_30,random_forest,10,0.01,1337,"{""n_estimators"": ""390"", ""max_depth"": ""10"", ""criterion"": ""gini""}",0.525,0.5522878284506191,23,0.5217391304347826,-0.7137760211371217,-0.8526465807017377,-0.1547401187240675,-1.0797327254643758,0.5,0.5178807509254363,24,0.4583333333333333,-0.13281536350054982,-0.4375158679901864,-0.20645755640614474,-0.21347834858413411,-2.119156477515902
AAPL,full_70_30,random_forest,10,0.01,2024,"{""n_estimators"": ""500"", ""max_depth"": ""9"", ""criterion"": ""gini""}",0.5083333333333333,0.5468891573542737,23,0.43478260869565216,-1.1224360906945134,-0.9409359068280991,-0.22240621294879112,-1.742576629953022,0.5040650406504065,0.5187731359069276,24,0.4583333333333333,-0.947436142916282,-0.9155470959369756,-0.33756693818915884,-1.1752984979306604,-2.7121942120526628
AAPL,full_70_30,random_forest,10,0.01,31415,"{""n_estimators"": ""50"", ""max_depth"": ""12"", ""criterion"": ""gini""}",0.5541666666666667,0.5577997583811538,23,0.391304347826087,-1.1676185899611764,-0.9464705563055046,-0.22391347207984127,-1.7884591884410748,0.5121951219512195,0.5207562136435748,24,0.375,-1.568882247896377,-0.9779237633040732,-0.41702791798716526,-2.02593670916846,-2.344983923436441
AAPL,equal_50_50,random_forest,2,0.0025,42,"{""n_estimators"": ""323"", ""max_depth"": ""5"", ""criterion"": ""gini""}",0.532258064516129,0.5676266980146291,123,0.4715447154471545,0.43414818692183865,0.156545311825955,-0.1650776257996193,0.8715254491775992,0.483739837398374,0.47050264550264553,122,0.48360655737704916,0.35118524336755585,0.11739566209216346,-0.1646688202414695,0.5942610520255454,0.7129197981743907
AAPL,equal_50_50,random_forest,2,0.0025,7,"{""n_estimators"": ""50"", ""max_depth"": ""4"", ""criterion"": ""entropy""}",0.5161290322580645,0.5561977533960293,123,0.4959349593495935,0.8972818161201448,0.4193742126356166,-0.1231044475429066,1.6751818426342193,0.45934959349593496,0.46461640211640215,122,0.4672131147540984,-0.2800488332589539,-0.1667353827131296,-0.1588450095579908,-0.4813033773950212,-1.0496734091747353
AAPL,equal_50_50,random_forest,2,0.0025,1337,"{""n_estimators"": ""50"", ""max_depth"": ""4"", ""criterion"": ""gini""}",0.532258064516129,0.5892110762800418,123,0.4959349593495935,1.1017207945241658,0.5527654369863768,-0.11510150410897908,2.6097812938176137,0.4959349593495935,0.49272486772486773,122,0.5,0.8725740150202852,0.42065147197511865,-0.12053384971393372,1.5171988403568146,3.4899032344313428
AAPL,equal_50_50,random_forest,2,0.0025,2024,"{""n_estimators"": ""74"", ""max_depth"": ""3"", ""criterion"": ""entropy""}",0.5725806451612904,0.5769331243469175,123,0.5609756097560976,1.9399348347525904,1.2234770307409963,-0.10357020970096552,2.9982653593677697,0.4878048780487805,0.46871693121693125,122,0.5409836065573771,2.4076065853808633,1.8040814353386154,-0.08802009880361691,4.603985580623001,20.496244151733244
AAPL,equal_50_50,random_forest,2,0.0025,31415,"{""n_estimators"": ""72"", ""max_depth"": ""3"", ""criterion"": ""entropy""}",0.5443548387096774,0.5758228840125392,123,0.5203252032520326,1.3242912712924786,0.7101480812245224,-0.12310444754290707,2.49638531304058,0.491869918699187,0.47404100529100535,122,0.5409836065573771,1.8946939243864331,1.246748164518496,-0.08802009880361679,3.1751547941789204,14.16435770312117
AAPL,equal_50_50,random_forest,5,0.005,42,"{""n_estimators"": ""50"", ""max_depth"": ""3"", ""criterion"": ""gini""}",0.5673469387755102,0.531734693877551,48,0.6666666666666666,2.3747056442166596,8.708036471370932,-0.155873116557814,3.391156161319366,0.5365853658536586,0.4842850526037187,49,0.4897959183673469,0.6358179487193947,0.9550085964463813,-0.22680876861517718,1.1790385424546772,4.21063348774989
AAPL,equal_50_50,random_forest,5,0.005,7,"{""n_estimators"": ""50"", ""max_depth"": ""3"", ""criterion"": ""entropy""}",0.5877551020408164,0.5634353741496597,48,0.6458333333333334,2.115560894268851,6.680392882344853,-0.13897279029775253,3.0565209261615465,0.5487804878048781,0.4972209356183419,49,0.5306122448979592,0.8291902590149208,1.5125305517250007,-0.2094655507876937,1.486501011043229,7.220903609386558
AAPL,equal_50_50,random_forest,5,0.005,1337,"{""n_estimators"": ""50"", ""max_depth"": ""3"", ""criterion"": ""entropy""}",0.5755102040816327,0.5635034013605442,48,0.5,1.0042602631695727,1.5918902850392134,-0.17618832744115473,2.2543343700928675,0.5121951219512195,0.4933500959438894,49,0.3673469387755102,-1.0095249813801663,-0.7778415851824052,-0.2881454119882876,-1.4438790667611452,-2.6994758646860655
AAPL,equal_50_50,random_forest,5,0.005,2024,"{""n_estimators"": ""65"", ""max_depth"": ""5"", ""criterion"": ""entropy""}",0.5510204081632653,0.5444897959183673,48,0.4791666666666667,0.33936790377615267,0.28995250978100695,-0.2020601202328038,0.7585572046116145,0.491869918699187,0.4877588830807914,49,0.3673469387755102,-1.286996373090098,-0.8445313176202206,-0.33587697123064175,-1.8413224124886378,-2.5144067321015986
AAPL,equal_50_50,random_forest,5,0.005,31415,"{""n_estimators"": ""223"", ""max_depth"": ""3"", ""criterion"": ""gini""}",0.5551020408163265,0.5595238095238095,48,0.6041666666666666,2.047266420325287,6.220428428709145,-0.07667962197663314,4.3775671686963955,0.5528455284552846,0.49546747832991467,49,0.42857142857142855,0.15623940385682863,0.04028214113339823,-0.20946555078769388,0.30279884192072215,0.1923091457374136
AAPL,equal_50_50,random_forest,10,0.01,42,"{""n_estimators"": ""53"", ""max_depth"": ""6"", ""criterion"": ""gini""}",0.5291666666666667,0.5403956508607672,23,0.43478260869565216,-0.7763161356061016,-0.8720725677558738,-0.2579625883067809,-1.1897709732259503,0.508130081300813,0.49193548387096775,24,0.375,-1.3224947276779162,-0.9629392061184974,-0.35459260726411773,-1.7017599970929354,-2.71562121260259
AAPL,equal_50_50,random_forest,10,0.01,7,"{""n_estimators"": ""88"", ""max_depth"": ""10"", ""criterion"": ""gini""}",0.5083333333333333,0.549380851706433,23,0.5217391304347826,0.05279346077815496,-0.12056517992849158,-0.1708641499540251,0.08002656401355195,0.5040650406504065,0.5061475409836066,24,0.3333333333333333,-2.3204969046550503,-0.994797864938014,-0.422585476032444,-2.7588842978330548,-2.354074906402222
AAPL,equal_50_50,random_forest,10,0.01,1337,"{""n_estimators"": ""332"", ""max_depth"": ""12"", ""criterion"": ""entropy""}",0.5166666666666667,0.5430761099365751,23,0.5217391304347826,0.05279346077815496,-0.12056517992849158,-0.1708641499540251,0.08002656401355195,0.516260162601626,0.501553410893707,24,0.375,-1.28563320816264,-0.9598865796612397,-0.3625464337047014,-1.6477666856591544,-2.647623836352723
AAPL,equal_50_50,random_forest,10,0.01,2024,"{""n_estimators"": ""425"", ""max_depth"": ""12"", ""criterion"": ""entropy""}",0.5166666666666667,0.5380927212322562,23,0.5217391304347826,0.05279346077815496,-0.12056517992849158,-0.1708641499540251,0.08002656401355195,0.4959349593495935,0.5117993125330513,24,0.375,-1.41980558774827,-0.9698684788951626,-0.36719101843942775,-1.829924806052032,-2.6413186330567973
AAPL,equal_50_50,random_forest,10,0.01,31415,"{""n_estimators"": ""50"", ""max_depth"": ""11"", ""criterion"": ""entropy""}",0.5208333333333334,0.5338266384778013,23,0.4782608695652174,-0.20053700368020969,-0.5142698743442815,-0.21459159967916802,-0.31645173838409174,0.483739837398374,0.5144434161819145,24,0.3333333333333333,-2.3204969046550503,-0.994797864938014,-0.422585476032444,-2.7588842978330548,-2.354074906402222
AAPL,news_only,random_forest,2,0.0025,42,"{""n_estimators"": ""55"", ""max_depth"": ""3"", ""criterion"": ""gini""}",0.5604838709677419,0.5544997387669801,123,0.4796747967479675,0.5018062587587448,0.19181918121092179,-0.12796114667117392,0.9719587596567203,0.5203252032520326,0.508366402116402,122,0.4918032786885246,0.5244349111273906,0.21060928454772276,-0.14908933567406768,0.9149815947513392,1.4126381581587244
AAPL,news_only,random_forest,2,0.0025,7,"{""n_estimators"": ""50"", ""max_depth"": ""3"", ""criterion"": ""gini""}",0.5483870967741935,0.5671042319749215,123,0.5447154471544715,2.1998348252034727,1.4789478829423501,-0.12126588504942884,4.139205639282012,0.4878048780487805,0.5058531746031745,122,0.5327868852459017,0.8065543821997829,0.3774154709006363,-0.20285076819379924,1.1111205787768212,1.8605572671041686
AAPL,news_only,random_forest,2,0.0025,1337,"{""n_estimators"": ""498"", ""max_depth"": ""3"", ""criterion"": ""entropy""}",0.5564516129032258,0.5832353709508883,123,0.5528455284552846,2.2228507131997413,1.5025993314828163,-0.10434014269582192,4.028088469197764,0.4959349593495935,0.5039351851851852,122,0.5491803278688525,1.9586728336628472,1.3107086768435559,-0.10603351131878669,3.4235997776192986,12.361268249458872
AAPL,news_only,random_forest,2,0.0025,2024,"{""n_estimators"": ""492"", ""max_depth"": ""3"", ""criterion"": ""entropy""}",0.5161290322580645,0.570598223615465,123,0.43089430894308944,-0.05171336324683591,-0.0689816875963184,-0.19758836556705528,-0.10262366507911917,0.5284552845528455,0.5185515873015872,122,0.4918032786885246,0.19471271336949797,0.03921197144787847,-0.1791878671952932,0.3319323803876459,0.21883162103348291
AAPL,news_only,random_forest,2,0.0025,31415,"{""n_estimators"": ""50"", ""max_depth"": ""3"", ""criterion"": ""gini""}",0.5766129032258065,0.5720676593521422,123,0.5853658536585366,2.5992017900955187,1.9186405372406754,-0.12126588504942859,4.7278638721718265,0.483739837398374,0.49718915343915343,122,0.5327868852459017,1.6879323062792158,1.0513925618535254,-0.1395941505811999,2.9628891151854413,7.531780934058161
AAPL,news_only,random_forest,5,0.005,42,"{""n_estimators"": ""188"", ""max_depth"": ""3"", ""criterion"": ""entropy""}",0.563265306122449,0.5762244897959183,48,0.3958333333333333,-0.667949927898124,-0.5615332371560501,-0.1979112262530724,-1.2039662407571308,0.5365853658536586,0.5357639118639582,49,0.3673469387755102,-1.3271599952819166,-0.8522948207082801,-0.34245921372736005,-1.8845990691925019,-2.4887484013988668
AAPL,news_only,random_forest,5,0.005,7,"{""n_estimators"": ""383"", ""max_depth"": ""3"", ""criterion"": ""gini""}",0.5551020408163265,0.5689115646258504,48,0.3958333333333333,-0.8670524382213981,-0.6450080201924225,-0.22953606117862183,-1.5750116495175883,0.5284552845528455,0.5297426057036989,49,0.3877551020408163,-1.1643087270373267,-0.818121830899368,-0.3247290221794221,-1.6334030898912193,-2.5193985600933817
AAPL,news_only,random_forest,5,0.005,1337,"{""n_estimators"": ""52"", ""max_depth"": ""16"", ""criterion"": ""gini""}",0.5387755102040817,0.5650000000000001,48,0.3958333333333333,-1.7427703726104429,-0.8559970633824618,-0.33796139244712203,-2.7161208760108297,0.524390243902439,0.526368027525971,49,0.30612244897959184,-0.8253767584721943,-0.7159892392829271,-0.25985271993675646,-1.6474219411048445,-2.7553655757660964
AAPL,news_only,random_forest,5,0.005,2024,"{""n_estimators"": ""298"", ""max_depth"": ""3"", ""criterion"": ""entropy""}",0.563265306122449,0.5696598639455782,48,0.3958333333333333,-0.5402613403011325,-0.49754629274725315,-0.19054340882111467,-0.9795777084256208,0.524390243902439,0.5238536359425661,49,0.42857142857142855,-0.5116140741994847,-0.5732115246599825,-0.2667799243587814,-0.7327775051110307,-2.148630658913801
AAPL,news_only,random_forest,5,0.005,31415,"{""n_estimators"": ""500"", ""max_depth"": ""3"", ""criterion"": ""entropy""}",0.5755102040816327,0.5778571428571428,48,0.5,-0.07632523154912156,-0.17503167053099988,-0.1344564629926903,-0.10984294181757032,0.5447154471544715,0.5369549394560974,49,0.4489795918367347,-0.7490298806205484,-0.6880256448023783,-0.323945276353352,-1.0177069854787688,-2.1238946668631025
AAPL,news_only,random_forest,10,0.01,42,"{""n_estimators"": ""60"", ""max_depth"": ""12"", ""criterion"": ""gini""}",0.5041666666666667,0.5312216852914527,23,0.5217391304347826,0.4911826031951777,1.4468624494284215,-0.12799130674308454,0.9273682947470253,0.532520325203252,0.5110060814383923,24,0.4166666666666667,-0.10461261653373116,-0.3988385848766052,-0.16086044379824418,-0.16942561992149632,-2.4794074631351886
AAPL,news_only,random_forest,10,0.01,7,"{""n_estimators"": ""50"", ""max_depth"": ""3"", ""criterion"": ""entropy""}",0.5166666666666667,0.5342796738145574,23,0.5652173913043478,0.35188898626772086,0.770712299001225,-0.22298666358518796,0.5746534307410733,0.5284552845528455,0.523697778952935,24,0.5833333333333334,0.08664851122327001,-0.06677058795026414,-0.2198171332688262,0.09481091668610057,-0.30375515755910976
AAPL,news_only,random_forest,10,0.01,1337,"{""n_estimators"": ""52"", ""max_depth"": ""10"", ""criterion"": ""entropy""}",0.5125,0.538583509513742,23,0.4782608695652174,0.41433497470100655,1.0501285502047626,-0.12799130674308454,0.7862100268111905,0.5487804878048781,0.5218799576943417,24,0.5,0.5239423138112294,1.614277071328277,-0.11764820494372061,0.794387652599402,13.721221433854423
AAPL,news_only,random_forest,10,0.01,2024,"{""n_estimators"": ""51"", ""max_depth"": ""10"", ""criterion"": ""entropy""}",0.5208333333333334,0.5328450619148294,23,0.6521739130434783,1.07127552669957,7.937749200725511,-0.12799130674308454,1.7827362857840028,0.5487804878048781,0.5240613432046537,24,0.5833333333333334,0.9220621481955462,5.433901237208026,-0.11325751355171933,1.2652065591839532,47.978284767187844
AAPL,news_only,random_forest,10,0.01,31415,"{""n_estimators"": ""499"", ""max_depth"": ""3"", ""criterion"": ""entropy""}",0.5541666666666667,0.5360540622168529,23,0.5217391304347826,0.29860567995623755,0.5648433185741182,-0.22298666358518796,0.48479499000666665,0.5447154471544715,0.5351665785298785,24,0.5833333333333334,0.08664851122327001,-0.06677058795026414,-0.2198171332688262,0.09481091668610057,-0.30375515755910976
AAPL,social_only,random_forest,2,0.0025,42,"{""n_estimators"": ""60"", ""max_depth"": ""12"", ""criterion"": ""gini""}",0.5241935483870968,0.5443443051201671,123,0.5203252032520326,0.5723234697709421,0.22960612427641336,-0.18801707012247795,1.0328344736658817,0.45121951219512196,0.4329695767195767,122,0.4426229508196721,-0.20649747519247036,-0.1376908140030657,-0.24558300650115525,-0.35421668592175953,-0.5606691438661006
AAPL,social_only,random_forest,2,0.0025,7,"{""n_estimators"": ""50"", ""max_depth"": ""7"", ""criterion"": ""gini""}",0.532258064516129,0.5496995820271682,123,0.5284552845528455,1.1864925811128506,0.6107854168605908,-0.12504980840895996,2.1477892215387917,0.44308943089430897,0.42341269841269835,122,0.45081967213114754,0.36773400544895846,0.12603384764184988,-0.1738731988858564,0.6438116531088001,0.7248606941693647
AAPL,social_only,random_forest,2,0.0025,1337,"{""n_estimators"": ""50"", ""max_depth"": ""6"", ""criterion"": ""entropy""}",0.5241935483870968,0.5550548589341693,123,0.5284552845528455,1.1530524813311804,0.5870961584990744,-0.12504980840895996,1.851810514212125,0.45528455284552843,0.4560846560846561,122,0.4672131147540984,0.1465021210660166,0.016322476420175702,-0.2076039519452717,0.2607085670115418,0.07862314887184138
AAPL,social_only,random_forest,2,0.0025,2024,"{""n_estimators"": ""114"", ""max_depth"": ""20"", ""criterion"": ""gini""}",0.532258064516129,0.5413074712643678,123,0.4959349593495935,0.3438212574392788,0.1108174325910114,-0.20434743360473728,0.6009625246786974,0.45934959349593496,0.44801587301587303,122,0.4262295081967213,-0.9381507419367365,-0.3865924663611935,-0.2785093637222631,-1.547975860074729,-1.3880770872275365
AAPL,social_only,random_forest,2,0.0025,31415,"{""n_estimators"": ""50"", ""max_depth"": ""3"", ""criterion"": ""entropy""}",0.5282258064516129,0.5433646812957157,123,0.5284552845528455,1.1541717397942526,0.5878700877295377,-0.1405426407642557,1.8530008534932012,0.45528455284552843,0.4226851851851852,122,0.45901639344262296,0.3458111798806396,0.11476200064759312,-0.16709279109196687,0.6198347735159793,0.6868159894727524
AAPL,social_only,random_forest,5,0.005,42,"{""n_estimators"": ""500"", ""max_depth"": ""3"", ""criterion"": ""entropy""}",0.5428571428571428,0.5581292517006803,48,0.5,0.19209834313086835,0.10090529672707693,-0.17124132284405852,0.3247149783719764,0.491869918699187,0.4663534705220671,49,0.32653061224489793,-2.5676140493009654,-0.9667488044339835,-0.4903524862454445,-3.3556546792207773,-1.971538498430454
AAPL,social_only,random_forest,5,0.005,7,"{""n_estimators"": ""211"", ""max_depth"": ""6"", ""criterion"": ""gini""}",0.5306122448979592,0.5482312925170069,48,0.5,-0.04264875812742159,-0.1438532823755848,-0.1689498069844073,-0.07410158607262492,0.47560975609756095,0.48746112618275655,49,0.30612244897959184,-2.7560710421182,-0.9729963533994831,-0.5105649379238313,-3.6202448958979394,-1.9057249746841012
AAPL,social_only,random_forest,5,0.005,1337,"{""n_estimators"": ""392"", ""max_depth"": ""3"", ""criterion"": ""entropy""}",0.5469387755102041,0.5513265306122448,48,0.5,0.19209834313086835,0.10090529672707693,-0.17124132284405852,0.3247149783719764,0.491869918699187,0.4666512274201019,49,0.32653061224489793,-2.5676140493009654,-0.9667488044339835,-0.4903524862454445,-3.3556546792207773,-1.971538498430454
AAPL,social_only,random_forest,5,0.005,2024,"{""n_estimators"": ""50"", ""max_depth"": ""4"", ""criterion"": ""entropy""}",0.5387755102040817,0.55,48,0.4791666666666667,-0.07538522175653894,-0.17338994695912513,-0.17124132284405852,-0.13007320610447437,0.47560975609756095,0.45338450340766234,49,0.30612244897959184,-2.7560710421182,-0.9729963533994831,-0.5105649379238313,-3.6202448958979394,-1.9057249746841012
AAPL,social_only,random_forest,5,0.005,31415,"{""n_estimators"": ""50"", ""max_depth"": ""3"", ""criterion"": ""gini""}",0.5428571428571428,0.5423809523809523,48,0.5208333333333334,0.2249618162348049,0.1402431566624227,-0.1689498069844073,0.38235468032582665,0.483739837398374,0.47756898034804474,49,0.3469387755102041,-2.0382895908039833,-0.9386339791759055,-0.460246954043167,-2.7638336477606735,-2.0394137776039907
AAPL,social_only,random_forest,10,0.01,42,"{""n_estimators"": ""50"", ""max_depth"": ""3"", ""criterion"": ""entropy""}",0.5625,0.567351253397765,23,0.5652173913043478,0.8231693540324232,4.1853081515555814,-0.10893854336164892,1.3904497912026597,0.4349593495934959,0.45078662083553667,24,0.3333333333333333,-0.6978148921580742,-0.8496775447537088,-0.28626074894952963,-1.1585437960937548,-2.968194374784909
AAPL,social_only,random_forest,10,0.01,7,"{""n_estimators"": ""50"", ""max_depth"": ""3"", ""criterion"": ""gini""}",0.575,0.5647085472666867,23,0.6086956521739131,0.9425098334478041,5.750539966842951,-0.10893854336164892,1.5514415653254572,0.44715447154471544,0.45921470121628766,24,0.4166666666666667,0.47247032023017993,1.3415151228269937,-0.1495807981755615,1.3145155099375447,8.968498224300626
AAPL,social_only,random_forest,10,0.01,1337,"{""n_estimators"": ""53"", ""max_depth"": ""3"", ""criterion"": ""gini""}",0.5708333333333333,0.563236182422229,23,0.5652173913043478,0.8231693540324232,4.1853081515555814,-0.10893854336164892,1.3904497912026597,0.43089430894308944,0.4489357482813326,24,0.4166666666666667,0.47247032023017993,1.3415151228269937,-0.1495807981755615,1.3145155099375447,8.968498224300626
AAPL,social_only,random_forest,10,0.01,2024,"{""n_estimators"": ""499"", ""max_depth"": ""3"", ""criterion"": ""gini""}",0.5583333333333333,0.5618770764119602,23,0.5652173913043478,0.8231693540324232,4.1853081515555814,-0.10893854336164892,1.3904497912026597,0.4349593495934959,0.458388418826018,24,0.4166666666666667,0.47247032023017993,1.3415151228269937,-0.1495807981755615,1.3145155099375447,8.968498224300626
AAPL,social_only,random_forest,10,0.01,31415,"{""n_estimators"": ""51"", ""max_depth"": ""3"", ""criterion"": ""entropy""}",0.5666666666666667,0.5664829356689822,23,0.6086956521739131,0.9425098334478041,5.750539966842951,-0.10893854336164892,1.5514415653254572,0.4349593495934959,0.46126388154415654,24,0.4166666666666667,0.47247032023017993,1.3415151228269937,-0.1495807981755615,1.3145155099375447,8.968498224300626
AAPL,sentiment_only,random_forest,2,0.0025,42,"{""n_estimators"": ""50"", ""max_depth"": ""20"", ""criterion"": ""gini""}",0.4838709677419355,0.48853840125391856,123,0.42276422764227645,-1.5333731110684314,-0.5199224841202017,-0.36452778016807136,-2.0900011248012746,0.5284552845528455,0.5376653439153439,122,0.5,0.7036109915822781,0.31496237436892627,-0.164929604753471,1.29818049711624,1.9096776157301607
AAPL,sentiment_only,random_forest,2,0.0025,7,"{""n_estimators"": ""51"", ""max_depth"": ""19"", ""criterion"": ""entropy""}",0.4798387096774194,0.49017110762800414,123,0.4146341463414634,-1.655911579854499,-0.5451012705668075,-0.33799523662742403,-2.3071235598171085,0.532520325203252,0.5363095238095239,122,0.4918032786885246,0.8033747541971028,0.3767031043582272,-0.13960415062852197,1.6054810359240796,2.698366077672081
AAPL,sentiment_only,random_forest,2,0.0025,1337,"{""n_estimators"": ""500"", ""max_depth"": ""20"", ""criterion"": ""gini""}",0.4838709677419355,0.48432601880877735,123,0.42276422764227645,-1.0626303708922242,-0.4083274820285526,-0.33438307438092024,-1.533391871173764,0.5365853658536586,0.5434854497354498,122,0.5081967213114754,1.1185755562118433,0.5894818939050648,-0.11478620303074817,2.204589152798182,5.1354768982745975
AAPL,sentiment_only,random_forest,2,0.0025,2024,"{""n_estimators"": ""51"", ""max_depth"": ""20"", ""criterion"": ""gini""}",0.49193548387096775,0.4929140543364682,123,0.42276422764227645,-1.2790253243167768,-0.46263170339049353,-0.33820312582150946,-1.841490390747979,0.532520325203252,0.5390542328042328,122,0.5,0.9899382135825373,0.4992072220704753,-0.11478620303074817,1.9702231927415645,4.349017642274926
AAPL,sentiment_only,random_forest,2,0.0025,31415,"{""n_estimators"": ""499"", ""max_depth"": ""20"", ""criterion"": ""gini""}",0.4838709677419355,0.4849791013584117,123,0.42276422764227645,-1.0626303708922242,-0.4083274820285526,-0.33438307438092024,-1.533391871173764,0.5365853658536586,0.5405423280423282,122,0.5081967213114754,1.1185755562118433,0.5894818939050648,-0.11478620303074817,2.204589152798182,5.1354768982745975
AAPL,sentiment_only,random_forest,5,0.005,42,"{""n_estimators"": ""50"", ""max_depth"": ""12"", ""criterion"": ""entropy""}",0.5510204081632653,0.5924829931972789,48,0.4583333333333333,0.04215078442022584,-0.061073562111025326,-0.17926150650772885,0.09760229281475337,0.540650406504065,0.5179646661814332,49,0.5102040816326531,0.05675608051922952,-0.09374246002056918,-0.2273162845368464,0.07476128387981462,-0.41238778916155555
AAPL,sentiment_only,random_forest,5,0.005,7,"{""n_estimators"": ""52"", ""max_depth"": ""15"", ""criterion"": ""entropy""}",0.5510204081632653,0.5895238095238096,48,0.4583333333333333,0.04215078442022584,-0.061073562111025326,-0.17926150650772885,0.09760229281475337,0.5365853658536586,0.5159134519949712,49,0.5306122448979592,0.6034503838819031,0.8730172671885192,-0.18027282460641106,1.0654765944589646,4.842755801350394
AAPL,sentiment_only,random_forest,5,0.005,1337,"{""n_estimators"": ""500"", ""max_depth"": ""12"", ""criterion"": ""entropy""}",0.5510204081632653,0.5869047619047619,48,0.4791666666666667,0.28519054056006266,0.21760872685436028,-0.17582506016086447,0.6471582790825797,0.532520325203252,0.5185932640772845,49,0.5102040816326531,0.061256233931628566,-0.08831998716756195,-0.2264194776892885,0.08055667191997401,-0.39007239160211266
AAPL,sentiment_only,random_forest,5,0.005,2024,"{""n_estimators"": ""500"", ""max_depth"": ""12"", ""criterion"": ""entropy""}",0.563265306122449,0.5851020408163266,48,0.4791666666666667,0.28519054056006266,0.21760872685436028,-0.17582506016086447,0.6471582790825797,0.508130081300813,0.5150863495004301,49,0.5102040816326531,-0.09330912757110511,-0.2573438896147392,-0.25843260778677873,-0.12483739248438487,-0.9957872259953442
AAPL,sentiment_only,random_forest,5,0.005,31415,"{""n_estimators"": ""499"", ""max_depth"": ""12"", ""criterion"": ""entropy""}",0.5551020408163265,0.586734693877551,48,0.4791666666666667,0.28519054056006266,0.21760872685436028,-0.17582506016086447,0.6471582790825797,0.5284552845528455,0.5204790577648383,49,0.5102040816326531,-0.37739289562482675,-0.4908061087139899,-0.3109031078992973,-0.4933629585436272,-1.5786465179787261
AAPL,sentiment_only,random_forest,10,0.01,42,"{""n_estimators"": ""50"", ""max_depth"": ""6"", ""criterion"": ""entropy""}",0.49166666666666664,0.5443597100573845,23,0.34782608695652173,-1.6534309996991519,-0.9806409819421484,-0.3595475172977029,-2.6667325514567817,0.4959349593495935,0.4739886303543099,24,0.3333333333333333,-1.0161604405105236,-0.9268651405150511,-0.2769225235989919,-1.7106569590528506,-3.3470196951448887
AAPL,sentiment_only,random_forest,10,0.01,7,"{""n_estimators"": ""50"", ""max_depth"": ""5"", ""criterion"": ""gini""}",0.5291666666666667,0.5286922379945636,23,0.4782608695652174,-0.2300780215452685,-0.5461740481424924,-0.26043741684170785,-0.38827428721182367,0.4796747967479675,0.46549444738233736,24,0.3333333333333333,-2.1450457993698286,-0.9928387109186958,-0.42046868594466286,-2.757128797761903,-2.3612667104759413
AAPL,sentiment_only,random_forest,10,0.01,1337,"{""n_estimators"": ""50"", ""max_depth"": ""5"", ""criterion"": ""gini""}",0.5083333333333333,0.5257852612503775,23,0.34782608695652173,-1.409801213763056,-0.9680757446203351,-0.3148980409045032,-2.2040638244946793,0.4715447154471545,0.47732681121099946,24,0.375,-0.9533638305558998,-0.9158391871904563,-0.26718731980677374,-1.604672532333683,-3.427704532732986
AAPL,sentiment_only,random_forest,10,0.01,2024,"{""n_estimators"": ""404"", ""max_depth"": ""6"", ""criterion"": ""entropy""}",0.5,0.5191029900332226,23,0.4782608695652174,-0.9539098547207733,-0.9142958243007628,-0.2798370499751491,-1.4883055438826345,0.47560975609756095,0.45937995769434165,24,0.4166666666666667,-0.512713602496106,-0.7691041438283805,-0.22945047813592315,-0.852416647161176,-3.3519395996759456
AAPL,sentiment_only,random_forest,10,0.01,31415,"{""n_estimators"": ""499"", ""max_depth"": ""5"", ""criterion"": ""entropy""}",0.4791666666666667,0.5198580489278164,23,0.34782608695652173,-1.5282858796335588,-0.9750356096606432,-0.3460397145487158,-2.419976128468848,0.4878048780487805,0.4700885774722369,24,0.4583333333333333,-0.3701048625553419,-0.6780418171824584,-0.18556114190818324,-0.5890742387934698,-3.654007569741932
AAPL,technical_only,random_forest,2,0.0025,42,"{""n_estimators"": ""52"", ""max_depth"": ""7"", ""criterion"": ""entropy""}",0.5685483870967742,0.5913335945663533,123,0.5772357723577236,3.016111133360677,2.4455017416397054,-0.07075868508851497,6.718657046391246,0.4878048780487805,0.47364417989417984,122,0.5245901639344263,1.6779070347119054,1.0423148260042803,-0.12978839094398859,2.964408695189038,8.03087871282803
AAPL,technical_only,random_forest,2,0.0025,7,"{""n_estimators"": ""168"", ""max_depth"": ""16"", ""criterion"": ""gini""}",0.5645161290322581,0.5799046499477535,123,0.5691056910569106,2.458830031227494,1.7571868085986102,-0.12126588504942859,4.554740713534693,0.5,0.48720238095238094,122,0.5573770491803278,2.228974503092023,1.5976469161052225,-0.10603351131878613,3.7910998040230863,15.067377249273123
AAPL,technical_only,random_forest,2,0.0025,1337,"{""n_estimators"": ""51"", ""max_depth"": ""11"", ""criterion"": ""entropy""}",0.5887096774193549,0.5854558516196449,123,0.5934959349593496,3.1139001871825345,2.579424104337176,-0.06604426002071072,6.846115056113963,0.4959349593495935,0.5010912698412698,122,0.5327868852459017,1.546801873336493,0.9266789023860142,-0.1395941505811999,2.6545021189241624,6.638379176547076
AAPL,technical_only,random_forest,2,0.0025,2024,"{""n_estimators"": ""50"", ""max_depth"": ""20"", ""criterion"": ""gini""}",0.5846774193548387,0.6095545977011494,123,0.5934959349593496,3.1139001871825345,2.579424104337176,-0.06604426002071072,6.846115056113963,0.491869918699187,0.4784060846560846,122,0.5409836065573771,1.7405875115567278,1.0996293829809125,-0.10603351131878613,2.947771189118994,10.370583500483297
AAPL,technical_only,random_forest,2,0.0025,31415,"{""n_estimators"": ""122"", ""max_depth"": ""20"", ""criterion"": ""entropy""}",0.5846774193548387,0.6078565830721003,123,0.5934959349593496,3.1139001871825345,2.579424104337176,-0.06604426002071072,6.846115056113963,0.491869918699187,0.4904431216931217,122,0.5409836065573771,1.7422573940286943,1.1011782002499695,-0.13386824850804027,2.9508833642631407,8.225835569842625
AAPL,technical_only,random_forest,5,0.005,42,"{""n_estimators"": ""50"", ""max_depth"": ""5"", ""criterion"": ""gini""}",0.5795918367346938,0.5598979591836735,48,0.625,1.573346341130012,3.5871211118600685,-0.0974661662737664,2.3314300153982077,0.5813008130081301,0.5825448289552041,49,0.5510204081632653,1.0091587517776426,2.1655501807300994,-0.20946555078769388,1.7554094479755913,10.338455047078442
AAPL,technical_only,random_forest,5,0.005,7,"{""n_estimators"": ""50"", ""max_depth"": ""6"", ""criterion"": ""gini""}",0.5714285714285714,0.5654081632653061,48,0.6041666666666666,1.4634071613064032,3.11647576215727,-0.11479474278828614,2.2133642879898336,0.5691056910569106,0.5708330576325018,49,0.5306122448979592,0.8469532997235194,1.570776687019388,-0.20946555078769388,1.5112298206412977,7.498973846116901
AAPL,technical_only,random_forest,5,0.005,1337,"{""n_estimators"": ""65"", ""max_depth"": ""7"", ""criterion"": ""entropy""}",0.5795918367346938,0.5613265306122449,48,0.625,1.714580402787238,4.262307867430912,-0.11479474278828623,2.5018544103209166,0.5609756097560976,0.5686495070469132,49,0.5306122448979592,0.8469532997235194,1.570776687019388,-0.20946555078769388,1.5112298206412977,7.498973846116901
AAPL,technical_only,random_forest,5,0.005,2024,"{""n_estimators"": ""154"", ""max_depth"": ""19"", ""criterion"": ""gini""}",0.5755102040816327,0.5460204081632652,48,0.6041666666666666,1.4634071613064032,3.11647576215727,-0.11479474278828614,2.2133642879898336,0.5609756097560976,0.5626943690862172,49,0.5306122448979592,0.7749540339737074,1.3423973600983943,-0.20946555078769388,1.4016922402685024,6.4086784440225015
AAPL,technical_only,random_forest,5,0.005,31415,"{""n_estimators"": ""493"", ""max_depth"": ""4"", ""criterion"": ""entropy""}",0.5673469387755102,0.5530952380952381,48,0.6458333333333334,1.8706250552007868,5.1092723348788445,-0.0974661662737664,2.668309953261215,0.5772357723577236,0.5634222192814134,49,0.5510204081632653,1.0091587517776426,2.1655501807300994,-0.20946555078769388,1.7554094479755913,10.338455047078442
AAPL,technical_only,random_forest,10,0.01,42,"{""n_estimators"": ""51"", ""max_depth"": ""15"", ""criterion"": ""entropy""}",0.625,0.5404334038054968,23,0.7391304347826086,0.8135246204225149,4.059389615209768,-0.14218081733087767,1.328089563512716,0.5040650406504065,0.5388352723426758,24,0.6666666666666666,-0.10069887323560879,-0.4007945740612273,-0.26446308647524003,-0.10681173156373938,-1.515502898355348
AAPL,technical_only,random_forest,10,0.01,7,"{""n_estimators"": ""168"", ""max_depth"": ""16"", ""criterion"": ""gini""}",0.6166666666666667,0.535450015101178,23,0.6956521739130435,0.5507289765843574,1.7944060178755152,-0.1421808173308776,0.9227725821066323,0.5,0.5249537281861448,24,0.6666666666666666,-0.10069887323560879,-0.4007945740612273,-0.26446308647524003,-0.10681173156373938,-1.515502898355348
AAPL,technical_only,random_forest,10,0.01,1337,"{""n_estimators"": ""242"", ""max_depth"": ""14"", ""criterion"": ""gini""}",0.6208333333333333,0.54126396858955,23,0.7391304347826086,0.8135246204225149,4.059389615209768,-0.14218081733087767,1.328089563512716,0.5,0.5333487572712851,24,0.6666666666666666,-0.10069887323560879,-0.4007945740612273,-0.26446308647524003,-0.10681173156373938,-1.515502898355348
AAPL,technical_only,random_forest,10,0.01,2024,"{""n_estimators"": ""51"", ""max_depth"": ""17"", ""criterion"": ""entropy""}",0.625,0.5528918755662942,23,0.7391304347826086,0.8135246204225149,4.059389615209768,-0.14218081733087767,1.328089563512716,0.5121951219512195,0.5384386567953463,24,0.6666666666666666,-0.10069887323560879,-0.4007945740612273,-0.26446308647524003,-0.10681173156373938,-1.515502898355348
AAPL,technical_only,random_forest,10,0.01,31415,"{""n_estimators"": ""50"", ""max_depth"": ""5"", ""criterion"": ""gini""}",0.6208333333333333,0.544057686499547,23,0.782608695652174,1.517345558736592,21.598103691329108,-0.14218081733087773,2.2598734189156975,0.5,0.5230367530407192,24,0.6666666666666666,-0.10069887323560879,-0.4007945740612273,-0.26446308647524003,-0.10681173156373938,-1.515502898355348
AAPL,learned_alpha_per_stock,random_forest,2,0.0025,42,"{""n_estimators"": ""53"", ""max_depth"": ""20"", ""criterion"": ""entropy""}",0.5241935483870968,0.5665817659352141,123,0.4634146341463415,0.8525399244500672,0.3920622812567003,-0.17810934822007676,1.937178301870738,0.45121951219512196,0.43184523809523806,122,0.45901639344262296,0.40776426411504674,0.14737291264667274,-0.18795860183906346,0.8177501242653633,0.7840711263263089
AAPL,learned_alpha_per_stock,random_forest,2,0.0025,7,"{""n_estimators"": ""50"", ""max_depth"": ""19"", ""criterion"": ""entropy""}",0.5564516129032258,0.5870559038662486,123,0.5447154471544715,2.0222356155297256,1.3027966186933058,-0.13665696620581497,4.835475978518883,0.4715447154471545,0.4523478835978836,122,0.47540983606557374,0.22600843956609915,0.054529554284228565,-0.25165842727274773,0.40507572557054705,0.21668081961399752
AAPL,learned_alpha_per_stock,random_forest,2,0.0025,1337,"{""n_estimators"": ""454"", ""max_depth"": ""19"", ""criterion"": ""entropy""}",0.5403225806451613,0.5685083594566354,123,0.5121951219512195,1.692323005240086,1.0034393488709177,-0.1698941449342716,4.071511555762939,0.45121951219512196,0.43750000000000006,122,0.45901639344262296,0.4745073212702123,0.1833412566489565,-0.18709522165455808,0.9666548934384145,0.97993553778443
AAPL,learned_alpha_per_stock,random_forest,2,0.0025,2024,"{""n_estimators"": ""50"", ""max_depth"": ""19"", ""criterion"": ""entropy""}",0.5564516129032258,0.5880028735632183,123,0.5203252032520326,1.6787825516780455,0.9918900388655107,-0.1165272506915296,3.955596324363264,0.45934959349593496,0.44540343915343916,122,0.45081967213114754,-0.7379250592657749,-0.32678218509980217,-0.29607681276043774,-1.2401240783492422,-1.103707453660712
AAPL,learned_alpha_per_stock,random_forest,2,0.0025,31415,"{""n_estimators"": ""50"", ""max_depth"": ""17"", ""criterion"": ""entropy""}",0.5645161290322581,0.5809169278996865,123,0.5365853658536586,2.1311246983845296,1.4096884803722403,-0.106610083192568,4.746195324813429,0.46747967479674796,0.45539021164021165,122,0.45081967213114754,0.4351861029933226,0.16185947367794729,-0.2100799584468568,0.811385668649496,0.7704660400477579
AAPL,learned_alpha_per_stock,random_forest,5,0.005,42,"{""n_estimators"": ""498"", ""max_depth"": ""15"", ""criterion"": ""gini""}",0.5551020408163265,0.5782993197278912,48,0.5416666666666666,1.3568286082322445,2.7071519522401983,-0.14605448261099627,2.904334278258297,0.540650406504065,0.5514457751604579,49,0.42857142857142855,-0.4981011649779946,-0.5655919107753125,-0.3627901138785178,-0.6973857200530763,-1.5590058525263562
AAPL,learned_alpha_per_stock,random_forest,5,0.005,7,"{""n_estimators"": ""53"", ""max_depth"": ""12"", ""criterion"": ""entropy""}",0.563265306122449,0.5904421768707483,48,0.4791666666666667,1.3748020154190288,2.774831840656378,-0.11319523126379985,3.043786619416922,0.5528455284552846,0.5590220340104546,49,0.40816326530612246,-0.8333016393491299,-0.7204983316476851,-0.3606940882792835,-1.1830292613120075,-1.9975329650809444
AAPL,learned_alpha_per_stock,random_forest,5,0.005,1337,"{""n_estimators"": ""51"", ""max_depth"": ""15"", ""criterion"": ""entropy""}",0.5755102040816327,0.5742857142857143,48,0.5208333333333334,1.178807926224119,2.09821553804704,-0.1431637581397004,2.55815326579305,0.5284552845528455,0.5409581155296764,49,0.3877551020408163,-0.7221567559894881,-0.6766418439379702,-0.3622213073424762,-1.0340171590596055,-1.8680343486757196
AAPL,learned_alpha_per_stock,random_forest,5,0.005,2024,"{""n_estimators"": ""217"", ""max_depth"": ""3"", ""criterion"": ""entropy""}",0.5714285714285714,0.5854761904761905,48,0.3958333333333333,0.2641066410826073,0.19075265093524374,-0.17766419771587758,0.6198714237082412,0.5365853658536586,0.520677562363528,49,0.3673469387755102,-1.1707885678345171,-0.8195249788114651,-0.3552386202158813,-1.7306856079928652,-2.3069703916579605
AAPL,learned_alpha_per_stock,random_forest,5,0.005,31415,"{""n_estimators"": ""52"", ""max_depth"": ""16"", ""criterion"": ""entropy""}",0.563265306122449,0.5806802721088433,48,0.5,1.0839714612839868,1.8127246417258798,-0.14605448261099618,2.366048121581832,0.540650406504065,0.5488321312777079,49,0.42857142857142855,-0.5338319382355068,-0.5856185709248863,-0.3627901138785178,-0.7510699230556385,-1.6142076327939405
AAPL,learned_alpha_per_stock,random_forest,10,0.01,42,"{""n_estimators"": ""257"", ""max_depth"": ""9"", ""criterion"": ""gini""}",0.5666666666666667,0.5564406523708849,23,0.5217391304347826,-0.6431230447257937,-0.8267749929728805,-0.14216848647740787,-0.9584095586700632,0.516260162601626,0.5390335801163405,24,0.5,0.10854339035136364,-0.0074936272819642324,-0.16341266524288944,0.16762835269581738,-0.04585707766791535
AAPL,learned_alpha_per_stock,random_forest,10,0.01,7,"{""n_estimators"": ""50"", ""max_depth"": ""6"", ""criterion"": ""gini""}",0.5208333333333334,0.5641800060404711,23,0.43478260869565216,-0.31424120875851275,-0.6272638677935076,-0.12799130674308457,-0.5296115075988908,0.5447154471544715,0.536951348492861,24,0.375,-1.2155157292288505,-0.9533131559579917,-0.3739258067078539,-1.552744420156029,-2.549471416137934
AAPL,learned_alpha_per_stock,random_forest,10,0.01,1337,"{""n_estimators"": ""274"", ""max_depth"": ""15"", ""criterion"": ""gini""}",0.5791666666666667,0.5623678646934461,23,0.5652173913043478,-0.07148943111846412,-0.3437909760941684,-0.11775664337065544,-0.10416227514033752,0.532520325203252,0.5481887890005288,24,0.4166666666666667,-0.3013947026265633,-0.6215659019930104,-0.1960333395629763,-0.49403575006604306,-3.170715263937696
AAPL,learned_alpha_per_stock,random_forest,10,0.01,2024,"{""n_estimators"": ""422"", ""max_depth"": ""9"", ""criterion"": ""gini""}",0.525,0.552061310782241,23,0.5217391304347826,-0.6431230447257937,-0.8267749929728805,-0.14216848647740787,-0.9584095586700632,0.5,0.5301427815970385,24,0.5,0.4196731998162212,1.0544005893455717,-0.14362088750333957,0.6457617962650115,7.341554614199512
AAPL,learned_alpha_per_stock,random_forest,10,0.01,31415,"{""n_estimators"": ""275"", ""max_depth"": ""14"", ""criterion"": ""entropy""}",0.5708333333333333,0.5631606765327696,23,0.5652173913043478,-0.4762459439789433,-0.7454054988825811,-0.12799130674308457,-0.7042034138033658,0.5121951219512195,0.538042041248017,24,0.375,-0.5690534877250978,-0.7973812404851911,-0.24247157465173105,-0.9619853234938966,-3.288555541533035
AAPL,learned_alpha_global,random_forest,2,0.0025,42,"{""n_estimators"": ""56"", ""max_depth"": ""11"", ""criterion"": ""gini""}",0.5201612903225806,0.5488832288401254,123,0.45528455284552843,0.508946826006877,0.19548834758575584,-0.154689684536867,0.9452079538751743,0.5040650406504065,0.4837301587301588,122,0.47540983606557374,-0.06775993370008893,-0.08010069533614106,-0.23702369316979624,-0.11634541408786951,-0.33794383280813817
AAPL,learned_alpha_global,random_forest,2,0.0025,7,"{""n_estimators"": ""51"", ""max_depth"": ""20"", ""criterion"": ""gini""}",0.5120967741935484,0.5477403343782654,123,0.4796747967479675,1.1873139038907559,0.6113400514857552,-0.13205279262157743,2.2200295976039404,0.483739837398374,0.49530423280423286,122,0.47540983606557374,0.11315185301951929,0.0006776343054757383,-0.21616564819312462,0.199556951170771,0.0031347918188663025
AAPL,learned_alpha_global,random_forest,2,0.0025,1337,"{""n_estimators"": ""50"", ""max_depth"": ""17"", ""criterion"": ""entropy""}",0.5241935483870968,0.5415360501567399,123,0.4878048780487805,1.2348913655064984,0.645095098186973,-0.13205279262157715,2.4241614445472175,0.5,0.4909722222222222,122,0.5,1.1312388768870365,0.5984597012463171,-0.1404429700004609,2.1121444347490312,4.2612293178103045
AAPL,learned_alpha_global,random_forest,2,0.0025,2024,"{""n_estimators"": ""50"", ""max_depth"": ""19"", ""criterion"": ""gini""}",0.5040322580645161,0.5438218390804598,123,0.4715447154471545,0.9628494341987455,0.4608538737908656,-0.13205279262157724,1.870668498588507,0.45934959349593496,0.4745370370370371,122,0.4672131147540984,-0.35082453010929554,-0.19370482804980726,-0.27249163540054877,-0.6148753513628945,-0.7108652262483987
AAPL,learned_alpha_global,random_forest,2,0.0025,31415,"{""n_estimators"": ""50"", ""max_depth"": ""20"", ""criterion"": ""entropy""}",0.5161290322580645,0.5362134273772206,123,0.4634146341463415,1.1291438875017856,0.5711105035184747,-0.1505346545492529,2.255608833500198,0.4959349593495935,0.4994708994708995,122,0.48360655737704916,0.3549010010520379,0.11954590819092425,-0.20805377119529586,0.669846419929789,0.5745914025211729
AAPL,learned_alpha_global,random_forest,5,0.005,42,"{""n_estimators"": ""57"", ""max_depth"": ""3"", ""criterion"": ""gini""}",0.5346938775510204,0.5495918367346939,48,0.4375,0.33912869564721293,0.28973589527795984,-0.19653812840197032,0.7648082133465602,0.5365853658536586,0.516211208893006,49,0.3673469387755102,-1.000571027732334,-0.7751781377309745,-0.3247290221794221,-1.4650367632336934,-2.3871538568630504
AAPL,learned_alpha_global,random_forest,5,0.005,7,"{""n_estimators"": ""50"", ""max_depth"": ""3"", ""criterion"": ""entropy""}",0.5265306122448979,0.5349319727891156,48,0.4375,-0.34727408742174515,-0.3828779325748387,-0.22011106380694467,-0.5466749220501539,0.5365853658536586,0.5276252233176736,49,0.46938775510204084,-0.40587755351993915,-0.5092804972433314,-0.2968381296605296,-0.5541158355124165,-1.7156842277161475
AAPL,learned_alpha_global,random_forest,5,0.005,1337,"{""n_estimators"": ""58"", ""max_depth"": ""3"", ""criterion"": ""entropy""}",0.5346938775510204,0.5509863945578232,48,0.5,0.7821524476900794,1.0587165574558743,-0.1689134905291071,1.8007141696287416,0.5203252032520326,0.5205452259644014,49,0.42857142857142855,0.2391898056002594,0.16127381449067046,-0.2736836463387131,0.47712127293377404,0.5892709215481464
AAPL,learned_alpha_global,random_forest,5,0.005,2024,"{""n_estimators"": ""426"", ""max_depth"": ""3"", ""criterion"": ""gini""}",0.5551020408163265,0.5321768707482993,48,0.4166666666666667,0.24934993062965521,0.17195577458186628,-0.15501191245220516,0.54934556985433,0.524390243902439,0.5221663468537021,49,0.3877551020408163,-0.8406991454591755,-0.723155619243919,-0.2968381296605296,-1.212798006290299,-2.436195175030025
AAPL,learned_alpha_global,random_forest,5,0.005,31415,"{""n_estimators"": ""57"", ""max_depth"": ""3"", ""criterion"": ""entropy""}",0.5795918367346938,0.5575510204081633,48,0.5416666666666666,1.4405535090033104,3.0296829323486474,-0.10958191318295801,3.0732757428759347,0.556910569105691,0.5396678356381923,49,0.46938775510204084,0.4894424593435524,0.6147422582866584,-0.2879169348944448,0.9513906076666765,2.1351375476125893
AAPL,learned_alpha_global,random_forest,10,0.01,42,"{""n_estimators"": ""500"", ""max_depth"": ""14"", ""criterion"": ""gini""}",0.5416666666666666,0.5429628511023861,23,0.4782608695652174,-1.4846359562515312,-0.972767554417937,-0.22141541037899837,-2.172337943172004,0.540650406504065,0.5425370174510842,24,0.5,0.31088967353962765,0.5950633779480183,-0.15820530219897863,0.48614839137276183,3.761336501854993
AAPL,learned_alpha_global,random_forest,10,0.01,7,"{""n_estimators"": ""152"", ""max_depth"": ""8"", ""criterion"": ""entropy""}",0.5083333333333333,0.540169133192389,23,0.43478260869565216,-0.9373866178395084,-0.9109873880667577,-0.19477524845299002,-1.4756417495826955,0.5203252032520326,0.5282588577472237,24,0.5,-0.7443357785055426,-0.8661344316177318,-0.30785865889918945,-0.9002222366608492,-2.813415853608827
AAPL,learned_alpha_global,random_forest,10,0.01,1337,"{""n_estimators"": ""267"", ""max_depth"": ""12"", ""criterion"": ""gini""}",0.5166666666666667,0.5471156750226518,23,0.43478260869565216,-1.0336564814607212,-0.9281300532515769,-0.19477524845299002,-1.663281714037113,0.5284552845528455,0.5461396086726599,24,0.4583333333333333,-0.11461630769746306,-0.41288891850218656,-0.1986850781870721,-0.1840142162917654,-2.07810733583843
AAPL,learned_alpha_global,random_forest,10,0.01,2024,"{""n_estimators"": ""391"", ""max_depth"": ""16"", ""criterion"": ""entropy""}",0.5333333333333333,0.547568710359408,23,0.5652173913043478,-0.47702492205758973,-0.7455894386756723,-0.19477524845299002,-0.7470438050707037,0.556910569105691,0.5551626123744051,24,0.5,0.31508488219827424,0.6107438997417884,-0.15742065257018575,0.49133062986261644,3.8796936092580943
AAPL,learned_alpha_global,random_forest,10,0.01,31415,"{""n_estimators"": ""155"", ""max_depth"": ""10"", ""criterion"": ""gini""}",0.5208333333333334,0.5525898520084567,23,0.391304347826087,-1.6384861500126575,-0.9800713595003753,-0.282495259965267,-2.4889378478488973,0.524390243902439,0.5422726070861978,24,0.5,0.18476784363365004,0.18695215010663446,-0.18556114190818326,0.2819831836273233,1.0074962256868385
META,full_70_30,random_forest,2,0.0,42,"{""n_estimators"": ""500"", ""max_depth"": ""5"", ""criterion"": ""gini""}",0.4838709677419355,0.5737916073486543,123,0.43089430894308944,-2.030377647736373,-0.8383305828308041,-0.6005557515045181,-2.2157482724295328,0.4796747967479675,0.5236068895643363,122,0.45901639344262296,-0.5759516866446784,-0.4120935879629788,-0.33448064844534375,-1.0126062591646068,-1.2320401490441306
META,full_70_30,random_forest,2,0.0,7,"{""n_estimators"": ""347"", ""max_depth"": ""3"", ""criterion"": ""gini""}",0.41935483870967744,0.5547420513863467,123,0.35772357723577236,-3.1787120495163035,-0.9329092453880862,-0.7274307059087437,-3.5659603720824333,0.46747967479674796,0.5325903411009795,122,0.45081967213114754,-0.9417031095642656,-0.5482774838528406,-0.3503970750531673,-1.3810000591795584,-1.5647319081349296
META,full_70_30,random_forest,2,0.0,1337,"{""n_estimators"": ""500"", ""max_depth"": ""4"", ""criterion"": ""gini""}",0.4435483870967742,0.5563690597247645,123,0.3821138211382114,-2.858470139083325,-0.9147603587838653,-0.6936424744117098,-3.169520013183262,0.46747967479674796,0.5292806484295846,122,0.45901639344262296,-0.9829934016649822,-0.5614597682838417,-0.3574818229542773,-1.383653149634824,-1.5705966911656195
META,full_70_30,random_forest,2,0.0,2024,"{""n_estimators"": ""50"", ""max_depth"": ""4"", ""criterion"": ""gini""}",0.45564516129032256,0.559080740288794,123,0.3983739837398374,-2.5729734400230235,-0.8940306281378387,-0.6656133568357157,-2.8690589057677176,0.5121951219512195,0.5615670381627829,122,0.5,-0.5949969639831042,-0.4222590954694453,-0.29964629273913673,-0.8409198376770529,-1.4091917894577513
META,full_70_30,random_forest,2,0.0,31415,"{""n_estimators"": ""249"", ""max_depth"": ""3"", ""criterion"": ""entropy""}",0.41935483870967744,0.5544369873228934,123,0.36585365853658536,-3.045639450666346,-0.9259351536785655,-0.7139510544821378,-3.4046470920033487,0.4878048780487805,0.544241810199257,122,0.45901639344262296,-0.8354406700486079,-0.5129425928215448,-0.3262744811682528,-1.216953033191063,-1.5721198635728768
META,full_70_30,random_forest,5,0.0,42,"{""n_estimators"": ""50"", ""max_depth"": ""15"", ""criterion"": ""entropy""}",0.5673469387755102,0.5603357422463113,48,0.5625,0.020530028137933556,-0.3033369754664784,-0.2913889149646921,0.024506328169835587,0.5040650406504065,0.5254444057162775,49,0.4489795918367347,-0.4793478199178538,-0.7007758162983748,-0.38824536211342026,-0.7510524407533593,-1.8049818096568873
META,full_70_30,random_forest,5,0.0,7,"{""n_estimators"": ""499"", ""max_depth"": ""20"", ""criterion"": ""gini""}",0.5387755102040817,0.5353432700993677,48,0.4375,-0.9405031488870957,-0.8981911561095635,-0.44641075950358033,-1.218890172745288,0.5,0.5067619379574765,49,0.4489795918367347,0.0625886210158097,-0.18704362954304166,-0.2823138166749212,0.1010059206614842,-0.6625379931667272
META,full_70_30,random_forest,5,0.0,1337,"{""n_estimators"": ""410"", ""max_depth"": ""7"", ""criterion"": ""gini""}",0.44081632653061226,0.548705209274315,48,0.4791666666666667,-1.3990582301805048,-0.9582991007687329,-0.4524318865011875,-1.7841293314300324,0.44715447154471544,0.5201812478215406,49,0.3469387755102041,-1.3591099513849043,-0.9403346654372121,-0.403110284428961,-1.5960610834420446,-2.332698275781462
META,full_70_30,random_forest,5,0.0,2024,"{""n_estimators"": ""163"", ""max_depth"": ""20"", ""criterion"": ""gini""}",0.5346938775510204,0.539257753688648,48,0.4791666666666667,-0.5444119735544377,-0.7762619217209924,-0.409404498425099,-0.6936833748124535,0.508130081300813,0.5019867549668873,49,0.40816326530612246,-0.9383871816788036,-0.8703120638914337,-0.3987312495820659,-1.4931520764728852,-2.182703424433525
META,full_70_30,random_forest,5,0.0,31415,"{""n_estimators"": ""57"", ""max_depth"": ""15"", ""criterion"": ""entropy""}",0.5877551020408164,0.579418849744053,48,0.5416666666666666,0.045098682193620225,-0.26778037715188585,-0.2913889149646921,0.054295945563883834,0.5284552845528455,0.5139421401185081,49,0.4489795918367347,-0.2393066956140073,-0.534623289255747,-0.27109528470482347,-0.37268194532586296,-1.9720862715773924
META,full_70_30,random_forest,10,0.0025,42,"{""n_estimators"": ""55"", ""max_depth"": ""20"", ""criterion"": ""gini""}",0.5291666666666667,0.5618461538461539,23,0.391304347826087,-1.1218368395233271,-0.9939365356586038,-0.43423848461963027,-1.6512829529818505,0.45121951219512196,0.4856279429334458,24,0.4583333333333333,-1.0340208969926743,-0.9878582656686761,-0.3754190410826205,-1.4477015961769508,-2.631348326978633
META,full_70_30,random_forest,10,0.0025,7,"{""n_estimators"": ""498"", ""max_depth"": ""20"", ""criterion"": ""gini""}",0.49583333333333335,0.5412307692307692,23,0.43478260869565216,-1.0378288772200697,-0.9917152714785222,-0.41788912942930884,-1.5290622640099478,0.45528455284552843,0.47968936678614094,24,0.4583333333333333,-0.01846699415482377,-0.4993494140643029,-0.23898215474083537,-0.041801477237374374,-2.089484106484115
META,full_70_30,random_forest,10,0.0025,1337,"{""n_estimators"": ""493"", ""max_depth"": ""20"", ""criterion"": ""gini""}",0.5,0.5392527472527472,23,0.43478260869565216,-1.0378288772200697,-0.9917152714785222,-0.41788912942930884,-1.5290622640099478,0.45934959349593496,0.48014618033593365,24,0.4583333333333333,-0.01846699415482377,-0.4993494140643029,-0.23898215474083537,-0.041801477237374374,-2.089484106484115
META,full_70_30,random_forest,10,0.0025,2024,"{""n_estimators"": ""355"", ""max_depth"": ""20"", ""criterion"": ""gini""}",0.5,0.5448791208791208,23,0.391304347826087,-1.19871820936897,-0.9954297392068885,-0.44865009346291435,-1.785090611267883,0.4796747967479675,0.47389134865415694,24,0.4583333333333333,-0.01846699415482377,-0.4993494140643029,-0.23898215474083537,-0.041801477237374374,-2.089484106484115
META,full_70_30,random_forest,10,0.0025,31415,"{""n_estimators"": ""99"", ""max_depth"": ""20"", ""criterion"": ""gini""}",0.5,0.544,23,0.43478260869565216,-1.0378288772200697,-0.9917152714785222,-0.41788912942930884,-1.5290622640099478,0.491869918699187,0.47614027689929017,24,0.5,0.14070800777207165,-0.10172951365204763,-0.21641384903031677,0.31346899681082724,-0.4700693329371756
META,equal_50_50,random_forest,2,0.0,42,"{""n_estimators"": ""52"", ""max_depth"": ""7"", ""criterion"": ""entropy""}",0.5080645161290323,0.5710460307775743,123,0.4796747967479675,0.08427962103978565,-0.08755455435953574,-0.29877281322182,0.13123695528728194,0.491869918699187,0.5202971968929415,122,0.5081967213114754,-0.15876684973127103,-0.21194903600546133,-0.28736621342843677,-0.21496407688345412,-0.7375572565639952
META,equal_50_50,random_forest,2,0.0,7,"{""n_estimators"": ""386"", ""max_depth"": ""3"", ""criterion"": ""entropy""}",0.5201612903225806,0.5675886380584367,123,0.5040650406504065,0.5616831331512057,0.34805948876755144,-0.23962831696821657,0.8339746502081857,0.508130081300813,0.5025667004390408,122,0.5327868852459017,0.43626127773212287,0.20327239781937556,-0.28736621342843677,0.5835850063816331,0.7073635950247046
META,equal_50_50,random_forest,2,0.0,1337,"{""n_estimators"": ""229"", ""max_depth"": ""3"", ""criterion"": ""entropy""}",0.532258064516129,0.5732831672428989,123,0.5121951219512195,0.5765521474416645,0.36448123949938904,-0.23962831696821657,0.8519071666240781,0.5040650406504065,0.527321850726106,122,0.5245901639344263,0.06245695752497449,-0.07755461085304338,-0.30848262899282636,0.08299381618023759,-0.2514067359522111
META,equal_50_50,random_forest,2,0.0,2024,"{""n_estimators"": ""159"", ""max_depth"": ""3"", ""criterion"": ""entropy""}",0.5241935483870968,0.5713849908480781,123,0.5040650406504065,0.40005124145273097,0.1813769556250573,-0.23962831696821657,0.5909997604014035,0.516260162601626,0.5304626815265112,122,0.5409836065573771,0.4488897276915097,0.21399919810154877,-0.30848262899282636,0.5924410849908521,0.6937155547469263
META,equal_50_50,random_forest,2,0.0,31415,"{""n_estimators"": ""276"", ""max_depth"": ""3"", ""criterion"": ""entropy""}",0.532258064516129,0.5717917429326825,123,0.5040650406504065,0.5176871503739487,0.30056895784717397,-0.23962831696821657,0.7705131079898085,0.491869918699187,0.518000675447484,122,0.5081967213114754,-0.1676900577958096,-0.21700847828461944,-0.31620624174591605,-0.22641791357546381,-0.6862877756189081
META,equal_50_50,random_forest,5,0.0,42,"{""n_estimators"": ""500"", ""max_depth"": ""20"", ""criterion"": ""gini""}",0.5224489795918368,0.5114423366455887,48,0.6666666666666666,1.485736842719677,11.363727973661005,-0.2271900019504227,1.561787054179851,0.491869918699187,0.5107703032415476,49,0.46938775510204084,0.640636047679773,1.3577305540683389,-0.2382809374232205,1.239971528958948,5.698024226154601
META,equal_50_50,random_forest,5,0.0,7,"{""n_estimators"": ""496"", ""max_depth"": ""20"", ""criterion"": ""gini""}",0.5183673469387755,0.51757753688648,48,0.6458333333333334,1.3303105896792322,8.22922877180931,-0.2271900019504227,1.4445539776786596,0.5040650406504065,0.5127222028581387,49,0.46938775510204084,0.5106618682892952,0.8612678088992924,-0.2344019070358249,0.986702221132943,3.6743208269532563
META,equal_50_50,random_forest,5,0.0,1337,"{""n_estimators"": ""482"", ""max_depth"": ""20"", ""criterion"": ""gini""}",0.5224489795918368,0.5186690755796447,48,0.6666666666666666,1.485736842719677,11.363727973661005,-0.2271900019504227,1.561787054179851,0.5040650406504065,0.5179853607528756,49,0.4897959183673469,0.7540275274730387,1.8941458753789506,-0.2078663544643835,1.4295872321682148,9.112325466329857
META,equal_50_50,random_forest,5,0.0,2024,"{""n_estimators"": ""373"", ""max_depth"": ""19"", ""criterion"": ""gini""}",0.5224489795918368,0.5203252032520326,48,0.6458333333333334,1.053853722396032,4.427251056192115,-0.2271900019504227,1.1401780799725978,0.540650406504065,0.5201812478215406,49,0.5306122448979592,1.0061236168043035,3.5449156842626133,-0.2078663544643836,1.8301950937386375,17.053821400759734
META,equal_50_50,random_forest,5,0.0,31415,"{""n_estimators"": ""50"", ""max_depth"": ""20"", ""criterion"": ""entropy""}",0.5510204081632653,0.5178786510087322,48,0.6875,2.1382946617475707,40.19874775790519,-0.20623479417312962,3.271077549682518,0.5447154471544715,0.5316486580690136,49,0.4897959183673469,0.7117176624575854,1.6812348789058142,-0.2078663544643836,1.3513276017849334,8.08805678647663
META,equal_50_50,random_forest,10,0.0025,42,"{""n_estimators"": ""500"", ""max_depth"": ""20"", ""criterion"": ""gini""}",0.49166666666666664,0.4646153846153846,23,0.5652173913043478,1.071080771266974,30.40389131336937,-0.17092313228184716,1.8834295243049428,0.532520325203252,0.5110689437065149,24,0.4583333333333333,-0.7875414946452053,-0.9709627006120701,-0.3463304193620605,-1.1697401114155208,-2.8035732535437696
META,equal_50_50,random_forest,10,0.0025,7,"{""n_estimators"": ""51"", ""max_depth"": ""20"", ""criterion"": ""gini""}",0.5083333333333333,0.48421978021978024,23,0.6086956521739131,1.3192395772862568,76.05896573361764,-0.15943428965719833,2.2339126397595233,0.5121951219512195,0.5223135849321808,24,0.4583333333333333,-0.1951985244415013,-0.7494583772725187,-0.24716018388192626,-0.2914324030434037,-3.032277956349762
META,equal_50_50,random_forest,10,0.0025,1337,"{""n_estimators"": ""286"", ""max_depth"": ""20"", ""criterion"": ""gini""}",0.4875,0.46189010989010987,23,0.5217391304347826,0.9832317687207184,21.69110541163684,-0.1709231322818473,1.7748841634551782,0.524390243902439,0.5159181952350833,24,0.5,-0.4740960840078236,-0.9102753665587245,-0.2827509921548388,-0.6823667456105673,-3.2193533950899234
META,equal_50_50,random_forest,10,0.0025,2024,"{""n_estimators"": ""50"", ""max_depth"": ""11"", ""criterion"": ""entropy""}",0.45416666666666666,0.47982417582417586,23,0.391304347826087,0.39563698965800864,1.3748429181748998,-0.18354909309236825,0.7839551042632812,0.5040650406504065,0.5165155668001968,24,0.4583333333333333,-0.26050857015668677,-0.8030247663945433,-0.3352459058440025,-0.38595493397197267,-2.395330568983023
META,equal_50_50,random_forest,10,0.0025,31415,"{""n_estimators"": ""55"", ""max_depth"": ""20"", ""criterion"": ""gini""}",0.5,0.47600000000000003,23,0.5652173913043478,1.1534999310903935,41.50948826350486,-0.1594342896571984,2.0547846018282794,0.556910569105691,0.49978916297701875,24,0.5833333333333334,-0.07243582334520327,-0.6095147246627607,-0.21959591505733517,-0.09887380262986287,-2.775619594306297
META,news_only,random_forest,2,0.0,42,"{""n_estimators"": ""50"", ""max_depth"": ""19"", ""criterion"": ""entropy""}",0.5564516129032258,0.5754525116941225,123,0.4959349593495935,-1.227434331619387,-0.6925035059684617,-0.5436446979380408,-1.2946502183468593,0.540650406504065,0.5492063492063491,122,0.5081967213114754,0.4062373450608831,0.18281839041982884,-0.3034842397633643,0.6970801524181076,0.6023983010201049
META,news_only,random_forest,2,0.0,7,"{""n_estimators"": ""500"", ""max_depth"": ""20"", ""criterion"": ""entropy""}",0.5685483870967742,0.561385668768219,123,0.5365853658536586,-0.22512433405391147,-0.30231838082474005,-0.35448645229901554,-0.22841196711385414,0.5609756097560976,0.5554880108071597,122,0.5,0.3157251386644949,0.10919343574927853,-0.37524569302546196,0.5363423770968345,0.290991842888039
META,news_only,random_forest,2,0.0,1337,"{""n_estimators"": ""50"", ""max_depth"": ""20"", ""criterion"": ""entropy""}",0.5645161290322581,0.5815198969561386,123,0.5691056910569106,-0.01200987548098858,-0.16891191079339773,-0.25920451516709814,-0.011932321829447085,0.5203252032520326,0.5489023978385681,122,0.4918032786885246,0.5186396459546042,0.28090407893969416,-0.35018151439400863,0.894604670901475,0.8021670687723208
META,news_only,random_forest,2,0.0,2024,"{""n_estimators"": ""50"", ""max_depth"": ""20"", ""criterion"": ""entropy""}",0.5483870967741935,0.5642668293675006,123,0.5203252032520326,-0.6622771039116968,-0.5125507053898094,-0.42950984559177335,-0.6842072787614456,0.5203252032520326,0.5419790611279973,122,0.4918032786885246,-0.018737609296093777,-0.1258061087832132,-0.4246328643802006,-0.03103521773498167,-0.29627030627231676
META,news_only,random_forest,2,0.0,31415,"{""n_estimators"": ""500"", ""max_depth"": ""20"", ""criterion"": ""entropy""}",0.5403225806451613,0.5443359772218832,123,0.5121951219512195,-0.3880989412675926,-0.38960433440907016,-0.3561628207277754,-0.4036202379669298,0.5528455284552846,0.5579196217494089,122,0.5081967213114754,0.6505185361643456,0.40597686609499406,-0.3380103879948022,1.1033355565253775,1.2010780748585663
META,news_only,random_forest,5,0.0,42,"{""n_estimators"": ""136"", ""max_depth"": ""3"", ""criterion"": ""entropy""}",0.4163265306122449,0.581225534477567,48,0.4375,-2.467761176016107,-0.994036102139871,-0.6421152799439236,-3.0180232467025094,0.47560975609756095,0.556953642384106,49,0.4897959183673469,0.06300945590673465,-0.20190286634374544,-0.34922456116223727,0.07870211277956958,-0.5781462382594235
META,news_only,random_forest,5,0.0,7,"{""n_estimators"": ""50"", ""max_depth"": ""6"", ""criterion"": ""gini""}",0.47346938775510206,0.5486675700090334,48,0.5208333333333334,-0.6068918497310792,-0.7986810458953187,-0.5153319229596377,-1.0200425308785364,0.5121951219512195,0.5605088881143255,49,0.5714285714285714,0.5174101448883142,0.8363864274820187,-0.29408559683561064,0.6040070316940874,2.8440237688673546
META,news_only,random_forest,5,0.0,1337,"{""n_estimators"": ""429"", ""max_depth"": ""3"", ""criterion"": ""gini""}",0.45714285714285713,0.5462962962962964,48,0.4791666666666667,-0.4512121817251422,-0.7234053778011589,-0.4204557435172079,-0.8703630062391154,0.516260162601626,0.564552108748693,49,0.5510204081632653,0.9396573628575087,2.936498154824266,-0.30561224279861693,1.0887429357853744,9.608574996647862
META,news_only,random_forest,5,0.0,2024,"{""n_estimators"": ""500"", ""max_depth"": ""4"", ""criterion"": ""gini""}",0.43673469387755104,0.5355691056910569,48,0.5,-0.3056279289553753,-0.6294662585145132,-0.4204557435172079,-0.581093211456582,0.5,0.5596026490066225,49,0.5510204081632653,1.148033418550392,4.695782141895931,-0.28821239674456056,1.3193216178362883,16.29278336024439
META,news_only,random_forest,5,0.0,31415,"{""n_estimators"": ""50"", ""max_depth"": ""4"", ""criterion"": ""gini""}",0.39183673469387753,0.56421258657031,48,0.4375,-1.0610245606016913,-0.9180901209832604,-0.5153319229596378,-1.7427231130054823,0.4959349593495935,0.5667479958173579,49,0.4897959183673469,0.7724907574859758,1.9173284828409973,-0.30561224279861693,0.9462611287058992,6.2737293024756875
META,news_only,random_forest,10,0.0025,42,"{""n_estimators"": ""490"", ""max_depth"": ""4"", ""criterion"": ""gini""}",0.3958333333333333,0.5353406593406593,23,0.4782608695652174,-1.3985657368444104,-0.9978013735075308,-0.4816166328815773,-2.088710794625085,0.5203252032520326,0.564516129032258,24,0.5416666666666666,-0.6211499786359461,-0.9476997954538204,-0.27457209618486156,-0.8508683635001079,-3.4515517367641073
META,news_only,random_forest,10,0.0025,7,"{""n_estimators"": ""50"", ""max_depth"": ""3"", ""criterion"": ""entropy""}",0.4041666666666667,0.5437362637362637,23,0.4782608695652174,-1.3985657368444104,-0.9978013735075308,-0.4816166328815773,-2.088710794625085,0.532520325203252,0.5711574952561669,24,0.625,0.5358043319213103,2.6175841019482684,-0.2745720961848616,0.6898630432484658,9.5333216241534
META,news_only,random_forest,10,0.0025,1337,"{""n_estimators"": ""293"", ""max_depth"": ""5"", ""criterion"": ""gini""}",0.37083333333333335,0.5418901098901099,23,0.391304347826087,-2.6921758387598858,-0.9999623673555049,-0.6423856241074579,-3.4521606596304184,0.508130081300813,0.5578747628083491,24,0.5833333333333334,-0.0007577956743695585,-0.49167614420846206,-0.27457209618486156,-0.0010222433242932803,-1.790699605095452
META,news_only,random_forest,10,0.0025,2024,"{""n_estimators"": ""65"", ""max_depth"": ""5"", ""criterion"": ""entropy""}",0.4,0.5549010989010988,23,0.43478260869565216,-2.2353287887043196,-0.9998624507655856,-0.5974774977788484,-2.882349285049078,0.5040650406504065,0.5436432637571158,24,0.5,-1.1798637979845275,-0.9926770782173109,-0.3480002066184358,-1.6440190171675806,-2.8525186460757763
META,news_only,random_forest,10,0.0025,31415,"{""n_estimators"": ""50"", ""max_depth"": ""6"", ""criterion"": ""entropy""}",0.4083333333333333,0.5579780219780219,23,0.4782608695652174,-1.2041748374574894,-0.9955668992905518,-0.44735295917205165,-1.757198681412808,0.5447154471544715,0.5663082437275986,24,0.5416666666666666,-0.6211499786359461,-0.9476997954538204,-0.27457209618486156,-0.8508683635001079,-3.4515517367641073
META,social_only,random_forest,2,0.0,42,"{""n_estimators"": ""50"", ""max_depth"": ""16"", ""criterion"": ""gini""}",0.5282258064516129,0.5552843874991525,123,0.5447154471544715,-0.39633065266018214,-0.3934090426893083,-0.4392780269723747,-0.40855889066350864,0.483739837398374,0.4934819317798041,122,0.4672131147540984,0.00872427726165415,-0.10653601477739605,-0.24998807942479795,0.02147860930700647,-0.4261643796077264
META,social_only,random_forest,2,0.0,7,"{""n_estimators"": ""209"", ""max_depth"": ""7"", ""criterion"": ""gini""}",0.5685483870967742,0.548166226018575,123,0.5528455284552846,1.3173300245301822,1.4833269308175923,-0.20885169387406016,1.990758154918588,0.5203252032520326,0.5011144883485309,122,0.5245901639344263,0.8413817097363379,0.611329237963421,-0.23868254844389444,1.9881294576928372,2.561264918399018
META,social_only,random_forest,2,0.0,1337,"{""n_estimators"": ""192"", ""max_depth"": ""5"", ""criterion"": ""gini""}",0.5725806451612904,0.5355569113958375,123,0.5772357723577236,1.4437322456024633,1.7460149486632885,-0.31790592899187003,2.1200845986545667,0.5040650406504065,0.4962512664640324,122,0.5,0.22682945923092473,0.0416539188309184,-0.3620980949643185,0.41060223508427734,0.11503490189591585
META,social_only,random_forest,2,0.0,2024,"{""n_estimators"": ""148"", ""max_depth"": ""7"", ""criterion"": ""entropy""}",0.5362903225806451,0.5446071452782862,123,0.5447154471544715,-0.0955612103665295,-0.22346172938432485,-0.3736896531634089,-0.09885469005399602,0.4959349593495935,0.5031746031746032,122,0.5,-0.29381339880152174,-0.2811755581161055,-0.37469958762325134,-0.5228454929577502,-0.7504026356143704
META,social_only,random_forest,2,0.0,31415,"{""n_estimators"": ""50"", ""max_depth"": ""11"", ""criterion"": ""gini""}",0.5645161290322581,0.5708426547352722,123,0.5528455284552846,0.8967880609660615,0.7708112789635606,-0.20502833927371844,1.3521630621558587,0.4796747967479675,0.5006754474839581,122,0.48360655737704916,0.0848902781630217,-0.05834306581757209,-0.2681762757810053,0.15575109863464456,-0.2175549110288021
META,social_only,random_forest,5,0.0,42,"{""n_estimators"": ""50"", ""max_depth"": ""16"", ""criterion"": ""entropy""}",0.5469387755102041,0.546898524540801,48,0.5833333333333334,0.6490342659869083,1.5037176947453195,-0.2527201029748261,0.9871748347208954,0.45528455284552843,0.4398745207389334,49,0.40816326530612246,-1.918872280508396,-0.977202245106602,-0.5094795156697055,-2.1357677806571838,-1.9180403039797977
META,social_only,random_forest,5,0.0,7,"{""n_estimators"": ""51"", ""max_depth"": ""18"", ""criterion"": ""entropy""}",0.5469387755102041,0.5481029810298103,48,0.6041666666666666,0.8077348180108087,2.425280399338297,-0.2527201029748261,1.2170285452218217,0.508130081300813,0.4501568490763332,49,0.42857142857142855,-1.9751812651584653,-0.9792643921327493,-0.518439520343381,-2.1442412859813347,-1.8888691037368206
META,social_only,random_forest,5,0.0,1337,"{""n_estimators"": ""50"", ""max_depth"": ""3"", ""criterion"": ""entropy""}",0.5346938775510204,0.5380532971996387,48,0.5416666666666666,0.2819032579266935,0.2036434927900579,-0.3372011877372934,0.4480092578463455,0.491869918699187,0.5074939003136982,49,0.5306122448979592,-0.9601026506025014,-0.8787918430681212,-0.3445175172123653,-1.0123608731542495,-2.5507900154941088
META,social_only,random_forest,5,0.0,2024,"{""n_estimators"": ""50"", ""max_depth"": ""12"", ""criterion"": ""entropy""}",0.5510204081632653,0.5537865100873232,48,0.5833333333333334,0.930676689458794,3.3596143167074066,-0.2574032663091938,1.3929310156271881,0.46747967479674796,0.4265946322760544,49,0.42857142857142855,-2.4448095946522095,-0.9902959230821743,-0.5845389214011367,-2.6699319004557798,-1.6941488185396452
META,social_only,random_forest,5,0.0,31415,"{""n_estimators"": ""50"", ""max_depth"": ""18"", ""criterion"": ""gini""}",0.5836734693877551,0.5667720566094551,48,0.6041666666666666,0.9552221617030825,3.574685989896553,-0.2527201029748264,1.4542562983091774,0.508130081300813,0.4499477169745556,49,0.5102040816326531,-0.955112321909171,-0.877609909723387,-0.4701615099507505,-1.0261146613184275,-1.8666136873163368
META,social_only,random_forest,10,0.0025,42,"{""n_estimators"": ""50"", ""max_depth"": ""20"", ""criterion"": ""gini""}",0.5458333333333333,0.54210989010989,23,0.4782608695652174,-0.5631308615919353,-0.9483589711667548,-0.2860858025604135,-0.881788119092608,0.5040650406504065,0.4638765900625483,24,0.375,-0.6199437054025583,-0.9445625742699316,-0.42111597420252245,-1.3699523716716462,-2.242998680016052
META,social_only,random_forest,10,0.0025,7,"{""n_estimators"": ""50"", ""max_depth"": ""3"", ""criterion"": ""entropy""}",0.5416666666666666,0.5614505494505495,23,0.4782608695652174,0.5121518582230224,2.749518741807181,-0.20153146831862567,1.0063743807398988,0.45528455284552843,0.4504884391032399,24,0.4583333333333333,0.06382840770232702,-0.3192230560121282,-0.2746650551212875,0.1620270790543218,-1.1622266832275572
META,social_only,random_forest,10,0.0025,1337,"{""n_estimators"": ""264"", ""max_depth"": ""18"", ""criterion"": ""gini""}",0.55,0.5357802197802197,23,0.34782608695652173,-1.0207004589556483,-0.9910675701376015,-0.3433522806929803,-1.668147972904865,0.4715447154471545,0.45516199311265726,24,0.375,-0.46442496103287584,-0.9026163690113593,-0.3892060881260663,-0.9991013627465254,-2.3191219165076276
META,social_only,random_forest,10,0.0025,2024,"{""n_estimators"": ""50"", ""max_depth"": ""3"", ""criterion"": ""gini""}",0.5333333333333333,0.5434725274725275,23,0.4782608695652174,0.5121518582230224,2.749518741807181,-0.20153146831862567,1.0063743807398988,0.45934959349593496,0.43713542764776164,24,0.4583333333333333,0.06382840770232702,-0.3192230560121282,-0.2746650551212875,0.1620270790543218,-1.1622266832275572
META,social_only,random_forest,10,0.0025,31415,"{""n_estimators"": ""494"", ""max_depth"": ""20"", ""criterion"": ""entropy""}",0.55,0.5379340659340659,23,0.391304347826087,-0.7726079550338595,-0.9770863051091253,-0.31001547234063365,-1.2262790388112446,0.46747967479674796,0.4648604961697941,24,0.375,-0.46442496103287584,-0.9026163690113593,-0.3892060881260663,-0.9991013627465254,-2.3191219165076276
META,sentiment_only,random_forest,2,0.0,42,"{""n_estimators"": ""52"", ""max_depth"": ""3"", ""criterion"": ""gini""}",0.5524193548387096,0.5691478543827536,123,0.5284552845528455,0.28625559523548544,0.06661615012134825,-0.31272636802383236,0.344557058684084,0.5,0.44113475177304967,122,0.5327868852459017,0.482710815690617,0.2416304338772961,-0.33189917451542306,0.585858971696402,0.7280236060546988
META,sentiment_only,random_forest,2,0.0,7,"{""n_estimators"": ""59"", ""max_depth"": ""3"", ""criterion"": ""gini""}",0.5161290322580645,0.5144396990034574,123,0.5040650406504065,-0.2771151355166227,-0.33073683723639813,-0.37624276882706015,-0.3009689827348757,0.47560975609756095,0.4160756501182033,122,0.4672131147540984,0.2198956642194769,0.036301129121202536,-0.3291777393737688,0.38593541545767984,0.11027820164954709
META,sentiment_only,random_forest,2,0.0,1337,"{""n_estimators"": ""50"", ""max_depth"": ""11"", ""criterion"": ""gini""}",0.4959677419354839,0.48264524439021084,123,0.4715447154471545,-0.3878465100223353,-0.38064016846534465,-0.4636710238776346,-0.6149359912510293,0.47560975609756095,0.4454238432961838,122,0.4672131147540984,-1.1465095973571504,-0.6099814197686291,-0.4878112650546831,-1.4402690192960201,-1.2504455379894739
META,sentiment_only,random_forest,2,0.0,2024,"{""n_estimators"": ""50"", ""max_depth"": ""3"", ""criterion"": ""entropy""}",0.5846774193548387,0.5078638736356857,123,0.5853658536585366,1.5440019274893613,1.9442307974105333,-0.21921644339374824,1.7357581801476238,0.5040650406504065,0.4482269503546099,122,0.5163934426229508,1.0753254855441898,0.8944277765573068,-0.20159487387629593,1.8103771287166301,4.436758531400713
META,sentiment_only,random_forest,2,0.0,31415,"{""n_estimators"": ""500"", ""max_depth"": ""3"", ""criterion"": ""gini""}",0.4838709677419355,0.479357331706325,123,0.4796747967479675,-0.893213469273385,-0.5959992331343507,-0.4301930847918088,-0.9910179261562521,0.4796747967479675,0.43090172239108415,122,0.4918032786885246,0.08441527622891457,-0.05889976385568896,-0.3918596538456379,0.1492583541675531,-0.15030831390182073
META,sentiment_only,random_forest,5,0.0,42,"{""n_estimators"": ""500"", ""max_depth"": ""18"", ""criterion"": ""entropy""}",0.5265306122448979,0.5367735621800661,48,0.4375,-0.751406746139708,-0.8518771943270784,-0.3963682827912045,-0.982855088562649,0.508130081300813,0.5072499128616242,49,0.5102040816326531,0.2879478196137139,0.22855946665869076,-0.2998086441449328,0.42453184143869815,0.7623511567204883
META,sentiment_only,random_forest,5,0.0,7,"{""n_estimators"": ""50"", ""max_depth"": ""15"", ""criterion"": ""entropy""}",0.5469387755102041,0.5516410719662751,48,0.4791666666666667,0.2112786104185663,0.03018644762963385,-0.3381193766574468,0.29093201410238073,0.516260162601626,0.5097246427326595,49,0.4897959183673469,0.06527312738554267,-0.1842423442351695,-0.3533970042564349,0.09827677395775308,-0.5213466498473146
META,sentiment_only,random_forest,5,0.0,1337,"{""n_estimators"": ""171"", ""max_depth"": ""16"", ""criterion"": ""entropy""}",0.5224489795918368,0.5399352604637158,48,0.4375,-0.6291654149343603,-0.8109481578308935,-0.4240841844082855,-0.8285449683709416,0.5,0.4989194841408156,49,0.5102040816326531,0.2879478196137139,0.22855946665869076,-0.2998086441449328,0.42453184143869815,0.7623511567204883
META,sentiment_only,random_forest,5,0.0,2024,"{""n_estimators"": ""50"", ""max_depth"": ""18"", ""criterion"": ""entropy""}",0.5346938775510204,0.5445648900933454,48,0.4791666666666667,0.18371409056921317,-0.025298519828544586,-0.3381193766574468,0.2541313818076584,0.508130081300813,0.5042174973858488,49,0.46938775510204084,-0.009583873572685617,-0.28928754577773685,-0.3704983661385386,-0.014625943402265758,-0.7808065357825762
META,sentiment_only,random_forest,5,0.0,31415,"{""n_estimators"": ""500"", ""max_depth"": ""17"", ""criterion"": ""entropy""}",0.5346938775510204,0.547312556458898,48,0.4166666666666667,-0.9626444662057035,-0.9024494635330356,-0.44253045932237506,-1.2781747328620705,0.5121951219512195,0.505158591843848,49,0.5102040816326531,0.2879478196137139,0.22855946665869076,-0.2998086441449328,0.42453184143869815,0.7623511567204883
META,sentiment_only,random_forest,10,0.0025,42,"{""n_estimators"": ""91"", ""max_depth"": ""14"", ""criterion"": ""gini""}",0.5208333333333334,0.5261098901098902,23,0.391304347826087,-2.475111070828503,-0.9999316359482167,-0.56808599052397,-3.124096921247302,0.4634146341463415,0.47213437346264675,24,0.5,-0.21594172107176723,-0.758178463745044,-0.30591342403405913,-0.5191012722923674,-2.47840860903388
META,sentiment_only,random_forest,10,0.0025,7,"{""n_estimators"": ""495"", ""max_depth"": ""20"", ""criterion"": ""gini""}",0.5291666666666667,0.5235164835164835,23,0.391304347826087,-2.475111070828503,-0.9999316359482167,-0.56808599052397,-3.124096921247302,0.47560975609756095,0.4794433902593295,24,0.5,-0.21594172107176723,-0.758178463745044,-0.30591342403405913,-0.5191012722923674,-2.47840860903388
META,sentiment_only,random_forest,10,0.0025,1337,"{""n_estimators"": ""500"", ""max_depth"": ""20"", ""criterion"": ""gini""}",0.5291666666666667,0.5173626373626374,23,0.391304347826087,-2.475111070828503,-0.9999316359482167,-0.56808599052397,-3.124096921247302,0.47560975609756095,0.48134092346616064,24,0.5,-0.21594172107176723,-0.758178463745044,-0.30591342403405913,-0.5191012722923674,-2.47840860903388
META,sentiment_only,random_forest,10,0.0025,2024,"{""n_estimators"": ""452"", ""max_depth"": ""20"", ""criterion"": ""gini""}",0.5291666666666667,0.5135824175824175,23,0.391304347826087,-2.475111070828503,-0.9999316359482167,-0.56808599052397,-3.124096921247302,0.47560975609756095,0.4754023473188559,24,0.5,-0.21594172107176723,-0.758178463745044,-0.30591342403405913,-0.5191012722923674,-2.47840860903388
META,sentiment_only,random_forest,10,0.0025,31415,"{""n_estimators"": ""50"", ""max_depth"": ""20"", ""criterion"": ""gini""}",0.5416666666666666,0.527032967032967,23,0.43478260869565216,-1.9297329898185738,-0.9996443504511209,-0.56808599052397,-2.447583554948188,0.47560975609756095,0.46377117155105774,24,0.5416666666666666,0.13318191908346483,-0.12705284205639988,-0.30591342403405913,0.30646074182002087,-0.4153228726643076
META,technical_only,random_forest,2,0.0,42,"{""n_estimators"": ""344"", ""max_depth"": ""20"", ""criterion"": ""entropy""}",0.6048387096774194,0.5462341536167039,123,0.6016260162601627,2.150130201617939,3.7716029180227206,-0.19341613398235824,3.090927796584046,0.5934959349593496,0.5792975346166837,122,0.5901639344262295,1.5408680331610685,1.61414184352329,-0.27355189341195857,2.4214726667385857,5.900678746509185
META,technical_only,random_forest,2,0.0,7,"{""n_estimators"": ""434"", ""max_depth"": ""14"", ""criterion"": ""gini""}",0.5967741935483871,0.5379635278964138,123,0.5934959349593496,2.0217227322895437,3.3220249627305556,-0.19341613398235827,2.9422527447066065,0.5934959349593496,0.5765957446808512,122,0.5819672131147541,1.4019752729423525,1.3760284895476476,-0.27355189341195857,2.2295797558366592,5.03022835040444
META,technical_only,random_forest,2,0.0,1337,"{""n_estimators"": ""76"", ""max_depth"": ""12"", ""criterion"": ""gini""}",0.4314516129032258,0.5483357060538269,123,0.3983739837398374,-2.9467878659705424,-0.9202527720735639,-0.7034418240883337,-3.235993727608559,0.483739837398374,0.576325565687268,122,0.4918032786885246,-0.6823197093134721,-0.4571353253028997,-0.32397426173518956,-0.9501815801148965,-1.4110235882767548
META,technical_only,random_forest,2,0.0,2024,"{""n_estimators"": ""499"", ""max_depth"": ""12"", ""criterion"": ""gini""}",0.4274193548387097,0.5383702799810182,123,0.3902439024390244,-3.114919235668362,-0.929667406622069,-0.7210798236210392,-3.431404605790301,0.4796747967479675,0.5703140830800406,122,0.47540983606557374,-0.847693358969642,-0.5172745495311364,-0.3397068804872687,-1.1952593652749288,-1.5227084855896007
META,technical_only,random_forest,2,0.0,31415,"{""n_estimators"": ""101"", ""max_depth"": ""5"", ""criterion"": ""gini""}",0.4314516129032258,0.5490136261948342,123,0.3902439024390244,-3.063297351205977,-0.9269123508634229,-0.7157994245996316,-3.373409478433106,0.47560975609756095,0.569098277608916,122,0.4672131147540984,-1.0148011222039013,-0.5711664191996324,-0.39266932924922937,-1.4386614419779644,-1.4545735473959311
META,technical_only,random_forest,5,0.0,42,"{""n_estimators"": ""450"", ""max_depth"": ""3"", ""criterion"": ""gini""}",0.37551020408163266,0.5782896717856069,48,0.375,-2.3677419731173646,-0.9929146346712757,-0.6452581537048095,-2.8991909921179606,0.43089430894308944,0.5562913907284769,49,0.42857142857142855,-0.5738590676970254,-0.7530912957951486,-0.3509539684024383,-0.7301916543269257,-2.145840661734818
META,technical_only,random_forest,5,0.0,7,"{""n_estimators"": ""470"", ""max_depth"": ""9"", ""criterion"": ""entropy""}",0.363265306122449,0.5674495633845228,48,0.375,-2.5885030537429663,-0.9951367204159421,-0.6452581537048095,-3.1422248696919435,0.4186991869918699,0.5337051237364937,49,0.3673469387755102,-1.132197080737457,-0.9101455395542836,-0.383037910560613,-1.478259360100781,-2.376123914790047
META,technical_only,random_forest,5,0.0,1337,"{""n_estimators"": ""50"", ""max_depth"": ""3"", ""criterion"": ""gini""}",0.4,0.5840108401084011,48,0.375,-2.3677419731173646,-0.9929146346712757,-0.6452581537048095,-2.8991909921179606,0.4349593495934959,0.5519693272917392,49,0.40816326530612246,-0.649303917281722,-0.7848857563344063,-0.35096568506296555,-0.8365786971813975,-2.2363603900295628
META,technical_only,random_forest,5,0.0,2024,"{""n_estimators"": ""277"", ""max_depth"": ""7"", ""criterion"": ""entropy""}",0.37142857142857144,0.5676001204456489,48,0.375,-2.5885030537429663,-0.9951367204159421,-0.6452581537048095,-3.1422248696919435,0.4146341463414634,0.5401185081910074,49,0.3673469387755102,-1.132197080737457,-0.9101455395542836,-0.383037910560613,-1.478259360100781,-2.376123914790047
META,technical_only,random_forest,5,0.0,31415,"{""n_estimators"": ""494"", ""max_depth"": ""8"", ""criterion"": ""gini""}",0.37142857142857144,0.5672237277928336,48,0.375,-2.5885030537429663,-0.9951367204159421,-0.6452581537048095,-3.1422248696919435,0.43089430894308944,0.5340536772394564,49,0.40816326530612246,-0.649303917281722,-0.7848857563344063,-0.35096568506296555,-0.8365786971813975,-2.2363603900295628
META,technical_only,random_forest,10,0.0025,42,"{""n_estimators"": ""74"", ""max_depth"": ""20"", ""criterion"": ""gini""}",0.325,0.5436043956043956,23,0.34782608695652173,-2.7073326667100126,-0.9999638540782653,-0.6528363419717733,-3.3720336639009623,0.42276422764227645,0.543889240283927,24,0.4166666666666667,-1.3956586953102972,-0.9964384683887652,-0.39125781091611345,-1.943699384869434,-2.5467567434772667
META,technical_only,random_forest,10,0.0025,7,"{""n_estimators"": ""86"", ""max_depth"": ""3"", ""criterion"": ""gini""}",0.35833333333333334,0.529934065934066,23,0.391304347826087,-2.3667031869260113,-0.9999066392071373,-0.5974774977788484,-2.9950244364615584,0.42276422764227645,0.5317309719586758,24,0.4583333333333333,-0.8077126104530139,-0.9730791049400704,-0.4319811283572319,-1.1335319834899809,-2.2525963313271666
META,technical_only,random_forest,10,0.0025,1337,"{""n_estimators"": ""123"", ""max_depth"": ""20"", ""criterion"": ""entropy""}",0.3375,0.5515604395604397,23,0.34782608695652173,-2.7073326667100126,-0.9999638540782653,-0.6528363419717733,-3.3720336639009623,0.43089430894308944,0.5534471853257432,24,0.4166666666666667,-1.3956586953102972,-0.9964384683887652,-0.39125781091611345,-1.943699384869434,-2.5467567434772667
META,technical_only,random_forest,10,0.0025,2024,"{""n_estimators"": ""283"", ""max_depth"": ""20"", ""criterion"": ""gini""}",0.3375,0.5512967032967034,23,0.34782608695652173,-2.7073326667100126,-0.9999638540782653,-0.6528363419717733,-3.3720336639009623,0.43089430894308944,0.5407266849392086,24,0.5,-0.2654277202325911,-0.8077313454953323,-0.3150184731099555,-0.3674494947201895,-2.5640761239211454
META,technical_only,random_forest,10,0.0025,31415,"{""n_estimators"": ""52"", ""max_depth"": ""20"", ""criterion"": ""entropy""}",0.35,0.5523516483516484,23,0.34782608695652173,-2.7073326667100126,-0.9999638540782653,-0.6528363419717733,-3.3720336639009623,0.43089430894308944,0.5367910605102255,24,0.5,-0.2654277202325911,-0.8077313454953323,-0.3150184731099555,-0.3674494947201895,-2.5640761239211454
META,learned_alpha_per_stock,random_forest,2,0.0,42,"{""n_estimators"": ""50"", ""max_depth"": ""8"", ""criterion"": ""gini""}",0.45564516129032256,0.5455901294827469,123,0.4146341463414634,-2.8304694904981105,-0.9129380736529571,-0.692475655968305,-3.1060887478193298,0.45528455284552843,0.518676122931442,122,0.4344262295081967,-1.4193514737554997,-0.6775509321492372,-0.40370106304681413,-1.9930859844705924,-1.6783481495828185
META,learned_alpha_per_stock,random_forest,2,0.0,7,"{""n_estimators"": ""415"", ""max_depth"": ""9"", ""criterion"": ""entropy""}",0.5362903225806451,0.5707070707070707,123,0.5040650406504065,-2.016520245120707,-0.8366331089316026,-0.638463749633775,-2.0873744544238253,0.491869918699187,0.5286052009456264,122,0.4918032786885246,0.0006898429245894994,-0.11708234470273837,-0.3118052131246979,0.0009459668523567444,-0.3754983553014379
META,learned_alpha_per_stock,random_forest,2,0.0,1337,"{""n_estimators"": ""50"", ""max_depth"": ""6"", ""criterion"": ""entropy""}",0.45161290322580644,0.5804691207375771,123,0.42276422764227645,-2.82335706359735,-0.912475457022161,-0.6896613206111936,-3.0720982629839413,0.4796747967479675,0.5434312732185073,122,0.4672131147540984,-0.7414657096801123,-0.47934703374098186,-0.3262744811682528,-1.0728616010149137,-1.4691526962961985
META,learned_alpha_per_stock,random_forest,2,0.0,2024,"{""n_estimators"": ""50"", ""max_depth"": ""7"", ""criterion"": ""gini""}",0.5403225806451613,0.5630465731136872,123,0.5447154471544715,-0.7875413887283322,-0.5600327186758645,-0.42697704563980765,-0.8018528530483153,0.5040650406504065,0.5264775413711583,122,0.5327868852459017,0.921879393051411,0.6947819038244991,-0.2698816734623439,1.2271655523792102,2.5743945296879924
META,learned_alpha_per_stock,random_forest,2,0.0,31415,"{""n_estimators"": ""161"", ""max_depth"": ""11"", ""criterion"": ""gini""}",0.5443548387096774,0.547623889905769,123,0.5284552845528455,-0.9583157547436589,-0.6172567432312124,-0.5340939615180721,-0.9929083351664083,0.5040650406504065,0.5077676460655184,122,0.4918032786885246,0.3410200967455472,0.12468685153281944,-0.3338935603091453,0.4641808217469825,0.37343293299030506
META,learned_alpha_per_stock,random_forest,5,0.0,42,"{""n_estimators"": ""325"", ""max_depth"": ""19"", ""criterion"": ""entropy""}",0.5061224489795918,0.5610885275519422,48,0.625,1.7131942421062998,18.33941359529189,-0.198545956211734,3.214641233525352,0.5365853658536586,0.540711049146044,49,0.5510204081632653,2.146686679290339,30.418274033868077,-0.18288285275340674,4.639713071559823,166.32655044419656
META,learned_alpha_per_stock,random_forest,5,0.0,7,"{""n_estimators"": ""500"", ""max_depth"": ""20"", ""criterion"": ""entropy""}",0.5061224489795918,0.5627070159590485,48,0.5833333333333334,0.4449661309326836,0.6382114840185062,-0.24217184153326823,0.551465717154698,0.5203252032520326,0.5423143952596723,49,0.5510204081632653,1.9201057803144568,20.7930483019748,-0.18230499032693487,4.135329283793103,114.05638575601134
META,learned_alpha_per_stock,random_forest,5,0.0,1337,"{""n_estimators"": ""454"", ""max_depth"": ""19"", ""criterion"": ""entropy""}",0.5102040816326531,0.5659439927732611,48,0.6041666666666666,0.8283507202477577,2.5039144566344667,-0.1989905437352246,0.9968037516436801,0.516260162601626,0.5397002439874521,49,0.5510204081632653,1.9178821353080582,20.71395862428773,-0.18288285275340646,4.13679764219139,113.26353626065637
META,learned_alpha_per_stock,random_forest,5,0.0,2024,"{""n_estimators"": ""50"", ""max_depth"": ""17"", ""criterion"": ""gini""}",0.5551020408163265,0.5749774164408311,48,0.5833333333333334,0.43668451801551517,0.6113181530481346,-0.20592286142405983,0.5414505810377409,0.5284552845528455,0.5266991983269431,49,0.5510204081632653,1.6663828248892407,13.305505611703907,-0.17187243131759586,3.606598770480791,77.41500780376593
META,learned_alpha_per_stock,random_forest,5,0.0,31415,"{""n_estimators"": ""415"", ""max_depth"": ""19"", ""criterion"": ""gini""}",0.5142857142857142,0.5600722673893406,48,0.625,1.9348457525420109,27.869026930064003,-0.198545956211734,3.693038232282785,0.5121951219512195,0.5338794004879749,49,0.5510204081632653,1.979289055233036,23.002638000572677,-0.182304990326935,4.310707935286299,126.17667766154456
META,learned_alpha_per_stock,random_forest,10,0.0025,42,"{""n_estimators"": ""500"", ""max_depth"": ""4"", ""criterion"": ""gini""}",0.3958333333333333,0.5748571428571428,23,0.43478260869565216,-1.5088346587194839,-0.9985076942563906,-0.4816166328815773,-2.2144708738622763,0.4796747967479675,0.5294820437135428,24,0.5,-0.3381934568647337,-0.853132627002209,-0.2979366997996191,-0.4589608547405471,-2.8634694133887955
META,learned_alpha_per_stock,random_forest,10,0.0025,7,"{""n_estimators"": ""50"", ""max_depth"": ""4"", ""criterion"": ""entropy""}",0.4083333333333333,0.6251868131868131,23,0.4782608695652174,-1.3188427295758476,-0.9970773700189168,-0.4816166328815773,-1.932114081388555,0.4878048780487805,0.5422025441000773,24,0.5416666666666666,0.2795061744884383,0.4274550162856836,-0.2979366997996191,0.37671700352436494,1.4347175644127548
META,learned_alpha_per_stock,random_forest,10,0.0025,1337,"{""n_estimators"": ""420"", ""max_depth"": ""5"", ""criterion"": ""entropy""}",0.42083333333333334,0.569010989010989,23,0.5217391304347826,-0.9672989374289404,-0.9893176384022823,-0.41651962530434467,-1.383648222874784,0.4796747967479675,0.53412045821913,24,0.5,-0.3381934568647337,-0.853132627002209,-0.2979366997996191,-0.4589608547405471,-2.8634694133887955
META,learned_alpha_per_stock,random_forest,10,0.0025,2024,"{""n_estimators"": ""65"", ""max_depth"": ""5"", ""criterion"": ""entropy""}",0.42083333333333334,0.5865934065934065,23,0.4782608695652174,-1.1267135009002782,-0.9941070877263722,-0.44735295917205165,-1.6158809503237046,0.4634146341463415,0.5075549933234943,24,0.4583333333333333,-0.8830922504956964,-0.9794360596822865,-0.40326025776515434,-1.2147405608742563,-2.4287939136632657
META,learned_alpha_per_stock,random_forest,10,0.0025,31415,"{""n_estimators"": ""351"", ""max_depth"": ""5"", ""criterion"": ""gini""}",0.4166666666666667,0.5846593406593407,23,0.5217391304347826,-0.9672989374289404,-0.9893176384022823,-0.41651962530434467,-1.383648222874784,0.4796747967479675,0.530360531309298,24,0.5,-0.3381934568647337,-0.853132627002209,-0.2979366997996191,-0.4589608547405471,-2.8634694133887955
META,learned_alpha_global,random_forest,2,0.0,42,"{""n_estimators"": ""52"", ""max_depth"": ""19"", ""criterion"": ""entropy""}",0.6008064516129032,0.5700291505660634,123,0.5934959349593496,1.1204793567291418,1.119844356899526,-0.394634737860659,1.571874190886556,0.491869918699187,0.48166160081053694,122,0.45901639344262296,-1.1969572951890601,-0.6236567044486334,-0.4959191369866283,-1.4916002199993985,-1.2575774111847782
META,learned_alpha_global,random_forest,2,0.0,7,"{""n_estimators"": ""50"", ""max_depth"": ""7"", ""criterion"": ""gini""}",0.5040322580645161,0.5795878245542676,123,0.4634146341463415,-2.019445937609008,-0.8369363194150021,-0.6233075471840482,-2.171475136644761,0.4959349593495935,0.5516041877744005,122,0.5245901639344263,0.6474750484375651,0.3972223148095182,-0.28506650542043,0.8674323866526914,1.3934373462209295
META,learned_alpha_global,random_forest,2,0.0,1337,"{""n_estimators"": ""79"", ""max_depth"": ""8"", ""criterion"": ""entropy""}",0.47580645161290325,0.5993491966646329,123,0.45528455284552843,-2.0093922786972525,-0.8356424580436033,-0.5962696446531983,-2.16113770649542,0.5040650406504065,0.5499155690645052,122,0.47540983606557374,-0.6600552652240546,-0.44857913186327536,-0.3748162963398434,-0.9052365616918072,-1.1967973010878685
META,learned_alpha_global,random_forest,2,0.0,2024,"{""n_estimators"": ""318"", ""max_depth"": ""10"", ""criterion"": ""entropy""}",0.5201612903225806,0.5535895871466341,123,0.4796747967479675,-1.4887519391335562,-0.7509891608607131,-0.6513980853913746,-1.5909295499537275,0.4959349593495935,0.5198919284025667,122,0.4672131147540984,-0.8378273072319169,-0.5148243919965234,-0.439557651439954,-1.0353722058472203,-1.1712329208921786
META,learned_alpha_global,random_forest,2,0.0,31415,"{""n_estimators"": ""175"", ""max_depth"": ""5"", ""criterion"": ""gini""}",0.46774193548387094,0.6035523015388787,123,0.42276422764227645,-2.3431801906335177,-0.8734587956364425,-0.629903508221034,-2.567131687837315,0.47560975609756095,0.5500844309354949,122,0.47540983606557374,-0.7173892994652108,-0.4704539994985677,-0.33977088056517435,-1.0140091834030363,-1.3846213033795458
META,learned_alpha_global,random_forest,5,0.0,42,"{""n_estimators"": ""141"", ""max_depth"": ""19"", ""criterion"": ""gini""}",0.5142857142857142,0.5443390545016562,48,0.4791666666666667,0.25404738204925137,0.14496847473234342,-0.389190082650165,0.4753142477741225,0.508130081300813,0.5040432206343675,49,0.46938775510204084,1.1139983966406337,4.513033123419737,-0.22446467067148526,2.405825526937222,20.10576145421466
META,learned_alpha_global,random_forest,5,0.0,7,"{""n_estimators"": ""500"", ""max_depth"": ""16"", ""criterion"": ""gini""}",0.5387755102040817,0.5416666666666667,48,0.6041666666666666,1.0908757495328694,4.985420649390212,-0.2036483399804388,1.9857501490059595,0.5121951219512195,0.5201812478215406,49,0.46938775510204084,0.8511086429457578,2.452149624354955,-0.22391621476313653,1.8158467334555823,10.951192734965142
META,learned_alpha_global,random_forest,5,0.0,1337,"{""n_estimators"": ""216"", ""max_depth"": ""12"", ""criterion"": ""gini""}",0.47346938775510206,0.5499473050286059,48,0.4791666666666667,-0.4379111587479235,-0.7160429378719266,-0.37091600593462437,-0.822137379514882,0.46747967479674796,0.5231090972464273,49,0.42857142857142855,0.6979239176096581,1.6188274740674853,-0.21172497745928615,1.4773532137501733,7.645897491611632
META,learned_alpha_global,random_forest,5,0.0,2024,"{""n_estimators"": ""500"", ""max_depth"": ""18"", ""criterion"": ""entropy""}",0.5428571428571428,0.5490063233965674,48,0.5416666666666666,1.0344346821506814,4.3699489199422406,-0.2596064475767487,1.9286003516867336,0.516260162601626,0.5127919135587312,49,0.4897959183673469,1.159966032589043,4.97763132982201,-0.22446467067148534,2.4793313950084,22.175566938580765
META,learned_alpha_global,random_forest,5,0.0,31415,"{""n_estimators"": ""50"", ""max_depth"": ""3"", ""criterion"": ""gini""}",0.4857142857142857,0.551829268292683,48,0.5625,-0.18653439997245758,-0.5409176071342112,-0.318814535266249,-0.22769680447869634,0.46747967479674796,0.5520390379923319,49,0.42857142857142855,-1.2780342500523107,-0.9311681381384668,-0.41157254352820416,-1.4620883010801444,-2.262464182270351
META,learned_alpha_global,random_forest,10,0.0025,42,"{""n_estimators"": ""50"", ""max_depth"": ""10"", ""criterion"": ""gini""}",0.4625,0.5886153846153845,23,0.5652173913043478,-0.5719914874290036,-0.9510430854114914,-0.4014342542112956,-0.8006442191410096,0.4878048780487805,0.5254410007730691,24,0.5833333333333334,0.6943579690901363,5.670948159251054,-0.2719989825037981,1.3855491754623641,20.849152107294618
META,learned_alpha_global,random_forest,10,0.0025,7,"{""n_estimators"": ""50"", ""max_depth"": ""4"", ""criterion"": ""entropy""}",0.42083333333333334,0.5993846153846154,23,0.43478260869565216,-1.5088346587194839,-0.9985076942563906,-0.4816166328815773,-2.2144708738622763,0.4796747967479675,0.5334176681425259,24,0.5416666666666666,0.2795061744884383,0.4274550162856836,-0.2979366997996191,0.37671700352436494,1.4347175644127548
META,learned_alpha_global,random_forest,10,0.0025,1337,"{""n_estimators"": ""201"", ""max_depth"": ""8"", ""criterion"": ""gini""}",0.42083333333333334,0.5751648351648353,23,0.5652173913043478,-0.5281392605253793,-0.9418716818093885,-0.40213455368967826,-0.7304985447042042,0.4634146341463415,0.5134584299669689,24,0.5,0.2856818194524571,0.5267698910323748,-0.1694861817608772,0.6122319129365921,3.1080403461774724
META,learned_alpha_global,random_forest,10,0.0025,2024,"{""n_estimators"": ""500"", ""max_depth"": ""7"", ""criterion"": ""gini""}",0.4083333333333333,0.5806153846153846,23,0.5217391304347826,-0.9672989374289404,-0.9893176384022823,-0.41651962530434467,-1.383648222874784,0.45934959349593496,0.5280061845526742,24,0.4583333333333333,-0.882092992087114,-0.9793629706377789,-0.2979366997996191,-1.2135837232362623,-3.2871511676690424
META,learned_alpha_global,random_forest,10,0.0025,31415,"{""n_estimators"": ""81"", ""max_depth"": ""7"", ""criterion"": ""gini""}",0.42083333333333334,0.5839120879120879,23,0.5217391304347826,-0.7616871767649991,-0.9765769949058395,-0.4165196253043447,-1.0655313099862496,0.4878048780487805,0.5325040410429405,24,0.5,-0.5172375061519475,-0.9237774360619966,-0.2979366997996191,-0.6901715732169504,-3.1005828979219214
NVDA,full_70_30,random_forest,2,0.005,42,"{""n_estimators"": ""55"", ""max_depth"": ""3"", ""criterion"": ""gini""}",0.5806451612903226,0.5917009199451947,123,0.6422764227642277,3.038603551203529,13.918466350494407,-0.1293947403523086,6.746194883519709,0.6097560975609756,0.6503244173728814,122,0.6639344262295082,4.006174930589892,38.51457278509076,-0.18416825846208593,6.9692725184085615,209.12709446627917
NVDA,full_70_30,random_forest,2,0.005,7,"{""n_estimators"": ""427"", ""max_depth"": ""4"", ""criterion"": ""gini""}",0.5725806451612904,0.5902329222939908,123,0.6341463414634146,2.8607418586904667,11.713627341391918,-0.13844274376304078,6.414560089191051,0.6300813008130082,0.6325145656779662,122,0.6885245901639344,4.224313475554548,46.60594364705919,-0.18416825846208615,7.169246926341987,253.0617601330782
NVDA,full_70_30,random_forest,2,0.005,1337,"{""n_estimators"": ""54"", ""max_depth"": ""3"", ""criterion"": ""entropy""}",0.5564516129032258,0.5984863313107588,123,0.5772357723577236,1.9333662973916368,4.356541773528181,-0.30333294121279764,4.271177028621661,0.6219512195121951,0.6337725105932204,122,0.680327868852459,4.122989288301477,42.68004281239769,-0.18416825846208595,7.083733602112954,231.74483577572664
NVDA,full_70_30,random_forest,2,0.005,2024,"{""n_estimators"": ""214"", ""max_depth"": ""3"", ""criterion"": ""gini""}",0.5766129032258065,0.5888627911528674,123,0.6260162601626016,2.627876565195076,9.280323619469526,-0.13844274376304078,5.870077832639054,0.6260162601626016,0.6085805084745763,122,0.680327868852459,4.127814996669678,42.86040431134226,-0.18416825846208615,7.09966217624894,232.72416576695667
NVDA,full_70_30,random_forest,2,0.005,31415,"{""n_estimators"": ""50"", ""max_depth"": ""4"", ""criterion"": ""entropy""}",0.5846774193548387,0.6109806224310042,123,0.6422764227642277,2.9078656488798296,12.264989743987918,-0.1293947403523086,6.344719263792287,0.6219512195121951,0.5775291313559321,122,0.680327868852459,4.142394887354655,43.409028290308896,-0.18416825846208615,7.1103045365758035,235.70309375133343
NVDA,full_70_30,random_forest,5,0.01,42,"{""n_estimators"": ""360"", ""max_depth"": ""17"", ""criterion"": ""entropy""}",0.5755102040816327,0.6078797339486901,48,0.5625,0.5777306987185511,1.351080997976406,-0.3061576586692372,1.0971677671565863,0.5691056910569106,0.5818181818181818,49,0.6122448979591837,1.605021514128401,42.40897156417808,-0.2590380567244568,2.712903430135158,163.7171468178872
NVDA,full_70_30,random_forest,5,0.01,7,"{""n_estimators"": ""227"", ""max_depth"": ""14"", ""criterion"": ""entropy""}",0.5877551020408164,0.6100515813764084,48,0.5833333333333334,0.7984778838039486,2.9987439654533246,-0.23229339645860309,1.4745444867018351,0.5691056910569106,0.5737967914438503,49,0.6122448979591837,1.605021514128401,42.40897156417808,-0.2590380567244568,2.712903430135158,163.7171468178872
NVDA,full_70_30,random_forest,5,0.01,1337,"{""n_estimators"": ""50"", ""max_depth"": ""14"", ""criterion"": ""entropy""}",0.5795918367346938,0.6123252341523008,48,0.5833333333333334,0.7984778838039486,2.9987439654533246,-0.23229339645860309,1.4745444867018351,0.5772357723577236,0.5910762032085561,49,0.5714285714285714,1.6144712027926567,43.56744364791313,-0.2590380567244568,2.7458792373583303,168.18935487250263
NVDA,full_70_30,random_forest,5,0.01,2024,"{""n_estimators"": ""50"", ""max_depth"": ""16"", ""criterion"": ""gini""}",0.5877551020408164,0.6237953033799376,48,0.6041666666666666,1.2103377093901055,9.602735927985323,-0.2322933964586031,2.2364027716518233,0.5650406504065041,0.5665775401069518,49,0.6122448979591837,1.3550782080277473,20.737479314444354,-0.22216493715578794,2.170772910553266,93.34271906238149
NVDA,full_70_30,random_forest,5,0.01,31415,"{""n_estimators"": ""250"", ""max_depth"": ""16"", ""criterion"": ""entropy""}",0.5836734693877551,0.6153793945975295,48,0.5625,0.5777306987185511,1.351080997976406,-0.3061576586692372,1.0971677671565863,0.556910569105691,0.5712232620320856,49,0.5918367346938775,1.09939008723095,9.619166742448565,-0.25903805672445684,1.8065220035839553,37.134183540763026
NVDA,full_70_30,random_forest,10,0.01,42,"{""n_estimators"": ""59"", ""max_depth"": ""20"", ""criterion"": ""gini""}",0.6125,0.632287851037851,23,0.6521739130434783,-0.04760048600895624,-0.9035031335005896,-0.46121746664566,-0.05243909326086891,0.5284552845528455,0.5403819444444444,24,0.4583333333333333,-0.9197950403931385,-0.9978340351279227,-0.5535801852273098,-1.4496873101643033,-1.8025103892007883
NVDA,full_70_30,random_forest,10,0.01,7,"{""n_estimators"": ""51"", ""max_depth"": ""15"", ""criterion"": ""entropy""}",0.575,0.6282814407814408,23,0.5652173913043478,-0.6126468728897498,-0.9970985592603908,-0.6086998794939315,-0.7346998642602802,0.47560975609756095,0.5457291666666667,24,0.375,-1.8648901296947324,-0.9999754649456507,-0.5909372564310782,-2.574590002075613,-1.6921855138816742
NVDA,full_70_30,random_forest,10,0.01,1337,"{""n_estimators"": ""50"", ""max_depth"": ""16"", ""criterion"": ""entropy""}",0.5666666666666667,0.6359126984126984,23,0.6086956521739131,-0.2717787764857816,-0.9761464752717174,-0.5257402086396458,-0.31172529423119144,0.508130081300813,0.551701388888889,24,0.4166666666666667,-1.6129209610087198,-0.9999247114306967,-0.6668055368010513,-2.2628698080034,-1.4995746979363118
NVDA,full_70_30,random_forest,10,0.01,2024,"{""n_estimators"": ""362"", ""max_depth"": ""20"", ""criterion"": ""entropy""}",0.6,0.6194673382173382,23,0.6521739130434783,-0.04760048600895624,-0.9035031335005896,-0.46121746664566,-0.05243909326086891,0.5528455284552846,0.5615972222222222,24,0.5,-0.11796089941207888,-0.8542315262379686,-0.4489057203327766,-0.21661465179027092,-1.9029196723194381
NVDA,full_70_30,random_forest,10,0.01,31415,"{""n_estimators"": ""52"", ""max_depth"": ""16"", ""criterion"": ""entropy""}",0.5875,0.623550061050061,23,0.6086956521739131,-0.2717787764857816,-0.9761464752717174,-0.5257402086396458,-0.31172529423119144,0.5487804878048781,0.5769097222222223,24,0.4166666666666667,-1.1583313553022614,-0.9993510718286255,-0.5909372564310782,-1.654507617593475,-1.6911288989699724
NVDA,equal_50_50,random_forest,2,0.005,42,"{""n_estimators"": ""50"", ""max_depth"": ""3"", ""criterion"": ""gini""}",0.5806451612903226,0.6128727082925555,123,0.6504065040650406,3.1585088623177633,15.59759608744412,-0.16506499154191334,6.957709669132704,0.6097560975609756,0.6376125529661018,122,0.6885245901639344,4.515085945834824,59.67761360019351,-0.18416825846208593,7.516682188757415,324.0385400749127
NVDA,equal_50_50,random_forest,2,0.005,7,"{""n_estimators"": ""50"", ""max_depth"": ""19"", ""criterion"": ""gini""}",0.5685483870967742,0.602368369543942,123,0.6016260162601627,1.9680407905588129,4.534613123895325,-0.19935041024217567,4.110298144233002,0.5894308943089431,0.6466167902542374,122,0.6229508196721312,2.7589046389918233,11.707936140285293,-0.29403550975106824,5.043803805190459,39.81810275295417
NVDA,equal_50_50,random_forest,2,0.005,1337,"{""n_estimators"": ""54"", ""max_depth"": ""3"", ""criterion"": ""gini""}",0.5806451612903226,0.6124486200822079,123,0.6341463414634146,2.8320758819417438,11.387536472571817,-0.17947326509751285,6.29021167272012,0.6300813008130082,0.626224841101695,122,0.6967213114754098,4.82767035510831,77.17163941594818,-0.18416825846208582,8.054851385122355,419.0279044846117
NVDA,equal_50_50,random_forest,2,0.005,2024,"{""n_estimators"": ""50"", ""max_depth"": ""3"", ""criterion"": ""entropy""}",0.5725806451612904,0.6074900502381417,123,0.6341463414634146,2.8029042566911633,11.063171105380066,-0.1293947403523086,6.198735701742551,0.6097560975609756,0.6030521716101694,122,0.6557377049180327,3.799169337778681,31.99595395488491,-0.18569826860698008,6.688394835499271,172.30076615632075
NVDA,equal_50_50,random_forest,2,0.005,31415,"{""n_estimators"": ""50"", ""max_depth"": ""4"", ""criterion"": ""entropy""}",0.5846774193548387,0.6441247471781824,123,0.6422764227642277,2.9078656488798296,12.264989743987918,-0.1293947403523086,6.344719263792287,0.6260162601626016,0.6214247881355932,122,0.680327868852459,4.142394887354655,43.409028290308896,-0.18416825846208615,7.1103045365758035,235.70309375133343
NVDA,equal_50_50,random_forest,5,0.01,42,"{""n_estimators"": ""50"", ""max_depth"": ""5"", ""criterion"": ""entropy""}",0.5387755102040817,0.6163974480792725,48,0.6041666666666666,2.3698455959052307,136.4117126545999,-0.19762524960931566,5.342798678241987,0.6056910569105691,0.5966911764705882,49,0.6530612244897959,2.483129654863992,419.93076769133484,-0.25903805672445673,3.9767506832754087,1621.1161132127488
NVDA,equal_50_50,random_forest,5,0.01,7,"{""n_estimators"": ""50"", ""max_depth"": ""5"", ""criterion"": ""entropy""}",0.5591836734693878,0.6181281389982355,48,0.6041666666666666,2.080805644780197,73.90031637927841,-0.2852088953175117,4.470158466744562,0.6097560975609756,0.6079879679144387,49,0.673469387755102,3.089483851322176,1748.6101257595128,-0.2590380567244568,5.212051229148062,6750.398562553839
NVDA,equal_50_50,random_forest,5,0.01,1337,"{""n_estimators"": ""53"", ""max_depth"": ""3"", ""criterion"": ""entropy""}",0.5959183673469388,0.632007601465997,48,0.6875,2.7286571328714397,279.7542696982289,-0.1583752940091026,4.73199616038033,0.5934959349593496,0.6342245989304813,49,0.6122448979591837,1.8371674168438772,79.80479201312846,-0.25903805672445673,2.985449475083836,308.08134149191136
NVDA,equal_50_50,random_forest,5,0.01,2024,"{""n_estimators"": ""50"", ""max_depth"": ""7"", ""criterion"": ""gini""}",0.5877551020408164,0.6131057418216371,48,0.6875,2.5148632588845476,183.05237963161196,-0.15837529400910252,4.795344637257242,0.5813008130081301,0.6277072192513369,49,0.6530612244897959,2.202163642711171,208.2276368256335,-0.25903805672445696,3.6615638601970706,803.8495943749635
NVDA,equal_50_50,random_forest,5,0.01,31415,"{""n_estimators"": ""178"", ""max_depth"": ""12"", ""criterion"": ""gini""}",0.563265306122449,0.614429211347903,48,0.625,1.8113179333845095,40.55356848492021,-0.2108811503078052,3.3091721961344795,0.5609756097560976,0.6009358288770054,49,0.5918367346938775,1.7271372236734237,59.624475997442126,-0.2590380567244568,3.0780428210307296,230.1765105536817
NVDA,equal_50_50,random_forest,10,0.01,42,"{""n_estimators"": ""50"", ""max_depth"": ""11"", ""criterion"": ""gini""}",0.5541666666666667,0.6251144688644689,23,0.5217391304347826,-0.4986722296802981,-0.9941416773769203,-0.6151751592582162,-0.5917831482235106,0.5,0.5546527777777778,24,0.4166666666666667,-1.4009016073236544,-0.999797966464606,-0.5214450820910436,-1.9957827402567017,-1.917360045769964
NVDA,equal_50_50,random_forest,10,0.01,7,"{""n_estimators"": ""298"", ""max_depth"": ""8"", ""criterion"": ""entropy""}",0.5625,0.6201923076923077,23,0.5652173913043478,0.2254246276183852,-0.43835042006669267,-0.5152917557683164,0.2707780408762867,0.4959349593495935,0.6013194444444444,24,0.4166666666666667,-1.9839082486981237,-0.999985429269347,-0.6274578728489408,-2.694228038175842,-1.5937092712359533
NVDA,equal_50_50,random_forest,10,0.01,1337,"{""n_estimators"": ""50"", ""max_depth"": ""8"", ""criterion"": ""gini""}",0.625,0.6389270451770451,23,0.6521739130434783,0.41287440767356676,0.7911540034642344,-0.48709566880000293,0.4692004818297054,0.5813008130081301,0.5668402777777778,24,0.5,-0.19687175227813125,-0.9105638353765739,-0.3856193156488,-0.27699849030488727,-2.361302451472279
NVDA,equal_50_50,random_forest,10,0.01,2024,"{""n_estimators"": ""50"", ""max_depth"": ""10"", ""criterion"": ""entropy""}",0.5958333333333333,0.6251144688644689,23,0.5652173913043478,-0.139476061761966,-0.9454061998254537,-0.5199779290771401,-0.15786117198806687,0.573170731707317,0.5890625,24,0.4166666666666667,-0.8848214410029236,-0.9974518295530892,-0.5460575613944134,-1.292817137254889,-1.8266422810921155
NVDA,equal_50_50,random_forest,10,0.01,31415,"{""n_estimators"": ""52"", ""max_depth"": ""6"", ""criterion"": ""entropy""}",0.6333333333333333,0.6226343101343101,23,0.6521739130434783,1.9394483547760133,15053.395263258784,-0.1820980454315176,7.68404547343637,0.6056910569105691,0.54125,24,0.5833333333333334,2.0425452368512635,5682.484119633154,-0.18033082467944014,5.830557027678796,31511.44087392966
NVDA,news_only,random_forest,2,0.005,42,"{""n_estimators"": ""296"", ""max_depth"": ""5"", ""criterion"": ""entropy""}",0.5766129032258065,0.6403405754550792,123,0.6341463414634146,2.9523262207558423,12.808784238682351,-0.14441856689314694,6.6343343704791655,0.6260162601626016,0.688426906779661,122,0.680327868852459,4.32053561031132,50.65344893036072,-0.1434834379584574,7.790459971907253,353.0264513527084
NVDA,news_only,random_forest,2,0.005,7,"{""n_estimators"": ""303"", ""max_depth"": ""7"", ""criterion"": ""entropy""}",0.5806451612903226,0.637893912703073,123,0.6504065040650406,3.095231147837282,14.690674153829617,-0.1293947403523086,6.820543344656073,0.6260162601626016,0.6534361758474576,122,0.6885245901639344,4.667119514406373,67.73553581898602,-0.1434834379584576,8.287236892754448,472.07912482970556
NVDA,news_only,random_forest,2,0.005,1337,"{""n_estimators"": ""381"", ""max_depth"": ""8"", ""criterion"": ""entropy""}",0.5766129032258065,0.6383506230834476,123,0.6422764227642277,3.038603551203529,13.918466350494407,-0.1293947403523086,6.746194883519709,0.6219512195121951,0.6872682733050848,122,0.6721311475409836,4.296897921838023,49.64429017901368,-0.1434834379584576,7.89323067215036,345.99317444140877
NVDA,news_only,random_forest,2,0.005,2024,"{""n_estimators"": ""500"", ""max_depth"": ""10"", ""criterion"": ""entropy""}",0.5766129032258065,0.6403079532850525,123,0.6422764227642277,2.720417808301521,10.18046627843597,-0.1444185668931468,5.402759647631703,0.6138211382113821,0.6744570974576272,122,0.6557377049180327,3.3367991127489023,20.74747437818044,-0.1818730680164134,5.227224386598212,114.07667228832392
NVDA,news_only,random_forest,2,0.005,31415,"{""n_estimators"": ""443"", ""max_depth"": ""4"", ""criterion"": ""entropy""}",0.5685483870967742,0.64193906178639,123,0.6260162601626016,2.7180238324477832,10.165874769894165,-0.14441856689314694,6.080501424586279,0.6219512195121951,0.6821371822033898,122,0.6721311475409836,4.023398547246509,39.10551436798805,-0.18416825846208593,7.017347964968187,212.33579930951328
NVDA,news_only,random_forest,5,0.01,42,"{""n_estimators"": ""51"", ""max_depth"": ""15"", ""criterion"": ""entropy""}",0.563265306122449,0.6024161802633365,48,0.625,1.0091267916864706,5.311435294505998,-0.3331052977187952,1.1828496609525272,0.5487804878048781,0.5763034759358289,49,0.6326530612244898,2.036444708852589,136.57380606470488,-0.3459343780891563,3.888483502210431,394.79685950584036
NVDA,news_only,random_forest,5,0.01,7,"{""n_estimators"": ""50"", ""max_depth"": ""10"", ""criterion"": ""entropy""}",0.5714285714285714,0.6178227229537125,48,0.5833333333333334,1.7359380421943413,34.29866514168678,-0.285208895317512,3.6486160092005426,0.5975609756097561,0.5994318181818181,49,0.673469387755102,2.987104278826309,1389.0936952426352,-0.25903805672445684,5.191503924844346,5362.50816890677
NVDA,news_only,random_forest,5,0.01,1337,"{""n_estimators"": ""50"", ""max_depth"": ""8"", ""criterion"": ""gini""}",0.5551020408163265,0.6117144020632551,48,0.6666666666666666,2.654602323102142,242.55563850365036,-0.11864001030752155,5.369577219022451,0.5934959349593496,0.6021390374331552,49,0.673469387755102,2.5063132147234177,446.40313849849764,-0.22216493715578783,4.268082856100579,2009.3320944945879
NVDA,news_only,random_forest,5,0.01,2024,"{""n_estimators"": ""59"", ""max_depth"": ""6"", ""criterion"": ""gini""}",0.5714285714285714,0.6087281118501426,48,0.6458333333333334,2.4774107147000874,170.01142291256116,-0.21321273580384464,5.303387163028552,0.5853658536585366,0.629110962566845,49,0.6326530612244898,2.6960179891726814,706.8031549713505,-0.25903805672445684,4.891492811353558,2728.568782166201
NVDA,news_only,random_forest,5,0.01,31415,"{""n_estimators"": ""321"", ""max_depth"": ""8"", ""criterion"": ""gini""}",0.5346938775510204,0.5985815121487715,48,0.6458333333333334,2.1658358772806423,88.60724045300775,-0.12376019029536328,4.3625707133905784,0.5528455284552846,0.5996657754010695,49,0.6122448979591837,1.9084073705978783,97.41211451977462,-0.25903805672445684,3.580058887641885,376.0532940663369
NVDA,news_only,random_forest,10,0.01,42,"{""n_estimators"": ""50"", ""max_depth"": ""6"", ""criterion"": ""entropy""}",0.5375,0.6229777167277167,23,0.6521739130434783,0.03977196222319225,-0.8336830616943556,-0.4928502403651286,0.04268351243476756,0.42276422764227645,0.551423611111111,24,0.4583333333333333,-1.6968095938940995,-0.999948855840261,-0.5612958541658506,-2.4010047168238984,-1.781500519590152
NVDA,news_only,random_forest,10,0.01,7,"{""n_estimators"": ""211"", ""max_depth"": ""6"", ""criterion"": ""gini""}",0.5125,0.6065323565323565,23,0.6086956521739131,-0.30270375170741426,-0.9803445480724681,-0.5340457327194494,-0.34793109778781667,0.45934959349593496,0.5505555555555556,24,0.5,-1.8967002608153598,-0.9999789744856378,-0.6131582515887393,-2.7386006610700258,-1.6308660478671155
NVDA,news_only,random_forest,10,0.01,1337,"{""n_estimators"": ""60"", ""max_depth"": ""6"", ""criterion"": ""entropy""}",0.5083333333333333,0.6159951159951159,23,0.5652173913043478,-0.38836458215821174,-0.9884380252448866,-0.556074527429639,-0.45141122994421634,0.4349593495934959,0.5509722222222222,24,0.5,-1.40359071156595,-0.9998041308144282,-0.5014465278538413,-1.9694583825253968,-1.9938399715190478
NVDA,news_only,random_forest,10,0.01,2024,"{""n_estimators"": ""215"", ""max_depth"": ""7"", ""criterion"": ""entropy""}",0.5541666666666667,0.6044719169719169,23,0.6956521739130435,1.014166087762047,66.12280573347215,-0.4781682647421007,1.0166325411309471,0.483739837398374,0.530798611111111,24,0.6666666666666666,0.5349192059792187,3.459806726405799,-0.28749914549965017,1.0860415462045212,12.03414612030563
NVDA,news_only,random_forest,10,0.01,31415,"{""n_estimators"": ""50"", ""max_depth"": ""8"", ""criterion"": ""gini""}",0.5916666666666667,0.6169108669108669,23,0.6521739130434783,0.9235003993632178,38.483812849692036,-0.47816826474210067,0.9677239286289915,0.46747967479674796,0.5410763888888888,24,0.5,-0.356019579046486,-0.9614176236119715,-0.5275758895407736,-0.49813294839473843,-1.822330479220409
NVDA,social_only,random_forest,2,0.005,42,"{""n_estimators"": ""56"", ""max_depth"": ""3"", ""criterion"": ""gini""}",0.5443548387096774,0.5660272721341424,123,0.5853658536585366,2.258770174498378,6.294106739595826,-0.28041420479918105,5.175626422238764,0.6016260162601627,0.6265889830508475,122,0.5819672131147541,1.551722660071407,2.8500066114792175,-0.302435567255993,2.6018843761620496,9.423516676088772
NVDA,social_only,random_forest,2,0.005,7,"{""n_estimators"": ""50"", ""max_depth"": ""6"", ""criterion"": ""entropy""}",0.5564516129032258,0.5674300254452925,123,0.5528455284552846,1.546417270332908,2.6860357613737884,-0.28376377641248857,3.3563068727491108,0.6097560975609756,0.6309255826271186,122,0.639344262295082,3.0436894219211057,15.608976982657666,-0.19240596115592878,5.070934376676219,81.12522548097098
NVDA,social_only,random_forest,2,0.005,1337,"{""n_estimators"": ""500"", ""max_depth"": ""10"", ""criterion"": ""entropy""}",0.5645161290322581,0.5688327787564429,123,0.5772357723577236,2.050132325961751,4.981633026361651,-0.24605711288310686,4.04312405232008,0.5894308943089431,0.6170550847457628,122,0.5819672131147541,2.405872105061141,8.04026261345604,-0.24231701390567964,4.3869495673691965,33.18075971580626
NVDA,social_only,random_forest,2,0.005,2024,"{""n_estimators"": ""50"", ""max_depth"": ""8"", ""criterion"": ""gini""}",0.5282258064516129,0.5741175703007764,123,0.5284552845528455,1.188497639118373,1.5940242333679149,-0.2460571128831071,2.4207445801419833,0.5894308943089431,0.6066604872881356,122,0.5819672131147541,1.8528824776565496,4.215013058417954,-0.2696260451074093,2.9882050583656805,15.632811202414977
NVDA,social_only,random_forest,2,0.005,31415,"{""n_estimators"": ""50"", ""max_depth"": ""4"", ""criterion"": ""gini""}",0.5403225806451613,0.5792392509949761,123,0.5284552845528455,1.0702616670036038,1.31052372174802,-0.3931277483091402,2.4998444115457867,0.5691056910569106,0.6108315677966102,122,0.5081967213114754,0.2426775828185279,-0.0120892440964524,-0.326411982293585,0.4173454252036009,-0.03703676565886286
NVDA,social_only,random_forest,5,0.01,42,"{""n_estimators"": ""50"", ""max_depth"": ""6"", ""criterion"": ""entropy""}",0.5346938775510204,0.573537396497896,48,0.4791666666666667,-0.4182659053734724,-0.8027299693494787,-0.5987982603079249,-0.5651281296392606,0.5853658536585366,0.5968917112299466,49,0.6122448979591837,1.3810830461863466,22.336289244066876,-0.2590380567244567,2.1726598715490675,86.22782893953833
NVDA,social_only,random_forest,5,0.01,7,"{""n_estimators"": ""51"", ""max_depth"": ""7"", ""criterion"": ""gini""}",0.5469387755102041,0.5761164653183115,48,0.5,-0.5985036160959051,-0.8730022837411476,-0.6135225840693566,-0.800370651798746,0.5772357723577236,0.5804812834224599,49,0.5918367346938775,1.3474796892343637,20.265466412196854,-0.2590380567244568,2.1286790601137398,78.23354864707612
NVDA,social_only,random_forest,5,0.01,1337,"{""n_estimators"": ""65"", ""max_depth"": ""7"", ""criterion"": ""entropy""}",0.5387755102040817,0.5771684539161124,48,0.5,-0.31814631312762454,-0.7481187101610312,-0.5796810609080101,-0.4244390899548819,0.5691056910569106,0.5947192513368984,49,0.5714285714285714,1.5911563883107256,40.801275268211796,-0.2970241430028807,2.6928744932224755,137.3668647124624
NVDA,social_only,random_forest,5,0.01,2024,"{""n_estimators"": ""50"", ""max_depth"": ""8"", ""criterion"": ""entropy""}",0.5387755102040817,0.5777792860051582,48,0.5,-0.15711604886222647,-0.6263098321406826,-0.5468828155281457,-0.20832621296359694,0.5772357723577236,0.576403743315508,49,0.673469387755102,2.238672014853636,227.12351083428436,-0.2590380567244568,3.380250894521451,876.7959183537248
NVDA,social_only,random_forest,5,0.01,31415,"{""n_estimators"": ""231"", ""max_depth"": ""7"", ""criterion"": ""entropy""}",0.5224489795918368,0.5776435455409257,48,0.4791666666666667,-0.4182659053734724,-0.8027299693494787,-0.5987982603079249,-0.5651281296392606,0.573170731707317,0.5903409090909091,49,0.6122448979591837,1.7408137189374244,61.52860372152924,-0.25903805672445684,2.8587667438897664,237.5272749477821
NVDA,social_only,random_forest,10,0.01,42,"{""n_estimators"": ""51"", ""max_depth"": ""5"", ""criterion"": ""entropy""}",0.5625,0.6035943223443224,23,0.5652173913043478,0.8969063935454461,46.78148233775572,-0.294170191594701,2.043861244748901,0.5772357723577236,0.5676388888888888,24,0.5416666666666666,0.12905708627811704,-0.48771224002756275,-0.4160375179716118,0.1991900494141808,-1.1722794674994712
NVDA,social_only,random_forest,10,0.01,7,"{""n_estimators"": ""277"", ""max_depth"": ""8"", ""criterion"": ""entropy""}",0.5708333333333333,0.5851266788766789,23,0.5652173913043478,0.8969063935454461,46.78148233775572,-0.294170191594701,2.043861244748901,0.5772357723577236,0.565763888888889,24,0.5416666666666666,0.26848446824774264,0.06385877825872632,-0.35035654035063885,0.4033597409553671,0.18226797819962512
NVDA,social_only,random_forest,10,0.01,1337,"{""n_estimators"": ""50"", ""max_depth"": ""9"", ""criterion"": ""entropy""}",0.5708333333333333,0.5941697191697192,23,0.5652173913043478,0.8969063935454461,46.78148233775572,-0.294170191594701,2.043861244748901,0.5691056910569106,0.5737152777777778,24,0.5,-0.44208136307018797,-0.9748761087518166,-0.41603751797161187,-0.6705851768711442,-2.343240853624977
NVDA,social_only,random_forest,10,0.01,2024,"{""n_estimators"": ""50"", ""max_depth"": ""5"", ""criterion"": ""gini""}",0.575,0.5983287545787546,23,0.5652173913043478,0.8969063935454461,46.78148233775572,-0.294170191594701,2.043861244748901,0.5528455284552846,0.5631597222222222,24,0.4166666666666667,-1.0958451631446287,-0.9991015095836145,-0.3928619842315964,-1.651991682052665,-2.543136138605443
NVDA,social_only,random_forest,10,0.01,31415,"{""n_estimators"": ""50"", ""max_depth"": ""10"", ""criterion"": ""entropy""}",0.5666666666666667,0.5869963369963369,23,0.5652173913043478,0.8969063935454461,46.78148233775572,-0.294170191594701,2.043861244748901,0.573170731707317,0.5636111111111111,24,0.5,0.013689721230251261,-0.7202833888260736,-0.4160375179716118,0.021466440686174232,-1.7312943129211291
NVDA,sentiment_only,random_forest,2,0.005,42,"{""n_estimators"": ""51"", ""max_depth"": ""3"", ""criterion"": ""entropy""}",0.5120967741935484,0.5110915378090951,123,0.5203252032520326,-1.2725846527411206,-0.7865557684288134,-0.6021082439999429,-1.4288002449108967,0.483739837398374,0.5139367055084745,122,0.48360655737704916,-0.7614842881320604,-0.6579400390436452,-0.5458769214060808,-1.2227829153176288,-1.2052900814141583
NVDA,sentiment_only,random_forest,2,0.005,7,"{""n_estimators"": ""500"", ""max_depth"": ""3"", ""criterion"": ""entropy""}",0.5080645161290323,0.5171266392640438,123,0.5284552845528455,-1.0295364949229988,-0.7282687701540751,-0.5832274337632743,-1.1260151678912826,0.5284552845528455,0.5257878707627118,122,0.4918032786885246,-0.7932815601296358,-0.6692873732892262,-0.5899335944228875,-1.2512207615764435,-1.1345130699735244
NVDA,sentiment_only,random_forest,2,0.005,1337,"{""n_estimators"": ""51"", ""max_depth"": ""13"", ""criterion"": ""entropy""}",0.5201612903225806,0.5144516213218503,123,0.4959349593495935,0.2837795289834532,0.05070320814929885,-0.2943525491687465,0.566237696666029,0.5528455284552846,0.561374470338983,122,0.5491803278688525,1.0794616740078689,1.3714627180490693,-0.32543913428963406,1.913805429086397,4.214191145274176
NVDA,sentiment_only,random_forest,2,0.005,2024,"{""n_estimators"": ""50"", ""max_depth"": ""3"", ""criterion"": ""entropy""}",0.5403225806451613,0.5395380700724212,123,0.5447154471544715,-0.6389434073495847,-0.5976236997263553,-0.5372606222973718,-0.7033101207121693,0.4878048780487805,0.5160884533898306,122,0.48360655737704916,-0.6674980808350449,-0.6223761307279831,-0.5052870413402352,-1.072732667600397,-1.2317278691279676
NVDA,sentiment_only,random_forest,2,0.005,31415,"{""n_estimators"": ""276"", ""max_depth"": ""17"", ""criterion"": ""entropy""}",0.5080645161290323,0.49504143015593394,123,0.4959349593495935,-0.5695083608196979,-0.5680918587359762,-0.4310516371844873,-0.6585696442931874,0.5528455284552846,0.5504171080508474,122,0.5573770491803278,1.4658522910101388,2.532126833264824,-0.2682916375368039,2.7137823580123763,9.437964062213718
NVDA,sentiment_only,random_forest,5,0.01,42,"{""n_estimators"": ""50"", ""max_depth"": ""3"", ""criterion"": ""gini""}",0.4897959183673469,0.5464911089995927,48,0.4583333333333333,-1.249650344875383,-0.9734137810589283,-0.5199546957151833,-1.617307319889328,0.45934959349593496,0.5143048128342246,49,0.3469387755102041,-2.1213736840230357,-0.9989636320606994,-0.7788886946921488,-3.0002676541524638,-1.2825499187089033
NVDA,sentiment_only,random_forest,5,0.01,7,"{""n_estimators"": ""497"", ""max_depth"": ""3"", ""criterion"": ""entropy""}",0.4857142857142857,0.5425207004207955,48,0.4166666666666667,-1.275007226829329,-0.974871229664005,-0.5431985662605086,-1.7184924797673782,0.4634146341463415,0.5092914438502674,49,0.3673469387755102,-1.6421724467311614,-0.9962483315187782,-0.7160452759183579,-2.4208598992650083,-1.3913203047685054
NVDA,sentiment_only,random_forest,5,0.01,1337,"{""n_estimators"": ""58"", ""max_depth"": ""3"", ""criterion"": ""entropy""}",0.4857142857142857,0.5551784987104657,48,0.4375,-1.1641300030077149,-0.9673912788761108,-0.5199546957151833,-1.5546220077952453,0.47560975609756095,0.5519050802139037,49,0.3877551020408163,-1.4392603058042166,-0.9934391639620545,-0.683446209680365,-2.1002538516190556,-1.4535733023183601
NVDA,sentiment_only,random_forest,5,0.01,2024,"{""n_estimators"": ""50"", ""max_depth"": ""3"", ""criterion"": ""entropy""}",0.5102040816326531,0.565121487715488,48,0.4791666666666667,-0.6508186686662415,-0.8884809836262966,-0.4840885294325827,-0.8406164999282334,0.46747967479674796,0.5260695187165775,49,0.3877551020408163,-1.4392603058042166,-0.9934391639620545,-0.683446209680365,-2.1002538516190556,-1.4535733023183601
NVDA,sentiment_only,random_forest,5,0.01,31415,"{""n_estimators"": ""50"", ""max_depth"": ""3"", ""criterion"": ""gini""}",0.4857142857142857,0.550766933622913,48,0.4375,-1.2387913696726198,-0.9726849583120973,-0.4812207199580973,-1.63664972311778,0.483739837398374,0.49919786096256685,49,0.3673469387755102,-1.5361663651188027,-0.9949813063814317,-0.699516721206245,-2.2556943201882835,-1.4223838776372468
NVDA,sentiment_only,random_forest,10,0.01,42,"{""n_estimators"": ""51"", ""max_depth"": ""6"", ""criterion"": ""entropy""}",0.45416666666666666,0.5662011599511599,23,0.5652173913043478,-0.9950191102853622,-0.9997264450499719,-0.5518879328984299,-1.1091877370424652,0.44308943089430897,0.5109375,24,0.4166666666666667,-2.368879657609312,-0.9999969231210212,-0.6778603561243502,-3.3616254700220627,-1.4752255594920445
NVDA,sentiment_only,random_forest,10,0.01,7,"{""n_estimators"": ""500"", ""max_depth"": ""6"", ""criterion"": ""gini""}",0.4666666666666667,0.5474664224664225,23,0.5652173913043478,-0.624977908816614,-0.9973264030160598,-0.6324741584170956,-0.7348182529206876,0.44715447154471544,0.5372222222222222,24,0.4583333333333333,-1.7151073841776863,-0.9999525698774275,-0.5819948022881527,-2.505415318211785,-1.7181469077490814
NVDA,sentiment_only,random_forest,10,0.01,1337,"{""n_estimators"": ""232"", ""max_depth"": ""7"", ""criterion"": ""gini""}",0.4791666666666667,0.5449862637362638,23,0.5652173913043478,-0.624977908816614,-0.9973264030160598,-0.6324741584170956,-0.7348182529206876,0.4715447154471545,0.5394097222222223,24,0.4583333333333333,-1.649618183358729,-0.9999364125961805,-0.5701597342676628,-2.3847670348031587,-1.753782935725093
NVDA,sentiment_only,random_forest,10,0.01,2024,"{""n_estimators"": ""434"", ""max_depth"": ""6"", ""criterion"": ""gini""}",0.4625,0.5573870573870574,23,0.5652173913043478,-0.624977908816614,-0.9973264030160598,-0.6324741584170956,-0.7348182529206876,0.4634146341463415,0.5273611111111111,24,0.5,-1.4767614065496029,-0.9998599989343163,-0.5366054420631461,-2.1608256826541967,-1.8633057374335311
NVDA,sentiment_only,random_forest,10,0.01,31415,"{""n_estimators"": ""360"", ""max_depth"": ""7"", ""criterion"": ""gini""}",0.4583333333333333,0.5512820512820513,23,0.5652173913043478,-0.624977908816614,-0.9973264030160598,-0.6324741584170956,-0.7348182529206876,0.46747967479674796,0.5277083333333332,24,0.5,-1.4767614065496029,-0.9998599989343163,-0.5366054420631461,-2.1608256826541967,-1.8633057374335311
NVDA,technical_only,random_forest,2,0.005,42,"{""n_estimators"": ""196"", ""max_depth"": ""15"", ""criterion"": ""gini""}",0.5685483870967742,0.5721602400991713,123,0.6178861788617886,2.716992930605172,10.15622216711523,-0.14441856689314683,6.139846304699329,0.6138211382113821,0.5992121292372882,122,0.6557377049180327,4.093933622855342,41.638073277863306,-0.1819183944713574,7.685955881083448,228.8832495408765
NVDA,technical_only,random_forest,2,0.005,7,"{""n_estimators"": ""50"", ""max_depth"": ""8"", ""criterion"": ""gini""}",0.5725806451612904,0.5749005023814183,123,0.6178861788617886,2.716992930605172,10.15622216711523,-0.14441856689314683,6.139846304699329,0.6138211382113821,0.6094081038135594,122,0.6557377049180327,4.118011965952438,42.526328299909075,-0.1434834379584576,7.752710548633574,296.3849271037234
NVDA,technical_only,random_forest,2,0.005,1337,"{""n_estimators"": ""50"", ""max_depth"": ""3"", ""criterion"": ""entropy""}",0.5685483870967742,0.5880798590722255,123,0.6178861788617886,2.5565536521095558,8.627586292874323,-0.1794732650975129,5.842401479253533,0.6097560975609756,0.6293365995762712,122,0.6557377049180327,3.917639837163327,35.59831727127912,-0.18416825846208593,6.898408569430436,193.29235976137343
NVDA,technical_only,random_forest,2,0.005,2024,"{""n_estimators"": ""157"", ""max_depth"": ""14"", ""criterion"": ""entropy""}",0.5766129032258065,0.5714425523585829,123,0.6178861788617886,2.716992930605172,10.15622216711523,-0.14441856689314683,6.139846304699329,0.6219512195121951,0.5990135063559323,122,0.6721311475409836,4.42169951413088,55.208587350231234,-0.1434834379584576,8.092545634579102,384.7732402830746
NVDA,technical_only,random_forest,2,0.005,31415,"{""n_estimators"": ""500"", ""max_depth"": ""14"", ""criterion"": ""gini""}",0.5685483870967742,0.5710510863182618,123,0.6097560975609756,2.7036999985490344,10.021559065605873,-0.14441856689314653,6.0894372510276975,0.6138211382113821,0.5943127648305085,122,0.6557377049180327,4.118011965952438,42.526328299909075,-0.1434834379584576,7.752710548633574,296.3849271037234
NVDA,technical_only,random_forest,5,0.01,42,"{""n_estimators"": ""50"", ""max_depth"": ""15"", ""criterion"": ""entropy""}",0.5755102040816327,0.5885367177955749,48,0.5833333333333334,2.188619872744175,93.10405542392907,-0.17238365600421984,4.591834900905162,0.5853658536585366,0.5438836898395722,49,0.6122448979591837,2.7954645662777757,893.712661340187,-0.2590380567244568,5.106236955379846,3450.1210850683783
NVDA,technical_only,random_forest,5,0.01,7,"{""n_estimators"": ""433"", ""max_depth"": ""6"", ""criterion"": ""entropy""}",0.5795918367346938,0.5781525722817973,48,0.625,2.3400889487362377,128.0016677225488,-0.15837529400910255,4.7802287209314125,0.6056910569105691,0.5821858288770054,49,0.673469387755102,3.089483851322176,1748.6101257595128,-0.2590380567244568,5.212051229148062,6750.398562553839
NVDA,technical_only,random_forest,5,0.01,1337,"{""n_estimators"": ""499"", ""max_depth"": ""11"", ""criterion"": ""gini""}",0.5836734693877551,0.5882652368671101,48,0.6458333333333334,2.4596021229970884,163.71385111151255,-0.15837529400910258,4.8917080556263635,0.5853658536585366,0.5553810160427808,49,0.6122448979591837,2.7941005006583413,890.8697515861636,-0.25903805672445673,5.105474761164551,3439.146212148268
NVDA,technical_only,random_forest,5,0.01,2024,"{""n_estimators"": ""51"", ""max_depth"": ""12"", ""criterion"": ""gini""}",0.5836734693877551,0.5942378172933352,48,0.625,2.3400889487362377,128.0016677225488,-0.15837529400910255,4.7802287209314125,0.5853658536585366,0.5665441176470588,49,0.6530612244897959,2.8961428087412515,1128.5373067129826,-0.2590380567244568,5.130010446701074,4356.646745205579
NVDA,technical_only,random_forest,5,0.01,31415,"{""n_estimators"": ""50"", ""max_depth"": ""20"", ""criterion"": ""gini""}",0.5918367346938775,0.5881973666349939,48,0.625,2.0387198384368475,67.32421657346809,-0.2852088953175119,4.040657862860136,0.5894308943089431,0.5541109625668449,49,0.6326530612244898,2.8413237574234578,994.3601040370512,-0.25903805672445673,5.115415141280442,3838.664158505363
NVDA,technical_only,random_forest,10,0.01,42,"{""n_estimators"": ""50"", ""max_depth"": ""5"", ""criterion"": ""gini""}",0.65,0.6081730769230769,23,0.6956521739130435,2.3443786504700306,101983.141311433,-0.18209804543151775,9.108168212523596,0.6260162601626016,0.5511458333333333,24,0.5833333333333334,2.0425452368512635,5682.484119633154,-0.18033082467944014,5.830557027678796,31511.44087392966
NVDA,technical_only,random_forest,10,0.01,7,"{""n_estimators"": ""174"", ""max_depth"": ""6"", ""criterion"": ""gini""}",0.6541666666666667,0.6033653846153846,23,0.6956521739130435,2.3443786504700306,101983.141311433,-0.18209804543151775,9.108168212523596,0.6260162601626016,0.5767708333333333,24,0.625,2.192783371498111,10408.032685854256,-0.18033082467944014,5.993588923222798,57716.32611538151
NVDA,technical_only,random_forest,10,0.01,1337,"{""n_estimators"": ""65"", ""max_depth"": ""7"", ""criterion"": ""entropy""}",0.6416666666666667,0.603289072039072,23,0.6956521739130435,2.3443786504700306,101983.141311433,-0.18209804543151775,9.108168212523596,0.6219512195121951,0.5496875,24,0.625,2.192783371498111,10408.032685854256,-0.18033082467944014,5.993588923222798,57716.32611538151
NVDA,technical_only,random_forest,10,0.01,2024,"{""n_estimators"": ""53"", ""max_depth"": ""6"", ""criterion"": ""entropy""}",0.65,0.6093177655677655,23,0.6956521739130435,2.3443786504700306,101983.141311433,-0.18209804543151775,9.108168212523596,0.6219512195121951,0.5654513888888889,24,0.5833333333333334,2.0425452368512635,5682.484119633154,-0.18033082467944014,5.830557027678796,31511.44087392966
NVDA,technical_only,random_forest,10,0.01,31415,"{""n_estimators"": ""50"", ""max_depth"": ""7"", ""criterion"": ""entropy""}",0.65,0.6060363247863247,23,0.6956521739130435,2.3443786504700306,101983.141311433,-0.18209804543151775,9.108168212523596,0.6260162601626016,0.5490625000000001,24,0.625,2.192783371498111,10408.032685854256,-0.18033082467944014,5.993588923222798,57716.32611538151
NVDA,learned_alpha_per_stock,random_forest,2,0.005,42,"{""n_estimators"": ""50"", ""max_depth"": ""6"", ""criterion"": ""entropy""}",0.5725806451612904,0.5993997520715078,123,0.6422764227642277,3.038603551203529,13.918466350494407,-0.1293947403523086,6.746194883519709,0.6382113821138211,0.681541313559322,122,0.6885245901639344,4.5994451243834815,64.05620889033416,-0.1434834379584576,8.206211296899754,446.4362563495321
NVDA,learned_alpha_per_stock,random_forest,2,0.005,7,"{""n_estimators"": ""500"", ""max_depth"": ""3"", ""criterion"": ""gini""}",0.5766129032258065,0.5959418020486723,123,0.6422764227642277,2.9078656488798296,12.264989743987918,-0.1293947403523086,6.344719263792287,0.6097560975609756,0.6325807733050848,122,0.6639344262295082,3.928649575223625,35.9500936340113,-0.18416825846208593,6.94048009476634,195.20244114928317
NVDA,learned_alpha_per_stock,random_forest,2,0.005,1337,"{""n_estimators"": ""500"", ""max_depth"": ""3"", ""criterion"": ""entropy""}",0.5846774193548387,0.6029881907744502,123,0.6504065040650406,3.022499491588018,13.703108847934905,-0.12939474035230855,6.501457756453226,0.6219512195121951,0.6552237817796611,122,0.680327868852459,4.127814996669678,42.86040431134226,-0.18416825846208615,7.09966217624894,232.72416576695667
NVDA,learned_alpha_per_stock,random_forest,2,0.005,2024,"{""n_estimators"": ""271"", ""max_depth"": ""3"", ""criterion"": ""entropy""}",0.5766129032258065,0.6093821360996934,123,0.6422764227642277,2.9078656488798296,12.264989743987918,-0.1293947403523086,6.344719263792287,0.6219512195121951,0.6487685381355932,122,0.680327868852459,4.127814996669678,42.86040431134226,-0.18416825846208615,7.09966217624894,232.72416576695667
NVDA,learned_alpha_per_stock,random_forest,2,0.005,31415,"{""n_estimators"": ""62"", ""max_depth"": ""3"", ""criterion"": ""entropy""}",0.5766129032258065,0.6183206106870229,123,0.6422764227642277,2.7600102328884732,10.600939012150652,-0.16506499154191334,6.074926455149823,0.6138211382113821,0.6364539194915254,122,0.680327868852459,4.5001597369333455,58.96820507771514,-0.14348343795845753,7.979665402642224,410.9756911092978
NVDA,learned_alpha_per_stock,random_forest,5,0.01,42,"{""n_estimators"": ""52"", ""max_depth"": ""10"", ""criterion"": ""entropy""}",0.5877551020408164,0.5919302294013846,48,0.6875,3.148895973003369,622.4966446822897,-0.145752279627873,6.317838660103104,0.556910569105691,0.5558155080213903,49,0.6530612244897959,1.9849951251654314,119.20136852750628,-0.2590380567244568,3.753849094117575,460.1693281474189
NVDA,learned_alpha_per_stock,random_forest,5,0.01,7,"{""n_estimators"": ""500"", ""max_depth"": ""9"", ""criterion"": ""entropy""}",0.5755102040816327,0.599463825166282,48,0.6666666666666666,2.586334077233809,211.5182984629663,-0.15837529400910239,5.0573360945387815,0.5772357723577236,0.581951871657754,49,0.6530612244897959,2.704923310953319,721.8727890015825,-0.2590380567244568,4.914462136903491,2786.744149217622
NVDA,learned_alpha_per_stock,random_forest,5,0.01,1337,"{""n_estimators"": ""50"", ""max_depth"": ""8"", ""criterion"": ""gini""}",0.5877551020408164,0.6326184335550428,48,0.6458333333333334,2.581609679289087,209.54570648777988,-0.14575227962787307,5.035582601606924,0.540650406504065,0.5779411764705882,49,0.6122448979591837,2.09814897064097,160.24881564050193,-0.25903805672445684,3.933412828183884,618.6303961157387
NVDA,learned_alpha_per_stock,random_forest,5,0.01,2024,"{""n_estimators"": ""350"", ""max_depth"": ""7"", ""criterion"": ""entropy""}",0.5755102040816327,0.5985136419166553,48,0.6875,2.7184397109184184,274.77751858298194,-0.15837529400910247,5.155046837446623,0.5934959349593496,0.6019385026737968,49,0.673469387755102,3.0820056508067264,1719.6784833842416,-0.2590380567244568,5.210379585812157,6638.7097908686565
NVDA,learned_alpha_per_stock,random_forest,5,0.01,31415,"{""n_estimators"": ""500"", ""max_depth"": ""8"", ""criterion"": ""entropy""}",0.5673469387755102,0.5933894393918827,48,0.6666666666666666,2.586334077233809,211.5182984629663,-0.15837529400910239,5.0573360945387815,0.5894308943089431,0.572225935828877,49,0.6530612244897959,2.704923310953319,721.8727890015825,-0.2590380567244568,4.914462136903491,2786.744149217622
NVDA,learned_alpha_per_stock,random_forest,10,0.01,42,"{""n_estimators"": ""50"", ""max_depth"": ""13"", ""criterion"": ""entropy""}",0.5208333333333334,0.6058455433455433,23,0.6086956521739131,-0.1635382673252741,-0.9532272757538897,-0.49567875015099633,-0.18279313485425347,0.45121951219512196,0.5399305555555556,24,0.5416666666666666,-1.44245731871462,-0.9998364600747394,-0.5329393565683744,-2.223263571591946,-1.8760792344418713
NVDA,learned_alpha_per_stock,random_forest,10,0.01,7,"{""n_estimators"": ""138"", ""max_depth"": ""8"", ""criterion"": ""entropy""}",0.4875,0.6190857753357754,23,0.5652173913043478,-0.47145977982973447,-0.9930956414469372,-0.5764799687500932,-0.5516124471208432,0.45121951219512196,0.5364583333333333,24,0.4166666666666667,-2.3077121299092185,-0.9999961106787802,-0.6567522364662572,-3.1946161566467044,-1.522638302778217
NVDA,learned_alpha_per_stock,random_forest,10,0.01,1337,"{""n_estimators"": ""50"", ""max_depth"": ""19"", ""criterion"": ""entropy""}",0.5583333333333333,0.6253815628815629,23,0.6521739130434783,0.42444116617939703,0.8263212974258258,-0.42247564848035246,0.42898131067327944,0.491869918699187,0.5535416666666667,24,0.4166666666666667,-1.8127884362027855,-0.9999688872941925,-0.5815786767905339,-2.6697801086529926,-1.7194043165622275
NVDA,learned_alpha_per_stock,random_forest,10,0.01,2024,"{""n_estimators"": ""65"", ""max_depth"": ""5"", ""criterion"": ""entropy""}",0.5208333333333334,0.6223672161172161,23,0.6086956521739131,-0.1635382673252741,-0.9532272757538897,-0.49567875015099633,-0.18279313485425347,0.4796747967479675,0.6002777777777777,24,0.5416666666666666,-0.8050697639503964,-0.9962829881200217,-0.3880611089061295,-1.1192150934381084,-2.567335312029474
NVDA,learned_alpha_per_stock,random_forest,10,0.01,31415,"{""n_estimators"": ""467"", ""max_depth"": ""11"", ""criterion"": ""entropy""}",0.4875,0.6012667887667887,23,0.5652173913043478,-0.47145977982973447,-0.9930956414469372,-0.5764799687500932,-0.5516124471208432,0.43902439024390244,0.5427083333333333,24,0.4166666666666667,-2.3077121299092185,-0.9999961106787802,-0.6567522364662572,-3.1946161566467044,-1.522638302778217
NVDA,learned_alpha_global,random_forest,2,0.005,42,"{""n_estimators"": ""120"", ""max_depth"": ""3"", ""criterion"": ""gini""}",0.5725806451612904,0.6083382266588373,123,0.6260162601626016,2.6234062875387303,9.238127577097154,-0.1650649915419135,5.856077969648062,0.6138211382113821,0.6291710805084746,122,0.680327868852459,4.112788301958652,42.30123308212907,-0.18416825846208593,7.0859575080978345,229.68796814048974
NVDA,learned_alpha_global,random_forest,2,0.005,7,"{""n_estimators"": ""50"", ""max_depth"": ""5"", ""criterion"": ""gini""}",0.5645161290322581,0.5977360214001436,123,0.6260162601626016,2.7268009233550075,10.255129360729503,-0.1293947403523085,5.985507246381073,0.6178861788617886,0.6273834745762712,122,0.680327868852459,4.430137383436985,55.5977465649512,-0.15098335710992206,7.965884001314041,368.23758346076363
NVDA,learned_alpha_global,random_forest,2,0.005,1337,"{""n_estimators"": ""409"", ""max_depth"": ""3"", ""criterion"": ""entropy""}",0.5846774193548387,0.609545246949827,123,0.6504065040650406,3.145351457271026,15.404749746696261,-0.1293947403523086,6.885897488018199,0.6219512195121951,0.6472457627118643,122,0.680327868852459,4.127814996669678,42.86040431134226,-0.18416825846208615,7.09966217624894,232.72416576695667
NVDA,learned_alpha_global,random_forest,2,0.005,2024,"{""n_estimators"": ""462"", ""max_depth"": ""4"", ""criterion"": ""entropy""}",0.5846774193548387,0.59767077706009,123,0.6341463414634146,2.7403274688918033,10.39486121635062,-0.12939474035230852,6.039295481285874,0.6219512195121951,0.6514499470338984,122,0.680327868852459,4.112788301958652,42.30123308212907,-0.18416825846208593,7.0859575080978345,229.68796814048974
NVDA,learned_alpha_global,random_forest,2,0.005,31415,"{""n_estimators"": ""54"", ""max_depth"": ""3"", ""criterion"": ""entropy""}",0.5685483870967742,0.6165916356756052,123,0.6260162601626016,2.5529380517177307,8.594255192952122,-0.17374228210563641,5.682781236304264,0.6300813008130082,0.6154329978813559,122,0.6885245901639344,4.5143456515800855,59.6721028865562,-0.1434834379584573,8.020665850432035,415.8814685206598
NVDA,learned_alpha_global,random_forest,5,0.01,42,"{""n_estimators"": ""139"", ""max_depth"": ""10"", ""criterion"": ""entropy""}",0.5959183673469388,0.6181960092303516,48,0.6875,2.5348905371798818,190.76983915028688,-0.15837529400910244,5.145325629320274,0.5447154471544715,0.5655414438502674,49,0.6326530612244898,2.106366692020647,163.68191794082867,-0.2590380567244568,3.987075802572054,631.8836699541023
NVDA,learned_alpha_global,random_forest,5,0.01,7,"{""n_estimators"": ""89"", ""max_depth"": ""10"", ""criterion"": ""gini""}",0.5836734693877551,0.6069634858151215,48,0.6666666666666666,2.550346848555379,196.8034942380113,-0.18296108406705103,5.029403757528343,0.5487804878048781,0.5378008021390375,49,0.6326530612244898,1.6786046995038826,51.97852304777628,-0.2590380567244568,2.8690988924468743,200.65979379650273
NVDA,learned_alpha_global,random_forest,5,0.01,1337,"{""n_estimators"": ""55"", ""max_depth"": ""8"", ""criterion"": ""gini""}",0.6122448979591837,0.6338400977331343,48,0.6458333333333334,2.080074012386347,73.6001347484397,-0.1829610840670511,4.020498110957548,0.573170731707317,0.5810828877005347,49,0.6530612244897959,2.458367084882699,397.00551686234337,-0.25903805672445673,4.228415619829442,1532.6146354033415
NVDA,learned_alpha_global,random_forest,5,0.01,2024,"{""n_estimators"": ""144"", ""max_depth"": ""8"", ""criterion"": ""entropy""}",0.6040816326530613,0.6029591421202661,48,0.6875,2.7184397109184184,274.77751858298194,-0.15837529400910247,5.155046837446623,0.5691056910569106,0.5739304812834225,49,0.6122448979591837,2.5837721697407674,540.4320913542541,-0.25903805672445673,4.819524278322248,2086.303835768507
NVDA,learned_alpha_global,random_forest,5,0.01,31415,"{""n_estimators"": ""268"", ""max_depth"": ""8"", ""criterion"": ""gini""}",0.5918367346938775,0.6055382109406815,48,0.6875,2.3018626684089,117.92711452200534,-0.15837529400910255,4.321826337993366,0.556910569105691,0.5816510695187166,49,0.6326530612244898,1.5664517103731885,38.12070188633784,-0.25903805672445684,2.7583831644208994,147.16255351964548
NVDA,learned_alpha_global,random_forest,10,0.01,42,"{""n_estimators"": ""500"", ""max_depth"": ""10"", ""criterion"": ""entropy""}",0.5083333333333333,0.6130570818070818,23,0.5652173913043478,-0.47145977982973447,-0.9930956414469372,-0.5764799687500932,-0.5516124471208432,0.43089430894308944,0.5445486111111111,24,0.5,-2.1092365947705343,-0.9999913822088808,-0.6446610637392285,-3.2403091578592966,-1.5511893589611716
NVDA,learned_alpha_global,random_forest,10,0.01,7,"{""n_estimators"": ""50"", ""max_depth"": ""20"", ""criterion"": ""entropy""}",0.5291666666666667,0.6158806471306472,23,0.6521739130434783,0.7808490817880288,15.885989719843359,-0.4062078151370763,0.8350778499388088,0.5,0.5489930555555554,24,0.375,-1.9595235238806885,-0.9999834275720451,-0.5849193911514128,-2.8659235827728575,-1.7096089524465576
NVDA,learned_alpha_global,random_forest,10,0.01,1337,"{""n_estimators"": ""499"", ""max_depth"": ""12"", ""criterion"": ""entropy""}",0.5208333333333334,0.6133241758241758,23,0.5652173913043478,-0.47145977982973447,-0.9930956414469372,-0.5764799687500932,-0.5516124471208432,0.43089430894308944,0.5358333333333333,24,0.375,-2.514060235204602,-0.999998233500311,-0.6816067272212555,-3.42753622531442,-1.4671190784414059
NVDA,learned_alpha_global,random_forest,10,0.01,2024,"{""n_estimators"": ""272"", ""max_depth"": ""9"", ""criterion"": ""gini""}",0.5083333333333333,0.6048153235653235,23,0.5652173913043478,-0.47145977982973447,-0.9930956414469372,-0.5764799687500932,-0.5516124471208432,0.43089430894308944,0.5248263888888889,24,0.4583333333333333,-2.259360659114034,-0.9999952945599797,-0.6504684171091151,-3.301131252955975,-1.5373464233732843
NVDA,learned_alpha_global,random_forest,10,0.01,31415,"{""n_estimators"": ""51"", ""max_depth"": ""10"", ""criterion"": ""entropy""}",0.5708333333333333,0.6122557997557997,23,0.6086956521739131,0.3745787459652829,0.4154398349981785,-0.463561152930297,0.4329282839225643,0.5203252032520326,0.5577430555555555,24,0.5416666666666666,0.051275907894758686,-0.6642940592896828,-0.41948303480358473,0.07671126789136412,-1.5836017292111142
SPY,full_70_30,random_forest,2,0.0025,42,"{""n_estimators"": ""500"", ""max_depth"": ""3"", ""criterion"": ""entropy""}",0.5685483870967742,0.590359094457455,123,0.5121951219512195,-0.5322598613884065,-0.1548080933115683,-0.21225725593514352,-0.7950512244408635,0.4878048780487805,0.515897673188789,122,0.47540983606557374,-0.5045890279108863,-0.14186455683716226,-0.14975272617840932,-0.9141150926477553,-0.9473253706790659
SPY,full_70_30,random_forest,2,0.0025,7,"{""n_estimators"": ""333"", ""max_depth"": ""3"", ""criterion"": ""entropy""}",0.5806451612903226,0.5973198022378351,123,0.4959349593495935,-0.45673692189864384,-0.1366817432910582,-0.23714852429118222,-0.7188119825882634,0.5040650406504065,0.525713907985193,122,0.5081967213114754,0.02521620928617236,-0.010521850837041047,-0.1464172508264809,0.04505029780536233,-0.07186209806322953
SPY,full_70_30,random_forest,2,0.0025,1337,"{""n_estimators"": ""405"", ""max_depth"": ""3"", ""criterion"": ""gini""}",0.5685483870967742,0.5845368201925579,123,0.5121951219512195,-0.19288943447728937,-0.07039770114463484,-0.2145796543483287,-0.30376268891570546,0.4796747967479675,0.5142781597038604,122,0.5081967213114754,0.1715981650035709,0.02902393319463714,-0.1226697368455045,0.31958989108928726,0.23660222921315238
SPY,full_70_30,random_forest,2,0.0025,2024,"{""n_estimators"": ""293"", ""max_depth"": ""3"", ""criterion"": ""entropy""}",0.5645161290322581,0.5856752537080406,123,0.5203252032520326,-0.17982486398527522,-0.06699520638243217,-0.2122100493687285,-0.2801953591896106,0.47560975609756095,0.5035364886303543,122,0.48360655737704916,0.006423478176234506,-0.015482990184737089,-0.13397811763952383,0.011905343147137159,-0.11556357454129192
SPY,full_70_30,random_forest,2,0.0025,31415,"{""n_estimators"": ""496"", ""max_depth"": ""3"", ""criterion"": ""entropy""}",0.5685483870967742,0.5810889929742389,123,0.4878048780487805,-0.51193137725277,-0.14994777446238294,-0.2371485242911824,-0.8091364978942277,0.5,0.5027432575356954,122,0.5,0.1524855611183019,0.023779179633743208,-0.11186001476542487,0.2830086660246773,0.2125798005981775
SPY,full_70_30,random_forest,5,0.005,42,"{""n_estimators"": ""50"", ""max_depth"": ""3"", ""criterion"": ""entropy""}",0.563265306122449,0.5989333333333333,48,0.4791666666666667,-0.3987289145731438,-0.2562599232088725,-0.12192776505646505,-0.6154919836319588,0.5609756097560976,0.6331411912807262,49,0.4489795918367347,-0.7534883909614529,-0.442323822015976,-0.1221147531940136,-1.0891910323143057,-3.6221980591748837
SPY,full_70_30,random_forest,5,0.005,7,"{""n_estimators"": ""500"", ""max_depth"": ""3"", ""criterion"": ""entropy""}",0.5142857142857142,0.5710333333333333,48,0.4583333333333333,-0.7272241175715088,-0.39767549834288163,-0.13496749154391213,-1.1496423733940484,0.516260162601626,0.5997482276552043,49,0.40816326530612246,-1.1216073494556857,-0.5690905930276531,-0.15632680467344304,-1.6646865544710256,-3.6403903618221323
SPY,full_70_30,random_forest,5,0.005,1337,"{""n_estimators"": ""245"", ""max_depth"": ""3"", ""criterion"": ""gini""}",0.4897959183673469,0.5860666666666667,48,0.4375,-0.7822799091585372,-0.4184999147353844,-0.14074550979791434,-1.239462777530467,0.4959349593495935,0.6244947989134036,49,0.40816326530612246,-1.1216073494556857,-0.5690905930276531,-0.15632680467344304,-1.6646865544710256,-3.6403903618221323
SPY,full_70_30,random_forest,5,0.005,2024,"{""n_estimators"": ""329"", ""max_depth"": ""3"", ""criterion"": ""gini""}",0.5224489795918368,0.5794000000000001,48,0.4166666666666667,-0.9866473667058696,-0.48939640604207935,-0.16176382791721272,-1.5883686026418455,0.508130081300813,0.6038229642880806,49,0.40816326530612246,-1.1216073494556857,-0.5690905930276531,-0.15632680467344304,-1.6646865544710256,-3.6403903618221323
SPY,full_70_30,random_forest,5,0.005,31415,"{""n_estimators"": ""142"", ""max_depth"": ""3"", ""criterion"": ""entropy""}",0.5387755102040817,0.5697,48,0.5208333333333334,0.17986197971944606,0.07894153694567652,-0.09636847403665996,0.2708821530626314,0.524390243902439,0.5932220234545815,49,0.42857142857142855,-0.867707577099411,-0.4854194439333719,-0.12670780567833428,-1.2706850234666762,-3.8310145245958873
SPY,full_70_30,random_forest,10,0.01,42,"{""n_estimators"": ""50"", ""max_depth"": ""9"", ""criterion"": ""gini""}",0.5291666666666667,0.5798688616071428,23,0.6086956521739131,1.088604451284253,2.401846413763312,-0.058643508360043534,1.7787471178149143,0.483739837398374,0.5330361301483798,24,0.4166666666666667,0.2769292545957302,0.28898251029484845,-0.05283684853847706,0.6319886845413938,5.46933661428358
SPY,full_70_30,random_forest,10,0.01,7,"{""n_estimators"": ""123"", ""max_depth"": ""8"", ""criterion"": ""gini""}",0.5166666666666667,0.5777064732142857,23,0.5652173913043478,0.7122907676995139,1.2081206083663778,-0.058643508360043534,1.2464809782582915,0.4878048780487805,0.5142724066804178,24,0.2916666666666667,-1.5751210678527183,-0.8352411054183679,-0.15547832743970794,-2.8580130959438184,-5.372074160897192
SPY,full_70_30,random_forest,10,0.01,1337,"{""n_estimators"": ""308"", ""max_depth"": ""15"", ""criterion"": ""gini""}",0.5208333333333334,0.5633370535714286,23,0.5652173913043478,0.6977680566942996,1.1707141671554813,-0.06419052572365816,1.2203737551844185,0.4878048780487805,0.5245525317719076,24,0.375,-0.4945577867393988,-0.4665424912709031,-0.13381482757003918,-0.9054924808530499,-3.4864782905071787
SPY,full_70_30,random_forest,10,0.01,2024,"{""n_estimators"": ""500"", ""max_depth"": ""9"", ""criterion"": ""gini""}",0.49583333333333335,0.5614885602678571,23,0.5217391304347826,0.3366431830392134,0.40899914469283005,-0.06419052572365816,0.6237524627037754,0.491869918699187,0.5276798190165679,24,0.2916666666666667,-1.5751210678527183,-0.8352411054183679,-0.15547832743970794,-2.8580130959438184,-5.372074160897192
SPY,full_70_30,random_forest,10,0.01,31415,"{""n_estimators"": ""52"", ""max_depth"": ""17"", ""criterion"": ""gini""}",0.5458333333333333,0.5685686383928572,23,0.6086956521739131,1.6836855056625943,5.410678756403498,-0.045473094277862065,4.4429291510017555,0.5,0.5101137800252844,24,0.3333333333333333,-0.9967985465996757,-0.6960722865937132,-0.13381482757003918,-1.8212242798927272,-5.201757527426372
SPY,equal_50_50,random_forest,2,0.0025,42,"{""n_estimators"": ""58"", ""max_depth"": ""18"", ""criterion"": ""entropy""}",0.5564516129032258,0.5772183190215977,123,0.5284552845528455,-0.554682371627012,-0.16012790707611446,-0.21570595231957604,-0.7991674709901377,0.4878048780487805,0.5128239026969857,122,0.5737704918032787,0.4075593731762554,0.09575053270299883,-0.12475912834270292,0.6079895124978616,0.7674831811903984
SPY,equal_50_50,random_forest,2,0.0025,7,"{""n_estimators"": ""51"", ""max_depth"": ""3"", ""criterion"": ""entropy""}",0.5483870967741935,0.5749414519906323,123,0.5365853658536586,0.6809686714604076,0.18522015159537264,-0.08212711668369721,1.0819680705378911,0.516260162601626,0.5083950290851401,122,0.5491803278688525,0.6450625612002664,0.16694213277692604,-0.1714506279448751,0.9762329885064319,0.9737038281982926
SPY,equal_50_50,random_forest,2,0.0025,1337,"{""n_estimators"": ""51"", ""max_depth"": ""17"", ""criterion"": ""entropy""}",0.5645161290322581,0.5700624512099921,123,0.5203252032520326,-0.7438762346007768,-0.2035599127935913,-0.18702324674923146,-1.0624013325338264,0.47560975609756095,0.5144103648863037,122,0.5573770491803278,-0.33960772951766277,-0.10296195681798048,-0.13020540697588281,-0.5029566464809097,-0.790765600364442
SPY,equal_50_50,random_forest,2,0.0025,2024,"{""n_estimators"": ""358"", ""max_depth"": ""20"", ""criterion"": ""entropy""}",0.5403225806451613,0.5670049440541244,123,0.5040650406504065,-0.7253489496858585,-0.19939222534088852,-0.14663076172914535,-1.0793333780296344,0.483739837398374,0.5051560021152829,122,0.5573770491803278,0.7128929588540903,0.18805428819171177,-0.08761645375043778,1.1739331962560708,2.146335307376808
SPY,equal_50_50,random_forest,2,0.0025,31415,"{""n_estimators"": ""50"", ""max_depth"": ""20"", ""criterion"": ""gini""}",0.5806451612903226,0.6012230028623472,123,0.5203252032520326,-0.6930859250807702,-0.19211645428951307,-0.13551226568520044,-1.0180497805847817,0.5,0.5050237969328397,122,0.5819672131147541,1.1713608196632699,0.3392419495382226,-0.10242348086319267,1.8252861675647225,3.312150169855573
SPY,equal_50_50,random_forest,5,0.005,42,"{""n_estimators"": ""495"", ""max_depth"": ""3"", ""criterion"": ""entropy""}",0.5428571428571428,0.5842333333333334,48,0.5416666666666666,0.2535660436847724,0.1309871146759971,-0.14212778517167787,0.37428870958289584,0.524390243902439,0.6190949446763401,49,0.4489795918367347,-0.4088793628591928,-0.28803578062877266,-0.10614401264548518,-0.6085088075791449,-2.7136319180884505
SPY,equal_50_50,random_forest,5,0.005,7,"{""n_estimators"": ""366"", ""max_depth"": ""3"", ""criterion"": ""gini""}",0.5061224489795918,0.5845999999999999,48,0.5,-0.16814098587580895,-0.13720103543601792,-0.10160077576446007,-0.25943824313219466,0.524390243902439,0.5878552971576227,49,0.4489795918367347,-0.4088793628591928,-0.28803578062877266,-0.10614401264548518,-0.6085088075791449,-2.7136319180884505
SPY,equal_50_50,random_forest,5,0.005,1337,"{""n_estimators"": ""500"", ""max_depth"": ""3"", ""criterion"": ""entropy""}",0.5510204081632653,0.5864999999999999,48,0.5208333333333334,-0.0961518568608231,-0.0962145838653723,-0.09636847403665999,-0.15758081212642736,0.5447154471544715,0.5966673292254688,49,0.4489795918367347,-0.7537683737336949,-0.4424339642221635,-0.12214846946366045,-1.0897139144400951,-3.622099942511265
SPY,equal_50_50,random_forest,5,0.005,2024,"{""n_estimators"": ""362"", ""max_depth"": ""3"", ""criterion"": ""gini""}",0.5510204081632653,0.5818666666666668,48,0.5416666666666666,0.1264622040328093,0.042724021286737024,-0.09636847403666007,0.20232331479965882,0.524390243902439,0.6028953819651494,49,0.42857142857142855,-0.867707577099411,-0.4854194439333719,-0.12670780567833428,-1.2706850234666762,-3.8310145245958873
SPY,equal_50_50,random_forest,5,0.005,31415,"{""n_estimators"": ""50"", ""max_depth"": ""3"", ""criterion"": ""gini""}",0.6,0.6002,48,0.6041666666666666,2.447960958275599,3.1230832747014015,-0.05705673179875395,5.32050086131458,0.5772357723577236,0.6125356125356126,49,0.5918367346938775,0.8238623309700271,0.6964202705062947,-0.13087453081889935,1.0831471131940924,5.321281888452249
SPY,equal_50_50,random_forest,10,0.01,42,"{""n_estimators"": ""50"", ""max_depth"": ""7"", ""criterion"": ""entropy""}",0.5541666666666667,0.5794852120535715,23,0.5652173913043478,0.8200421507197011,1.5042682931993463,-0.08159255709737138,1.3792483721793298,0.5528455284552846,0.5652072659524918,24,0.4583333333333333,0.40984276069684356,0.49774752035994885,-0.07857646445804367,0.9469388432426409,6.334562439185894
SPY,equal_50_50,random_forest,10,0.01,7,"{""n_estimators"": ""240"", ""max_depth"": ""15"", ""criterion"": ""entropy""}",0.5708333333333333,0.5824148995535713,23,0.5652173913043478,1.0945989482025258,2.427068188598467,-0.07085461139704713,2.8480411067876417,0.508130081300813,0.5384257102934327,24,0.4583333333333333,-0.22121651222391217,-0.2709236480795578,-0.12488964821700353,-0.40583699827783243,-2.169304277395442
SPY,equal_50_50,random_forest,10,0.01,1337,"{""n_estimators"": ""50"", ""max_depth"": ""15"", ""criterion"": ""entropy""}",0.5625,0.5782296316964286,23,0.6086956521739131,1.1760509273957513,2.751599305034637,-0.06315011963466452,3.216227134777923,0.524390243902439,0.5393239736509415,24,0.5,0.6107858583793583,0.8742293856009391,-0.05093955343180366,1.4024274056333226,17.16209363262933
SPY,equal_50_50,random_forest,10,0.01,2024,"{""n_estimators"": ""50"", ""max_depth"": ""9"", ""criterion"": ""entropy""}",0.5458333333333333,0.579345703125,23,0.6086956521739131,1.4239593264697779,3.9046114846489735,-0.05090335893835793,3.7588074068670636,0.483739837398374,0.5189633375474083,24,0.375,-0.627042496318474,-0.5409703569776185,-0.15735382781426116,-1.1730353255444075,-3.43792308386787
SPY,equal_50_50,random_forest,10,0.01,31415,"{""n_estimators"": ""50"", ""max_depth"": ""17"", ""criterion"": ""gini""}",0.5791666666666667,0.5843331473214287,23,0.5652173913043478,0.9637000276200233,1.956096693097908,-0.05589967077310918,2.3471619675072986,0.4878048780487805,0.521757934659658,24,0.4583333333333333,0.11142073681994669,0.06761959456212319,-0.05093955343180366,0.2553143223240384,1.3274477298402363
SPY,news_only,random_forest,2,0.0025,42,"{""n_estimators"": ""51"", ""max_depth"": ""5"", ""criterion"": ""entropy""}",0.5241935483870968,0.584992193598751,123,0.4634146341463415,-0.9461523825295174,-0.24744126584448167,-0.17116064322494634,-1.5003625277518995,0.524390243902439,0.5249206768905341,122,0.4672131147540984,-0.8907152983932686,-0.2266274075716629,-0.17205650009813486,-1.572836527928778,-1.317168531513792
SPY,news_only,random_forest,2,0.0025,7,"{""n_estimators"": ""288"", ""max_depth"": ""3"", ""criterion"": ""gini""}",0.5766129032258065,0.5813492063492064,123,0.5040650406504065,0.04362519930744684,-0.006807485983597483,-0.21600047614506612,0.07251226149541697,0.5,0.5222765732416711,122,0.45081967213114754,-0.740220036095816,-0.1946369280176372,-0.15398349838136302,-1.34471426632674,-1.264011599058426
SPY,news_only,random_forest,2,0.0025,1337,"{""n_estimators"": ""500"", ""max_depth"": ""3"", ""criterion"": ""gini""}",0.5362903225806451,0.5718514181628936,123,0.43902439024390244,-0.924063202287866,-0.24274662399106162,-0.19307694111440535,-1.5528567478720545,0.5121951219512195,0.523532522474881,122,0.45901639344262296,-0.9433359748969461,-0.23749996495763048,-0.1795846693558406,-1.6748162905493416,-1.3224957665346855
SPY,news_only,random_forest,2,0.0025,2024,"{""n_estimators"": ""438"", ""max_depth"": ""3"", ""criterion"": ""gini""}",0.532258064516129,0.5696070778037992,123,0.4634146341463415,-0.4479967670958965,-0.1345425849258347,-0.1961805244982812,-0.7562275273993545,0.516260162601626,0.5205579058699101,122,0.4426229508196721,-1.2963050309854267,-0.30645296221968044,-0.21638058103569804,-2.3267431905823024,-1.416268321088954
SPY,news_only,random_forest,2,0.0025,31415,"{""n_estimators"": ""53"", ""max_depth"": ""3"", ""criterion"": ""gini""}",0.5362903225806451,0.5719164715066354,123,0.4715447154471545,-0.8548892621773764,-0.22792303201363728,-0.1887215690911562,-1.413081342639642,0.524390243902439,0.5309029613960867,122,0.4918032786885246,-0.24841441846340984,-0.08060774223109102,-0.12084367965054751,-0.4478341263616595,-0.6670414411758258
SPY,news_only,random_forest,5,0.005,42,"{""n_estimators"": ""50"", ""max_depth"": ""4"", ""criterion"": ""gini""}",0.47346938775510206,0.5703333333333334,48,0.4166666666666667,-1.2722212529947377,-0.573362406527216,-0.1626084149861212,-2.0580544203177435,0.4878048780487805,0.5894123103425429,49,0.4489795918367347,-0.7736434568773435,-0.4501934594757363,-0.15192210510345605,-1.1234381859851568,-2.963317676312892
SPY,news_only,random_forest,5,0.005,7,"{""n_estimators"": ""433"", ""max_depth"": ""3"", ""criterion"": ""entropy""}",0.4857142857142857,0.5694,48,0.375,-1.9668123349571052,-0.7203667072695666,-0.19411720284194292,-3.2272378564651767,0.508130081300813,0.6076326774001193,49,0.46938775510204084,-0.6600461016192043,-0.4042653776347761,-0.15192210510345605,-0.9458240718311641,-2.6610043177026745
SPY,news_only,random_forest,5,0.005,1337,"{""n_estimators"": ""50"", ""max_depth"": ""3"", ""criterion"": ""entropy""}",0.4775510204081633,0.5884666666666667,48,0.3333333333333333,-2.578585914330172,-0.8027803003286494,-0.2459166515710959,-4.238294143839137,0.508130081300813,0.5924600808321738,49,0.46938775510204084,-0.6600461016192043,-0.4042653776347761,-0.15192210510345605,-0.9458240718311641,-2.6610043177026745
SPY,news_only,random_forest,5,0.005,2024,"{""n_estimators"": ""51"", ""max_depth"": ""8"", ""criterion"": ""entropy""}",0.4775510204081633,0.5657333333333333,48,0.3541666666666667,-2.3442311707740884,-0.7752345778541843,-0.2588375188873981,-3.5910487021738597,0.5040650406504065,0.6097197376267144,49,0.46938775510204084,-0.5603795589716152,-0.36069030938198676,-0.15192210510345605,-0.7996187586766368,-2.3741792488747016
SPY,news_only,random_forest,5,0.005,31415,"{""n_estimators"": ""85"", ""max_depth"": ""3"", ""criterion"": ""entropy""}",0.4897959183673469,0.5813333333333333,48,0.3541666666666667,-2.0266317474888846,-0.7300345858117887,-0.19950012830086775,-3.314889512927985,0.516260162601626,0.6048168024912212,49,0.46938775510204084,-0.6600461016192043,-0.4042653776347761,-0.15192210510345605,-0.9458240718311641,-2.6610043177026745
SPY,news_only,random_forest,10,0.01,42,"{""n_estimators"": ""50"", ""max_depth"": ""6"", ""criterion"": ""gini""}",0.4875,0.5592564174107143,23,0.4782608695652174,-0.3081220575809865,-0.36128238281353486,-0.15324669189137086,-0.5441121446883819,0.491869918699187,0.6069266085567901,24,0.3333333333333333,-1.0711529567140023,-0.719790659095443,-0.1450916487246435,-1.9515597999348613,-4.960937899751002
SPY,news_only,random_forest,10,0.01,7,"{""n_estimators"": ""50"", ""max_depth"": ""3"", ""criterion"": ""entropy""}",0.48333333333333334,0.5532575334821428,23,0.391304347826087,-0.642158540619789,-0.575147137401499,-0.12639174344360404,-1.2959363659294363,0.508130081300813,0.5941513074722203,24,0.375,-0.23212868054964106,-0.2796686115797903,-0.07857646445804367,-0.5186686454352675,-3.5591905732679137
SPY,news_only,random_forest,10,0.01,1337,"{""n_estimators"": ""499"", ""max_depth"": ""5"", ""criterion"": ""entropy""}",0.49583333333333335,0.5480608258928572,23,0.5652173913043478,0.18954596641663074,0.17742015514808895,-0.11523138329898219,0.3083355493404932,0.491869918699187,0.5876638498902123,24,0.375,-0.23212868054964106,-0.2796686115797903,-0.07857646445804367,-0.5186686454352675,-3.5591905732679137
SPY,news_only,random_forest,10,0.01,2024,"{""n_estimators"": ""52"", ""max_depth"": ""3"", ""criterion"": ""entropy""}",0.49583333333333335,0.5625,23,0.5217391304347826,0.083824522351334,0.034447432409224765,-0.11523138329898219,0.14153682087440903,0.4959349593495935,0.5912569033202475,24,0.375,-0.23212868054964106,-0.2796686115797903,-0.07857646445804367,-0.5186686454352675,-3.5591905732679137
SPY,news_only,random_forest,10,0.01,31415,"{""n_estimators"": ""53"", ""max_depth"": ""4"", ""criterion"": ""gini""}",0.4791666666666667,0.5495256696428572,23,0.6086956521739131,0.6427549748359791,1.0336765696790766,-0.08223120376415309,1.004886421391838,0.5040650406504065,0.5767516135471422,24,0.375,-0.23212868054964106,-0.2796686115797903,-0.07857646445804367,-0.5186686454352675,-3.5591905732679137
SPY,social_only,random_forest,2,0.0025,42,"{""n_estimators"": ""347"", ""max_depth"": ""3"", ""criterion"": ""entropy""}",0.5403225806451613,0.5672651574290919,123,0.5203252032520326,-0.40111122635158075,-0.12312171174215236,-0.124699703655268,-0.6094445045715777,0.4959349593495935,0.4892913802221047,122,0.4426229508196721,-2.121649758171273,-0.44290979915600126,-0.2596487632354816,-3.3429991913120403,-1.7058036157650245
SPY,social_only,random_forest,2,0.0025,7,"{""n_estimators"": ""229"", ""max_depth"": ""3"", ""criterion"": ""entropy""}",0.5564516129032258,0.5803408795212074,123,0.5447154471544715,-0.0926736849827161,-0.04397365670213027,-0.10097239462497694,-0.14017566723196437,0.4878048780487805,0.5113365943945003,122,0.4180327868852459,-2.1016586373119313,-0.43997715510523294,-0.25776449643783467,-3.3724831500812678,-1.7068958727267651
SPY,social_only,random_forest,2,0.0025,1337,"{""n_estimators"": ""50"", ""max_depth"": ""3"", ""criterion"": ""entropy""}",0.5403225806451613,0.5702250845693468,123,0.5365853658536586,-0.4549992805130791,-0.13627746969235255,-0.12121921010335593,-0.6961762313041576,0.483739837398374,0.49514145954521416,122,0.4918032786885246,-0.7433316217052306,-0.1953736968462848,-0.16066558588101493,-1.1287443705345894,-1.216027040109099
SPY,social_only,random_forest,2,0.0025,2024,"{""n_estimators"": ""50"", ""max_depth"": ""3"", ""criterion"": ""entropy""}",0.5362903225806451,0.571656258131668,123,0.5772357723577236,0.7779317190086158,0.21719482872037377,-0.06521201162053722,1.2008965872935986,0.508130081300813,0.5005949233209943,122,0.5409836065573771,1.0808111860190968,0.30813872476958504,-0.12865891437034346,1.6797913786333067,2.395004856660073
SPY,social_only,random_forest,2,0.0025,31415,"{""n_estimators"": ""376"", ""max_depth"": ""3"", ""criterion"": ""entropy""}",0.5362903225806451,0.5651183970856102,123,0.5121951219512195,-0.7277575640588986,-0.19991783517899475,-0.15344255114831426,-1.1244440144089751,0.508130081300813,0.48390401903754626,122,0.45901639344262296,-1.6568546143186664,-0.370139116597629,-0.22122119536495424,-2.6088365728049716,-1.6731629895905817
SPY,social_only,random_forest,5,0.005,42,"{""n_estimators"": ""55"", ""max_depth"": ""3"", ""criterion"": ""gini""}",0.5387755102040817,0.5781666666666667,48,0.4583333333333333,-0.12621080281720654,-0.11346258858760538,-0.11983537461700283,-0.21979270333517203,0.5487804878048781,0.5805340223944875,49,0.5714285714285714,1.698387147215132,2.033504235924105,-0.05738063595158281,3.288113231801454,35.438858461588936
SPY,social_only,random_forest,5,0.005,7,"{""n_estimators"": ""217"", ""max_depth"": ""3"", ""criterion"": ""gini""}",0.5714285714285714,0.5946,48,0.4583333333333333,-0.5729012617089152,-0.33496738395600734,-0.10736411885794178,-0.9879512659556503,0.4959349593495935,0.5739415623136552,49,0.4897959183673469,0.49857695772643046,0.354200146711114,-0.06935087634242801,0.846898424564332,5.1073636757264556
SPY,social_only,random_forest,5,0.005,1337,"{""n_estimators"": ""500"", ""max_depth"": ""3"", ""criterion"": ""gini""}",0.5510204081632653,0.5857666666666667,48,0.3958333333333333,-0.7850475529024247,-0.41944704167879754,-0.12723142057306797,-1.366497334298605,0.5650406504065041,0.5895779500430663,49,0.6122448979591837,1.7841114665896776,2.2017658631228834,-0.049371984071210934,2.649595221829899,44.59545032557735
SPY,social_only,random_forest,5,0.005,2024,"{""n_estimators"": ""240"", ""max_depth"": ""3"", ""criterion"": ""entropy""}",0.563265306122449,0.5962000000000001,48,0.4375,-0.43664957822411027,-0.27413389227900087,-0.12897094798248898,-0.7158752105064629,0.5609756097560976,0.5737427946730272,49,0.5918367346938775,2.3858268004645242,3.6146422998769827,-0.055739482104920454,4.69251183220534,64.84886768544082
SPY,social_only,random_forest,5,0.005,31415,"{""n_estimators"": ""300"", ""max_depth"": ""3"", ""criterion"": ""gini""}",0.5306122448979592,0.5666000000000001,48,0.3958333333333333,-1.253154586431562,-0.5682294781847559,-0.1726271273479131,-2.075122548045034,0.5650406504065041,0.582587954680978,49,0.5918367346938775,2.3858268004645242,3.6146422998769827,-0.055739482104920454,4.69251183220534,64.84886768544082
SPY,social_only,random_forest,10,0.01,42,"{""n_estimators"": ""55"", ""max_depth"": ""3"", ""criterion"": ""entropy""}",0.5333333333333333,0.5872628348214286,23,0.391304347826087,-0.227960727446776,-0.29492318087292957,-0.09208979603939456,-0.4340234388744341,0.5203252032520326,0.6194024885221905,24,0.4166666666666667,-0.174775955866642,-0.23072760928867064,-0.07857646445804367,-0.39850112798978005,-2.9363450096672254
SPY,social_only,random_forest,10,0.01,7,"{""n_estimators"": ""50"", ""max_depth"": ""7"", ""criterion"": ""gini""}",0.5125,0.5831821986607143,23,0.5217391304347826,0.7227828266403014,1.2369413865763623,-0.06016528621540834,1.914106692840777,0.491869918699187,0.5868653935724266,24,0.4166666666666667,-0.32709827966078503,-0.3540121094641139,-0.08825510205028513,-0.6804837862991211,-4.01123675844155
SPY,social_only,random_forest,10,0.01,1337,"{""n_estimators"": ""496"", ""max_depth"": ""3"", ""criterion"": ""entropy""}",0.49583333333333335,0.57568359375,23,0.4782608695652174,0.13916519404138736,0.10731348976685262,-0.08159255709737127,0.24962694736964688,0.4959349593495935,0.6046975846696387,24,0.4166666666666667,-0.174775955866642,-0.23072760928867064,-0.07857646445804367,-0.39850112798978005,-2.9363450096672254
SPY,social_only,random_forest,10,0.01,2024,"{""n_estimators"": ""188"", ""max_depth"": ""3"", ""criterion"": ""entropy""}",0.5333333333333333,0.5810895647321428,23,0.5217391304347826,0.7227828266403014,1.2369413865763623,-0.06016528621540834,1.914106692840777,0.5040650406504065,0.6132144520593519,24,0.4166666666666667,-0.174775955866642,-0.23072760928867064,-0.07857646445804367,-0.39850112798978005,-2.9363450096672254
SPY,social_only,random_forest,10,0.01,31415,"{""n_estimators"": ""50"", ""max_depth"": ""4"", ""criterion"": ""gini""}",0.5541666666666667,0.5891810825892857,23,0.4782608695652174,0.8522921412167865,1.6014250051056962,-0.0709074351742892,2.2209294923861465,0.5203252032520326,0.6016035664382193,24,0.4583333333333333,0.34598363418638894,0.39374121599554046,-0.07857646445804367,0.8057534581027364,5.010930673850575
SPY,sentiment_only,random_forest,2,0.0025,42,"{""n_estimators"": ""383"", ""max_depth"": ""3"", ""criterion"": ""gini""}",0.4838709677419355,0.49365729898516786,123,0.4065040650406504,-2.6648143598908907,-0.530885329556281,-0.3981106938325045,-4.133569591252551,0.491869918699187,0.4899524061343205,122,0.4262295081967213,-1.9344316383966744,-0.4147465315864127,-0.2473204648037657,-3.6584512694842557,-1.6769600199299715
SPY,sentiment_only,random_forest,2,0.0025,7,"{""n_estimators"": ""51"", ""max_depth"": ""6"", ""criterion"": ""entropy""}",0.5,0.5322014051522247,123,0.4634146341463415,-1.8289233630414063,-0.4113736906326019,-0.35443149266986923,-2.8900583949319696,0.540650406504065,0.5327868852459017,122,0.5327868852459017,0.34253324305071137,0.0770337988188825,-0.09944734712663561,0.6281529020220814,0.7746189420295764
SPY,sentiment_only,random_forest,2,0.0025,1337,"{""n_estimators"": ""320"", ""max_depth"": ""3"", ""criterion"": ""gini""}",0.4959677419354839,0.4972027062190997,123,0.44715447154471544,-1.966753430816821,-0.43329350012295176,-0.3658713964756699,-2.846130506438713,0.5,0.48287942887361185,122,0.4344262295081967,-1.894134490396133,-0.40848780741371893,-0.24343432826083783,-3.586141194073781,-1.6780205582839067
SPY,sentiment_only,random_forest,2,0.0025,2024,"{""n_estimators"": ""159"", ""max_depth"": ""3"", ""criterion"": ""entropy""}",0.5080645161290323,0.5003903200624511,123,0.4634146341463415,-1.5827154349638184,-0.36992174967742797,-0.3483646325648472,-2.3844051322672986,0.5,0.4996694870438921,122,0.4426229508196721,-1.6798231862935942,-0.37392628289945773,-0.22234662572228542,-3.165783346856276,-1.6817268158883498
SPY,sentiment_only,random_forest,2,0.0025,31415,"{""n_estimators"": ""51"", ""max_depth"": ""3"", ""criterion"": ""gini""}",0.5040322580645161,0.5150273224043715,123,0.45528455284552843,-1.8994613292369145,-0.42272199641696095,-0.3658713964756699,-2.738500099213343,0.4796747967479675,0.49372025383395035,122,0.4344262295081967,-1.8544069901839946,-0.4022442832845532,-0.23957870769885822,-3.4943389817715684,-1.6789650764380937
SPY,sentiment_only,random_forest,5,0.005,42,"{""n_estimators"": ""50"", ""max_depth"": ""9"", ""criterion"": ""gini""}",0.5306122448979592,0.5268,48,0.5625,1.3558196126785282,1.2405307158601149,-0.06362124840444489,2.3101252484600385,0.45934959349593496,0.49092294441131656,49,0.4897959183673469,0.6173117452441376,0.4711013836126323,-0.08126200511800018,1.0078121974573586,5.797314291328995
SPY,sentiment_only,random_forest,5,0.005,7,"{""n_estimators"": ""94"", ""max_depth"": ""10"", ""criterion"": ""entropy""}",0.5224489795918368,0.5248,48,0.5833333333333334,1.446056335391427,1.3633919787401627,-0.06754120858450874,2.4183075335252893,0.4796747967479675,0.4864506724971841,49,0.4897959183673469,0.11874229968763265,0.03611497347480275,-0.12231750905780116,0.19181606875456006,0.29525595928982346
SPY,sentiment_only,random_forest,5,0.005,1337,"{""n_estimators"": ""50"", ""max_depth"": ""8"", ""criterion"": ""entropy""}",0.5346938775510204,0.5315,48,0.5416666666666666,0.8429296434158738,0.6402200877167745,-0.0804289136247163,1.343919051618867,0.4796747967479675,0.4838004372888094,49,0.5102040816326531,0.24195877110862127,0.13018781379449784,-0.07981179904087621,0.3400576228778445,1.6311850548290634
SPY,sentiment_only,random_forest,5,0.005,2024,"{""n_estimators"": ""50"", ""max_depth"": ""12"", ""criterion"": ""gini""}",0.5306122448979592,0.5340666666666667,48,0.5625,1.127924019790145,0.9539013582625919,-0.08820859991874147,1.9511624327692467,0.483739837398374,0.5026502352083748,49,0.5306122448979592,0.9656586627740913,0.8698892031030185,-0.08126200511800034,1.5168430494732195,10.704746970491987
SPY,sentiment_only,random_forest,5,0.005,31415,"{""n_estimators"": ""415"", ""max_depth"": ""19"", ""criterion"": ""gini""}",0.5102040816326531,0.5213,48,0.5208333333333334,0.34796188663473515,0.2014164344343461,-0.1016152871719826,0.5864472927125922,0.491869918699187,0.5070231233021931,49,0.5510204081632653,1.2649387969697488,1.2877392012975846,-0.09476040913271942,2.3698379651960018,13.589422134026504
SPY,sentiment_only,random_forest,10,0.01,42,"{""n_estimators"": ""51"", ""max_depth"": ""15"", ""criterion"": ""gini""}",0.5166666666666667,0.5368303571428571,23,0.5652173913043478,1.1785884618700038,2.7623040378494776,-0.0585385861908672,3.311599601633268,0.45934959349593496,0.5090491716015704,24,0.4583333333333333,0.5154293754076235,0.6852168449432419,-0.0611621036645799,0.9411751204221663,11.203290990464469
SPY,sentiment_only,random_forest,10,0.01,7,"{""n_estimators"": ""335"", ""max_depth"": ""8"", ""criterion"": ""entropy""}",0.5125,0.5367257254464285,23,0.4782608695652174,0.1797184199753453,0.16374764111442452,-0.07186453767089314,0.3343661567281416,0.4634146341463415,0.4653004191895668,24,0.4166666666666667,0.38904798858214484,0.4626132129667271,-0.06842807069166824,0.7294965522834114,6.760576592188716
SPY,sentiment_only,random_forest,10,0.01,1337,"{""n_estimators"": ""52"", ""max_depth"": ""20"", ""criterion"": ""gini""}",0.5041666666666667,0.5344587053571428,23,0.5652173913043478,1.1785884618700038,2.7623040378494776,-0.0585385861908672,3.311599601633268,0.5121951219512195,0.5104464701576952,24,0.375,-0.7435687393726244,-0.5975055664784298,-0.14200287170631426,-1.2583272644561752,-4.2077005859020336
SPY,sentiment_only,random_forest,10,0.01,2024,"{""n_estimators"": ""499"", ""max_depth"": ""6"", ""criterion"": ""gini""}",0.49166666666666664,0.5252162388392858,23,0.43478260869565216,-0.40582789495573757,-0.43338992664983034,-0.13087400512095665,-0.7438782266014982,0.4634146341463415,0.4539889546876039,24,0.2916666666666667,-1.5920020856130956,-0.8380892020950431,-0.2132791046972757,-2.548949177563538,-3.929542011556223
SPY,sentiment_only,random_forest,10,0.01,31415,"{""n_estimators"": ""174"", ""max_depth"": ""14"", ""criterion"": ""gini""}",0.49583333333333335,0.5266113281250001,23,0.5217391304347826,0.868136849308129,1.6495986339791981,-0.08818964567180838,2.597694537352808,0.4796747967479675,0.49770443808636633,24,0.4166666666666667,-0.14188405339543878,-0.20155156837655852,-0.08416354031947995,-0.24609039651089562,-2.3947610522499456
SPY,technical_only,random_forest,2,0.0025,42,"{""n_estimators"": ""500"", ""max_depth"": ""3"", ""criterion"": ""gini""}",0.5645161290322581,0.5685336976320582,123,0.5365853658536586,1.0110308985904257,0.29723042719714465,-0.11353768419526516,1.6732577738320207,0.516260162601626,0.5165917503966155,122,0.5327868852459017,1.3921234746343796,0.41760297017862213,-0.145951502810509,2.113881322165937,2.8612447431994052
SPY,technical_only,random_forest,2,0.0025,7,"{""n_estimators"": ""52"", ""max_depth"": ""4"", ""criterion"": ""entropy""}",0.5725806451612904,0.5945550351288056,123,0.5284552845528455,0.9890028583443149,0.28948365261472775,-0.10793088242059234,1.6559133432609436,0.508130081300813,0.5160629296668431,122,0.5081967213114754,0.49935425779907616,0.12279835252491744,-0.17206981491644335,0.758593763268601,0.7136542372905323
SPY,technical_only,random_forest,2,0.0025,1337,"{""n_estimators"": ""50"", ""max_depth"": ""3"", ""criterion"": ""gini""}",0.532258064516129,0.581023939630497,123,0.5772357723577236,1.503938831101768,0.48118258963048355,-0.0944890817813883,2.4067777350901935,0.5040650406504065,0.5131544156530936,122,0.5901639344262295,1.5332255369799146,0.46960862413695015,-0.1261543165300227,2.2278367978299376,3.722493506793252
SPY,technical_only,random_forest,2,0.0025,2024,"{""n_estimators"": ""500"", ""max_depth"": ""4"", ""criterion"": ""entropy""}",0.5725806451612904,0.5832357533177206,123,0.5447154471544715,0.9644460199652685,0.28088852637303674,-0.11900604670929686,1.6001651928266534,0.5121951219512195,0.5232681121099947,122,0.5245901639344263,1.0134445405750123,0.2853983168826355,-0.15752172966550548,1.5565377714982611,1.811802838177778
SPY,technical_only,random_forest,2,0.0025,31415,"{""n_estimators"": ""276"", ""max_depth"": ""3"", ""criterion"": ""entropy""}",0.5604838709677419,0.5717213114754098,123,0.5365853658536586,1.0110308985904257,0.29723042719714465,-0.11353768419526516,1.6732577738320207,0.5203252032520326,0.5215494447382337,122,0.5327868852459017,1.3921234746343796,0.41760297017862213,-0.145951502810509,2.113881322165937,2.8612447431994052
SPY,technical_only,random_forest,5,0.005,42,"{""n_estimators"": ""50"", ""max_depth"": ""3"", ""criterion"": ""entropy""}",0.5673469387755102,0.6052333333333334,48,0.625,2.5410873333505317,3.325624031339119,-0.05705673179875395,5.41750303855059,0.5813008130081301,0.6090240508845159,49,0.5714285714285714,1.416257328854186,1.5265614258413627,-0.11179149668632084,1.9043215707096484,13.65543418856613
SPY,technical_only,random_forest,5,0.005,7,"{""n_estimators"": ""66"", ""max_depth"": ""3"", ""criterion"": ""gini""}",0.5714285714285714,0.6054333333333333,48,0.6458333333333334,2.454772601776535,3.137252444153698,-0.05705673179875395,4.248453615203151,0.5853658536585366,0.6067050950771882,49,0.5510204081632653,1.132473070162093,1.0926974348153986,-0.11179149668632084,1.5649375872714664,9.774423522402886
SPY,technical_only,random_forest,5,0.005,1337,"{""n_estimators"": ""329"", ""max_depth"": ""3"", ""criterion"": ""entropy""}",0.6040816326530613,0.5953666666666666,48,0.5625,1.8464248314949232,1.9772163480426173,-0.05705673179875395,3.9552848873699333,0.5975609756097561,0.6112767508116346,49,0.5714285714285714,0.7095863557187236,0.567837407773192,-0.1440938029518326,0.9540156055159935,3.9407482913266407
SPY,technical_only,random_forest,5,0.005,2024,"{""n_estimators"": ""500"", ""max_depth"": ""3"", ""criterion"": ""entropy""}",0.5551020408163265,0.5936333333333333,48,0.6041666666666666,1.902307724261635,2.071823179745346,-0.05705673179875395,3.5385197799266863,0.5894308943089431,0.6097528655668191,49,0.5918367346938775,1.862478626481789,2.3621315196941155,-0.11179149668632085,2.483909302205563,21.129796001587597
SPY,technical_only,random_forest,5,0.005,31415,"{""n_estimators"": ""276"", ""max_depth"": ""3"", ""criterion"": ""entropy""}",0.5836734693877551,0.5878333333333333,48,0.5208333333333334,1.1423826804228931,0.971242501434632,-0.05705673179875395,2.2291590912537944,0.6178861788617886,0.6184323858742463,49,0.5918367346938775,1.1080555606776024,1.0585418480553677,-0.12664879357739886,1.4673920040214237,8.358088680951083
SPY,technical_only,random_forest,10,0.01,42,"{""n_estimators"": ""291"", ""max_depth"": ""3"", ""criterion"": ""gini""}",0.5,0.5684640066964285,23,0.4782608695652174,-0.16426087284265453,-0.23746320525462317,-0.07371840973856902,-0.3091184217749738,0.5,0.6028345199281389,24,0.4583333333333333,0.34598363418638894,0.39374121599554046,-0.07857646445804367,0.8057534581027364,5.010930673850575
SPY,technical_only,random_forest,10,0.01,7,"{""n_estimators"": ""53"", ""max_depth"": ""3"", ""criterion"": ""entropy""}",0.5041666666666667,0.5706263950892857,23,0.43478260869565216,-0.5304709730825412,-0.5134261744932835,-0.08506663978346178,-1.0358514334845639,0.483739837398374,0.5886286512742032,24,0.4166666666666667,-0.174775955866642,-0.23072760928867064,-0.07857646445804367,-0.39850112798978005,-2.9363450096672254
SPY,technical_only,random_forest,10,0.01,1337,"{""n_estimators"": ""55"", ""max_depth"": ""3"", ""criterion"": ""gini""}",0.5,0.5704868861607143,23,0.4782608695652174,-0.16426087284265453,-0.23746320525462317,-0.07371840973856902,-0.3091184217749738,0.491869918699187,0.5997737707099606,24,0.4583333333333333,0.34598363418638894,0.39374121599554046,-0.07857646445804367,0.8057534581027364,5.010930673850575
SPY,technical_only,random_forest,10,0.01,2024,"{""n_estimators"": ""50"", ""max_depth"": ""4"", ""criterion"": ""gini""}",0.5041666666666667,0.568115234375,23,0.4782608695652174,-0.16426087284265453,-0.23746320525462317,-0.07371840973856902,-0.3091184217749738,0.4959349593495935,0.5941845764854614,24,0.4583333333333333,0.34598363418638894,0.39374121599554046,-0.07857646445804367,0.8057534581027364,5.010930673850575
SPY,technical_only,random_forest,10,0.01,31415,"{""n_estimators"": ""50"", ""max_depth"": ""4"", ""criterion"": ""gini""}",0.5625,0.5643484933035713,23,0.6956521739130435,1.9919646790930974,7.644684182942859,-0.045130832462929586,3.503193196779809,0.6016260162601627,0.5968460975447468,24,0.5,0.9290015113653555,1.6497808336835043,-0.048129846016304816,2.152597414755037,34.27770853712294
SPY,learned_alpha_per_stock,random_forest,2,0.0025,42,"{""n_estimators"": ""50"", ""max_depth"": ""5"", ""criterion"": ""gini""}",0.5846774193548387,0.6060694769711163,123,0.5203252032520326,-0.4885013884917002,-0.1443585074557837,-0.1789524284622137,-0.7494310030104783,0.491869918699187,0.545809095716552,122,0.48360655737704916,-0.8148610498778949,-0.2106914707851283,-0.16011249379377013,-1.3433349970008013,-1.3158965037200998
SPY,learned_alpha_per_stock,random_forest,2,0.0025,7,"{""n_estimators"": ""273"", ""max_depth"": ""6"", ""criterion"": ""entropy""}",0.5725806451612904,0.607175383814728,123,0.5365853658536586,0.7596860551357979,0.2111174299836538,-0.13077554038070188,1.171250801247248,0.5121951219512195,0.5156993654151243,122,0.5327868852459017,0.12453987049488321,0.01614001287436495,-0.10382532062377518,0.21730967498770637,0.15545353269700393
SPY,learned_alpha_per_stock,random_forest,2,0.0025,1337,"{""n_estimators"": ""500"", ""max_depth"": ""3"", ""criterion"": ""gini""}",0.6008064516129032,0.5986859224564143,123,0.5528455284552846,0.6918084883299744,0.18875757934225446,-0.16445778014726847,1.0846179363080515,0.4796747967479675,0.5053873611845585,122,0.4918032786885246,-0.2882484330788971,-0.09042098019257072,-0.12371800949408186,-0.49343153407841606,-0.7308635223143973
SPY,learned_alpha_per_stock,random_forest,2,0.0025,2024,"{""n_estimators"": ""159"", ""max_depth"": ""3"", ""criterion"": ""entropy""}",0.5443548387096774,0.602686703096539,123,0.5447154471544715,0.7774021383656761,0.21702592286130096,-0.18011072068618422,1.2119795777450817,0.5040650406504065,0.5186078794288737,122,0.5573770491803278,1.5333986720182025,0.469742054541354,-0.13390986786034662,2.5266595846545306,3.507897230032694
SPY,learned_alpha_per_stock,random_forest,2,0.0025,31415,"{""n_estimators"": ""500"", ""max_depth"": ""4"", ""criterion"": ""gini""}",0.5806451612903226,0.602296383034088,123,0.5447154471544715,0.2332190632318117,0.04705858973101895,-0.15623288420073428,0.3549460569670313,0.5203252032520326,0.5138815441565309,122,0.48360655737704916,-0.3109007399161802,-0.09592737107051696,-0.12361508603484757,-0.5728184272607271,-0.7760166994785302
SPY,learned_alpha_per_stock,random_forest,5,0.005,42,"{""n_estimators"": ""420"", ""max_depth"": ""3"", ""criterion"": ""entropy""}",0.4897959183673469,0.5840333333333334,48,0.3958333333333333,-1.8520033742790465,-0.7006824091044026,-0.24284440537048455,-2.8630111794965902,0.5284552845528455,0.6154508712648248,49,0.42857142857142855,-1.0064411488806866,-0.5330945816113576,-0.15192210510345605,-1.476647511616685,-3.5089994392082073
SPY,learned_alpha_per_stock,random_forest,5,0.005,7,"{""n_estimators"": ""500"", ""max_depth"": ""3"", ""criterion"": ""gini""}",0.49387755102040815,0.583,48,0.4166666666666667,-1.2916889195095826,-0.5785124050376294,-0.19183524153956147,-2.0846839693637325,0.5121951219512195,0.5918637779102895,49,0.40816326530612246,-1.1216073494556857,-0.5690905930276531,-0.15632680467344304,-1.6646865544710256,-3.6403903618221323
SPY,learned_alpha_per_stock,random_forest,5,0.005,1337,"{""n_estimators"": ""408"", ""max_depth"": ""3"", ""criterion"": ""gini""}",0.5102040816326531,0.5842333333333334,48,0.4166666666666667,-0.9866473667058696,-0.48939640604207935,-0.16176382791721272,-1.5883686026418455,0.5040650406504065,0.6028953819651494,49,0.40816326530612246,-1.1216073494556857,-0.5690905930276531,-0.15632680467344304,-1.6646865544710256,-3.6403903618221323
SPY,learned_alpha_per_stock,random_forest,5,0.005,2024,"{""n_estimators"": ""496"", ""max_depth"": ""3"", ""criterion"": ""entropy""}",0.5142857142857142,0.5879333333333333,48,0.4583333333333333,-0.6500014220817851,-0.36713844720633615,-0.12678032755123084,-1.0294422906688456,0.5121951219512195,0.607135758298549,49,0.40816326530612246,-1.1216073494556857,-0.5690905930276531,-0.15632680467344304,-1.6646865544710256,-3.6403903618221323
SPY,learned_alpha_per_stock,random_forest,5,0.005,31415,"{""n_estimators"": ""50"", ""max_depth"": ""3"", ""criterion"": ""entropy""}",0.5265306122448979,0.5839666666666666,48,0.5416666666666666,0.40692049484238174,0.2470668608849793,-0.09636847403666013,0.6057574088779213,0.5121951219512195,0.6054793612933148,49,0.40816326530612246,-1.1216073494556857,-0.5690905930276531,-0.15632680467344304,-1.6646865544710256,-3.6403903618221323
SPY,learned_alpha_per_stock,random_forest,10,0.01,42,"{""n_estimators"": ""114"", ""max_depth"": ""9"", ""criterion"": ""gini""}",0.5041666666666667,0.5586286272321429,23,0.6086956521739131,0.7977201059280454,1.4401295414019666,-0.058643508360043534,1.397991083013253,0.5040650406504065,0.5419854947102268,24,0.2916666666666667,-1.606413241487534,-0.8403840078341729,-0.1580251183052645,-2.8917940159653437,-5.318040681423594
SPY,learned_alpha_per_stock,random_forest,10,0.01,7,"{""n_estimators"": ""152"", ""max_depth"": ""8"", ""criterion"": ""entropy""}",0.5291666666666667,0.5508858816964286,23,0.5652173913043478,0.08434481510838329,0.03504898371621379,-0.11565136906361012,0.14292451366637648,0.4878048780487805,0.5283119302681482,24,0.2916666666666667,-1.606413241487534,-0.8403840078341729,-0.1580251183052645,-2.8917940159653437,-5.318040681423594
SPY,learned_alpha_per_stock,random_forest,10,0.01,1337,"{""n_estimators"": ""500"", ""max_depth"": ""5"", ""criterion"": ""entropy""}",0.4875,0.5375279017857142,23,0.5217391304347826,0.003012256245152832,-0.0633640743928231,-0.11565136906361012,0.005041847931631864,0.47560975609756095,0.5832723401423915,24,0.375,-0.23212868054964106,-0.2796686115797903,-0.07857646445804367,-0.5186686454352675,-3.5591905732679137
SPY,learned_alpha_per_stock,random_forest,10,0.01,2024,"{""n_estimators"": ""50"", ""max_depth"": ""19"", ""criterion"": ""gini""}",0.5041666666666667,0.5401436941964286,23,0.5217391304347826,0.2726821670357964,0.3035807899583747,-0.10397354574534765,0.51014004100134,0.4959349593495935,0.5129749151640162,24,0.2916666666666667,-1.0180840544417742,-0.7029302440814629,-0.1459362103440226,-2.3531216894104237,-4.816695201447337
SPY,learned_alpha_per_stock,random_forest,10,0.01,31415,"{""n_estimators"": ""56"", ""max_depth"": ""3"", ""criterion"": ""gini""}",0.5083333333333333,0.5458286830357142,23,0.5217391304347826,0.003012256245152832,-0.0633640743928231,-0.11565136906361012,0.005041847931631864,0.5,0.5934526581941579,24,0.375,-0.23212868054964106,-0.2796686115797903,-0.07857646445804367,-0.5186686454352675,-3.5591905732679137
SPY,learned_alpha_global,random_forest,2,0.0025,42,"{""n_estimators"": ""50"", ""max_depth"": ""5"", ""criterion"": ""gini""}",0.5846774193548387,0.6060694769711163,123,0.5203252032520326,-0.4885013884917002,-0.1443585074557837,-0.1789524284622137,-0.7494310030104783,0.491869918699187,0.545809095716552,122,0.48360655737704916,-0.8148610498778949,-0.2106914707851283,-0.16011249379377013,-1.3433349970008013,-1.3158965037200998
SPY,learned_alpha_global,random_forest,2,0.0025,7,"{""n_estimators"": ""273"", ""max_depth"": ""6"", ""criterion"": ""entropy""}",0.5725806451612904,0.607175383814728,123,0.5365853658536586,0.7596860551357979,0.2111174299836538,-0.13077554038070188,1.171250801247248,0.5121951219512195,0.5156993654151243,122,0.5327868852459017,0.12453987049488321,0.01614001287436495,-0.10382532062377518,0.21730967498770637,0.15545353269700393
SPY,learned_alpha_global,random_forest,2,0.0025,1337,"{""n_estimators"": ""500"", ""max_depth"": ""3"", ""criterion"": ""gini""}",0.6008064516129032,0.5986859224564143,123,0.5528455284552846,0.6918084883299744,0.18875757934225446,-0.16445778014726847,1.0846179363080515,0.4796747967479675,0.5053873611845585,122,0.4918032786885246,-0.2882484330788971,-0.09042098019257072,-0.12371800949408186,-0.49343153407841606,-0.7308635223143973
SPY,learned_alpha_global,random_forest,2,0.0025,2024,"{""n_estimators"": ""159"", ""max_depth"": ""3"", ""criterion"": ""entropy""}",0.5443548387096774,0.602686703096539,123,0.5447154471544715,0.7774021383656761,0.21702592286130096,-0.18011072068618422,1.2119795777450817,0.5040650406504065,0.5186078794288737,122,0.5573770491803278,1.5333986720182025,0.469742054541354,-0.13390986786034662,2.5266595846545306,3.507897230032694
SPY,learned_alpha_global,random_forest,2,0.0025,31415,"{""n_estimators"": ""500"", ""max_depth"": ""4"", ""criterion"": ""gini""}",0.5806451612903226,0.602296383034088,123,0.5447154471544715,0.2332190632318117,0.04705858973101895,-0.15623288420073428,0.3549460569670313,0.5203252032520326,0.5138815441565309,122,0.48360655737704916,-0.3109007399161802,-0.09592737107051696,-0.12361508603484757,-0.5728184272607271,-0.7760166994785302
SPY,learned_alpha_global,random_forest,5,0.005,42,"{""n_estimators"": ""420"", ""max_depth"": ""3"", ""criterion"": ""entropy""}",0.4897959183673469,0.5840333333333334,48,0.3958333333333333,-1.8520033742790465,-0.7006824091044026,-0.24284440537048455,-2.8630111794965902,0.5284552845528455,0.6154508712648248,49,0.42857142857142855,-1.0064411488806866,-0.5330945816113576,-0.15192210510345605,-1.476647511616685,-3.5089994392082073
SPY,learned_alpha_global,random_forest,5,0.005,7,"{""n_estimators"": ""500"", ""max_depth"": ""3"", ""criterion"": ""gini""}",0.49387755102040815,0.583,48,0.4166666666666667,-1.2916889195095826,-0.5785124050376294,-0.19183524153956147,-2.0846839693637325,0.5121951219512195,0.5918637779102895,49,0.40816326530612246,-1.1216073494556857,-0.5690905930276531,-0.15632680467344304,-1.6646865544710256,-3.6403903618221323
SPY,learned_alpha_global,random_forest,5,0.005,1337,"{""n_estimators"": ""408"", ""max_depth"": ""3"", ""criterion"": ""gini""}",0.5102040816326531,0.5842333333333334,48,0.4166666666666667,-0.9866473667058696,-0.48939640604207935,-0.16176382791721272,-1.5883686026418455,0.5040650406504065,0.6028953819651494,49,0.40816326530612246,-1.1216073494556857,-0.5690905930276531,-0.15632680467344304,-1.6646865544710256,-3.6403903618221323
SPY,learned_alpha_global,random_forest,5,0.005,2024,"{""n_estimators"": ""496"", ""max_depth"": ""3"", ""criterion"": ""entropy""}",0.5142857142857142,0.5879333333333333,48,0.4583333333333333,-0.6500014220817851,-0.36713844720633615,-0.12678032755123084,-1.0294422906688456,0.5121951219512195,0.607135758298549,49,0.40816326530612246,-1.1216073494556857,-0.5690905930276531,-0.15632680467344304,-1.6646865544710256,-3.6403903618221323
SPY,learned_alpha_global,random_forest,5,0.005,31415,"{""n_estimators"": ""50"", ""max_depth"": ""3"", ""criterion"": ""entropy""}",0.5265306122448979,0.5839666666666666,48,0.5416666666666666,0.40692049484238174,0.2470668608849793,-0.09636847403666013,0.6057574088779213,0.5121951219512195,0.6054793612933148,49,0.40816326530612246,-1.1216073494556857,-0.5690905930276531,-0.15632680467344304,-1.6646865544710256,-3.6403903618221323
SPY,learned_alpha_global,random_forest,10,0.01,42,"{""n_estimators"": ""71"", ""max_depth"": ""20"", ""criterion"": ""gini""}",0.5291666666666667,0.5523158482142857,23,0.5652173913043478,0.6609992239375508,1.0785982326044579,-0.10397354574534765,1.1696313439991526,0.524390243902439,0.5185973784017566,24,0.2916666666666667,-1.373677687573257,-0.7971671755720872,-0.12807966136798518,-2.592440413492417,-6.223995028232853
SPY,learned_alpha_global,random_forest,10,0.01,7,"{""n_estimators"": ""152"", ""max_depth"": ""8"", ""criterion"": ""entropy""}",0.5291666666666667,0.5508858816964286,23,0.5652173913043478,0.08434481510838329,0.03504898371621379,-0.11565136906361012,0.14292451366637648,0.4878048780487805,0.5283119302681482,24,0.2916666666666667,-1.606413241487534,-0.8403840078341729,-0.1580251183052645,-2.8917940159653437,-5.318040681423594
SPY,learned_alpha_global,random_forest,10,0.01,1337,"{""n_estimators"": ""500"", ""max_depth"": ""5"", ""criterion"": ""entropy""}",0.4875,0.5375279017857142,23,0.5217391304347826,0.003012256245152832,-0.0633640743928231,-0.11565136906361012,0.005041847931631864,0.47560975609756095,0.5832723401423915,24,0.375,-0.23212868054964106,-0.2796686115797903,-0.07857646445804367,-0.5186686454352675,-3.5591905732679137
SPY,learned_alpha_global,random_forest,10,0.01,2024,"{""n_estimators"": ""50"", ""max_depth"": ""19"", ""criterion"": ""gini""}",0.5041666666666667,0.5401436941964286,23,0.5217391304347826,0.2726821670357964,0.3035807899583747,-0.10397354574534765,0.51014004100134,0.4959349593495935,0.5129749151640162,24,0.2916666666666667,-1.0180840544417742,-0.7029302440814629,-0.1459362103440226,-2.3531216894104237,-4.816695201447337
SPY,learned_alpha_global,random_forest,10,0.01,31415,"{""n_estimators"": ""54"", ""max_depth"": ""20"", ""criterion"": ""entropy""}",0.525,0.5457589285714286,23,0.5652173913043478,0.26129607489801837,0.2855123277241911,-0.10397354574534753,0.4793899705906043,0.5121951219512195,0.5144720207598643,24,0.25,-1.9355280262420624,-0.8844396872789732,-0.1646453941273043,-3.574026687276251,-5.371785174841404
TSLA,full_70_30,random_forest,2,0.0025,42,"{""n_estimators"": ""51"", ""max_depth"": ""3"", ""criterion"": ""gini""}",0.5766129032258065,0.6250650533437418,123,0.5609756097560976,2.2932572965169373,6.744934293789432,-0.2086102563797543,4.1453617686317985,0.508130081300813,0.5342261904761905,122,0.5737704918032787,1.2277438961670437,2.3496812561506277,-0.41162927826073564,1.8477885121187299,5.708246182289989
TSLA,full_70_30,random_forest,2,0.0025,7,"{""n_estimators"": ""77"", ""max_depth"": ""4"", ""criterion"": ""gini""}",0.5685483870967742,0.6205438459536821,123,0.5691056910569106,2.83714239719707,11.939493866091734,-0.20100177258958457,5.4067095608800715,0.5284552845528455,0.5413029100529101,122,0.5819672131147541,1.7627309373480675,5.756996737903536,-0.3592032209057091,2.586895280176201,16.02713005575957
TSLA,full_70_30,random_forest,2,0.0025,1337,"{""n_estimators"": ""50"", ""max_depth"": ""8"", ""criterion"": ""gini""}",0.592741935483871,0.6256180067655478,123,0.6016260162601627,3.0398462816497056,14.57627104151996,-0.19764919681377044,5.390273848289332,0.5040650406504065,0.5321759259259259,122,0.5573770491803278,0.7802699522849716,0.8304476628903303,-0.3941898436202897,1.068269939447184,2.1067200901560357
TSLA,full_70_30,random_forest,2,0.0025,2024,"{""n_estimators"": ""50"", ""max_depth"": ""11"", ""criterion"": ""entropy""}",0.5887096774193549,0.6174538121259432,123,0.6260162601626016,2.914360321763704,12.88296839632491,-0.18111687971394516,5.112846907885731,0.5203252032520326,0.5498346560846561,122,0.5573770491803278,0.47730791217256013,0.2172328024969754,-0.3959304437354972,0.6542229454925872,0.5486640543410666
TSLA,full_70_30,random_forest,2,0.0025,31415,"{""n_estimators"": ""56"", ""max_depth"": ""3"", ""criterion"": ""gini""}",0.5685483870967742,0.6147215716887848,123,0.5609756097560976,2.7297191215379573,10.70854189516227,-0.22394507006118794,5.0792557268195795,0.491869918699187,0.5204365079365079,122,0.5737704918032787,1.4354421039821983,3.4150015324127976,-0.42655234766113465,2.250034757522609,8.006054945279008
TSLA,full_70_30,random_forest,5,0.0075,42,"{""n_estimators"": ""50"", ""max_depth"": ""3"", ""criterion"": ""entropy""}",0.5142857142857142,0.6039470127061367,48,0.4791666666666667,-0.3536755425625647,-0.8635997769308603,-0.4864830731920779,-0.5156206979697361,0.516260162601626,0.5634400053004704,49,0.5510204081632653,0.4189376447401786,0.3773673008993683,-0.4331744446971707,0.6925131668141709,0.8711670448684553
TSLA,full_70_30,random_forest,5,0.0075,7,"{""n_estimators"": ""50"", ""max_depth"": ""3"", ""criterion"": ""entropy""}",0.5551020408163265,0.601581508515815,48,0.5625,0.6867837784550347,2.1990146238444583,-0.32247081995213983,0.9638040568589791,0.5121951219512195,0.5372358046776651,49,0.5306122448979592,1.1346555933732498,12.905250437600879,-0.3509826139254851,2.041479585449647,36.76891653767417
TSLA,full_70_30,random_forest,5,0.0075,1337,"{""n_estimators"": ""281"", ""max_depth"": ""3"", ""criterion"": ""gini""}",0.49795918367346936,0.5873208975398756,48,0.4583333333333333,-0.5469452858756545,-0.9239162613341254,-0.5405221041963058,-0.8110891664710318,0.508130081300813,0.5498244219174452,49,0.5306122448979592,0.3668068968247292,0.16265042321832435,-0.4515485467651455,0.6061944580286537,0.36020583918061044
TSLA,full_70_30,random_forest,5,0.0075,2024,"{""n_estimators"": ""50"", ""max_depth"": ""17"", ""criterion"": ""gini""}",0.5265306122448979,0.5878953771289538,48,0.4791666666666667,0.537776423624799,1.1729784154302458,-0.4073166907488665,1.1849076787987916,0.524390243902439,0.5310408798780891,49,0.5102040816326531,1.2453066831302766,19.084162086289002,-0.2609853791125392,2.4181251604390948,73.12349125143804
TSLA,full_70_30,random_forest,5,0.0075,31415,"{""n_estimators"": ""52"", ""max_depth"": ""3"", ""criterion"": ""entropy""}",0.5183673469387755,0.5930994863476615,48,0.4583333333333333,-0.6667955224065223,-0.9470499471281933,-0.47636413676670547,-0.9821777475251383,0.508130081300813,0.5596302921884317,49,0.46938775510204084,-0.6635952379905754,-0.9606304884105804,-0.5849494095843041,-1.0657456438899142,-1.6422454192974656
TSLA,full_70_30,random_forest,10,0.01,42,"{""n_estimators"": ""51"", ""max_depth"": ""3"", ""criterion"": ""gini""}",0.49166666666666664,0.5609284332688588,23,0.4782608695652174,0.9262919103020361,81.72653144560644,-0.3251520922806138,2.158191877361134,0.5365853658536586,0.5685911016949152,24,0.2916666666666667,-2.2030960530501176,-0.9999981901912831,-0.7213031647428473,-3.5047868814343315,-1.3863771006020662
TSLA,full_70_30,random_forest,10,0.01,7,"{""n_estimators"": ""50"", ""max_depth"": ""17"", ""criterion"": ""entropy""}",0.5333333333333333,0.5630059459846695,23,0.6521739130434783,1.7834272742902864,19484.51037802362,-0.133540504710188,3.707142778514432,0.5284552845528455,0.5642876059322034,24,0.4166666666666667,-0.7999857739235897,-0.9976367923847329,-0.5628090690962182,-2.605715130363776,-1.7726025523838462
TSLA,full_70_30,random_forest,10,0.01,1337,"{""n_estimators"": ""50"", ""max_depth"": ""12"", ""criterion"": ""gini""}",0.5291666666666667,0.5688086539150369,23,0.6086956521739131,2.556153550453523,1325216.7974094425,-0.1167745906866941,9.485527831713034,0.5447154471544715,0.5613744703389831,24,0.375,-0.8788389940555521,-0.9984670136066159,-0.5628090690962182,-2.557853190155433,-1.774077690698899
TSLA,full_70_30,random_forest,10,0.01,2024,"{""n_estimators"": ""173"", ""max_depth"": ""10"", ""criterion"": ""gini""}",0.525,0.5618239128877426,23,0.5217391304347826,1.8349352427618861,27206.37936085371,-0.3176071866168287,5.208484570293554,0.532520325203252,0.5679952330508475,24,0.3333333333333333,-1.8381366184960093,-0.9999897439019744,-0.6258307313849484,-3.8177895028701063,-1.5978597626374484
TSLA,full_70_30,random_forest,10,0.01,31415,"{""n_estimators"": ""153"", ""max_depth"": ""3"", ""criterion"": ""entropy""}",0.48333333333333334,0.5628984884304034,23,0.43478260869565216,0.8721585606915654,56.30054893522593,-0.34739613607907666,2.0630610352948104,0.5203252032520326,0.5471398305084746,24,0.2916666666666667,-2.2030960530501176,-0.9999981901912831,-0.7213031647428473,-3.5047868814343315,-1.3863771006020662
TSLA,equal_50_50,random_forest,2,0.0025,42,"{""n_estimators"": ""50"", ""max_depth"": ""4"", ""criterion"": ""gini""}",0.5524193548387096,0.587464220660942,123,0.5934959349593496,1.7378738029382426,3.486370778708718,-0.31237865350772137,2.3921287718189457,0.524390243902439,0.5231150793650793,122,0.5409836065573771,2.0954831356930668,9.53010075831,-0.3145038995961281,4.473629442578491,30.30201142354079
TSLA,equal_50_50,random_forest,2,0.0025,7,"{""n_estimators"": ""51"", ""max_depth"": ""3"", ""criterion"": ""gini""}",0.5645161290322581,0.6068826437678897,123,0.5772357723577236,1.7163124410997932,3.3950283204892315,-0.2640799087658716,2.4683300406639193,0.5284552845528455,0.5459325396825396,122,0.5573770491803278,2.064889230689875,9.126486739968458,-0.2464122225640283,4.408396072637951,37.037475840294455
TSLA,equal_50_50,random_forest,2,0.0025,1337,"{""n_estimators"": ""53"", ""max_depth"": ""3"", ""criterion"": ""entropy""}",0.5645161290322581,0.5812841530054645,123,0.6097560975609756,2.086820613219529,5.311962477266166,-0.24600549537024202,2.8580746387062175,0.516260162601626,0.5364748677248677,122,0.5737704918032787,2.093886558768045,9.453617533535711,-0.3007955986924566,3.8372902779016362,31.42870964412416
TSLA,equal_50_50,random_forest,2,0.0025,2024,"{""n_estimators"": ""500"", ""max_depth"": ""5"", ""criterion"": ""entropy""}",0.5483870967741935,0.5832357533177206,123,0.5691056910569106,1.844293902988561,3.984533371788446,-0.2640799087658717,2.6314678720189257,0.532520325203252,0.5403439153439153,122,0.5327868852459017,2.175613143628625,10.673563829031117,-0.26917853639633943,4.898309549263112,39.652358512401314
TSLA,equal_50_50,random_forest,2,0.0025,31415,"{""n_estimators"": ""50"", ""max_depth"": ""3"", ""criterion"": ""entropy""}",0.5604838709677419,0.5957910486599011,123,0.5853658536585366,1.7824661449196186,3.6901852301871703,-0.2640799087658715,2.5184309196093952,0.556910569105691,0.5646164021164021,122,0.5655737704918032,2.9082335808684294,28.032057453957556,-0.21947365219512083,6.528103179801394,127.72402141937265
TSLA,equal_50_50,random_forest,5,0.0075,42,"{""n_estimators"": ""50"", ""max_depth"": ""4"", ""criterion"": ""gini""}",0.5428571428571428,0.623918626655853,48,0.5416666666666666,0.9330094356110336,5.684900096864046,-0.37522501509280926,1.3554582101531603,0.524390243902439,0.5653614258265421,49,0.5102040816326531,-0.2967109314251537,-0.8679350327691105,-0.5370030056491468,-0.5110720784010341,-1.6162573088765533
TSLA,equal_50_50,random_forest,5,0.0075,7,"{""n_estimators"": ""429"", ""max_depth"": ""4"", ""criterion"": ""gini""}",0.5387755102040817,0.6085428494187618,48,0.5208333333333334,0.4776268944871178,0.7103291531420826,-0.37522501509280926,0.6939215720020316,0.508130081300813,0.5511164115815279,49,0.5102040816326531,-0.2967109314251537,-0.8679350327691105,-0.5370030056491468,-0.5110720784010341,-1.6162573088765533
TSLA,equal_50_50,random_forest,5,0.0075,1337,"{""n_estimators"": ""51"", ""max_depth"": ""3"", ""criterion"": ""gini""}",0.5387755102040817,0.6244255204109217,48,0.5416666666666666,0.7933910365691204,3.40583654515003,-0.3752250150928093,1.1320527655020973,0.5203252032520326,0.5578082554826741,49,0.5918367346938775,0.6284168622636563,1.7226654906471408,-0.3413811065806762,1.045287726032385,5.0461652898768
TSLA,equal_50_50,random_forest,5,0.0075,2024,"{""n_estimators"": ""50"", ""max_depth"": ""12"", ""criterion"": ""entropy""}",0.5510204081632653,0.6142538523925386,48,0.5625,0.9947309309210463,6.982259463126504,-0.33920190424906976,1.3823606733771245,0.5040650406504065,0.5514808189226794,49,0.5102040816326531,0.08725287964712383,-0.5356255018885296,-0.49312831709365124,0.14141299797568305,-1.0861787557553861
TSLA,equal_50_50,random_forest,5,0.0075,31415,"{""n_estimators"": ""318"", ""max_depth"": ""4"", ""criterion"": ""gini""}",0.5387755102040817,0.6071911327385779,48,0.5208333333333334,0.4776268944871178,0.7103291531420826,-0.37522501509280926,0.6939215720020316,0.516260162601626,0.554263565891473,49,0.5102040816326531,-0.2967109314251537,-0.8679350327691105,-0.5370030056491468,-0.5110720784010341,-1.6162573088765533
TSLA,equal_50_50,random_forest,10,0.01,42,"{""n_estimators"": ""235"", ""max_depth"": ""5"", ""criterion"": ""entropy""}",0.5583333333333333,0.637044200873988,23,0.5217391304347826,1.4674261522181413,2954.0846374793987,-0.29474913526071617,4.361899319808939,0.508130081300813,0.5724311440677966,24,0.5,-0.5700905024808716,-0.9925724876940815,-0.46827441771391604,-0.9234136341266818,-2.119638507138086
TSLA,equal_50_50,random_forest,10,0.01,7,"{""n_estimators"": ""293"", ""max_depth"": ""9"", ""criterion"": ""gini""}",0.5541666666666667,0.6267282756644459,23,0.5652173913043478,1.5465446492391897,4822.716204368854,-0.2947491352607162,4.503931340570879,0.524390243902439,0.5725966631355933,24,0.5,-0.6855808943077865,-0.9961084027550612,-0.49667085933199673,-1.1536630603638458,-2.0055704578577225
TSLA,equal_50_50,random_forest,10,0.01,1337,"{""n_estimators"": ""50"", ""max_depth"": ""12"", ""criterion"": ""gini""}",0.5916666666666667,0.62461494376388,23,0.6956521739130435,2.320545359965372,395876.3036103719,-0.22829685129041438,5.971707436190291,0.5121951219512195,0.5615399894067796,24,0.5416666666666666,0.23234838523513326,-0.21819236602356917,-0.3328917013567178,0.4521078391864718,-0.655445495139454
TSLA,equal_50_50,random_forest,10,0.01,2024,"{""n_estimators"": ""500"", ""max_depth"": ""7"", ""criterion"": ""gini""}",0.5583333333333333,0.6280177663156385,23,0.5217391304347826,1.4674261522181413,2954.0846374793987,-0.29474913526071617,4.361899319808939,0.516260162601626,0.5643207097457628,24,0.4583333333333333,-0.7678456700468063,-0.9975340265460116,-0.49667085933199673,-1.2572759700861342,-2.0084408170989874
TSLA,equal_50_50,random_forest,10,0.01,31415,"{""n_estimators"": ""280"", ""max_depth"": ""8"", ""criterion"": ""gini""}",0.5625,0.6325668027795688,23,0.5217391304347826,1.4674261522181413,2954.0846374793987,-0.29474913526071617,4.361899319808939,0.524390243902439,0.569683527542373,24,0.4583333333333333,-0.7678456700468063,-0.9975340265460116,-0.49667085933199673,-1.2572759700861342,-2.0084408170989874
TSLA,news_only,random_forest,2,0.0025,42,"{""n_estimators"": ""500"", ""max_depth"": ""3"", ""criterion"": ""gini""}",0.5967741935483871,0.6220400728597449,123,0.5528455284552846,0.9966785826412823,1.1387238216835387,-0.361753154642955,1.451713956013715,0.491869918699187,0.5231812169312169,122,0.5327868852459017,1.6391771921196696,4.790468167853592,-0.2635335896339432,2.753843323907067,18.177827632931763
TSLA,news_only,random_forest,2,0.0025,7,"{""n_estimators"": ""500"", ""max_depth"": ""3"", ""criterion"": ""entropy""}",0.5887096774193549,0.620088472547489,123,0.5772357723577236,1.8032743652727186,3.791696696418172,-0.31035343657460274,2.6490743412645377,0.5121951219512195,0.5256944444444445,122,0.5573770491803278,2.165942746034761,10.492037622022655,-0.23873523122137313,4.157026918280492,43.948425912443795
TSLA,news_only,random_forest,2,0.0025,1337,"{""n_estimators"": ""496"", ""max_depth"": ""3"", ""criterion"": ""gini""}",0.5766129032258065,0.6225930262815509,123,0.5203252032520326,0.7372349275283188,0.6432119440857953,-0.36175315464295527,1.0970350971286318,0.5,0.5248346560846562,122,0.5409836065573771,1.0535541744884236,1.6537038245501412,-0.3879631931931585,1.536637719200566,4.262527614898762
TSLA,news_only,random_forest,2,0.0025,2024,"{""n_estimators"": ""332"", ""max_depth"": ""3"", ""criterion"": ""entropy""}",0.5766129032258065,0.622007546187874,123,0.5040650406504065,0.722754229754927,0.6198912224947539,-0.2940680606421091,1.1092135806826324,0.5,0.5359457671957673,122,0.5163934426229508,0.7560959825086041,0.7836543626257897,-0.453439780072932,1.1316605769680737,1.7282435222153323
TSLA,news_only,random_forest,2,0.0025,31415,"{""n_estimators"": ""500"", ""max_depth"": ""3"", ""criterion"": ""entropy""}",0.5766129032258065,0.6223978662503252,123,0.5365853658536586,0.6025382369329306,0.4313459537250912,-0.376631769437989,0.8751686407339071,0.4878048780487805,0.5200066137566137,122,0.5409836065573771,1.1731578466402908,2.11316506421741,-0.35920322090570916,1.7425379079346301,5.882923485176977
TSLA,news_only,random_forest,5,0.0075,42,"{""n_estimators"": ""50"", ""max_depth"": ""18"", ""criterion"": ""gini""}",0.5551020408163265,0.6018180589348474,48,0.6458333333333334,2.4887606369778994,511.42692885118936,-0.30221248513957577,5.131576863259639,0.5487804878048781,0.5520108659643543,49,0.6122448979591837,2.6165754885767867,1096.2488930140112,-0.18045213655834771,5.13117176139892,6075.011988896835
TSLA,news_only,random_forest,5,0.0075,7,"{""n_estimators"": ""287"", ""max_depth"": ""18"", ""criterion"": ""gini""}",0.5469387755102041,0.594822925114896,48,0.6458333333333334,2.2885590505146833,306.7721716804314,-0.30221248513957577,4.93609805112558,0.516260162601626,0.5491949910554561,49,0.5306122448979592,0.675268106690828,2.177087314462978,-0.5284041002032697,1.118131427942011,4.120118132364005
TSLA,news_only,random_forest,5,0.0075,1337,"{""n_estimators"": ""54"", ""max_depth"": ""15"", ""criterion"": ""entropy""}",0.5469387755102041,0.5970194647201946,48,0.6458333333333334,2.385027355607447,393.5592367551591,-0.23377131887773903,5.221845976088512,0.540650406504065,0.5535347512091698,49,0.5102040816326531,0.4961782299732435,0.7452840995539134,-0.39584301028661856,0.7337832094760421,1.8827769600233046
TSLA,news_only,random_forest,5,0.0075,2024,"{""n_estimators"": ""50"", ""max_depth"": ""18"", ""criterion"": ""gini""}",0.5469387755102041,0.5957691267910246,48,0.6666666666666666,2.726065015153677,919.2314966216529,-0.3022124851395759,5.39081901496959,0.5284552845528455,0.5537666467899026,49,0.5102040816326531,0.7333910251238129,2.8568959634501576,-0.5447145719528407,1.2793039054844662,5.244757732858112
TSLA,news_only,random_forest,5,0.0075,31415,"{""n_estimators"": ""50"", ""max_depth"": ""7"", ""criterion"": ""entropy""}",0.5387755102040817,0.5952960259529603,48,0.5833333333333334,1.4701965033547828,32.412528298776174,-0.28816769123439634,3.285495720461512,0.5365853658536586,0.5604584906910488,49,0.5510204081632653,1.0803202930154243,10.508878880706241,-0.3811921139641878,1.621969968310281,27.5684582543424
TSLA,news_only,random_forest,10,0.01,42,"{""n_estimators"": ""52"", ""max_depth"": ""20"", ""criterion"": ""entropy""}",0.5625,0.6111469302958664,23,0.6956521739130435,2.428291429015695,673029.780338593,-0.08666979699049697,4.910580126758121,0.5203252032520326,0.5519398834745763,24,0.5,0.037487860714893594,-0.7421682444595255,-0.348998790253188,0.07496049084987584,-2.1265639457406285
TSLA,news_only,random_forest,10,0.01,7,"{""n_estimators"": ""50"", ""max_depth"": ""20"", ""criterion"": ""gini""}",0.5708333333333333,0.5982878429686941,23,0.6956521739130435,2.0559515054443804,92861.2116702384,-0.14488375878160173,4.1855509761883525,0.532520325203252,0.5618710275423728,24,0.5833333333333334,1.3768780950433772,440.3207342664603,-0.24945956373187897,3.9084892798265907,1765.0986303324107
TSLA,news_only,random_forest,10,0.01,1337,"{""n_estimators"": ""51"", ""max_depth"": ""20"", ""criterion"": ""entropy""}",0.575,0.6061680636148722,23,0.782608695652174,3.7287291044501027,178153940.96686065,-0.08666979699049693,20.041228232639135,0.5121951219512195,0.5581302966101694,24,0.5416666666666666,0.4647313341476342,1.9525563507527277,-0.34899879025318786,0.8915376399076818,5.594736730566339
TSLA,news_only,random_forest,10,0.01,2024,"{""n_estimators"": ""50"", ""max_depth"": ""12"", ""criterion"": ""entropy""}",0.5791666666666667,0.5957805000358192,23,0.8260869565217391,3.2332415042771596,27298170.96173104,-0.10994329257287104,9.84118294833436,0.5203252032520326,0.5583620233050848,24,0.375,-0.7031376168415401,-0.9961592324895396,-0.3901849099516791,-1.471493781840779,-2.5530439724409257
TSLA,news_only,random_forest,10,0.01,31415,"{""n_estimators"": ""50"", ""max_depth"": ""10"", ""criterion"": ""gini""}",0.55,0.6024786875850705,23,0.6956521739130435,3.020084512733478,11203293.992523387,-0.11677459068669413,10.076088040893767,0.540650406504065,0.5640558792372882,24,0.375,-1.0224806342578825,-0.999344044020516,-0.4368524767842964,-2.069702081106192,-2.2876007282292683
TSLA,social_only,random_forest,2,0.0025,42,"{""n_estimators"": ""50"", ""max_depth"": ""3"", ""criterion"": ""entropy""}",0.5967741935483871,0.5873341139734581,123,0.5772357723577236,2.292856204158024,6.712185071448299,-0.23994391871441242,3.4463075187486343,0.5,0.5098214285714285,122,0.5245901639344263,0.3759380340631657,0.07101623859955475,-0.4507403961907149,0.5902773690246045,0.15755463499549913
TSLA,social_only,random_forest,2,0.0025,7,"{""n_estimators"": ""395"", ""max_depth"": ""18"", ""criterion"": ""gini""}",0.5080645161290323,0.5749089253187615,123,0.5040650406504065,0.49909848544498353,0.28912595652687356,-0.4556154765619448,0.7500537848631839,0.516260162601626,0.5174603174603175,122,0.5245901639344263,0.07838322255426858,-0.2870004526017319,-0.4657981658905805,0.11560517390342684,-0.6161476657019523
TSLA,social_only,random_forest,2,0.0025,1337,"{""n_estimators"": ""500"", ""max_depth"": ""3"", ""criterion"": ""entropy""}",0.5766129032258065,0.5803083528493365,123,0.5609756097560976,2.5440305794254408,8.808213516299793,-0.2277429251384642,4.110623678373751,0.4959349593495935,0.48746693121693124,122,0.5409836065573771,0.10135128543580527,-0.2620234292217636,-0.40096256872568603,0.15607161268306613,-0.6534860100645054
TSLA,social_only,random_forest,2,0.0025,2024,"{""n_estimators"": ""452"", ""max_depth"": ""20"", ""criterion"": ""gini""}",0.5241935483870968,0.5718514181628936,123,0.5203252032520326,1.145501868507764,1.4912663558707933,-0.3932329642675669,1.786730373803755,0.508130081300813,0.5245039682539683,122,0.5163934426229508,0.0752449009979909,-0.2897406684102525,-0.4981244988320184,0.11238900147048035,-0.5816631566799552
TSLA,social_only,random_forest,2,0.0025,31415,"{""n_estimators"": ""500"", ""max_depth"": ""16"", ""criterion"": ""gini""}",0.5201612903225806,0.5733476450689565,123,0.5203252032520326,0.9737974200333104,1.0918122432576651,-0.36057282228742316,1.4547199947458596,0.5040650406504065,0.5124669312169312,122,0.5,-1.0162043069666105,-0.8388771803916883,-0.6473099077059917,-1.3775347727630964,-1.2959436745910375
TSLA,social_only,random_forest,5,0.0075,42,"{""n_estimators"": ""50"", ""max_depth"": ""3"", ""criterion"": ""gini""}",0.5755102040816327,0.5863071100297377,48,0.5833333333333334,1.3751451502833625,23.238527262187166,-0.37522501509280926,1.9750469217928142,0.508130081300813,0.540714238388657,49,0.46938775510204084,-0.5100785191387425,-0.9344264348540982,-0.6623039686524153,-0.8473301039973162,-1.410872468053254
TSLA,social_only,random_forest,5,0.0075,7,"{""n_estimators"": ""50"", ""max_depth"": ""4"", ""criterion"": ""entropy""}",0.5551020408163265,0.5867802108678021,48,0.5833333333333334,1.5810752928690974,42.607653123182075,-0.37522501509280926,2.3397287463588112,0.5121951219512195,0.5304114490161003,49,0.46938775510204084,0.12392676065069425,-0.4555782568520922,-0.5580430479931394,0.2555657202385238,-0.8163855073375864
TSLA,social_only,random_forest,5,0.0075,1337,"{""n_estimators"": ""250"", ""max_depth"": ""3"", ""criterion"": ""gini""}",0.5591836734693878,0.5857664233576643,48,0.5625,0.9410671788651109,5.84580211943469,-0.3392019042490697,1.3573009656659552,0.5,0.5340886503677201,49,0.4489795918367347,-0.7495542245779367,-0.9703675026462623,-0.6331340228213002,-1.1474365987113784,-1.5326415382358074
TSLA,social_only,random_forest,5,0.0075,2024,"{""n_estimators"": ""349"", ""max_depth"": ""3"", ""criterion"": ""gini""}",0.5673469387755102,0.5815423087320897,48,0.5625,0.9410671788651109,5.84580211943469,-0.3392019042490697,1.3573009656659552,0.4959349593495935,0.5200755317034387,49,0.42857142857142855,-1.0404393413617163,-0.9883470748058428,-0.6940202890482486,-1.6118651664182393,-1.424089598534968
TSLA,social_only,random_forest,5,0.0075,31415,"{""n_estimators"": ""60"", ""max_depth"": ""3"", ""criterion"": ""gini""}",0.5510204081632653,0.5951946472019465,48,0.5416666666666666,0.5974951575501013,1.4615161717663816,-0.3827826968250649,0.8818199016895121,0.516260162601626,0.528324388789505,49,0.4897959183673469,0.11243729803952773,-0.486228524200233,-0.5218732435152424,0.19670388758275245,-0.9316985115486796
TSLA,social_only,random_forest,10,0.01,42,"{""n_estimators"": ""50"", ""max_depth"": ""13"", ""criterion"": ""entropy""}",0.6125,0.6225374310480694,23,0.43478260869565216,0.15645310132297224,-0.6380250700295382,-0.2984568644270364,0.36041979593146606,0.5,0.4777542372881356,24,0.4583333333333333,-0.4903546807428267,-0.9882364099155901,-0.6344320125887782,-0.7840829296260539,-1.5576710984099384
TSLA,social_only,random_forest,10,0.01,7,"{""n_estimators"": ""303"", ""max_depth"": ""12"", ""criterion"": ""entropy""}",0.6125,0.6195286195286196,23,0.43478260869565216,0.15645310132297224,-0.6380250700295382,-0.2984568644270364,0.36041979593146606,0.4959349593495935,0.48589777542372886,24,0.4166666666666667,-0.5714406937985828,-0.9925458111294835,-0.6344320125887782,-0.9088047218845086,-1.5644636327215489
TSLA,social_only,random_forest,10,0.01,1337,"{""n_estimators"": ""497"", ""max_depth"": ""17"", ""criterion"": ""entropy""}",0.6041666666666666,0.6182033096926715,23,0.43478260869565216,0.15645310132297224,-0.6380250700295382,-0.2984568644270364,0.36041979593146606,0.5,0.4875860699152542,24,0.4583333333333333,-0.6408689081097441,-0.9949534858632203,-0.6190487079559694,-1.0621060571912158,-1.607229726960334
TSLA,social_only,random_forest,10,0.01,2024,"{""n_estimators"": ""50"", ""max_depth"": ""10"", ""criterion"": ""entropy""}",0.5791666666666667,0.6238627408840175,23,0.391304347826087,-0.7499864903386716,-0.9995216435962238,-0.5622669832377125,-1.2749865504574238,0.5040650406504065,0.492286811440678,24,0.4166666666666667,-0.5714406937985828,-0.9925458111294835,-0.6344320125887782,-0.9088047218845086,-1.5644636327215489
TSLA,social_only,random_forest,10,0.01,31415,"{""n_estimators"": ""495"", ""max_depth"": ""16"", ""criterion"": ""gini""}",0.6,0.6134035389354539,23,0.43478260869565216,0.15645310132297224,-0.6380250700295382,-0.2984568644270364,0.36041979593146606,0.4796747967479675,0.4867584745762712,24,0.4166666666666667,-0.7186077115403647,-0.9967263826268481,-0.6344320125887782,-1.1746315667191294,-1.571053103956309
TSLA,sentiment_only,random_forest,2,0.0025,42,"{""n_estimators"": ""51"", ""max_depth"": ""3"", ""criterion"": ""gini""}",0.5403225806451613,0.578584439240177,123,0.5609756097560976,2.0145352939829078,4.917274120344583,-0.2470450239407401,3.6680965193718404,0.4715447154471545,0.4664021164021164,122,0.5163934426229508,0.29579408838573057,-0.05272705133815758,-0.45474205448186245,0.389231942552371,-0.11594936254188169
TSLA,sentiment_only,random_forest,2,0.0025,7,"{""n_estimators"": ""52"", ""max_depth"": ""3"", ""criterion"": ""gini""}",0.5403225806451613,0.5779013791308873,123,0.5934959349593496,1.8651421001856041,4.110633415778573,-0.2153574146317064,3.270399506250514,0.483739837398374,0.4832671957671958,122,0.5245901639344263,0.33344543145596417,-0.0032671603705427543,-0.46131833488289065,0.4390898335501552,-0.0070822252737302305
TSLA,sentiment_only,random_forest,2,0.0025,1337,"{""n_estimators"": ""280"", ""max_depth"": ""3"", ""criterion"": ""gini""}",0.5403225806451613,0.5756570387717929,123,0.5691056910569106,1.3952616979990797,2.2044633898405377,-0.3154515484469656,2.2481813296859143,0.5,0.48273809523809524,122,0.5573770491803278,1.1494565258552991,2.0043246051547285,-0.42128512928254835,1.6125670170656214,4.757643851726046
TSLA,sentiment_only,random_forest,2,0.0025,2024,"{""n_estimators"": ""55"", ""max_depth"": ""3"", ""criterion"": ""entropy""}",0.5443548387096774,0.5848946135831382,123,0.5853658536585366,2.3348885921709934,7.059335483573193,-0.2153574146317064,4.228973869804101,0.5,0.49404761904761907,122,0.5491803278688525,1.137259985890096,1.954894592758397,-0.40704582794158495,1.589641048834484,4.802640043368639
TSLA,sentiment_only,random_forest,2,0.0025,31415,"{""n_estimators"": ""62"", ""max_depth"": ""3"", ""criterion"": ""gini""}",0.5645161290322581,0.5846669268800417,123,0.5934959349593496,2.3579078596488907,7.23582210136281,-0.24742592515990366,4.086361508941884,0.491869918699187,0.48068783068783066,122,0.5491803278688525,0.5331156773978787,0.3041589868592973,-0.5034255251997724,0.6802098792510296,0.6041787148925337
TSLA,sentiment_only,random_forest,5,0.0075,42,"{""n_estimators"": ""343"", ""max_depth"": ""4"", ""criterion"": ""entropy""}",0.5387755102040817,0.521897810218978,48,0.5208333333333334,0.41324474488187285,0.47308114477275165,-0.39569520849030526,0.7745457900531749,0.4959349593495935,0.4791625256741536,49,0.5102040816326531,0.12702163359313262,-0.47335393800458536,-0.44477843272307843,0.2042748185921937,-1.0642466072524208
TSLA,sentiment_only,random_forest,5,0.0075,7,"{""n_estimators"": ""50"", ""max_depth"": ""4"", ""criterion"": ""gini""}",0.5265306122448979,0.5426466612597999,48,0.5208333333333334,0.20671750402705832,-0.2115023159004209,-0.4705877739993425,0.4002966562519336,0.5040650406504065,0.48853773272377926,49,0.5102040816326531,0.6909730827284162,2.3070791738867946,-0.354413002919443,1.063553147167092,6.509578245951621
TSLA,sentiment_only,random_forest,5,0.0075,1337,"{""n_estimators"": ""50"", ""max_depth"": ""4"", ""criterion"": ""gini""}",0.5346938775510204,0.5335225736685592,48,0.5625,0.6151858933814299,1.7017911514203226,-0.39281471596076495,1.1487234415144245,0.5040650406504065,0.4858874975154045,49,0.46938775510204084,0.3423546249417106,0.06487950463461467,-0.4084046765678017,0.5336313482913788,0.15886082691279768
TSLA,sentiment_only,random_forest,5,0.0075,2024,"{""n_estimators"": ""51"", ""max_depth"": ""6"", ""criterion"": ""gini""}",0.5183673469387755,0.5307853473911869,48,0.5,0.5835771134462223,1.4802529531230242,-0.39098939282963,1.1728509842800081,0.483739837398374,0.47929503743457236,49,0.46938775510204084,0.6375016038899972,1.884985977927769,-0.5229521877753206,1.2125299271833432,3.6045092113423336
TSLA,sentiment_only,random_forest,5,0.0075,31415,"{""n_estimators"": ""50"", ""max_depth"": ""4"", ""criterion"": ""gini""}",0.5346938775510204,0.530346039470127,48,0.5208333333333334,0.292414397269798,0.022773635514913737,-0.42464673302932066,0.5648388897566012,0.508130081300813,0.4897303385675479,49,0.46938775510204084,-0.00674715029632377,-0.6611442653998068,-0.5297467117718295,-0.010609687990844073,-1.248038450655966
TSLA,sentiment_only,random_forest,10,0.01,42,"{""n_estimators"": ""343"", ""max_depth"": ""4"", ""criterion"": ""entropy""}",0.5083333333333333,0.5297657425317,23,0.43478260869565216,-0.1995641122425462,-0.9825595970181689,-0.4194373126538932,-0.2596299316600099,0.47560975609756095,0.4834811970338983,24,0.2916666666666667,-1.4066729048461544,-0.9999133562819582,-0.6307371676716447,-2.7259593357162957,-1.5853090756853938
TSLA,sentiment_only,random_forest,10,0.01,7,"{""n_estimators"": ""51"", ""max_depth"": ""5"", ""criterion"": ""gini""}",0.49583333333333335,0.5291926355756142,23,0.6086956521739131,1.635752891603265,8268.423472053355,-0.2306914422054322,4.2252626022335695,0.4959349593495935,0.4923199152542373,24,0.4166666666666667,0.022815319299063528,-0.7481381761429134,-0.5628090690962183,0.056767438755573926,-1.3292930359923023
TSLA,sentiment_only,random_forest,10,0.01,1337,"{""n_estimators"": ""266"", ""max_depth"": ""4"", ""criterion"": ""gini""}",0.49583333333333335,0.5373235905150798,23,0.4782608695652174,-0.13208741353666628,-0.9717356255388061,-0.40968151413587384,-0.1679921158985465,0.483739837398374,0.49718617584745767,24,0.2916666666666667,-1.4066729048461544,-0.9999133562819582,-0.6307371676716447,-2.7259593357162957,-1.5853090756853938
TSLA,sentiment_only,random_forest,10,0.01,2024,"{""n_estimators"": ""500"", ""max_depth"": ""4"", ""criterion"": ""gini""}",0.5125,0.5277956873701555,23,0.4782608695652174,-0.13208741353666628,-0.9717356255388061,-0.40968151413587384,-0.1679921158985465,0.5,0.4951337394067797,24,0.3333333333333333,-0.49746977483272026,-0.987049300767442,-0.5628090690962182,-1.2862322274031084,-1.7537906813628397
TSLA,sentiment_only,random_forest,10,0.01,31415,"{""n_estimators"": ""500"", ""max_depth"": ""5"", ""criterion"": ""gini""}",0.49166666666666664,0.5298373809012107,23,0.4782608695652174,-0.13208741353666628,-0.9717356255388061,-0.40968151413587384,-0.1679921158985465,0.4634146341463415,0.4832825741525424,24,0.375,-0.07059697804099117,-0.851695268545868,-0.5628090690962181,-0.18194394510750644,-1.5132934334436992
TSLA,technical_only,random_forest,2,0.0025,42,"{""n_estimators"": ""51"", ""max_depth"": ""3"", ""criterion"": ""gini""}",0.5443548387096774,0.5848295602393964,123,0.4796747967479675,-0.9115607809921676,-0.6975140386728305,-0.5962542343482741,-1.4050489475423609,0.524390243902439,0.5436507936507936,122,0.5409836065573771,-0.17720665902454724,-0.4999760417883722,-0.6667659568012314,-0.2307046176734592,-0.7498523832665009
TSLA,technical_only,random_forest,2,0.0025,7,"{""n_estimators"": ""149"", ""max_depth"": ""7"", ""criterion"": ""entropy""}",0.5403225806451613,0.5599791829300026,123,0.5609756097560976,2.6563120436247263,9.904061287654619,-0.24186575766206825,4.398355468316798,0.5040650406504065,0.5041666666666668,122,0.5081967213114754,1.4232528643766402,3.404955618828863,-0.47951847025603267,3.1694033193175635,7.100780950128638
TSLA,technical_only,random_forest,2,0.0025,1337,"{""n_estimators"": ""338"", ""max_depth"": ""3"", ""criterion"": ""entropy""}",0.5362903225806451,0.5809263596148841,123,0.4634146341463415,-1.0862012341626948,-0.7468859839356722,-0.6175159375364745,-1.6900487068325902,0.5203252032520326,0.5375661375661376,122,0.5409836065573771,-0.1712326929624643,-0.4959180699121011,-0.6654594233668699,-0.22280157862314862,-0.7452266096150837
TSLA,technical_only,random_forest,2,0.0025,2024,"{""n_estimators"": ""369"", ""max_depth"": ""3"", ""criterion"": ""gini""}",0.5362903225806451,0.5746812386156649,123,0.4715447154471545,-1.0728192925627134,-0.7434128330120248,-0.6149631897980581,-1.672519849781977,0.516260162601626,0.5318121693121693,122,0.5409836065573771,-0.1712326929624643,-0.4959180699121011,-0.6654594233668699,-0.22280157862314862,-0.7452266096150837
TSLA,technical_only,random_forest,2,0.0025,31415,"{""n_estimators"": ""276"", ""max_depth"": ""3"", ""criterion"": ""entropy""}",0.5362903225806451,0.5739005984907624,123,0.4634146341463415,-1.0862012341626948,-0.7468859839356722,-0.6175159375364745,-1.6900487068325902,0.524390243902439,0.544047619047619,122,0.5409836065573771,-0.1712326929624643,-0.4959180699121011,-0.6654594233668699,-0.22280157862314862,-0.7452266096150837
TSLA,technical_only,random_forest,5,0.0075,42,"{""n_estimators"": ""50"", ""max_depth"": ""4"", ""criterion"": ""gini""}",0.6040816326530613,0.6058394160583942,48,0.6041666666666666,1.6252042514049678,50.28785924089367,-0.2878756222003257,3.0763449198799475,0.5203252032520326,0.5510832836414232,49,0.6326530612244898,3.1365137472862434,4220.2344596741605,-0.2523510465124591,7.435173430020468,16723.665378046288
TSLA,technical_only,random_forest,5,0.0075,7,"{""n_estimators"": ""495"", ""max_depth"": ""3"", ""criterion"": ""gini""}",0.49795918367346936,0.5970532576371992,48,0.4166666666666667,-1.2712098080033296,-0.9911283833867867,-0.5619789973417456,-1.9397451164363533,0.5528455284552846,0.5844099913867356,49,0.5510204081632653,0.5305249728497241,0.9788217295105968,-0.4606807104817957,0.8585915682685711,2.124729139379227
TSLA,technical_only,random_forest,5,0.0075,1337,"{""n_estimators"": ""388"", ""max_depth"": ""3"", ""criterion"": ""gini""}",0.49795918367346936,0.5978642876453095,48,0.4166666666666667,-1.2712098080033296,-0.9911283833867867,-0.5619789973417456,-1.9397451164363533,0.5528455284552846,0.5880540647982508,49,0.5510204081632653,0.5305249728497241,0.9788217295105968,-0.4606807104817957,0.8585915682685711,2.124729139379227
TSLA,technical_only,random_forest,5,0.0075,2024,"{""n_estimators"": ""497"", ""max_depth"": ""3"", ""criterion"": ""entropy""}",0.5020408163265306,0.604352527710192,48,0.4166666666666667,-1.2712098080033296,-0.9911283833867867,-0.5619789973417456,-1.9397451164363533,0.5487804878048781,0.580898429735639,49,0.5306122448979592,0.3612349134794428,0.14174266967145588,-0.5153757452172869,0.5974185996730706,0.2750278238485902
TSLA,technical_only,random_forest,5,0.0075,31415,"{""n_estimators"": ""260"", ""max_depth"": ""3"", ""criterion"": ""entropy""}",0.5061224489795918,0.604352527710192,48,0.4166666666666667,-1.2712098080033296,-0.9911283833867867,-0.5619789973417456,-1.9397451164363533,0.5487804878048781,0.5810971973762671,49,0.5510204081632653,0.5305249728497241,0.9788217295105968,-0.4606807104817957,0.8585915682685711,2.124729139379227
TSLA,technical_only,random_forest,10,0.01,42,"{""n_estimators"": ""50"", ""max_depth"": ""3"", ""criterion"": ""gini""}",0.5041666666666667,0.5925567734078373,23,0.4782608695652174,-0.027230821575785383,-0.9188877178722765,-0.3936798704317416,-0.0419747926233739,0.5284552845528455,0.5884202860169492,24,0.375,-1.7952253418992241,-0.9999883090235163,-0.7360925278422733,-2.9474517654107535,-1.3585089797811254
TSLA,technical_only,random_forest,10,0.01,7,"{""n_estimators"": ""50"", ""max_depth"": ""3"", ""criterion"": ""gini""}",0.49583333333333335,0.5768679704849918,23,0.4782608695652174,-0.027230821575785383,-0.9188877178722765,-0.3936798704317416,-0.0419747926233739,0.5284552845528455,0.5893802966101696,24,0.375,-1.7952253418992241,-0.9999883090235163,-0.7360925278422733,-2.9474517654107535,-1.3585089797811254
TSLA,technical_only,random_forest,10,0.01,1337,"{""n_estimators"": ""50"", ""max_depth"": ""3"", ""criterion"": ""entropy""}",0.49583333333333335,0.5797335052654202,23,0.4782608695652174,-0.027230821575785383,-0.9188877178722765,-0.3936798704317416,-0.0419747926233739,0.524390243902439,0.5802436440677966,24,0.375,-1.7952253418992241,-0.9999883090235163,-0.7360925278422733,-2.9474517654107535,-1.3585089797811254
TSLA,technical_only,random_forest,10,0.01,2024,"{""n_estimators"": ""500"", ""max_depth"": ""17"", ""criterion"": ""gini""}",0.5875,0.5737875205960313,23,0.5652173913043478,1.4691521331922468,2966.933401219945,-0.23709995623239208,4.046016369332719,0.5894308943089431,0.6003045550847458,24,0.625,1.8244422556889164,3975.1358171646616,-0.29694311335342094,5.760355048344215,13386.859766750897
TSLA,technical_only,random_forest,10,0.01,31415,"{""n_estimators"": ""215"", ""max_depth"": ""3"", ""criterion"": ""entropy""}",0.4791666666666667,0.5767246937459704,23,0.43478260869565216,-0.2941941942347098,-0.9880394931988858,-0.4908731662261286,-0.4712811584208183,0.524390243902439,0.5846795550847457,24,0.375,-1.7952253418992241,-0.9999883090235163,-0.7360925278422733,-2.9474517654107535,-1.3585089797811254
TSLA,learned_alpha_per_stock,random_forest,2,0.0025,42,"{""n_estimators"": ""343"", ""max_depth"": ""4"", ""criterion"": ""entropy""}",0.5524193548387096,0.5808287795992715,123,0.5609756097560976,1.6643130238997077,3.183796906398543,-0.20563607175010712,2.554987273636817,0.516260162601626,0.5310185185185186,122,0.5327868852459017,2.0735594135045976,9.174976966181086,-0.2412270381617645,3.7434983819647316,38.03461268727445
TSLA,learned_alpha_per_stock,random_forest,2,0.0025,7,"{""n_estimators"": ""50"", ""max_depth"": ""3"", ""criterion"": ""entropy""}",0.5645161290322581,0.5942622950819672,123,0.5853658536585366,2.6153910656241917,9.476100146684008,-0.24186575766206833,3.936509991874684,0.524390243902439,0.5338293650793652,122,0.5737704918032787,1.654782044745173,4.948069106353942,-0.2372551302513944,3.19196790869503,20.855477818797812
TSLA,learned_alpha_per_stock,random_forest,2,0.0025,1337,"{""n_estimators"": ""248"", ""max_depth"": ""5"", ""criterion"": ""entropy""}",0.5483870967741935,0.5735102784283113,123,0.5609756097560976,1.5180320977130546,2.615882190432769,-0.3053065579332782,2.2387128766018045,0.524390243902439,0.5181216931216931,122,0.5573770491803278,1.330365790802531,2.8634079351682686,-0.2148732986045785,2.2788162618079815,13.326029589361251
TSLA,learned_alpha_per_stock,random_forest,2,0.0025,2024,"{""n_estimators"": ""500"", ""max_depth"": ""4"", ""criterion"": ""entropy""}",0.5483870967741935,0.5790398126463701,123,0.5528455284552846,1.9249452807875789,4.399964341359736,-0.2640799087658716,2.8952745757697294,0.5365853658536586,0.5292989417989418,122,0.5409836065573771,2.471789376231592,15.962175129619133,-0.22472677351557444,5.712586301563686,71.02925423575707
TSLA,learned_alpha_per_stock,random_forest,2,0.0025,31415,"{""n_estimators"": ""133"", ""max_depth"": ""3"", ""criterion"": ""gini""}",0.5161290322580645,0.579495186052563,123,0.5040650406504065,1.193656150093025,1.619535079132929,-0.23500863775354514,2.031707678737338,0.5040650406504065,0.5422949735449735,122,0.5655737704918032,1.6202437120180717,4.620448732093143,-0.3414743473071496,2.4669515516410128,13.530880924232761
TSLA,learned_alpha_per_stock,random_forest,5,0.0075,42,"{""n_estimators"": ""494"", ""max_depth"": ""3"", ""criterion"": ""gini""}",0.5306122448979592,0.5997904839145716,48,0.5,0.08635239869988207,-0.47802574663188435,-0.37522501509280926,0.1267110204347754,0.516260162601626,0.5523421453654012,49,0.4897959183673469,-0.29412770313871694,-0.8667027251082522,-0.5139449694350252,-0.5034561265084324,-1.6863726209072738
TSLA,learned_alpha_per_stock,random_forest,5,0.0075,7,"{""n_estimators"": ""500"", ""max_depth"": ""3"", ""criterion"": ""gini""}",0.5346938775510204,0.597999459313328,48,0.5,0.08635239869988207,-0.47802574663188435,-0.37522501509280926,0.1267110204347754,0.5203252032520326,0.5449546147220565,49,0.4897959183673469,-0.29412770313871694,-0.8667027251082522,-0.5139449694350252,-0.5034561265084324,-1.6863726209072738
TSLA,learned_alpha_per_stock,random_forest,5,0.0075,1337,"{""n_estimators"": ""53"", ""max_depth"": ""6"", ""criterion"": ""gini""}",0.5591836734693878,0.6143552311435523,48,0.5625,0.9540935846361178,6.089833317169394,-0.25704107781693447,1.341089024463373,0.5284552845528455,0.5463459882064533,49,0.4897959183673469,0.3630586764707817,0.1613431314661018,-0.3509826139254851,0.6490728473525048,0.45968981101826184
TSLA,learned_alpha_per_stock,random_forest,5,0.0075,2024,"{""n_estimators"": ""364"", ""max_depth"": ""3"", ""criterion"": ""gini""}",0.5224489795918368,0.596647742633144,48,0.5,0.08635239869988207,-0.47802574663188435,-0.37522501509280926,0.1267110204347754,0.5203252032520326,0.5505532365997483,49,0.5306122448979592,-0.06564944190442015,-0.7185598851673898,-0.46725975402733244,-0.11089404384450116,-1.5378167688830258
TSLA,learned_alpha_per_stock,random_forest,5,0.0075,31415,"{""n_estimators"": ""51"", ""max_depth"": ""9"", ""criterion"": ""gini""}",0.5469387755102041,0.605940794809408,48,0.5416666666666666,0.605272938312132,1.5066321677597192,-0.25704107781693447,0.8558039862658067,0.508130081300813,0.5459815808653018,49,0.42857142857142855,-0.7056236950550588,-0.9651330050401825,-0.5171738775454836,-1.2001148230888559,-1.8661673509511363
TSLA,learned_alpha_per_stock,random_forest,10,0.01,42,"{""n_estimators"": ""64"", ""max_depth"": ""4"", ""criterion"": ""entropy""}",0.55,0.6219643240919837,23,0.4782608695652174,0.827477995297065,41.20647018987353,-0.29474913526071606,1.981034330585658,0.5203252032520326,0.565380031779661,24,0.3333333333333333,-1.5561260264995984,-0.9999618776395424,-0.6452477765437549,-2.5504662743913626,-1.549733162965396
TSLA,learned_alpha_per_stock,random_forest,10,0.01,7,"{""n_estimators"": ""497"", ""max_depth"": ""9"", ""criterion"": ""gini""}",0.5458333333333333,0.6043054660075937,23,0.5652173913043478,1.5465446492391897,4822.716204368854,-0.2947491352607162,4.503931340570879,0.5447154471544715,0.5777608580508475,24,0.5,-0.2207111968282508,-0.9417181883764526,-0.36881745136936966,-0.4545223340506323,-2.5533449810468007
TSLA,learned_alpha_per_stock,random_forest,10,0.01,1337,"{""n_estimators"": ""248"", ""max_depth"": ""5"", ""criterion"": ""entropy""}",0.5166666666666667,0.610287269861738,23,0.5217391304347826,1.4674261522181413,2954.0846374793987,-0.29474913526071617,4.361899319808939,0.5121951219512195,0.5708421610169491,24,0.375,-1.1145304177309743,-0.9996256317540451,-0.5590263178516575,-1.810417292258456,-1.788154868263831
TSLA,learned_alpha_per_stock,random_forest,10,0.01,2024,"{""n_estimators"": ""341"", ""max_depth"": ""6"", ""criterion"": ""gini""}",0.5291666666666667,0.6135468156744752,23,0.5217391304347826,1.4674261522181413,2954.0846374793987,-0.29474913526071617,4.361899319808939,0.516260162601626,0.5727952860169492,24,0.4583333333333333,-0.7997354014265801,-0.9979330431314349,-0.4811014891922958,-1.3170480377055784,-2.074267208789624
TSLA,learned_alpha_per_stock,random_forest,10,0.01,31415,"{""n_estimators"": ""500"", ""max_depth"": ""7"", ""criterion"": ""gini""}",0.5291666666666667,0.6099648971989399,23,0.5217391304347826,1.4674261522181413,2954.0846374793987,-0.29474913526071617,4.361899319808939,0.540650406504065,0.5750132415254238,24,0.5,-0.8950278917776228,-0.9987826130607281,-0.5066138866768248,-1.5537487195362922,-1.971486844966537
TSLA,learned_alpha_global,random_forest,2,0.0025,42,"{""n_estimators"": ""348"", ""max_depth"": ""3"", ""criterion"": ""gini""}",0.5403225806451613,0.6075657038771793,123,0.5121951219512195,0.7699099613670307,0.6997598782845722,-0.49435807631076173,1.1688083609261202,0.516260162601626,0.5276785714285714,122,0.6065573770491803,2.479188918690176,15.964883932054107,-0.21872308587544817,4.161361733911068,72.99130710484447
TSLA,learned_alpha_global,random_forest,2,0.0025,7,"{""n_estimators"": ""185"", ""max_depth"": ""3"", ""criterion"": ""entropy""}",0.5725806451612904,0.6144288316419464,123,0.5528455284552846,2.120575495436327,5.533043916998434,-0.25959792560414646,3.206294338743714,0.5284552845528455,0.544510582010582,122,0.5655737704918032,2.431910221918778,15.097628868763575,-0.20328713723763572,4.933810861138134,74.2675069063271
TSLA,learned_alpha_global,random_forest,2,0.0025,1337,"{""n_estimators"": ""248"", ""max_depth"": ""5"", ""criterion"": ""entropy""}",0.5685483870967742,0.6036625032526672,123,0.5284552845528455,1.2493888853394564,1.7623245353004289,-0.4292943855883351,1.8843202114454682,0.508130081300813,0.5366732804232804,122,0.5409836065573771,0.9541850944149065,1.3244200615398896,-0.4188424148461331,1.398437581981116,3.162096326911952
TSLA,learned_alpha_global,random_forest,2,0.0025,2024,"{""n_estimators"": ""347"", ""max_depth"": ""3"", ""criterion"": ""entropy""}",0.5806451612903226,0.620023419203747,123,0.5528455284552846,2.0003981164113975,4.813407558685389,-0.25959792560414663,3.0128306848041064,0.5365853658536586,0.5543320105820106,122,0.5819672131147541,2.919441224737968,28.398605072591533,-0.20328713723763578,6.206645674665802,139.6970091589933
TSLA,learned_alpha_global,random_forest,2,0.0025,31415,"{""n_estimators"": ""276"", ""max_depth"": ""3"", ""criterion"": ""entropy""}",0.5443548387096774,0.6055165235493104,123,0.5040650406504065,0.7707836898123849,0.7012910352685269,-0.49435807631076173,1.17116100209138,0.5284552845528455,0.5407738095238095,122,0.6065573770491803,2.568924980775639,17.981779192919475,-0.24624635538717127,4.4310284016707,73.02353435707448
TSLA,learned_alpha_global,random_forest,5,0.0075,42,"{""n_estimators"": ""51"", ""max_depth"": ""17"", ""criterion"": ""entropy""}",0.5551020408163265,0.6102662881859962,48,0.5208333333333334,0.38837654606085154,0.37102607686579536,-0.3438591068740462,0.7753850549100311,0.5772357723577236,0.567879149274498,49,0.6326530612244898,2.668987567986756,1261.836510508753,-0.23654204553494132,5.273184841162969,5334.512549999734
TSLA,learned_alpha_global,random_forest,5,0.0075,7,"{""n_estimators"": ""500"", ""max_depth"": ""12"", ""criterion"": ""gini""}",0.5265306122448979,0.5918153555014869,48,0.5208333333333334,0.5904794478442906,1.526079143808829,-0.406302630125786,1.2010189418778874,0.573170731707317,0.5758298548996224,49,0.5306122448979592,1.1102730581716818,11.742615228663443,-0.43475881459655796,1.7696149937591192,27.00949315900635
TSLA,learned_alpha_global,random_forest,5,0.0075,1337,"{""n_estimators"": ""420"", ""max_depth"": ""10"", ""criterion"": ""gini""}",0.5020408163265306,0.5889767504731008,48,0.5208333333333334,0.3358952001390938,0.16935230944708857,-0.43433777726094364,0.6711289004750773,0.5691056910569106,0.5732790035115617,49,0.5714285714285714,1.270789048585896,20.03566038489136,-0.43475881459655796,1.9754103262738982,46.08454092755728
TSLA,learned_alpha_global,random_forest,5,0.0075,2024,"{""n_estimators"": ""50"", ""max_depth"": ""10"", ""criterion"": ""entropy""}",0.5265306122448979,0.6092525006758583,48,0.5625,0.9617799414878774,6.610110851771835,-0.3642171748928217,1.8715308469179759,0.5487804878048781,0.5603922348108394,49,0.5306122448979592,0.9128673151706755,5.822299974693214,-0.43475881459655824,1.494284905618042,13.39202283936696
TSLA,learned_alpha_global,random_forest,5,0.0075,31415,"{""n_estimators"": ""317"", ""max_depth"": ""11"", ""criterion"": ""gini""}",0.5387755102040817,0.5985063530683968,48,0.5625,0.7807934399975017,3.4556234681732567,-0.406302630125786,1.5809366396671038,0.5772357723577236,0.5705293844828728,49,0.5510204081632653,1.1360511826259037,12.815791706491975,-0.43475881459655796,1.8068041007741054,29.47793414696977
TSLA,learned_alpha_global,random_forest,10,0.01,42,"{""n_estimators"": ""51"", ""max_depth"": ""12"", ""criterion"": ""entropy""}",0.5375,0.6109678343720897,23,0.6086956521739131,1.3116530048009003,1034.7869059006325,-0.2719080569091957,2.54548379505488,0.532520325203252,0.5605137711864407,24,0.2916666666666667,-1.917547964295062,-0.99999292391499,-0.634168524641562,-3.829244254450448,-1.576856758194039
TSLA,learned_alpha_global,random_forest,10,0.01,7,"{""n_estimators"": ""355"", ""max_depth"": ""11"", ""criterion"": ""gini""}",0.5166666666666667,0.6025861451393366,23,0.5652173913043478,1.2352829011037003,632.1945857047721,-0.2719080569091957,2.4654281526420454,0.5284552845528455,0.5513440148305085,24,0.375,-1.1879559366924202,-0.9997289422483995,-0.4823114348030997,-2.4894790075603415,-2.0727871456262115
TSLA,learned_alpha_global,random_forest,10,0.01,1337,"{""n_estimators"": ""50"", ""max_depth"": ""10"", ""criterion"": ""gini""}",0.525,0.5997206103589083,23,0.5652173913043478,1.7771662933332757,18926.63569342653,-0.11677459068669406,4.108562210252648,0.5365853658536586,0.5619041313559323,24,0.3333333333333333,-1.4348854398167679,-0.9999245689999057,-0.5416864779716882,-3.0234394581056723,-1.8459470739311452
TSLA,learned_alpha_global,random_forest,10,0.01,2024,"{""n_estimators"": ""50"", ""max_depth"": ""11"", ""criterion"": ""gini""}",0.5291666666666667,0.6024428684003152,23,0.5652173913043478,1.7771662933332757,18926.63569342653,-0.11677459068669406,4.108562210252648,0.5203252032520326,0.5557468220338985,24,0.3333333333333333,-1.4348854398167679,-0.9999245689999057,-0.5416864779716882,-3.0234394581056723,-1.8459470739311452
TSLA,learned_alpha_global,random_forest,10,0.01,31415,"{""n_estimators"": ""417"", ""max_depth"": ""11"", ""criterion"": ""gini""}",0.5208333333333334,0.5948133820474246,23,0.5652173913043478,1.2352829011037003,632.1945857047721,-0.2719080569091957,2.4654281526420454,0.532520325203252,0.5514102224576272,24,0.375,-1.1879559366924202,-0.9997289422483995,-0.4823114348030997,-2.4894790075603415,-2.0727871456262115
