Stock,Ablation,Model,Horizon,Threshold,Seed,Best_Params,Val_Accuracy,Val_ROC_AUC,Val_Trades,Val_WinRate,Val_Sharpe,Val_AnnualReturn,Val_MDD,Val_Sortino,Test_Accuracy,Test_ROC_AUC,Test_Trades,Test_WinRate,Test_Sharpe,Test_AnnualReturn,Test_MDD,Test_Sortino,Test_Calmar
AAPL,full_70_30,svm,2,0.0025,42,"{""C"": 9.256818992066885, ""gamma"": 0.08580760619921303, ""kernel"": ""linear""}",0.5161290322580645,0.599333855799373,123,0.45528455284552843,0.05133130925805505,-0.025045778271715835,-0.18883393499275755,0.10206723411823944,0.4796747967479675,0.4641534391534391,122,0.4098360655737705,-1.726760569536709,-0.5736794358820729,-0.4324495758406784,-2.3477972395080564,-1.3265811043214573
AAPL,full_70_30,svm,2,0.0025,7,"{""C"": 10.0, ""gamma"": 1.0, ""kernel"": ""linear""}",0.5,0.6199059561128527,123,0.43089430894308944,-1.790081653733777,-0.5709514770430664,-0.3407016025358826,-2.736774939074714,0.4959349593495935,0.48548280423280427,122,0.4016393442622951,-1.9189972564397066,-0.6091812760336182,-0.4179983680959428,-2.8516663219487373,-1.4573771634768518
AAPL,full_70_30,svm,2,0.0025,1337,"{""C"": 10.0, ""gamma"": 0.010537661217793001, ""kernel"": ""linear""}",0.5040322580645161,0.6004114420062696,123,0.4634146341463415,0.3204409546441645,0.0994615493250317,-0.13391741391385847,0.6470625456957657,0.4634146341463415,0.472420634920635,122,0.4016393442622951,-1.7728813910521701,-0.5824631864038203,-0.38899849268752285,-2.513037585714547,-1.4973404713722247
AAPL,full_70_30,svm,2,0.0025,2024,"{""C"": 0.7938236768030622, ""gamma"": 0.1200781457018476, ""kernel"": ""linear""}",0.5080645161290323,0.6125261233019854,123,0.4634146341463415,-0.23608464442112934,-0.14303583809116427,-0.252606209707307,-0.4042346791482076,0.491869918699187,0.4827380952380953,122,0.4016393442622951,-1.9834979491054303,-0.620476496841525,-0.4187919939759877,-2.7697769109864825,-1.4815863382457621
AAPL,full_70_30,svm,2,0.0025,31415,"{""C"": 9.341161803617371, ""gamma"": 0.014570168042817131, ""kernel"": ""linear""}",0.5040322580645161,0.6038401253918496,123,0.44715447154471544,-0.3849461866491581,-0.19834727919282713,-0.252606209707307,-0.6666741539151017,0.4634146341463415,0.4729166666666667,122,0.38524590163934425,-2.4356689266668865,-0.6899245170176649,-0.47097056410281746,-3.450294843260558,-1.4648994429873703
AAPL,full_70_30,svm,5,0.005,42,"{""C"": 0.1, ""gamma"": 1.0, ""kernel"": ""linear""}",0.49795918367346936,0.5681292517006802,48,0.375,-1.3818212238222807,-0.7923618068139582,-0.24678474900240593,-2.615630210190709,0.4268292682926829,0.4931515913451995,49,0.30612244897959184,-2.948404069407868,-0.9780599997106483,-0.5681640973498757,-3.7642047186692533,-1.7214392888826948
AAPL,full_70_30,svm,5,0.005,7,"{""C"": 0.1, ""gamma"": 0.08680046896184634, ""kernel"": ""linear""}",0.4897959183673469,0.5628571428571428,48,0.375,-0.5463065329388814,-0.500591473790326,-0.22615001188658287,-1.0915528242335768,0.483739837398374,0.49335009594388934,49,0.3673469387755102,-2.158261155592281,-0.9468334489676777,-0.46094066971756853,-2.749836503250105,-2.0541330179170987
AAPL,full_70_30,svm,5,0.005,1337,"{""C"": 0.1, ""gamma"": 0.08195343989980221, ""kernel"": ""linear""}",0.5020408163265306,0.5658503401360544,48,0.375,-1.3818212238222807,-0.7923618068139582,-0.24678474900240593,-2.615630210190709,0.42276422764227645,0.4940448620393039,49,0.30612244897959184,-2.948404069407868,-0.9780599997106483,-0.5681640973498757,-3.7642047186692533,-1.7214392888826948
AAPL,full_70_30,svm,5,0.005,2024,"{""C"": 0.1, ""gamma"": 1.0, ""kernel"": ""linear""}",0.46938775510204084,0.5630272108843537,48,0.3333333333333333,-2.4812296479201947,-0.9288671658806577,-0.3662553512629615,-4.45263116309329,0.4634146341463415,0.5085687818434461,49,0.32653061224489793,-2.522803798595382,-0.9650553075640853,-0.5272575085140933,-3.2524864575797117,-1.8303301365660685
AAPL,full_70_30,svm,5,0.005,31415,"{""C"": 0.1, ""gamma"": 1.0, ""kernel"": ""linear""}",0.5183673469387755,0.5606802721088435,48,0.3958333333333333,0.08142697267044885,-0.020580875421583156,-0.21014698105561455,0.19128026736544726,0.508130081300813,0.4943426189373387,49,0.3673469387755102,-1.5908885939652406,-0.8941550180217779,-0.41585420714818505,-2.1145657811158487,-2.1501646554297227
AAPL,full_70_30,svm,10,0.01,42,"{""C"": 10.0, ""gamma"": 0.6838277045056104, ""kernel"": ""rbf""}",0.5208333333333334,0.5418302627604954,23,0.391304347826087,-2.16798673795293,-0.9927718505134058,-0.35807005844812023,-3.2447739996802603,0.491869918699187,0.5276969857218403,24,0.5416666666666666,-0.7420960814559808,-0.8654071486577803,-0.35054621804722685,-0.9179629023911455,-2.468739082334614
AAPL,full_70_30,svm,10,0.01,7,"{""C"": 6.81323639821959, ""gamma"": 1.0, ""kernel"": ""rbf""}",0.5375,0.5409996979764422,23,0.391304347826087,-2.1306960253417575,-0.9922660412228753,-0.35409498038349724,-3.1740870818533247,0.483739837398374,0.5054865150713908,24,0.4583333333333333,-1.4011689814557462,-0.9686651528216987,-0.39725486539803684,-1.808005253252049,-2.4383972033951724
AAPL,full_70_30,svm,10,0.01,1337,"{""C"": 10.0, ""gamma"": 1.0, ""kernel"": ""rbf""}",0.5291666666666667,0.5389987919057686,23,0.391304347826087,-2.1306960253417575,-0.9922660412228753,-0.35409498038349724,-3.1740870818533247,0.4715447154471545,0.504494976203067,24,0.4166666666666667,-1.5057789161840012,-0.9748425212323832,-0.4097285686243502,-1.9473890481097964,-2.379239808699169
AAPL,full_70_30,svm,10,0.01,2024,"{""C"": 9.920631885784548, ""gamma"": 0.9804886491910412, ""kernel"": ""rbf""}",0.525,0.5403956508607671,23,0.391304347826087,-2.1306960253417575,-0.9922660412228753,-0.35409498038349724,-3.1740870818533247,0.4715447154471545,0.504362771020624,24,0.4166666666666667,-1.5057789161840012,-0.9748425212323832,-0.4097285686243502,-1.9473890481097964,-2.379239808699169
AAPL,full_70_30,svm,10,0.01,31415,"{""C"": 9.211602000455082, ""gamma"": 0.9499558310888322, ""kernel"": ""linear""}",0.42916666666666664,0.5417170039263063,23,0.2608695652173913,-0.9496022624180052,-0.9131157457459325,-0.2359968899455447,-1.7215602715400748,0.5447154471544715,0.5497752511898467,24,0.375,-1.0143147615725019,-0.9272751994959257,-0.3598248567591341,-1.2829085527755173,-2.57701818559089
AAPL,equal_50_50,svm,2,0.0025,42,"{""C"": 0.2962733863921881, ""gamma"": 0.10881484518104191, ""kernel"": ""rbf""}",0.46774193548387094,0.5938153082549635,123,0.4065040650406504,-2.73480801057293,-0.7140070986115374,-0.46810760857781997,-4.103696111225751,0.5121951219512195,0.5115079365079365,122,0.3770491803278688,-2.1287179771184976,-0.6444126827815448,-0.4386939519673855,-3.192078656597669,-1.4689345040923962
AAPL,equal_50_50,svm,2,0.0025,7,"{""C"": 1.0427265875939884, ""gamma"": 0.014464834912710499, ""kernel"": ""rbf""}",0.5443548387096774,0.5925744514106582,123,0.4715447154471545,0.29428040178107506,0.08668630757845608,-0.17848142065110204,0.5776689650937233,0.5040650406504065,0.48511904761904767,122,0.5,1.1078184875116617,0.5813145862031652,-0.16018133451992442,1.9164931008581438,3.629103153281929
AAPL,equal_50_50,svm,2,0.0025,1337,"{""C"": 6.241771526141971, ""gamma"": 0.7191413528619333, ""kernel"": ""linear""}",0.5443548387096774,0.5736677115987461,123,0.4959349593495935,0.690662288301746,0.29587520503147546,-0.1650776257996193,1.3627413700739588,0.47560975609756095,0.46170634920634923,122,0.4262295081967213,-1.5597637604987429,-0.539901541150474,-0.41110743125997645,-2.0969373355502365,-1.313285774221509
AAPL,equal_50_50,svm,2,0.0025,2024,"{""C"": 3.903391823648381, ""gamma"": 0.21832834776576682, ""kernel"": ""linear""}",0.5443548387096774,0.5692920585161965,123,0.5040650406504065,0.7799904364962249,0.3480094508563203,-0.1650776257996193,1.526152278537295,0.47560975609756095,0.4648809523809524,122,0.4262295081967213,-1.5597637604987429,-0.539901541150474,-0.41110743125997645,-2.0969373355502365,-1.313285774221509
AAPL,equal_50_50,svm,2,0.0025,31415,"{""C"": 4.356833360717388, ""gamma"": 0.734755189115493, ""kernel"": ""linear""}",0.5524193548387096,0.5728513584117033,123,0.4878048780487805,0.4796597122939662,0.18013943169165936,-0.15431193818551364,0.9177974729944103,0.4878048780487805,0.46408730158730155,122,0.48360655737704916,0.49654987712580734,0.19508756415707684,-0.14774160956403853,0.8424563054752365,1.3204645917473656
AAPL,equal_50_50,svm,5,0.005,42,"{""C"": 1.7177621112338384, ""gamma"": 0.16722697006183682, ""kernel"": ""rbf""}",0.5551020408163265,0.5562585034013606,48,0.5833333333333334,0.8734475371662297,1.260759506579618,-0.1435875089724286,1.4112063899644283,0.5528455284552846,0.5778799708859922,49,0.5306122448979592,0.3776863034930674,0.3911482831092401,-0.27813165295670983,0.577619840788851,1.4063422086306765
AAPL,equal_50_50,svm,5,0.005,7,"{""C"": 9.101484290665306, ""gamma"": 0.07982181694798324, ""kernel"": ""rbf""}",0.563265306122449,0.5680272108843537,48,0.6041666666666666,1.3412924437191256,2.6447871655477293,-0.11479474278828619,2.0128125348546346,0.5609756097560976,0.5717594124263878,49,0.5102040816326531,0.273944852832133,0.21326707447021964,-0.27813165295671,0.42613978734145264,0.7667846223292455
AAPL,equal_50_50,svm,5,0.005,1337,"{""C"": 0.37522227764354277, ""gamma"": 0.01024130852736772, ""kernel"": ""rbf""}",0.4204081632653061,0.562312925170068,48,0.3125,-2.771560054538949,-0.9451685560972972,-0.3969090732267288,-5.463429826886395,0.5,0.5319261562892874,49,0.3877551020408163,-1.5634977116203852,-0.8904925083497315,-0.40435572544258824,-2.04444550417339,-2.202250276968482
AAPL,equal_50_50,svm,5,0.005,2024,"{""C"": 3.8556394473355713, ""gamma"": 0.01, ""kernel"": ""linear""}",0.5265306122448979,0.5743197278911565,48,0.375,-0.4115274534299298,-0.42284433437927516,-0.2180614453983288,-0.9179267471309588,0.4715447154471545,0.47005888969761134,49,0.32653061224489793,-2.525056128833235,-0.9651419187394511,-0.5034212931286423,-3.2576490046818867,-1.917165467398739
AAPL,equal_50_50,svm,5,0.005,31415,"{""C"": 0.8342176807019875, ""gamma"": 0.012983251726144118, ""kernel"": ""rbf""}",0.563265306122449,0.5489795918367347,48,0.5208333333333334,1.2261701218334926,2.250697036962987,-0.1144999078517326,2.6882832266022865,0.5365853658536586,0.512571957917025,49,0.40816326530612246,0.10046178741306884,-0.03382309162975561,-0.20946555078769388,0.19428186734094213,-0.16147329001147961
AAPL,equal_50_50,svm,10,0.01,42,"{""C"": 4.891320539683437, ""gamma"": 1.0, ""kernel"": ""rbf""}",0.5375,0.5570824524312896,23,0.4782608695652174,-0.8694227588035134,-0.8964601883501404,-0.2341474669316726,-1.303635602316909,0.47560975609756095,0.4611977789529349,24,0.375,-1.7451522124239525,-0.9845949354401381,-0.40628145412008115,-2.133191800465275,-2.423430667226887
AAPL,equal_50_50,svm,10,0.01,7,"{""C"": 7.74442947985144, ""gamma"": 0.010063624661096735, ""kernel"": ""linear""}",0.49166666666666664,0.5363183328299607,23,0.30434782608695654,-0.21307512606867263,-0.5262988654443914,-0.26707145379128044,-0.4366901473487578,0.483739837398374,0.4957694341618191,24,0.2916666666666667,-1.6094617188064027,-0.9796822819120496,-0.39050099149104217,-2.1173557994676933,-2.508783084445825
AAPL,equal_50_50,svm,10,0.01,1337,"{""C"": 9.848087386101504, ""gamma"": 0.010637595517417907, ""kernel"": ""linear""}",0.5208333333333334,0.5362050739957716,23,0.6086956521739131,2.287036371855374,93.46637091445052,-0.0787541609064469,6.286324989844341,0.508130081300813,0.5073373876255949,24,0.5,-0.6688129131225065,-0.8407547865962746,-0.2782894576156758,-0.8105587202606441,-3.0211521262777277
AAPL,equal_50_50,svm,10,0.01,2024,"{""C"": 6.110753189045929, ""gamma"": 0.9431987627574324, ""kernel"": ""rbf""}",0.5375,0.5557233464210208,23,0.4782608695652174,-0.8694227588035134,-0.8964601883501404,-0.2341474669316726,-1.303635602316909,0.4796747967479675,0.4658249603384452,24,0.375,-1.7451522124239525,-0.9845949354401381,-0.40628145412008115,-2.133191800465275,-2.423430667226887
AAPL,equal_50_50,svm,10,0.01,31415,"{""C"": 4.386840143783142, ""gamma"": 0.9097572617589341, ""kernel"": ""rbf""}",0.5375,0.5585925702204771,23,0.43478260869565216,-1.063082067472587,-0.9327269266768713,-0.26370236465361835,-1.6152643418193227,0.47560975609756095,0.47266657852987837,24,0.375,-1.7451522124239525,-0.9845949354401381,-0.40628145412008115,-2.133191800465275,-2.423430667226887
AAPL,news_only,svm,2,0.0025,42,"{""C"": 6.015294769244851, ""gamma"": 1.0, ""kernel"": ""linear""}",0.4959677419354839,0.60880355276907,123,0.43089430894308944,-0.48832415103305205,-0.23464514462453723,-0.27083476593945455,-0.8511516956388938,0.5,0.49037698412698416,122,0.4426229508196721,-0.9220356411943731,-0.38239449334328224,-0.28209039559993826,-1.2991145613044903,-1.3555743098946043
AAPL,news_only,svm,2,0.0025,7,"{""C"": 5.205861910118804, ""gamma"": 0.05398354077294161, ""kernel"": ""linear""}",0.5161290322580645,0.6271551724137933,123,0.4715447154471545,-0.5163749574459285,-0.24431669979869264,-0.31073902225268896,-0.8250690865762287,0.491869918699187,0.49050925925925926,122,0.39344262295081966,-1.7825106851859118,-0.5842196053799013,-0.4173770637180521,-2.664902995036968,-1.3997405611501335
AAPL,news_only,svm,2,0.0025,1337,"{""C"": 0.7603321726416833, ""gamma"": 0.019129701223147902, ""kernel"": ""linear""}",0.4879032258064516,0.5662225705329154,123,0.43089430894308944,-1.919283266357149,-0.5944901264801226,-0.35861136982107483,-2.917257065828235,0.491869918699187,0.48478835978835977,122,0.4016393442622951,-1.914125166132127,-0.608319006122924,-0.4173770637180516,-2.8412000457434696,-1.4574806787510928
AAPL,news_only,svm,2,0.0025,2024,"{""C"": 1.278450106318123, ""gamma"": 1.0, ""kernel"": ""linear""}",0.532258064516129,0.609587251828631,123,0.4715447154471545,-0.5163749574459285,-0.24431669979869264,-0.31073902225268896,-0.8250690865762287,0.4959349593495935,0.4853174603174604,122,0.39344262295081966,-1.7825106851859118,-0.5842196053799013,-0.4173770637180521,-2.664902995036968,-1.3997405611501335
AAPL,news_only,svm,2,0.0025,31415,"{""C"": 0.1023365552599441, ""gamma"": 0.37857147584052453, ""kernel"": ""linear""}",0.5040322580645161,0.6176201671891327,123,0.4634146341463415,-0.5610175895077102,-0.2592675519110099,-0.2721258236101452,-0.9098835233411064,0.491869918699187,0.49050925925925926,122,0.39344262295081966,-1.8981588323301688,-0.6054834492667016,-0.42662933574994244,-2.7962554748792106,-1.4192260084561785
AAPL,news_only,svm,5,0.005,42,"{""C"": 0.1, ""gamma"": 1.0, ""kernel"": ""linear""}",0.4857142857142857,0.572687074829932,48,0.3333333333333333,-2.4812296479201947,-0.9288671658806577,-0.3662553512629615,-4.45263116309329,0.483739837398374,0.5199827962681136,49,0.3469387755102041,-1.9087099659112952,-0.9283482413725774,-0.47363465370727775,-2.5420423113778985,-1.9600513478186672
AAPL,news_only,svm,5,0.005,7,"{""C"": 0.1023483964234782, ""gamma"": 0.9280180534574766, ""kernel"": ""linear""}",0.4816326530612245,0.5710204081632653,48,0.3125,-2.60044676730429,-0.9361654989250787,-0.3791893839063313,-4.6528492643128985,0.4634146341463415,0.5079401839475948,49,0.30612244897959184,-2.5627874996071727,-0.9665882425358064,-0.5313630886122536,-3.309162581579131,-1.8190729902978744
AAPL,news_only,svm,5,0.005,1337,"{""C"": 7.86441179079782, ""gamma"": 0.013229222652370972, ""kernel"": ""linear""}",0.4816326530612245,0.5772789115646259,48,0.3125,-3.0225944172954295,-0.9558782931180874,-0.42136306530008816,-5.583808565398785,0.47560975609756095,0.5011579434923576,49,0.32653061224489793,-2.0423605478770392,-0.9389651796123255,-0.4897953732695076,-2.7449474844829482,-1.91705604188234
AAPL,news_only,svm,5,0.005,2024,"{""C"": 0.1, ""gamma"": 1.0, ""kernel"": ""linear""}",0.4816326530612245,0.5697959183673469,48,0.3333333333333333,-2.4812296479201947,-0.9288671658806577,-0.3662553512629615,-4.45263116309329,0.483739837398374,0.5079732680473765,49,0.3469387755102041,-1.914180990406758,-0.9288201802695619,-0.4743105762759725,-2.5527627238362163,-1.9582531504191842
AAPL,news_only,svm,5,0.005,31415,"{""C"": 7.797064213902206, ""gamma"": 0.0534911322422218, ""kernel"": ""linear""}",0.4816326530612245,0.5748979591836735,48,0.3333333333333333,-2.4812296479201947,-0.9288671658806577,-0.3662553512629615,-4.45263116309329,0.483739837398374,0.5058889697611328,49,0.3469387755102041,-1.914180990406758,-0.9288201802695619,-0.4743105762759725,-2.5527627238362163,-1.9582531504191842
AAPL,news_only,svm,10,0.01,42,"{""C"": 9.256818992066885, ""gamma"": 0.08580760619921303, ""kernel"": ""linear""}",0.43333333333333335,0.5429628511023861,23,0.2608695652173913,-0.9496022624180052,-0.9131157457459325,-0.2359968899455447,-1.7215602715400748,0.5528455284552846,0.5549312533051296,24,0.375,-1.0143147615725019,-0.9272751994959257,-0.3598248567591341,-1.2829085527755173,-2.57701818559089
AAPL,news_only,svm,10,0.01,7,"{""C"": 7.5034098877129205, ""gamma"": 0.07900445668189261, ""kernel"": ""rbf""}",0.42083333333333334,0.5332980972515856,23,0.21739130434782608,-2.3012846458156875,-0.9942868100451498,-0.32007146828960037,-3.441003871298805,0.524390243902439,0.5784968270756213,24,0.3333333333333333,-1.340002601367877,-0.9643047896587861,-0.3897293130769209,-1.7202459181753955,-2.474293714387507
AAPL,news_only,svm,10,0.01,1337,"{""C"": 10.0, ""gamma"": 0.042920844929373765, ""kernel"": ""linear""}",0.4166666666666667,0.5400181214134703,23,0.21739130434782608,-1.6520413295710121,-0.9805478680997938,-0.3335430299301153,-2.7873465228065646,0.5447154471544715,0.5499074563722898,24,0.375,-1.0143147615725019,-0.9272751994959257,-0.3598248567591341,-1.2829085527755173,-2.57701818559089
AAPL,news_only,svm,10,0.01,2024,"{""C"": 8.323873637181993, ""gamma"": 0.06370105470908667, ""kernel"": ""rbf""}",0.3875,0.5384324977348234,23,0.17391304347826086,-2.6552274089926895,-0.9968444864686632,-0.3559299354942303,-3.9546860855248642,0.5284552845528455,0.5745967741935484,24,0.3333333333333333,-1.340002601367877,-0.9643047896587861,-0.3897293130769209,-1.7202459181753955,-2.474293714387507
AAPL,news_only,svm,10,0.01,31415,"{""C"": 7.797064213902206, ""gamma"": 0.0534911322422218, ""kernel"": ""linear""}",0.425,0.5460585925702205,23,0.2608695652173913,-0.9496022624180052,-0.9131157457459325,-0.2359968899455447,-1.7215602715400748,0.5487804878048781,0.5518574828133262,24,0.375,-1.0143147615725019,-0.9272751994959257,-0.3598248567591341,-1.2829085527755173,-2.57701818559089
AAPL,social_only,svm,2,0.0025,42,"{""C"": 1.9672764411820232, ""gamma"": 0.010163353480914293, ""kernel"": ""rbf""}",0.5282258064516129,0.544474921630094,123,0.5447154471544715,1.6744156773021628,0.9877641539585036,-0.133214104249225,3.2142379626924527,0.4715447154471545,0.4382275132275132,122,0.48360655737704916,1.401854516035699,0.805940017309714,-0.11058258960613852,2.639840714724254,7.288127545034229
AAPL,social_only,svm,2,0.0025,7,"{""C"": 5.615891308669497, ""gamma"": 0.010047572703312881, ""kernel"": ""rbf""}",0.5241935483870968,0.5447361546499477,123,0.5284552845528455,0.9870550260155956,0.47647565055966856,-0.14234986033526031,1.88537307476234,0.4634146341463415,0.4628968253968254,122,0.45081967213114754,0.4636324430648245,0.1772658076166571,-0.13672665478271645,0.8742792970331186,1.296497803580178
AAPL,social_only,svm,2,0.0025,1337,"{""C"": 3.447186025876965, ""gamma"": 0.011136238302967392, ""kernel"": ""rbf""}",0.5403225806451613,0.5457810867293627,123,0.5528455284552846,1.8380611206882147,1.1307065727848822,-0.1423498603352606,3.4878865813157294,0.45528455284552843,0.457936507936508,122,0.4262295081967213,-0.14961642329566335,-0.11440566647348649,-0.1897009411851165,-0.2783555335917259,-0.6030843376883704
AAPL,social_only,svm,2,0.0025,2024,"{""C"": 10.0, ""gamma"": 0.060555762742786054, ""kernel"": ""linear""}",0.5161290322580645,0.5172413793103448,123,0.5121951219512195,0.6977009730746596,0.2995527774720188,-0.16543225011801976,1.1796070751080658,0.45528455284552843,0.427281746031746,122,0.4098360655737705,-0.5676372715443919,-0.2712418907106874,-0.27447859763279725,-0.968656069328144,-0.9882077985313813
AAPL,social_only,svm,2,0.0025,31415,"{""C"": 1.1030698824994418, ""gamma"": 0.01, ""kernel"": ""rbf""}",0.5201612903225806,0.5435279519331244,123,0.5284552845528455,1.2968791325601492,0.6900048108230421,-0.12504980840895982,2.515254601324934,0.45934959349593496,0.43809523809523804,122,0.4672131147540984,1.051454295249536,0.5415978106005535,-0.11058258960613832,2.0193408334176906,4.897677044185353
AAPL,social_only,svm,5,0.005,42,"{""C"": 2.0034427927560734, ""gamma"": 0.012966511753760401, ""kernel"": ""linear""}",0.5346938775510204,0.515374149659864,48,0.5416666666666666,1.159285893579526,2.0372423513266873,-0.056629068219989816,2.5107625810476333,0.45121951219512196,0.45014226162906107,49,0.30612244897959184,-2.810019831345725,-0.9745582121724257,-0.532914185738203,-3.541892842752986,-1.8287338529419117
AAPL,social_only,svm,5,0.005,7,"{""C"": 1.2023212200483975, ""gamma"": 0.017859882033307486, ""kernel"": ""linear""}",0.5387755102040817,0.5146938775510204,48,0.5416666666666666,1.159285893579526,2.0372423513266873,-0.056629068219989816,2.5107625810476333,0.44308943089430897,0.4510024482233838,49,0.30612244897959184,-2.810019831345725,-0.9745582121724257,-0.532914185738203,-3.541892842752986,-1.8287338529419117
AAPL,social_only,svm,5,0.005,1337,"{""C"": 2.0104418205588166, ""gamma"": 1.0, ""kernel"": ""linear""}",0.5346938775510204,0.515578231292517,48,0.5416666666666666,1.159285893579526,2.0372423513266873,-0.056629068219989816,2.5107625810476333,0.45121951219512196,0.4502745980281877,49,0.2857142857142857,-3.0205416241718903,-0.9796705677998244,-0.5528497915170415,-3.8207994271792094,-1.7720375097032595
AAPL,social_only,svm,5,0.005,2024,"{""C"": 1.6329547571734895, ""gamma"": 0.012086757416147186, ""kernel"": ""linear""}",0.5346938775510204,0.5151020408163265,48,0.5416666666666666,0.9959598237364156,1.5696227674600496,-0.056629068219989816,2.2100745719214236,0.45528455284552843,0.4504069344273143,49,0.32653061224489793,-2.735701905969002,-0.9724169647675109,-0.5255170686077262,-3.436403970086254,-1.8504003444527024
AAPL,social_only,svm,5,0.005,31415,"{""C"": 4.224841862726866, ""gamma"": 0.011001586430234448, ""kernel"": ""linear""}",0.5306122448979592,0.5166326530612244,48,0.5208333333333334,0.9170224326249876,1.3685198464264152,-0.056629068219989816,2.040420531467108,0.45121951219512196,0.4495467478329915,49,0.30612244897959184,-2.825009810493817,-0.9749671614417746,-0.5343835992021645,-3.5600102318712517,-1.8244705917198845
AAPL,social_only,svm,10,0.01,42,"{""C"": 0.1, ""gamma"": 0.01, ""kernel"": ""rbf""}",0.525,0.5727876774388403,23,0.43478260869565216,-0.614299685064114,-0.8145315065784531,-0.10893854336164896,-0.9588681043324911,0.44308943089430897,0.44136700158646225,24,0.2916666666666667,-2.398498205417255,-0.9954499585501764,-0.3846302355979031,-3.0888050830897544,-2.5880699602379447
AAPL,social_only,svm,10,0.01,7,"{""C"": 0.1, ""gamma"": 0.01, ""kernel"": ""rbf""}",0.5666666666666667,0.572221383267895,23,0.5217391304347826,0.10058903032983144,-0.015213000756085115,-0.10893854336164896,0.1612025418650051,0.43089430894308944,0.4170412480169223,24,0.5,0.17392149709266946,0.15604565401582726,-0.2167117693378004,0.2635884306778902,0.720060818536304
AAPL,social_only,svm,10,0.01,1337,"{""C"": 0.21455089036343902, ""gamma"": 0.01, ""kernel"": ""rbf""}",0.5166666666666667,0.5736182422228934,23,0.43478260869565216,-0.614299685064114,-0.8145315065784531,-0.10893854336164896,-0.9588681043324911,0.44715447154471544,0.44682046536224224,24,0.2916666666666667,-2.178122424416113,-0.9932600376244027,-0.39280592801452335,-2.790466585122525,-2.5286279223048758
AAPL,social_only,svm,10,0.01,2024,"{""C"": 2.183693239647291, ""gamma"": 0.016915573854647883, ""kernel"": ""linear""}",0.5541666666666667,0.5286544850498338,23,0.5652173913043478,0.7405883882550226,3.3108021340568152,-0.10893854336164892,1.2800092998048043,0.4349593495934959,0.4279151242728715,24,0.4166666666666667,-0.09449422549104605,-0.38493454615116107,-0.2623994134401513,-0.15179670118029837,-1.4669794459695236
AAPL,social_only,svm,10,0.01,31415,"{""C"": 1.2542203407968908, ""gamma"": 1.0, ""kernel"": ""linear""}",0.5541666666666667,0.5286167321051043,23,0.5652173913043478,0.7405883882550226,3.3108021340568152,-0.10893854336164892,1.2800092998048043,0.43902439024390244,0.4279481755684823,24,0.4166666666666667,-0.09449422549104605,-0.38493454615116107,-0.2623994134401513,-0.15179670118029837,-1.4669794459695236
AAPL,sentiment_only,svm,2,0.0025,42,"{""C"": 0.1, ""gamma"": 1.0, ""kernel"": ""rbf""}",0.5241935483870968,0.5574386102403345,123,0.5528455284552846,2.1886533775257684,1.4669891009361984,-0.09554950014431252,3.5903538662291354,0.4878048780487805,0.496494708994709,122,0.4672131147540984,-0.7700481629401368,-0.3371914703006321,-0.24144213096981218,-1.0678226176040482,-1.3965726236188314
AAPL,sentiment_only,svm,2,0.0025,7,"{""C"": 1.9410281627974493, ""gamma"": 0.04050541086028891, ""kernel"": ""rbf""}",0.46774193548387094,0.5410788923719958,123,0.4065040650406504,-2.73480801057293,-0.7140070986115374,-0.46810760857781997,-4.103696111225751,0.5121951219512195,0.5232804232804233,122,0.3770491803278688,-2.1287179771184976,-0.6444126827815448,-0.4386939519673855,-3.192078656597669,-1.4689345040923962
AAPL,sentiment_only,svm,2,0.0025,1337,"{""C"": 10.0, ""gamma"": 1.0, ""kernel"": ""rbf""}",0.5403225806451613,0.5605407523510971,123,0.5528455284552846,1.5131221698140327,0.8547657608346451,-0.09276301480661046,2.4370678593138395,0.491869918699187,0.5079034391534392,122,0.4426229508196721,-1.216808926579977,-0.46108986975643196,-0.350457403635015,-1.8099056209020747,-1.3156802081334698
AAPL,sentiment_only,svm,2,0.0025,2024,"{""C"": 10.0, ""gamma"": 1.0, ""kernel"": ""rbf""}",0.5403225806451613,0.5603774817136886,123,0.5691056910569106,1.5536618792934749,0.8867994113684856,-0.10751711982997064,2.2070683615400997,0.5121951219512195,0.5074735449735449,122,0.5409836065573771,0.423592778888689,0.15475791684593587,-0.21382044818120338,0.5886641026624934,0.7237751027197613
AAPL,sentiment_only,svm,2,0.0025,31415,"{""C"": 10.0, ""gamma"": 1.0, ""kernel"": ""rbf""}",0.5241935483870968,0.5588753918495298,123,0.5040650406504065,-0.2316668558523402,-0.14152859863041067,-0.2722606948994979,-0.34413152083385457,0.5,0.5103835978835979,122,0.4098360655737705,-1.5179173533312422,-0.5308018928485401,-0.35580825042567193,-2.301882754591667,-1.4918200806572477
AAPL,sentiment_only,svm,5,0.005,42,"{""C"": 0.9124679283226248, ""gamma"": 1.0, ""kernel"": ""rbf""}",0.42857142857142855,0.5392517006802722,48,0.3125,-2.771560054538949,-0.9451685560972972,-0.3969090732267288,-5.463429826886395,0.483739837398374,0.4899755177661616,49,0.3877551020408163,-1.5634977116203852,-0.8904925083497315,-0.40435572544258824,-2.04444550417339,-2.202250276968482
AAPL,sentiment_only,svm,5,0.005,7,"{""C"": 0.1, ""gamma"": 0.45621626258624537, ""kernel"": ""rbf""}",0.42857142857142855,0.5377551020408163,48,0.3125,-2.771560054538949,-0.9451685560972972,-0.3969090732267288,-5.463429826886395,0.483739837398374,0.507179249652617,49,0.3877551020408163,-1.5634977116203852,-0.8904925083497315,-0.40435572544258824,-2.04444550417339,-2.202250276968482
AAPL,sentiment_only,svm,5,0.005,1337,"{""C"": 0.36254921040406635, ""gamma"": 0.9011575379748177, ""kernel"": ""rbf""}",0.42857142857142855,0.5364965986394558,48,0.3125,-2.771560054538949,-0.9451685560972972,-0.3969090732267288,-5.463429826886395,0.483739837398374,0.4972871038179051,49,0.3877551020408163,-1.5634977116203852,-0.8904925083497315,-0.40435572544258824,-2.04444550417339,-2.202250276968482
AAPL,sentiment_only,svm,5,0.005,2024,"{""C"": 0.1474061497188215, ""gamma"": 1.0, ""kernel"": ""rbf""}",0.5265306122448979,0.5347278911564626,48,0.625,-0.14794015227599547,-0.2363659142991975,-0.1797670946148576,-0.21768269197442452,0.4878048780487805,0.49811420631244624,49,0.5306122448979592,1.070528006537341,2.4227456105461296,-0.20679815439664845,1.8319660558169235,11.715508862323748
AAPL,sentiment_only,svm,5,0.005,31415,"{""C"": 10.0, ""gamma"": 0.02149318987914083, ""kernel"": ""rbf""}",0.42857142857142855,0.5169387755102041,48,0.3125,-2.771560054538949,-0.9451685560972972,-0.3969090732267288,-5.463429826886395,0.483739837398374,0.5015549526897374,49,0.3877551020408163,-1.5634977116203852,-0.8904925083497315,-0.40435572544258824,-2.04444550417339,-2.202250276968482
AAPL,sentiment_only,svm,10,0.01,42,"{""C"": 3.7050360911095837, ""gamma"": 1.0, ""kernel"": ""rbf""}",0.42916666666666664,0.5566294170945334,23,0.30434782608695654,-0.8859358949245936,-0.8998056180088153,-0.29685094672673146,-1.5875956155899822,0.4959349593495935,0.4705182443151772,24,0.3333333333333333,-1.7546244879488935,-0.984855299792094,-0.38990738941899017,-2.245196281579838,-2.525869800158569
AAPL,sentiment_only,svm,10,0.01,7,"{""C"": 0.11049241777180782, ""gamma"": 0.0435388378552738, ""kernel"": ""rbf""}",0.6416666666666667,0.547946239806705,23,0.8260869565217391,2.241420261921912,86.02271594125087,-0.10822989702745003,3.2742169589862677,0.4959349593495935,0.4898863035430989,24,0.625,1.5218781665451253,22.171067014435785,-0.15581438846836226,2.9671122644995798,142.29152540002792
AAPL,sentiment_only,svm,10,0.01,1337,"{""C"": 0.1, ""gamma"": 0.041711968277794435, ""kernel"": ""rbf""}",0.35833333333333334,0.5462851102385986,23,0.17391304347826086,-2.4813970180602434,-0.9958005724986588,-0.33890856480812626,-3.826423920780559,0.5040650406504065,0.4902829190904284,24,0.3333333333333333,-1.747884713468072,-0.984652752402889,-0.3891349594533503,-2.215262278965108,-2.5303631259090964
AAPL,sentiment_only,svm,10,0.01,2024,"{""C"": 6.110753189045929, ""gamma"": 0.9431987627574324, ""kernel"": ""rbf""}",0.42916666666666664,0.5542132286318333,23,0.30434782608695654,-0.8859358949245936,-0.8998056180088153,-0.29685094672673146,-1.5875956155899822,0.491869918699187,0.469923320994183,24,0.3333333333333333,-1.7546244879488935,-0.984855299792094,-0.38990738941899017,-2.245196281579838,-2.525869800158569
AAPL,sentiment_only,svm,10,0.01,31415,"{""C"": 0.10346626952082749, ""gamma"": 0.04943530459873474, ""kernel"": ""rbf""}",0.35833333333333334,0.5465116279069767,23,0.17391304347826086,-2.4813970180602434,-0.9958005724986588,-0.33890856480812626,-3.826423920780559,0.5040650406504065,0.4841353781068218,24,0.3333333333333333,-1.747884713468072,-0.984652752402889,-0.3891349594533503,-2.215262278965108,-2.5303631259090964
AAPL,technical_only,svm,2,0.0025,42,"{""C"": 0.1, ""gamma"": 0.2999576852991046, ""kernel"": ""linear""}",0.5282258064516129,0.5925744514106583,123,0.4715447154471545,-0.3165566889417007,-0.17346467642788865,-0.27991935719681776,-0.5198326086202075,0.508130081300813,0.4954034391534391,122,0.4098360655737705,-1.6704627301704604,-0.56245401593614,-0.4137257276807655,-2.481440867725681,-1.3594852297175355
AAPL,technical_only,svm,2,0.0025,7,"{""C"": 0.6632361561292589, ""gamma"": 0.01, ""kernel"": ""linear""}",0.532258064516129,0.6105995297805643,123,0.4715447154471545,-0.5163749574459285,-0.24431669979869264,-0.31073902225268896,-0.8250690865762287,0.508130081300813,0.49890873015873016,122,0.4016393442622951,-1.7541326666998578,-0.5788193184080721,-0.4137257276807658,-2.6185525362361917,-1.399041151375275
AAPL,technical_only,svm,2,0.0025,1337,"{""C"": 10.0, ""gamma"": 0.3704992805799259, ""kernel"": ""rbf""}",0.5645161290322581,0.5791209508881923,123,0.5691056910569106,2.328549095716955,1.6140765656137908,-0.12126588504942859,4.29039104074543,0.4959349593495935,0.4869378306878307,122,0.5245901639344263,1.654620691508234,1.0213466750557805,-0.14506568353025917,2.9190070229221323,7.040580861032777
AAPL,technical_only,svm,2,0.0025,2024,"{""C"": 5.186061950813035, ""gamma"": 0.019346668761867882, ""kernel"": ""linear""}",0.46774193548387094,0.5320663531870429,123,0.4065040650406504,-2.73480801057293,-0.7140070986115374,-0.46810760857781997,-4.103696111225751,0.5121951219512195,0.5030753968253968,122,0.3770491803278688,-2.1287179771184976,-0.6444126827815448,-0.4386939519673855,-3.192078656597669,-1.4689345040923962
AAPL,technical_only,svm,2,0.0025,31415,"{""C"": 1.938740194190556, ""gamma"": 0.01, ""kernel"": ""linear""}",0.532258064516129,0.610730146290491,123,0.4715447154471545,-0.5163749574459285,-0.24431669979869264,-0.31073902225268896,-0.8250690865762287,0.508130081300813,0.49871031746031746,122,0.4016393442622951,-1.7541326666998578,-0.5788193184080721,-0.4137257276807658,-2.6185525362361917,-1.399041151375275
AAPL,technical_only,svm,5,0.005,42,"{""C"": 10.0, ""gamma"": 1.0, ""kernel"": ""linear""}",0.4857142857142857,0.5691496598639456,48,0.3541666666666667,-2.1542976179058035,-0.9034570866578608,-0.32829121745667966,-3.8583428071622,0.483739837398374,0.5220670945543572,49,0.3469387755102041,-1.914180990406758,-0.9288201802695619,-0.4743105762759725,-2.5527627238362163,-1.9582531504191842
AAPL,technical_only,svm,5,0.005,7,"{""C"": 9.98043143245525, ""gamma"": 0.01075029394563036, ""kernel"": ""linear""}",0.4897959183673469,0.5706462585034014,48,0.375,-1.7836208175599704,-0.8615771252893434,-0.30373465903670116,-3.20063102008096,0.483739837398374,0.5214054125587242,49,0.3469387755102041,-1.914180990406758,-0.9288201802695619,-0.4743105762759725,-2.5527627238362163,-1.9582531504191842
AAPL,technical_only,svm,5,0.005,1337,"{""C"": 0.1662447601009022, ""gamma"": 1.0, ""kernel"": ""linear""}",0.4857142857142857,0.5834353741496598,48,0.3541666666666667,-2.1542976179058035,-0.9034570866578608,-0.32829121745667966,-3.8583428071622,0.483739837398374,0.5235227949447495,49,0.3469387755102041,-1.914180990406758,-0.9288201802695619,-0.4743105762759725,-2.5527627238362163,-1.9582531504191842
AAPL,technical_only,svm,5,0.005,2024,"{""C"": 10.0, ""gamma"": 0.01, ""kernel"": ""linear""}",0.42857142857142855,0.5691496598639456,48,0.3125,-2.771560054538949,-0.9451685560972972,-0.3969090732267288,-5.463429826886395,0.483739837398374,0.5220009263547939,49,0.3877551020408163,-1.5634977116203852,-0.8904925083497315,-0.40435572544258824,-2.04444550417339,-2.202250276968482
AAPL,technical_only,svm,5,0.005,31415,"{""C"": 10.0, ""gamma"": 1.0, ""kernel"": ""linear""}",0.4857142857142857,0.5691496598639456,48,0.3541666666666667,-2.1542976179058035,-0.9034570866578608,-0.32829121745667966,-3.8583428071622,0.483739837398374,0.5220670945543572,49,0.3469387755102041,-1.914180990406758,-0.9288201802695619,-0.4743105762759725,-2.5527627238362163,-1.9582531504191842
AAPL,technical_only,svm,10,0.01,42,"{""C"": 3.918194347141743, ""gamma"": 0.02327392228062871, ""kernel"": ""linear""}",0.39166666666666666,0.5285412262156448,23,0.21739130434782608,-1.6520413295710121,-0.9805478680997938,-0.3335430299301153,-2.7873465228065646,0.540650406504065,0.5378767847699628,24,0.375,-1.0143147615725019,-0.9272751994959257,-0.3598248567591341,-1.2829085527755173,-2.57701818559089
AAPL,technical_only,svm,10,0.01,7,"{""C"": 0.1, ""gamma"": 1.0, ""kernel"": ""linear""}",0.4166666666666667,0.5320900030202356,23,0.21739130434782608,-1.6520413295710121,-0.9805478680997938,-0.3335430299301153,-2.7873465228065646,0.5447154471544715,0.5431319407720783,24,0.375,-1.0143147615725019,-0.9272751994959257,-0.3598248567591341,-1.2829085527755173,-2.57701818559089
AAPL,technical_only,svm,10,0.01,1337,"{""C"": 9.61735791611037, ""gamma"": 0.010092330773776926, ""kernel"": ""linear""}",0.425,0.5402823920265781,23,0.2608695652173913,-0.9496022624180052,-0.9131157457459325,-0.2359968899455447,-1.7215602715400748,0.5447154471544715,0.5457760444209413,24,0.375,-1.0143147615725019,-0.9272751994959257,-0.3598248567591341,-1.2829085527755173,-2.57701818559089
AAPL,technical_only,svm,10,0.01,2024,"{""C"": 0.37646536250076074, ""gamma"": 0.04622027974088589, ""kernel"": ""linear""}",0.39166666666666666,0.5291452733313199,23,0.21739130434782608,-1.6520413295710121,-0.9805478680997938,-0.3335430299301153,-2.7873465228065646,0.540650406504065,0.5378767847699629,24,0.375,-1.0143147615725019,-0.9272751994959257,-0.3598248567591341,-1.2829085527755173,-2.57701818559089
AAPL,technical_only,svm,10,0.01,31415,"{""C"": 0.1023365552599441, ""gamma"": 0.37857147584052453, ""kernel"": ""linear""}",0.39166666666666666,0.5286922379945637,23,0.21739130434782608,-1.6520413295710121,-0.9805478680997938,-0.3335430299301153,-2.7873465228065646,0.540650406504065,0.5374801692226334,24,0.375,-1.0143147615725019,-0.9272751994959257,-0.3598248567591341,-1.2829085527755173,-2.57701818559089
AAPL,learned_alpha_per_stock,svm,2,0.0025,42,"{""C"": 3.918194347141743, ""gamma"": 0.02327392228062871, ""kernel"": ""linear""}",0.5241935483870968,0.600705329153605,123,0.44715447154471544,-0.007946448296326267,-0.05056218656296563,-0.19763132364230376,-0.015822061764914803,0.5040650406504065,0.47724867724867726,122,0.47540983606557374,-0.13017506000573817,-0.10711449105907278,-0.2694410084339778,-0.1832336766515306,-0.3975433868869277
AAPL,learned_alpha_per_stock,svm,2,0.0025,7,"{""C"": 0.153022611004822, ""gamma"": 0.01, ""kernel"": ""linear""}",0.49193548387096775,0.6018808777429467,123,0.43902439024390244,-0.4377379070882809,-0.21709146390957612,-0.24694116881638078,-0.7639470874197903,0.46747967479674796,0.4709656084656085,122,0.4098360655737705,-1.6877120909146384,-0.5659529837223682,-0.37741887553020337,-2.380271866947217,-1.4995354509689254
AAPL,learned_alpha_per_stock,svm,2,0.0025,1337,"{""C"": 9.547867255759733, ""gamma"": 0.010139692575212373, ""kernel"": ""linear""}",0.532258064516129,0.627057210031348,123,0.4715447154471545,-0.5163749574459285,-0.24431669979869264,-0.31073902225268896,-0.8250690865762287,0.4959349593495935,0.47625661375661377,122,0.4016393442622951,-1.7541326666998578,-0.5788193184080721,-0.4137257276807658,-2.6185525362361917,-1.399041151375275
AAPL,learned_alpha_per_stock,svm,2,0.0025,2024,"{""C"": 9.970343413684901, ""gamma"": 0.5191947410075743, ""kernel"": ""linear""}",0.5282258064516129,0.6120689655172413,123,0.4796747967479675,-0.5276828091356013,-0.24813756847956236,-0.3186434176357257,-0.8430017130859546,0.5,0.4812169312169312,122,0.4016393442622951,-1.7245481888558782,-0.5731090536648947,-0.4173770637180519,-2.5688585604876377,-1.3731206227758683
AAPL,learned_alpha_per_stock,svm,2,0.0025,31415,"{""C"": 9.848174771822974, ""gamma"": 0.14766192256175364, ""kernel"": ""linear""}",0.5080645161290323,0.6077586206896551,123,0.4715447154471545,-0.3752589793591999,-0.1949301960398806,-0.29552024262193893,-0.6171921239170532,0.4959349593495935,0.48134920634920636,122,0.39344262295081966,-1.6824982107765207,-0.5648480065149806,-0.4087882784654957,-2.5082807098680546,-1.3817617487353109
AAPL,learned_alpha_per_stock,svm,5,0.005,42,"{""C"": 0.10009151904533974, ""gamma"": 0.9925360903047238, ""kernel"": ""linear""}",0.4897959183673469,0.5702721088435374,48,0.3333333333333333,-2.352705179708882,-0.9199088481872268,-0.35177380497972066,-4.190689291231698,0.44308943089430897,0.4996360749024019,49,0.32653061224489793,-2.522803798595382,-0.9650553075640853,-0.5272575085140933,-3.2524864575797117,-1.8303301365660685
AAPL,learned_alpha_per_stock,svm,5,0.005,7,"{""C"": 0.7065243702654295, ""gamma"": 0.01, ""kernel"": ""rbf""}",0.5551020408163265,0.5643197278911565,48,0.6041666666666666,1.4439790048135541,3.0384402809168236,-0.18736858821563848,2.28238614852408,0.5650406504065041,0.5285515781115596,49,0.5102040816326531,0.9013247391020526,1.7572134669253678,-0.22680876861517718,1.6001995285765553,7.747555253945247
AAPL,learned_alpha_per_stock,svm,5,0.005,1337,"{""C"": 0.11693452965138663, ""gamma"": 0.029564977248252883, ""kernel"": ""linear""}",0.49795918367346936,0.5673469387755102,48,0.3541666666666667,-1.8972823737194955,-0.8762276981113143,-0.3098151349356429,-3.4441718797751752,0.43902439024390244,0.4990405611063323,49,0.32653061224489793,-2.522803798595382,-0.9650553075640853,-0.5272575085140933,-3.2524864575797117,-1.8303301365660685
AAPL,learned_alpha_per_stock,svm,5,0.005,2024,"{""C"": 10.0, ""gamma"": 1.0, ""kernel"": ""linear""}",0.47346938775510206,0.5865306122448979,48,0.2916666666666667,-3.4708447991996243,-0.9694403605762876,-0.4604590379087686,-6.322389525870072,0.47560975609756095,0.4964269172235824,49,0.32653061224489793,-1.9856954873275148,-0.9346885065168706,-0.47889744160571746,-2.659889219869693,-1.9517508871688898
AAPL,learned_alpha_per_stock,svm,5,0.005,31415,"{""C"": 10.0, ""gamma"": 1.0, ""kernel"": ""linear""}",0.5387755102040817,0.5822789115646257,48,0.3958333333333333,-0.13921395777306503,-0.22693425632434128,-0.24495220403993237,-0.3392648505947853,0.5121951219512195,0.4914643022563356,49,0.3673469387755102,-1.6106886541061858,-0.8967312169769585,-0.4186462723683756,-2.140209913322848,-2.141978267007967
AAPL,learned_alpha_per_stock,svm,10,0.01,42,"{""C"": 9.256818992066885, ""gamma"": 0.08580760619921303, ""kernel"": ""linear""}",0.4041666666666667,0.5400936273029295,23,0.21739130434782608,-1.6520413295710121,-0.9805478680997938,-0.3335430299301153,-2.7873465228065646,0.5365853658536586,0.5274325753569541,24,0.375,-1.0143147615725019,-0.9272751994959257,-0.3598248567591341,-1.2829085527755173,-2.57701818559089
AAPL,learned_alpha_per_stock,svm,10,0.01,7,"{""C"": 0.14910316410657257, ""gamma"": 0.06898337221989431, ""kernel"": ""rbf""}",0.37916666666666665,0.5319389912413168,23,0.21739130434782608,-1.7447492718645952,-0.983828484391577,-0.3335430299301153,-2.9611874406095797,0.4878048780487805,0.5023135906927552,24,0.3333333333333333,0.21545999459360313,0.28667040922382303,-0.2184375979997593,0.5633825820792526,1.3123675221155788
AAPL,learned_alpha_per_stock,svm,10,0.01,1337,"{""C"": 9.763573967899186, ""gamma"": 0.05473525497220946, ""kernel"": ""linear""}",0.4166666666666667,0.531183932346723,23,0.21739130434782608,-1.6520413295710121,-0.9805478680997938,-0.3335430299301153,-2.7873465228065646,0.5487804878048781,0.5493125330512957,24,0.375,-1.0143147615725019,-0.9272751994959257,-0.3598248567591341,-1.2829085527755173,-2.57701818559089
AAPL,learned_alpha_per_stock,svm,10,0.01,2024,"{""C"": 6.110753189045929, ""gamma"": 0.9431987627574324, ""kernel"": ""rbf""}",0.5375,0.5363938387194201,23,0.391304347826087,-2.1306960253417575,-0.9922660412228753,-0.35409498038349724,-3.1740870818533247,0.491869918699187,0.5154019037546272,24,0.4583333333333333,-1.4011689814557462,-0.9686651528216987,-0.39725486539803684,-1.808005253252049,-2.4383972033951724
AAPL,learned_alpha_per_stock,svm,10,0.01,31415,"{""C"": 0.18240525853873696, ""gamma"": 0.13827689826265713, ""kernel"": ""rbf""}",0.4,0.5366958622772576,23,0.30434782608695654,-0.7680476848604124,-0.8692224450465039,-0.19346117531464413,-1.3748692917949181,0.5121951219512195,0.51216287678477,24,0.3333333333333333,0.21545999459360313,0.28667040922382303,-0.2184375979997593,0.5633825820792526,1.3123675221155788
AAPL,learned_alpha_global,svm,2,0.0025,42,"{""C"": 9.862932217982422, ""gamma"": 0.04358700845101928, ""kernel"": ""linear""}",0.5040322580645161,0.615530303030303,123,0.44715447154471544,-0.48212055249500796,-0.23251787477406283,-0.2734295447779996,-0.8368315443547871,0.483739837398374,0.47271825396825395,122,0.4098360655737705,-1.841101311713281,-0.5952145580372619,-0.3868933974233557,-2.5757613537321737,-1.5384458923343993
AAPL,learned_alpha_global,svm,2,0.0025,7,"{""C"": 0.6107797357476622, ""gamma"": 0.22318286374355004, ""kernel"": ""linear""}",0.5161290322580645,0.6329022988505747,123,0.4715447154471545,-0.5691100019360112,-0.26196492843189834,-0.3186434176357257,-0.9119756849274449,0.4959349593495935,0.4887566137566138,122,0.39344262295081966,-1.6824982107765207,-0.5648480065149806,-0.4087882784654957,-2.5082807098680546,-1.3817617487353109
AAPL,learned_alpha_global,svm,2,0.0025,1337,"{""C"": 6.241771526141971, ""gamma"": 0.7191413528619333, ""kernel"": ""linear""}",0.5080645161290323,0.6105668756530824,123,0.45528455284552843,-0.8881422131869614,-0.3601845881660338,-0.3173177397035291,-1.4097938998557014,0.483739837398374,0.47417328042328044,122,0.3770491803278688,-1.990087666137188,-0.621530784365534,-0.4380412989273643,-2.9730747715266816,-1.4188862691428457
AAPL,learned_alpha_global,svm,2,0.0025,2024,"{""C"": 3.2681861048161838, ""gamma"": 0.3002579676231751, ""kernel"": ""linear""}",0.5080645161290323,0.6210161964472309,123,0.4634146341463415,-0.8542730195357539,-0.35042687966866115,-0.3173177397035291,-1.353248114811541,0.4959349593495935,0.4906084656084656,122,0.39344262295081966,-1.6824982107765207,-0.5648480065149806,-0.4087882784654957,-2.5082807098680546,-1.3817617487353109
AAPL,learned_alpha_global,svm,2,0.0025,31415,"{""C"": 0.1023365552599441, ""gamma"": 0.37857147584052453, ""kernel"": ""linear""}",0.5,0.6129506269592477,123,0.45528455284552843,-0.3816157009615541,-0.19715345117447192,-0.2734295447779996,-0.6576219434268312,0.4878048780487805,0.47903439153439153,122,0.4098360655737705,-2.0251668068361917,-0.6275452107399826,-0.4218782413786113,-2.8127820489718927,-1.4875031447208416
AAPL,learned_alpha_global,svm,5,0.005,42,"{""C"": 0.10244427688570767, ""gamma"": 0.9883534791058739, ""kernel"": ""linear""}",0.47346938775510206,0.5695238095238095,48,0.3333333333333333,-2.4812296479201947,-0.9288671658806577,-0.3662553512629615,-4.45263116309329,0.4796747967479675,0.5108846688281612,49,0.32653061224489793,-1.9856954873275148,-0.9346885065168706,-0.47889744160571746,-2.659889219869693,-1.9517508871688898
AAPL,learned_alpha_global,svm,5,0.005,7,"{""C"": 0.1001491597280723, ""gamma"": 0.9702880220089737, ""kernel"": ""linear""}",0.4857142857142857,0.5661224489795919,48,0.3541666666666667,-1.8972823737194955,-0.8762276981113143,-0.3098151349356429,-3.4441718797751752,0.45121951219512196,0.49460729173559187,49,0.32653061224489793,-2.7928744825290943,-0.9740776572264588,-0.5539291545082347,-3.5511351062383785,-1.7584877945108741
AAPL,learned_alpha_global,svm,5,0.005,1337,"{""C"": 9.350634649663323, ""gamma"": 0.04596449309846675, ""kernel"": ""linear""}",0.4489795918367347,0.5783333333333333,48,0.2916666666666667,-3.4708447991996243,-0.9694403605762876,-0.4604590379087686,-6.322389525870072,0.46747967479674796,0.5100575663336201,49,0.30612244897959184,-2.0564054572200137,-0.9399740915528748,-0.48278746313856485,-2.7807370347536065,-1.9469728676096396
AAPL,learned_alpha_global,svm,5,0.005,2024,"{""C"": 0.1, ""gamma"": 0.6748704399495197, ""kernel"": ""linear""}",0.4857142857142857,0.567482993197279,48,0.3333333333333333,-2.4812296479201947,-0.9288671658806577,-0.3662553512629615,-4.45263116309329,0.4796747967479675,0.504764110368557,49,0.3469387755102041,-1.914180990406758,-0.9288201802695619,-0.4743105762759725,-2.5527627238362163,-1.9582531504191842
AAPL,learned_alpha_global,svm,5,0.005,31415,"{""C"": 0.1, ""gamma"": 0.7915620592281796, ""kernel"": ""linear""}",0.4857142857142857,0.5661224489795919,48,0.3541666666666667,-1.8972823737194955,-0.8762276981113143,-0.3098151349356429,-3.4441718797751752,0.45528455284552843,0.49510355323231653,49,0.32653061224489793,-2.7928744825290943,-0.9740776572264588,-0.5539291545082347,-3.5511351062383785,-1.7584877945108741
AAPL,learned_alpha_global,svm,10,0.01,42,"{""C"": 0.11120513715710631, ""gamma"": 0.11208547084229371, ""kernel"": ""rbf""}",0.42916666666666664,0.53276955602537,23,0.391304347826087,-0.14222255189165237,-0.4421496544242066,-0.14187605997682495,-0.24610791741569787,0.5121951219512195,0.5006610259122157,24,0.3333333333333333,0.21545999459360313,0.28667040922382303,-0.2184375979997593,0.5633825820792526,1.3123675221155788
AAPL,learned_alpha_global,svm,10,0.01,7,"{""C"": 10.0, ""gamma"": 0.42654879811916935, ""kernel"": ""linear""}",0.42083333333333334,0.5343551797040169,23,0.21739130434782608,-1.6520413295710121,-0.9805478680997938,-0.3335430299301153,-2.7873465228065646,0.5447154471544715,0.5434294024325753,24,0.375,-1.0143147615725019,-0.9272751994959257,-0.3598248567591341,-1.2829085527755173,-2.57701818559089
AAPL,learned_alpha_global,svm,10,0.01,1337,"{""C"": 10.0, ""gamma"": 0.01, ""kernel"": ""linear""}",0.4166666666666667,0.5317124735729387,23,0.21739130434782608,-1.6520413295710121,-0.9805478680997938,-0.3335430299301153,-2.7873465228065646,0.5447154471544715,0.5434294024325753,24,0.375,-1.0143147615725019,-0.9272751994959257,-0.3598248567591341,-1.2829085527755173,-2.57701818559089
AAPL,learned_alpha_global,svm,10,0.01,2024,"{""C"": 0.659379320698689, ""gamma"": 0.015765447519409295, ""kernel"": ""linear""}",0.39166666666666666,0.5288432497734824,23,0.21739130434782608,-1.6520413295710121,-0.9805478680997938,-0.3335430299301153,-2.7873465228065646,0.540650406504065,0.5372818614489687,24,0.375,-1.0143147615725019,-0.9272751994959257,-0.3598248567591341,-1.2829085527755173,-2.57701818559089
AAPL,learned_alpha_global,svm,10,0.01,31415,"{""C"": 0.18240525853873696, ""gamma"": 0.13827689826265713, ""kernel"": ""rbf""}",0.4041666666666667,0.5303533675626699,23,0.30434782608695654,-0.7680476848604124,-0.8692224450465039,-0.19346117531464413,-1.3748692917949181,0.5121951219512195,0.5037017451084083,24,0.3333333333333333,0.21545999459360313,0.28667040922382303,-0.2184375979997593,0.5633825820792526,1.3123675221155788
META,full_70_30,svm,2,0.0,42,"{""C"": 0.1523308781719403, ""gamma"": 0.41384204265822605, ""kernel"": ""rbf""}",0.6129032258064516,0.5893837705918243,123,0.6178861788617886,2.9852963483051784,7.918462283401686,-0.17762149290244642,4.2145741053339325,0.556910569105691,0.5144883485309018,122,0.5655737704918032,1.486608660646953,1.5190811497704266,-0.18086995741922932,2.4415076987586155,8.398747760245364
META,full_70_30,svm,2,0.0,7,"{""C"": 0.2099546957117052, ""gamma"": 0.01734370584437544, ""kernel"": ""rbf""}",0.5887096774193549,0.5904684428174362,123,0.5528455284552846,2.400172223305119,4.799629532073567,-0.13167923851273008,5.546688053577037,0.5772357723577236,0.5881796690307329,122,0.5737704918032787,1.3452330668834167,1.284192735287235,-0.18632140327300678,2.0600629223062663,6.892352208219344
META,full_70_30,svm,2,0.0,1337,"{""C"": 7.3425822429355705, ""gamma"": 0.8916409187001224, ""kernel"": ""rbf""}",0.6008064516129032,0.5905362348315368,123,0.5609756097560976,2.3442633782071627,4.558685814546853,-0.13480384805072673,5.331411361989763,0.532520325203252,0.47288078351908147,122,0.5409836065573771,1.1880237127387094,1.048653481208857,-0.29288681091992075,1.9021801068271642,3.5804052695823616
META,full_70_30,svm,2,0.0,2024,"{""C"": 7.808586460522639, ""gamma"": 1.0, ""kernel"": ""rbf""}",0.5846774193548387,0.5880279303098095,123,0.5447154471544715,1.6148234831019397,2.1144217961491316,-0.27393667283464407,1.892642915198781,0.532520325203252,0.4640661938534279,122,0.5491803278688525,1.4490921838686774,1.4552050023093037,-0.18297538984622888,2.4709140446769426,7.953009437674908
META,full_70_30,svm,2,0.0,31415,"{""C"": 5.457148284455013, ""gamma"": 0.10806993974319683, ""kernel"": ""rbf""}",0.5887096774193549,0.5899261067046302,123,0.5691056910569106,2.316212805634932,4.419156086748358,-0.1934161339823583,3.5297283395435666,0.5365853658536586,0.5271192164809186,122,0.5327868852459017,1.063506264571839,0.8790415125456905,-0.2445716520976761,1.808042797628808,3.5942085070211744
META,full_70_30,svm,5,0.0,42,"{""C"": 4.013837034293232, ""gamma"": 0.019873988490124943, ""kernel"": ""linear""}",0.4897959183673469,0.5587925323697682,48,0.5625,1.0859993282029197,4.930046656668363,-0.198545956211734,1.9539997416284143,0.5284552845528455,0.5731613802718718,49,0.5102040816326531,-0.05591200780117145,-0.364182124463194,-0.27692572499429646,-0.060655124449724415,-1.315089540600443
META,full_70_30,svm,5,0.0,7,"{""C"": 0.1, ""gamma"": 0.10029440958534495, ""kernel"": ""rbf""}",0.5346938775510204,0.5364348087925325,48,0.3958333333333333,-0.9228785638685346,-0.8945542224855614,-0.4553356920544052,-1.2151004159480754,0.4634146341463415,0.4746950156849077,49,0.46938775510204084,-0.017640358561472905,-0.29389745877519313,-0.3500464811163151,-0.03672155491866828,-0.8395955241085126
META,full_70_30,svm,5,0.0,1337,"{""C"": 2.3947915589287723, ""gamma"": 1.0, ""kernel"": ""rbf""}",0.5795918367346938,0.5592442035531467,48,0.5416666666666666,1.008387614878829,4.101042417761764,-0.3053937550503666,1.8086627303833964,0.540650406504065,0.5298710352039038,49,0.5102040816326531,0.1264472311005604,-0.08682091226021904,-0.32072017633731575,0.1900016994241668,-0.2707061128854756
META,full_70_30,svm,5,0.0,2024,"{""C"": 2.212907683214125, ""gamma"": 1.0, ""kernel"": ""rbf""}",0.6,0.5624059018367962,48,0.5625,1.1780973345625327,6.077576313797239,-0.272275136867188,2.056717567046932,0.5487804878048781,0.5279888462879052,49,0.5510204081632653,0.6635661469731231,1.4396891605774087,-0.23153607978533805,0.9666670587782797,6.217990569384153
META,full_70_30,svm,5,0.0,31415,"{""C"": 1.0884513665936033, ""gamma"": 1.0, ""kernel"": ""rbf""}",0.6,0.5597711532670883,48,0.5833333333333334,1.3972858452830812,9.736601607213341,-0.272275136867188,2.3668790359203395,0.5528455284552846,0.5390728476821192,49,0.5306122448979592,0.29800011429472234,0.2515718805742799,-0.3207201763373156,0.4379045858507217,0.7843968017456148
META,full_70_30,svm,10,0.0025,42,"{""C"": 0.1, ""gamma"": 0.01, ""kernel"": ""rbf""}",0.5833333333333334,0.5382857142857143,23,0.6521739130434783,0.12204868618959325,-0.2336611089409768,-0.3164750422693359,0.1552444962899386,0.508130081300813,0.4716424204090238,24,0.5,-0.2589531880577678,-0.7944969020690364,-0.2836979918715179,-0.540595954221375,-2.8005023822264166
META,full_70_30,svm,10,0.0025,7,"{""C"": 10.0, ""gamma"": 0.043001465846507714, ""kernel"": ""rbf""}",0.65,0.5374065934065936,23,0.6521739130434783,2.562650549295306,3885.5935182716335,-0.20198494080221321,8.66921273622115,0.5813008130081301,0.48847424274369244,24,0.5416666666666666,0.7548688155314436,7.336475918721945,-0.19732887169506305,1.8360557509334277,37.17892802863219
META,full_70_30,svm,10,0.0025,1337,"{""C"": 0.29979617050944285, ""gamma"": 1.0, ""kernel"": ""rbf""}",0.5,0.5337142857142858,23,0.5652173913043478,-0.484429626994732,-0.9309800437890076,-0.360549064110386,-0.6827249394613413,0.4878048780487805,0.5050952280553798,24,0.4583333333333333,-0.4012536298080352,-0.8778793928579038,-0.3661571165816287,-0.8318821993329567,-2.397548355890538
META,full_70_30,svm,10,0.0025,2024,"{""C"": 0.20369802593446662, ""gamma"": 1.0, ""kernel"": ""rbf""}",0.5,0.5333626373626373,23,0.6086956521739131,-0.32848073080539447,-0.8723059877815357,-0.34142331312475555,-0.45961702814400807,0.4878048780487805,0.5003513950383021,24,0.4166666666666667,-0.499894740662056,-0.914697634110269,-0.38745095335891816,-1.025392952877724,-2.3608088357519974
META,full_70_30,svm,10,0.0025,31415,"{""C"": 8.9800331839598, ""gamma"": 0.96838884940307, ""kernel"": ""rbf""}",0.5916666666666667,0.5609670329670331,23,0.6956521739130435,0.8796183408961231,14.042270447721497,-0.17515600875676918,1.2432795182840077,0.5203252032520326,0.5263546278726545,24,0.5833333333333334,0.8727172474740087,11.577270831069082,-0.2613257347091428,1.9566200268952052,44.302069384611734
META,equal_50_50,svm,2,0.0,42,"{""C"": 1.5962168719820449, ""gamma"": 0.04659911122186004, ""kernel"": ""rbf""}",0.6209677419354839,0.5733509592569995,123,0.6097560975609756,2.9630264365271386,7.7748383873852696,-0.19209259776956314,4.207053165702478,0.532520325203252,0.5267139479905438,122,0.5409836065573771,1.0825804459753952,0.9039489273024128,-0.3107303135042103,1.7917552027411041,2.9091108527786576
META,equal_50_50,svm,2,0.0,7,"{""C"": 0.17133579436836005, ""gamma"": 0.11035228778171635, ""kernel"": ""rbf""}",0.6088709677419355,0.5729781031794454,123,0.6097560975609756,2.9377155232494134,7.614257553675364,-0.19209259776956314,4.180176308758153,0.5487804878048781,0.49604863221884493,122,0.5409836065573771,0.9037751521853724,0.679992256139027,-0.35098286660054484,1.4844921215579023,1.9373944452762397
META,equal_50_50,svm,2,0.0,1337,"{""C"": 3.0273002568616714, ""gamma"": 0.01851656245630275, ""kernel"": ""rbf""}",0.592741935483871,0.5699274625449122,123,0.5609756097560976,2.398548811249722,4.7924563047936495,-0.13167923851272997,5.530497732729481,0.5934959349593496,0.532387706855792,122,0.5901639344262295,1.7151854616745763,1.9441960573321775,-0.18632140327300678,2.600825160593999,10.43463618875525
META,equal_50_50,svm,2,0.0,2024,"{""C"": 0.9679883907560396, ""gamma"": 0.05680617318116233, ""kernel"": ""rbf""}",0.6088709677419355,0.5698257745237613,123,0.5934959349593496,2.752072732761437,6.515069858036365,-0.19341613398235838,3.995375063596697,0.5284552845528455,0.5121580547112462,122,0.5327868852459017,1.2445098262195073,1.1314083247565376,-0.22312320955934975,2.1301245953282644,5.070778279816687
META,equal_50_50,svm,2,0.0,31415,"{""C"": 0.8383699515358807, ""gamma"": 0.06131904627917876, ""kernel"": ""rbf""}",0.6169354838709677,0.5742661514473595,123,0.5853658536585366,2.6508591698319854,5.9709939958412965,-0.19341613398235835,3.887772674885599,0.573170731707317,0.5193853427895981,122,0.5655737704918032,1.5574960473847521,1.644675849434361,-0.22998035012170887,2.5633708008317178,7.151375535188007
META,equal_50_50,svm,5,0.0,42,"{""C"": 0.6741563521211922, ""gamma"": 0.27250807587267306, ""kernel"": ""rbf""}",0.563265306122449,0.5580397470641373,48,0.5833333333333334,0.4691484547714379,0.7151255312383282,-0.2271900019504227,0.5431212858589687,0.5528455284552846,0.5502962704775184,49,0.5918367346938775,0.29658965112155516,0.22401937521235937,-0.2806782078726675,0.33014898223171457,0.7981359753942423
META,equal_50_50,svm,5,0.0,7,"{""C"": 5.315691924552529, ""gamma"": 0.09156776740357345, ""kernel"": ""rbf""}",0.5551020408163265,0.555931948208371,48,0.5833333333333334,0.4691484547714379,0.7151255312383282,-0.2271900019504227,0.5431212858589687,0.5528455284552846,0.5543394911118857,49,0.5918367346938775,0.29658965112155516,0.22401937521235937,-0.2806782078726675,0.33014898223171457,0.7981359753942423
META,equal_50_50,svm,5,0.0,1337,"{""C"": 0.6724898377530764, ""gamma"": 0.26229513405062016, ""kernel"": ""rbf""}",0.5673469387755102,0.5571364046973803,48,0.6458333333333334,1.6501213600614169,16.186391682143157,-0.19154137336070579,2.6640447789608155,0.5609756097560976,0.5512373649355177,49,0.5918367346938775,0.3596706389981191,0.3740087250136659,-0.2806782078726675,0.39684790573793977,1.3325178603938455
META,equal_50_50,svm,5,0.0,2024,"{""C"": 1.427883077405713, ""gamma"": 0.19779783301530476, ""kernel"": ""rbf""}",0.5795918367346938,0.5572116832279433,48,0.625,1.6128598891178307,15.046875847581294,-0.19154137336070579,2.614824533403168,0.556910569105691,0.5483443708609272,49,0.5714285714285714,0.29329247344175186,0.21664380999825816,-0.2806782078726675,0.3291923639810218,0.7718583200322442
META,equal_50_50,svm,5,0.0,31415,"{""C"": 1.5502350040464685, ""gamma"": 0.18579942594680696, ""kernel"": ""rbf""}",0.6040816326530613,0.5577009936766034,48,0.6458333333333334,1.6597220904236565,16.492867677059234,-0.21173550168252678,2.6788738521484103,0.573170731707317,0.5503311258278146,49,0.5918367346938775,1.4683296496086091,9.203376924981884,-0.12989777163916574,2.73255765301597,70.85092229716861
META,equal_50_50,svm,10,0.0025,42,"{""C"": 0.1, ""gamma"": 0.01, ""kernel"": ""rbf""}",0.5416666666666666,0.5425494505494506,23,0.6521739130434783,-0.10803564337990676,-0.6940325767850309,-0.3164750422693359,-0.14285098969734503,0.5040650406504065,0.5030922763370582,24,0.5833333333333334,0.3654391004562336,1.030779757331897,-0.1811715861895049,0.6977509941917802,5.68952217625177
META,equal_50_50,svm,10,0.0025,7,"{""C"": 5.041841313149238, ""gamma"": 0.02228976697218658, ""kernel"": ""linear""}",0.5666666666666667,0.5154725274725275,23,0.6086956521739131,2.618275140357419,4516.772889266858,-0.1189794634666677,11.329690146097182,0.5365853658536586,0.48281678262702926,24,0.5833333333333334,0.06807633080926552,-0.34367535800863847,-0.3137738590508158,0.09182110628611578,-1.095296335546487
META,equal_50_50,svm,10,0.0025,1337,"{""C"": 0.1, ""gamma"": 0.013460838284889611, ""kernel"": ""rbf""}",0.55,0.5360879120879121,23,0.6086956521739131,-0.30658170582467337,-0.8609631164372886,-0.31834058514962554,-0.4133905738260826,0.5284552845528455,0.519291587602783,24,0.5833333333333334,0.3654391004562336,1.030779757331897,-0.1811715861895049,0.6977509941917802,5.68952217625177
META,equal_50_50,svm,10,0.0025,2024,"{""C"": 0.16204563703719144, ""gamma"": 1.0, ""kernel"": ""rbf""}",0.49583333333333335,0.5767912087912087,23,0.6086956521739131,-0.5230203364107775,-0.940844716906876,-0.36948725587343534,-0.7493521349124068,0.4878048780487805,0.490969147515637,24,0.5,0.02537611464270699,-0.4151905519384854,-0.27271843986721633,0.049906142125336145,-1.5224146637852476
META,equal_50_50,svm,10,0.0025,31415,"{""C"": 10.0, ""gamma"": 1.0, ""kernel"": ""linear""}",0.5458333333333333,0.5260659340659339,23,0.6956521739130435,0.03693150673420408,-0.45524618435381736,-0.3164750422693359,0.04943556242769045,0.5284552845528455,0.5213999578325954,24,0.5833333333333334,0.3654391004562336,1.030779757331897,-0.1811715861895049,0.6977509941917802,5.68952217625177
META,news_only,svm,2,0.0,42,"{""C"": 0.7020492431501394, ""gamma"": 1.0, ""kernel"": ""rbf""}",0.5967741935483871,0.6087722866246357,123,0.5691056910569106,2.1683474347446223,3.8395541151818176,-0.2311644134460848,3.312624067444845,0.556910569105691,0.528031070584262,122,0.5573770491803278,1.389313991806718,1.3558131108115083,-0.181217677965956,2.287920159106726,7.481682394507972
META,news_only,svm,2,0.0,7,"{""C"": 0.3676370558962699, ""gamma"": 0.014790847218570451, ""kernel"": ""rbf""}",0.6048387096774194,0.6110772151040608,123,0.5934959349593496,2.2625381075830573,4.200913566933956,-0.19341613398235824,3.3020594809986124,0.6178861788617886,0.6135427220533604,122,0.6229508196721312,2.3641281343707248,3.546809697304802,-0.20314081143886775,3.670590690410735,17.459857879774997
META,news_only,svm,2,0.0,1337,"{""C"": 7.427796439764388, ""gamma"": 0.26448364311743267, ""kernel"": ""linear""}",0.6008064516129032,0.5796895125754186,123,0.5772357723577236,2.5780046457489716,5.630284917401512,-0.1316792385127298,5.841179846594384,0.573170731707317,0.3901722391084093,122,0.5737704918032787,1.3452330668834167,1.284192735287235,-0.18632140327300678,2.0600629223062663,6.892352208219344
META,news_only,svm,2,0.0,2024,"{""C"": 0.12830407205640168, ""gamma"": 0.018554784766145103, ""kernel"": ""linear""}",0.5846774193548387,0.5814860009490882,123,0.5934959349593496,2.1908269487575116,3.9233616301266814,-0.19341613398235827,3.205337468734142,0.6260162601626016,0.6260385005065856,122,0.6229508196721312,2.316974360069516,3.4079136964680243,-0.20314081143886775,3.6034116097635307,16.776115406497656
META,news_only,svm,2,0.0,31415,"{""C"": 2.3215583420713712, ""gamma"": 0.9685914551249436, ""kernel"": ""rbf""}",0.6008064516129032,0.6121957833367229,123,0.5528455284552846,2.299179535644005,4.371434840378785,-0.1332826958531625,5.296602312502015,0.5487804878048781,0.5210401891252955,122,0.5245901639344263,0.9421376302542637,0.7260978548960859,-0.24573942354000367,1.595978204511653,2.954747123747058
META,news_only,svm,5,0.0,42,"{""C"": 2.0034427927560734, ""gamma"": 0.012966511753760401, ""kernel"": ""linear""}",0.37551020408163266,0.5789671785606745,48,0.3333333333333333,-2.0882995080081326,-0.9883492322953198,-0.5648597453625434,-2.7803108016793736,0.4268292682926829,0.5283025444405717,49,0.3469387755102041,-1.7199291960447307,-0.9678351226156272,-0.4947508579737046,-2.2265245071683113,-1.956207062640539
META,news_only,svm,5,0.0,7,"{""C"": 0.1, ""gamma"": 0.061910986952783804, ""kernel"": ""rbf""}",0.45714285714285713,0.5552544414333033,48,0.3541666666666667,-2.1254805149791163,-0.9891622487068132,-0.6251656396002545,-2.602425145271824,0.45528455284552843,0.4764029278494249,49,0.42857142857142855,-0.5251105412588405,-0.7242875767787081,-0.45475118276099835,-0.9029203437109999,-1.5927118042469588
META,news_only,svm,5,0.0,1337,"{""C"": 0.1, ""gamma"": 0.11545580275005722, ""kernel"": ""rbf""}",0.5918367346938775,0.5543510990665462,48,0.5,0.06474023689661305,-0.23765987907779618,-0.34337781338352674,0.08019148260106156,0.491869918699187,0.4766469153014987,49,0.46938775510204084,-0.8407305327605902,-0.8451548237990881,-0.5236603484046947,-1.385945565458699,-1.6139370230604828
META,news_only,svm,5,0.0,2024,"{""C"": 0.19283251702836815, ""gamma"": 0.9963874194293135, ""kernel"": ""rbf""}",0.4775510204081633,0.52612165010539,48,0.3541666666666667,-1.5909606824070772,-0.9709614244897905,-0.5477588404054775,-2.1234500993351535,0.46747967479674796,0.4657371906587661,49,0.4489795918367347,-0.9431916040529952,-0.8713812648343157,-0.5647366084749474,-1.5329550446032691,-1.5429870345884817
META,news_only,svm,5,0.0,31415,"{""C"": 0.1, ""gamma"": 0.0638808254387459, ""kernel"": ""rbf""}",0.3877551020408163,0.5589807286961759,48,0.2916666666666667,-3.064834368412097,-0.9977517920857715,-0.6696578050659528,-3.759796852439454,0.4105691056910569,0.4686301847333566,49,0.3673469387755102,-1.490603297526111,-0.9521796763891347,-0.526262560455183,-1.9949816000709448,-1.809324371404192
META,news_only,svm,10,0.0025,42,"{""C"": 10.0, ""gamma"": 0.03411916537480358, ""kernel"": ""rbf""}",0.35,0.5481758241758242,23,0.34782608695652173,-2.7073326667100126,-0.9999638540782653,-0.6528363419717733,-3.3720336639009623,0.4268292682926829,0.5161993112657249,24,0.4583333333333333,-0.8940987982863777,-0.9802179460124794,-0.3150184731099555,-1.2310878962269,-3.1116205228711764
META,news_only,svm,10,0.0025,7,"{""C"": 3.0041718021277877, ""gamma"": 0.6476377115198717, ""kernel"": ""rbf""}",0.4666666666666667,0.5365714285714286,23,0.5217391304347826,-0.8190314296160572,-0.9812055941069296,-0.4479995354874262,-1.1638414707687739,0.5447154471544715,0.5357017358914892,24,0.5,-0.2566712025924553,-0.791744165529455,-0.20840469465887557,-0.6376529239268388,-3.7990706822867444
META,news_only,svm,10,0.0025,1337,"{""C"": 0.10680128655574421, ""gamma"": 0.010363147637057186, ""kernel"": ""rbf""}",0.7291666666666666,0.5210989010989011,23,0.6956521739130435,3.3814795682383854,28101.15307368848,-0.051721384870806526,18.614099772704662,0.6178861788617886,0.4625412889170004,24,0.6666666666666666,1.605287051290708,143.03883932253999,-0.144797678956862,3.742965318707675,987.8531227365461
META,news_only,svm,10,0.0025,2024,"{""C"": 0.11985936897018282, ""gamma"": 0.010125671555044935, ""kernel"": ""rbf""}",0.7041666666666667,0.5218901098901099,23,0.6521739130434783,2.686742851849797,5400.882426135351,-0.10933511279356209,8.680056009067975,0.6056910569105691,0.4623304518940192,24,0.625,1.5262715461363838,111.31497028970641,-0.14969566222845695,3.461666151665447,743.6085230033177
META,news_only,svm,10,0.0025,31415,"{""C"": 10.0, ""gamma"": 0.014911324204647835, ""kernel"": ""rbf""}",0.37083333333333335,0.5415384615384614,23,0.43478260869565216,-2.141385722477662,-0.9998171560664115,-0.5974774977788484,-2.727718163987057,0.4186991869918699,0.5044978564902663,24,0.4166666666666667,-1.471869109233458,-0.9972301746176989,-0.4319811283572319,-2.026184647156869,-2.308504027502395
META,social_only,svm,2,0.0,42,"{""C"": 0.12397420340784139, ""gamma"": 0.8861577452533078, ""kernel"": ""rbf""}",0.5362903225806451,0.5269473256050438,123,0.5040650406504065,-0.1954186619400632,-0.2814669665887466,-0.3530548742947207,-0.23882700894399783,0.5772357723577236,0.5526849037487335,122,0.5573770491803278,1.4789865133715088,1.5095154233973211,-0.21454739457658034,2.9892415839779303,7.035813351993497
META,social_only,svm,2,0.0,7,"{""C"": 0.18845016184605093, ""gamma"": 1.0, ""kernel"": ""rbf""}",0.6008064516129032,0.5310826384651888,123,0.5772357723577236,2.5780046457489716,5.630284917401512,-0.1316792385127298,5.841179846594384,0.573170731707317,0.5487673083417764,122,0.5737704918032787,1.3452330668834167,1.284192735287235,-0.18632140327300678,2.0600629223062663,6.892352208219344
META,social_only,svm,2,0.0,1337,"{""C"": 0.5177138638279808, ""gamma"": 0.9917879995498402, ""kernel"": ""rbf""}",0.5403225806451613,0.5324384787472035,123,0.5040650406504065,0.8535517935954762,0.7178272844245364,-0.21545943135759024,2.044472924562937,0.532520325203252,0.5407294832826748,122,0.47540983606557374,0.5970584749393874,0.35598192345529855,-0.335751393538039,1.272495282818112,1.0602544927783524
META,social_only,svm,2,0.0,2024,"{""C"": 0.19283251702836815, ""gamma"": 0.9963874194293135, ""kernel"": ""rbf""}",0.5403225806451613,0.5328113348247576,123,0.5040650406504065,-0.19581062739949717,-0.2816103563034571,-0.3530548742947207,-0.2417176430779697,0.5447154471544715,0.5493414387031409,122,0.5327868852459017,1.1627296316325995,1.0163955341112185,-0.23601677306474694,2.377809138922957,4.306454668085767
META,social_only,svm,2,0.0,31415,"{""C"": 0.10765385503032165, ""gamma"": 0.993114287634685, ""kernel"": ""rbf""}",0.5766129032258065,0.5308792624228866,123,0.5203252032520326,1.456263132443734,1.7860479084836736,-0.20595814396934053,3.3743731394219707,0.5650406504065041,0.5482944951030058,122,0.5573770491803278,0.7072509119491435,0.4627362231220591,-0.27626293743212227,1.1136522791327852,1.6749848076734986
META,social_only,svm,5,0.0,42,"{""C"": 10.0, ""gamma"": 0.0532301412745587, ""kernel"": ""rbf""}",0.5346938775510204,0.5484417344173441,48,0.6041666666666666,1.177795417046906,6.033539608280261,-0.2730854820080967,1.7054500076822805,0.4634146341463415,0.5172882537469501,49,0.42857142857142855,-2.1239523343154834,-0.9837701319397921,-0.5647037435955314,-2.31066991101571,-1.7420995399747459
META,social_only,svm,5,0.0,7,"{""C"": 0.10331993707751279, ""gamma"": 0.0638090574489061, ""kernel"": ""linear""}",0.47346938775510206,0.5291327913279134,48,0.5625,0.2108723416240559,0.04216559673272102,-0.3149914761850258,0.3221537959132789,0.4796747967479675,0.5204600906239107,49,0.46938775510204084,-1.9713415603612348,-0.9791140116246354,-0.5538744373279042,-2.1808163133129246,-1.767754468590832
META,social_only,svm,5,0.0,1337,"{""C"": 4.731582377455047, ""gamma"": 0.10323017542164589, ""kernel"": ""rbf""}",0.5469387755102041,0.550925925925926,48,0.625,1.3974790557233823,9.679875870727916,-0.2128921371630591,1.9573402659250496,0.5284552845528455,0.5176019518996166,49,0.4897959183673469,-0.685601798265085,-0.795161728240334,-0.4082932514290514,-1.0133549060856137,-1.9475260133671555
META,social_only,svm,5,0.0,2024,"{""C"": 0.1, ""gamma"": 0.11659130146615242, ""kernel"": ""linear""}",0.5265306122448979,0.5532971996386631,48,0.5416666666666666,0.393463398760295,0.504975908691293,-0.34135491261067474,0.6114512712759529,0.491869918699187,0.5103520390379924,49,0.5102040816326531,-1.4330536381398518,-0.9476880121892723,-0.4754544942996737,-1.5338795949682835,-1.993225479096965
META,social_only,svm,5,0.0,31415,"{""C"": 10.0, ""gamma"": 0.08540729569244877, ""kernel"": ""rbf""}",0.5387755102040817,0.555593194820837,48,0.625,1.30393088430733,7.948175546811072,-0.22347917255306207,1.8538213082226198,0.532520325203252,0.5188218891599861,49,0.5102040816326531,-0.20235476284858683,-0.5019127258155722,-0.3768236286328891,-0.3064391282220567,-1.3319566175733317
META,social_only,svm,10,0.0025,42,"{""C"": 0.11120513715710631, ""gamma"": 0.11208547084229371, ""kernel"": ""rbf""}",0.5625,0.5514285714285714,23,0.4782608695652174,0.8581110400186205,13.193834163765372,-0.1835490930923682,1.606104411609692,0.4715447154471545,0.4417035631456885,24,0.5416666666666666,-0.5987820624344532,-0.9429635794090089,-0.3909790227772999,-0.8768977831376289,-2.411800952160334
META,social_only,svm,10,0.0025,7,"{""C"": 0.198395883031092, ""gamma"": 0.0821480363172931, ""kernel"": ""rbf""}",0.5708333333333333,0.5542417582417583,23,0.4782608695652174,0.8581110400186205,13.193834163765372,-0.1835490930923682,1.606104411609692,0.4715447154471545,0.44381193337550073,24,0.5416666666666666,-0.5987820624344532,-0.9429635794090089,-0.3909790227772999,-0.8768977831376289,-2.411800952160334
META,social_only,svm,10,0.0025,1337,"{""C"": 1.7474372751496976, ""gamma"": 0.010141828696564362, ""kernel"": ""rbf""}",0.725,0.5382417582417582,23,0.6956521739130435,3.3814795682383854,28101.15307368848,-0.051721384870806526,18.614099772704662,0.6178861788617886,0.4290533417668143,24,0.625,1.491685204568971,99.61245240884556,-0.144797678956862,3.4636298809828956,687.9423284023911
META,social_only,svm,10,0.0025,2024,"{""C"": 0.5378173700076366, ""gamma"": 0.0549805659231988, ""kernel"": ""linear""}",0.5625,0.5415824175824175,23,0.5217391304347826,0.8874091012186823,14.858135642440285,-0.15210741552649484,1.6678105850237164,0.4634146341463415,0.4129594490125799,24,0.4583333333333333,-0.016108936198924572,-0.4926373058344141,-0.2746650551212875,-0.0418363373424396,-1.7935929476608288
META,social_only,svm,10,0.0025,31415,"{""C"": 0.18240525853873696, ""gamma"": 0.13827689826265713, ""kernel"": ""rbf""}",0.575,0.5458901098901099,23,0.4782608695652174,0.8581110400186205,13.193834163765372,-0.1835490930923682,1.606104411609692,0.4796747967479675,0.45133178719516476,24,0.5416666666666666,-0.5987820624344532,-0.9429635794090089,-0.3909790227772999,-0.8768977831376289,-2.411800952160334
META,sentiment_only,svm,2,0.0,42,"{""C"": 3.1901951417765275, ""gamma"": 0.25404992137849275, ""kernel"": ""rbf""}",0.5604838709677419,0.5246085011185682,123,0.5528455284552846,0.861905350714683,0.7276488021342922,-0.27064988391802963,1.694079757433174,0.516260162601626,0.5048294495103006,122,0.5491803278688525,0.14314305929643956,-0.0233646534125308,-0.22996187744244012,0.18077321867009744,-0.1016022902247309
META,sentiment_only,svm,2,0.0,7,"{""C"": 1.5804807931082612, ""gamma"": 0.2345544146230067, ""kernel"": ""rbf""}",0.5120967741935484,0.5192529320046099,123,0.4796747967479675,-0.08333642990870282,-0.20157954147506518,-0.271506435969696,-0.16936653139446156,0.491869918699187,0.49925700776764603,122,0.5,-0.506159215837738,-0.3849830219636692,-0.30148149451866113,-0.6651019408801374,-1.2769706564521475
META,sentiment_only,svm,2,0.0,1337,"{""C"": 1.5160945745311982, ""gamma"": 0.23616618628872263, ""kernel"": ""rbf""}",0.43548387096774194,0.5255575893159785,123,0.4065040650406504,-1.395074459029388,-0.7265046561001264,-0.46194900857932414,-2.834035936591396,0.4796747967479675,0.4984126984126984,122,0.5245901639344263,-0.7105513438143017,-0.46808981730833954,-0.3685582764052067,-0.9518098722933634,-1.2700564531447507
META,sentiment_only,svm,2,0.0,2024,"{""C"": 7.59835657084166, ""gamma"": 0.15842937011456948, ""kernel"": ""rbf""}",0.4637096774193548,0.5219985085756899,123,0.43902439024390244,-0.9369932574462975,-0.6033197560099994,-0.3965237617243569,-1.9244680412017419,0.483739837398374,0.5076325565687267,122,0.5081967213114754,-0.8229667598176424,-0.5088923464224467,-0.3837698836816893,-1.11159925915121,-1.3260351269370003
META,sentiment_only,svm,2,0.0,31415,"{""C"": 10.0, ""gamma"": 0.1899299085540033, ""kernel"": ""rbf""}",0.43548387096774194,0.5221340926038912,123,0.4065040650406504,-1.395074459029388,-0.7265046561001264,-0.46194900857932414,-2.834035936591396,0.483739837398374,0.504694360013509,122,0.5163934426229508,-0.7715045046129138,-0.49062406494324107,-0.38165372976413664,-1.0384818065142627,-1.2855214732119833
META,sentiment_only,svm,5,0.0,42,"{""C"": 3.918194347141743, ""gamma"": 0.02327392228062871, ""kernel"": ""linear""}",0.5061224489795918,0.5669226136705812,48,0.4791666666666667,-0.6713326555549718,-0.8264164612775663,-0.40166052402961183,-0.8553568069927977,0.491869918699187,0.4726036946671315,49,0.4489795918367347,0.46686665998602134,0.7225409004440233,-0.24820333289457452,1.0728369434002267,2.911084601554991
META,sentiment_only,svm,5,0.0,7,"{""C"": 10.0, ""gamma"": 0.6166249734912087, ""kernel"": ""rbf""}",0.5755102040816327,0.5782520325203252,48,0.5208333333333334,0.29866313672445355,0.22073379781826596,-0.421000525021955,0.366310376000299,0.540650406504065,0.4858835831300104,49,0.5306122448979592,1.2984898603510606,6.621763300890482,-0.2506157803303803,2.8102406766424406,26.421972679298896
META,sentiment_only,svm,5,0.0,1337,"{""C"": 0.10722993309989706, ""gamma"": 0.010184094281759704, ""kernel"": ""linear""}",0.6040816326530613,0.5560825052694972,48,0.5833333333333334,1.243591910199649,6.876805494223682,-0.2720986671253422,1.6009334576811804,0.5609756097560976,0.4775182990589055,49,0.46938775510204084,0.061781583209827906,-0.18223467399238147,-0.37750905645526917,0.12952636242822382,-0.48272927728814463
META,sentiment_only,svm,5,0.0,2024,"{""C"": 9.574891658584942, ""gamma"": 0.6031826656720735, ""kernel"": ""rbf""}",0.563265306122449,0.576708822643782,48,0.4791666666666667,-0.05248832479150823,-0.3975040803341354,-0.421000525021955,-0.06718555290618233,0.5447154471544715,0.4858138724294179,49,0.5306122448979592,1.2984898603510606,6.621763300890482,-0.2506157803303803,2.8102406766424406,26.421972679298896
META,sentiment_only,svm,5,0.0,31415,"{""C"": 5.5127903053737635, ""gamma"": 0.6433286090434578, ""kernel"": ""rbf""}",0.5714285714285714,0.5804727491719361,48,0.5,-0.03495799478633117,-0.3762615698058316,-0.4591835472142177,-0.04361304604631541,0.532520325203252,0.48075984663645865,49,0.5306122448979592,1.2589772653552675,6.115077153802352,-0.2575275835964869,2.7604103975482777,23.745328824208215
META,sentiment_only,svm,10,0.0025,42,"{""C"": 1.631972671105871, ""gamma"": 0.03438849111521597, ""kernel"": ""rbf""}",0.6,0.5674725274725274,23,0.6086956521739131,-0.051449969048078845,-0.6156803106525648,-0.3177578264541343,-0.06712623374355178,0.540650406504065,0.5133881509593085,24,0.5,-0.3496266236386469,-0.852137554437972,-0.37277034184104213,-0.8298023909575309,-2.2859585615889557
META,sentiment_only,svm,10,0.0025,7,"{""C"": 0.1, ""gamma"": 0.4737695243122287, ""kernel"": ""linear""}",0.6041666666666666,0.566945054945055,23,0.6086956521739131,-0.051449969048078845,-0.6156803106525648,-0.3177578264541343,-0.06712623374355178,0.540650406504065,0.5111743622180055,24,0.5,-0.3496266236386469,-0.852137554437972,-0.37277034184104213,-0.8298023909575309,-2.2859585615889557
META,sentiment_only,svm,10,0.0025,1337,"{""C"": 3.800059749479781, ""gamma"": 0.010249085625419365, ""kernel"": ""rbf""}",0.6083333333333333,0.5593406593406594,23,0.6086956521739131,0.42457130159473405,1.5642260641321388,-0.3164750422693359,0.565465510559722,0.5528455284552846,0.5116663152716283,24,0.5,-0.24979759881678057,-0.7868678167552763,-0.39610475058176486,-0.56452058779215,-1.9865144651751638
META,sentiment_only,svm,10,0.0025,2024,"{""C"": 0.1, ""gamma"": 0.025302782881677702, ""kernel"": ""rbf""}",0.32083333333333336,0.5574065934065935,23,0.30434782608695654,-3.229527399116964,-0.9999901238786627,-0.6255163865590232,-3.9473155312879564,0.42276422764227645,0.5247733502002951,24,0.3333333333333333,-1.7504155097446377,-0.9988550822995697,-0.4536208567730339,-2.450366717484386,-2.2019602215939114
META,sentiment_only,svm,10,0.0025,31415,"{""C"": 8.926786870730693, ""gamma"": 0.9937318006733805, ""kernel"": ""linear""}",0.6041666666666666,0.5564395604395606,23,0.6086956521739131,-0.051449969048078845,-0.6156803106525648,-0.3177578264541343,-0.06712623374355178,0.540650406504065,0.5135638484784595,24,0.5,-0.3496266236386469,-0.852137554437972,-0.37277034184104213,-0.8298023909575309,-2.2859585615889557
META,technical_only,svm,2,0.0,42,"{""C"": 6.388184096198351, ""gamma"": 0.01, ""kernel"": ""rbf""}",0.6008064516129032,0.5461663616026032,123,0.6016260162601627,2.1456083742137078,3.75536969066747,-0.19341613398235827,3.1174335752679703,0.6097560975609756,0.587436676798379,122,0.6065573770491803,2.0960212861849694,2.80727443773866,-0.20314081143886775,3.3385992123072286,13.819352289943314
META,technical_only,svm,2,0.0,7,"{""C"": 5.2956800664280355, ""gamma"": 0.01, ""kernel"": ""rbf""}",0.6008064516129032,0.5375906718188598,123,0.5934959349593496,2.207612085492885,3.987072140298637,-0.19341613398235827,3.229556488400025,0.6056910569105691,0.5935494765281999,122,0.5983606557377049,1.968909593391079,2.496690719675036,-0.20314081143886775,3.178405483041632,12.290443766521916
META,technical_only,svm,2,0.0,1337,"{""C"": 2.006599754450687, ""gamma"": 0.8747479870174104, ""kernel"": ""linear""}",0.6008064516129032,0.5237272049352586,123,0.5772357723577236,2.5780046457489716,5.630284917401512,-0.1316792385127298,5.841179846594384,0.5813008130081301,0.584869976359338,122,0.5901639344262295,1.558074835865599,1.64447417185059,-0.18632140327300678,2.3348178134973465,8.826007871146343
META,technical_only,svm,2,0.0,2024,"{""C"": 2.203134908703997, ""gamma"": 0.015229189513155349, ""kernel"": ""rbf""}",0.6008064516129032,0.5385736560233204,123,0.5772357723577236,2.5780046457489716,5.630284917401512,-0.1316792385127298,5.841179846594384,0.573170731707317,0.5940222897669706,122,0.5737704918032787,1.3452330668834167,1.284192735287235,-0.18632140327300678,2.0600629223062663,6.892352208219344
META,technical_only,svm,2,0.0,31415,"{""C"": 1.1521683544971542, ""gamma"": 0.060761322867009776, ""kernel"": ""linear""}",0.6008064516129032,0.5142363229611552,123,0.5772357723577236,2.5780046457489716,5.630284917401512,-0.1316792385127298,5.841179846594384,0.573170731707317,0.38780817291455594,122,0.5737704918032787,1.3452330668834167,1.284192735287235,-0.18632140327300678,2.0600629223062663,6.892352208219344
META,technical_only,svm,5,0.0,42,"{""C"": 2.052182987343352, ""gamma"": 0.9948006229432143, ""kernel"": ""linear""}",0.3673469387755102,0.5778380006022282,48,0.3125,-2.8859270537950525,-0.9970150637183977,-0.6642794450656427,-3.5258626439565686,0.42276422764227645,0.5470895782502613,49,0.3877551020408163,-1.4791446483084676,-0.9513157698470788,-0.45234528575940525,-1.877465643827763,-2.103074354472365
META,technical_only,svm,5,0.0,7,"{""C"": 0.25213601938081615, ""gamma"": 0.3027599419786384, ""kernel"": ""rbf""}",0.6244897959183674,0.5360960554049985,48,0.5833333333333334,2.110925647222091,38.583081601104226,-0.2687472891707108,5.159843142434043,0.5609756097560976,0.5217148832345765,49,0.5306122448979592,0.29945237818708403,0.2566862766545721,-0.30868404913281344,0.46329513376774856,0.8315501801135537
META,technical_only,svm,5,0.0,1337,"{""C"": 4.245284086860365, ""gamma"": 1.0, ""kernel"": ""rbf""}",0.6244897959183674,0.5523562180066244,48,0.5833333333333334,2.110925647222091,38.583081601104226,-0.2687472891707108,5.159843142434043,0.5609756097560976,0.5175670965493204,49,0.5306122448979592,0.29945237818708403,0.2566862766545721,-0.30868404913281344,0.46329513376774856,0.8315501801135537
META,technical_only,svm,5,0.0,2024,"{""C"": 5.442537314254765, ""gamma"": 1.0, ""kernel"": ""linear""}",0.3673469387755102,0.5782143932550436,48,0.3125,-2.8859270537950525,-0.9970150637183977,-0.6642794450656427,-3.5258626439565686,0.42276422764227645,0.5456256535378181,49,0.3877551020408163,-1.4791446483084676,-0.9513157698470788,-0.45234528575940525,-1.877465643827763,-2.103074354472365
META,technical_only,svm,5,0.0,31415,"{""C"": 10.0, ""gamma"": 0.01, ""kernel"": ""rbf""}",0.37142857142857144,0.5540876242095754,48,0.375,-2.5885030537429663,-0.9951367204159421,-0.6452581537048095,-3.1422248696919435,0.4105691056910569,0.5071453468107354,49,0.3673469387755102,-1.195839515683988,-0.9197688230604986,-0.3964788462876696,-1.5647737991980497,-2.319843370390435
META,technical_only,svm,10,0.0025,42,"{""C"": 10.0, ""gamma"": 0.15938966013779296, ""kernel"": ""rbf""}",0.3416666666666667,0.5534945054945056,23,0.34782608695652173,-2.7073326667100126,-0.9999638540782653,-0.6528363419717733,-3.3720336639009623,0.4349593495934959,0.5127556398903648,24,0.5,-0.2654277202325911,-0.8077313454953323,-0.3150184731099555,-0.3674494947201895,-2.5640761239211454
META,technical_only,svm,10,0.0025,7,"{""C"": 0.33509468548114624, ""gamma"": 0.31734046642140956, ""kernel"": ""rbf""}",0.6291666666666667,0.5053186813186814,23,0.6086956521739131,2.1095638132348955,1062.3486459783378,-0.20198494080221327,7.090935181826123,0.5853658536585366,0.5196429826410851,24,0.5,0.1280179315525738,-0.14228027904663287,-0.32897517241128604,0.2845287083622085,-0.4324954919964401
META,technical_only,svm,10,0.0025,1337,"{""C"": 0.5782788616339755, ""gamma"": 0.10990072473132544, ""kernel"": ""rbf""}",0.6333333333333333,0.51410989010989,23,0.5652173913043478,2.003250801024487,767.3301401869171,-0.2019849408022135,6.862671166336407,0.573170731707317,0.5047086935132475,24,0.5,0.1280179315525738,-0.14228027904663287,-0.32897517241128604,0.2845287083622085,-0.4324954919964401
META,technical_only,svm,10,0.0025,2024,"{""C"": 9.902166200722565, ""gamma"": 0.3467348286108499, ""kernel"": ""rbf""}",0.7291666666666666,0.5284395604395604,23,0.6956521739130435,3.3814795682383854,28101.15307368848,-0.051721384870806526,18.614099772704662,0.6219512195121951,0.534823248295734,24,0.6666666666666666,1.605287051290708,143.03883932253999,-0.144797678956862,3.742965318707675,987.8531227365461
META,technical_only,svm,10,0.0025,31415,"{""C"": 9.985174566312832, ""gamma"": 0.2897652736989571, ""kernel"": ""rbf""}",0.7291666666666666,0.549098901098901,23,0.6956521739130435,3.3814795682383854,28101.15307368848,-0.051721384870806526,18.614099772704662,0.6219512195121951,0.535666596387659,24,0.6666666666666666,1.605287051290708,143.03883932253999,-0.144797678956862,3.742965318707675,987.8531227365461
META,learned_alpha_per_stock,svm,2,0.0,42,"{""C"": 10.0, ""gamma"": 0.0785968210765632, ""kernel"": ""rbf""}",0.6088709677419355,0.5998237407633381,123,0.6016260162601627,2.7211884315821564,6.3465596340720865,-0.1776214929024465,4.00096349133284,0.5609756097560976,0.540256670043904,122,0.5737704918032787,1.6912394898573109,1.8978717472884798,-0.13960024728685805,2.7899613516336266,13.595045740776028
META,learned_alpha_per_stock,svm,2,0.0,7,"{""C"": 0.3501033219615435, ""gamma"": 0.3253710312742591, ""kernel"": ""rbf""}",0.6008064516129032,0.599722052742187,123,0.6097560975609756,2.8884856092186904,7.309601858467683,-0.17762149290244647,4.134624873087461,0.5528455284552846,0.5329956095913543,122,0.5573770491803278,1.3441527941477995,1.2835517829457888,-0.22257662066993442,2.240231431963271,5.766786192918286
META,learned_alpha_per_stock,svm,2,0.0,1337,"{""C"": 1.4252311768422101, ""gamma"": 0.039784161930788445, ""kernel"": ""linear""}",0.6008064516129032,0.5746051115178632,123,0.5853658536585366,2.358782480379357,4.620004221040193,-0.20942894522241523,5.304561849903367,0.516260162601626,0.3843296183721715,122,0.5,-0.261739603547698,-0.26507894866088677,-0.4012249379629388,-0.4149809323896108,-0.6606741595044427
META,learned_alpha_per_stock,svm,2,0.0,2024,"{""C"": 0.11675259014402163, ""gamma"": 0.01840406144176299, ""kernel"": ""linear""}",0.6008064516129032,0.5714188868551284,123,0.5772357723577236,2.5780046457489716,5.630284917401512,-0.1316792385127298,5.841179846594384,0.573170731707317,0.6220195879770347,122,0.5737704918032787,1.3452330668834167,1.284192735287235,-0.18632140327300678,2.0600629223062663,6.892352208219344
META,learned_alpha_per_stock,svm,2,0.0,31415,"{""C"": 1.1501238300002736, ""gamma"": 0.297120370915498, ""kernel"": ""rbf""}",0.5967741935483871,0.5882313063521117,123,0.5528455284552846,2.6960089053158907,6.24054878480821,-0.13167923851273017,6.210019663951932,0.5365853658536586,0.5292131036811888,122,0.5491803278688525,1.5391116773628055,1.6117264480944549,-0.1818473399692671,2.580485556927826,8.863074094825048
META,learned_alpha_per_stock,svm,5,0.0,42,"{""C"": 7.507806273930003, ""gamma"": 0.010024369532683744, ""kernel"": ""linear""}",0.42857142857142855,0.5529960855164108,48,0.4583333333333333,-0.2709343983956713,-0.6023240957778186,-0.4364163878129675,-0.52126090147244,0.5040650406504065,0.5691878703380968,49,0.4897959183673469,0.3311405243137864,0.3047964389448572,-0.28821239674456073,0.3954798930315452,1.0575410439926174
META,learned_alpha_per_stock,svm,5,0.0,7,"{""C"": 0.1, ""gamma"": 0.09983824020287121, ""kernel"": ""rbf""}",0.5265306122448979,0.5458446251129178,48,0.4375,-0.39619137477300487,-0.6986465922871209,-0.40406349737422326,-0.5113992662277218,0.4634146341463415,0.47054722899965146,49,0.4489795918367347,-0.9315690512581374,-0.8685992931806982,-0.5386262837263752,-1.5483688833625244,-1.61261958323213
META,learned_alpha_per_stock,svm,5,0.0,1337,"{""C"": 10.0, ""gamma"": 0.08491765422510313, ""kernel"": ""rbf""}",0.6,0.5462962962962963,48,0.6458333333333334,2.452638488854023,69.46232158337571,-0.19154137336070573,3.920757685624304,0.5772357723577236,0.5729173928197979,49,0.6122448979591837,1.7311639690717713,14.804990815784404,-0.13917451796715957,2.3706379152534534,106.37716610793562
META,learned_alpha_per_stock,svm,5,0.0,2024,"{""C"": 2.70696417059807, ""gamma"": 1.0, ""kernel"": ""rbf""}",0.5959183673469388,0.5519421860885275,48,0.5416666666666666,1.0870527411115993,4.939992087599906,-0.3094685622060835,1.9127315537718976,0.5487804878048781,0.5155803415824329,49,0.5102040816326531,0.20713617162365186,0.05838081414162399,-0.20145530307509785,0.3020038592499408,0.2897953702408171
META,learned_alpha_per_stock,svm,5,0.0,31415,"{""C"": 10.0, ""gamma"": 0.09245127891866253, ""kernel"": ""rbf""}",0.6,0.5448660042155977,48,0.6458333333333334,2.452638488854023,69.46232158337571,-0.19154137336070573,3.920757685624304,0.5772357723577236,0.5707215057511329,49,0.6122448979591837,1.7311639690717713,14.804990815784404,-0.13917451796715957,2.3706379152534534,106.37716610793562
META,learned_alpha_per_stock,svm,10,0.0025,42,"{""C"": 1.7177621112338384, ""gamma"": 0.16722697006183682, ""kernel"": ""rbf""}",0.7291666666666666,0.5684395604395605,23,0.6956521739130435,3.3814795682383854,28101.15307368848,-0.051721384870806526,18.614099772704662,0.6219512195121951,0.5023543467566237,24,0.6666666666666666,1.605287051290708,143.03883932253999,-0.144797678956862,3.742965318707675,987.8531227365461
META,learned_alpha_per_stock,svm,10,0.0025,7,"{""C"": 1.7255381838964918, ""gamma"": 0.4268065039709324, ""kernel"": ""rbf""}",0.49583333333333335,0.5554725274725275,23,0.5217391304347826,-0.2147626694258277,-0.7923608413989001,-0.31533368862069394,-0.38934692680179783,0.532520325203252,0.5165155668001967,24,0.5416666666666666,0.2767260785348201,0.4820925426478,-0.20840469465887548,0.7016600065139872,2.3132518364660974
META,learned_alpha_per_stock,svm,10,0.0025,1337,"{""C"": 9.97420437293056, ""gamma"": 0.0105377606411513, ""kernel"": ""linear""}",0.7166666666666667,0.5758241758241759,23,0.6521739130434783,2.6936425207947488,5498.932181491632,-0.1514953706042869,8.692095775305209,0.6016260162601627,0.5107878276758732,24,0.625,1.5262715461363838,111.31497028970641,-0.14969566222845695,3.461666151665447,743.6085230033177
META,learned_alpha_per_stock,svm,10,0.0025,2024,"{""C"": 0.13615793861930453, ""gamma"": 0.01, ""kernel"": ""rbf""}",0.7041666666666667,0.5208791208791208,23,0.6521739130434783,2.686742851849797,5400.882426135351,-0.10933511279356209,8.680056009067975,0.6056910569105691,0.4632792184974348,24,0.625,1.5262715461363838,111.31497028970641,-0.14969566222845695,3.461666151665447,743.6085230033177
META,learned_alpha_per_stock,svm,10,0.0025,31415,"{""C"": 2.1350836240656066, ""gamma"": 0.38597269902751885, ""kernel"": ""rbf""}",0.5,0.5592087912087912,23,0.5217391304347826,-0.2147626694258277,-0.7923608413989001,-0.31533368862069394,-0.38934692680179783,0.532520325203252,0.510085037599269,24,0.5416666666666666,0.2767260785348201,0.4820925426478,-0.20840469465887548,0.7016600065139872,2.3132518364660974
META,learned_alpha_global,svm,2,0.0,42,"{""C"": 1.7177621112338384, ""gamma"": 0.16722697006183682, ""kernel"": ""rbf""}",0.6088709677419355,0.5945359636634804,123,0.6178861788617886,3.0407180731059587,8.285059016848722,-0.17762149290244664,4.297098401919746,0.573170731707317,0.534177642688281,122,0.5819672131147541,1.7951969842519264,2.109924411709378,-0.13960024728685796,2.9287378892281963,15.114044944159689
META,learned_alpha_global,svm,2,0.0,7,"{""C"": 7.5034098877129205, ""gamma"": 0.07900445668189261, ""kernel"": ""rbf""}",0.625,0.5970442681852077,123,0.6341463414634146,3.4721664966069583,11.638978002622247,-0.17762149290244658,5.127064021182285,0.5853658536585366,0.5423843296183721,122,0.5983606557377049,1.951032457982768,2.4548958667929406,-0.13960024728685796,3.1319631048017165,17.585182795188686
META,learned_alpha_global,svm,2,0.0,1337,"{""C"": 10.0, ""gamma"": 1.0, ""kernel"": ""rbf""}",0.592741935483871,0.5732492712358482,123,0.5528455284552846,2.270191228833083,4.253962592035237,-0.14246011033423195,5.19076765773183,0.524390243902439,0.4598784194528875,122,0.5327868852459017,1.3015100230318921,1.2172873532082455,-0.24582802937494064,2.2175045775701343,4.9517842058263435
META,learned_alpha_global,svm,2,0.0,2024,"{""C"": 10.0, ""gamma"": 1.0, ""kernel"": ""rbf""}",0.5887096774193549,0.5714866788692292,123,0.5609756097560976,1.8617684797680645,2.81753828848351,-0.25689339050088333,2.818820637339419,0.5365853658536586,0.4581560283687943,122,0.5573770491803278,1.5038332579832194,1.5491862093993984,-0.21395286144764894,2.5066870613706613,7.240782847760422
META,learned_alpha_global,svm,2,0.0,31415,"{""C"": 10.0, ""gamma"": 1.0, ""kernel"": ""rbf""}",0.5887096774193549,0.5711477187987255,123,0.5609756097560976,1.8617684797680645,2.81753828848351,-0.25689339050088333,2.818820637339419,0.5365853658536586,0.4580209388720027,122,0.5573770491803278,1.5038332579832194,1.5491862093993984,-0.21395286144764894,2.5066870613706613,7.240782847760422
META,learned_alpha_global,svm,5,0.0,42,"{""C"": 1.5037095328447017, ""gamma"": 1.0, ""kernel"": ""rbf""}",0.6040816326530613,0.5611261668172237,48,0.5833333333333334,1.5361832924497898,12.941486026232402,-0.20979026212089402,2.739422157865057,0.5609756097560976,0.5310561171139769,49,0.5510204081632653,0.7889522107343601,2.0605627195408536,-0.17924778271005584,1.155867714776921,11.495610647937212
META,learned_alpha_global,svm,5,0.0,7,"{""C"": 0.14910316410657257, ""gamma"": 0.06898337221989431, ""kernel"": ""rbf""}",0.5877551020408164,0.5400481782595604,48,0.5208333333333334,0.7031715969945692,1.750732984732755,-0.2765306161835269,0.9470075968682525,0.5487804878048781,0.4687696061345417,49,0.4897959183673469,-0.3979300782028451,-0.6524879805795625,-0.440927533435214,-0.6127779552401177,-1.4798077486704133
META,learned_alpha_global,svm,5,0.0,1337,"{""C"": 2.0161550131703425, ""gamma"": 1.0, ""kernel"": ""rbf""}",0.5836734693877551,0.575730201746462,48,0.5416666666666666,1.2094508029849254,6.516333964090027,-0.29956230495770664,2.107937193110534,0.524390243902439,0.5041129313349599,49,0.4897959183673469,-0.15494829154927364,-0.4570457223306835,-0.2986514115866207,-0.22720972904134887,-1.530365183618502
META,learned_alpha_global,svm,5,0.0,2024,"{""C"": 1.7212477581579169, ""gamma"": 1.0, ""kernel"": ""rbf""}",0.6040816326530613,0.5663580246913579,48,0.5833333333333334,1.5361832924497898,12.941486026232402,-0.20979026212089402,2.739422157865057,0.5650406504065041,0.5264900662251656,49,0.5510204081632653,0.7889522107343601,2.0605627195408536,-0.17924778271005584,1.155867714776921,11.495610647937212
META,learned_alpha_global,svm,5,0.0,31415,"{""C"": 1.9422841148316252, ""gamma"": 1.0, ""kernel"": ""rbf""}",0.5836734693877551,0.5758807588075882,48,0.5416666666666666,1.2094508029849254,6.516333964090027,-0.29956230495770664,2.107937193110534,0.5203252032520326,0.5041477866852563,49,0.5102040816326531,-0.017642715200414702,-0.3007482964604825,-0.26328825840719844,-0.02538746450534795,-1.1422776628168083
META,learned_alpha_global,svm,10,0.0025,42,"{""C"": 6.1476873743545575, ""gamma"": 0.07010405537771916, ""kernel"": ""rbf""}",0.3416666666666667,0.5583296703296703,23,0.34782608695652173,-2.7073326667100126,-0.9999638540782653,-0.6528363419717733,-3.3720336639009623,0.4268292682926829,0.5071333192775318,24,0.4583333333333333,-0.8940987982863777,-0.9802179460124794,-0.3150184731099555,-1.2310878962269,-3.1116205228711764
META,learned_alpha_global,svm,10,0.0025,7,"{""C"": 2.8722710369342117, ""gamma"": 0.49760802797154774, ""kernel"": ""rbf""}",0.49583333333333335,0.5396923076923077,23,0.4782608695652174,-0.24904472419292673,-0.8187785174325528,-0.31533368862069394,-0.4387534777363689,0.5203252032520326,0.507695551338815,24,0.5833333333333334,0.5571581250793862,3.0987568353761636,-0.19792416647030317,1.3453019560594413,15.656283366695929
META,learned_alpha_global,svm,10,0.0025,1337,"{""C"": 6.241771526141971, ""gamma"": 0.7191413528619333, ""kernel"": ""linear""}",0.6833333333333333,0.5207032967032966,23,0.6521739130434783,2.6936425207947488,5498.932181491632,-0.1514953706042869,8.692095775305209,0.5650406504065041,0.45730550284629984,24,0.5416666666666666,0.45546691823643787,1.8413512345965009,-0.14969566222845712,1.0291669962442782,12.300631876602637
META,learned_alpha_global,svm,10,0.0025,2024,"{""C"": 0.1, ""gamma"": 0.013860449552186467, ""kernel"": ""rbf""}",0.7,0.5434725274725275,23,0.6521739130434783,2.6936425207947488,5498.932181491632,-0.1514953706042869,8.692095775305209,0.5894308943089431,0.48056785438189614,24,0.5833333333333334,1.00903356007102,19.221020393232802,-0.14969566222845695,2.3243425276234158,128.40065040694887
META,learned_alpha_global,svm,10,0.0025,31415,"{""C"": 10.0, ""gamma"": 0.08076786236530942, ""kernel"": ""rbf""}",0.42083333333333334,0.5363076923076923,23,0.391304347826087,-2.351555898873128,-0.9999024304405758,-0.5979484340132153,-2.9735301306659663,0.43902439024390244,0.48204371354276476,24,0.5,0.2731490767054715,0.45833379502459115,-0.2973270242981903,0.585952923675813,1.541514082369205
NVDA,full_70_30,svm,2,0.005,42,"{""C"": 0.10490082911048462, ""gamma"": 0.01, ""kernel"": ""linear""}",0.5887096774193549,0.6264109088536569,123,0.6178861788617886,2.5779926244734175,8.819756974618072,-0.1794732650975128,5.857127492093901,0.6056910569105691,0.53125,122,0.6639344262295082,3.636380623468621,27.558718995719452,-0.16051844347207303,6.255206397286222,171.68568545529232
NVDA,full_70_30,svm,2,0.005,7,"{""C"": 0.21535056285468993, ""gamma"": 1.0, ""kernel"": ""linear""}",0.5846774193548387,0.6261499314934429,123,0.6097560975609756,2.564818673985226,8.701225906442646,-0.179473265097513,5.802191306092867,0.6056910569105691,0.531448622881356,122,0.6639344262295082,3.636380623468621,27.558718995719452,-0.16051844347207303,6.255206397286222,171.68568545529232
NVDA,full_70_30,svm,2,0.005,1337,"{""C"": 10.0, ""gamma"": 0.01, ""kernel"": ""linear""}",0.5806451612903226,0.6312389900176159,123,0.5691056910569106,-0.11323489636186136,-0.3171518053296769,-0.5246551229869814,-0.11805648446089798,0.508130081300813,0.563625529661017,122,0.5,0.7179639918745423,0.627938075538266,-0.416124844807533,1.2522063887579657,1.509013661101397
NVDA,full_70_30,svm,2,0.005,2024,"{""C"": 0.11675259014402163, ""gamma"": 0.01840406144176299, ""kernel"": ""linear""}",0.5887096774193549,0.6261499314934429,123,0.6178861788617886,2.5779926244734175,8.819756974618072,-0.1794732650975128,5.857127492093901,0.6056910569105691,0.53125,122,0.6639344262295082,3.636380623468621,27.558718995719452,-0.16051844347207303,6.255206397286222,171.68568545529232
NVDA,full_70_30,svm,2,0.005,31415,"{""C"": 10.0, ""gamma"": 1.0, ""kernel"": ""linear""}",0.5241935483870968,0.6310432569974554,123,0.4715447154471545,-1.4963756722984614,-0.8291517488198441,-0.7398049520852021,-1.6688239436268042,0.4715447154471545,0.5350900423728814,122,0.45081967213114754,-0.9840779600748139,-0.7286052452388412,-0.5637690943742116,-1.6727371380496008,-1.2923823822723008
NVDA,full_70_30,svm,5,0.01,42,"{""C"": 10.0, ""gamma"": 0.39016074303960574, ""kernel"": ""linear""}",0.5102040816326531,0.6501968236731369,48,0.4375,-1.6402704047037056,-0.9892065772854838,-0.6760806984972363,-2.1928555646799803,0.4634146341463415,0.5836229946524064,49,0.3673469387755102,-1.8791938403015649,-0.9980277726490225,-0.7042179232413338,-2.7477493960458395,-1.4172143873523662
NVDA,full_70_30,svm,5,0.01,7,"{""C"": 9.979210960343957, ""gamma"": 0.11405773702783553, ""kernel"": ""linear""}",0.5877551020408164,0.6807044930093661,48,0.5625,0.16715532534694524,-0.1758684993396461,-0.44296376159758133,0.20424490696224956,0.483739837398374,0.5825200534759358,49,0.40816326530612246,-1.4753393870833877,-0.9940839706963607,-0.6383321847003164,-2.1161617273273237,-1.5573145057115714
NVDA,full_70_30,svm,5,0.01,1337,"{""C"": 8.458168230145086, ""gamma"": 0.6021125249779994, ""kernel"": ""linear""}",0.5428571428571428,0.6261028912718882,48,0.4791666666666667,-1.211885285100255,-0.9709092234726873,-0.6087492911898157,-1.5847779782215745,0.4715447154471545,0.5751002673796791,49,0.3877551020408163,-1.6789000829736531,-0.9966170499393552,-0.6755771440963158,-2.4330543125222777,-1.4752083587322626
NVDA,full_70_30,svm,5,0.01,2024,"{""C"": 5.400466661783103, ""gamma"": 0.01, ""kernel"": ""rbf""}",0.5591836734693878,0.5971562372743314,48,0.5833333333333334,1.7645565883024998,36.60921731066078,-0.285208895317512,3.687978840053493,0.6219512195121951,0.600735294117647,49,0.6938775510204082,3.3285703520648555,2950.469756683922,-0.2590380567244568,5.381185130436631,11390.101493165488
NVDA,full_70_30,svm,5,0.01,31415,"{""C"": 1.790763819528524, ""gamma"": 0.01, ""kernel"": ""linear""}",0.5959183673469388,0.6714062712094476,48,0.5833333333333334,0.267250334729145,0.05227998748073248,-0.4164210729973505,0.3212971546317739,0.4796747967479675,0.5702540106951872,49,0.42857142857142855,-1.4677289300770942,-0.9939580142127087,-0.6368476077354741,-2.119589765983014,-1.560747032947271
NVDA,full_70_30,svm,10,0.01,42,"{""C"": 7.437997334386128, ""gamma"": 0.06623919537585976, ""kernel"": ""linear""}",0.6416666666666667,0.6346153846153846,23,0.7391304347826086,2.6382025469985426,363358.3377260586,-0.13119440759893478,8.796019696735664,0.6260162601626016,0.5772916666666666,24,0.5416666666666666,2.000521826080525,4780.179966430579,-0.18033082467944014,5.6329346990851255,26507.83622227607
NVDA,full_70_30,svm,10,0.01,7,"{""C"": 0.16242361985879422, ""gamma"": 0.019065543459905143, ""kernel"": ""linear""}",0.6375,0.632554945054945,23,0.6956521739130435,2.316516083519604,89819.54300958956,-0.13119440759893483,8.52473992895942,0.6300813008130082,0.5756944444444444,24,0.5833333333333334,2.2148093047030515,11357.300170757077,-0.18033082467944014,5.854276895519101,62980.35951948898
NVDA,full_70_30,svm,10,0.01,1337,"{""C"": 6.241771526141971, ""gamma"": 0.7191413528619333, ""kernel"": ""linear""}",0.65,0.6340811965811967,23,0.7391304347826086,2.6220963024065265,339676.1235565397,-0.13119440759893472,8.72115974354047,0.6097560975609756,0.579861111111111,24,0.5833333333333334,2.2625359605929027,13699.481669938483,-0.18033082467944014,6.006306564607899,75968.60766477927
NVDA,full_70_30,svm,10,0.01,2024,"{""C"": 0.9484138254430046, ""gamma"": 0.01, ""kernel"": ""rbf""}",0.65,0.5871489621489621,23,0.7391304347826086,2.6220963024065265,339676.1235565397,-0.13119440759893472,8.72115974354047,0.6097560975609756,0.6005555555555555,24,0.5833333333333334,2.2625359605929027,13699.481669938483,-0.18033082467944014,6.006306564607899,75968.60766477927
NVDA,full_70_30,svm,10,0.01,31415,"{""C"": 0.21646533411704497, ""gamma"": 1.0, ""kernel"": ""linear""}",0.6541666666666667,0.6336233211233212,23,0.7391304347826086,2.6220963024065265,339676.1235565397,-0.13119440759893472,8.72115974354047,0.6341463414634146,0.5772916666666666,24,0.625,2.5500330743202686,40439.16608309936,-0.18033082467944014,6.2864956109620875,224249.88159947068
NVDA,equal_50_50,svm,2,0.005,42,"{""C"": 0.11615187951873976, ""gamma"": 0.12116160125329908, ""kernel"": ""linear""}",0.5887096774193549,0.6194297644679324,123,0.6178861788617886,2.5779926244734175,8.819756974618072,-0.1794732650975128,5.857127492093901,0.6056910569105691,0.5307865466101696,122,0.6639344262295082,3.636380623468621,27.558718995719452,-0.16051844347207303,6.255206397286222,171.68568545529232
NVDA,equal_50_50,svm,2,0.005,7,"{""C"": 0.1588895962970994, ""gamma"": 0.01, ""kernel"": ""linear""}",0.5887096774193549,0.618973054087558,123,0.6178861788617886,2.5779926244734175,8.819756974618072,-0.1794732650975128,5.857127492093901,0.6056910569105691,0.534957627118644,122,0.6639344262295082,3.636380623468621,27.558718995719452,-0.16051844347207303,6.255206397286222,171.68568545529232
NVDA,equal_50_50,svm,2,0.005,1337,"{""C"": 0.2797024044792463, ""gamma"": 0.39301444898608706, ""kernel"": ""linear""}",0.5846774193548387,0.6191035427676649,123,0.6097560975609756,2.564818673985226,8.701225906442646,-0.179473265097513,5.802191306092867,0.6056910569105691,0.5361493644067796,122,0.6639344262295082,3.636380623468621,27.558718995719452,-0.16051844347207303,6.255206397286222,171.68568545529232
NVDA,equal_50_50,svm,2,0.005,2024,"{""C"": 1.3296732070695034, ""gamma"": 0.9654358627191305, ""kernel"": ""linear""}",0.5887096774193549,0.6180596333268089,123,0.6178861788617886,2.6295687664225342,9.296940503325915,-0.179473265097513,5.89871018226215,0.6097560975609756,0.534957627118644,122,0.6557377049180327,3.544741448776157,25.311776761590192,-0.16051844347207303,6.1702939377725805,157.68765391743867
NVDA,equal_50_50,svm,2,0.005,31415,"{""C"": 0.9599584333819214, ""gamma"": 0.062472559789110656, ""kernel"": ""linear""}",0.5887096774193549,0.6179291446467019,123,0.6178861788617886,2.6295687664225342,9.296940503325915,-0.179473265097513,5.89871018226215,0.6097560975609756,0.5348914194915255,122,0.6557377049180327,3.544741448776157,25.311776761590192,-0.16051844347207303,6.1702939377725805,157.68765391743867
NVDA,equal_50_50,svm,5,0.01,42,"{""C"": 3.918194347141743, ""gamma"": 0.02327392228062871, ""kernel"": ""linear""}",0.5959183673469388,0.6419845255870777,48,0.6666666666666666,2.9994035344943026,472.0094111527438,-0.16982906759782115,6.135963889147324,0.6016260162601627,0.5692513368983957,49,0.6326530612244898,2.5302226950516977,472.3347805468618,-0.3046274445459263,4.344276701840588,1550.532589901471
NVDA,equal_50_50,svm,5,0.01,7,"{""C"": 0.5763438550158403, ""gamma"": 1.0, ""kernel"": ""linear""}",0.5959183673469388,0.6412379530337995,48,0.6666666666666666,2.9994035344943026,472.0094111527438,-0.16982906759782115,6.135963889147324,0.6016260162601627,0.569451871657754,49,0.6326530612244898,2.5302226950516977,472.3347805468618,-0.3046274445459263,4.344276701840588,1550.532589901471
NVDA,equal_50_50,svm,5,0.01,1337,"{""C"": 0.18655819948563826, ""gamma"": 0.01, ""kernel"": ""linear""}",0.4816326530612245,0.5845323741007195,48,0.3541666666666667,-2.1770766582064667,-0.9967046780185895,-0.7235646461955739,-2.9686633075120055,0.4634146341463415,0.5718917112299466,49,0.3877551020408163,-1.7213426336438484,-0.9969860345172039,-0.6787930867816544,-2.4912917416566676,-1.468762799639269
NVDA,equal_50_50,svm,5,0.01,2024,"{""C"": 5.602614749278079, ""gamma"": 0.01, ""kernel"": ""rbf""}",0.5510204081632653,0.5571467354418352,48,0.5833333333333334,1.7645565883024998,36.60921731066078,-0.285208895317512,3.687978840053493,0.6219512195121951,0.5938502673796792,49,0.673469387755102,3.19955259456993,2230.9647920346492,-0.25903805672445684,5.35943827849467,8612.498179785853
NVDA,equal_50_50,svm,5,0.01,31415,"{""C"": 10.0, ""gamma"": 1.0, ""kernel"": ""linear""}",0.5836734693877551,0.6347902809827609,48,0.625,0.8455111096336515,3.2725168674939686,-0.4911786311194315,0.9849040556235401,0.4959349593495935,0.5669786096256685,49,0.46938775510204084,-0.34048004069427823,-0.845757754437718,-0.3846421216734519,-0.4678332243663849,-2.198817307782369
NVDA,equal_50_50,svm,10,0.01,42,"{""C"": 0.11584617312696084, ""gamma"": 0.3838870791068062, ""kernel"": ""linear""}",0.6333333333333333,0.6251526251526252,23,0.6956521739130435,2.316516083519604,89819.54300958956,-0.13119440759893483,8.52473992895942,0.6504065040650406,0.5853472222222222,24,0.5833333333333334,2.2148093047030515,11357.300170757077,-0.18033082467944014,5.854276895519101,62980.35951948898
NVDA,equal_50_50,svm,10,0.01,7,"{""C"": 8.442098795187455, ""gamma"": 1.0, ""kernel"": ""rbf""}",0.6083333333333333,0.6296932234432234,23,0.6086956521739131,0.40199784592885424,0.6741175865374764,-0.529544665640041,0.4607481057637361,0.5284552845528455,0.5782291666666666,24,0.4583333333333333,-0.3436001793944329,-0.9584920732348691,-0.3690666925308201,-0.49341214562311836,-2.5970701031354304
NVDA,equal_50_50,svm,10,0.01,1337,"{""C"": 0.11693452965138663, ""gamma"": 0.029564977248252883, ""kernel"": ""linear""}",0.6541666666666667,0.6246184371184371,23,0.7391304347826086,2.6220963024065265,339676.1235565397,-0.13119440759893472,8.72115974354047,0.6219512195121951,0.5852083333333333,24,0.5833333333333334,2.2625359605929027,13699.481669938483,-0.18033082467944014,6.006306564607899,75968.60766477927
NVDA,equal_50_50,svm,10,0.01,2024,"{""C"": 3.056679600783389, ""gamma"": 1.0, ""kernel"": ""rbf""}",0.5875,0.6298076923076923,23,0.5652173913043478,0.08625507593380224,-0.764971534702932,-0.597164649540739,0.10458970526465854,0.516260162601626,0.5858680555555555,24,0.5,-0.22784611215053033,-0.9239801929017831,-0.3690666925308201,-0.32181029013787177,-2.5035588732370457
NVDA,equal_50_50,svm,10,0.01,31415,"{""C"": 2.1499250132956687, ""gamma"": 1.0, ""kernel"": ""rbf""}",0.6,0.6298076923076923,23,0.6086956521739131,0.40199784592885424,0.6741175865374764,-0.529544665640041,0.4607481057637361,0.5365853658536586,0.5909027777777777,24,0.5,0.2767781344853497,0.09784403285793619,-0.36906669253082003,0.40063857861702595,0.2651120646704401
NVDA,news_only,svm,2,0.005,42,"{""C"": 0.11955216153132833, ""gamma"": 1.0, ""kernel"": ""linear""}",0.5887096774193549,0.6275200626345665,123,0.6178861788617886,2.5779926244734175,8.819756974618072,-0.1794732650975128,5.857127492093901,0.6056910569105691,0.5313824152542372,122,0.6639344262295082,3.636380623468621,27.558718995719452,-0.16051844347207303,6.255206397286222,171.68568545529232
NVDA,news_only,svm,2,0.005,7,"{""C"": 0.2774450085598557, ""gamma"": 1.0, ""kernel"": ""linear""}",0.5846774193548387,0.6267371305539244,123,0.6097560975609756,2.564818673985226,8.701225906442646,-0.179473265097513,5.802191306092867,0.6056910569105691,0.5364804025423728,122,0.6639344262295082,3.636380623468621,27.558718995719452,-0.16051844347207303,6.255206397286222,171.68568545529232
NVDA,news_only,svm,2,0.005,1337,"{""C"": 0.11693452965138663, ""gamma"": 0.029564977248252883, ""kernel"": ""linear""}",0.5887096774193549,0.6274548182945129,123,0.6178861788617886,2.5779926244734175,8.819756974618072,-0.1794732650975128,5.857127492093901,0.6056910569105691,0.5355534957627119,122,0.6639344262295082,3.636380623468621,27.558718995719452,-0.16051844347207303,6.255206397286222,171.68568545529232
NVDA,news_only,svm,2,0.005,2024,"{""C"": 0.11675259014402163, ""gamma"": 0.01840406144176299, ""kernel"": ""linear""}",0.5887096774193549,0.6269981079141385,123,0.6178861788617886,2.5779926244734175,8.819756974618072,-0.1794732650975128,5.857127492093901,0.6056910569105691,0.5310513771186441,122,0.6639344262295082,3.636380623468621,27.558718995719452,-0.16051844347207303,6.255206397286222,171.68568545529232
NVDA,news_only,svm,2,0.005,31415,"{""C"": 10.0, ""gamma"": 1.0, ""kernel"": ""linear""}",0.5161290322580645,0.6184510993671299,123,0.45528455284552843,-1.8803141371290355,-0.8827516079192411,-0.7398049520852021,-2.116014665085535,0.46747967479674796,0.543895656779661,122,0.45081967213114754,-0.8507116374121622,-0.6878939431764871,-0.533229607896845,-1.4477638199613843,-1.290052039476327
NVDA,news_only,svm,5,0.01,42,"{""C"": 0.1, ""gamma"": 1.0, ""kernel"": ""linear""}",0.6122448979591837,0.6735441835211076,48,0.6041666666666666,0.6425247372998211,1.6253708536112912,-0.497992459647792,0.7712466747246937,0.508130081300813,0.5802139037433155,49,0.4897959183673469,-0.40318586422406555,-0.8716606754109378,-0.39192981388017173,-0.5597487177270211,-2.224022374775088
NVDA,news_only,svm,5,0.01,7,"{""C"": 0.1, ""gamma"": 1.0, ""kernel"": ""linear""}",0.6,0.6659427175240938,48,0.5625,-0.0021335602232753843,-0.45588626137334964,-0.497992459647792,-0.0026311178857542075,0.5040650406504065,0.5852941176470589,49,0.46938775510204084,-0.6857105653085738,-0.943813070799479,-0.48215267939612433,-0.9670240247109543,-1.9574983426029378
NVDA,news_only,svm,5,0.01,1337,"{""C"": 0.1, ""gamma"": 0.19976354167514512, ""kernel"": ""linear""}",0.5795918367346938,0.6594611103569975,48,0.5,-0.9315204192617905,-0.9433769569357804,-0.5558311793534795,-1.2013527036742386,0.47560975609756095,0.5871991978609626,49,0.3877551020408163,-1.6789000829736531,-0.9966170499393552,-0.6755771440963158,-2.4330543125222777,-1.4752083587322626
NVDA,news_only,svm,5,0.01,2024,"{""C"": 8.306858373570924, ""gamma"": 0.025895837246292276, ""kernel"": ""linear""}",0.6040816326530613,0.674358626306502,48,0.5416666666666666,-0.5518442423329047,-0.858303927998962,-0.5418941271115575,-0.7019305703002635,0.491869918699187,0.5781417112299465,49,0.46938775510204084,-1.1271192304848359,-0.9842670269928929,-0.5570728326609955,-1.6111649615295245,-1.7668551925092078
NVDA,news_only,svm,5,0.01,31415,"{""C"": 0.10204733407450542, ""gamma"": 0.7475306349412437, ""kernel"": ""linear""}",0.6040816326530613,0.6722546491109,48,0.5833333333333334,0.15652389763711758,-0.19780808300569308,-0.497992459647792,0.18894870428779065,0.5121951219512195,0.5856951871657754,49,0.46938775510204084,-0.6857105653085738,-0.943813070799479,-0.48215267939612433,-0.9670240247109543,-1.9574983426029378
NVDA,news_only,svm,10,0.01,42,"{""C"": 0.12780154634966528, ""gamma"": 0.10297401695259027, ""kernel"": ""linear""}",0.6583333333333333,0.6253434065934066,23,0.6956521739130435,2.316516083519604,89819.54300958956,-0.13119440759893483,8.52473992895942,0.6219512195121951,0.5898611111111112,24,0.5416666666666666,2.000521826080525,4780.179966430579,-0.18033082467944014,5.6329346990851255,26507.83622227607
NVDA,news_only,svm,10,0.01,7,"{""C"": 0.10180349547119238, ""gamma"": 0.20978482549767827, ""kernel"": ""linear""}",0.6666666666666666,0.6256105006105006,23,0.6956521739130435,2.316516083519604,89819.54300958956,-0.13119440759893483,8.52473992895942,0.6300813008130082,0.5899652777777777,24,0.5833333333333334,2.2148093047030515,11357.300170757077,-0.18033082467944014,5.854276895519101,62980.35951948898
NVDA,news_only,svm,10,0.01,1337,"{""C"": 0.11693452965138663, ""gamma"": 0.029564977248252883, ""kernel"": ""linear""}",0.6708333333333333,0.6262210012210012,23,0.7391304347826086,2.6220963024065265,339676.1235565397,-0.13119440759893472,8.72115974354047,0.6463414634146342,0.5906250000000001,24,0.5833333333333334,2.2148093047030515,11357.300170757077,-0.18033082467944014,5.854276895519101,62980.35951948898
NVDA,news_only,svm,10,0.01,2024,"{""C"": 10.0, ""gamma"": 0.016001061785759503, ""kernel"": ""rbf""}",0.6416666666666667,0.6101190476190477,23,0.6956521739130435,2.3443786504700306,101983.141311433,-0.18209804543151775,9.108168212523596,0.6219512195121951,0.569375,24,0.625,2.192783371498111,10408.032685854256,-0.18033082467944014,5.993588923222798,57716.32611538151
NVDA,news_only,svm,10,0.01,31415,"{""C"": 7.797064213902206, ""gamma"": 0.0534911322422218, ""kernel"": ""linear""}",0.6666666666666666,0.6272893772893773,23,0.6956521739130435,2.316516083519604,89819.54300958956,-0.13119440759893483,8.52473992895942,0.6504065040650406,0.5963888888888889,24,0.5833333333333334,2.2148093047030515,11357.300170757077,-0.18033082467944014,5.854276895519101,62980.35951948898
NVDA,social_only,svm,2,0.005,42,"{""C"": 0.44292800312319125, ""gamma"": 0.0102791638491824, ""kernel"": ""rbf""}",0.5564516129032258,0.6126443531023683,123,0.5772357723577236,1.4840859673357671,2.466411280187977,-0.2330786715142502,2.9593997003387416,0.6138211382113821,0.6147047139830508,122,0.6557377049180327,3.541316113596692,25.233920156343693,-0.18416825846208587,6.27935237255401,137.0155767723596
NVDA,social_only,svm,2,0.005,7,"{""C"": 0.856457225403314, ""gamma"": 0.013093007501106684, ""kernel"": ""rbf""}",0.5645161290322581,0.6076857832583024,123,0.5934959349593496,1.7045911865593104,3.29407055803809,-0.2330786715142502,3.345215702767678,0.6138211382113821,0.6170550847457628,122,0.6639344262295082,3.830317166700917,32.91001507543306,-0.18416825846208615,6.780397689985917,178.69536993101386
NVDA,social_only,svm,2,0.005,1337,"{""C"": 3.800059749479781, ""gamma"": 0.010249085625419365, ""kernel"": ""rbf""}",0.5443548387096774,0.6127748417824754,123,0.5691056910569106,1.8955412064505037,4.163404181577786,-0.2330786715142502,3.950548890046481,0.6056910569105691,0.5881885593220338,122,0.6557377049180327,3.68795942514008,28.91009871354434,-0.1849986775529793,6.642954248216023,156.27192094530062
NVDA,social_only,svm,2,0.005,2024,"{""C"": 3.7241673027546507, ""gamma"": 0.01, ""kernel"": ""rbf""}",0.5604838709677419,0.6095778691198539,123,0.5772357723577236,1.9003653996512448,4.186648195638181,-0.2330786715142502,3.8775473512071272,0.6016260162601627,0.5893140889830508,122,0.6557377049180327,3.68795942514008,28.91009871354434,-0.1849986775529793,6.642954248216023,156.27192094530062
NVDA,social_only,svm,2,0.005,31415,"{""C"": 0.1, ""gamma"": 1.0, ""kernel"": ""linear""}",0.5201612903225806,0.5959418020486724,123,0.45528455284552843,-1.8803141371290355,-0.8827516079192411,-0.7398049520852021,-2.116014665085535,0.46747967479674796,0.5693193855932204,122,0.45081967213114754,-0.9840779600748139,-0.7286052452388412,-0.5637690943742116,-1.6727371380496008,-1.2923823822723008
NVDA,social_only,svm,5,0.01,42,"{""C"": 9.256818992066885, ""gamma"": 0.08580760619921303, ""kernel"": ""linear""}",0.5510204081632653,0.6053346002443328,48,0.375,-1.689608222114045,-0.9903360505623781,-0.6963499972464765,-2.2893041789878783,0.483739837398374,0.5574866310160428,49,0.40816326530612246,-1.0554238677917298,-0.9805677288541677,-0.6417803459541085,-1.5667400816630437,-1.5278868152255394
NVDA,social_only,svm,5,0.01,7,"{""C"": 7.1008498836200165, ""gamma"": 1.0, ""kernel"": ""linear""}",0.5877551020408164,0.6030270123523822,48,0.5,-0.7901706567606964,-0.9203606492842673,-0.6535450740871934,-1.027396072044098,0.5284552845528455,0.5542780748663102,49,0.5510204081632653,0.9316672241949002,5.611722666518086,-0.33213929021903665,1.6419129772919612,16.895690548436203
NVDA,social_only,svm,5,0.01,1337,"{""C"": 6.241771526141971, ""gamma"": 0.7191413528619333, ""kernel"": ""linear""}",0.5591836734693878,0.6050631193158681,48,0.4791666666666667,-1.1020887795034102,-0.9622679981469086,-0.659104849009964,-1.4445376946061101,0.4634146341463415,0.5641377005347593,49,0.3877551020408163,-1.4201808143324035,-0.993070241240462,-0.6800609062722014,-2.1097150561197355,-1.4602666203591115
NVDA,social_only,svm,5,0.01,2024,"{""C"": 0.1, ""gamma"": 1.0, ""kernel"": ""linear""}",0.5714285714285714,0.5997353060947469,48,0.5,-0.889386481816654,-0.9372733800919023,-0.6550894149940504,-1.1686940793666114,0.532520325203252,0.5579545454545455,49,0.5102040816326531,0.7666184628488653,3.1190143416061975,-0.33213929021903665,1.3829025168902997,9.390681661146726
NVDA,social_only,svm,5,0.01,31415,"{""C"": 0.23188413941641134, ""gamma"": 0.01, ""kernel"": ""linear""}",0.5795918367346938,0.6010587756210127,48,0.5208333333333334,-0.722461982861058,-0.906148187323074,-0.6550894149940504,-0.9508157559392304,0.5365853658536586,0.558322192513369,49,0.5102040816326531,0.7666184628488653,3.1190143416061975,-0.33213929021903665,1.3829025168902997,9.390681661146726
NVDA,social_only,svm,10,0.01,42,"{""C"": 7.53538450929555, ""gamma"": 0.010035927878780911, ""kernel"": ""linear""}",0.6416666666666667,0.6037851037851037,23,0.6956521739130435,2.7731097787285908,635943.5239211832,-0.0646283575517393,15.11302114077272,0.6463414634146342,0.6140972222222222,24,0.5833333333333334,2.2148093047030515,11357.300170757077,-0.18033082467944014,5.854276895519101,62980.35951948898
NVDA,social_only,svm,10,0.01,7,"{""C"": 0.1304833533051986, ""gamma"": 0.01, ""kernel"": ""linear""}",0.6625,0.5984432234432234,23,0.6956521739130435,2.316516083519604,89819.54300958956,-0.13119440759893483,8.52473992895942,0.6422764227642277,0.6239930555555555,24,0.5833333333333334,2.2148093047030515,11357.300170757077,-0.18033082467944014,5.854276895519101,62980.35951948898
NVDA,social_only,svm,10,0.01,1337,"{""C"": 9.26310280979648, ""gamma"": 1.0, ""kernel"": ""linear""}",0.6583333333333333,0.5993589743589743,23,0.6956521739130435,2.316516083519604,89819.54300958956,-0.13119440759893483,8.52473992895942,0.6382113821138211,0.6309027777777778,24,0.5416666666666666,1.9483896544734545,3847.01048965403,-0.18033082467944014,5.502753458544326,21333.072127255873
NVDA,social_only,svm,10,0.01,2024,"{""C"": 10.0, ""gamma"": 0.015429967157495075, ""kernel"": ""rbf""}",0.6458333333333334,0.555212148962149,23,0.6956521739130435,2.3443786504700306,101983.141311433,-0.18209804543151775,9.108168212523596,0.6219512195121951,0.5974305555555556,24,0.625,2.192783371498111,10408.032685854256,-0.18033082467944014,5.993588923222798,57716.32611538151
NVDA,social_only,svm,10,0.01,31415,"{""C"": 9.341161803617371, ""gamma"": 0.014570168042817131, ""kernel"": ""linear""}",0.675,0.5991681929181929,23,0.7391304347826086,2.9078611358269666,1081109.907371752,-0.06462835755173936,15.910793438763084,0.6463414634146342,0.6313888888888889,24,0.5833333333333334,2.2148093047030515,11357.300170757077,-0.18033082467944014,5.854276895519101,62980.35951948898
NVDA,sentiment_only,svm,2,0.005,42,"{""C"": 8.140825769636633, ""gamma"": 0.010086103895613329, ""kernel"": ""rbf""}",0.49193548387096775,0.44431395576433746,123,0.4146341463414634,-2.0890857329621566,-0.9040621592982484,-0.6895028486945345,-2.4721915254611355,0.4796747967479675,0.5069518008474576,122,0.4180327868852459,-2.1074738424061352,-0.9147203843171723,-0.7392899013636703,-3.5140641612146304,-1.2372959276596482
NVDA,sentiment_only,svm,2,0.005,7,"{""C"": 8.022257325301895, ""gamma"": 0.010272078678792686, ""kernel"": ""rbf""}",0.47580645161290325,0.44238924773275917,123,0.45528455284552843,0.5700772435082806,0.40327676728006323,-0.29321117279269415,1.2661591493147122,0.483739837398374,0.5042372881355932,122,0.4918032786885246,0.022918497253863447,-0.2164182861382905,-0.3933778973638941,0.039682943550345066,-0.5501536501886705
NVDA,sentiment_only,svm,2,0.005,1337,"{""C"": 0.46779295327904885, ""gamma"": 0.034750720201363924, ""kernel"": ""rbf""}",0.4717741935483871,0.441247471781823,123,0.42276422764227645,-3.0935761804045097,-0.9627881777808103,-0.8012408317630489,-3.423362659098231,0.4796747967479675,0.5043034957627119,122,0.4098360655737705,-2.394348285782617,-0.9360694582590393,-0.7391375789585665,-3.837073705399663,-1.2664346732010932
NVDA,sentiment_only,svm,2,0.005,2024,"{""C"": 0.23959171312638117, ""gamma"": 0.01, ""kernel"": ""rbf""}",0.4717741935483871,0.441247471781823,123,0.42276422764227645,-3.0935761804045097,-0.9627881777808103,-0.8012408317630489,-3.423362659098231,0.4796747967479675,0.5043034957627119,122,0.4098360655737705,-2.394348285782617,-0.9360694582590393,-0.7391375789585665,-3.837073705399663,-1.2664346732010932
NVDA,sentiment_only,svm,2,0.005,31415,"{""C"": 9.341161803617371, ""gamma"": 0.014570168042817131, ""kernel"": ""linear""}",0.47580645161290325,0.4415084491420369,123,0.43089430894308944,-2.69401316454259,-0.9461331795423996,-0.7614668350473327,-3.0329669644471666,0.47560975609756095,0.502880031779661,122,0.4098360655737705,-2.425699086101214,-0.938028003902874,-0.7552487568620885,-3.890684428240696,-1.24201198000007
NVDA,sentiment_only,svm,5,0.01,42,"{""C"": 0.3920803861899341, ""gamma"": 0.9631358221926419, ""kernel"": ""rbf""}",0.4326530612244898,0.5,48,0.3125,-3.2502225792562447,-0.9996156266315451,-0.7494143962185102,-4.216957288746727,0.44715447154471544,0.5,49,0.3469387755102041,-2.111539018333762,-0.9989322654009735,-0.7374852912918511,-3.0574267763166167,-1.3545114420535036
NVDA,sentiment_only,svm,5,0.01,7,"{""C"": 5.2786627508130985, ""gamma"": 0.09353885401703556, ""kernel"": ""rbf""}",0.46122448979591835,0.582971358762047,48,0.3333333333333333,-2.9124804236692206,-0.9992718785103601,-0.7169886567745329,-3.7871692085062025,0.45528455284552843,0.5606951871657754,49,0.3469387755102041,-2.111539018333762,-0.9989322654009735,-0.7374852912918511,-3.0574267763166167,-1.3545114420535036
NVDA,sentiment_only,svm,5,0.01,1337,"{""C"": 2.4126720462270095, ""gamma"": 0.6879365388319024, ""kernel"": ""rbf""}",0.5102040816326531,0.5023754581240668,48,0.5208333333333334,0.19185998630176238,-0.1236421035401496,-0.44255452200377593,0.2396809387510436,0.43089430894308944,0.4711898395721925,49,0.3469387755102041,-2.0862143908693507,-0.9988618649747236,-0.757626123023582,-3.0006694885706606,-1.3184100107166352
NVDA,sentiment_only,svm,5,0.01,2024,"{""C"": 0.6328464576644893, ""gamma"": 1.0, ""kernel"": ""rbf""}",0.5061224489795918,0.5034613818379259,48,0.5208333333333334,0.29865362978996934,0.19698174101174848,-0.28022291437103686,0.6199480176544625,0.5650406504065041,0.5251336898395721,49,0.5714285714285714,0.6455260704140392,1.8492136594818662,-0.3098234326727073,0.9644144895322024,5.96860490353984
NVDA,sentiment_only,svm,5,0.01,31415,"{""C"": 8.300036635616351, ""gamma"": 0.9866044760326574, ""kernel"": ""rbf""}",0.5183673469387755,0.5085177141305823,48,0.4791666666666667,-0.19837967978213317,-0.6458447870510868,-0.3178107978148119,-0.4083722724429414,0.5487804878048781,0.5199866310160428,49,0.5306122448979592,0.4956307351245223,0.8432938382025517,-0.3098234326727073,0.7548017936795843,2.721852995197411
NVDA,sentiment_only,svm,10,0.01,42,"{""C"": 0.1, ""gamma"": 0.8084536650408305, ""kernel"": ""rbf""}",0.65,0.5352564102564102,23,0.7391304347826086,2.6220963024065265,339676.1235565397,-0.13119440759893472,8.72115974354047,0.6097560975609756,0.5825694444444444,24,0.5833333333333334,2.2625359605929027,13699.481669938483,-0.18033082467944014,6.006306564607899,75968.60766477927
NVDA,sentiment_only,svm,10,0.01,7,"{""C"": 4.974387360798983, ""gamma"": 0.13977207729726548, ""kernel"": ""rbf""}",0.65,0.5611263736263736,23,0.7391304347826086,2.6220963024065265,339676.1235565397,-0.13119440759893472,8.72115974354047,0.6056910569105691,0.5731944444444445,24,0.5833333333333334,2.2625359605929027,13699.481669938483,-0.18033082467944014,6.006306564607899,75968.60766477927
NVDA,sentiment_only,svm,10,0.01,1337,"{""C"": 3.597925591020997, ""gamma"": 0.196466363691406, ""kernel"": ""rbf""}",0.65,0.5447191697191697,23,0.7391304347826086,2.6220963024065265,339676.1235565397,-0.13119440759893472,8.72115974354047,0.6097560975609756,0.5850694444444444,24,0.5833333333333334,2.2625359605929027,13699.481669938483,-0.18033082467944014,6.006306564607899,75968.60766477927
NVDA,sentiment_only,svm,10,0.01,2024,"{""C"": 10.0, ""gamma"": 1.0, ""kernel"": ""rbf""}",0.5291666666666667,0.5277014652014651,23,0.5217391304347826,-1.0236600449049056,-0.9997688684752153,-0.5016261234705089,-1.1336088490796694,0.5365853658536586,0.5428472222222221,24,0.5416666666666666,0.9649975929240213,36.3682092838725,-0.26924152843524285,1.3325018198039547,135.07652216667486
NVDA,sentiment_only,svm,10,0.01,31415,"{""C"": 4.6979358047925714, ""gamma"": 0.2748878794274573, ""kernel"": ""rbf""}",0.65,0.5334249084249084,23,0.7391304347826086,2.6220963024065265,339676.1235565397,-0.13119440759893472,8.72115974354047,0.6097560975609756,0.5464583333333333,24,0.5833333333333334,2.2625359605929027,13699.481669938483,-0.18033082467944014,6.006306564607899,75968.60766477927
NVDA,technical_only,svm,2,0.005,42,"{""C"": 9.256818992066885, ""gamma"": 0.08580760619921303, ""kernel"": ""linear""}",0.5241935483870968,0.598453709140732,123,0.4634146341463415,-1.712330608266052,-0.8618509678796258,-0.7398049520852021,-1.9168115634407406,0.46747967479674796,0.5639234639830508,122,0.45081967213114754,-0.9840779600748139,-0.7286052452388412,-0.5637690943742116,-1.6727371380496008,-1.2923823822723008
NVDA,technical_only,svm,2,0.005,7,"{""C"": 0.19758431424037287, ""gamma"": 0.011139554669371134, ""kernel"": ""linear""}",0.5846774193548387,0.5966268676192341,123,0.6097560975609756,2.564818673985226,8.701225906442646,-0.179473265097513,5.802191306092867,0.6056910569105691,0.5698159427966102,122,0.6639344262295082,3.636380623468621,27.558718995719452,-0.16051844347207303,6.255206397286222,171.68568545529232
NVDA,technical_only,svm,2,0.005,1337,"{""C"": 0.2330569301778444, ""gamma"": 0.01, ""kernel"": ""linear""}",0.5846774193548387,0.5968878449794481,123,0.6097560975609756,2.564818673985226,8.701225906442646,-0.179473265097513,5.802191306092867,0.6056910569105691,0.5645855402542374,122,0.6639344262295082,3.636380623468621,27.558718995719452,-0.16051844347207303,6.255206397286222,171.68568545529232
NVDA,technical_only,svm,2,0.005,2024,"{""C"": 0.1158653273962296, ""gamma"": 0.010079427043718824, ""kernel"": ""linear""}",0.5201612903225806,0.5971162001696354,123,0.45528455284552843,-1.8803141371290355,-0.8827516079192411,-0.7398049520852021,-2.116014665085535,0.46747967479674796,0.569087658898305,122,0.45081967213114754,-0.9840779600748139,-0.7286052452388412,-0.5637690943742116,-1.6727371380496008,-1.2923823822723008
NVDA,technical_only,svm,2,0.005,31415,"{""C"": 0.10247709697503732, ""gamma"": 0.9511932229730431, ""kernel"": ""linear""}",0.5201612903225806,0.597148822339662,123,0.45528455284552843,-1.8803141371290355,-0.8827516079192411,-0.7398049520852021,-2.116014665085535,0.46747967479674796,0.5646517478813559,122,0.45081967213114754,-0.9840779600748139,-0.7286052452388412,-0.5637690943742116,-1.6727371380496008,-1.2923823822723008
NVDA,technical_only,svm,5,0.01,42,"{""C"": 7.53538450929555, ""gamma"": 0.010035927878780911, ""kernel"": ""linear""}",0.5959183673469388,0.6192819329442106,48,0.6666666666666666,2.9994035344943026,472.0094111527438,-0.16982906759782115,6.135963889147324,0.6016260162601627,0.5794451871657753,49,0.6326530612244898,2.5302226950516977,472.3347805468618,-0.3046274445459263,4.344276701840588,1550.532589901471
NVDA,technical_only,svm,5,0.01,7,"{""C"": 0.9337373754805873, ""gamma"": 1.0, ""kernel"": ""linear""}",0.5959183673469388,0.6207072078186507,48,0.6666666666666666,2.9994035344943026,472.0094111527438,-0.16982906759782115,6.135963889147324,0.6016260162601627,0.5622660427807487,49,0.6326530612244898,2.5302226950516977,472.3347805468618,-0.3046274445459263,4.344276701840588,1550.532589901471
NVDA,technical_only,svm,5,0.01,1337,"{""C"": 0.17118082704199825, ""gamma"": 0.01, ""kernel"": ""linear""}",0.5183673469387755,0.6080833446450387,48,0.4583333333333333,-1.3200324048146939,-0.977399967217153,-0.6908133914605534,-1.7625459391403266,0.45934959349593496,0.5626002673796792,49,0.3673469387755102,-1.8791938403015649,-0.9980277726490225,-0.7042179232413338,-2.7477493960458395,-1.4172143873523662
NVDA,technical_only,svm,5,0.01,2024,"{""C"": 10.0, ""gamma"": 0.0660517870413415, ""kernel"": ""linear""}",0.5061224489795918,0.597699199131261,48,0.4166666666666667,-1.4285282826431376,-0.982434597854487,-0.7053049294568963,-1.9153308400143503,0.45934959349593496,0.5614973262032086,49,0.3673469387755102,-1.8791938403015649,-0.9980277726490225,-0.7042179232413338,-2.7477493960458395,-1.4172143873523662
NVDA,technical_only,svm,5,0.01,31415,"{""C"": 7.797064213902206, ""gamma"": 0.0534911322422218, ""kernel"": ""linear""}",0.5346938775510204,0.6169064748201438,48,0.5,-1.0328755900773587,-0.9555333156671235,-0.6380714652395943,-1.3474692969479984,0.45528455284552843,0.5585561497326202,49,0.3877551020408163,-1.7918796396696473,-0.9975076247944415,-0.6904445996865468,-2.630430556720765,-1.4447323148697195
NVDA,technical_only,svm,10,0.01,42,"{""C"": 1.3024382295276271, ""gamma"": 0.9977937824808644, ""kernel"": ""linear""}",0.6583333333333333,0.6167200854700855,23,0.6956521739130435,2.316516083519604,89819.54300958956,-0.13119440759893483,8.52473992895942,0.6544715447154471,0.5991319444444444,24,0.5833333333333334,2.2148093047030515,11357.300170757077,-0.18033082467944014,5.854276895519101,62980.35951948898
NVDA,technical_only,svm,10,0.01,7,"{""C"": 0.12665304777675326, ""gamma"": 0.805828153671656, ""kernel"": ""linear""}",0.675,0.6169871794871795,23,0.6956521739130435,2.316516083519604,89819.54300958956,-0.13119440759893483,8.52473992895942,0.6382113821138211,0.6069791666666667,24,0.5833333333333334,2.2148093047030515,11357.300170757077,-0.18033082467944014,5.854276895519101,62980.35951948898
NVDA,technical_only,svm,10,0.01,1337,"{""C"": 0.13670117033699747, ""gamma"": 1.0, ""kernel"": ""linear""}",0.6541666666666667,0.6178647741147741,23,0.7391304347826086,2.6220963024065265,339676.1235565397,-0.13119440759893472,8.72115974354047,0.6219512195121951,0.5987152777777779,24,0.5833333333333334,2.2625359605929027,13699.481669938483,-0.18033082467944014,6.006306564607899,75968.60766477927
NVDA,technical_only,svm,10,0.01,2024,"{""C"": 2.7871086086352053, ""gamma"": 0.01, ""kernel"": ""rbf""}",0.6583333333333333,0.5624618437118437,23,0.6956521739130435,2.3443786504700306,101983.141311433,-0.18209804543151775,9.108168212523596,0.6707317073170732,0.6030902777777777,24,0.6666666666666666,2.976418454019673,177591.89308027516,-0.1030989446162951,14.513166166121021,1722538.4191974185
NVDA,technical_only,svm,10,0.01,31415,"{""C"": 4.025419409846402, ""gamma"": 0.01, ""kernel"": ""rbf""}",0.6416666666666667,0.5732982295482295,23,0.6956521739130435,2.3443786504700306,101983.141311433,-0.18209804543151775,9.108168212523596,0.6463414634146342,0.5887847222222222,24,0.6666666666666666,2.976418454019673,177591.89308027516,-0.1030989446162951,14.513166166121021,1722538.4191974185
NVDA,learned_alpha_per_stock,svm,2,0.005,42,"{""C"": 9.894459042828073, ""gamma"": 0.04250622787360532, ""kernel"": ""linear""}",0.5846774193548387,0.6357408494813075,123,0.5284552845528455,-0.525963112002471,-0.54947158889911,-0.554939935117511,-0.5689404406959585,0.4796747967479675,0.5734242584745763,122,0.47540983606557374,-0.666842079001948,-0.6215280006723674,-0.5108286488650032,-1.1130220325335065,-1.2167054491820772
NVDA,learned_alpha_per_stock,svm,2,0.005,7,"{""C"": 0.29054605591681737, ""gamma"": 0.01729461505143671, ""kernel"": ""linear""}",0.5846774193548387,0.6288249494356364,123,0.6097560975609756,2.564818673985226,8.701225906442646,-0.179473265097513,5.802191306092867,0.6056910569105691,0.5370762711864407,122,0.6639344262295082,3.636380623468621,27.558718995719452,-0.16051844347207303,6.255206397286222,171.68568545529232
NVDA,learned_alpha_per_stock,svm,2,0.005,1337,"{""C"": 0.13670132091867077, ""gamma"": 1.0, ""kernel"": ""linear""}",0.5887096774193549,0.6290206824557969,123,0.6178861788617886,2.5779926244734175,8.819756974618072,-0.1794732650975128,5.857127492093901,0.6056910569105691,0.5316472457627119,122,0.6639344262295082,3.636380623468621,27.558718995719452,-0.16051844347207303,6.255206397286222,171.68568545529232
NVDA,learned_alpha_per_stock,svm,2,0.005,2024,"{""C"": 0.10302095662309847, ""gamma"": 0.9836523525400894, ""kernel"": ""linear""}",0.5887096774193549,0.628759705095583,123,0.6178861788617886,2.5779926244734175,8.819756974618072,-0.1794732650975128,5.857127492093901,0.6056910569105691,0.5316472457627119,122,0.6639344262295082,3.636380623468621,27.558718995719452,-0.16051844347207303,6.255206397286222,171.68568545529232
NVDA,learned_alpha_per_stock,svm,2,0.005,31415,"{""C"": 9.881748192120728, ""gamma"": 0.9750112173044828, ""kernel"": ""linear""}",0.5201612903225806,0.6291185489658773,123,0.4634146341463415,-1.712330608266052,-0.8618509678796258,-0.7398049520852021,-1.9168115634407406,0.4715447154471545,0.5315810381355932,122,0.45901639344262296,-0.7720469621452469,-0.6610587808268553,-0.5142131109763248,-1.3079764861194056,-1.2855735622371003
NVDA,learned_alpha_per_stock,svm,5,0.01,42,"{""C"": 9.335365592389829, ""gamma"": 0.9704368839700157, ""kernel"": ""linear""}",0.5795918367346938,0.6749015881634316,48,0.5625,-0.04226677573847967,-0.5071378396740089,-0.5167707470148549,-0.051601404240299034,0.4715447154471545,0.5708556149732621,49,0.3877551020408163,-1.6789000829736531,-0.9966170499393552,-0.6755771440963158,-2.4330543125222777,-1.4752083587322626
NVDA,learned_alpha_per_stock,svm,5,0.01,7,"{""C"": 5.093887950544113, ""gamma"": 0.04896553379835917, ""kernel"": ""linear""}",0.5877551020408164,0.6749694583955477,48,0.5833333333333334,0.010925159634397115,-0.4383226429915551,-0.5356761829278771,0.013415091422429103,0.4878048780487805,0.5840909090909091,49,0.42857142857142855,-1.2574600243849772,-0.9891240662731536,-0.5928747673381171,-1.7825396057274334,-1.668352442648407
NVDA,learned_alpha_per_stock,svm,5,0.01,1337,"{""C"": 6.241771526141971, ""gamma"": 0.7191413528619333, ""kernel"": ""linear""}",0.5714285714285714,0.6735441835211077,48,0.5,-1.1144422010422628,-0.963391137777164,-0.5912379672717106,-1.4476459068141017,0.4715447154471545,0.577072192513369,49,0.3673469387755102,-1.8791938403015649,-0.9980277726490225,-0.7042179232413338,-2.7477493960458395,-1.4172143873523662
NVDA,learned_alpha_per_stock,svm,5,0.01,2024,"{""C"": 1.694676468194001, ""gamma"": 0.01, ""kernel"": ""rbf""}",0.5673469387755102,0.6062169132618435,48,0.5625,1.3953544831093854,15.345387477224463,-0.285208895317512,2.9206980988155786,0.6056910569105691,0.6122994652406417,49,0.6530612244897959,3.0783533116674455,1706.3353752277285,-0.25903805672445673,5.328850546982774,6587.199567524501
NVDA,learned_alpha_per_stock,svm,5,0.01,31415,"{""C"": 9.94547453355802, ""gamma"": 0.011327871235223781, ""kernel"": ""linear""}",0.5877551020408164,0.6762929279218135,48,0.5625,-0.03633873934613623,-0.4999316648449428,-0.49374494958865456,-0.044329665482336925,0.4796747967479675,0.5848262032085563,49,0.3877551020408163,-1.6789000829736531,-0.9966170499393552,-0.6755771440963158,-2.4330543125222777,-1.4752083587322626
NVDA,learned_alpha_per_stock,svm,10,0.01,42,"{""C"": 9.79582323992349, ""gamma"": 0.44903597797220896, ""kernel"": ""linear""}",0.6625,0.6297313797313797,23,0.7391304347826086,2.6382025469985426,363358.3377260586,-0.13119440759893478,8.796019696735664,0.6260162601626016,0.5859027777777778,24,0.5416666666666666,2.000521826080525,4780.179966430579,-0.18033082467944014,5.6329346990851255,26507.83622227607
NVDA,learned_alpha_per_stock,svm,10,0.01,7,"{""C"": 0.18209516654322425, ""gamma"": 0.5067243434656169, ""kernel"": ""linear""}",0.65,0.628968253968254,23,0.6956521739130435,2.316516083519604,89819.54300958956,-0.13119440759893483,8.52473992895942,0.6300813008130082,0.5821527777777777,24,0.5833333333333334,2.2148093047030515,11357.300170757077,-0.18033082467944014,5.854276895519101,62980.35951948898
NVDA,learned_alpha_per_stock,svm,10,0.01,1337,"{""C"": 0.23429712538829223, ""gamma"": 0.43376730634251115, ""kernel"": ""linear""}",0.6625,0.6295787545787546,23,0.7391304347826086,2.6220963024065265,339676.1235565397,-0.13119440759893472,8.72115974354047,0.6463414634146342,0.5826388888888888,24,0.625,2.5500330743202686,40439.16608309936,-0.18033082467944014,6.2864956109620875,224249.88159947068
NVDA,learned_alpha_per_stock,svm,10,0.01,2024,"{""C"": 4.461253304349843, ""gamma"": 0.019958765015903428, ""kernel"": ""rbf""}",0.6416666666666667,0.5960775335775336,23,0.6956521739130435,2.3443786504700306,101983.141311433,-0.18209804543151775,9.108168212523596,0.6219512195121951,0.5740277777777777,24,0.625,2.192783371498111,10408.032685854256,-0.18033082467944014,5.993588923222798,57716.32611538151
NVDA,learned_alpha_per_stock,svm,10,0.01,31415,"{""C"": 0.17029447179393703, ""gamma"": 0.03234432392708399, ""kernel"": ""linear""}",0.6708333333333333,0.6296169108669109,23,0.7391304347826086,2.6220963024065265,339676.1235565397,-0.13119440759893472,8.72115974354047,0.6463414634146342,0.5827777777777778,24,0.625,2.5500330743202686,40439.16608309936,-0.18033082467944014,6.2864956109620875,224249.88159947068
NVDA,learned_alpha_global,svm,2,0.005,42,"{""C"": 10.0, ""gamma"": 0.19077334194979786, ""kernel"": ""linear""}",0.5766129032258065,0.6363280485417889,123,0.5203252032520326,-0.6759166484105731,-0.6125484072075622,-0.5865280248675306,-0.7370757143494068,0.4796747967479675,0.5732256355932204,122,0.47540983606557374,-0.666842079001948,-0.6215280006723674,-0.5108286488650032,-1.1130220325335065,-1.2167054491820772
NVDA,learned_alpha_global,svm,2,0.005,7,"{""C"": 0.28489062609265897, ""gamma"": 0.04344546516779315, ""kernel"": ""linear""}",0.5846774193548387,0.627976773014941,123,0.6097560975609756,2.564818673985226,8.701225906442646,-0.179473265097513,5.802191306092867,0.6056910569105691,0.5364804025423728,122,0.6639344262295082,3.636380623468621,27.558718995719452,-0.16051844347207303,6.255206397286222,171.68568545529232
NVDA,learned_alpha_global,svm,2,0.005,1337,"{""C"": 9.847421584037425, ""gamma"": 0.010638392029149445, ""kernel"": ""linear""}",0.5201612903225806,0.6333268088993279,123,0.45528455284552843,-2.0031060341294924,-0.8959720566830545,-0.7414363474069463,-2.2303846281380606,0.47560975609756095,0.5355534957627119,122,0.45081967213114754,-1.039449557982151,-0.7438587409924464,-0.5637690943742116,-1.779084823706583,-1.3194386645442773
NVDA,learned_alpha_global,svm,2,0.005,2024,"{""C"": 0.1, ""gamma"": 1.0, ""kernel"": ""linear""}",0.5887096774193549,0.6285639720754225,123,0.6178861788617886,2.5779926244734175,8.819756974618072,-0.1794732650975128,5.857127492093901,0.6056910569105691,0.5311837923728814,122,0.6639344262295082,3.636380623468621,27.558718995719452,-0.16051844347207303,6.255206397286222,171.68568545529232
NVDA,learned_alpha_global,svm,2,0.005,31415,"{""C"": 10.0, ""gamma"": 1.0, ""kernel"": ""linear""}",0.5241935483870968,0.636850003262217,123,0.4715447154471545,-1.6159068523639895,-0.8481451315741544,-0.7275101026263973,-1.7981546974452256,0.483739837398374,0.536083156779661,122,0.4672131147540984,-0.8958196003512733,-0.7023551792205349,-0.5366428626064517,-1.522508383929885,-1.3087944108847838
NVDA,learned_alpha_global,svm,5,0.01,42,"{""C"": 10.0, ""gamma"": 1.0, ""kernel"": ""linear""}",0.5836734693877551,0.6813492602144698,48,0.5625,-0.07291787026393325,-0.5426673204117447,-0.4164210729973505,-0.08963514934752789,0.4796747967479675,0.5787433155080214,49,0.40816326530612246,-1.4753393870833877,-0.9940839706963607,-0.6383321847003164,-2.1161617273273237,-1.5573145057115714
NVDA,learned_alpha_global,svm,5,0.01,7,"{""C"": 10.0, ""gamma"": 1.0, ""kernel"": ""linear""}",0.5877551020408164,0.6748337179313154,48,0.5833333333333334,0.010925159634397115,-0.4383226429915551,-0.5356761829278771,0.013415091422429103,0.4878048780487805,0.5749331550802139,49,0.40816326530612246,-1.3739607585440528,-0.9921542402509966,-0.6131203245396891,-1.9639809878571879,-1.6182047805964903
NVDA,learned_alpha_global,svm,5,0.01,1337,"{""C"": 7.351799159235641, ""gamma"": 0.01, ""kernel"": ""linear""}",0.5755102040816327,0.6681824351839284,48,0.5416666666666666,-0.1668369724931832,-0.6365862806782285,-0.44142153489033786,-0.20780089447247083,0.4796747967479675,0.5844251336898396,49,0.3877551020408163,-1.6789000829736531,-0.9966170499393552,-0.6755771440963158,-2.4330543125222777,-1.4752083587322626
NVDA,learned_alpha_global,svm,5,0.01,2024,"{""C"": 8.958404231754646, ""gamma"": 0.158848392812662, ""kernel"": ""linear""}",0.5142857142857142,0.5970544319261571,48,0.4583333333333333,-1.5743628339237057,-0.9874586354931463,-0.6760806984972363,-2.102765047123854,0.45121951219512196,0.5553141711229947,49,0.3673469387755102,-1.8791938403015649,-0.9980277726490225,-0.7042179232413338,-2.7477493960458395,-1.4172143873523662
NVDA,learned_alpha_global,svm,5,0.01,31415,"{""C"": 10.0, ""gamma"": 0.01, ""kernel"": ""linear""}",0.5836734693877551,0.6779557486086603,48,0.5625,-0.07291787026393325,-0.5426673204117447,-0.4164210729973505,-0.08963514934752789,0.4796747967479675,0.5760695187165775,49,0.3877551020408163,-1.6789000829736531,-0.9966170499393552,-0.6755771440963158,-2.4330543125222777,-1.4752083587322626
NVDA,learned_alpha_global,svm,10,0.01,42,"{""C"": 8.161085664904801, ""gamma"": 0.9992381898497654, ""kernel"": ""linear""}",0.6625,0.632822039072039,23,0.7391304347826086,2.9078611358269666,1081109.907371752,-0.06462835755173936,15.910793438763084,0.6422764227642277,0.5828472222222222,24,0.5833333333333334,2.2148093047030515,11357.300170757077,-0.18033082467944014,5.854276895519101,62980.35951948898
NVDA,learned_alpha_global,svm,10,0.01,7,"{""C"": 2.74364324926822, ""gamma"": 0.26184017753195415, ""kernel"": ""linear""}",0.65,0.6307234432234432,23,0.6956521739130435,2.316516083519604,89819.54300958956,-0.13119440759893483,8.52473992895942,0.6422764227642277,0.5818749999999999,24,0.5833333333333334,2.2148093047030515,11357.300170757077,-0.18033082467944014,5.854276895519101,62980.35951948898
NVDA,learned_alpha_global,svm,10,0.01,1337,"{""C"": 0.18170436894256403, ""gamma"": 1.0, ""kernel"": ""linear""}",0.6541666666666667,0.628968253968254,23,0.7391304347826086,2.6220963024065265,339676.1235565397,-0.13119440759893472,8.72115974354047,0.6422764227642277,0.5819444444444445,24,0.625,2.5500330743202686,40439.16608309936,-0.18033082467944014,6.2864956109620875,224249.88159947068
NVDA,learned_alpha_global,svm,10,0.01,2024,"{""C"": 8.038704433967098, ""gamma"": 0.01, ""kernel"": ""rbf""}",0.6375,0.590315934065934,23,0.6956521739130435,2.3443786504700306,101983.141311433,-0.18209804543151775,9.108168212523596,0.6382113821138211,0.5661805555555555,24,0.625,2.192783371498111,10408.032685854256,-0.18033082467944014,5.993588923222798,57716.32611538151
NVDA,learned_alpha_global,svm,10,0.01,31415,"{""C"": 0.2171338408864072, ""gamma"": 0.9415549783028553, ""kernel"": ""linear""}",0.6666666666666666,0.6299603174603176,23,0.7391304347826086,2.6220963024065265,339676.1235565397,-0.13119440759893472,8.72115974354047,0.6463414634146342,0.5813888888888888,24,0.625,2.5500330743202686,40439.16608309936,-0.18033082467944014,6.2864956109620875,224249.88159947068
SPY,full_70_30,svm,2,0.0025,42,"{""C"": 0.11284708029020984, ""gamma"": 0.9897254824854321, ""kernel"": ""linear""}",0.4838709677419355,0.5388043195420245,123,0.4634146341463415,-1.2491316367781888,-0.3086074321851814,-0.21384957627285736,-1.9492535688380526,0.5,0.5177154944473824,122,0.4672131147540984,-1.4218651894541843,-0.3293723544191509,-0.2107259015983026,-2.5894906026504243,-1.5630368735924014
SPY,full_70_30,svm,2,0.0025,7,"{""C"": 9.542060852776533, ""gamma"": 0.9823704769270013, ""kernel"": ""linear""}",0.5080645161290323,0.547423887587822,123,0.5040650406504065,-0.1912738873337447,-0.06995407912314211,-0.13062399461074536,-0.325176330866721,0.4878048780487805,0.5069407720782655,122,0.4672131147540984,-1.8270273315491872,-0.39790722988726723,-0.23925092329074507,-3.367637168654177,-1.6631376983390704
SPY,full_70_30,svm,2,0.0025,1337,"{""C"": 0.10187319407372436, ""gamma"": 0.01014466909948903, ""kernel"": ""linear""}",0.4879032258064516,0.5348035389018996,123,0.4796747967479675,-0.7690920056894321,-0.20911382027083547,-0.16038240372207194,-1.2857441837459265,0.4796747967479675,0.5158976731887891,122,0.4262295081967213,-2.54294528031018,-0.5006798470929578,-0.29003470686146,-4.759448781332844,-1.7262756327025235
SPY,full_70_30,svm,2,0.0025,2024,"{""C"": 0.10762987630956339, ""gamma"": 1.0, ""kernel"": ""rbf""}",0.5120967741935484,0.5364298724954463,123,0.4634146341463415,-0.8365252371096611,-0.22391581285670725,-0.2241919729360779,-1.4664960937309526,0.4634146341463415,0.4615943945002644,122,0.4016393442622951,-1.758001127840616,-0.38682190921151904,-0.27425357810969553,-2.87069782305659,-1.4104534638260895
SPY,full_70_30,svm,2,0.0025,31415,"{""C"": 9.276305064529097, ""gamma"": 0.13151458769924357, ""kernel"": ""linear""}",0.47580645161290325,0.533632578714546,123,0.45528455284552843,-1.2504278479544146,-0.3088564116583188,-0.21384957627285736,-1.9589646975710318,0.508130081300813,0.516062929666843,122,0.4672131147540984,-1.5731336516629575,-0.35590761149229466,-0.21551035495211981,-2.851310567069695,-1.6514640865928092
SPY,full_70_30,svm,5,0.005,42,"{""C"": 0.48207863359023956, ""gamma"": 0.01, ""kernel"": ""linear""}",0.4897959183673469,0.5641,48,0.4583333333333333,-1.517841814893581,-0.6335719413685741,-0.18613700827815144,-2.327761744500223,0.483739837398374,0.5271317829457365,49,0.42857142857142855,-0.20626989115584504,-0.17765042562606115,-0.09267244368587947,-0.3177329730006587,-1.9169714163168203
SPY,full_70_30,svm,5,0.005,7,"{""C"": 0.28489062609265897, ""gamma"": 0.04344546516779315, ""kernel"": ""linear""}",0.4897959183673469,0.5643666666666667,48,0.4583333333333333,-1.517841814893581,-0.6335719413685741,-0.18613700827815144,-2.327761744500223,0.483739837398374,0.526137944742596,49,0.42857142857142855,-0.20626989115584504,-0.17765042562606115,-0.09267244368587947,-0.3177329730006587,-1.9169714163168203
SPY,full_70_30,svm,5,0.005,1337,"{""C"": 0.1, ""gamma"": 1.0, ""kernel"": ""linear""}",0.5102040816326531,0.6013999999999999,48,0.4583333333333333,-1.0671100647262648,-0.5147315038228812,-0.14347672786812132,-1.715146805352861,0.47560975609756095,0.5384615384615384,49,0.40816326530612246,-1.1167080561807343,-0.5675961217170639,-0.1741930113181273,-1.7157711766553352,-3.2584322265401773
SPY,full_70_30,svm,5,0.005,2024,"{""C"": 0.30543254287666816, ""gamma"": 0.010881654119643957, ""kernel"": ""linear""}",0.5020408163265306,0.5632666666666667,48,0.5,-1.0068842200192407,-0.4959530370958424,-0.13517372104227257,-1.4981544722637437,0.4715447154471545,0.5290863314119129,49,0.3877551020408163,-0.9191135975585738,-0.5036225494929902,-0.1475711190314161,-1.4177498724687245,-3.4127446671036976
SPY,full_70_30,svm,5,0.005,31415,"{""C"": 7.797064213902206, ""gamma"": 0.0534911322422218, ""kernel"": ""linear""}",0.4816326530612245,0.5670666666666666,48,0.4375,-1.4456354433701648,-0.6168882519091083,-0.18332942589379275,-2.366408152639185,0.483739837398374,0.5356787914927451,49,0.42857142857142855,-0.20626989115584504,-0.17765042562606115,-0.09267244368587947,-0.3177329730006587,-1.9169714163168203
SPY,full_70_30,svm,10,0.01,42,"{""C"": 1.7300353854955626, ""gamma"": 0.9703270490736944, ""kernel"": ""rbf""}",0.5208333333333334,0.5530133928571429,23,0.5217391304347826,0.8709540126846779,1.6580470490386068,-0.06599054654125643,2.3197189436712153,0.516260162601626,0.4944773438019828,24,0.3333333333333333,-1.0422368993106184,-0.7108132441776209,-0.1450916487246435,-1.9138436987988978,-4.899063801574203
SPY,full_70_30,svm,10,0.01,7,"{""C"": 1.6025928684129547, ""gamma"": 1.0, ""kernel"": ""rbf""}",0.5125,0.5527692522321429,23,0.43478260869565216,0.16456772673840023,0.14257177017131828,-0.0857988055801679,0.32601632511628176,0.4959349593495935,0.49135005655732256,24,0.2916666666666667,-2.287845695125091,-0.9164118956682739,-0.21151880230146153,-3.9210125996397975,-4.332531603323766
SPY,full_70_30,svm,10,0.01,1337,"{""C"": 2.124921314574842, ""gamma"": 1.0, ""kernel"": ""rbf""}",0.5166666666666667,0.5499441964285715,23,0.43478260869565216,0.16456772673840023,0.14257177017131828,-0.0857988055801679,0.32601632511628176,0.4959349593495935,0.49697251979506285,24,0.2916666666666667,-2.287845695125091,-0.9164118956682739,-0.21151880230146153,-3.9210125996397975,-4.332531603323766
SPY,full_70_30,svm,10,0.01,2024,"{""C"": 1.5318103668817642, ""gamma"": 1.0, ""kernel"": ""rbf""}",0.4791666666666667,0.5518275669642857,23,0.391304347826087,-0.6659186118210583,-0.5871812067893571,-0.12221307315733948,-1.3156933036138045,0.4715447154471545,0.49131678754408137,24,0.3333333333333333,-1.3189675663941223,-0.7851208847845137,-0.13733198348558703,-2.740651034861567,-5.716955838382047
SPY,full_70_30,svm,10,0.01,31415,"{""C"": 1.5424106804202773, ""gamma"": 1.0, ""kernel"": ""rbf""}",0.5166666666666667,0.5529087611607144,23,0.5217391304347826,0.8709540126846779,1.6580470490386068,-0.06599054654125643,2.3197189436712153,0.516260162601626,0.4918490917559385,24,0.3333333333333333,-1.0422368993106184,-0.7108132441776209,-0.1450916487246435,-1.9138436987988978,-4.899063801574203
SPY,equal_50_50,svm,2,0.0025,42,"{""C"": 9.256818992066885, ""gamma"": 0.08580760619921303, ""kernel"": ""linear""}",0.5161290322580645,0.5515873015873016,123,0.4959349593495935,-0.1939460566193337,-0.07064539295705274,-0.10660109109764958,-0.3336404875753628,0.5,0.5120306716023268,122,0.4672131147540984,-1.7393527323231097,-0.3837540334868418,-0.23064531425630583,-3.1977611810856863,-1.663827573190553
SPY,equal_50_50,svm,2,0.0025,7,"{""C"": 0.1, ""gamma"": 0.023301086020950663, ""kernel"": ""linear""}",0.5080645161290323,0.5309003382773875,123,0.5040650406504065,-0.42738099442146893,-0.12952997948416722,-0.1446431743356514,-0.7019425834008702,0.4796747967479675,0.5116340560549973,122,0.4344262295081967,-2.360065260230915,-0.47648371747907914,-0.27358222901641055,-4.397848085971386,-1.7416471793220814
SPY,equal_50_50,svm,2,0.0025,1337,"{""C"": 0.1, ""gamma"": 1.0, ""kernel"": ""linear""}",0.5080645161290323,0.5313882383554515,123,0.5040650406504065,-0.42738099442146893,-0.12952997948416722,-0.1446431743356514,-0.7019425834008702,0.4878048780487805,0.5117993125330513,122,0.4426229508196721,-2.1604945749609703,-0.44851469321259185,-0.25504584534215075,-4.011813516691768,-1.758564985094729
SPY,equal_50_50,svm,2,0.0025,2024,"{""C"": 0.1, ""gamma"": 0.1754548250431472, ""kernel"": ""linear""}",0.49193548387096775,0.5300221181368723,123,0.4796747967479675,-0.7690920056894321,-0.20911382027083547,-0.16038240372207194,-1.2857441837459265,0.4796747967479675,0.5116340560549973,122,0.4344262295081967,-2.360065260230915,-0.47648371747907914,-0.27358222901641055,-4.397848085971386,-1.7416471793220814
SPY,equal_50_50,svm,2,0.0025,31415,"{""C"": 0.1, ""gamma"": 0.9579292634622502, ""kernel"": ""linear""}",0.4879032258064516,0.5309653916211294,123,0.4796747967479675,-0.7690920056894321,-0.20911382027083547,-0.16038240372207194,-1.2857441837459265,0.4796747967479675,0.5118654151242729,122,0.4262295081967213,-2.54294528031018,-0.5006798470929578,-0.29003470686146,-4.759448781332844,-1.7262756327025235
SPY,equal_50_50,svm,5,0.005,42,"{""C"": 0.2002793389424543, ""gamma"": 0.06278884822264753, ""kernel"": ""linear""}",0.49387755102040815,0.5662666666666667,48,0.4791666666666667,-1.460621282979054,-0.6204495865070694,-0.18066422311840216,-2.2528801048392375,0.483739837398374,0.5229576624925463,49,0.42857142857142855,-0.20626989115584504,-0.17765042562606115,-0.09267244368587947,-0.3177329730006587,-1.9169714163168203
SPY,equal_50_50,svm,5,0.005,7,"{""C"": 0.1016809867029984, ""gamma"": 0.01054640892458339, ""kernel"": ""linear""}",0.4897959183673469,0.5699,48,0.4583333333333333,-1.3887099932029179,-0.6031684283540106,-0.17783776127231088,-2.28583605472161,0.4878048780487805,0.537467700258398,49,0.42857142857142855,-0.20626989115584504,-0.17765042562606115,-0.09267244368587947,-0.3177329730006587,-1.9169714163168203
SPY,equal_50_50,svm,5,0.005,1337,"{""C"": 0.10727874254895768, ""gamma"": 1.0, ""kernel"": ""linear""}",0.49795918367346936,0.5826333333333333,48,0.4791666666666667,-0.9368076541346151,-0.4730034763185159,-0.1606902845736615,-1.4889837191685402,0.45528455284552843,0.5143775260054329,49,0.3673469387755102,-1.1352331045529507,-0.573115232159719,-0.1722069515546703,-1.7746108746899028,-3.328060957967617
SPY,equal_50_50,svm,5,0.005,2024,"{""C"": 0.2864615138936098, ""gamma"": 0.9020082599770856, ""kernel"": ""linear""}",0.49387755102040815,0.5558,48,0.4791666666666667,-0.9368076541346151,-0.4730034763185159,-0.1606902845736615,-1.4889837191685402,0.4715447154471545,0.5246803153779899,49,0.3877551020408163,-0.9191135975585738,-0.5036225494929902,-0.1475711190314161,-1.4177498724687245,-3.4127446671036976
SPY,equal_50_50,svm,5,0.005,31415,"{""C"": 1.5383366201481299, ""gamma"": 0.01, ""kernel"": ""linear""}",0.4897959183673469,0.5640333333333334,48,0.4583333333333333,-1.517841814893581,-0.6335719413685741,-0.18613700827815144,-2.327761744500223,0.483739837398374,0.5248128271384086,49,0.42857142857142855,-0.20626989115584504,-0.17765042562606115,-0.09267244368587947,-0.3177329730006587,-1.9169714163168203
SPY,equal_50_50,svm,10,0.01,42,"{""C"": 9.880053971486692, ""gamma"": 0.9547968952932386, ""kernel"": ""rbf""}",0.5416666666666666,0.5890066964285714,23,0.34782608695652173,-0.7194773875440931,-0.6129663742967493,-0.12451658896307553,-1.5029734858675237,0.45121951219512196,0.4758466963869852,24,0.20833333333333334,-3.1128810024624727,-0.9569138238521052,-0.2567523085149197,-4.950659869126959,-3.726992093613443
SPY,equal_50_50,svm,10,0.01,7,"{""C"": 9.79762542343994, ""gamma"": 0.9638057963586233, ""kernel"": ""rbf""}",0.55,0.5899135044642856,23,0.391304347826087,-0.33349187748677034,-0.3806163179935138,-0.09831789716848757,-0.680515733807047,0.45121951219512196,0.4765453456650476,24,0.20833333333333334,-3.1128810024624727,-0.9569138238521052,-0.2567523085149197,-4.950659869126959,-3.726992093613443
SPY,equal_50_50,svm,10,0.01,1337,"{""C"": 9.69982435976461, ""gamma"": 0.9696379042879704, ""kernel"": ""rbf""}",0.55,0.5882393973214286,23,0.43478260869565216,0.27234567836983614,0.303913680948128,-0.0716795607603588,0.7291519554681993,0.46747967479674796,0.4771441879033868,24,0.2916666666666667,-1.606413241487534,-0.8403840078341729,-0.1580251183052645,-2.8917940159653437,-5.318040681423594
SPY,equal_50_50,svm,10,0.01,2024,"{""C"": 8.830867018740504, ""gamma"": 1.0, ""kernel"": ""rbf""}",0.5541666666666667,0.5894601004464286,23,0.391304347826087,-0.33349187748677034,-0.3806163179935138,-0.09831789716848757,-0.680515733807047,0.45121951219512196,0.478741100538958,24,0.25,-3.019337752699063,-0.9538637301413486,-0.2518949757730585,-4.950634773653806,-3.786751709572483
SPY,equal_50_50,svm,10,0.01,31415,"{""C"": 9.891010349004583, ""gamma"": 0.9145941482448585, ""kernel"": ""rbf""}",0.5583333333333333,0.5888671875,23,0.43478260869565216,0.27234567836983614,0.303913680948128,-0.0716795607603588,0.7291519554681993,0.4715447154471545,0.47511477809568164,24,0.2916666666666667,-1.606413241487534,-0.8403840078341729,-0.1580251183052645,-2.8917940159653437,-5.318040681423594
SPY,news_only,svm,2,0.0025,42,"{""C"": 0.11369714971486479, ""gamma"": 0.017677971219908023, ""kernel"": ""linear""}",0.4838709677419355,0.5456349206349206,123,0.4634146341463415,-1.2491316367781888,-0.3086074321851814,-0.21384957627285736,-1.9492535688380526,0.5,0.4994050766790058,122,0.4672131147540984,-1.4218651894541843,-0.3293723544191509,-0.2107259015983026,-2.5894906026504243,-1.5630368735924014
SPY,news_only,svm,2,0.0025,7,"{""C"": 0.10616779212993212, ""gamma"": 0.2012215009912098, ""kernel"": ""linear""}",0.5,0.5453421805880821,123,0.4878048780487805,-0.6334776674313949,-0.17844049006478235,-0.1446431743356514,-1.0504917864562504,0.4796747967479675,0.49953728186144897,122,0.4344262295081967,-2.360065260230915,-0.47648371747907914,-0.27358222901641055,-4.397848085971386,-1.7416471793220814
SPY,news_only,svm,2,0.0025,1337,"{""C"": 6.6161898297399695, ""gamma"": 0.5911371970770011, ""kernel"": ""linear""}",0.5,0.5418618266978923,123,0.4878048780487805,-0.6334776674313949,-0.17844049006478235,-0.1446431743356514,-1.0504917864562504,0.4878048780487805,0.4999008461131676,122,0.4426229508196721,-2.1604945749609703,-0.44851469321259185,-0.25504584534215075,-4.011813516691768,-1.758564985094729
SPY,news_only,svm,2,0.0025,2024,"{""C"": 0.10592360486750728, ""gamma"": 0.9822072157726794, ""kernel"": ""linear""}",0.5,0.5452771272443403,123,0.4878048780487805,-0.6334776674313949,-0.17844049006478235,-0.1446431743356514,-1.0504917864562504,0.4796747967479675,0.49940507667900585,122,0.4344262295081967,-2.360065260230915,-0.47648371747907914,-0.27358222901641055,-4.397848085971386,-1.7416471793220814
SPY,news_only,svm,2,0.0025,31415,"{""C"": 0.10208836806923274, ""gamma"": 0.1952244326260011, ""kernel"": ""linear""}",0.49193548387096775,0.5423822534478272,123,0.4796747967479675,-0.7690920056894321,-0.20911382027083547,-0.16038240372207194,-1.2857441837459265,0.4796747967479675,0.4995372818614489,122,0.4344262295081967,-2.360065260230915,-0.47648371747907914,-0.27358222901641055,-4.397848085971386,-1.7416471793220814
SPY,news_only,svm,5,0.005,42,"{""C"": 9.501533995497006, ""gamma"": 0.9778420932231243, ""kernel"": ""linear""}",0.5102040816326531,0.5710000000000001,48,0.5208333333333334,-0.3251371791545753,-0.22015567329793473,-0.11168069943429174,-0.5079355894213704,0.516260162601626,0.5511164115815279,49,0.4489795918367347,0.05447879361966989,-0.0102948510931552,-0.13317790836528293,0.07969320757419131,-0.07730149256375378
SPY,news_only,svm,5,0.005,7,"{""C"": 0.8479025815836144, ""gamma"": 0.01067169948052672, ""kernel"": ""linear""}",0.5020408163265306,0.5627333333333333,48,0.4791666666666667,-0.9459744780017191,-0.47606087016295295,-0.1331515688663571,-1.5135893563108018,0.5,0.551944610084145,49,0.3877551020408163,-0.7766363633849855,-0.45133063096749215,-0.15809299403378796,-1.169868902076626,-2.854842706508758
SPY,news_only,svm,5,0.005,1337,"{""C"": 0.10722993309989706, ""gamma"": 0.010184094281759704, ""kernel"": ""linear""}",0.5183673469387755,0.5932000000000001,48,0.4583333333333333,-1.1559322019426448,-0.5411315450155952,-0.16387681863297004,-1.8675312829847213,0.47560975609756095,0.560756642151991,49,0.40816326530612246,-1.1167080561807343,-0.5675961217170639,-0.1741930113181273,-1.7157711766553352,-3.2584322265401773
SPY,news_only,svm,5,0.005,2024,"{""C"": 0.17464297331258236, ""gamma"": 0.0913194175614967, ""kernel"": ""linear""}",0.5061224489795918,0.5749,48,0.4375,-1.4465219549509871,-0.617097692578616,-0.18341448469783275,-2.3690123179196863,0.46747967479674796,0.5336579871463593,49,0.40816326530612246,-0.7462038704080255,-0.43939892032128547,-0.12716336433296077,-1.1487708485230828,-3.4553892359341516
SPY,news_only,svm,5,0.005,31415,"{""C"": 1.0079315410190228, ""gamma"": 0.01056958612068297, ""kernel"": ""linear""}",0.49387755102040815,0.5713333333333332,48,0.4375,-1.4571685183893721,-0.6196030130704264,-0.18443488567592295,-2.4005542613439044,0.491869918699187,0.563274365599947,49,0.3877551020408163,-0.7766363633849855,-0.45133063096749215,-0.15809299403378796,-1.169868902076626,-2.854842706508758
SPY,news_only,svm,10,0.01,42,"{""C"": 1.3865709895759302, ""gamma"": 0.01, ""kernel"": ""linear""}",0.5041666666666667,0.5330287388392857,23,0.391304347826087,-1.1600846034241687,-0.7699928840173231,-0.16467258676609614,-2.3106648248261803,0.516260162601626,0.5745225896599907,24,0.2916666666666667,-1.435596566741391,-0.809818457087081,-0.14385763244272018,-2.8467315231330694,-5.629304774006528
SPY,news_only,svm,10,0.01,7,"{""C"": 3.0306633833875067, ""gamma"": 1.0, ""kernel"": ""linear""}",0.5041666666666667,0.5337611607142858,23,0.43478260869565216,-0.7561468088832154,-0.6297853086570007,-0.1275845665993322,-1.4713287721934118,0.516260162601626,0.5761195022955619,24,0.2916666666666667,-1.435596566741391,-0.809818457087081,-0.14385763244272018,-2.8467315231330694,-5.629304774006528
SPY,news_only,svm,10,0.01,1337,"{""C"": 3.0360650311801343, ""gamma"": 0.020888019817256978, ""kernel"": ""linear""}",0.4708333333333333,0.5326799665178571,23,0.34782608695652173,-1.2473103155057785,-0.7918620940999458,-0.16467258676609614,-2.4231842708003017,0.45528455284552843,0.5786812163151241,24,0.2916666666666667,-2.131602828453303,-0.9037707162450966,-0.19764097776626963,-3.9785463388284015,-4.572790149388436
SPY,news_only,svm,10,0.01,2024,"{""C"": 9.994999544415078, ""gamma"": 0.027844385267693565, ""kernel"": ""rbf""}",0.475,0.5274135044642857,23,0.4782608695652174,-0.16426087284265453,-0.23746320525462317,-0.07371840973856902,-0.3091184217749738,0.4715447154471545,0.546011045312396,24,0.3333333333333333,-0.6987290072663884,-0.5764559350325491,-0.07857646445804367,-1.557616320942603,-7.336241697924076
SPY,news_only,svm,10,0.01,31415,"{""C"": 5.714786651778649, ""gamma"": 0.26754981350729157, ""kernel"": ""linear""}",0.49166666666666664,0.5337611607142858,23,0.391304347826087,-1.1931611998525156,-0.7785773099733279,-0.1834506886570426,-2.372055780438965,0.524390243902439,0.5714618404418125,24,0.375,-0.5578273914302652,-0.5034545042853951,-0.07061076871486863,-1.096852840455216,-7.129996082019453
SPY,social_only,svm,2,0.0025,42,"{""C"": 10.0, ""gamma"": 0.1965283298408991, ""kernel"": ""linear""}",0.5080645161290323,0.5507090814467864,123,0.4959349593495935,-0.980271145425336,-0.254612092539641,-0.17951348750537194,-1.505697666672761,0.508130081300813,0.5058500793231095,122,0.45081967213114754,-1.6422735034180407,-0.367652757756161,-0.2390253387878565,-2.9848429350601764,-1.5381329846475646
SPY,social_only,svm,2,0.0025,7,"{""C"": 0.32897156172882314, ""gamma"": 0.01, ""kernel"": ""rbf""}",0.5403225806451613,0.5663218839448347,123,0.5040650406504065,-0.1765928105292576,-0.06614509751564579,-0.1314151252765228,-0.281499735316786,0.483739837398374,0.5008923849814912,122,0.3770491803278688,-2.7959633784159563,-0.5320379646063715,-0.311190873734055,-4.69841114079329,-1.709683700625017
SPY,social_only,svm,2,0.0025,1337,"{""C"": 10.0, ""gamma"": 0.12238158191804313, ""kernel"": ""linear""}",0.532258064516129,0.5515222482435597,123,0.4796747967479675,-1.0559529808019839,-0.2702123515328708,-0.15833134372515006,-1.7693643743810386,0.47560975609756095,0.5033051295610789,122,0.39344262295081966,-2.5012343660411407,-0.4952763762562409,-0.2863254852068389,-4.635939565180583,-1.729767002397491
SPY,social_only,svm,2,0.0025,2024,"{""C"": 9.998919352364398, ""gamma"": 0.46741560782653185, ""kernel"": ""linear""}",0.532258064516129,0.5447567004944054,123,0.4796747967479675,-0.8802083403092661,-0.23338197242052305,-0.14649768744084676,-1.461213689992948,0.4796747967479675,0.5053543098889476,122,0.38524590163934425,-2.6509406632310255,-0.514349324908058,-0.29951164429322197,-4.955226656082225,-1.7172932495556328
SPY,social_only,svm,2,0.0025,31415,"{""C"": 10.0, ""gamma"": 0.24447054039821753, ""kernel"": ""linear""}",0.5201612903225806,0.548920114493885,123,0.45528455284552843,-1.2126084871153904,-0.3014906947742838,-0.16910123472907404,-2.051688103191224,0.491869918699187,0.5089238498149128,122,0.3770491803278688,-2.4345150046060184,-0.4864891635461872,-0.28033696704682765,-4.603093592128681,-1.735372857425984
SPY,social_only,svm,5,0.005,42,"{""C"": 10.0, ""gamma"": 1.0, ""kernel"": ""linear""}",0.5755102040816327,0.5838666666666665,48,0.5625,-0.28207573337313835,-0.19829291988256037,-0.12328582383635558,-0.41632030326988995,0.483739837398374,0.5114953952163254,49,0.5102040816326531,1.2897253709970857,1.325182810013446,-0.07336274620817392,2.15447674597034,18.06342971749055
SPY,social_only,svm,5,0.005,7,"{""C"": 0.10171992865746002, ""gamma"": 0.010631201921255697, ""kernel"": ""linear""}",0.4897959183673469,0.5675,48,0.4583333333333333,-1.3887099932029179,-0.6031684283540106,-0.17783776127231088,-2.28583605472161,0.4878048780487805,0.529384482872855,49,0.42857142857142855,-0.20626989115584504,-0.17765042562606115,-0.09267244368587947,-0.3177329730006587,-1.9169714163168203
SPY,social_only,svm,5,0.005,1337,"{""C"": 0.9665516428289639, ""gamma"": 0.038024606945283375, ""kernel"": ""linear""}",0.5020408163265306,0.5754666666666666,48,0.5,-1.0068842200192407,-0.4959530370958424,-0.13517372104227257,-1.4981544722637437,0.4715447154471545,0.5226926389717087,49,0.3877551020408163,-0.9191135975585738,-0.5036225494929902,-0.1475711190314161,-1.4177498724687245,-3.4127446671036976
SPY,social_only,svm,5,0.005,2024,"{""C"": 2.9417407718175954, ""gamma"": 0.155903753531886, ""kernel"": ""rbf""}",0.46938775510204084,0.5560666666666667,48,0.3958333333333333,-1.611115573194288,-0.6538424307566156,-0.19485387332309417,-2.7060156260145045,0.47560975609756095,0.5458159411647784,49,0.40816326530612246,-0.8646666446427033,-0.4843149105127085,-0.14122262932269383,-1.2789926584456177,-3.4294426667701283
SPY,social_only,svm,5,0.005,31415,"{""C"": 0.1023365552599441, ""gamma"": 0.37857147584052453, ""kernel"": ""linear""}",0.4857142857142857,0.5648666666666667,48,0.4583333333333333,-1.3887099932029179,-0.6031684283540106,-0.17783776127231088,-2.28583605472161,0.46747967479674796,0.519412972901345,49,0.3877551020408163,-0.8219471682637032,-0.4685404082875876,-0.13617647190838622,-1.2772765857820259,-3.440685470268328
SPY,social_only,svm,10,0.01,42,"{""C"": 10.0, ""gamma"": 0.06760464235342183, ""kernel"": ""rbf""}",0.5083333333333333,0.5657784598214286,23,0.4782608695652174,0.07219554809426866,0.019988127386819432,-0.07665684580883146,0.13029612881080532,0.4715447154471545,0.5170670037926675,24,0.5,0.17274727587360406,0.14484510840330111,-0.10937853991811533,0.3572276771946148,1.3242552744965999
SPY,social_only,svm,10,0.01,7,"{""C"": 4.369843651530917, ""gamma"": 0.04570508429023036, ""kernel"": ""linear""}",0.4875,0.5694056919642857,23,0.4782608695652174,-0.8452824057903369,-0.667263876569835,-0.16957072032120574,-1.7029677043178186,0.4715447154471545,0.5315057555392907,24,0.4583333333333333,-0.49931956495284735,-0.4693734618162144,-0.10937853991811546,-0.9613333293755061,-4.2912756210459895
SPY,social_only,svm,10,0.01,1337,"{""C"": 1.234545381374529, ""gamma"": 0.12604845440491474, ""kernel"": ""rbf""}",0.5166666666666667,0.5710797991071428,23,0.4782608695652174,0.07219554809426866,0.019988127386819432,-0.07665684580883146,0.13029612881080532,0.47560975609756095,0.5180650741898994,24,0.5416666666666666,0.7028993550272153,1.0741909273997639,-0.05751532300904326,1.445080560843167,18.676604271714975
SPY,social_only,svm,10,0.01,2024,"{""C"": 10.0, ""gamma"": 0.05916114732532151, ""kernel"": ""rbf""}",0.5166666666666667,0.560546875,23,0.4782608695652174,0.07219554809426866,0.019988127386819432,-0.07665684580883146,0.13029612881080532,0.4715447154471545,0.5130747222037394,24,0.5,0.17274727587360406,0.14484510840330111,-0.10937853991811533,0.3572276771946148,1.3242552744965999
SPY,social_only,svm,10,0.01,31415,"{""C"": 1.0694854356433263, ""gamma"": 0.09508013802226012, ""kernel"": ""rbf""}",0.49583333333333335,0.5673828125,23,0.4782608695652174,0.07219554809426866,0.019988127386819432,-0.07665684580883146,0.13029612881080532,0.46747967479674796,0.5139397165480072,24,0.5416666666666666,0.7028993550272153,1.0741909273997639,-0.05751532300904326,1.445080560843167,18.676604271714975
SPY,sentiment_only,svm,2,0.0025,42,"{""C"": 0.12397420340784139, ""gamma"": 0.8861577452533078, ""kernel"": ""rbf""}",0.49193548387096775,0.5410486599011188,123,0.3821138211382114,-2.7419235608722468,-0.5404084597407045,-0.3176586201734627,-4.420156953346425,0.4959349593495935,0.49074563722897935,122,0.36065573770491804,-2.8937967688500015,-0.5435009675721414,-0.32019307397338365,-5.375588637705482,-1.6974163770241963
SPY,sentiment_only,svm,2,0.0025,7,"{""C"": 0.1, ""gamma"": 0.7334826915156355, ""kernel"": ""rbf""}",0.49193548387096775,0.5420895134009889,123,0.3821138211382114,-2.7419235608722468,-0.5404084597407045,-0.3176586201734627,-4.420156953346425,0.4959349593495935,0.48644896879957694,122,0.36065573770491804,-2.8937967688500015,-0.5435009675721414,-0.32019307397338365,-5.375588637705482,-1.6974163770241963
SPY,sentiment_only,svm,2,0.0025,1337,"{""C"": 0.1, ""gamma"": 0.6430977280806891, ""kernel"": ""rbf""}",0.49193548387096775,0.5415690866510539,123,0.3821138211382114,-2.7419235608722468,-0.5404084597407045,-0.3176586201734627,-4.420156953346425,0.4959349593495935,0.48486250661025915,122,0.36065573770491804,-2.8937967688500015,-0.5435009675721414,-0.32019307397338365,-5.375588637705482,-1.6974163770241963
SPY,sentiment_only,svm,2,0.0025,2024,"{""C"": 0.1, ""gamma"": 0.7730792815005122, ""kernel"": ""rbf""}",0.49193548387096775,0.5434231069476971,123,0.3821138211382114,-2.7419235608722468,-0.5404084597407045,-0.3176586201734627,-4.420156953346425,0.4959349593495935,0.4927287149656267,122,0.36065573770491804,-2.8937967688500015,-0.5435009675721414,-0.32019307397338365,-5.375588637705482,-1.6974163770241963
SPY,sentiment_only,svm,2,0.0025,31415,"{""C"": 0.10106360132470277, ""gamma"": 0.8080968610282959, ""kernel"": ""rbf""}",0.5524193548387096,0.5401704397606036,123,0.5609756097560976,0.7791688616032147,0.21758810439570997,-0.14132874288545824,1.1507478431861264,0.5,0.488002379693284,122,0.5655737704918032,0.3390528609996355,0.0759262771667597,-0.09912025841976926,0.4674345569915965,0.7660016063034841
SPY,sentiment_only,svm,5,0.005,42,"{""C"": 0.138004327976509, ""gamma"": 0.1074753133442781, ""kernel"": ""rbf""}",0.5102040816326531,0.5244,48,0.4791666666666667,0.5107197857229916,0.3323322183961328,-0.06908484772200038,1.0484804907586212,0.524390243902439,0.47796991983038495,49,0.5918367346938775,1.8154169255691444,2.2646838661959667,-0.10864803020363899,2.5163070727258625,20.844223884696945
SPY,sentiment_only,svm,5,0.005,7,"{""C"": 0.8150229285482279, ""gamma"": 0.04130717840573252, ""kernel"": ""rbf""}",0.5224489795918368,0.5265333333333333,48,0.5416666666666666,0.9735981072141213,0.7783209482184827,-0.06743261990961594,1.8718853578588168,0.524390243902439,0.47796991983038495,49,0.5918367346938775,1.8154169255691444,2.2646838661959667,-0.10864803020363899,2.5163070727258625,20.844223884696945
SPY,sentiment_only,svm,5,0.005,1337,"{""C"": 4.02474712531127, ""gamma"": 0.015498711222533575, ""kernel"": ""rbf""}",0.5020408163265306,0.523,48,0.4791666666666667,-0.08371461184618907,-0.08888621962519883,-0.15644717607464537,-0.14088671087082763,0.516260162601626,0.4781024315908037,49,0.5510204081632653,1.3968508255471448,1.4948545479590178,-0.12244526741180944,2.0455236870440654,12.208348918308982
SPY,sentiment_only,svm,5,0.005,2024,"{""C"": 9.163783140455308, ""gamma"": 0.01, ""kernel"": ""rbf""}",0.49795918367346936,0.5225666666666667,48,0.4583333333333333,0.24684756205138328,0.1265815578541012,-0.09525599874053475,0.5161677816778543,0.5284552845528455,0.47803617571059437,49,0.5918367346938775,1.8154169255691444,2.2646838661959667,-0.10864803020363899,2.5163070727258625,20.844223884696945
SPY,sentiment_only,svm,5,0.005,31415,"{""C"": 1.291629117018754, ""gamma"": 0.010306978834509636, ""kernel"": ""rbf""}",0.5020408163265306,0.5219,48,0.4583333333333333,-0.055856900025283526,-0.07226282904660819,-0.13257996295492808,-0.110684496105471,0.46747967479674796,0.4810839462002253,49,0.5306122448979592,0.5678058757054374,0.42086450259374963,-0.1086480302036393,0.8387348628287935,3.8736505558814285
SPY,sentiment_only,svm,10,0.01,42,"{""C"": 0.11120513715710631, ""gamma"": 0.11208547084229371, ""kernel"": ""rbf""}",0.475,0.5673130580357141,23,0.34782608695652173,-1.7252343105377603,-0.876928600623284,-0.14936927995253302,-2.8553892697835934,0.45934959349593496,0.4784416794197885,24,0.2916666666666667,-2.7071300891010583,-0.9412940325323196,-0.2345298426988682,-5.115665038713419,-4.013536280501936
SPY,sentiment_only,svm,10,0.01,7,"{""C"": 0.1, ""gamma"": 0.09507283697948088, ""kernel"": ""rbf""}",0.4666666666666667,0.5583844866071429,23,0.30434782608695654,-2.1882591184649227,-0.9228164878117112,-0.18483257291791244,-3.627967483290949,0.45934959349593496,0.4625723601037993,24,0.2916666666666667,-2.7071300891010583,-0.9412940325323196,-0.2345298426988682,-5.115665038713419,-4.013536280501936
SPY,sentiment_only,svm,10,0.01,1337,"{""C"": 0.1736751282795367, ""gamma"": 0.024654406051219047, ""kernel"": ""rbf""}",0.4875,0.5650111607142857,23,0.43478260869565216,-0.7252125143984909,-0.6156806243744816,-0.1320611078849546,-1.5265673976091259,0.44715447154471544,0.4648013839909509,24,0.3333333333333333,-2.5350314020926508,-0.9324121926004404,-0.22418975156841753,-4.980292751692457,-4.159031294148563
SPY,sentiment_only,svm,10,0.01,2024,"{""C"": 0.5710642633636278, ""gamma"": 1.0, ""kernel"": ""rbf""}",0.5708333333333333,0.5809849330357143,23,0.34782608695652173,-1.014422956101698,-0.7274675145740924,-0.15209978001311875,-2.2380094740333227,0.4878048780487805,0.48546144121365353,24,0.75,2.4774761814690005,10.23180150422255,-0.0279130806643808,6.84985253473866,366.55937863852853
SPY,sentiment_only,svm,10,0.01,31415,"{""C"": 9.341161803617371, ""gamma"": 0.014570168042817131, ""kernel"": ""linear""}",0.4625,0.5572684151785713,23,0.30434782608695654,-1.9468381355481257,-0.9020968907598814,-0.1669473853441893,-3.2267517832910073,0.45121951219512196,0.45209262093286307,24,0.2916666666666667,-2.7071300891010583,-0.9412940325323196,-0.2345298426988682,-5.115665038713419,-4.013536280501936
SPY,technical_only,svm,2,0.0025,42,"{""C"": 9.256818992066885, ""gamma"": 0.08580760619921303, ""kernel"": ""linear""}",0.49193548387096775,0.5321688784803539,123,0.4796747967479675,-0.7168530976486917,-0.197461587259795,-0.2138495762728574,-1.1281267663211945,0.508130081300813,0.5188392384981492,122,0.4672131147540984,-1.5731336516629575,-0.35590761149229466,-0.21551035495211981,-2.851310567069695,-1.6514640865928092
SPY,technical_only,svm,2,0.0025,7,"{""C"": 0.10495996377587719, ""gamma"": 0.9414522956039683, ""kernel"": ""linear""}",0.5,0.5317135050741608,123,0.4878048780487805,-0.6334776674313949,-0.17844049006478235,-0.1446431743356514,-1.0504917864562504,0.4796747967479675,0.5166909042834479,122,0.4344262295081967,-2.360065260230915,-0.47648371747907914,-0.27358222901641055,-4.397848085971386,-1.7416471793220814
SPY,technical_only,svm,2,0.0025,1337,"{""C"": 0.20572838167660928, ""gamma"": 0.012844623812325283, ""kernel"": ""linear""}",0.5080645161290323,0.532591725214676,123,0.5040650406504065,-0.42738099442146893,-0.12952997948416722,-0.1446431743356514,-0.7019425834008702,0.4878048780487805,0.5179799048122686,122,0.4426229508196721,-2.1604945749609703,-0.44851469321259185,-0.25504584534215075,-4.011813516691768,-1.758564985094729
SPY,technical_only,svm,2,0.0025,2024,"{""C"": 0.19283251702836815, ""gamma"": 0.9963874194293135, ""kernel"": ""rbf""}",0.49193548387096775,0.5317785584179027,123,0.3821138211382114,-2.7419235608722468,-0.5404084597407045,-0.3176586201734627,-4.420156953346425,0.4959349593495935,0.4947117927022739,122,0.36065573770491804,-2.8937967688500015,-0.5435009675721414,-0.32019307397338365,-5.375588637705482,-1.6974163770241963
SPY,technical_only,svm,2,0.0025,31415,"{""C"": 9.978630305568814, ""gamma"": 0.0803014323991671, ""kernel"": ""linear""}",0.4959677419354839,0.53551912568306,123,0.4878048780487805,-0.6334776674313949,-0.17844049006478235,-0.1446431743356514,-1.0504917864562504,0.4796747967479675,0.51761634056055,122,0.4344262295081967,-2.360065260230915,-0.47648371747907914,-0.27358222901641055,-4.397848085971386,-1.7416471793220814
SPY,technical_only,svm,5,0.005,42,"{""C"": 9.89859124947385, ""gamma"": 0.9676895251008871, ""kernel"": ""linear""}",0.49795918367346936,0.5677,48,0.5208333333333334,-0.6372169218630941,-0.3619396735214071,-0.11011396288041793,-0.9979342534799075,0.4878048780487805,0.5339892665474061,49,0.4489795918367347,0.009503693204467121,-0.04133832861637132,-0.09267244368587947,0.014367632836815455,-0.44606926257918517
SPY,technical_only,svm,5,0.005,7,"{""C"": 0.1, ""gamma"": 0.9657936374744351, ""kernel"": ""linear""}",0.4897959183673469,0.5691333333333334,48,0.4583333333333333,-1.3887099932029179,-0.6031684283540106,-0.17783776127231088,-2.28583605472161,0.4878048780487805,0.5361094547141059,49,0.42857142857142855,-0.20626989115584504,-0.17765042562606115,-0.09267244368587947,-0.3177329730006587,-1.9169714163168203
SPY,technical_only,svm,5,0.005,1337,"{""C"": 0.1, ""gamma"": 0.01, ""kernel"": ""linear""}",0.5020408163265306,0.5815666666666667,48,0.4791666666666667,-0.9368076541346151,-0.4730034763185159,-0.1606902845736615,-1.4889837191685402,0.4634146341463415,0.5254422580003976,49,0.3877551020408163,-0.8219471682637032,-0.4685404082875876,-0.13617647190838622,-1.2772765857820259,-3.440685470268328
SPY,technical_only,svm,5,0.005,2024,"{""C"": 0.10425354610922309, ""gamma"": 1.0, ""kernel"": ""linear""}",0.5020408163265306,0.5845666666666667,48,0.4791666666666667,-0.9368076541346151,-0.4730034763185159,-0.1606902845736615,-1.4889837191685402,0.4634146341463415,0.5160007950705625,49,0.3877551020408163,-0.8219471682637032,-0.4685404082875876,-0.13617647190838622,-1.2772765857820259,-3.440685470268328
SPY,technical_only,svm,5,0.005,31415,"{""C"": 9.341161803617371, ""gamma"": 0.014570168042817131, ""kernel"": ""linear""}",0.4857142857142857,0.5628333333333333,48,0.4791666666666667,-0.9338964485737375,-0.4720281886853648,-0.13188465202994296,-1.4845612472377978,0.4796747967479675,0.53147154309945,49,0.4489795918367347,0.009503693204467121,-0.04133832861637132,-0.09267244368587947,0.014367632836815455,-0.44606926257918517
SPY,technical_only,svm,10,0.01,42,"{""C"": 2.942825562151168, ""gamma"": 1.0, ""kernel"": ""linear""}",0.4875,0.5434221540178572,23,0.4782608695652174,-0.8452824057903369,-0.667263876569835,-0.16957072032120574,-1.7029677043178186,0.4715447154471545,0.5227227360436489,24,0.4583333333333333,-0.49931956495284735,-0.4693734618162144,-0.10937853991811546,-0.9613333293755061,-4.2912756210459895
SPY,technical_only,svm,10,0.01,7,"{""C"": 0.16745500251185622, ""gamma"": 0.0100197043533227, ""kernel"": ""rbf""}",0.4708333333333333,0.5448869977678571,23,0.30434782608695654,-2.1882591184649227,-0.9228164878117112,-0.18483257291791244,-3.627967483290949,0.46747967479674796,0.5199946769578814,24,0.3333333333333333,-2.0574086563213343,-0.8969585932067478,-0.19239733584975535,-4.002417805406164,-4.662011504708101
SPY,technical_only,svm,10,0.01,1337,"{""C"": 4.02474712531127, ""gamma"": 0.015498711222533575, ""kernel"": ""rbf""}",0.4666666666666667,0.5430036272321428,23,0.30434782608695654,-2.1882591184649227,-0.9228164878117112,-0.18483257291791244,-3.627967483290949,0.45934959349593496,0.531672100605496,24,0.2916666666666667,-2.7071300891010583,-0.9412940325323196,-0.2345298426988682,-5.115665038713419,-4.013536280501936
SPY,technical_only,svm,10,0.01,2024,"{""C"": 1.0925992360118877, ""gamma"": 0.05428327533691425, ""kernel"": ""rbf""}",0.4666666666666667,0.5507463727678572,23,0.30434782608695654,-2.1882591184649227,-0.9228164878117112,-0.18483257291791244,-3.627967483290949,0.45528455284552843,0.5245192627586666,24,0.2916666666666667,-2.7071300891010583,-0.9412940325323196,-0.2345298426988682,-5.115665038713419,-4.013536280501936
SPY,technical_only,svm,10,0.01,31415,"{""C"": 7.797064213902206, ""gamma"": 0.0534911322422218, ""kernel"": ""linear""}",0.4875,0.5448172433035715,23,0.4782608695652174,-0.8452824057903369,-0.667263876569835,-0.16957072032120574,-1.7029677043178186,0.4715447154471545,0.520859671302149,24,0.4583333333333333,-0.49931956495284735,-0.4693734618162144,-0.10937853991811546,-0.9613333293755061,-4.2912756210459895
SPY,learned_alpha_per_stock,svm,2,0.0025,42,"{""C"": 0.9690488220628609, ""gamma"": 0.010342784199756691, ""kernel"": ""linear""}",0.47580645161290325,0.5388368462138954,123,0.44715447154471544,-1.4566411164574862,-0.3474558275422388,-0.21384957627285736,-2.291441941130055,0.508130081300813,0.5145425700687467,122,0.48360655737704916,-1.1942448089753679,-0.2872187136672122,-0.1870851942011503,-2.144833579191676,-1.535229524140752
SPY,learned_alpha_per_stock,svm,2,0.0025,7,"{""C"": 0.10043649108187354, ""gamma"": 0.965766003117099, ""kernel"": ""linear""}",0.5,0.5387717928701535,123,0.4878048780487805,-0.6334776674313949,-0.17844049006478235,-0.1446431743356514,-1.0504917864562504,0.4796747967479675,0.5140798519301957,122,0.4344262295081967,-2.360065260230915,-0.47648371747907914,-0.27358222901641055,-4.397848085971386,-1.7416471793220814
SPY,learned_alpha_per_stock,svm,2,0.0025,1337,"{""C"": 0.6091476793164498, ""gamma"": 0.7365366293135854, ""kernel"": ""linear""}",0.4838709677419355,0.5389669529013791,123,0.3902439024390244,-2.439078860792722,-0.5015994594315435,-0.2921570498610433,-3.970067877780089,0.4959349593495935,0.5145756213643575,122,0.36885245901639346,-2.579267642236285,-0.5053224373162513,-0.29323819319335365,-4.872232938323356,-1.7232490481997165
SPY,learned_alpha_per_stock,svm,2,0.0025,2024,"{""C"": 8.398015744210896, ""gamma"": 1.0, ""kernel"": ""linear""}",0.4838709677419355,0.5482695810564664,123,0.4715447154471545,-1.0369360671991124,-0.26633754205832083,-0.20397761587631733,-1.647877809524937,0.5040650406504065,0.5131544156530936,122,0.45901639344262296,-2.0275621288730137,-0.42894215070468766,-0.25991289648044086,-3.6598617072964963,-1.6503303857296927
SPY,learned_alpha_per_stock,svm,2,0.0025,31415,"{""C"": 0.1023365552599441, ""gamma"": 0.37857147584052453, ""kernel"": ""linear""}",0.49193548387096775,0.543423106947697,123,0.4796747967479675,-0.7690920056894321,-0.20911382027083547,-0.16038240372207194,-1.2857441837459265,0.4796747967479675,0.5156663141195136,122,0.4344262295081967,-2.360065260230915,-0.47648371747907914,-0.27358222901641055,-4.397848085971386,-1.7416471793220814
SPY,learned_alpha_per_stock,svm,5,0.005,42,"{""C"": 7.53538450929555, ""gamma"": 0.010035927878780911, ""kernel"": ""linear""}",0.5795918367346938,0.5705333333333333,48,0.6041666666666666,1.271859135774656,1.1307601255798745,-0.05705673179875382,1.962229186076827,0.5772357723577236,0.5619161200556549,49,0.46938775510204084,0.7013497447419935,0.5590926950822726,-0.10700400759166104,1.0304303746161054,5.2249696779192725
SPY,learned_alpha_per_stock,svm,5,0.005,7,"{""C"": 0.6107797357476622, ""gamma"": 0.22318286374355004, ""kernel"": ""linear""}",0.4897959183673469,0.5645666666666668,48,0.4583333333333333,-1.517841814893581,-0.6335719413685741,-0.18613700827815144,-2.327761744500223,0.483739837398374,0.526137944742596,49,0.42857142857142855,-0.20626989115584504,-0.17765042562606115,-0.09267244368587947,-0.3177329730006587,-1.9169714163168203
SPY,learned_alpha_per_stock,svm,5,0.005,1337,"{""C"": 0.22849647688151004, ""gamma"": 1.0, ""kernel"": ""linear""}",0.5142857142857142,0.5962000000000001,48,0.4791666666666667,-0.9376689651127527,-0.47329157634493935,-0.1607777013153403,-1.491092294502041,0.47560975609756095,0.5419068442324256,49,0.40816326530612246,-1.1027688848568309,-0.5633866408520471,-0.17263591042030954,-1.6851401840126536,-3.2634382932287544
SPY,learned_alpha_per_stock,svm,5,0.005,2024,"{""C"": 0.21059255281763706, ""gamma"": 1.0, ""kernel"": ""linear""}",0.49387755102040815,0.5737,48,0.4583333333333333,-1.2147219991177383,-0.5577467641715652,-0.1606902845736615,-1.9603664846610256,0.4634146341463415,0.5273305505863645,49,0.3877551020408163,-0.8219471682637032,-0.4685404082875876,-0.13617647190838622,-1.2772765857820259,-3.440685470268328
SPY,learned_alpha_per_stock,svm,5,0.005,31415,"{""C"": 1.0015724774764254, ""gamma"": 0.19433121359996883, ""kernel"": ""linear""}",0.4897959183673469,0.5644333333333333,48,0.4583333333333333,-1.517841814893581,-0.6335719413685741,-0.18613700827815144,-2.327761744500223,0.483739837398374,0.5253428741800835,49,0.42857142857142855,-0.20626989115584504,-0.17765042562606115,-0.09267244368587947,-0.3177329730006587,-1.9169714163168203
SPY,learned_alpha_per_stock,svm,10,0.01,42,"{""C"": 9.702998707624586, ""gamma"": 0.010119054424704517, ""kernel"": ""linear""}",0.5041666666666667,0.5329241071428571,23,0.43478260869565216,-1.0337494493085904,-0.7336660975371867,-0.16957072032120574,-2.074768056848767,0.47560975609756095,0.5619136336416262,24,0.5,-0.0075639554291024565,-0.06847358768115785,-0.08693326808811165,-0.014304148742883301,-0.787656891165717
SPY,learned_alpha_per_stock,svm,10,0.01,7,"{""C"": 9.999344002150297, ""gamma"": 0.01609533504770117, ""kernel"": ""linear""}",0.5,0.5702427455357143,23,0.43478260869565216,-1.0337494493085904,-0.7336660975371867,-0.16957072032120574,-2.074768056848767,0.4634146341463415,0.4900525650409209,24,0.5,-0.0075639554291024565,-0.06847358768115785,-0.08693326808811165,-0.014304148742883301,-0.787656891165717
SPY,learned_alpha_per_stock,svm,10,0.01,1337,"{""C"": 3.0360650311801343, ""gamma"": 0.020888019817256978, ""kernel"": ""linear""}",0.4666666666666667,0.5284598214285714,23,0.34782608695652173,-1.2473103155057785,-0.7918620940999458,-0.16467258676609614,-2.4231842708003017,0.45528455284552843,0.5756204670969459,24,0.2916666666666667,-2.131602828453303,-0.9037707162450966,-0.19764097776626963,-3.9785463388284015,-4.572790149388436
SPY,learned_alpha_per_stock,svm,10,0.01,2024,"{""C"": 9.860692705889283, ""gamma"": 0.9698582481161324, ""kernel"": ""rbf""}",0.4625,0.53369140625,23,0.391304347826087,-0.694042549336395,-0.6009685303502126,-0.12493025773810494,-1.38456608142515,0.491869918699187,0.5157362432630248,24,0.25,-3.019337752699063,-0.9538637301413486,-0.2518949757730585,-4.950634773653806,-3.786751709572483
SPY,learned_alpha_per_stock,svm,10,0.01,31415,"{""C"": 10.0, ""gamma"": 0.19447673519449307, ""kernel"": ""rbf""}",0.5083333333333333,0.5309709821428572,23,0.5217391304347826,0.903623730789754,1.7599005655342088,-0.06599054654125643,2.362228251073759,0.5121951219512195,0.4907179453057422,24,0.2916666666666667,-1.606413241487534,-0.8403840078341729,-0.1580251183052645,-2.8917940159653437,-5.318040681423594
SPY,learned_alpha_global,svm,2,0.0025,42,"{""C"": 0.9690488220628609, ""gamma"": 0.010342784199756691, ""kernel"": ""linear""}",0.47580645161290325,0.5388368462138954,123,0.44715447154471544,-1.4566411164574862,-0.3474558275422388,-0.21384957627285736,-2.291441941130055,0.508130081300813,0.5145425700687467,122,0.48360655737704916,-1.1942448089753679,-0.2872187136672122,-0.1870851942011503,-2.144833579191676,-1.535229524140752
SPY,learned_alpha_global,svm,2,0.0025,7,"{""C"": 0.10043649108187354, ""gamma"": 0.965766003117099, ""kernel"": ""linear""}",0.5,0.5387717928701535,123,0.4878048780487805,-0.6334776674313949,-0.17844049006478235,-0.1446431743356514,-1.0504917864562504,0.4796747967479675,0.5140798519301957,122,0.4344262295081967,-2.360065260230915,-0.47648371747907914,-0.27358222901641055,-4.397848085971386,-1.7416471793220814
SPY,learned_alpha_global,svm,2,0.0025,1337,"{""C"": 0.6091476793164498, ""gamma"": 0.7365366293135854, ""kernel"": ""linear""}",0.4838709677419355,0.5389669529013791,123,0.3902439024390244,-2.439078860792722,-0.5015994594315435,-0.2921570498610433,-3.970067877780089,0.4959349593495935,0.5145756213643575,122,0.36885245901639346,-2.579267642236285,-0.5053224373162513,-0.29323819319335365,-4.872232938323356,-1.7232490481997165
SPY,learned_alpha_global,svm,2,0.0025,2024,"{""C"": 8.398015744210896, ""gamma"": 1.0, ""kernel"": ""linear""}",0.4838709677419355,0.5482695810564664,123,0.4715447154471545,-1.0369360671991124,-0.26633754205832083,-0.20397761587631733,-1.647877809524937,0.5040650406504065,0.5131544156530936,122,0.45901639344262296,-2.0275621288730137,-0.42894215070468766,-0.25991289648044086,-3.6598617072964963,-1.6503303857296927
SPY,learned_alpha_global,svm,2,0.0025,31415,"{""C"": 0.1023365552599441, ""gamma"": 0.37857147584052453, ""kernel"": ""linear""}",0.49193548387096775,0.543423106947697,123,0.4796747967479675,-0.7690920056894321,-0.20911382027083547,-0.16038240372207194,-1.2857441837459265,0.4796747967479675,0.5156663141195136,122,0.4344262295081967,-2.360065260230915,-0.47648371747907914,-0.27358222901641055,-4.397848085971386,-1.7416471793220814
SPY,learned_alpha_global,svm,5,0.005,42,"{""C"": 7.53538450929555, ""gamma"": 0.010035927878780911, ""kernel"": ""linear""}",0.5795918367346938,0.5705333333333333,48,0.6041666666666666,1.271859135774656,1.1307601255798745,-0.05705673179875382,1.962229186076827,0.5772357723577236,0.5619161200556549,49,0.46938775510204084,0.7013497447419935,0.5590926950822726,-0.10700400759166104,1.0304303746161054,5.2249696779192725
SPY,learned_alpha_global,svm,5,0.005,7,"{""C"": 0.6107797357476622, ""gamma"": 0.22318286374355004, ""kernel"": ""linear""}",0.4897959183673469,0.5645666666666668,48,0.4583333333333333,-1.517841814893581,-0.6335719413685741,-0.18613700827815144,-2.327761744500223,0.483739837398374,0.526137944742596,49,0.42857142857142855,-0.20626989115584504,-0.17765042562606115,-0.09267244368587947,-0.3177329730006587,-1.9169714163168203
SPY,learned_alpha_global,svm,5,0.005,1337,"{""C"": 0.22849647688151004, ""gamma"": 1.0, ""kernel"": ""linear""}",0.5142857142857142,0.5962000000000001,48,0.4791666666666667,-0.9376689651127527,-0.47329157634493935,-0.1607777013153403,-1.491092294502041,0.47560975609756095,0.5419068442324256,49,0.40816326530612246,-1.1027688848568309,-0.5633866408520471,-0.17263591042030954,-1.6851401840126536,-3.2634382932287544
SPY,learned_alpha_global,svm,5,0.005,2024,"{""C"": 0.21059255281763706, ""gamma"": 1.0, ""kernel"": ""linear""}",0.49387755102040815,0.5737,48,0.4583333333333333,-1.2147219991177383,-0.5577467641715652,-0.1606902845736615,-1.9603664846610256,0.4634146341463415,0.5273305505863645,49,0.3877551020408163,-0.8219471682637032,-0.4685404082875876,-0.13617647190838622,-1.2772765857820259,-3.440685470268328
SPY,learned_alpha_global,svm,5,0.005,31415,"{""C"": 1.0015724774764254, ""gamma"": 0.19433121359996883, ""kernel"": ""linear""}",0.4897959183673469,0.5644333333333333,48,0.4583333333333333,-1.517841814893581,-0.6335719413685741,-0.18613700827815144,-2.327761744500223,0.483739837398374,0.5253428741800835,49,0.42857142857142855,-0.20626989115584504,-0.17765042562606115,-0.09267244368587947,-0.3177329730006587,-1.9169714163168203
SPY,learned_alpha_global,svm,10,0.01,42,"{""C"": 9.702998707624586, ""gamma"": 0.010119054424704517, ""kernel"": ""linear""}",0.5041666666666667,0.5329241071428571,23,0.43478260869565216,-1.0337494493085904,-0.7336660975371867,-0.16957072032120574,-2.074768056848767,0.47560975609756095,0.5619136336416262,24,0.5,-0.0075639554291024565,-0.06847358768115785,-0.08693326808811165,-0.014304148742883301,-0.787656891165717
SPY,learned_alpha_global,svm,10,0.01,7,"{""C"": 9.999344002150297, ""gamma"": 0.01609533504770117, ""kernel"": ""linear""}",0.5,0.5702427455357143,23,0.43478260869565216,-1.0337494493085904,-0.7336660975371867,-0.16957072032120574,-2.074768056848767,0.4634146341463415,0.4900525650409209,24,0.5,-0.0075639554291024565,-0.06847358768115785,-0.08693326808811165,-0.014304148742883301,-0.787656891165717
SPY,learned_alpha_global,svm,10,0.01,1337,"{""C"": 3.0360650311801343, ""gamma"": 0.020888019817256978, ""kernel"": ""linear""}",0.4666666666666667,0.5284598214285714,23,0.34782608695652173,-1.2473103155057785,-0.7918620940999458,-0.16467258676609614,-2.4231842708003017,0.45528455284552843,0.5756204670969459,24,0.2916666666666667,-2.131602828453303,-0.9037707162450966,-0.19764097776626963,-3.9785463388284015,-4.572790149388436
SPY,learned_alpha_global,svm,10,0.01,2024,"{""C"": 9.860692705889283, ""gamma"": 0.9698582481161324, ""kernel"": ""rbf""}",0.4625,0.53369140625,23,0.391304347826087,-0.694042549336395,-0.6009685303502126,-0.12493025773810494,-1.38456608142515,0.491869918699187,0.5157362432630248,24,0.25,-3.019337752699063,-0.9538637301413486,-0.2518949757730585,-4.950634773653806,-3.786751709572483
SPY,learned_alpha_global,svm,10,0.01,31415,"{""C"": 10.0, ""gamma"": 0.19447673519449307, ""kernel"": ""rbf""}",0.5083333333333333,0.5309709821428572,23,0.5217391304347826,0.903623730789754,1.7599005655342088,-0.06599054654125643,2.362228251073759,0.5121951219512195,0.4907179453057422,24,0.2916666666666667,-1.606413241487534,-0.8403840078341729,-0.1580251183052645,-2.8917940159653437,-5.318040681423594
TSLA,full_70_30,svm,2,0.0025,42,"{""C"": 6.723887515213375, ""gamma"": 1.0, ""kernel"": ""linear""}",0.5483870967741935,0.6222677595628416,123,0.4796747967479675,-0.4056888742789561,-0.49127538907311485,-0.5798130442255213,-0.6432336779703838,0.5447154471544715,0.5650793650793651,122,0.5409836065573771,1.1653076700114584,2.0697136898633204,-0.36502954903398027,1.6527744351645857,5.669989444253601
TSLA,full_70_30,svm,2,0.0025,7,"{""C"": 2.443785878231788, ""gamma"": 0.04919782150392742, ""kernel"": ""linear""}",0.5846774193548387,0.6217798594847775,123,0.5284552845528455,0.4523708800630915,0.22998736876283887,-0.4244045327092153,0.715172469227463,0.5365853658536586,0.5525793650793651,122,0.5163934426229508,1.717710345634261,5.4285338472953635,-0.4887591476308892,3.019716062590752,11.106766745151523
TSLA,full_70_30,svm,2,0.0025,1337,"{""C"": 6.241771526141971, ""gamma"": 0.7191413528619333, ""kernel"": ""linear""}",0.5766129032258065,0.631407754358574,123,0.5040650406504065,0.16028490926489636,-0.08865322818459731,-0.4279393869676211,0.25653498462102253,0.5528455284552846,0.5522486772486773,122,0.5245901639344263,2.015430071540747,8.46284204762684,-0.4387765655975004,3.8150234597190127,19.287361065198716
TSLA,full_70_30,svm,2,0.0025,2024,"{""C"": 3.903391823648381, ""gamma"": 0.21832834776576682, ""kernel"": ""linear""}",0.5887096774193549,0.6207064793130366,123,0.5365853658536586,0.17666639443575854,-0.07372625165011848,-0.40992984325945664,0.27414662005892215,0.532520325203252,0.5524470899470899,122,0.5081967213114754,0.40189240340093413,0.10175053339120232,-0.5321910035764368,0.5672710681389354,0.19119175767237157
TSLA,full_70_30,svm,2,0.0025,31415,"{""C"": 4.8079650554526605, ""gamma"": 0.026178086788411617, ""kernel"": ""linear""}",0.5604838709677419,0.6256830601092896,123,0.5447154471544715,2.1338217311917145,5.6201315213576155,-0.24186575766206847,3.34054613277314,0.524390243902439,0.5574404761904762,122,0.5409836065573771,2.2948479788287925,12.569892042718402,-0.3235678365694363,5.088573516254199,38.84777972986495
TSLA,full_70_30,svm,5,0.0075,42,"{""C"": 7.53538450929555, ""gamma"": 0.010035927878780911, ""kernel"": ""linear""}",0.5306122448979592,0.5685996215193295,48,0.4791666666666667,-0.3262770090240554,-0.8517869613403275,-0.36294628535619894,-0.47494252387324554,0.532520325203252,0.5515139468627841,49,0.46938775510204084,-0.08132814363852332,-0.7313897949792363,-0.4931283170936512,-0.13947977507236647,-1.483163244994378
TSLA,full_70_30,svm,5,0.0075,7,"{""C"": 0.1, ""gamma"": 0.445834041175705, ""kernel"": ""linear""}",0.5183673469387755,0.5677547985942146,48,0.4583333333333333,-0.6667955224065223,-0.9470499471281933,-0.47636413676670547,-0.9821777475251383,0.524390243902439,0.5498575498575499,49,0.4897959183673469,0.09522006178749687,-0.5212744328573119,-0.4624524789741606,0.16025363922668695,-1.1271956721123728
TSLA,full_70_30,svm,5,0.0075,1337,"{""C"": 9.859505708838741, ""gamma"": 0.18338772107542708, ""kernel"": ""linear""}",0.46938775510204084,0.5731954582319546,48,0.4166666666666667,-1.2712098080033296,-0.9911283833867867,-0.5619789973417456,-1.9397451164363533,0.540650406504065,0.5547604849930431,49,0.5306122448979592,-0.044238529937533834,-0.7030139263226675,-0.5286327074762026,-0.06704413209767902,-1.3298721709426482
TSLA,full_70_30,svm,5,0.0075,2024,"{""C"": 1.6237288615330052, ""gamma"": 0.01017738227701987, ""kernel"": ""rbf""}",0.45714285714285713,0.5700189240335226,48,0.4375,-1.442057093829273,-0.994581967213767,-0.6083898172116833,-2.257265919305243,0.5487804878048781,0.5415755648313788,49,0.4897959183673469,-0.5395600612155986,-0.941334816514402,-0.6275777535408231,-0.8376671987597433,-1.4999493070035494
TSLA,full_70_30,svm,5,0.0075,31415,"{""C"": 7.797064213902206, ""gamma"": 0.0534911322422218, ""kernel"": ""linear""}",0.5387755102040817,0.5757299270072993,48,0.5,0.06367955193131797,-0.5143571176936204,-0.3347099285654742,0.09197882586761541,0.5365853658536586,0.5527065527065528,49,0.5102040816326531,0.002069679555385786,-0.6471617432395211,-0.4655210713605724,0.0035750804831059008,-1.390187862706343
TSLA,full_70_30,svm,10,0.01,42,"{""C"": 9.256818992066885, ""gamma"": 0.08580760619921303, ""kernel"": ""linear""}",0.5916666666666667,0.5892614084103446,23,0.5217391304347826,0.7808361510882221,29.457906134511322,-0.25490285233247423,1.8438286925774101,0.5650406504065041,0.5981859110169492,24,0.4583333333333333,0.3167220882510556,0.2806909600016647,-0.4477475501068849,0.5940597907402719,0.6268955797405459
TSLA,full_70_30,svm,10,0.01,7,"{""C"": 4.351871709202996, ""gamma"": 1.0, ""kernel"": ""linear""}",0.5791666666666667,0.5836736155885093,23,0.5217391304347826,0.7808361510882221,29.457906134511322,-0.25490285233247423,1.8438286925774101,0.5650406504065041,0.5949417372881356,24,0.4583333333333333,0.3167220882510556,0.2806909600016647,-0.4477475501068849,0.5940597907402719,0.6268955797405459
TSLA,full_70_30,svm,10,0.01,1337,"{""C"": 4.21273097774828, ""gamma"": 0.05792334697505365, ""kernel"": ""linear""}",0.6208333333333333,0.5825274016763379,23,0.5217391304347826,0.7808361510882221,29.457906134511322,-0.25490285233247423,1.8438286925774101,0.5813008130081301,0.5944782838983051,24,0.4166666666666667,-0.04256378653408924,-0.8359073098586565,-0.47651498253426805,-0.08282500788520428,-1.7542099209830053
TSLA,full_70_30,svm,10,0.01,2024,"{""C"": 3.903391823648381, ""gamma"": 0.21832834776576682, ""kernel"": ""linear""}",0.625,0.5850347446092128,23,0.6086956521739131,1.137277550146854,336.169985232055,-0.23709995623239213,2.507092433953803,0.5853658536585366,0.5935513771186441,24,0.5833333333333334,1.7948732429680407,3460.5432815392996,-0.29694311335342094,5.018118515364496,11653.893038497814
TSLA,full_70_30,svm,10,0.01,31415,"{""C"": 9.310191719034643, ""gamma"": 0.9552894765245239, ""kernel"": ""linear""}",0.6375,0.5841750841750841,23,0.5652173913043478,0.8524037048817475,48.717796068780665,-0.23709995623239213,2.0037395422377977,0.5813008130081301,0.5955376059322034,24,0.5,1.3810864966343606,455.3408120594872,-0.29694311335342094,4.053170811405994,1533.4277563040894
TSLA,equal_50_50,svm,2,0.0025,42,"{""C"": 3.3402772391829556, ""gamma"": 0.01916128316346087, ""kernel"": ""linear""}",0.5685483870967742,0.625422846734322,123,0.4959349593495935,0.06483308873125015,-0.1728163300193004,-0.47732062336954206,0.10957195284567928,0.540650406504065,0.5574735449735451,122,0.4918032786885246,1.0165850793012157,1.5201966492768184,-0.45175366078800216,1.493439578342015,3.365100897301223
TSLA,equal_50_50,svm,2,0.0025,7,"{""C"": 2.443785878231788, ""gamma"": 0.04919782150392742, ""kernel"": ""linear""}",0.6048387096774194,0.6223328129065833,123,0.5772357723577236,0.58760053517701,0.4083733646950809,-0.29504239492658507,0.8262417021213597,0.573170731707317,0.5627645502645503,122,0.5491803278688525,2.272557053621941,12.112362043824888,-0.42389733191959605,4.090132497239189,28.57381052382357
TSLA,equal_50_50,svm,2,0.0025,1337,"{""C"": 3.0360650311801343, ""gamma"": 0.020888019817256978, ""kernel"": ""linear""}",0.6008064516129032,0.6236664064532917,123,0.5772357723577236,0.5502868517204023,0.3555662028566191,-0.33645678747795804,0.7729447234759752,0.5650406504065041,0.557473544973545,122,0.5491803278688525,1.9551229391183216,7.684751062364507,-0.3385209529762745,3.038187682210454,22.70096132839109
TSLA,equal_50_50,svm,2,0.0025,2024,"{""C"": 6.434964242071397, ""gamma"": 0.01, ""kernel"": ""linear""}",0.5766129032258065,0.6211293260473589,123,0.4959349593495935,0.021910954843018516,-0.20854656096647406,-0.4961247346633926,0.03712382222285589,0.516260162601626,0.5549603174603175,122,0.5,0.24224383290258153,-0.112312596020117,-0.47746166651907584,0.34273935956275525,-0.235228509209817
TSLA,equal_50_50,svm,2,0.0025,31415,"{""C"": 2.9488789648652527, ""gamma"": 1.0, ""kernel"": ""linear""}",0.5887096774193549,0.6207390059849076,123,0.5609756097560976,0.46126669049709423,0.23767000129035143,-0.2593107989507601,0.6572717195242248,0.5772357723577236,0.5601851851851852,122,0.5491803278688525,2.0687883137404133,9.118352310321912,-0.4537132006589291,3.7074309555410023,20.097172171934385
TSLA,equal_50_50,svm,5,0.0075,42,"{""C"": 10.0, ""gamma"": 1.0, ""kernel"": ""linear""}",0.5020408163265306,0.5974925655582588,48,0.4166666666666667,-1.1266811391728437,-0.9864350072763428,-0.6211697207734438,-1.7440077287966556,0.573170731707317,0.615848406546081,49,0.5714285714285714,0.649430544322104,1.9056985352991545,-0.46068071048179576,1.0346521447521058,4.136701389789273
TSLA,equal_50_50,svm,5,0.0075,7,"{""C"": 10.0, ""gamma"": 0.10610736948881394, ""kernel"": ""linear""}",0.5020408163265306,0.5974925655582588,48,0.4166666666666667,-1.1266811391728437,-0.9864350072763428,-0.6211697207734438,-1.7440077287966556,0.573170731707317,0.615848406546081,49,0.5714285714285714,0.649430544322104,1.9056985352991545,-0.46068071048179576,1.0346521447521058,4.136701389789273
TSLA,equal_50_50,svm,5,0.0075,1337,"{""C"": 10.0, ""gamma"": 0.47867516919603603, ""kernel"": ""linear""}",0.4897959183673469,0.6069883752365505,48,0.3958333333333333,-1.915610891219107,-0.9985689717032443,-0.6854258669443276,-2.9234584906468437,0.5650406504065041,0.6341350294838667,49,0.5306122448979592,0.4585835187015246,0.5672565331139579,-0.46068071048179565,0.7470083295557839,1.2313442265049508
TSLA,equal_50_50,svm,5,0.0075,2024,"{""C"": 10.0, ""gamma"": 0.2767913001337397, ""kernel"": ""linear""}",0.4816326530612245,0.6067180319005137,48,0.3958333333333333,-1.915610891219107,-0.9985689717032443,-0.6854258669443276,-2.9234584906468437,0.556910569105691,0.6338700059630291,49,0.5306122448979592,0.4585835187015246,0.5672565331139579,-0.46068071048179565,0.7470083295557839,1.2313442265049508
TSLA,equal_50_50,svm,5,0.0075,31415,"{""C"": 10.0, ""gamma"": 1.0, ""kernel"": ""linear""}",0.5061224489795918,0.607529061908624,48,0.4166666666666667,-1.4587495163100483,-0.9948343012255104,-0.6083898172116833,-2.2514249875113963,0.5650406504065041,0.6341019015437619,49,0.5510204081632653,0.5305249728497241,0.9788217295105968,-0.4606807104817957,0.8585915682685711,2.124729139379227
TSLA,equal_50_50,svm,10,0.01,42,"{""C"": 3.349509810763988, ""gamma"": 0.02730597300191667, ""kernel"": ""linear""}",0.5791666666666667,0.5870047997707573,23,0.43478260869565216,0.49271530939298464,3.087754647313284,-0.25490285233247423,1.2313814104070473,0.556910569105691,0.5889499470338984,24,0.4583333333333333,0.3167220882510556,0.2806909600016647,-0.4477475501068849,0.5940597907402719,0.6268955797405459
TSLA,equal_50_50,svm,10,0.01,7,"{""C"": 3.4791183277918623, ""gamma"": 0.8902663851928002, ""kernel"": ""linear""}",0.5791666666666667,0.5849989254244574,23,0.43478260869565216,0.49271530939298464,3.087754647313284,-0.25490285233247423,1.2313814104070473,0.5447154471544715,0.5894465042372881,24,0.4583333333333333,0.3167220882510556,0.2806909600016647,-0.4477475501068849,0.5940597907402719,0.6268955797405459
TSLA,equal_50_50,svm,10,0.01,1337,"{""C"": 9.905948445222037, ""gamma"": 0.2325525626157822, ""kernel"": ""linear""}",0.5875,0.5885808438999928,23,0.43478260869565216,0.49271530939298464,3.087754647313284,-0.25490285233247423,1.2313814104070473,0.5650406504065041,0.582759533898305,24,0.5,0.8439034478124526,23.699322021296517,-0.4477475501068849,1.5683668870715584,52.930098703251616
TSLA,equal_50_50,svm,10,0.01,2024,"{""C"": 6.063726869378333, ""gamma"": 0.028043668602766435, ""kernel"": ""linear""}",0.6333333333333333,0.586789884662225,23,0.5652173913043478,0.8524037048817475,48.717796068780665,-0.23709995623239213,2.0037395422377977,0.5813008130081301,0.5888175317796611,24,0.5833333333333334,1.7948732429680407,3460.5432815392996,-0.29694311335342094,5.018118515364496,11653.893038497814
TSLA,equal_50_50,svm,10,0.01,31415,"{""C"": 10.0, ""gamma"": 0.14549768191322895, ""kernel"": ""linear""}",0.5791666666666667,0.5862884160756501,23,0.43478260869565216,0.49271530939298464,3.087754647313284,-0.25490285233247423,1.2313814104070473,0.5528455284552846,0.5935513771186441,24,0.5,0.8439034478124526,23.699322021296517,-0.4477475501068849,1.5683668870715584,52.930098703251616
TSLA,news_only,svm,2,0.0025,42,"{""C"": 0.1003643204520588, ""gamma"": 0.07022760434449961, ""kernel"": ""linear""}",0.5766129032258065,0.6056141035649233,123,0.5203252032520326,0.7750799097907216,0.7110010723689604,-0.3658591824911354,1.2291087290997953,0.5691056910569106,0.5695767195767195,122,0.5409836065573771,1.2418553058651944,2.4211680321547657,-0.3738380733716894,1.9513974201347561,6.476515380891966
TSLA,news_only,svm,2,0.0025,7,"{""C"": 2.443785878231788, ""gamma"": 0.04919782150392742, ""kernel"": ""linear""}",0.5685483870967742,0.6059718969555036,123,0.5121951219512195,0.6455489062879006,0.4993040351737581,-0.38690621641468076,1.0333719154479182,0.5609756097560976,0.5630621693121693,122,0.5491803278688525,1.3006215886600199,2.6933462442127794,-0.41517012775413176,1.9740813774775305,6.487331491748868
TSLA,news_only,svm,2,0.0025,1337,"{""C"": 3.0360650311801343, ""gamma"": 0.020888019817256978, ""kernel"": ""linear""}",0.5806451612903226,0.612672391360916,123,0.5365853658536586,2.065123495332045,5.193221698471082,-0.288923832887389,3.202503139112655,0.508130081300813,0.52255291005291,122,0.5,1.680151648680132,5.159432145621133,-0.2841549123368836,3.542324542977184,18.157110511270343
TSLA,news_only,svm,2,0.0025,2024,"{""C"": 4.97654499052499, ""gamma"": 0.01, ""kernel"": ""linear""}",0.5564516129032258,0.6072729638303409,123,0.4796747967479675,-0.3372939764603705,-0.4541754528668144,-0.5001221778769369,-0.5349876831760318,0.5447154471544715,0.5792989417989418,122,0.5327868852459017,1.030763671092077,1.566977046977756,-0.36502954903398016,1.4747640459628384,4.292740275751999
TSLA,news_only,svm,2,0.0025,31415,"{""C"": 9.98630850071795, ""gamma"": 0.9228689509478406, ""kernel"": ""linear""}",0.5524193548387096,0.612672391360916,123,0.4878048780487805,-0.3943993295776191,-0.4853375797954318,-0.5142615281185469,-0.6269604148574971,0.556910569105691,0.5825396825396826,122,0.5491803278688525,1.3325463244486768,2.830784110023438,-0.36502954903397994,1.8793617408945442,7.754945092842129
TSLA,news_only,svm,5,0.0075,42,"{""C"": 1.222438786279461, ""gamma"": 0.01, ""kernel"": ""rbf""}",0.49795918367346936,0.5899567450662341,48,0.3958333333333333,-1.5221247016660673,-0.9956864710707921,-0.6181933425474199,-2.3480821919021935,0.516260162601626,0.5400848075266681,49,0.5306122448979592,0.49863530784008836,0.7846543947884459,-0.47140308333218245,0.8043355514229664,1.6645084059315018
TSLA,news_only,svm,5,0.0075,7,"{""C"": 0.1, ""gamma"": 0.01, ""kernel"": ""linear""}",0.4857142857142857,0.5772168153555015,48,0.4583333333333333,-0.78899836915509,-0.9632638827593556,-0.5115873774939204,-1.18454385697016,0.5203252032520326,0.549625654276817,49,0.4897959183673469,0.09522006178749687,-0.5212744328573119,-0.4624524789741606,0.16025363922668695,-1.1271956721123728
TSLA,news_only,svm,5,0.0075,1337,"{""C"": 0.1060173671939045, ""gamma"": 0.993142265921351, ""kernel"": ""linear""}",0.49795918367346936,0.5802919708029197,48,0.3958333333333333,-1.5221247016660673,-0.9956864710707921,-0.6181933425474199,-2.3480821919021935,0.5447154471544715,0.5489299675346186,49,0.5306122448979592,0.49863530784008836,0.7846543947884459,-0.47140308333218245,0.8043355514229664,1.6645084059315018
TSLA,news_only,svm,5,0.0075,2024,"{""C"": 9.940351069417119, ""gamma"": 0.8159298799971214, ""kernel"": ""linear""}",0.4816326530612245,0.5827926466612597,48,0.375,-1.7005989737476988,-0.9973833959297871,-0.7053204885018839,-2.7305686656441472,0.5528455284552846,0.5716888623865368,49,0.5918367346938775,0.7829773613300792,3.467329329380786,-0.3509826139254852,1.2419422482304405,9.87892047016583
TSLA,news_only,svm,5,0.0075,31415,"{""C"": 7.797064213902206, ""gamma"": 0.0534911322422218, ""kernel"": ""linear""}",0.5020408163265306,0.582860232495269,48,0.4791666666666667,-0.3201058848820791,-0.8478131384810912,-0.41220647702577484,-0.4943592287211236,0.5121951219512195,0.5546942291128338,49,0.5306122448979592,0.368781605652412,0.16981249995117098,-0.36046094588827593,0.6062612270233241,0.4710981921570055
TSLA,news_only,svm,10,0.01,42,"{""C"": 9.99982938825917, ""gamma"": 0.3086295470372564, ""kernel"": ""linear""}",0.6041666666666666,0.5752561071710007,23,0.5652173913043478,0.8524037048817475,48.717796068780665,-0.23709995623239213,2.0037395422377977,0.6056910569105691,0.6102356991525424,24,0.4583333333333333,0.8241581083067966,22.661845947855994,-0.29694311335342094,2.234929057940892,76.31712920341049
TSLA,news_only,svm,10,0.01,7,"{""C"": 4.9349689064577875, ""gamma"": 0.980125650710121, ""kernel"": ""linear""}",0.5708333333333333,0.573465147933233,23,0.4782608695652174,0.7759819206483043,28.45846464827183,-0.25490285233247423,1.791999829885792,0.5691056910569106,0.5961334745762713,24,0.4583333333333333,0.07750716838184797,-0.6740752535379164,-0.4411594838895855,0.1495856514780001,-1.5279627394491777
TSLA,news_only,svm,10,0.01,1337,"{""C"": 5.095388896695889, ""gamma"": 0.16043645572408421, ""kernel"": ""linear""}",0.5916666666666667,0.5745397234758937,23,0.6086956521739131,1.7845585768216758,20126.562767960608,-0.23709995623239208,4.639213272626966,0.5365853658536586,0.6037804555084745,24,0.5833333333333334,1.7948732429680407,3460.5432815392996,-0.29694311335342094,5.018118515364496,11653.893038497814
TSLA,news_only,svm,10,0.01,2024,"{""C"": 6.0892469791117465, ""gamma"": 0.01, ""kernel"": ""linear""}",0.6166666666666667,0.5756142990185543,23,0.6521739130434783,1.811812487400276,23605.945548776475,-0.23709995623239208,4.787765041369671,0.5934959349593496,0.5996424788135594,24,0.5833333333333334,1.7948732429680407,3460.5432815392996,-0.29694311335342094,5.018118515364496,11653.893038497814
TSLA,news_only,svm,10,0.01,31415,"{""C"": 9.341161803617371, ""gamma"": 0.014570168042817131, ""kernel"": ""linear""}",0.6083333333333333,0.5754710222795328,23,0.6521739130434783,1.811812487400276,23605.945548776475,-0.23709995623239208,4.787765041369671,0.573170731707317,0.6006355932203389,24,0.5833333333333334,1.7948732429680407,3460.5432815392996,-0.29694311335342094,5.018118515364496,11653.893038497814
TSLA,social_only,svm,2,0.0025,42,"{""C"": 7.53538450929555, ""gamma"": 0.010035927878780911, ""kernel"": ""linear""}",0.5403225806451613,0.5773484257090815,123,0.4715447154471545,-1.4384023813814166,-0.8230008446572731,-0.647104562355069,-2.2257169141486597,0.5203252032520326,0.5302910052910054,122,0.5327868852459017,-0.28920680957231804,-0.5716454442792394,-0.6553885069919247,-0.36291384541773775,-0.8722237850995498
TSLA,social_only,svm,2,0.0025,7,"{""C"": 0.7458543129854386, ""gamma"": 0.1398827445779, ""kernel"": ""rbf""}",0.5524193548387096,0.6082487639864689,123,0.5934959349593496,1.4969409529817126,2.5512269848015836,-0.34601546825664314,2.5642296383243757,0.5447154471544715,0.5513888888888889,122,0.5245901639344263,-0.029106451603215528,-0.38221946549969343,-0.6180143486428624,-0.04395289276938275,-0.6184637401041477
TSLA,social_only,svm,2,0.0025,1337,"{""C"": 2.8508729882444808, ""gamma"": 0.938978560400766, ""kernel"": ""rbf""}",0.5080645161290323,0.5684361176164455,123,0.4878048780487805,-0.9347277924686661,-0.7053033057944286,-0.5439305085939203,-1.3437686423955475,0.5365853658536586,0.5271494708994708,122,0.5327868852459017,-0.623417251136151,-0.7276953215730565,-0.6017707392108113,-0.7828777832398599,-1.209256738749691
TSLA,social_only,svm,2,0.0025,2024,"{""C"": 2.3340249278530982, ""gamma"": 1.0, ""kernel"": ""rbf""}",0.5040322580645161,0.5680783242258652,123,0.4796747967479675,-1.0007095526880678,-0.7245000086429942,-0.5439305085939203,-1.4448330646347687,0.5284552845528455,0.5230489417989418,122,0.5163934426229508,-0.7928524276542488,-0.7832901912843482,-0.6434510751107347,-1.0070602215946411,-1.2173267270546526
TSLA,social_only,svm,2,0.0025,31415,"{""C"": 0.35609895762637667, ""gamma"": 0.21563313599644546, ""kernel"": ""rbf""}",0.5564516129032258,0.6000520426749935,123,0.5691056910569106,1.1255406792616618,1.4465255391981322,-0.3690195853228531,1.913590585811902,0.5772357723577236,0.559160052910053,122,0.5573770491803278,0.81492873550062,0.9351747623660547,-0.48068127338691946,1.2655507014292005,1.9455194411397327
TSLA,social_only,svm,5,0.0075,42,"{""C"": 3.4186890842388142, ""gamma"": 0.16928787816232707, ""kernel"": ""linear""}",0.5346938775510204,0.5649499864828331,48,0.5416666666666666,0.8437420760219215,4.155451230262802,-0.43469448311622594,1.2753841361330236,0.524390243902439,0.5315046710395548,49,0.4897959183673469,-0.036630656962284354,-0.6847584831630842,-0.5218732435152424,-0.06532339576968037,-1.312116479761784
TSLA,social_only,svm,5,0.0075,7,"{""C"": 10.0, ""gamma"": 1.0, ""kernel"": ""linear""}",0.5387755102040817,0.562212760205461,48,0.5416666666666666,0.5974951575501013,1.4615161717663816,-0.3827826968250649,0.8818199016895121,0.516260162601626,0.5247796991983039,49,0.5102040816326531,0.24228460249490472,-0.21416294480792653,-0.5218732435152424,0.4227734086899987,-0.41037349101357296
TSLA,social_only,svm,5,0.0075,1337,"{""C"": 10.0, ""gamma"": 0.015855376375078577, ""kernel"": ""linear""}",0.5346938775510204,0.5623141389564748,48,0.5416666666666666,0.8437420760219215,4.155451230262802,-0.43469448311622594,1.2753841361330236,0.5121951219512195,0.5244152918571523,49,0.4897959183673469,-0.036630656962284354,-0.6847584831630842,-0.5218732435152424,-0.06532339576968037,-1.312116479761784
TSLA,social_only,svm,5,0.0075,2024,"{""C"": 10.0, ""gamma"": 1.0, ""kernel"": ""linear""}",0.5346938775510204,0.5623141389564748,48,0.5416666666666666,0.8437420760219215,4.155451230262802,-0.43469448311622594,1.2753841361330236,0.5121951219512195,0.5244152918571523,49,0.4897959183673469,-0.036630656962284354,-0.6847584831630842,-0.5218732435152424,-0.06532339576968037,-1.312116479761784
TSLA,social_only,svm,5,0.0075,31415,"{""C"": 9.710491527718359, ""gamma"": 0.2675319836877844, ""kernel"": ""linear""}",0.5428571428571428,0.5637334414706677,48,0.5416666666666666,0.5974951575501013,1.4615161717663816,-0.3827826968250649,0.8818199016895121,0.508130081300813,0.5306102166567283,49,0.5102040816326531,0.24228460249490472,-0.21416294480792653,-0.5218732435152424,0.4227734086899987,-0.41037349101357296
TSLA,social_only,svm,10,0.01,42,"{""C"": 9.256818992066885, ""gamma"": 0.08580760619921303, ""kernel"": ""linear""}",0.5833333333333334,0.583458700479977,23,0.5217391304347826,1.180084596164229,448.9195654825733,-0.2522632570867005,2.671823120434458,0.5365853658536586,0.5415783898305084,24,0.5833333333333334,0.6792440796082855,8.202367487898966,-0.4841529422272249,0.9742419063796667,16.94168675329333
TSLA,social_only,svm,10,0.01,7,"{""C"": 9.984262681744905, ""gamma"": 0.08867952049580212, ""kernel"": ""linear""}",0.6083333333333333,0.5910165484633569,23,0.5217391304347826,1.180084596164229,448.9195654825733,-0.2522632570867005,2.671823120434458,0.5365853658536586,0.5434322033898304,24,0.625,0.9661302396272583,43.23240338789997,-0.44199683351733604,1.3065195329134447,97.81156811433199
TSLA,social_only,svm,10,0.01,1337,"{""C"": 7.228058669152481, ""gamma"": 0.24744664363469723, ""kernel"": ""linear""}",0.6,0.592735869331614,23,0.5217391304347826,1.180084596164229,448.9195654825733,-0.2522632570867005,2.671823120434458,0.5447154471544715,0.5443591101694916,24,0.5833333333333334,0.731635082829529,11.3091643918123,-0.44199683351733604,1.0412624562445296,25.586528079434153
TSLA,social_only,svm,10,0.01,2024,"{""C"": 9.98408935815763, ""gamma"": 0.918994233467423, ""kernel"": ""linear""}",0.6041666666666666,0.5875420875420876,23,0.5217391304347826,1.180084596164229,448.9195654825733,-0.2522632570867005,2.671823120434458,0.5528455284552846,0.5806739936440678,24,0.6666666666666666,2.0920545781963256,12506.343947906724,-0.31352425664261807,3.1192311566792754,39889.55777084429
TSLA,social_only,svm,10,0.01,31415,"{""C"": 3.6314224831620137, ""gamma"": 0.020845785851887743, ""kernel"": ""linear""}",0.5541666666666667,0.5800200587434631,23,0.43478260869565216,0.15645310132297224,-0.6380250700295382,-0.2984568644270364,0.36041979593146606,0.516260162601626,0.5223119703389831,24,0.5,-0.09013604051211244,-0.8844794883327534,-0.5455818150660066,-0.1391904295323697,-1.6211674654620696
TSLA,sentiment_only,svm,2,0.0025,42,"{""C"": 2.2245158445136934, ""gamma"": 0.1662061792693762, ""kernel"": ""rbf""}",0.4798387096774194,0.5565313557116837,123,0.45528455284552843,-2.3575949484850915,-0.9289940848236625,-0.7189554421102279,-3.563586785467155,0.516260162601626,0.4975198412698413,122,0.5,-1.429806203649636,-0.9084235483588957,-0.7984640808508292,-1.690281734453138,-1.137713730830441
TSLA,sentiment_only,svm,2,0.0025,7,"{""C"": 1.7380925961118912, ""gamma"": 0.17120493565099792, ""kernel"": ""rbf""}",0.47580645161290325,0.544496487119438,123,0.45528455284552843,-2.3575949484850915,-0.9289940848236625,-0.7189554421102279,-3.563586785467155,0.5203252032520326,0.49100529100529106,122,0.5,-1.429806203649636,-0.9084235483588957,-0.7984640808508292,-1.690281734453138,-1.137713730830441
TSLA,sentiment_only,svm,2,0.0025,1337,"{""C"": 0.1, ""gamma"": 1.0, ""kernel"": ""rbf""}",0.532258064516129,0.534087952120739,123,0.5040650406504065,-1.3829232265141884,-0.8128898361535299,-0.6773879686469089,-2.1410901592405547,0.491869918699187,0.5048611111111112,122,0.4262295081967213,-1.1652952729554933,-0.8680504419535084,-0.7853593233497458,-1.5888174072292427,-1.1052908091178764
TSLA,sentiment_only,svm,2,0.0025,2024,"{""C"": 3.6100111401901853, ""gamma"": 0.1767109634210307, ""kernel"": ""rbf""}",0.5362903225806451,0.545992714025501,123,0.5040650406504065,-0.8175268380293512,-0.6671552840827868,-0.5665496745858123,-1.269657792533268,0.491869918699187,0.508531746031746,122,0.45081967213114754,-0.5660849113198607,-0.7044437812666264,-0.7446608526790314,-0.7701663386255239,-0.9459927680262527
TSLA,sentiment_only,svm,2,0.0025,31415,"{""C"": 10.0, ""gamma"": 0.14407703726339066, ""kernel"": ""rbf""}",0.5362903225806451,0.5370153525891231,123,0.4959349593495935,-1.3025794398805066,-0.7970603198798512,-0.6595447639507485,-2.02519355228465,0.4959349593495935,0.501521164021164,122,0.4426229508196721,-1.0820269663816535,-0.8525770084574396,-0.7545237856262251,-1.4589152307377955,-1.1299537863472842
TSLA,sentiment_only,svm,5,0.0075,42,"{""C"": 0.1, ""gamma"": 0.07911062581422461, ""kernel"": ""rbf""}",0.5551020408163265,0.5748851040821843,48,0.5208333333333334,0.23315302503591373,-0.1420173197339868,-0.4099707841723019,0.48261086931581065,0.5203252032520326,0.5682435566156496,49,0.5510204081632653,1.6178788557138764,61.57928099514805,-0.2775167100148342,2.8639241885576676,221.8939572750644
TSLA,sentiment_only,svm,5,0.0075,7,"{""C"": 0.14910316410657257, ""gamma"": 0.06898337221989431, ""kernel"": ""rbf""}",0.5510204081632653,0.5837388483373884,48,0.5,-0.3969095505379892,-0.8735777883449932,-0.45391199923092085,-0.8611646847251604,0.5284552845528455,0.5660239846286358,49,0.5306122448979592,1.765858640639928,96.60206304428651,-0.23086713666114292,3.1628425552637442,418.4314166206988
TSLA,sentiment_only,svm,5,0.0075,1337,"{""C"": 4.02474712531127, ""gamma"": 0.015498711222533575, ""kernel"": ""rbf""}",0.5673469387755102,0.5725871857258719,48,0.5625,1.3879233026917595,25.34646577755042,-0.2600173360888617,2.8308259749797835,0.524390243902439,0.5631418538395283,49,0.5306122448979592,1.1982026519706093,16.24230637768898,-0.29630721190319737,2.2398789032028024,54.81576460243327
TSLA,sentiment_only,svm,5,0.0075,2024,"{""C"": 0.14436552550966245, ""gamma"": 0.06922670324563188, ""kernel"": ""rbf""}",0.5469387755102041,0.5739389024060556,48,0.5416666666666666,0.7515361696190663,3.114817275837159,-0.29508805727257564,1.6710843073121209,0.516260162601626,0.5629430861989002,49,0.5510204081632653,1.6178788557138764,61.57928099514805,-0.2775167100148342,2.8639241885576676,221.8939572750644
TSLA,sentiment_only,svm,5,0.0075,31415,"{""C"": 10.0, ""gamma"": 0.01, ""kernel"": ""rbf""}",0.5387755102040817,0.5773181941065153,48,0.4791666666666667,-0.5903965080570651,-0.9294819737336808,-0.49591640359015704,-1.3000951521374717,0.524390243902439,0.5635725170608892,49,0.5102040816326531,1.5477395109084977,49.71082168405903,-0.2880135447857777,2.8494933901257746,172.59890232257501
TSLA,sentiment_only,svm,10,0.01,42,"{""C"": 0.8288916866885144, ""gamma"": 0.04649617447336334, ""kernel"": ""rbf""}",0.5875,0.546529120997206,23,0.6086956521739131,1.5407871630932322,4627.258429158624,-0.23709995623239208,4.243807485496738,0.5203252032520326,0.5566737288135593,24,0.5416666666666666,1.3348699705541047,356.05673490503415,-0.29694311335342094,3.593808424219598,1199.0738929218955
TSLA,sentiment_only,svm,10,0.01,7,"{""C"": 0.1, ""gamma"": 0.09178191229774989, ""kernel"": ""rbf""}",0.5875,0.5344938749194068,23,0.6086956521739131,1.5407871630932322,4627.258429158624,-0.23709995623239208,4.243807485496738,0.5203252032520326,0.5524364406779662,24,0.5416666666666666,1.3348699705541047,356.05673490503415,-0.29694311335342094,3.593808424219598,1199.0738929218955
TSLA,sentiment_only,svm,10,0.01,1337,"{""C"": 0.39726875928113986, ""gamma"": 0.10085934833171181, ""kernel"": ""rbf""}",0.5875,0.5586001862597607,23,0.6086956521739131,1.5407871630932322,4627.258429158624,-0.23709995623239208,4.243807485496738,0.516260162601626,0.5589578919491525,24,0.5416666666666666,1.3348699705541047,356.05673490503415,-0.29694311335342094,3.593808424219598,1199.0738929218955
TSLA,sentiment_only,svm,10,0.01,2024,"{""C"": 2.749381641316255, ""gamma"": 0.037797205344927136, ""kernel"": ""rbf""}",0.6083333333333333,0.5610000716383695,23,0.6521739130434783,1.5667580347883028,5427.329598690102,-0.23709995623239208,4.548898496709262,0.516260162601626,0.561573093220339,24,0.5416666666666666,1.3348699705541047,356.05673490503415,-0.29694311335342094,3.593808424219598,1199.0738929218955
TSLA,sentiment_only,svm,10,0.01,31415,"{""C"": 1.473904261663318, ""gamma"": 0.05574616452699668, ""kernel"": ""rbf""}",0.6,0.560032953649975,23,0.6521739130434783,1.5667580347883028,5427.329598690102,-0.23709995623239208,4.548898496709262,0.524390243902439,0.5594544491525424,24,0.5416666666666666,1.3348699705541047,356.05673490503415,-0.29694311335342094,3.593808424219598,1199.0738929218955
TSLA,technical_only,svm,2,0.0025,42,"{""C"": 7.53538450929555, ""gamma"": 0.010035927878780911, ""kernel"": ""linear""}",0.5524193548387096,0.5891881342701015,123,0.5609756097560976,2.788646626257186,11.340445464576955,-0.24186575766206833,4.728469145785996,0.540650406504065,0.5592261904761905,122,0.5573770491803278,2.468631203746286,15.882101648617777,-0.27956017925279814,5.539734879748637,56.81102970768971
TSLA,technical_only,svm,2,0.0025,7,"{""C"": 0.1, ""gamma"": 1.0, ""kernel"": ""linear""}",0.532258064516129,0.5896435076762946,123,0.4634146341463415,-1.2756869955912726,-0.7912571948394468,-0.6175159375364745,-1.989447412306753,0.5203252032520326,0.5410714285714285,122,0.5327868852459017,-0.051613486231752034,-0.4070798342923192,-0.5866181667935564,-0.06745589917268308,-0.6939434496504084
TSLA,technical_only,svm,2,0.0025,1337,"{""C"": 9.869637117055293, ""gamma"": 0.03933778074144244, ""kernel"": ""linear""}",0.5524193548387096,0.5903590944574552,123,0.5609756097560976,2.788646626257186,11.340445464576955,-0.24186575766206833,4.728469145785996,0.532520325203252,0.5573743386243387,122,0.5491803278688525,2.329150084541231,13.169577967248836,-0.3229375499205409,5.17486457496249,40.78057187988583
TSLA,technical_only,svm,2,0.0025,2024,"{""C"": 0.30543254287666816, ""gamma"": 0.010881654119643957, ""kernel"": ""linear""}",0.5403225806451613,0.5906843611761645,123,0.4634146341463415,-1.2756869955912726,-0.7912571948394468,-0.6175159375364745,-1.989447412306753,0.516260162601626,0.5457671957671958,122,0.5163934426229508,-0.1854636496608163,-0.5054425377532734,-0.6213725265352209,-0.24365465969996855,-0.8134291687655162
TSLA,technical_only,svm,2,0.0025,31415,"{""C"": 0.1768790749062445, ""gamma"": 0.01003312249020854, ""kernel"": ""linear""}",0.5403225806451613,0.5907494145199064,123,0.4634146341463415,-1.2756869955912726,-0.7912571948394468,-0.6175159375364745,-1.989447412306753,0.516260162601626,0.5459656084656085,122,0.5163934426229508,-0.1854636496608163,-0.5054425377532734,-0.6213725265352209,-0.24365465969996855,-0.8134291687655162
TSLA,technical_only,svm,5,0.0075,42,"{""C"": 1.0537620635081062, ""gamma"": 0.011449177811225845, ""kernel"": ""linear""}",0.49795918367346936,0.6055014868883482,48,0.4166666666666667,-1.2712098080033296,-0.9911283833867867,-0.5619789973417456,-1.9397451164363533,0.5609756097560976,0.5975286556681905,49,0.5306122448979592,0.49863530784008836,0.7846543947884459,-0.47140308333218245,0.8043355514229664,1.6645084059315018
TSLA,technical_only,svm,5,0.0075,7,"{""C"": 5.041841313149238, ""gamma"": 0.02228976697218658, ""kernel"": ""linear""}",0.49387755102040815,0.6056366585563665,48,0.3958333333333333,-1.5365309021018057,-0.9958601086019805,-0.6211697207734438,-2.3693850663342073,0.556910569105691,0.5976611674286093,49,0.4897959183673469,0.06918701628679899,-0.5620027964058572,-0.5102061447760992,0.11277274504830842,-1.1015210266675417
TSLA,technical_only,svm,5,0.0075,1337,"{""C"": 0.897302633414237, ""gamma"": 0.9867738826864132, ""kernel"": ""linear""}",0.49795918367346936,0.6055352798053527,48,0.4166666666666667,-1.2712098080033296,-0.9911283833867867,-0.5619789973417456,-1.9397451164363533,0.556910569105691,0.5983237262307028,49,0.5306122448979592,0.49863530784008836,0.7846543947884459,-0.47140308333218245,0.8043355514229664,1.6645084059315018
TSLA,technical_only,svm,5,0.0075,2024,"{""C"": 3.0061495755970653, ""gamma"": 0.34084686062408187, ""kernel"": ""linear""}",0.44081632653061226,0.605433901054339,48,0.4166666666666667,-1.8981720692979869,-0.9984990688446375,-0.6854258669443276,-2.94213661059011,0.524390243902439,0.5977605512489232,49,0.42857142857142855,-1.3094417868274992,-0.9950749432180713,-0.7671602248211894,-1.947692708702125,-1.297088810163489
TSLA,technical_only,svm,5,0.0075,31415,"{""C"": 9.811423527481644, ""gamma"": 0.010221324970860425, ""kernel"": ""linear""}",0.4897959183673469,0.605433901054339,48,0.4166666666666667,-1.2712098080033296,-0.9911283833867867,-0.5619789973417456,-1.9397451164363533,0.5447154471544715,0.5952428278009673,49,0.5306122448979592,0.49863530784008836,0.7846543947884459,-0.47140308333218245,0.8043355514229664,1.6645084059315018
TSLA,technical_only,svm,10,0.01,42,"{""C"": 0.3509812926193614, ""gamma"": 0.01, ""kernel"": ""rbf""}",0.6041666666666666,0.5996489719893976,23,0.6086956521739131,1.7845585768216758,20126.562767960608,-0.23709995623239208,4.639213272626966,0.5772357723577236,0.600635593220339,24,0.5833333333333334,1.7948732429680407,3460.5432815392996,-0.29694311335342094,5.018118515364496,11653.893038497814
TSLA,technical_only,svm,10,0.01,7,"{""C"": 0.8150229285482279, ""gamma"": 0.04130717840573252, ""kernel"": ""rbf""}",0.5875,0.5767246937459702,23,0.6086956521739131,1.5407871630932322,4627.258429158624,-0.23709995623239208,4.243807485496738,0.5203252032520326,0.586136122881356,24,0.5416666666666666,1.3348699705541047,356.05673490503415,-0.29694311335342094,3.593808424219598,1199.0738929218955
TSLA,technical_only,svm,10,0.01,1337,"{""C"": 10.0, ""gamma"": 0.014446924501221597, ""kernel"": ""rbf""}",0.5875,0.5754352030947775,23,0.6086956521739131,1.5407871630932322,4627.258429158624,-0.23709995623239208,4.243807485496738,0.5203252032520326,0.6030852754237289,24,0.5416666666666666,1.3348699705541047,356.05673490503415,-0.29694311335342094,3.593808424219598,1199.0738929218955
TSLA,technical_only,svm,10,0.01,2024,"{""C"": 7.959011963595628, ""gamma"": 0.018601254683317928, ""kernel"": ""linear""}",0.5958333333333333,0.5743606275521169,23,0.6086956521739131,1.7845585768216758,20126.562767960608,-0.23709995623239208,4.639213272626966,0.532520325203252,0.6050052966101694,24,0.5416666666666666,1.5073421827877616,859.5702763924637,-0.29694311335342094,4.500888772285529,2894.7304643142384
TSLA,technical_only,svm,10,0.01,31415,"{""C"": 9.341161803617371, ""gamma"": 0.014570168042817131, ""kernel"": ""linear""}",0.5958333333333333,0.5755068414642882,23,0.6086956521739131,1.7845585768216758,20126.562767960608,-0.23709995623239208,4.639213272626966,0.532520325203252,0.6199020127118643,24,0.5416666666666666,1.5073421827877616,859.5702763924637,-0.29694311335342094,4.500888772285529,2894.7304643142384
TSLA,learned_alpha_per_stock,svm,2,0.0025,42,"{""C"": 6.146172642002576, ""gamma"": 1.0, ""kernel"": ""linear""}",0.5645161290322581,0.6231459797033566,123,0.4878048780487805,0.05157884839440416,-0.1840130463677606,-0.48078592476737614,0.0870255213894703,0.5487804878048781,0.5657407407407408,122,0.5081967213114754,1.3442142758633235,2.8922117481434446,-0.4287671390431084,1.9526792166630227,6.745413733426666
TSLA,learned_alpha_per_stock,svm,2,0.0025,7,"{""C"": 2.31440779180874, ""gamma"": 0.01, ""kernel"": ""linear""}",0.6088709677419355,0.6238940931563883,123,0.5609756097560976,0.43235436384686915,0.20144766035833128,-0.29504239492658507,0.6132644700942682,0.5650406504065041,0.5568121693121693,122,0.5491803278688525,2.3190698474546516,12.905334477632012,-0.42389733191959605,4.173350266399326,30.44448149553314
TSLA,learned_alpha_per_stock,svm,2,0.0025,1337,"{""C"": 6.883373880782977, ""gamma"": 0.01, ""kernel"": ""linear""}",0.5967741935483871,0.6212269060629716,123,0.5609756097560976,0.3055862986480686,0.05496022128706679,-0.29504239492658507,0.4385285464260155,0.5650406504065041,0.5560185185185185,122,0.5245901639344263,1.789467041433641,6.057918308266885,-0.488759147630889,3.1811150678548326,12.394485786364914
TSLA,learned_alpha_per_stock,svm,2,0.0025,2024,"{""C"": 10.0, ""gamma"": 0.42049994976270455, ""kernel"": ""linear""}",0.5846774193548387,0.6232110330470987,123,0.5121951219512195,0.3211186623844947,0.0765301410726491,-0.4050573534320846,0.5392088176687051,0.556910569105691,0.5716931216931217,122,0.5573770491803278,1.1122442937742905,1.8576937887359168,-0.4401916674648631,1.531163964730442,4.2201929887375735
TSLA,learned_alpha_per_stock,svm,2,0.0025,31415,"{""C"": 1.7667399120422846, ""gamma"": 1.0, ""kernel"": ""linear""}",0.6008064516129032,0.6211943793911008,123,0.5609756097560976,0.6604859870480071,0.517775551173661,-0.29504239492658507,0.9440596924670763,0.5853658536585366,0.5611772486772487,122,0.5655737704918032,2.4048212052177247,14.486338962643174,-0.4238973319195962,4.267920477969834,34.174168771109194
TSLA,learned_alpha_per_stock,svm,5,0.0075,42,"{""C"": 1.5954951458333049, ""gamma"": 1.0, ""kernel"": ""linear""}",0.5469387755102041,0.5639361989726954,48,0.5416666666666666,0.8638927604751918,4.436545384602786,-0.25704107781693447,1.2376152023592115,0.516260162601626,0.5572119525607898,49,0.5306122448979592,-0.21768556986961288,-0.8289931254997838,-0.49087629601060406,-0.3769809910561418,-1.6888025195697687
TSLA,learned_alpha_per_stock,svm,5,0.0075,7,"{""C"": 1.1803112333088555, ""gamma"": 1.0, ""kernel"": ""linear""}",0.5387755102040817,0.5628210327115437,48,0.5416666666666666,0.8638927604751918,4.436545384602786,-0.25704107781693447,1.2376152023592115,0.5121951219512195,0.5570794408003711,49,0.5306122448979592,-0.21768556986961288,-0.8289931254997838,-0.49087629601060406,-0.3769809910561418,-1.6888025195697687
TSLA,learned_alpha_per_stock,svm,5,0.0075,1337,"{""C"": 0.11693452965138663, ""gamma"": 0.029564977248252883, ""kernel"": ""linear""}",0.5387755102040817,0.5602865639361989,48,0.5416666666666666,1.0073346400138945,7.350695401106622,-0.37522501509280926,1.4957096088421449,0.5365853658536586,0.5522427615450871,49,0.5306122448979592,-0.01575893282639694,-0.6685234977103178,-0.43317444469717087,-0.02647687027177028,-1.5433124134958556
TSLA,learned_alpha_per_stock,svm,5,0.0075,2024,"{""C"": 1.6736949678548554, ""gamma"": 0.01, ""kernel"": ""linear""}",0.5265306122448979,0.5663692889970262,48,0.5416666666666666,0.8638927604751918,4.436545384602786,-0.25704107781693447,1.2376152023592115,0.5284552845528455,0.5588352216259194,49,0.5306122448979592,-0.24308275414793262,-0.8426529457223826,-0.49087629601060406,-0.4221051025423503,-1.716629938277116
TSLA,learned_alpha_per_stock,svm,5,0.0075,31415,"{""C"": 9.98994432798794, ""gamma"": 0.36362898285987, ""kernel"": ""linear""}",0.5142857142857142,0.5660989456609894,48,0.4583333333333333,-0.5035775103089537,-0.9128591653010868,-0.46624046281040366,-0.765700459636561,0.5487804878048781,0.5584376863446631,49,0.5714285714285714,0.609527433066658,1.5557020580712275,-0.43317444469717087,0.9861013361486195,3.5913985165002233
TSLA,learned_alpha_per_stock,svm,10,0.01,42,"{""C"": 8.954998276202108, ""gamma"": 0.05799258501748384, ""kernel"": ""linear""}",0.5916666666666667,0.5880077369439072,23,0.43478260869565216,0.49271530939298464,3.087754647313284,-0.25490285233247423,1.2313814104070473,0.5650406504065041,0.5907375529661016,24,0.5,0.8439034478124526,23.699322021296517,-0.4477475501068849,1.5683668870715584,52.930098703251616
TSLA,learned_alpha_per_stock,svm,10,0.01,7,"{""C"": 4.214509676695668, ""gamma"": 0.01, ""kernel"": ""linear""}",0.575,0.5877928218353751,23,0.43478260869565216,0.49271530939298464,3.087754647313284,-0.25490285233247423,1.2313814104070473,0.5650406504065041,0.591167902542373,24,0.4583333333333333,0.3167220882510556,0.2806909600016647,-0.4477475501068849,0.5940597907402719,0.6268955797405459
TSLA,learned_alpha_per_stock,svm,10,0.01,1337,"{""C"": 4.777676562350814, ""gamma"": 0.9361861398715791, ""kernel"": ""linear""}",0.5916666666666667,0.5882584712371947,23,0.43478260869565216,0.49271530939298464,3.087754647313284,-0.25490285233247423,1.2313814104070473,0.5609756097560976,0.5934189618644067,24,0.5,0.8439034478124526,23.699322021296517,-0.4477475501068849,1.5683668870715584,52.930098703251616
TSLA,learned_alpha_per_stock,svm,10,0.01,2024,"{""C"": 9.223096108951276, ""gamma"": 0.010860254399875507, ""kernel"": ""linear""}",0.6041666666666666,0.5870764381402679,23,0.5217391304347826,0.7808361510882221,29.457906134511322,-0.25490285233247423,1.8438286925774101,0.5813008130081301,0.5863678495762712,24,0.4583333333333333,0.4745603533623408,2.16468088065258,-0.47651498253426805,0.9227713226929731,4.542734142670759
TSLA,learned_alpha_per_stock,svm,10,0.01,31415,"{""C"": 9.766719994599462, ""gamma"": 0.9850165404787478, ""kernel"": ""linear""}",0.6291666666666667,0.5887599398237695,23,0.5652173913043478,0.8524037048817475,48.717796068780665,-0.23709995623239213,2.0037395422377977,0.5853658536585366,0.5952065677966102,24,0.5833333333333334,1.7948732429680407,3460.5432815392996,-0.29694311335342094,5.018118515364496,11653.893038497814
TSLA,learned_alpha_global,svm,2,0.0025,42,"{""C"": 9.80609012328748, ""gamma"": 0.044486851775839956, ""kernel"": ""linear""}",0.5846774193548387,0.6179417122040072,123,0.5203252032520326,0.06920950015892348,-0.17051874351956497,-0.35663951043593417,0.10887736235570533,0.5650406504065041,0.5792328042328043,122,0.5327868852459017,1.1529581378988134,2.0188998860250496,-0.4287671390431084,1.6255284122602496,4.708616174575982
TSLA,learned_alpha_global,svm,2,0.0025,7,"{""C"": 5.041841313149238, ""gamma"": 0.02228976697218658, ""kernel"": ""linear""}",0.5806451612903226,0.6191126723913609,123,0.5365853658536586,0.7404657080259196,0.651289316236521,-0.3191340601966513,1.1555899268210013,0.5528455284552846,0.5686507936507937,122,0.5327868852459017,1.4801397738560211,3.712755393660135,-0.46588625222918956,2.60323970797362,7.969231493514152
TSLA,learned_alpha_global,svm,2,0.0025,1337,"{""C"": 3.0360650311801343, ""gamma"": 0.020888019817256978, ""kernel"": ""linear""}",0.5806451612903226,0.6203486859224564,123,0.5203252032520326,0.5445724595854514,0.35183955025981395,-0.3824855877463724,0.8554737185405363,0.5609756097560976,0.5676587301587301,122,0.5491803278688525,1.9518686987001361,7.709396991161666,-0.46588625222918956,3.4939959437691512,16.547809587154507
TSLA,learned_alpha_global,svm,2,0.0025,2024,"{""C"": 6.205546160396833, ""gamma"": 0.01010368232251448, ""kernel"": ""linear""}",0.5766129032258065,0.6216822794691647,123,0.5203252032520326,0.6875897528657354,0.5646641551049172,-0.3368081414682234,1.0780809882278184,0.5365853658536586,0.5481481481481482,122,0.5,1.1349773407947552,1.9666222266804732,-0.4449407112793757,1.776845444856374,4.419964675800688
TSLA,learned_alpha_global,svm,2,0.0025,31415,"{""C"": 9.341161803617371, ""gamma"": 0.014570168042817131, ""kernel"": ""linear""}",0.5887096774193549,0.6176814988290397,123,0.5365853658536586,0.9046937716959116,0.9519786827011274,-0.3248232066281666,1.4219937628756965,0.5691056910569106,0.5652777777777778,122,0.5409836065573771,1.7830957292124643,5.955966921074625,-0.42389733191959617,2.777962144558646,14.050494005478521
TSLA,learned_alpha_global,svm,5,0.0075,42,"{""C"": 5.756197188577902, ""gamma"": 1.0, ""kernel"": ""linear""}",0.5142857142857142,0.5716071911327386,48,0.4583333333333333,-0.6667955224065223,-0.9470499471281933,-0.47636413676670547,-0.9821777475251383,0.5365853658536586,0.5571788246206851,49,0.5102040816326531,0.12682484848867473,-0.46918991290381906,-0.4515485467651458,0.2144632836812988,-1.0390685924360836
TSLA,learned_alpha_global,svm,5,0.0075,7,"{""C"": 1.265151624367316, ""gamma"": 0.01, ""kernel"": ""rbf""}",0.5102040816326531,0.5765747499324141,48,0.5,-0.10305742364321431,-0.7060033399481895,-0.3627293782346616,-0.15582201284233665,0.524390243902439,0.5411117736699133,49,0.4897959183673469,0.09522006178749687,-0.5212744328573119,-0.4624524789741606,0.16025363922668695,-1.1271956721123728
TSLA,learned_alpha_global,svm,5,0.0075,1337,"{""C"": 9.781129711184066, ""gamma"": 0.01, ""kernel"": ""linear""}",0.47346938775510206,0.5740064882400648,48,0.375,-1.7344274402013986,-0.9976272315147778,-0.6592779876181524,-2.7005334115363464,0.532520325203252,0.5552242761545088,49,0.5918367346938775,0.8346400452158387,4.271561088003905,-0.35098261392548513,1.3131289461994828,12.170292540219021
TSLA,learned_alpha_global,svm,5,0.0075,2024,"{""C"": 0.1, ""gamma"": 1.0, ""kernel"": ""linear""}",0.5102040816326531,0.5710327115436604,48,0.5,-0.10305742364321431,-0.7060033399481895,-0.3627293782346616,-0.15582201284233665,0.5365853658536586,0.550255085138806,49,0.4897959183673469,0.09522006178749687,-0.5212744328573119,-0.4624524789741606,0.16025363922668695,-1.1271956721123728
TSLA,learned_alpha_global,svm,5,0.0075,31415,"{""C"": 9.99941508815851, ""gamma"": 0.022837616408734968, ""kernel"": ""linear""}",0.5142857142857142,0.5773857799405244,48,0.5,-0.2323612753046453,-0.802698644406995,-0.4359602051397941,-0.34071696721714095,0.5487804878048781,0.5627111906181673,49,0.5306122448979592,0.17870817064361588,-0.3711605463230997,-0.4331744446971706,0.3026781775297368,-0.8568385112897775
TSLA,learned_alpha_global,svm,10,0.01,42,"{""C"": 9.551705833661723, ""gamma"": 0.15149212626027075, ""kernel"": ""linear""}",0.5958333333333333,0.5832079661866896,23,0.5217391304347826,0.7808361510882221,29.457906134511322,-0.25490285233247423,1.8438286925774101,0.573170731707317,0.5961003707627119,24,0.4166666666666667,-0.04256378653408924,-0.8359073098586565,-0.47651498253426805,-0.08282500788520428,-1.7542099209830053
TSLA,learned_alpha_global,svm,10,0.01,7,"{""C"": 7.172221814922186, ""gamma"": 0.06068861429157209, ""kernel"": ""linear""}",0.5833333333333334,0.58374525395802,23,0.5217391304347826,0.7808361510882221,29.457906134511322,-0.25490285233247423,1.8438286925774101,0.573170731707317,0.5999735169491526,24,0.4583333333333333,0.3167220882510556,0.2806909600016647,-0.4477475501068849,0.5940597907402719,0.6268955797405459
TSLA,learned_alpha_global,svm,10,0.01,1337,"{""C"": 10.0, ""gamma"": 0.17886179521689644, ""kernel"": ""linear""}",0.6125,0.5813453685794112,23,0.6521739130434783,1.811812487400276,23605.945548776475,-0.23709995623239208,4.787765041369671,0.5813008130081301,0.606197033898305,24,0.5833333333333334,1.7948732429680407,3460.5432815392996,-0.29694311335342094,5.018118515364496,11653.893038497814
TSLA,learned_alpha_global,svm,10,0.01,2024,"{""C"": 9.232074839511645, ""gamma"": 0.01, ""kernel"": ""linear""}",0.6208333333333333,0.581631922057454,23,0.5652173913043478,0.8524037048817475,48.717796068780665,-0.23709995623239213,2.0037395422377977,0.5813008130081301,0.593121027542373,24,0.5,1.3810864966343606,455.3408120594872,-0.29694311335342094,4.053170811405994,1533.4277563040894
TSLA,learned_alpha_global,svm,10,0.01,31415,"{""C"": 10.0, ""gamma"": 0.6802734949266036, ""kernel"": ""linear""}",0.6208333333333333,0.5808797191775916,23,0.5652173913043478,0.8524037048817475,48.717796068780665,-0.23709995623239213,2.0037395422377977,0.5813008130081301,0.6042770127118644,24,0.5,1.3810864966343606,455.3408120594872,-0.29694311335342094,4.053170811405994,1533.4277563040894
