Stock,Ablation,Model,Horizon,Threshold,Seed,Best_Params,Val_Accuracy,Val_ROC_AUC,Val_Trades,Val_WinRate,Val_Sharpe,Val_AnnualReturn,Val_MDD,Val_Sortino,Test_Accuracy,Test_ROC_AUC,Test_Trades,Test_WinRate,Test_Sharpe,Test_AnnualReturn,Test_MDD,Test_Sortino,Test_Calmar
AAPL,full_70_30,xgboost,2,0.0025,42,"{""n_estimators"": ""266"", ""learning_rate"": 0.06224401869851047, ""max_depth"": ""3"", ""subsample"": 0.8089751801368787, ""colsample_bytree"": 0.6598459532028341}",0.5725806451612904,0.5785331765935213,123,0.5203252032520326,1.1068463449494113,0.5555016201019685,-0.1799186476307626,1.813249883018099,0.5,0.49004629629629637,122,0.45081967213114754,-0.16475164528818464,-0.1206886032004757,-0.19555209550981165,-0.29229425528557657,-0.6171685498221636
AAPL,full_70_30,xgboost,2,0.0025,7,"{""n_estimators"": ""50"", ""learning_rate"": 0.29999999999999993, ""max_depth"": ""3"", ""subsample"": 1.0, ""colsample_bytree"": 0.5529313789226838}",0.5645161290322581,0.5775862068965517,123,0.5121951219512195,1.4382468927302423,0.7964955774656299,-0.1404449501439026,2.8345658849579873,0.4878048780487805,0.4763888888888889,122,0.45901639344262296,0.06498409303593616,-0.021452713060774675,-0.19700645843817263,0.11733918325149272,-0.10889345065561529
AAPL,full_70_30,xgboost,2,0.0025,1337,"{""n_estimators"": ""113"", ""learning_rate"": 0.16274461260584297, ""max_depth"": ""11"", ""subsample"": 0.9642035656883222, ""colsample_bytree"": 0.8097736246334424}",0.5604838709677419,0.5710880355276907,123,0.5121951219512195,0.6293502151354212,0.26085072888543204,-0.23028308588413735,1.0569681524024526,0.4634146341463415,0.49642857142857144,122,0.45901639344262296,0.1242604415192647,0.006008566110569991,-0.24521252296381923,0.239022565512924,0.024503504298826313
AAPL,full_70_30,xgboost,2,0.0025,2024,"{""n_estimators"": ""295"", ""learning_rate"": 0.04568732110370577, ""max_depth"": ""3"", ""subsample"": 0.8861765562995796, ""colsample_bytree"": 0.561852378512377}",0.5725806451612904,0.5797740334378265,123,0.5121951219512195,1.5765007828273019,0.9063891836096614,-0.13835412704232422,3.088323607101925,0.5121951219512195,0.49156746031746024,122,0.45081967213114754,-0.2183730914910025,-0.1423822964048278,-0.20465734882390269,-0.38601012333691537,-0.6957106462242926
AAPL,full_70_30,xgboost,2,0.0025,31415,"{""n_estimators"": ""50"", ""learning_rate"": 0.2668871878692183, ""max_depth"": ""8"", ""subsample"": 1.0, ""colsample_bytree"": 0.5}",0.5564516129032258,0.5850313479623825,123,0.4959349593495935,0.9697842201615099,0.4649921965534549,-0.19926532461995097,1.6358594644690354,0.4878048780487805,0.48994708994708996,122,0.4344262295081967,-0.17361138401060905,-0.12415865198419851,-0.24486440219025785,-0.33819317855478026,-0.507050640573423
AAPL,full_70_30,xgboost,5,0.005,42,"{""n_estimators"": ""245"", ""learning_rate"": 0.011655621999430463, ""max_depth"": ""11"", ""subsample"": 0.5010122565321218, ""colsample_bytree"": 0.6024032425264888}",0.5469387755102041,0.5961564625850341,48,0.4166666666666667,-0.40499975426639456,-0.4190559882479249,-0.1946207571216246,-0.8036494156869879,0.524390243902439,0.5021173823860252,49,0.4489795918367347,-0.752304075612889,-0.689305744820898,-0.30633802692108436,-1.0614018136328844,-2.250147498007062
AAPL,full_70_30,xgboost,5,0.005,7,"{""n_estimators"": ""354"", ""learning_rate"": 0.01, ""max_depth"": ""8"", ""subsample"": 0.5, ""colsample_bytree"": 0.6674820020584709}",0.5591836734693878,0.5981292517006803,48,0.4583333333333333,0.48528152548207937,0.5061110024292821,-0.15251167423724424,1.0343474438419962,0.508130081300813,0.4996029908026203,49,0.46938775510204084,-0.587047686980418,-0.6138732779025291,-0.30633802692108436,-0.8149095994893663,-2.0039081797072122
AAPL,full_70_30,xgboost,5,0.005,1337,"{""n_estimators"": ""84"", ""learning_rate"": 0.01, ""max_depth"": ""10"", ""subsample"": 0.568962101347505, ""colsample_bytree"": 0.7243023678313074}",0.5591836734693878,0.596734693877551,48,0.4583333333333333,0.39126829994556084,0.3630829247093088,-0.16846698851962624,0.8364948818032234,0.508130081300813,0.49100112485939257,49,0.46938775510204084,-0.587047686980418,-0.6138732779025291,-0.30633802692108436,-0.8149095994893663,-2.0039081797072122
AAPL,full_70_30,xgboost,5,0.005,2024,"{""n_estimators"": ""50"", ""learning_rate"": 0.29999999999999993, ""max_depth"": ""3"", ""subsample"": 0.5502954180519908, ""colsample_bytree"": 0.5837081309822879}",0.5918367346938775,0.61578231292517,48,0.5,1.113515221846506,1.8990494460211917,-0.14358736192343283,2.4951764981534796,0.4796747967479675,0.5176338251836168,49,0.40816326530612246,-1.484469346184134,-0.8790004657689351,-0.39109856682627364,-2.063889287500574,-2.2475164583238882
AAPL,full_70_30,xgboost,5,0.005,31415,"{""n_estimators"": ""50"", ""learning_rate"": 0.01, ""max_depth"": ""6"", ""subsample"": 0.5328879155427304, ""colsample_bytree"": 0.7936103582922895}",0.5551020408163265,0.6006802721088437,48,0.4583333333333333,0.47402369234646075,0.4882498744625161,-0.18428403433708507,1.0106238313081097,0.46747967479674796,0.4943757030371203,49,0.3673469387755102,-1.5427644463376713,-0.8875223307165939,-0.39255315352616094,-2.151381002066869,-2.260897212885202
AAPL,full_70_30,xgboost,10,0.01,42,"{""n_estimators"": ""500"", ""learning_rate"": 0.019376663688217922, ""max_depth"": ""3"", ""subsample"": 1.0, ""colsample_bytree"": 0.6957953310501821}",0.5416666666666666,0.564935064935065,23,0.43478260869565216,-0.6014811491178154,-0.8089505419472969,-0.19148268413845043,-0.9767950950406489,0.5040650406504065,0.5285893707033316,24,0.375,-1.3346243844936079,-0.9638891951042752,-0.3890561558834337,-1.717666765094738,-2.477506602910735
AAPL,full_70_30,xgboost,10,0.01,7,"{""n_estimators"": ""305"", ""learning_rate"": 0.031682979917395125, ""max_depth"": ""3"", ""subsample"": 1.0, ""colsample_bytree"": 1.0}",0.5458333333333333,0.5733917245545153,23,0.43478260869565216,-1.0914046864220464,-0.9367727020704588,-0.2691002916913454,-1.6986356043888609,0.508130081300813,0.5203926493918561,24,0.3333333333333333,-1.5497240694951586,-0.9770278000468724,-0.41481492924765473,-2.026284714878512,-2.355334225358998
AAPL,full_70_30,xgboost,10,0.01,1337,"{""n_estimators"": ""238"", ""learning_rate"": 0.03517497019005424, ""max_depth"": ""3"", ""subsample"": 0.9999073491422783, ""colsample_bytree"": 0.8424793552450031}",0.5416666666666666,0.5667472062820901,23,0.43478260869565216,-1.0914046864220464,-0.9367727020704588,-0.2691002916913454,-1.6986356043888609,0.5,0.5092874140666314,24,0.3333333333333333,-1.5497240694951586,-0.9770278000468724,-0.41481492924765473,-2.026284714878512,-2.355334225358998
AAPL,full_70_30,xgboost,10,0.01,2024,"{""n_estimators"": ""489"", ""learning_rate"": 0.04310272074971358, ""max_depth"": ""3"", ""subsample"": 0.9300455431622687, ""colsample_bytree"": 0.5138382448154784}",0.5416666666666666,0.560555723346421,23,0.4782608695652174,-1.3364141121007402,-0.9628302072958312,-0.25175844471919956,-1.9704859572672089,0.491869918699187,0.5129891591750396,24,0.4166666666666667,-0.8768690877879798,-0.9009297209104521,-0.35759505847293505,-1.115121356898301,-2.5194132289125015
AAPL,full_70_30,xgboost,10,0.01,31415,"{""n_estimators"": ""218"", ""learning_rate"": 0.034702695897601346, ""max_depth"": ""4"", ""subsample"": 0.6096588488757314, ""colsample_bytree"": 0.6341625704944737}",0.5333333333333333,0.550362428269405,23,0.4782608695652174,-0.41518877411519595,-0.7059562775202681,-0.1744302208929064,-0.6593888696212686,0.5203252032520326,0.5119315177154944,24,0.4583333333333333,-0.5189358129403983,-0.7745888432130645,-0.3052766073656035,-0.6417677921449592,-2.5373344190942415
AAPL,equal_50_50,xgboost,2,0.0025,42,"{""n_estimators"": ""50"", ""learning_rate"": 0.01, ""max_depth"": ""5"", ""subsample"": 1.0, ""colsample_bytree"": 0.7996495537608642}",0.5282258064516129,0.5757575757575757,123,0.4878048780487805,0.28243104811346526,0.081010103352535,-0.11734021100626714,0.5638575441294168,0.5,0.49900793650793657,122,0.48360655737704916,0.4486860281372798,0.16896806226992456,-0.16224720993663952,0.7637219955603641,1.0414235310173263
AAPL,equal_50_50,xgboost,2,0.0025,7,"{""n_estimators"": ""266"", ""learning_rate"": 0.17385936767718818, ""max_depth"": ""10"", ""subsample"": 0.637647890099945, ""colsample_bytree"": 0.6320789528497482}",0.5161290322580645,0.5562957157784745,123,0.5121951219512195,-0.061026552377200866,-0.07310172511890267,-0.18223776125727956,-0.09955460380565183,0.5040650406504065,0.4883928571428571,122,0.5,1.3739843430334087,0.7838404509590031,-0.19608140125193912,2.927997113620514,3.997525751827273
AAPL,equal_50_50,xgboost,2,0.0025,1337,"{""n_estimators"": ""373"", ""learning_rate"": 0.29999999999999993, ""max_depth"": ""12"", ""subsample"": 1.0, ""colsample_bytree"": 0.5}",0.5282258064516129,0.5558385579937305,123,0.5203252032520326,0.4735176584062442,0.17682159763220917,-0.15991877547611022,0.8431172740092872,0.483739837398374,0.4755952380952381,122,0.4672131147540984,0.7974991164434783,0.373042740878466,-0.17024599817479705,1.638691673072299,2.1911982946903166
AAPL,equal_50_50,xgboost,2,0.0025,2024,"{""n_estimators"": ""50"", ""learning_rate"": 0.01, ""max_depth"": ""3"", ""subsample"": 0.9375729044934972, ""colsample_bytree"": 0.5}",0.5282258064516129,0.5621408045977011,123,0.4715447154471545,-0.33572934837613067,-0.1803538199154301,-0.17750486995830173,-0.605717653393783,0.5040650406504065,0.5037037037037037,122,0.4672131147540984,0.1846699983254219,0.03440903181480981,-0.17364492756087446,0.32028790928769896,0.19815742560488606
AAPL,equal_50_50,xgboost,2,0.0025,31415,"{""n_estimators"": ""240"", ""learning_rate"": 0.010030708588509019, ""max_depth"": ""3"", ""subsample"": 0.9970180203867425, ""colsample_bytree"": 0.756920415863806}",0.5241935483870968,0.5459443573667712,123,0.4634146341463415,-0.05408002508826997,-0.06992120343454522,-0.14177272621329498,-0.11087138959819948,0.4959349593495935,0.4988756613756614,122,0.47540983606557374,0.06217578863915196,-0.023042044387612037,-0.17280120415024938,0.0965947258595547,-0.13334423507591503
AAPL,equal_50_50,xgboost,5,0.005,42,"{""n_estimators"": ""500"", ""learning_rate"": 0.18010231228605914, ""max_depth"": ""8"", ""subsample"": 1.0, ""colsample_bytree"": 1.0}",0.5061224489795918,0.5464965986394558,48,0.5,-0.259556485668911,-0.3221666105073344,-0.2430189642691534,-0.39458639929115796,0.491869918699187,0.46820618010983917,49,0.42857142857142855,0.12693710641233835,0.0008257938154656586,-0.20043263670997005,0.2500390409703679,0.004120056638583258
AAPL,equal_50_50,xgboost,5,0.005,7,"{""n_estimators"": ""425"", ""learning_rate"": 0.29999999999999993, ""max_depth"": ""7"", ""subsample"": 1.0, ""colsample_bytree"": 1.0}",0.5020408163265306,0.545204081632653,48,0.4791666666666667,-0.596172850320362,-0.5272456931776119,-0.24301896426915354,-0.9190167817410451,0.491869918699187,0.4693310395024151,49,0.42857142857142855,0.31087748857495806,0.27659214404352883,-0.20043263670997005,0.6190187488608494,1.379975579744346
AAPL,equal_50_50,xgboost,5,0.005,1337,"{""n_estimators"": ""500"", ""learning_rate"": 0.29999999999999993, ""max_depth"": ""10"", ""subsample"": 1.0, ""colsample_bytree"": 1.0}",0.5183673469387755,0.5456802721088435,48,0.4791666666666667,-0.4845222759069513,-0.4673311485951106,-0.26829112859925297,-0.7512069248970853,0.4878048780487805,0.45947197776748494,49,0.46938775510204084,0.6161168020845501,0.9058487874481349,-0.20043263670997005,1.1782769393822043,4.519467499491691
AAPL,equal_50_50,xgboost,5,0.005,2024,"{""n_estimators"": ""480"", ""learning_rate"": 0.29999999999999993, ""max_depth"": ""11"", ""subsample"": 1.0, ""colsample_bytree"": 1.0}",0.5183673469387755,0.5424829931972789,48,0.4791666666666667,-0.6560440243087119,-0.5564407570789527,-0.2568444606490097,-1.0324836091988,0.4878048780487805,0.46403758353735197,49,0.46938775510204084,0.6161168020845501,0.9058487874481349,-0.20043263670997005,1.1782769393822043,4.519467499491691
AAPL,equal_50_50,xgboost,5,0.005,31415,"{""n_estimators"": ""500"", ""learning_rate"": 0.29999999999999993, ""max_depth"": ""12"", ""subsample"": 1.0, ""colsample_bytree"": 0.7766012856338753}",0.5061224489795918,0.5401020408163265,48,0.5,-0.5198262892386046,-0.48710574156324893,-0.2311769449916582,-0.7989316475256704,0.5,0.47184543108582017,49,0.46938775510204084,0.6161168020845501,0.9058487874481349,-0.20043263670997005,1.1782769393822043,4.519467499491691
AAPL,equal_50_50,xgboost,10,0.01,42,"{""n_estimators"": ""500"", ""learning_rate"": 0.29999999999999993, ""max_depth"": ""3"", ""subsample"": 1.0, ""colsample_bytree"": 0.571858337005013}",0.5041666666666667,0.5176683781334944,23,0.5652173913043478,0.34822387510834985,0.7519142831514962,-0.1634474453371161,0.51521011060975,0.491869918699187,0.48221840296139606,24,0.375,-1.327059125384809,-0.963299557442212,-0.35519291504052014,-1.7104657264024496,-2.7120460928459664
AAPL,equal_50_50,xgboost,10,0.01,7,"{""n_estimators"": ""178"", ""learning_rate"": 0.27861920612690627, ""max_depth"": ""4"", ""subsample"": 0.9090165958286751, ""colsample_bytree"": 0.5106292974350308}",0.49583333333333335,0.5183856840833585,23,0.5652173913043478,0.2668039127312176,0.45003057514826295,-0.17199213137802397,0.4007104617543329,0.4796747967479675,0.4946787414066632,24,0.4166666666666667,-1.1966293169563382,-0.9513564018638023,-0.33765753527204745,-1.522241206833256,-2.8175186468067523
AAPL,equal_50_50,xgboost,10,0.01,1337,"{""n_estimators"": ""456"", ""learning_rate"": 0.29999999999999993, ""max_depth"": ""5"", ""subsample"": 1.0, ""colsample_bytree"": 0.6454944071133062}",0.49166666666666664,0.5219344608879493,23,0.5217391304347826,-0.5167169311479515,-0.7678945523676571,-0.22199589415126364,-0.8152069331469797,0.46747967479674796,0.46949365415124267,24,0.375,-1.327059125384809,-0.963299557442212,-0.35519291504052014,-1.7104657264024496,-2.7120460928459664
AAPL,equal_50_50,xgboost,10,0.01,2024,"{""n_estimators"": ""390"", ""learning_rate"": 0.020540455434222324, ""max_depth"": ""3"", ""subsample"": 0.7420540871104407, ""colsample_bytree"": 0.6037190482147312}",0.475,0.513477801268499,23,0.5217391304347826,-0.12500946942780453,-0.42027303365712265,-0.20740693767759133,-0.19729005549385575,0.47560975609756095,0.5029415653093601,24,0.25,-2.619679902757854,-0.9968795429064946,-0.45001818299634067,-3.1264537237985484,-2.215198364361648
AAPL,equal_50_50,xgboost,10,0.01,31415,"{""n_estimators"": ""301"", ""learning_rate"": 0.03719625101804241, ""max_depth"": ""3"", ""subsample"": 0.6745843501296442, ""colsample_bytree"": 0.5}",0.5083333333333333,0.5172153427967381,23,0.5652173913043478,0.2668039127312176,0.45003057514826295,-0.17199213137802397,0.4007104617543329,0.47560975609756095,0.4913736118455843,24,0.3333333333333333,-1.5294474429317848,-0.9760441249678611,-0.3808639937040767,-1.992220324646328,-2.5627104192112915
AAPL,news_only,xgboost,2,0.0025,42,"{""n_estimators"": ""50"", ""learning_rate"": 0.04661408684983559, ""max_depth"": ""11"", ""subsample"": 1.0, ""colsample_bytree"": 0.5}",0.5403225806451613,0.5651776384535004,123,0.5447154471544715,0.5785554535923019,0.23242559970733145,-0.19679696878024333,0.8265369432199415,0.5203252032520326,0.5364417989417989,122,0.5,0.16692158458463305,0.0257890242564891,-0.2001016900877537,0.2652697943463938,0.1288795923971429
AAPL,news_only,xgboost,2,0.0025,7,"{""n_estimators"": ""99"", ""learning_rate"": 0.024804282727721266, ""max_depth"": ""12"", ""subsample"": 0.9723846779004008, ""colsample_bytree"": 0.8656660321500975}",0.5362903225806451,0.5587447753396029,123,0.5203252032520326,0.0008252389489266631,-0.04736732449989445,-0.20087344917115735,0.0012077959470223809,0.532520325203252,0.5349206349206348,122,0.5491803278688525,0.9886963129024613,0.4976997155261178,-0.14226405445305815,1.4998045970253957,3.4984221238425355
AAPL,news_only,xgboost,2,0.0025,1337,"{""n_estimators"": ""500"", ""learning_rate"": 0.01, ""max_depth"": ""7"", ""subsample"": 1.0, ""colsample_bytree"": 0.8676268472660329}",0.5645161290322581,0.5733738244514106,123,0.5040650406504065,0.7533484679403958,0.3322968236383046,-0.14954830162699012,1.435292054398515,0.524390243902439,0.5225859788359788,122,0.5,-0.04093067363258102,-0.06867202883505086,-0.16840640826496348,-0.06626705067990118,-0.407775627676859
AAPL,news_only,xgboost,2,0.0025,2024,"{""n_estimators"": ""403"", ""learning_rate"": 0.023589909153378802, ""max_depth"": ""6"", ""subsample"": 1.0, ""colsample_bytree"": 0.7238926586203046}",0.5443548387096774,0.5567528735632183,123,0.5121951219512195,0.6507194673756037,0.2728374710305048,-0.11741689905958756,1.0641084711186535,0.491869918699187,0.5098544973544974,122,0.4918032786885246,-0.12785293767658926,-0.10561629347757517,-0.1794007457560842,-0.20447489072483913,-0.5887171373366117
AAPL,news_only,xgboost,2,0.0025,31415,"{""n_estimators"": ""202"", ""learning_rate"": 0.028897400425297502, ""max_depth"": ""9"", ""subsample"": 1.0, ""colsample_bytree"": 0.6778362569630643}",0.5483870967741935,0.5627285788923719,123,0.5203252032520326,0.4483276946254468,0.16320737644989936,-0.21147125287025426,0.6515282304576965,0.5,0.5210648148148148,122,0.5245901639344263,0.6236492842647087,0.2670925709042058,-0.1431782944497837,0.9803554636924139,1.865454340901386
AAPL,news_only,xgboost,5,0.005,42,"{""n_estimators"": ""500"", ""learning_rate"": 0.29999999999999993, ""max_depth"": ""12"", ""subsample"": 0.5, ""colsample_bytree"": 0.5}",0.6,0.598265306122449,48,0.5208333333333334,-0.213936354955533,-0.28823619351733243,-0.15414473368701886,-0.3200991424772239,0.5121951219512195,0.49821345861179117,49,0.4489795918367347,0.3305656656571666,0.3088167946853837,-0.20755439045691945,0.5822380048249074,1.4878837012579724
AAPL,news_only,xgboost,5,0.005,7,"{""n_estimators"": ""251"", ""learning_rate"": 0.25998885367428093, ""max_depth"": ""5"", ""subsample"": 0.5713578733654657, ""colsample_bytree"": 0.5417540500046422}",0.5795918367346938,0.5935034013605441,48,0.4791666666666667,-0.30544200673784805,-0.3543822386380754,-0.20405056086733384,-0.5021811313443896,0.508130081300813,0.5244491497386357,49,0.4489795918367347,-0.07844509983201735,-0.23891541746193012,-0.21927286174570124,-0.13482680970638894,-1.0895804230393502
AAPL,news_only,xgboost,5,0.005,1337,"{""n_estimators"": ""50"", ""learning_rate"": 0.17225134390865357, ""max_depth"": ""12"", ""subsample"": 0.5, ""colsample_bytree"": 0.7420608395068019}",0.5591836734693878,0.5929591836734693,48,0.5208333333333334,-0.10692624663963751,-0.2014226415917838,-0.1850668168754428,-0.16641030822745823,0.532520325203252,0.5566399788261761,49,0.46938775510204084,0.9168276463861409,1.814641820308029,-0.14016889583544842,1.812120367555958,12.946109117092082
AAPL,news_only,xgboost,5,0.005,2024,"{""n_estimators"": ""447"", ""learning_rate"": 0.29999999999999993, ""max_depth"": ""3"", ""subsample"": 0.5, ""colsample_bytree"": 0.5}",0.5755102040816327,0.6068367346938777,48,0.4375,-0.34736130072220517,-0.3825748869231489,-0.2273941149782186,-0.5986590846544328,0.516260162601626,0.5505525044663535,49,0.40816326530612246,-0.37902232170855676,-0.4892830662594885,-0.3011360086486849,-0.6530143196647631,-1.6247909655676618
AAPL,news_only,xgboost,5,0.005,31415,"{""n_estimators"": ""435"", ""learning_rate"": 0.1317324578882594, ""max_depth"": ""11"", ""subsample"": 0.5292500121191837, ""colsample_bytree"": 0.5}",0.6,0.5990816326530612,48,0.5208333333333334,0.004573251399966092,-0.0999647304204555,-0.20790857534544466,0.006994528413066172,0.5121951219512195,0.5316945675908159,49,0.42857142857142855,-0.09898600429450466,-0.2595716931344406,-0.2605155737006133,-0.16531890556415232,-0.9963768746997929
AAPL,news_only,xgboost,10,0.01,42,"{""n_estimators"": ""50"", ""learning_rate"": 0.05311725844507709, ""max_depth"": ""3"", ""subsample"": 0.5365002842094883, ""colsample_bytree"": 0.570490609606681}",0.5375,0.5453035336756268,23,0.5652173913043478,0.7270437465943481,3.1843287823738384,-0.22298666358518796,1.3251836819265435,0.5284552845528455,0.5140798519301957,24,0.5,-0.4861799463907821,-0.7569508452165112,-0.22567680768911746,-0.5692134280631058,-3.3541366211598214
AAPL,news_only,xgboost,10,0.01,7,"{""n_estimators"": ""346"", ""learning_rate"": 0.015961846714609023, ""max_depth"": ""3"", ""subsample"": 1.0, ""colsample_bytree"": 0.5}",0.5125,0.5356765327695561,23,0.6521739130434783,1.088089079987472,8.268968570623848,-0.22298666358518796,1.8277489304695602,0.5203252032520326,0.5332826546800634,24,0.5,-0.25985130936762774,-0.5869512772475389,-0.2256768076891174,-0.30571013803244584,-2.600848900947312
AAPL,news_only,xgboost,10,0.01,1337,"{""n_estimators"": ""50"", ""learning_rate"": 0.022126045476330118, ""max_depth"": ""5"", ""subsample"": 0.5, ""colsample_bytree"": 0.7446532504708638}",0.5208333333333334,0.5186499546964664,23,0.5217391304347826,0.801893588813091,3.950506701736531,-0.18826799380440554,1.4993522080603503,0.5365853658536586,0.5174841353781069,24,0.375,-1.1168586360676784,-0.9420653222709139,-0.2893226420460363,-1.4161185391543039,-3.2561064547482417
AAPL,news_only,xgboost,10,0.01,2024,"{""n_estimators"": ""70"", ""learning_rate"": 0.01, ""max_depth"": ""3"", ""subsample"": 0.5, ""colsample_bytree"": 0.5099352267108429}",0.5291666666666667,0.5284279673814558,23,0.6086956521739131,0.9024616542158814,5.185267490537501,-0.22298666358518796,1.5819794040432582,0.524390243902439,0.495009254362771,24,0.5416666666666666,1.3866702512010407,16.594477087979048,-0.0870197450009784,3.160016382559332,190.69783631051172
AAPL,news_only,xgboost,10,0.01,31415,"{""n_estimators"": ""500"", ""learning_rate"": 0.01, ""max_depth"": ""3"", ""subsample"": 1.0, ""colsample_bytree"": 0.6049057579342347}",0.5291666666666667,0.5271066143159167,23,0.5217391304347826,0.48912860735653,1.435741822225542,-0.23740317325074622,0.9373116582766389,0.516260162601626,0.5237638815441564,24,0.375,-1.1168586360676784,-0.9420653222709139,-0.2893226420460363,-1.4161185391543039,-3.2561064547482417
AAPL,social_only,xgboost,2,0.0025,42,"{""n_estimators"": ""483"", ""learning_rate"": 0.29999999999999993, ""max_depth"": ""12"", ""subsample"": 0.6990191591910506, ""colsample_bytree"": 0.890182685394201}",0.5483870967741935,0.5699777951933125,123,0.5365853658536586,1.403949800662377,0.7702083996933136,-0.10712769220560407,2.7573845311308722,0.483739837398374,0.516005291005291,122,0.4262295081967213,-0.4059509404110783,-0.21421639923886693,-0.25824843946411713,-0.6937196738205804,-0.8294973618558175
AAPL,social_only,xgboost,2,0.0025,7,"{""n_estimators"": ""500"", ""learning_rate"": 0.26986318812030324, ""max_depth"": ""6"", ""subsample"": 0.8214897459322335, ""colsample_bytree"": 0.7082243651227127}",0.5604838709677419,0.581667972831766,123,0.5365853658536586,1.6646313473401375,0.9796959361652136,-0.14292509417289018,3.3816111425860926,0.47560975609756095,0.5062169312169312,122,0.4262295081967213,-0.5924661462029766,-0.27960638041081187,-0.2813002251359126,-1.0088197697500256,-0.9939785162835106
AAPL,social_only,xgboost,2,0.0025,1337,"{""n_estimators"": ""500"", ""learning_rate"": 0.09117174116983479, ""max_depth"": ""12"", ""subsample"": 0.7018099448523922, ""colsample_bytree"": 0.5}",0.5524193548387096,0.5704349529780565,123,0.5447154471544715,1.3400325380823765,0.7217645663138643,-0.15894728540887662,2.3883272792000416,0.4715447154471545,0.5059523809523809,122,0.4180327868852459,-0.14406665227890417,-0.11222485015062489,-0.23536770748974398,-0.25343492880034924,-0.47680648865356784
AAPL,social_only,xgboost,2,0.0025,2024,"{""n_estimators"": ""500"", ""learning_rate"": 0.11252899762665503, ""max_depth"": ""7"", ""subsample"": 0.5, ""colsample_bytree"": 0.5150769248093373}",0.5564516129032258,0.5737003657262278,123,0.5609756097560976,1.4139726507945005,0.7776306868288627,-0.15206508102491403,2.505400507307351,0.45934959349593496,0.4919973544973545,122,0.39344262295081966,-0.9690044014746304,-0.39538792198890116,-0.28876824916694044,-1.5607535401139094,-1.3692222851007507
AAPL,social_only,xgboost,2,0.0025,31415,"{""n_estimators"": ""448"", ""learning_rate"": 0.29999999999999993, ""max_depth"": ""12"", ""subsample"": 0.8704915325370717, ""colsample_bytree"": 0.5}",0.5645161290322581,0.5742881400208986,123,0.5528455284552846,1.6078835255207782,0.9322280222838657,-0.10712769220560407,3.093378464967289,0.45934959349593496,0.5193783068783068,122,0.39344262295081966,-0.9557188198399093,-0.3915263015767485,-0.2978511639237009,-1.659076565149258,-1.3145031780941567
AAPL,social_only,xgboost,5,0.005,42,"{""n_estimators"": ""500"", ""learning_rate"": 0.01, ""max_depth"": ""3"", ""subsample"": 1.0, ""colsample_bytree"": 0.5}",0.5510204081632653,0.5544897959183673,48,0.5,0.5745572248863735,0.655103375925749,-0.12380474808352512,1.2070948929901157,0.4796747967479675,0.4753192615628929,49,0.32653061224489793,-2.667612439897682,-0.9702453825260261,-0.5012448389229085,-3.4938840406446756,-1.9356715664363178
AAPL,social_only,xgboost,5,0.005,7,"{""n_estimators"": ""325"", ""learning_rate"": 0.01, ""max_depth"": ""3"", ""subsample"": 0.9902398608148351, ""colsample_bytree"": 0.6785739702685545}",0.563265306122449,0.5440136054421768,48,0.5208333333333334,1.1184579233272853,1.9141075231021532,-0.07103378150201803,2.6114336409120904,0.4634146341463415,0.4683054324091842,49,0.30612244897959184,-2.7560710421182,-0.9729963533994831,-0.5105649379238313,-3.6202448958979394,-1.9057249746841012
AAPL,social_only,xgboost,5,0.005,1337,"{""n_estimators"": ""470"", ""learning_rate"": 0.16754415047565385, ""max_depth"": ""4"", ""subsample"": 0.901145292378494, ""colsample_bytree"": 0.5049274820733076}",0.49795918367346936,0.5365986394557823,48,0.5,0.12618139759266095,0.02710072933829455,-0.15513286502387155,0.27425799089144987,0.4796747967479675,0.4893469198703103,49,0.3877551020408163,-1.426016216172439,-0.8697001877663354,-0.4012593799106672,-1.978720387324994,-2.167426436137039
AAPL,social_only,xgboost,5,0.005,2024,"{""n_estimators"": ""76"", ""learning_rate"": 0.29999999999999993, ""max_depth"": ""9"", ""subsample"": 0.5, ""colsample_bytree"": 0.6215636830018232}",0.5306122448979592,0.5640136054421769,48,0.5,-0.14193572073478314,-0.2294709329469362,-0.2398611504579577,-0.33527137014468467,0.4634146341463415,0.49758486071593994,49,0.3469387755102041,-2.7174847199707735,-0.9718643523258171,-0.5555738461815926,-3.382722552652095,-1.7492982418185279
AAPL,social_only,xgboost,5,0.005,31415,"{""n_estimators"": ""344"", ""learning_rate"": 0.01, ""max_depth"": ""3"", ""subsample"": 1.0, ""colsample_bytree"": 0.5598225044836149}",0.5591836734693878,0.5590816326530612,48,0.5208333333333334,1.1184579233272853,1.9141075231021532,-0.07103378150201803,2.6114336409120904,0.46747967479674796,0.47581552305961755,49,0.30612244897959184,-2.7560710421182,-0.9729963533994831,-0.5105649379238313,-3.6202448958979394,-1.9057249746841012
AAPL,social_only,xgboost,10,0.01,42,"{""n_estimators"": ""99"", ""learning_rate"": 0.012262852753870731, ""max_depth"": ""12"", ""subsample"": 0.5423800463333809, ""colsample_bytree"": 0.5}",0.4166666666666667,0.5991392328601631,23,0.2608695652173913,-2.155737974073963,-0.9925911426193136,-0.3335430299301153,-3.359288889303992,0.4796747967479675,0.49907456372289793,24,0.4583333333333333,-0.12749902046324627,-0.4305625085380087,-0.17685271466950955,-0.20096242641693018,-2.4345824113732997
AAPL,social_only,xgboost,10,0.01,7,"{""n_estimators"": ""153"", ""learning_rate"": 0.01229335003077857, ""max_depth"": ""9"", ""subsample"": 0.5, ""colsample_bytree"": 0.8918559496843943}",0.4583333333333333,0.6051797040169135,23,0.34782608695652173,-0.5745714185145819,-0.7960299431725297,-0.33354302993011536,-1.0913505894140272,0.47560975609756095,0.4785827604442094,24,0.4583333333333333,-0.13165660002768675,-0.43610595774584904,-0.17761926824555724,-0.20807192559365675,-2.4552851841667085
AAPL,social_only,xgboost,10,0.01,1337,"{""n_estimators"": ""102"", ""learning_rate"": 0.2823161675809214, ""max_depth"": ""3"", ""subsample"": 0.676816327403501, ""colsample_bytree"": 0.5143940704253155}",0.4791666666666667,0.5974025974025974,23,0.34782608695652173,-1.4964885196218818,-0.9733439209836433,-0.2509302550775646,-2.3289910985450524,0.516260162601626,0.4818217874140666,24,0.5,0.19740460853697112,0.22254266342071927,-0.11669697571273602,0.2995954723174218,1.907013117191104
AAPL,social_only,xgboost,10,0.01,2024,"{""n_estimators"": ""50"", ""learning_rate"": 0.01, ""max_depth"": ""11"", ""subsample"": 0.5, ""colsample_bytree"": 0.7289048892405965}",0.4625,0.6137873754152824,23,0.34782608695652173,-0.8437390486903543,-0.8898605364980943,-0.27537796646321133,-1.4743507818689183,0.47560975609756095,0.4758725542041247,24,0.4166666666666667,-0.2473105404024532,-0.5703729011341321,-0.1986453688058953,-0.398928318966083,-2.87131235207133
AAPL,social_only,xgboost,10,0.01,31415,"{""n_estimators"": ""50"", ""learning_rate"": 0.01, ""max_depth"": ""12"", ""subsample"": 0.5, ""colsample_bytree"": 0.5}",0.45,0.6086529749320446,23,0.4782608695652174,0.24565499841016006,0.3842088289462946,-0.20626537323113014,0.42574516277956004,0.4634146341463415,0.4780539397144368,24,0.4583333333333333,-0.13165660002768675,-0.43610595774584904,-0.17761926824555724,-0.20807192559365675,-2.4552851841667085
AAPL,sentiment_only,xgboost,2,0.0025,42,"{""n_estimators"": ""498"", ""learning_rate"": 0.292521511309555, ""max_depth"": ""3"", ""subsample"": 0.5058008611335865, ""colsample_bytree"": 0.9535797028142731}",0.5080645161290323,0.5200169801462905,123,0.4146341463414634,-2.469922420033392,-0.6802875903326305,-0.43023766421934223,-3.2437097991874984,0.4878048780487805,0.5186507936507936,122,0.48360655737704916,0.7814481090474693,0.36297009483366316,-0.1425415193448114,1.6130866779142239,2.5464166265523636
AAPL,sentiment_only,xgboost,2,0.0025,7,"{""n_estimators"": ""148"", ""learning_rate"": 0.21145853431154563, ""max_depth"": ""5"", ""subsample"": 0.8914332046148177, ""colsample_bytree"": 0.5}",0.5161290322580645,0.5098615464994776,123,0.45528455284552843,-1.915938066741093,-0.5941192191338641,-0.3624415572515298,-2.47429075138774,0.4878048780487805,0.5060185185185184,122,0.45901639344262296,-0.08009853604239942,-0.08515874065189433,-0.17512876894155222,-0.16093014553516247,-0.48626357146560745
AAPL,sentiment_only,xgboost,2,0.0025,1337,"{""n_estimators"": ""500"", ""learning_rate"": 0.29999999999999993, ""max_depth"": ""3"", ""subsample"": 0.686692023340981, ""colsample_bytree"": 0.7754957280439032}",0.4959677419354839,0.5086206896551724,123,0.42276422764227645,-2.612977733040015,-0.6990994380297693,-0.4490913591313642,-3.4470478926270207,0.491869918699187,0.5232804232804232,122,0.45081967213114754,0.3048700819855553,0.09412155659166777,-0.15621251802106131,0.6719529981117166,0.6025224980944092
AAPL,sentiment_only,xgboost,2,0.0025,2024,"{""n_estimators"": ""220"", ""learning_rate"": 0.16229345597928943, ""max_depth"": ""7"", ""subsample"": 0.6073634597739768, ""colsample_bytree"": 0.626287209869377}",0.4838709677419355,0.5057144723092999,123,0.4065040650406504,-2.945201822237703,-0.7381660056134813,-0.48524554744744164,-3.9067641459241895,0.4959349593495935,0.5165013227513228,122,0.45901639344262296,0.5514027288307641,0.226221027355614,-0.15621251802106131,1.2280933445071938,1.4481619669245316
AAPL,sentiment_only,xgboost,2,0.0025,31415,"{""n_estimators"": ""290"", ""learning_rate"": 0.10736805514809211, ""max_depth"": ""12"", ""subsample"": 0.5032006352233336, ""colsample_bytree"": 0.8867461384487194}",0.4798387096774194,0.5041470741901777,123,0.4065040650406504,-2.9627577353985783,-0.7400642375610296,-0.48707043457867466,-3.931031158161294,0.508130081300813,0.5127976190476191,122,0.47540983606557374,0.6707022799818227,0.29543757657425007,-0.15961661294499443,1.4437065870321486,1.8509199708182065
AAPL,sentiment_only,xgboost,5,0.005,42,"{""n_estimators"": ""266"", ""learning_rate"": 0.08525334264560475, ""max_depth"": ""4"", ""subsample"": 0.5, ""colsample_bytree"": 0.7727630158864363}",0.5469387755102041,0.5616666666666666,48,0.5208333333333334,0.22156374378284271,0.13721128884718037,-0.11118877713760755,0.4596695415563349,0.4715447154471545,0.46976113279957654,49,0.4489795918367347,-0.9038084291277468,-0.7452744715246561,-0.30906932178325264,-1.2313558121459371,-2.411350525586328
AAPL,sentiment_only,xgboost,5,0.005,7,"{""n_estimators"": ""473"", ""learning_rate"": 0.015863414656327412, ""max_depth"": ""10"", ""subsample"": 0.5, ""colsample_bytree"": 0.8262670829300145}",0.5346938775510204,0.556700680272109,48,0.4791666666666667,-0.13405641766454107,-0.2230659726593731,-0.14842482211349725,-0.28303834374057385,0.4796747967479675,0.47214318798385496,49,0.4489795918367347,-1.0189899646469192,-0.78069227187795,-0.3465104076057885,-1.3944953418596375,-2.2530124773802274
AAPL,sentiment_only,xgboost,5,0.005,1337,"{""n_estimators"": ""146"", ""learning_rate"": 0.01, ""max_depth"": ""10"", ""subsample"": 0.5, ""colsample_bytree"": 0.8851211159925786}",0.5469387755102041,0.5645578231292517,48,0.4791666666666667,-0.07032070225796723,-0.16805567196412574,-0.15657094759270596,-0.14885223580362875,0.5,0.46089459405809563,49,0.4897959183673469,-0.21815305962154935,-0.37076458435532844,-0.2768290230568635,-0.29247260209971165,-1.3393269978024291
AAPL,sentiment_only,xgboost,5,0.005,2024,"{""n_estimators"": ""500"", ""learning_rate"": 0.25538154525359563, ""max_depth"": ""9"", ""subsample"": 0.5, ""colsample_bytree"": 0.6721184777681773}",0.5510204081632653,0.5749319727891158,48,0.5416666666666666,0.3847490210278871,0.35332216649208914,-0.08829023984990778,0.8166149878512785,0.45934959349593496,0.48696486468603184,49,0.40816326530612246,-1.3266821077450166,-0.8523204439583549,-0.38364558315116076,-1.8035566647523893,-2.221634970895862
AAPL,sentiment_only,xgboost,5,0.005,31415,"{""n_estimators"": ""50"", ""learning_rate"": 0.018009049777136372, ""max_depth"": ""11"", ""subsample"": 0.5, ""colsample_bytree"": 0.5}",0.5387755102040817,0.5728571428571427,48,0.4791666666666667,-0.03339949198263776,-0.13445285279979236,-0.1562214226772731,-0.06980790290380341,0.4878048780487805,0.4685370211076557,49,0.46938775510204084,-0.6661794224875046,-0.652281087456897,-0.2835264119590771,-0.8857499031841151,-2.3006007904161123
AAPL,sentiment_only,xgboost,10,0.01,42,"{""n_estimators"": ""50"", ""learning_rate"": 0.011108375011853838, ""max_depth"": ""5"", ""subsample"": 0.5084459838841785, ""colsample_bytree"": 0.822244477950231}",0.5125,0.5127227423739051,23,0.43478260869565216,-1.2123140493434685,-0.9514051228161008,-0.29939011736729204,-1.9278753668001591,0.5040650406504065,0.4803344791115812,24,0.4583333333333333,-0.46931251775509425,-0.7469747541728189,-0.29758823881170415,-0.5790124266141465,-2.510095013013802
AAPL,sentiment_only,xgboost,10,0.01,7,"{""n_estimators"": ""435"", ""learning_rate"": 0.1916446424899121, ""max_depth"": ""10"", ""subsample"": 0.6658379718097237, ""colsample_bytree"": 0.775449244233342}",0.4666666666666667,0.515893989731199,23,0.34782608695652173,-1.6216949972783306,-0.979347098253892,-0.38648765644838756,-2.7089551177977804,0.4349593495934959,0.46099947117927015,24,0.375,-1.5001758490340529,-0.9744084908985099,-0.28969853743843493,-2.2254101519833687,-3.3635257516810406
AAPL,sentiment_only,xgboost,10,0.01,1337,"{""n_estimators"": ""165"", ""learning_rate"": 0.26593984152667316, ""max_depth"": ""9"", ""subsample"": 0.5964942799413693, ""colsample_bytree"": 0.550806819430488}",0.4625,0.536884627000906,23,0.34782608695652173,-1.6216949972783306,-0.979347098253892,-0.38648765644838756,-2.7089551177977804,0.44308943089430897,0.45726467477525123,24,0.375,-1.5001758490340529,-0.9744084908985099,-0.28969853743843493,-2.2254101519833687,-3.3635257516810406
AAPL,sentiment_only,xgboost,10,0.01,2024,"{""n_estimators"": ""360"", ""learning_rate"": 0.2324204720070518, ""max_depth"": ""11"", ""subsample"": 0.7349743524243849, ""colsample_bytree"": 0.6948443990195612}",0.4666666666666667,0.5148369072787676,23,0.34782608695652173,-1.6216949972783306,-0.979347098253892,-0.38648765644838756,-2.7089551177977804,0.4349593495934959,0.45105103120042306,24,0.375,-1.5001758490340529,-0.9744084908985099,-0.28969853743843493,-2.2254101519833687,-3.3635257516810406
AAPL,sentiment_only,xgboost,10,0.01,31415,"{""n_estimators"": ""378"", ""learning_rate"": 0.2857787615364412, ""max_depth"": ""10"", ""subsample"": 0.8142048194406335, ""colsample_bytree"": 0.843502312548725}",0.4666666666666667,0.5146103896103896,23,0.34782608695652173,-1.6216949972783306,-0.979347098253892,-0.38648765644838756,-2.7089551177977804,0.43089430894308944,0.4629494976203067,24,0.375,-1.5001758490340529,-0.9744084908985099,-0.28969853743843493,-2.2254101519833687,-3.3635257516810406
AAPL,technical_only,xgboost,2,0.0025,42,"{""n_estimators"": ""495"", ""learning_rate"": 0.09592949044748765, ""max_depth"": ""3"", ""subsample"": 0.9989614199642582, ""colsample_bytree"": 0.6632157690564308}",0.5725806451612904,0.5902886624869383,123,0.5853658536585366,3.1144454262331767,2.580185316906178,-0.07075868508851497,6.8531657573941525,0.491869918699187,0.49546957671957675,122,0.5327868852459017,1.916765891796204,1.2687495164774627,-0.11194342578856235,3.329464582430585,11.333845713046735
AAPL,technical_only,xgboost,2,0.0025,7,"{""n_estimators"": ""361"", ""learning_rate"": 0.19739460228369834, ""max_depth"": ""11"", ""subsample"": 0.5, ""colsample_bytree"": 0.5820339912391188}",0.5846774193548387,0.6073994252873564,123,0.5934959349593496,3.1623215147484283,2.647261412582425,-0.06604426002071068,6.913226470447377,0.4878048780487805,0.48330026455026454,122,0.5163934426229508,1.6134195909338052,0.9847208819293904,-0.1395941505811999,2.8593320881941477,7.054170091150006
AAPL,technical_only,xgboost,2,0.0025,1337,"{""n_estimators"": ""334"", ""learning_rate"": 0.15513338913566024, ""max_depth"": ""9"", ""subsample"": 0.9240193704466497, ""colsample_bytree"": 0.879967502464861}",0.5806451612903226,0.602305381400209,123,0.5853658536585366,3.06361994570798,2.510054490734442,-0.06604426002071068,6.781411623264775,0.483739837398374,0.4798611111111111,122,0.5327868852459017,1.8526274880766662,1.2058741399850503,-0.13386824850804027,3.2312209093486164,9.007917511616835
AAPL,technical_only,xgboost,2,0.0025,2024,"{""n_estimators"": ""391"", ""learning_rate"": 0.12337276406462631, ""max_depth"": ""8"", ""subsample"": 0.9465236857720426, ""colsample_bytree"": 0.9936508056002218}",0.5806451612903226,0.6011298328108673,123,0.5853658536585366,3.06361994570798,2.510054490734442,-0.06604426002071068,6.781411623264775,0.4796747967479675,0.46802248677248676,122,0.5327868852459017,1.8268299191602209,1.1810207618168351,-0.1395941505811999,3.1960468878624737,8.460388611554697
AAPL,technical_only,xgboost,2,0.0025,31415,"{""n_estimators"": ""242"", ""learning_rate"": 0.26714839903494714, ""max_depth"": ""7"", ""subsample"": 0.5, ""colsample_bytree"": 0.5}",0.5766129032258065,0.6033503134796239,123,0.5853658536585366,2.5992017900955187,1.9186405372406754,-0.12126588504942859,4.7278638721718265,0.4878048780487805,0.48819444444444443,122,0.5327868852459017,1.930050614679657,1.2819709833859423,-0.1395941505811999,3.3558958183584493,9.183558036267705
AAPL,technical_only,xgboost,5,0.005,42,"{""n_estimators"": ""75"", ""learning_rate"": 0.11654126622287461, ""max_depth"": ""11"", ""subsample"": 0.5003893829205072, ""colsample_bytree"": 0.9961057796456089}",0.5795918367346938,0.5596258503401361,48,0.625,1.7571394133510914,4.482452038583506,-0.11479474278828614,2.5652069994458913,0.556910569105691,0.5662012836630715,49,0.5510204081632653,0.936441451556027,1.88433313715718,-0.20946555078769388,1.6518486121399225,8.995909494764925
AAPL,technical_only,xgboost,5,0.005,7,"{""n_estimators"": ""196"", ""learning_rate"": 0.03577142690769786, ""max_depth"": ""11"", ""subsample"": 0.635968949910247, ""colsample_bytree"": 0.9252222614951617}",0.5836734693877551,0.5658843537414966,48,0.6458333333333334,2.0167661127576344,6.008507316057029,-0.11479474278828623,2.8317562165336523,0.5487804878048781,0.547806524184477,49,0.5306122448979592,0.7749540339737074,1.3423973600983943,-0.20946555078769388,1.4016922402685024,6.4086784440225015
AAPL,technical_only,xgboost,5,0.005,1337,"{""n_estimators"": ""168"", ""learning_rate"": 0.29999999999999993, ""max_depth"": ""3"", ""subsample"": 0.5, ""colsample_bytree"": 0.6615763833066858}",0.6,0.5741836734693878,48,0.6458333333333334,2.0167661127576344,6.008507316057029,-0.11479474278828623,2.8317562165336523,0.5609756097560976,0.5584596043141666,49,0.5714285714285714,1.0657935194488082,2.4023445415050855,-0.20946555078769388,1.8380275662093015,11.468924281205592
AAPL,technical_only,xgboost,5,0.005,2024,"{""n_estimators"": ""110"", ""learning_rate"": 0.22599395559286795, ""max_depth"": ""4"", ""subsample"": 0.9996070588542845, ""colsample_bytree"": 0.7013096869238824}",0.5673469387755102,0.558469387755102,48,0.6041666666666666,1.4634071613064032,3.11647576215727,-0.11479474278828614,2.2133642879898336,0.556910569105691,0.5479388605836035,49,0.5510204081632653,0.8941224095424398,1.7317426473909578,-0.20946555078769388,1.5840860709275104,8.267434147900456
AAPL,technical_only,xgboost,5,0.005,31415,"{""n_estimators"": ""105"", ""learning_rate"": 0.2994969794628956, ""max_depth"": ""3"", ""subsample"": 0.5107372854637071, ""colsample_bytree"": 0.9976965339826218}",0.5795918367346938,0.558469387755102,48,0.625,1.49133725140144,3.2314129005669647,-0.12615384584003508,2.195014545137637,0.5528455284552846,0.5470125057897175,49,0.5102040816326531,0.72810166220733,1.2043732892730645,-0.20946555078769388,1.3259568749197428,5.749743978157871
AAPL,technical_only,xgboost,10,0.01,42,"{""n_estimators"": ""462"", ""learning_rate"": 0.29999999999999993, ""max_depth"": ""12"", ""subsample"": 0.846490242105735, ""colsample_bytree"": 0.9654351180761354}",0.6208333333333333,0.5408864391422531,23,0.7391304347826086,0.8135246204225149,4.059389615209768,-0.14218081733087767,1.328089563512716,0.4959349593495935,0.520723162347964,24,0.6666666666666666,-0.10069887323560879,-0.4007945740612273,-0.26446308647524003,-0.10681173156373938,-1.515502898355348
AAPL,technical_only,xgboost,10,0.01,7,"{""n_estimators"": ""52"", ""learning_rate"": 0.06406358954690693, ""max_depth"": ""4"", ""subsample"": 0.9149439629646344, ""colsample_bytree"": 0.9931987634518955}",0.6208333333333333,0.5393008154636062,23,0.8260869565217391,2.3509501942379143,103.67648115317637,-0.08868783594750276,3.156068446202857,0.508130081300813,0.5705645161290324,24,0.6666666666666666,-0.10069887323560879,-0.4007945740612273,-0.26446308647524003,-0.10681173156373938,-1.515502898355348
AAPL,technical_only,xgboost,10,0.01,1337,"{""n_estimators"": ""493"", ""learning_rate"": 0.11982820069268509, ""max_depth"": ""9"", ""subsample"": 1.0, ""colsample_bytree"": 1.0}",0.6208333333333333,0.5387722742373905,23,0.7391304347826086,0.8135246204225149,4.059389615209768,-0.14218081733087767,1.328089563512716,0.4959349593495935,0.5165586991010047,24,0.6666666666666666,-0.10069887323560879,-0.4007945740612273,-0.26446308647524003,-0.10681173156373938,-1.515502898355348
AAPL,technical_only,xgboost,10,0.01,2024,"{""n_estimators"": ""478"", ""learning_rate"": 0.07644455614110127, ""max_depth"": ""12"", ""subsample"": 1.0, ""colsample_bytree"": 0.838047949845239}",0.6208333333333333,0.5387722742373905,23,0.7391304347826086,0.8135246204225149,4.059389615209768,-0.14218081733087767,1.328089563512716,0.5,0.518211263881544,24,0.6666666666666666,-0.10069887323560879,-0.4007945740612273,-0.26446308647524003,-0.10681173156373938,-1.515502898355348
AAPL,technical_only,xgboost,10,0.01,31415,"{""n_estimators"": ""382"", ""learning_rate"": 0.24963520279509835, ""max_depth"": ""6"", ""subsample"": 0.8708118438734471, ""colsample_bytree"": 0.7501705954790827}",0.6208333333333333,0.5387722742373905,23,0.7391304347826086,0.8135246204225149,4.059389615209768,-0.14218081733087767,1.328089563512716,0.4959349593495935,0.520723162347964,24,0.6666666666666666,-0.10069887323560879,-0.4007945740612273,-0.26446308647524003,-0.10681173156373938,-1.515502898355348
AAPL,learned_alpha_per_stock,xgboost,2,0.0025,42,"{""n_estimators"": ""440"", ""learning_rate"": 0.019515725087280764, ""max_depth"": ""7"", ""subsample"": 0.9130679517627214, ""colsample_bytree"": 0.785149649986293}",0.5725806451612904,0.609717868338558,123,0.5284552845528455,1.7829123354607475,1.081899070501927,-0.0998743953683874,3.912997235002749,0.4796747967479675,0.4738425925925926,122,0.45081967213114754,0.0941362764602437,-0.008095094833482919,-0.16567782992281196,0.17151767059997883,-0.04886045910460296
AAPL,learned_alpha_per_stock,xgboost,2,0.0025,7,"{""n_estimators"": ""415"", ""learning_rate"": 0.046638316353530385, ""max_depth"": ""5"", ""subsample"": 0.7820163915648748, ""colsample_bytree"": 0.9938402235641521}",0.5887096774193549,0.6116771159874608,123,0.5528455284552846,2.214341382714234,1.494297881250859,-0.08380090068995891,4.935888955655361,0.483739837398374,0.47228835978835976,122,0.47540983606557374,0.6630003608328471,0.2906417493155409,-0.16193618937945556,1.2784284274691244,1.7947918277519619
AAPL,learned_alpha_per_stock,xgboost,2,0.0025,1337,"{""n_estimators"": ""500"", ""learning_rate"": 0.018881764052464105, ""max_depth"": ""7"", ""subsample"": 0.9050820892463105, ""colsample_bytree"": 0.5324214534116052}",0.5725806451612904,0.614158829676071,123,0.5284552845528455,1.675045828694963,0.9886159035497974,-0.08401268723294583,3.665710518251001,0.483739837398374,0.4714616402116402,122,0.47540983606557374,0.8193141983781658,0.3867488646798083,-0.12096522044674143,1.6502677322821753,3.19719059124177
AAPL,learned_alpha_per_stock,xgboost,2,0.0025,2024,"{""n_estimators"": ""327"", ""learning_rate"": 0.03117503035421304, ""max_depth"": ""6"", ""subsample"": 0.9000389191025057, ""colsample_bytree"": 0.5150180177649412}",0.5806451612903226,0.6077586206896551,123,0.5365853658536586,1.9081645812074532,1.195012044495881,-0.0768874920623178,4.162633949188701,0.508130081300813,0.47519841269841273,122,0.4918032786885246,1.1824534404308018,0.6361661318519212,-0.12169076319320712,2.4559314970422954,5.227727357103406
AAPL,learned_alpha_per_stock,xgboost,2,0.0025,31415,"{""n_estimators"": ""477"", ""learning_rate"": 0.061970036836244295, ""max_depth"": ""4"", ""subsample"": 0.9167473351910479, ""colsample_bytree"": 0.8449842374325771}",0.5685483870967742,0.6118077324973877,123,0.5365853658536586,1.8258270572907191,1.120067981434398,-0.09908380689083038,4.0067137393013725,0.5,0.4694775132275132,122,0.4918032786885246,1.0975556757718763,0.5742332929253713,-0.14499463264262039,2.0888573674006343,3.960376204688411
AAPL,learned_alpha_per_stock,xgboost,5,0.005,42,"{""n_estimators"": ""50"", ""learning_rate"": 0.01, ""max_depth"": ""12"", ""subsample"": 1.0, ""colsample_bytree"": 0.770241984447357}",0.5918367346938775,0.6415646258503401,48,0.5,-0.12443316762697364,-0.21565729560507896,-0.18699704043892196,-0.21455900811041562,0.524390243902439,0.5667637133593595,49,0.4489795918367347,-0.20806205632755026,-0.3616919978330274,-0.23090955768776053,-0.29509220988023466,-1.5663795013721906
AAPL,learned_alpha_per_stock,xgboost,5,0.005,7,"{""n_estimators"": ""50"", ""learning_rate"": 0.011030866335071887, ""max_depth"": ""12"", ""subsample"": 1.0, ""colsample_bytree"": 0.9979360817420089}",0.563265306122449,0.6376530612244897,48,0.5,0.265097282539029,0.19071091570364218,-0.18699704043892207,0.4732847074070908,0.5365853658536586,0.5824124925560776,49,0.42857142857142855,-0.3922327065542335,-0.49997640383900044,-0.24386873545100762,-0.569978690613586,-2.050186560053919
AAPL,learned_alpha_per_stock,xgboost,5,0.005,1337,"{""n_estimators"": ""50"", ""learning_rate"": 0.01, ""max_depth"": ""12"", ""subsample"": 0.9924388172523275, ""colsample_bytree"": 0.660879308973229}",0.563265306122449,0.6347959183673468,48,0.5,0.265097282539029,0.19071091570364218,-0.18699704043892207,0.4732847074070908,0.5284552845528455,0.5557136240322901,49,0.40816326530612246,-0.5989493390091268,-0.6195181192591013,-0.2438687354510075,-0.8845453768334987,-2.5403753298403458
AAPL,learned_alpha_per_stock,xgboost,5,0.005,2024,"{""n_estimators"": ""50"", ""learning_rate"": 0.01, ""max_depth"": ""11"", ""subsample"": 1.0, ""colsample_bytree"": 0.5}",0.5877551020408164,0.6305442176870748,48,0.4791666666666667,-0.17936949912981592,-0.26052899407309493,-0.16335607685065268,-0.3117017357664443,0.532520325203252,0.5565407265268313,49,0.4489795918367347,-0.27710000178112965,-0.41756554880966956,-0.2309095576877605,-0.39472879994941396,-1.8083510833895762
AAPL,learned_alpha_per_stock,xgboost,5,0.005,31415,"{""n_estimators"": ""50"", ""learning_rate"": 0.01, ""max_depth"": ""12"", ""subsample"": 0.9986364725343089, ""colsample_bytree"": 1.0}",0.5591836734693878,0.6359863945578231,48,0.4583333333333333,-0.11172915861235606,-0.20460997610991916,-0.18941957901937376,-0.20730764242246943,0.5203252032520326,0.5771852047905777,49,0.3673469387755102,-0.8434725480539217,-0.7239988043487022,-0.3017375973324299,-1.2707859345537795,-2.3994318598323674
AAPL,learned_alpha_per_stock,xgboost,10,0.01,42,"{""n_estimators"": ""295"", ""learning_rate"": 0.042626288998207015, ""max_depth"": ""3"", ""subsample"": 1.0, ""colsample_bytree"": 0.5335943816771384}",0.5541666666666667,0.5772047719722139,23,0.4782608695652174,-0.41272015460265743,-0.7042626583366578,-0.18765730244914738,-0.655138279817913,0.516260162601626,0.5441895822316235,24,0.5,-0.2760278500640537,-0.602260762817617,-0.26666936157249,-0.3295337238210979,-2.258455036852449
AAPL,learned_alpha_per_stock,xgboost,10,0.01,7,"{""n_estimators"": ""410"", ""learning_rate"": 0.01025952898879321, ""max_depth"": ""3"", ""subsample"": 0.912218273163315, ""colsample_bytree"": 0.502054866592582}",0.5541666666666667,0.561650558743582,23,0.4782608695652174,-0.41272015460265743,-0.7042626583366578,-0.18765730244914738,-0.655138279817913,0.508130081300813,0.5296800634584876,24,0.4583333333333333,-0.628548339581452,-0.8251899427064814,-0.3218952594749501,-0.7768305550515636,-2.563535555175511
AAPL,learned_alpha_per_stock,xgboost,10,0.01,1337,"{""n_estimators"": ""477"", ""learning_rate"": 0.016692250961637907, ""max_depth"": ""3"", ""subsample"": 1.0, ""colsample_bytree"": 0.9763569261231625}",0.5541666666666667,0.5590078526125039,23,0.4782608695652174,-0.41272015460265743,-0.7042626583366578,-0.18765730244914738,-0.655138279817913,0.508130081300813,0.5315309360126916,24,0.4166666666666667,-1.0737878473538243,-0.93628228434654,-0.35510471649666375,-1.3534590489558982,-2.6366371406822373
AAPL,learned_alpha_per_stock,xgboost,10,0.01,2024,"{""n_estimators"": ""500"", ""learning_rate"": 0.018619752066428928, ""max_depth"": ""3"", ""subsample"": 0.9869571189873804, ""colsample_bytree"": 0.7349926915805726}",0.5625,0.5688991241316822,23,0.4782608695652174,-0.41272015460265743,-0.7042626583366578,-0.18765730244914738,-0.655138279817913,0.508130081300813,0.5360259122157588,24,0.4166666666666667,-1.0737878473538243,-0.93628228434654,-0.35510471649666375,-1.3534590489558982,-2.6366371406822373
AAPL,learned_alpha_per_stock,xgboost,10,0.01,31415,"{""n_estimators"": ""332"", ""learning_rate"": 0.036778348939456466, ""max_depth"": ""3"", ""subsample"": 1.0, ""colsample_bytree"": 0.5}",0.5583333333333333,0.5767139836907278,23,0.5217391304347826,-0.2393806835532181,-0.5568210866820307,-0.1571060810521374,-0.3718639466671468,0.5040650406504065,0.5456438392384981,24,0.5,-0.2760278500640537,-0.602260762817617,-0.26666936157249,-0.3295337238210979,-2.258455036852449
AAPL,learned_alpha_global,xgboost,2,0.0025,42,"{""n_estimators"": ""390"", ""learning_rate"": 0.042462619176491884, ""max_depth"": ""5"", ""subsample"": 0.7838501639099957, ""colsample_bytree"": 0.5156566462277793}",0.5201612903225806,0.5627938871473354,123,0.4634146341463415,0.6026883910887252,0.24621278440268535,-0.1656513522063775,1.096304096172765,0.4634146341463415,0.4827380952380952,122,0.47540983606557374,0.1957646259144754,0.03983068797732292,-0.1913691638507933,0.3508074109820845,0.20813535041820064
AAPL,learned_alpha_global,xgboost,2,0.0025,7,"{""n_estimators"": ""178"", ""learning_rate"": 0.05989889967976428, ""max_depth"": ""7"", ""subsample"": 0.5996172974147983, ""colsample_bytree"": 0.5688737159744301}",0.5403225806451613,0.5571773772204806,123,0.4634146341463415,0.513947328191452,0.19811621061471385,-0.16168629637118803,0.9411257286241905,0.47560975609756095,0.4936838624338624,122,0.45901639344262296,-0.7307041354232449,-0.32490964522131693,-0.2859787141771024,-1.0466547587853483,-1.136132268292196
AAPL,learned_alpha_global,xgboost,2,0.0025,1337,"{""n_estimators"": ""316"", ""learning_rate"": 0.03125181630302876, ""max_depth"": ""5"", ""subsample"": 0.6537264142754459, ""colsample_bytree"": 0.9011846497143623}",0.5524193548387096,0.5624020376175548,123,0.4715447154471545,0.650060190420195,0.27262613972441696,-0.1656513522063775,1.1731260715315361,0.4634146341463415,0.4932539682539683,122,0.45081967213114754,-0.7703793402167278,-0.3372400467258567,-0.30592810915913066,-1.1185401072767724,-1.1023506393472295
AAPL,learned_alpha_global,xgboost,2,0.0025,2024,"{""n_estimators"": ""500"", ""learning_rate"": 0.0745935707605343, ""max_depth"": ""3"", ""subsample"": 0.9042604175115299, ""colsample_bytree"": 0.5056013627355476}",0.5241935483870968,0.5649490595611285,123,0.4634146341463415,0.5179004213543852,0.20022159126646488,-0.1656513522063775,0.9466694568617768,0.47560975609756095,0.4843253968253968,122,0.48360655737704916,0.23301253152176482,0.057960656367537666,-0.14340044446726916,0.416817939711916,0.404187424821874
AAPL,learned_alpha_global,xgboost,2,0.0025,31415,"{""n_estimators"": ""248"", ""learning_rate"": 0.09126905774211984, ""max_depth"": ""5"", ""subsample"": 0.5518171388726665, ""colsample_bytree"": 0.5131974212693694}",0.5241935483870968,0.5620754963427377,123,0.4878048780487805,0.6942097773654503,0.2977153075652996,-0.1656513522063775,1.2431803944061512,0.47560975609756095,0.47850529100529104,122,0.4672131147540984,-0.3873464855072987,-0.20786611138226108,-0.263086224197503,-0.553678085510576,-0.7901064071914792
AAPL,learned_alpha_global,xgboost,5,0.005,42,"{""n_estimators"": ""79"", ""learning_rate"": 0.01, ""max_depth"": ""3"", ""subsample"": 1.0, ""colsample_bytree"": 1.0}",0.4530612244897959,0.5263605442176871,48,0.3125,-1.3156310221695873,-0.7776157411457262,-0.3258493715805409,-2.833935902629302,0.524390243902439,0.5173029841858003,49,0.3469387755102041,-1.5383865039755782,-0.8869554903086888,-0.3757785277346123,-2.078566861852549,-2.3603144534513882
AAPL,learned_alpha_global,xgboost,5,0.005,7,"{""n_estimators"": ""50"", ""learning_rate"": 0.029167592489630842, ""max_depth"": ""3"", ""subsample"": 0.5, ""colsample_bytree"": 1.0}",0.4897959183673469,0.5206462585034013,48,0.3958333333333333,-0.17894104373936545,-0.25932480389893886,-0.22573105722244335,-0.4028590603052316,0.5121951219512195,0.5172037318864553,49,0.3469387755102041,-1.3156505882665392,-0.8501167259574982,-0.3405849318297591,-1.8676078544537353,-2.4960491393154993
AAPL,learned_alpha_global,xgboost,5,0.005,1337,"{""n_estimators"": ""56"", ""learning_rate"": 0.04932064807541082, ""max_depth"": ""3"", ""subsample"": 1.0, ""colsample_bytree"": 0.5}",0.5020408163265306,0.5348979591836733,48,0.3541666666666667,-0.8938031809597164,-0.6546230594968574,-0.31189666846360276,-1.9165414145849464,0.508130081300813,0.5381459670482366,49,0.32653061224489793,-1.788296274566239,-0.9169709956142621,-0.41213266607577415,-2.4831746658117098,-2.224941314032286
AAPL,learned_alpha_global,xgboost,5,0.005,2024,"{""n_estimators"": ""50"", ""learning_rate"": 0.01, ""max_depth"": ""3"", ""subsample"": 1.0, ""colsample_bytree"": 0.8032604639065932}",0.46122448979591835,0.5317687074829931,48,0.3541666666666667,-0.8090768193811196,-0.6222412667845756,-0.2662245578526513,-1.825309348681474,0.5203252032520326,0.5386091444451797,49,0.3469387755102041,-1.5383865039755782,-0.8869554903086888,-0.3757785277346123,-2.078566861852549,-2.3603144534513882
AAPL,learned_alpha_global,xgboost,5,0.005,31415,"{""n_estimators"": ""165"", ""learning_rate"": 0.0161818133990686, ""max_depth"": ""3"", ""subsample"": 1.0, ""colsample_bytree"": 0.5625295691030953}",0.49795918367346936,0.5414625850340136,48,0.3541666666666667,-0.8938031809597164,-0.6546230594968574,-0.31189666846360276,-1.9165414145849464,0.508130081300813,0.5379805465493285,49,0.32653061224489793,-1.788296274566239,-0.9169709956142621,-0.41213266607577415,-2.4831746658117098,-2.224941314032286
AAPL,learned_alpha_global,xgboost,10,0.01,42,"{""n_estimators"": ""74"", ""learning_rate"": 0.017753318292007145, ""max_depth"": ""3"", ""subsample"": 1.0, ""colsample_bytree"": 0.7398800667863351}",0.5666666666666667,0.5498716399879191,23,0.5217391304347826,-0.19905790229876896,-0.5124115465821933,-0.20311824115329888,-0.32482363035084905,0.5121951219512195,0.5234994711792702,24,0.5,-0.832698062787433,-0.8905799978272254,-0.2598596774688759,-1.0122952391682876,-3.4271573277616056
AAPL,learned_alpha_global,xgboost,10,0.01,7,"{""n_estimators"": ""109"", ""learning_rate"": 0.05578936667365831, ""max_depth"": ""3"", ""subsample"": 0.9995371147736651, ""colsample_bytree"": 0.6481647137415016}",0.5416666666666666,0.5593853820598007,23,0.5217391304347826,-0.2325898294823801,-0.5492292155599356,-0.20311824115329888,-0.3823226948520297,0.524390243902439,0.5336462189317821,24,0.4166666666666667,-0.7211614627594968,-0.8587454389436188,-0.30089657647575807,-0.9048602634246958,-2.8539554986023714
AAPL,learned_alpha_global,xgboost,10,0.01,1337,"{""n_estimators"": ""314"", ""learning_rate"": 0.041916273470830344, ""max_depth"": ""3"", ""subsample"": 1.0, ""colsample_bytree"": 0.5}",0.55,0.5559498640893991,23,0.43478260869565216,-0.429672184878469,-0.715378235411133,-0.20311824115329888,-0.7058709695289378,0.5121951219512195,0.5318945002644104,24,0.4166666666666667,-0.8579495170158808,-0.896592178533599,-0.3213567787213469,-1.0904832832211482,-2.7900210541724624
AAPL,learned_alpha_global,xgboost,10,0.01,2024,"{""n_estimators"": ""391"", ""learning_rate"": 0.02201617473475754, ""max_depth"": ""3"", ""subsample"": 0.5, ""colsample_bytree"": 0.9281557101735769}",0.55,0.5568181818181819,23,0.5217391304347826,-0.17100970635282653,-0.4793271714644711,-0.19477524845299002,-0.27433153211845634,0.5284552845528455,0.5156332628239026,24,0.5,-0.061733091560164814,-0.3407989295174684,-0.27858809205455626,-0.0754079817603893,-1.2233075972634513
AAPL,learned_alpha_global,xgboost,10,0.01,31415,"{""n_estimators"": ""482"", ""learning_rate"": 0.01, ""max_depth"": ""3"", ""subsample"": 1.0, ""colsample_bytree"": 0.6218841982301114}",0.525,0.549267592872244,23,0.4782608695652174,-0.41736312145115634,-0.707120038656148,-0.20311824115329888,-0.7012106883148075,0.5284552845528455,0.5281927551560021,24,0.5,-0.4666919805162097,-0.7455068103658861,-0.2605798121196548,-0.5608359713521223,-2.8609538256308173
META,full_70_30,xgboost,2,0.0,42,"{""n_estimators"": ""282"", ""learning_rate"": 0.016567032336056053, ""max_depth"": ""3"", ""subsample"": 0.6976545259611242, ""colsample_bytree"": 0.5388376511477535}",0.5362903225806451,0.5236933089282083,123,0.5040650406504065,-0.0710598282088512,-0.20726537887066665,-0.34046755551900715,-0.07750474257740501,0.532520325203252,0.4963188112124282,122,0.5245901639344263,0.963207670568966,0.7518982609678422,-0.3634335942284875,1.6686847383246375,2.0688738545593295
META,full_70_30,xgboost,2,0.0,7,"{""n_estimators"": ""77"", ""learning_rate"": 0.01, ""max_depth"": ""5"", ""subsample"": 0.9338702762906499, ""colsample_bytree"": 0.5392586804395133}",0.5645161290322581,0.5503016744627482,123,0.5365853658536586,0.36914775978872405,0.1368059661398553,-0.3009182987717954,0.38465003655801705,0.5365853658536586,0.4993583248902398,122,0.5491803278688525,1.407490859000271,1.3857942589942192,-0.32231438168560544,2.3984133145519055,4.299511091459649
META,full_70_30,xgboost,2,0.0,1337,"{""n_estimators"": ""472"", ""learning_rate"": 0.2961201944366354, ""max_depth"": ""7"", ""subsample"": 0.5009412612019454, ""colsample_bytree"": 0.9249241403593751}",0.5282258064516129,0.5041692088671954,123,0.5121951219512195,-0.41739561941853204,-0.40425505065590095,-0.4129077968234197,-0.4284091671179128,0.5,0.46764606551840593,122,0.4672131147540984,-0.9436569528017774,-0.5496820928161408,-0.4325968163584752,-1.2184994668177997,-1.2706568149143331
META,full_70_30,xgboost,2,0.0,2024,"{""n_estimators"": ""50"", ""learning_rate"": 0.03193619545137246, ""max_depth"": ""5"", ""subsample"": 0.9303884788899353, ""colsample_bytree"": 0.707284252081924}",0.5604838709677419,0.5308114704087858,123,0.5447154471544715,0.43048913329463306,0.19543168192772287,-0.33840934067410455,0.4497268891657064,0.5040650406504065,0.48669368456602496,122,0.5081967213114754,1.1463869251697472,0.9910693402869553,-0.32231438168560544,2.0216586194929778,3.074852990127112
META,full_70_30,xgboost,2,0.0,31415,"{""n_estimators"": ""104"", ""learning_rate"": 0.10488671137492295, ""max_depth"": ""3"", ""subsample"": 0.9986169630391988, ""colsample_bytree"": 0.9166068693454948}",0.532258064516129,0.5242695410480646,123,0.5284552845528455,0.1190879288518493,-0.07359685696490503,-0.29974499956903045,0.12633196684881606,0.4878048780487805,0.46690307328605196,122,0.5,0.7194120422038967,0.4761900604881153,-0.3634335942284875,1.2724668695910353,1.3102532843695756
META,full_70_30,xgboost,5,0.0,42,"{""n_estimators"": ""498"", ""learning_rate"": 0.1721155010497887, ""max_depth"": ""3"", ""subsample"": 0.5861819554757899, ""colsample_bytree"": 0.7012908592697082}",0.5591836734693878,0.559470039144836,48,0.5416666666666666,0.005756285223702875,-0.3239228039174422,-0.2913889149646921,0.00689272837563893,0.4715447154471545,0.48776577204600907,49,0.3877551020408163,-0.47941220871935514,-0.7007296463833552,-0.3626847795599799,-0.7635667288569793,-1.9320624571935483
META,full_70_30,xgboost,5,0.0,7,"{""n_estimators"": ""378"", ""learning_rate"": 0.29999999999999993, ""max_depth"": ""5"", ""subsample"": 0.5596981110973843, ""colsample_bytree"": 0.8860316486014299}",0.5346938775510204,0.5608250526949714,48,0.4791666666666667,-0.9630437340711442,-0.9026601634099234,-0.4502965217241837,-1.2327882361819038,0.5121951219512195,0.4984315092366678,49,0.46938775510204084,0.1326130299368121,-0.06962011211604424,-0.3128529618048261,0.2541642431755839,-0.2225330126792179
META,full_70_30,xgboost,5,0.0,1337,"{""n_estimators"": ""500"", ""learning_rate"": 0.29999999999999993, ""max_depth"": ""3"", ""subsample"": 0.5, ""colsample_bytree"": 1.0}",0.5673469387755102,0.5707241794640169,48,0.4791666666666667,-0.8137921875642484,-0.8692246991040029,-0.4205414141908681,-1.0469647875678205,0.524390243902439,0.5084698501219937,49,0.4897959183673469,1.146591364375076,4.82827808290005,-0.20587994874166227,2.124309712335459,23.45191026328923
META,full_70_30,xgboost,5,0.0,2024,"{""n_estimators"": ""449"", ""learning_rate"": 0.29999999999999993, ""max_depth"": ""12"", ""subsample"": 1.0, ""colsample_bytree"": 0.5}",0.5591836734693878,0.5603357422463113,48,0.4791666666666667,-0.5488743588362358,-0.7781506853520006,-0.43588502494944514,-0.7056903148532797,0.491869918699187,0.49271523178807947,49,0.42857142857142855,-0.008343099688590951,-0.2822601796963006,-0.33102663288854567,-0.01632039850196183,-0.8526811792552522
META,full_70_30,xgboost,5,0.0,31415,"{""n_estimators"": ""459"", ""learning_rate"": 0.28978308986215845, ""max_depth"": ""3"", ""subsample"": 0.6391669278511829, ""colsample_bytree"": 0.7462885658322087}",0.5591836734693878,0.5689551339957845,48,0.5,-0.4209348381366895,-0.7136887544353083,-0.35334151738308817,-0.518667244519523,0.516260162601626,0.5059602649006623,49,0.42857142857142855,-0.3337739081895078,-0.6089261248112257,-0.32865186975678445,-0.5233302790684958,-1.8527998190360377
META,full_70_30,xgboost,10,0.0025,42,"{""n_estimators"": ""385"", ""learning_rate"": 0.10873408633331055, ""max_depth"": ""12"", ""subsample"": 0.8921206456819399, ""colsample_bytree"": 0.9216012783721044}",0.5541666666666667,0.568967032967033,23,0.5217391304347826,-1.7821066713833558,-0.9994256152517069,-0.5364502225383401,-2.3367616390782615,0.46747967479674796,0.47160728090519366,24,0.625,0.8904709664732224,12.364721822876088,-0.234513411698141,2.0866664728510553,52.72500934313986
META,full_70_30,xgboost,10,0.0025,7,"{""n_estimators"": ""500"", ""learning_rate"": 0.29999999999999993, ""max_depth"": ""10"", ""subsample"": 0.7362860959399469, ""colsample_bytree"": 1.0}",0.5625,0.5756923076923077,23,0.4782608695652174,-1.945354411643478,-0.999662590567777,-0.49671523401629236,-2.466294817700026,0.491869918699187,0.4842575022840677,24,0.625,0.8904709664732224,12.364721822876088,-0.234513411698141,2.0866664728510553,52.72500934313986
META,full_70_30,xgboost,10,0.0025,1337,"{""n_estimators"": ""481"", ""learning_rate"": 0.20014487569871908, ""max_depth"": ""10"", ""subsample"": 0.8461275715770981, ""colsample_bytree"": 0.8464937173418383}",0.5666666666666667,0.5712087912087911,23,0.5652173913043478,-0.9445469613429571,-0.9886154802318416,-0.42044425703760374,-1.1555404523825774,0.47560975609756095,0.4765970904490829,24,0.5833333333333334,0.6737083763885627,5.22711040677239,-0.23451341169814113,1.6355378959393732,22.289174716798605
META,full_70_30,xgboost,10,0.0025,2024,"{""n_estimators"": ""500"", ""learning_rate"": 0.29999999999999993, ""max_depth"": ""8"", ""subsample"": 0.5, ""colsample_bytree"": 0.5}",0.5458333333333333,0.5893186813186813,23,0.5217391304347826,-1.8650218962766416,-0.9995623972736584,-0.55177384857933,-2.50137190662897,0.45121951219512196,0.4845386183147094,24,0.5,0.010445570357418044,-0.4417379372672122,-0.2979973774512273,0.028038690915705055,-1.482355116831559
META,full_70_30,xgboost,10,0.0025,31415,"{""n_estimators"": ""358"", ""learning_rate"": 0.29999999999999993, ""max_depth"": ""12"", ""subsample"": 0.5, ""colsample_bytree"": 1.0}",0.5375,0.5742417582417582,23,0.5217391304347826,-1.7821066713833558,-0.9994256152517069,-0.5364502225383401,-2.3367616390782615,0.4715447154471545,0.471326164874552,24,0.5416666666666666,0.3607367806830904,1.0152600491980843,-0.2979973774512273,0.9252715759888731,3.4069428995704842
META,equal_50_50,xgboost,2,0.0,42,"{""n_estimators"": ""328"", ""learning_rate"": 0.03672338759552655, ""max_depth"": ""12"", ""subsample"": 0.7333814466239901, ""colsample_bytree"": 0.9299702033681604}",0.532258064516129,0.5608094366483629,123,0.5121951219512195,-0.03929104812708286,-0.17595573675012266,-0.4793071861297582,-0.057419607927852515,0.5365853658536586,0.5567713610266802,122,0.5163934426229508,1.7535317500274379,2.029005025851414,-0.1847815668279262,4.13308110195573,10.980559699122374
META,equal_50_50,xgboost,2,0.0,7,"{""n_estimators"": ""267"", ""learning_rate"": 0.08063330095069843, ""max_depth"": ""12"", ""subsample"": 0.6743781878273576, ""colsample_bytree"": 0.638257353894107}",0.532258064516129,0.5587756762253406,123,0.5284552845528455,0.18583430861842204,-0.008902871554905656,-0.4486557409295768,0.2673220977268248,0.5528455284552846,0.550354609929078,122,0.5081967213114754,1.632041383384514,1.7884996076886122,-0.21678752548918406,3.8860750086248443,8.250011635368955
META,equal_50_50,xgboost,2,0.0,1337,"{""n_estimators"": ""178"", ""learning_rate"": 0.034675828545721925, ""max_depth"": ""12"", ""subsample"": 1.0, ""colsample_bytree"": 0.5625172178444953}",0.5282258064516129,0.5637922852687953,123,0.5040650406504065,0.06537424179501639,-0.10207767807240387,-0.43810677300346784,0.09520808350464725,0.540650406504065,0.5387369132049982,122,0.5245901639344263,1.9297529864071048,2.4125912612878615,-0.1708592499094131,4.732904913894878,14.120343280021302
META,equal_50_50,xgboost,2,0.0,2024,"{""n_estimators"": ""446"", ""learning_rate"": 0.060378474426204594, ""max_depth"": ""8"", ""subsample"": 0.58381167989729, ""colsample_bytree"": 0.5325963157602271}",0.5282258064516129,0.5644702054098027,123,0.5040650406504065,0.0010422037126752092,-0.14823712650689402,-0.4662670327165989,0.0015193675022207175,0.5487804878048781,0.5650793650793651,122,0.48360655737704916,1.1335229240155056,0.9769065169258975,-0.30547700624522856,2.749877675683686,3.1979707046810053
META,equal_50_50,xgboost,2,0.0,31415,"{""n_estimators"": ""498"", ""learning_rate"": 0.20245766360365974, ""max_depth"": ""12"", ""subsample"": 0.6845366681470098, ""colsample_bytree"": 0.5128231456029615}",0.5604838709677419,0.5616229408175717,123,0.5284552845528455,0.7302614011725681,0.5471106094709608,-0.32223754996263965,1.1168048898811924,0.5650406504065041,0.5648091860857818,122,0.5327868852459017,1.0243289735423131,0.8209435065506172,-0.1987447002095929,1.3727312870897237,4.130643512430086
META,equal_50_50,xgboost,5,0.0,42,"{""n_estimators"": ""324"", ""learning_rate"": 0.17011002697669708, ""max_depth"": ""5"", ""subsample"": 0.6955303037866205, ""colsample_bytree"": 0.5911180438940312}",0.5510204081632653,0.5654546823246009,48,0.5833333333333334,-0.11855188942698534,-0.4763626488370951,-0.40472854857274626,-0.13213884247938004,0.5609756097560976,0.5713140467061695,49,0.46938775510204084,0.2476882220284975,0.1433878449688195,-0.2948987700537579,0.4062302488801938,0.48622734147952174
META,equal_50_50,xgboost,5,0.0,7,"{""n_estimators"": ""500"", ""learning_rate"": 0.02719859874857298, ""max_depth"": ""12"", ""subsample"": 1.0, ""colsample_bytree"": 0.5}",0.5387755102040817,0.5595453176753991,48,0.6041666666666666,0.02664424093830187,-0.2985210436649124,-0.40472854857274626,0.02908498635511287,0.556910569105691,0.559288950853956,49,0.40816326530612246,0.06735539500857422,-0.17933328457783337,-0.3004776861740164,0.11345475178985524,-0.5968272947694879
META,equal_50_50,xgboost,5,0.0,1337,"{""n_estimators"": ""500"", ""learning_rate"": 0.29999999999999993, ""max_depth"": ""3"", ""subsample"": 0.5, ""colsample_bytree"": 0.5186584047197782}",0.5714285714285714,0.5745257452574526,48,0.5833333333333334,0.3694716737385096,0.406196001190511,-0.28675531052011993,0.4373658813759195,0.532520325203252,0.5561519693272917,49,0.40816326530612246,-0.49423657246002267,-0.7086253524164121,-0.37856092760548593,-0.8059888807647979,-1.871892476856196
META,equal_50_50,xgboost,5,0.0,2024,"{""n_estimators"": ""50"", ""learning_rate"": 0.29999999999999993, ""max_depth"": ""12"", ""subsample"": 1.0, ""colsample_bytree"": 0.5}",0.5346938775510204,0.5689174947305029,48,0.6041666666666666,0.02664424093830187,-0.2985210436649124,-0.40472854857274626,0.02908498635511287,0.5691056910569106,0.5538166608574417,49,0.4489795918367347,0.23556564204278913,0.11822072406662021,-0.2979436601012744,0.38785752143271035,0.3967888560757952
META,equal_50_50,xgboost,5,0.0,31415,"{""n_estimators"": ""401"", ""learning_rate"": 0.11638408644940072, ""max_depth"": ""6"", ""subsample"": 1.0, ""colsample_bytree"": 0.5}",0.5142857142857142,0.5665085817524842,48,0.5833333333333334,-0.046122704704080454,-0.3940601099054424,-0.38794416761028233,-0.05115753635438648,0.5528455284552846,0.565841756709655,49,0.40816326530612246,0.06735539500857422,-0.17933328457783337,-0.3004776861740164,0.11345475178985524,-0.5968272947694879
META,equal_50_50,xgboost,10,0.0025,42,"{""n_estimators"": ""500"", ""learning_rate"": 0.29999999999999993, ""max_depth"": ""3"", ""subsample"": 1.0, ""colsample_bytree"": 0.6447548803793058}",0.5291666666666667,0.512,23,0.6086956521739131,2.0503072037708616,885.3398642531197,-0.17092313228184727,5.809729702208121,0.5447154471544715,0.5430458921920023,24,0.5416666666666666,-0.18995400611929983,-0.7465071839273263,-0.23260374215452156,-0.26079710274931794,-3.209351565081065
META,equal_50_50,xgboost,10,0.0025,7,"{""n_estimators"": ""500"", ""learning_rate"": 0.2058825780055346, ""max_depth"": ""11"", ""subsample"": 0.6827274631979696, ""colsample_bytree"": 0.7881730463324641}",0.5041666666666667,0.4985934065934067,23,0.6086956521739131,1.965063004628794,679.1207745568069,-0.14966236332744323,5.20013636493286,0.5691056910569106,0.5296226017288637,24,0.625,0.5483551232158818,2.7952620360018425,-0.20291985999948528,0.7277971110354793,13.775201875306502
META,equal_50_50,xgboost,10,0.0025,1337,"{""n_estimators"": ""404"", ""learning_rate"": 0.29999999999999993, ""max_depth"": ""3"", ""subsample"": 1.0, ""colsample_bytree"": 0.5}",0.5125,0.5082637362637362,23,0.5652173913043478,1.524775922123013,159.808663035293,-0.19432419150550664,4.134048411052078,0.532520325203252,0.5336285051655071,24,0.5416666666666666,0.09113785129280694,-0.284535184066101,-0.20291985999948528,0.12654615537952152,-1.40220471306664
META,equal_50_50,xgboost,10,0.0025,2024,"{""n_estimators"": ""221"", ""learning_rate"": 0.29999999999999993, ""max_depth"": ""4"", ""subsample"": 0.5747124471517476, ""colsample_bytree"": 0.936260506629965}",0.5083333333333333,0.505978021978022,23,0.5217391304347826,1.061596390930719,29.9111365432704,-0.21980301211751016,2.8664374808703466,0.5528455284552846,0.5263194883688243,24,0.5833333333333334,0.43805545257299766,1.5489396746638437,-0.20291985999948528,0.5935753003961328,7.633258147663677
META,equal_50_50,xgboost,10,0.0025,31415,"{""n_estimators"": ""77"", ""learning_rate"": 0.29999999999999993, ""max_depth"": ""11"", ""subsample"": 0.6320886061787183, ""colsample_bytree"": 0.5}",0.5375,0.5024615384615384,23,0.6086956521739131,1.965063004628794,679.1207745568069,-0.14966236332744323,5.20013636493286,0.5447154471544715,0.5017921146953405,24,0.5833333333333334,0.43805545257299766,1.5489396746638437,-0.20291985999948528,0.5935753003961328,7.633258147663677
META,news_only,xgboost,2,0.0,42,"{""n_estimators"": ""264"", ""learning_rate"": 0.17742406387591078, ""max_depth"": ""3"", ""subsample"": 0.5087367417832255, ""colsample_bytree"": 0.7468248334380884}",0.5443548387096774,0.5404379364110907,123,0.5284552845528455,0.1623478941642811,-0.04045781688957828,-0.2673926071068475,0.1692953868128201,0.5528455284552846,0.5597771023302939,122,0.5163934426229508,0.7969916866254627,0.5612525031452138,-0.2634036096651288,1.6729028059176294,2.1307699763824317
META,news_only,xgboost,2,0.0,7,"{""n_estimators"": ""264"", ""learning_rate"": 0.19642130032094757, ""max_depth"": ""12"", ""subsample"": 0.754433400458526, ""colsample_bytree"": 1.0}",0.5846774193548387,0.5415565046437529,123,0.5609756097560976,-0.2832052255576712,-0.3349957999459159,-0.400422383003249,-0.2783770650520126,0.540650406504065,0.535292131036812,122,0.5327868852459017,0.09003681843217592,-0.055436691692342,-0.3766392326803678,0.1486954985612474,-0.14718777780483625
META,news_only,xgboost,2,0.0,1337,"{""n_estimators"": ""500"", ""learning_rate"": 0.29999999999999993, ""max_depth"": ""12"", ""subsample"": 0.5308167078369012, ""colsample_bytree"": 1.0}",0.5645161290322581,0.5409463765168463,123,0.5447154471544715,-0.3841707870342294,-0.38784963355706437,-0.45572109414736517,-0.3838422307132248,0.5284552845528455,0.5003714961161769,122,0.5573770491803278,0.5008632465074611,0.2644943328152696,-0.30475952879985724,0.8108293247658322,0.8678787956420855
META,news_only,xgboost,2,0.0,2024,"{""n_estimators"": ""500"", ""learning_rate"": 0.29999999999999993, ""max_depth"": ""12"", ""subsample"": 0.8463368217919984, ""colsample_bytree"": 0.999162207485729}",0.5725806451612904,0.5433190970103722,123,0.5528455284552846,-0.6297408237479115,-0.4996147909024098,-0.38837875496620816,-0.6203084952385,0.516260162601626,0.5293481931779804,122,0.5163934426229508,0.13906491577931446,-0.02179098267665347,-0.36230003691798507,0.23519173779239463,-0.06014623366319546
META,news_only,xgboost,2,0.0,31415,"{""n_estimators"": ""500"", ""learning_rate"": 0.1979856198932678, ""max_depth"": ""11"", ""subsample"": 0.704890718580861, ""colsample_bytree"": 1.0}",0.5564516129032258,0.5364043115720968,123,0.5447154471544715,-0.7803841733619623,-0.557636737805095,-0.42586602965174347,-0.7771565971984643,0.5203252032520326,0.5223910840932118,122,0.5245901639344263,0.08107600312107882,-0.06132406754815922,-0.2697404808451631,0.1372127217481833,-0.227344695746133
META,news_only,xgboost,5,0.0,42,"{""n_estimators"": ""385"", ""learning_rate"": 0.29463664284256685, ""max_depth"": ""3"", ""subsample"": 0.5250183771623059, ""colsample_bytree"": 0.8877564766809662}",0.5306122448979592,0.5294715447154471,48,0.4791666666666667,-1.2848911748633307,-0.9482832108473676,-0.5478638773119255,-1.5564398900189473,0.4878048780487805,0.5059602649006623,49,0.5102040816326531,-0.5083539328004247,-0.7234999078325168,-0.2599512558842305,-0.5603384082215213,-2.7832137427900254
META,news_only,xgboost,5,0.0,7,"{""n_estimators"": ""50"", ""learning_rate"": 0.18265986537459808, ""max_depth"": ""3"", ""subsample"": 0.5, ""colsample_bytree"": 1.0}",0.5387755102040817,0.5365853658536586,48,0.5208333333333334,0.42411933330573576,0.6104705920418625,-0.22100910815717242,0.8243117974463893,0.5121951219512195,0.5298013245033112,49,0.5714285714285714,0.4512891478331089,0.6176232196232834,-0.28158624367508217,0.4791765727802933,2.193371421708899
META,news_only,xgboost,5,0.0,1337,"{""n_estimators"": ""93"", ""learning_rate"": 0.034387617847891475, ""max_depth"": ""10"", ""subsample"": 0.5799743177116844, ""colsample_bytree"": 0.9313237733749984}",0.5183673469387755,0.513474856970792,48,0.5625,0.6078365896087591,1.321569501854361,-0.1739263418184976,1.1493254079258617,0.516260162601626,0.5250958522133148,49,0.5510204081632653,0.07911725865868505,-0.1844236237674346,-0.2599512558842305,0.08371698574537542,-0.7094546365629708
META,news_only,xgboost,5,0.0,2024,"{""n_estimators"": ""50"", ""learning_rate"": 0.01, ""max_depth"": ""3"", ""subsample"": 0.667440346560006, ""colsample_bytree"": 0.7955389822680998}",0.44081632653061226,0.5314287865100873,48,0.4791666666666667,-0.6667887566463132,-0.8203701666374573,-0.3586141743281539,-1.2897958275616825,0.491869918699187,0.5170791216451726,49,0.5306122448979592,0.5629947301427363,0.9953043980446963,-0.30561224279861693,0.6677383548386852,3.2567556486948455
META,news_only,xgboost,5,0.0,31415,"{""n_estimators"": ""86"", ""learning_rate"": 0.01, ""max_depth"": ""3"", ""subsample"": 0.8573191574736956, ""colsample_bytree"": 0.872967841740959}",0.4326530612244898,0.5298855766335441,48,0.4375,-1.4773141656082371,-0.9633203808369912,-0.5260859161812318,-2.494707772006974,0.4878048780487805,0.5223074241896131,49,0.5102040816326531,0.4525010744846837,0.6314053776579474,-0.30561224279861693,0.5480657391824256,2.066034305026228
META,news_only,xgboost,10,0.0025,42,"{""n_estimators"": ""50"", ""learning_rate"": 0.01, ""max_depth"": ""10"", ""subsample"": 0.5885996120140957, ""colsample_bytree"": 0.9176100237391334}",0.6041666666666666,0.5785494505494506,23,0.8695652173913043,2.8437024141109606,7887.535099331554,-0.15210741552649484,3.2479083688671224,0.556910569105691,0.5630754093752196,24,0.5416666666666666,-1.0969970600606376,-0.9902894754509018,-0.2900601222545718,-1.5326100018446291,-3.414083493289617
META,news_only,xgboost,10,0.0025,7,"{""n_estimators"": ""50"", ""learning_rate"": 0.013513433539073, ""max_depth"": ""11"", ""subsample"": 0.5, ""colsample_bytree"": 1.0}",0.6,0.572879120879121,23,0.8260869565217391,2.613067303567042,4350.701155456671,-0.15210741552649484,3.279720042338661,0.5609756097560976,0.5529552322721204,24,0.5833333333333334,-0.6521717285776043,-0.9534417530706258,-0.22736968313281858,-0.8674832730249125,-4.193354804095278
META,news_only,xgboost,10,0.0025,1337,"{""n_estimators"": ""50"", ""learning_rate"": 0.016843523377179596, ""max_depth"": ""7"", ""subsample"": 0.5, ""colsample_bytree"": 1.0}",0.6041666666666666,0.5721758241758241,23,0.782608695652174,1.3783177838391447,90.724856755557,-0.18034024499450266,1.5239412979671993,0.5528455284552846,0.5682057769344298,24,0.5416666666666666,-1.0969970600606376,-0.9902894754509018,-0.2900601222545718,-1.5326100018446291,-3.414083493289617
META,news_only,xgboost,10,0.0025,2024,"{""n_estimators"": ""328"", ""learning_rate"": 0.01, ""max_depth"": ""4"", ""subsample"": 1.0, ""colsample_bytree"": 1.0}",0.4083333333333333,0.5556483516483517,23,0.4782608695652174,-1.2041748374574894,-0.9955668992905518,-0.44735295917205165,-1.757198681412808,0.5,0.5280764635603346,24,0.4583333333333333,-1.5680205900557667,-0.9979714233796966,-0.3884178753105049,-2.225282346635863,-2.5693241398375624
META,news_only,xgboost,10,0.0025,31415,"{""n_estimators"": ""50"", ""learning_rate"": 0.013555878008102564, ""max_depth"": ""12"", ""subsample"": 0.5, ""colsample_bytree"": 0.5}",0.5541666666666667,0.5616703296703297,23,0.6956521739130435,1.2037730721493585,48.81565058036726,-0.297375322951833,1.5257443774649389,0.5650406504065041,0.5626888748330874,24,0.5833333333333334,-0.7015378514460799,-0.9609948715832859,-0.23226594503581402,-0.950809567484942,-4.137476423567416
META,social_only,xgboost,2,0.0,42,"{""n_estimators"": ""120"", ""learning_rate"": 0.01, ""max_depth"": ""3"", ""subsample"": 1.0, ""colsample_bytree"": 0.5}",0.5766129032258065,0.5608772286624636,123,0.5284552845528455,0.4557364439595688,0.23684025191937708,-0.2930177079508069,0.678786574659515,0.491869918699187,0.48733535967578523,122,0.4918032786885246,-0.4140801627723297,-0.3402909547793418,-0.4567015134424296,-0.7182835963671225,-0.745105818052512
META,social_only,xgboost,2,0.0,7,"{""n_estimators"": ""238"", ""learning_rate"": 0.2862669232425371, ""max_depth"": ""10"", ""subsample"": 0.6716525507760006, ""colsample_bytree"": 0.6501695380448328}",0.5161290322580645,0.5342349671208731,123,0.5528455284552846,-0.45037249186776995,-0.4196395614690154,-0.41471573375425635,-0.4660077399192099,0.524390243902439,0.5148598446470787,122,0.5081967213114754,0.4256501086988302,0.20155431231826326,-0.226815442579199,1.0285652420626614,0.8886269383879578
META,social_only,xgboost,2,0.0,1337,"{""n_estimators"": ""74"", ""learning_rate"": 0.01, ""max_depth"": ""3"", ""subsample"": 1.0, ""colsample_bytree"": 0.5}",0.6048387096774194,0.5660294217341197,123,0.5691056910569106,0.8728391892849469,0.7361724795576319,-0.2348573483061056,1.2507863974790052,0.5121951219512195,0.4885511651469098,122,0.5327868852459017,0.43976403945890447,0.2114806874336077,-0.3291443583374334,0.7747331659544372,0.6425165192009799
META,social_only,xgboost,2,0.0,2024,"{""n_estimators"": ""500"", ""learning_rate"": 0.29999999999999993, ""max_depth"": ""12"", ""subsample"": 1.0, ""colsample_bytree"": 0.6963277916783249}",0.5201612903225806,0.5421327367636093,123,0.5609756097560976,-0.31434744871609005,-0.35115782667935247,-0.436134253766342,-0.3211443451461236,0.5121951219512195,0.5056399864910504,122,0.4918032786885246,0.05933662266019673,-0.07381551075459769,-0.3340430708395223,0.1431260543381962,-0.2209760273400774
META,social_only,xgboost,2,0.0,31415,"{""n_estimators"": ""500"", ""learning_rate"": 0.29999999999999993, ""max_depth"": ""12"", ""subsample"": 1.0, ""colsample_bytree"": 0.9002734676501062}",0.5201612903225806,0.5429462409328181,123,0.5447154471544715,-0.3979693894640516,-0.3941675212242731,-0.4310081654530542,-0.4122043637052133,0.5121951219512195,0.505741303613644,122,0.5163934426229508,0.6940280693459261,0.4526767521956221,-0.2762991084293623,1.6868634065865054,1.6383576290524005
META,social_only,xgboost,5,0.0,42,"{""n_estimators"": ""50"", ""learning_rate"": 0.01742128293437542, ""max_depth"": ""12"", ""subsample"": 0.5, ""colsample_bytree"": 0.5}",0.5836734693877551,0.5654170430593195,48,0.6041666666666666,0.7579967113240198,2.107240880779274,-0.30861661620764297,1.1798453294528268,0.540650406504065,0.5192401533635413,49,0.5918367346938775,-0.2621118506513209,-0.5662046639596143,-0.2777804444884394,-0.2633551213510108,-2.038317222086447
META,social_only,xgboost,5,0.0,7,"{""n_estimators"": ""50"", ""learning_rate"": 0.29999999999999993, ""max_depth"": ""3"", ""subsample"": 1.0, ""colsample_bytree"": 0.5}",0.5510204081632653,0.5495332731105089,48,0.6041666666666666,0.41665222650576544,0.5746632774269296,-0.3072752259844131,0.634599670004951,0.5203252032520326,0.5296967584524225,49,0.5510204081632653,-0.6691303753950032,-0.7944025436187931,-0.3625356694699449,-0.7029004656842641,-2.1912396779612635
META,social_only,xgboost,5,0.0,1337,"{""n_estimators"": ""50"", ""learning_rate"": 0.01, ""max_depth"": ""3"", ""subsample"": 0.56487423335741, ""colsample_bytree"": 0.5}",0.5551020408163265,0.5471996386630533,48,0.5416666666666666,0.4427945381738304,0.6611667838928592,-0.2734046842135182,0.6886702964527898,0.5203252032520326,0.5024050191704427,49,0.5306122448979592,-1.098524222192701,-0.905460168268514,-0.39468413386747875,-1.1642246863600687,-2.2941387569750553
META,social_only,xgboost,5,0.0,2024,"{""n_estimators"": ""127"", ""learning_rate"": 0.02291254415031507, ""max_depth"": ""3"", ""subsample"": 0.5, ""colsample_bytree"": 0.5}",0.5510204081632653,0.5500225835591689,48,0.5416666666666666,-0.07085121149206876,-0.40896024760999783,-0.35008860288506854,-0.11095503039251345,0.491869918699187,0.5018821889159986,49,0.5510204081632653,-0.7776942645925444,-0.8313325086324311,-0.38661052417318886,-0.8145276569589721,-2.150310083799016
META,social_only,xgboost,5,0.0,31415,"{""n_estimators"": ""54"", ""learning_rate"": 0.2477370948007362, ""max_depth"": ""4"", ""subsample"": 0.9534596288685616, ""colsample_bytree"": 0.7029817489767267}",0.5510204081632653,0.5413279132791329,48,0.5833333333333334,0.6086214101368004,1.3094252573227907,-0.33332878398414795,0.9122345227923192,0.524390243902439,0.5020913210177762,49,0.4489795918367347,-1.869570274777769,-0.9752381849543792,-0.5015336606912806,-2.068897907758144,-1.9445119268967428
META,social_only,xgboost,10,0.0025,42,"{""n_estimators"": ""217"", ""learning_rate"": 0.2735263572936902, ""max_depth"": ""8"", ""subsample"": 0.5016410968389734, ""colsample_bytree"": 0.9862282783272387}",0.575,0.5496703296703296,23,0.6086956521739131,1.3764340934942407,93.2535995819551,-0.15210741552649484,2.2830777953498975,0.45934959349593496,0.43706514864010126,24,0.4583333333333333,0.2286650160493703,0.24144733197321533,-0.3465502399256663,0.49900497807240424,0.6967166781503451
META,social_only,xgboost,10,0.0025,7,"{""n_estimators"": ""386"", ""learning_rate"": 0.11234637395116541, ""max_depth"": ""11"", ""subsample"": 0.503849359404206, ""colsample_bytree"": 0.5}",0.5708333333333333,0.5723516483516484,23,0.4782608695652174,-0.08430241733027531,-0.6551755667390029,-0.2860858025604135,-0.12991088745159593,0.45934959349593496,0.431231991004287,24,0.5,1.1354934254992801,30.22673842825902,-0.13637676305504753,2.9535604665611936,221.6414127387538
META,social_only,xgboost,10,0.0025,1337,"{""n_estimators"": ""500"", ""learning_rate"": 0.29999999999999993, ""max_depth"": ""10"", ""subsample"": 0.742351247760358, ""colsample_bytree"": 0.5719316975504628}",0.5791666666666667,0.5546813186813186,23,0.5652173913043478,0.42934868722277275,1.6436985293959587,-0.2860858025604135,0.6109972336590082,0.45934959349593496,0.4149272612270715,24,0.5,1.2504784360369827,44.89111741624943,-0.16850556523575141,3.1208399901576076,266.4073281701024
META,social_only,xgboost,10,0.0025,2024,"{""n_estimators"": ""500"", ""learning_rate"": 0.29999999999999993, ""max_depth"": ""6"", ""subsample"": 0.918978974665178, ""colsample_bytree"": 0.5}",0.5625,0.5562637362637363,23,0.4782608695652174,-0.01649979049776865,-0.5483442769829756,-0.2973753229518329,-0.025062201984298375,0.45121951219512196,0.43738140417457305,24,0.4166666666666667,-0.07315934495855952,-0.5903776097267064,-0.3465502399256664,-0.1643790704789995,-1.7035844784102296
META,social_only,xgboost,10,0.0025,31415,"{""n_estimators"": ""500"", ""learning_rate"": 0.19869373904588172, ""max_depth"": ""9"", ""subsample"": 0.5, ""colsample_bytree"": 1.0}",0.5708333333333333,0.5528351648351648,23,0.5652173913043478,0.42934868722277275,1.6436985293959587,-0.2860858025604135,0.6109972336590082,0.44715447154471544,0.41970623374797944,24,0.4583333333333333,0.23401732008197063,0.26572441622749143,-0.3465502399256662,0.5061485366222285,0.7667702561235807
META,sentiment_only,xgboost,2,0.0,42,"{""n_estimators"": ""308"", ""learning_rate"": 0.29999999999999993, ""max_depth"": ""6"", ""subsample"": 0.8212475594966278, ""colsample_bytree"": 0.5821270374521936}",0.4717741935483871,0.4892210697579825,123,0.4796747967479675,-0.6092086977798628,-0.4908789552397229,-0.5318141645034296,-0.6452556918261478,0.4796747967479675,0.4534954407294833,122,0.4672131147540984,-1.0665024600066615,-0.5871741901465906,-0.3724682412012571,-1.3776658935876924,-1.5764409557520385
META,sentiment_only,xgboost,2,0.0,7,"{""n_estimators"": ""500"", ""learning_rate"": 0.15224197518649732, ""max_depth"": ""5"", ""subsample"": 0.5, ""colsample_bytree"": 0.5045877432904171}",0.4798387096774194,0.490373533997695,123,0.4878048780487805,-0.5916222519413467,-0.4834928609135526,-0.5285111329066936,-0.6235548292299125,0.483739837398374,0.44677473826409997,122,0.4672131147540984,-1.104190147814708,-0.5980160345982968,-0.3805017038107856,-1.430263747681555,-1.571651397639144
META,sentiment_only,xgboost,2,0.0,1337,"{""n_estimators"": ""481"", ""learning_rate"": 0.20014487569871908, ""max_depth"": ""10"", ""subsample"": 0.8461275715770981, ""colsample_bytree"": 0.8464937173418383}",0.4717741935483871,0.49823740763338076,123,0.4796747967479675,-0.6092086977798628,-0.4908789552397229,-0.5318141645034296,-0.6452556918261478,0.4796747967479675,0.4508611955420466,122,0.4672131147540984,-1.0665024600066615,-0.5871741901465906,-0.3724682412012571,-1.3776658935876924,-1.5764409557520385
META,sentiment_only,xgboost,2,0.0,2024,"{""n_estimators"": ""92"", ""learning_rate"": 0.24824414199491424, ""max_depth"": ""7"", ""subsample"": 0.5929625074277018, ""colsample_bytree"": 0.5046168177342703}",0.4838709677419355,0.48393329265812485,123,0.4878048780487805,-0.645430941663662,-0.5053444726568979,-0.5052887930533747,-0.7040644298472608,0.4634146341463415,0.42370820668693004,122,0.4098360655737705,-1.6156005381031506,-0.7191720360142473,-0.49240065617941786,-2.1647731889496193,-1.4605423997489555
META,sentiment_only,xgboost,2,0.0,31415,"{""n_estimators"": ""51"", ""learning_rate"": 0.014836198442455675, ""max_depth"": ""3"", ""subsample"": 0.9007016789558788, ""colsample_bytree"": 0.5865261310551202}",0.5645161290322581,0.5412514405802996,123,0.5609756097560976,1.2807891331097416,1.3883685599167674,-0.2918128832522169,1.4764654417494747,0.508130081300813,0.4053698074974671,122,0.5327868852459017,1.1484422221113535,0.9936688836199417,-0.2946218162013982,1.94883448905074,3.372692818310126
META,sentiment_only,xgboost,5,0.0,42,"{""n_estimators"": ""50"", ""learning_rate"": 0.10062114157714326, ""max_depth"": ""12"", ""subsample"": 0.5, ""colsample_bytree"": 0.5055640125501366}",0.5346938775510204,0.5255570611261668,48,0.5,-0.15009342581747756,-0.5032213833052935,-0.29705456644409417,-0.20143550876324406,0.47560975609756095,0.47396305332868593,49,0.46938775510204084,-0.27547636183729685,-0.5649351166667274,-0.36965493080073797,-0.4118245052463004,-1.5282769675031196
META,sentiment_only,xgboost,5,0.0,7,"{""n_estimators"": ""129"", ""learning_rate"": 0.025121866275309077, ""max_depth"": ""10"", ""subsample"": 0.7284383308450639, ""colsample_bytree"": 0.6551099601899691}",0.5183673469387755,0.5119316470942488,48,0.5208333333333334,0.31286536226644535,0.2623348550152784,-0.2913889149646922,0.4156353997275456,0.4715447154471545,0.46371558034158245,49,0.46938775510204084,-0.2842853091238242,-0.5719319271454426,-0.38632630289449066,-0.4254559782769469,-1.480437451088187
META,sentiment_only,xgboost,5,0.0,1337,"{""n_estimators"": ""500"", ""learning_rate"": 0.17138119038765393, ""max_depth"": ""10"", ""subsample"": 0.8299960945398187, ""colsample_bytree"": 0.5626694427324755}",0.5061224489795918,0.5528455284552846,48,0.4375,-0.6250453787459331,-0.808401241794748,-0.339451863288753,-0.8931403423365892,0.4959349593495935,0.5175322411990241,49,0.46938775510204084,0.03392317743725039,-0.2245638186461021,-0.3896169345073667,0.06335212680813179,-0.5763707856539695
META,sentiment_only,xgboost,5,0.0,2024,"{""n_estimators"": ""477"", ""learning_rate"": 0.07149337695862037, ""max_depth"": ""10"", ""subsample"": 0.5657016484535902, ""colsample_bytree"": 0.9778810252042294}",0.49795918367346936,0.5158084914182475,48,0.4375,-0.6250453787459331,-0.808401241794748,-0.339451863288753,-0.8931403423365892,0.4878048780487805,0.49187870338096906,49,0.46938775510204084,0.03392317743725039,-0.2245638186461021,-0.3896169345073667,0.06335212680813179,-0.5763707856539695
META,sentiment_only,xgboost,5,0.0,31415,"{""n_estimators"": ""81"", ""learning_rate"": 0.01100622675736095, ""max_depth"": ""12"", ""subsample"": 0.9919607301134973, ""colsample_bytree"": 0.9364399973368576}",0.5142857142857142,0.5329343571213491,48,0.4791666666666667,-0.1012518064658075,-0.45147663953932227,-0.2913889149646921,-0.13878135370255776,0.46747967479674796,0.46047403276402926,49,0.46938775510204084,-0.46700859703558406,-0.694057292557009,-0.3961389312417076,-0.7106476270141925,-1.7520552458236525
META,sentiment_only,xgboost,10,0.0025,42,"{""n_estimators"": ""440"", ""learning_rate"": 0.178360289443021, ""max_depth"": ""12"", ""subsample"": 0.5, ""colsample_bytree"": 0.5861614551922076}",0.48333333333333334,0.5018901098901098,23,0.391304347826087,-2.7540894199673347,-0.9999681149862008,-0.5942099555706586,-3.472022403433344,0.46747967479674796,0.47480497575374236,24,0.5416666666666666,0.24124352416456707,0.3019801177664809,-0.2979973774512273,0.6320171276356296,1.013365018005588
META,sentiment_only,xgboost,10,0.0025,7,"{""n_estimators"": ""500"", ""learning_rate"": 0.236749633886436, ""max_depth"": ""12"", ""subsample"": 0.9621986045426383, ""colsample_bytree"": 0.7035485022012602}",0.4791666666666667,0.5150769230769231,23,0.391304347826087,-2.7540894199673347,-0.9999681149862008,-0.5942099555706586,-3.472022403433344,0.4634146341463415,0.47733502002951717,24,0.5416666666666666,0.24124352416456707,0.3019801177664809,-0.2979973774512273,0.6320171276356296,1.013365018005588
META,sentiment_only,xgboost,10,0.0025,1337,"{""n_estimators"": ""460"", ""learning_rate"": 0.29999999999999993, ""max_depth"": ""12"", ""subsample"": 0.7391941677047889, ""colsample_bytree"": 0.8844800944663573}",0.5041666666666667,0.5185054945054945,23,0.391304347826087,-2.7540894199673347,-0.9999681149862008,-0.5942099555706586,-3.472022403433344,0.47560975609756095,0.4752969288073652,24,0.5,-0.00023927546666113744,-0.4632355001210794,-0.2979973774512273,-0.0006477258652341846,-1.554495224364504
META,sentiment_only,xgboost,10,0.0025,2024,"{""n_estimators"": ""500"", ""learning_rate"": 0.29999999999999993, ""max_depth"": ""12"", ""subsample"": 0.5, ""colsample_bytree"": 0.6873696394875154}",0.49166666666666664,0.5191208791208791,23,0.391304347826087,-2.7540894199673347,-0.9999681149862008,-0.5942099555706586,-3.472022403433344,0.4715447154471545,0.4644739616276618,24,0.5416666666666666,0.24124352416456707,0.3019801177664809,-0.2979973774512273,0.6320171276356296,1.013365018005588
META,sentiment_only,xgboost,10,0.0025,31415,"{""n_estimators"": ""500"", ""learning_rate"": 0.29999999999999993, ""max_depth"": ""12"", ""subsample"": 0.5, ""colsample_bytree"": 0.5}",0.48333333333333334,0.5332747252747253,23,0.391304347826087,-2.7540894199673347,-0.9999681149862008,-0.5942099555706586,-3.472022403433344,0.483739837398374,0.483449293695973,24,0.5416666666666666,0.24124352416456707,0.3019801177664809,-0.2979973774512273,0.6320171276356296,1.013365018005588
META,technical_only,xgboost,2,0.0,42,"{""n_estimators"": ""455"", ""learning_rate"": 0.0210039364925805, ""max_depth"": ""10"", ""subsample"": 0.7517823229698808, ""colsample_bytree"": 0.6725314280099441}",0.5887096774193549,0.5403362483899397,123,0.5772357723577236,1.8034478352105394,2.6472806442305457,-0.2143668779958748,2.677840892647016,0.6016260162601627,0.5789598108747045,122,0.5737704918032787,1.3238003072744176,1.2511652129633686,-0.27355189341195857,2.1238604614737673,4.5737764683615705
META,technical_only,xgboost,2,0.0,7,"{""n_estimators"": ""442"", ""learning_rate"": 0.019276959521876396, ""max_depth"": ""10"", ""subsample"": 0.6666631093550247, ""colsample_bytree"": 0.6629044958656256}",0.5887096774193549,0.5332180869093621,123,0.5691056910569106,1.7949923097396376,2.623290549686006,-0.24822628551941833,2.685037311818302,0.5975609756097561,0.5786896318811213,122,0.5901639344262295,1.8240180863257176,2.1711604583246507,-0.20314081143886775,2.9635925517996764,10.687957988087636
META,technical_only,xgboost,2,0.0,1337,"{""n_estimators"": ""50"", ""learning_rate"": 0.01, ""max_depth"": ""12"", ""subsample"": 1.0, ""colsample_bytree"": 0.6304092009983562}",0.5967741935483871,0.5416242966578537,123,0.5772357723577236,1.9764166523315578,3.1734057717372206,-0.19341613398235827,2.952982400650681,0.6097560975609756,0.5829449510300575,122,0.5819672131147541,1.681827971739911,1.8792807473314368,-0.20314081143886775,2.766222232737575,9.251123563110207
META,technical_only,xgboost,2,0.0,2024,"{""n_estimators"": ""50"", ""learning_rate"": 0.01, ""max_depth"": ""8"", ""subsample"": 0.9604650850928081, ""colsample_bytree"": 0.5}",0.5887096774193549,0.5442003931936817,123,0.5772357723577236,1.9941508794479368,3.231135494271764,-0.19341613398235827,2.9739899281181903,0.6016260162601627,0.574096588990206,122,0.5737704918032787,1.5889203106552172,1.7023207891214849,-0.20638445892763466,2.6404994359829486,8.248299304931558
META,technical_only,xgboost,2,0.0,31415,"{""n_estimators"": ""50"", ""learning_rate"": 0.01, ""max_depth"": ""12"", ""subsample"": 1.0, ""colsample_bytree"": 0.5}",0.5967741935483871,0.5467764897295099,123,0.5853658536585366,2.1251519523145923,3.6812412094328444,-0.19341613398235827,3.1266435905797345,0.6097560975609756,0.5926713947990544,122,0.5901639344262295,1.8074513331119866,2.135802103990749,-0.2515827905260271,2.9424427870384062,8.489460266837261
META,technical_only,xgboost,5,0.0,42,"{""n_estimators"": ""390"", ""learning_rate"": 0.042462619176491884, ""max_depth"": ""5"", ""subsample"": 0.7838501639099957, ""colsample_bytree"": 0.5156566462277793}",0.37551020408163266,0.5618036735922914,48,0.3958333333333333,-2.2001256170326213,-0.9905082502899988,-0.6452581537048095,-2.6756188695183782,0.4146341463414634,0.5374695015684908,49,0.3673469387755102,-1.132197080737457,-0.9101455395542836,-0.383037910560613,-1.478259360100781,-2.376123914790047
META,technical_only,xgboost,5,0.0,7,"{""n_estimators"": ""50"", ""learning_rate"": 0.13966177454780726, ""max_depth"": ""8"", ""subsample"": 0.8398392133973548, ""colsample_bytree"": 1.0}",0.3836734693877551,0.5720415537488707,48,0.3958333333333333,-2.2001256170326213,-0.9905082502899988,-0.6452581537048095,-2.6756188695183782,0.4268292682926829,0.5373997908678982,49,0.40816326530612246,-0.649303917281722,-0.7848857563344063,-0.35096568506296555,-0.8365786971813975,-2.2363603900295628
META,technical_only,xgboost,5,0.0,1337,"{""n_estimators"": ""254"", ""learning_rate"": 0.06521236116806454, ""max_depth"": ""11"", ""subsample"": 0.6637513516330626, ""colsample_bytree"": 0.5947333374838405}",0.3836734693877551,0.5627822944896115,48,0.3958333333333333,-2.2001256170326213,-0.9905082502899988,-0.6452581537048095,-2.6756188695183782,0.4268292682926829,0.542140118508191,49,0.40816326530612246,-0.649303917281722,-0.7848857563344063,-0.35096568506296555,-0.8365786971813975,-2.2363603900295628
META,technical_only,xgboost,5,0.0,2024,"{""n_estimators"": ""55"", ""learning_rate"": 0.0902138025238504, ""max_depth"": ""12"", ""subsample"": 1.0, ""colsample_bytree"": 0.5991013136653338}",0.3795918367346939,0.5569858476362541,48,0.375,-2.3677419731173646,-0.9929146346712757,-0.6452581537048095,-2.8991909921179606,0.4268292682926829,0.5382363192750088,49,0.40816326530612246,-0.649303917281722,-0.7848857563344063,-0.35096568506296555,-0.8365786971813975,-2.2363603900295628
META,technical_only,xgboost,5,0.0,31415,"{""n_estimators"": ""349"", ""learning_rate"": 0.024804878555969807, ""max_depth"": ""10"", ""subsample"": 0.5744725201413609, ""colsample_bytree"": 0.868275792758032}",0.37142857142857144,0.5562330623306233,48,0.375,-2.3677419731173646,-0.9929146346712757,-0.6452581537048095,-2.8991909921179606,0.4146341463414634,0.54046706169397,49,0.3673469387755102,-1.132197080737457,-0.9101455395542836,-0.383037910560613,-1.478259360100781,-2.376123914790047
META,technical_only,xgboost,10,0.0025,42,"{""n_estimators"": ""394"", ""learning_rate"": 0.29999999999999993, ""max_depth"": ""12"", ""subsample"": 0.5601440713272577, ""colsample_bytree"": 0.6054501336203976}",0.35,0.5593846153846155,23,0.30434782608695654,-2.9305679230135735,-0.9999796982155695,-0.6528363419717733,-3.61199136115815,0.4268292682926829,0.5433270082226439,24,0.5,-0.2654277202325911,-0.8077313454953323,-0.3150184731099555,-0.3674494947201895,-2.5640761239211454
META,technical_only,xgboost,10,0.0025,7,"{""n_estimators"": ""248"", ""learning_rate"": 0.29999999999999993, ""max_depth"": ""3"", ""subsample"": 0.5409319804959504, ""colsample_bytree"": 0.5437944786877708}",0.35,0.5677362637362638,23,0.391304347826087,-2.587156985238188,-0.9999499749978246,-0.6423856241074579,-3.285432100858232,0.43089430894308944,0.558366715861972,24,0.5,-0.2654277202325911,-0.8077313454953323,-0.3150184731099555,-0.3674494947201895,-2.5640761239211454
META,technical_only,xgboost,10,0.0025,1337,"{""n_estimators"": ""50"", ""learning_rate"": 0.01, ""max_depth"": ""3"", ""subsample"": 0.9113224045051501, ""colsample_bytree"": 1.0}",0.7083333333333334,0.5328791208791209,23,0.6521739130434783,2.6572355160044996,4998.95852266317,-0.15884414491839038,8.610641663480907,0.6097560975609756,0.512298826340572,24,0.6666666666666666,2.146085767329736,717.5727223407639,-0.144797678956862,5.414819356288421,4955.692159641196
META,technical_only,xgboost,10,0.0025,2024,"{""n_estimators"": ""376"", ""learning_rate"": 0.010730759783822642, ""max_depth"": ""6"", ""subsample"": 0.9499886083506719, ""colsample_bytree"": 0.5}",0.36666666666666664,0.5272087912087913,23,0.391304347826087,-2.3667031869260113,-0.9999066392071373,-0.5974774977788484,-2.9950244364615584,0.4268292682926829,0.5315201349356946,24,0.5,-0.2654277202325911,-0.8077313454953323,-0.3150184731099555,-0.3674494947201895,-2.5640761239211454
META,technical_only,xgboost,10,0.0025,31415,"{""n_estimators"": ""377"", ""learning_rate"": 0.2889641012312872, ""max_depth"": ""12"", ""subsample"": 0.7167149542295406, ""colsample_bytree"": 0.5}",0.3416666666666667,0.5411868131868133,23,0.34782608695652173,-2.7073326667100126,-0.9999638540782653,-0.6528363419717733,-3.3720336639009623,0.4268292682926829,0.5444514723452103,24,0.5,-0.2654277202325911,-0.8077313454953323,-0.3150184731099555,-0.3674494947201895,-2.5640761239211454
META,learned_alpha_per_stock,xgboost,2,0.0,42,"{""n_estimators"": ""50"", ""learning_rate"": 0.01, ""max_depth"": ""5"", ""subsample"": 0.6872064687752434, ""colsample_bytree"": 0.5723990779489239}",0.5645161290322581,0.5403362483899397,123,0.5365853658536586,1.4560377983166874,1.7740397614103576,-0.22705666829506554,2.269476847452033,0.573170731707317,0.534549138804458,122,0.5737704918032787,1.9609921500896343,2.4784652447609314,-0.24174611705377883,3.272984172832266,10.252347690075089
META,learned_alpha_per_stock,xgboost,2,0.0,7,"{""n_estimators"": ""440"", ""learning_rate"": 0.29999999999999993, ""max_depth"": ""11"", ""subsample"": 0.5, ""colsample_bytree"": 0.5215577556313012}",0.47580645161290325,0.5274896617178496,123,0.43902439024390244,-0.9457395950151571,-0.6078824480757063,-0.5853778800060193,-1.4380860965714046,0.516260162601626,0.5336035123269166,122,0.5163934426229508,-0.41178389653452324,-0.34195005467179507,-0.41705046005405433,-0.5603308137481625,-0.8199248950054498
META,learned_alpha_per_stock,xgboost,2,0.0,1337,"{""n_estimators"": ""500"", ""learning_rate"": 0.02583637936626194, ""max_depth"": ""3"", ""subsample"": 1.0, ""colsample_bytree"": 0.9766654275736566}",0.5645161290322581,0.5392176801572776,123,0.5691056910569106,0.23398344493182313,0.031077818820638425,-0.2914365208469102,0.3303229341969535,0.556910569105691,0.5250928740290443,122,0.5737704918032787,1.9528639333406184,2.4466800044115242,-0.20446819786535841,2.6165411126963636,11.966066263383679
META,learned_alpha_per_stock,xgboost,2,0.0,2024,"{""n_estimators"": ""444"", ""learning_rate"": 0.03742622783584651, ""max_depth"": ""8"", ""subsample"": 0.5, ""colsample_bytree"": 0.5132156299916469}",0.5080645161290323,0.5230153887872009,123,0.4796747967479675,-0.9982946699137204,-0.6243598151885583,-0.5680333749705053,-1.4978226248751199,0.524390243902439,0.5217156366092536,122,0.5409836065573771,0.9014727075020386,0.6709373174335076,-0.2531161038900054,1.2090400376842207,2.650709722227201
META,learned_alpha_per_stock,xgboost,2,0.0,31415,"{""n_estimators"": ""61"", ""learning_rate"": 0.010080390284044533, ""max_depth"": ""5"", ""subsample"": 0.6014672399465745, ""colsample_bytree"": 0.9762513868824387}",0.5604838709677419,0.5445393532641855,123,0.5284552845528455,0.627472819268252,0.4225533086097659,-0.3263862758222913,0.9311325470672733,0.5853658536585366,0.5305977710233029,122,0.6147540983606558,2.425758866260728,3.7155849811256028,-0.1909167872925476,2.983805375678674,19.461803405648656
META,learned_alpha_per_stock,xgboost,5,0.0,42,"{""n_estimators"": ""500"", ""learning_rate"": 0.29999999999999993, ""max_depth"": ""12"", ""subsample"": 1.0, ""colsample_bytree"": 0.5}",0.5346938775510204,0.5782143932550438,48,0.5416666666666666,0.04477640332894361,-0.26636007592825606,-0.32748425764569544,0.05774254665318014,0.4796747967479675,0.4919832694318578,49,0.4489795918367347,0.6289979378789065,1.3117478244602552,-0.2556646939666315,1.3205535552093435,5.130735120710332
META,learned_alpha_per_stock,xgboost,5,0.0,7,"{""n_estimators"": ""336"", ""learning_rate"": 0.09635716292629547, ""max_depth"": ""12"", ""subsample"": 1.0, ""colsample_bytree"": 1.0}",0.5020408163265306,0.5779509183980729,48,0.5625,0.2318465302907018,0.0687258350809219,-0.2790168863358316,0.2920364959779788,0.491869918699187,0.49456256535378185,49,0.46938775510204084,1.1340630320851253,4.710418756916943,-0.22127428744576363,2.372438856558848,21.287691449787225
META,learned_alpha_per_stock,xgboost,5,0.0,1337,"{""n_estimators"": ""266"", ""learning_rate"": 0.14457818643759793, ""max_depth"": ""12"", ""subsample"": 1.0, ""colsample_bytree"": 0.9824809795345841}",0.5061224489795918,0.5836720867208671,48,0.5625,0.2318465302907018,0.0687258350809219,-0.2790168863358316,0.2920364959779788,0.491869918699187,0.5034158243290345,49,0.46938775510204084,1.1340630320851253,4.710418756916943,-0.22127428744576363,2.372438856558848,21.287691449787225
META,learned_alpha_per_stock,xgboost,5,0.0,2024,"{""n_estimators"": ""500"", ""learning_rate"": 0.29999999999999993, ""max_depth"": ""5"", ""subsample"": 1.0, ""colsample_bytree"": 1.0}",0.5142857142857142,0.5857422463113521,48,0.5416666666666666,0.0984642335094277,-0.1825934528374501,-0.3149089501468954,0.12654295942297936,0.4715447154471545,0.5052283025444405,49,0.46938775510204084,1.028552178999319,3.7384462845895907,-0.2556646939666314,2.150734844740657,14.622458136818539
META,learned_alpha_per_stock,xgboost,5,0.0,31415,"{""n_estimators"": ""500"", ""learning_rate"": 0.07939149918355431, ""max_depth"": ""12"", ""subsample"": 1.0, ""colsample_bytree"": 0.9761751370111755}",0.5102040816326531,0.5816019271303825,48,0.5625,0.2318465302907018,0.0687258350809219,-0.2790168863358316,0.2920364959779788,0.4959349593495935,0.5036598117811084,49,0.4897959183673469,1.4266122974840572,8.50551621764455,-0.22127428744576375,2.9675555856087055,38.438791582276934
META,learned_alpha_per_stock,xgboost,10,0.0025,42,"{""n_estimators"": ""500"", ""learning_rate"": 0.01, ""max_depth"": ""4"", ""subsample"": 0.7099458652879856, ""colsample_bytree"": 1.0}",0.5041666666666667,0.6114285714285714,23,0.6521739130434783,-0.38473851737083137,-0.8979323679878083,-0.3996582311777619,-0.5635589993829442,0.4796747967479675,0.5161290322580645,24,0.5833333333333334,0.512235734662034,2.4621492998534493,-0.22298872544781387,0.9778139113096568,11.041586496845856
META,learned_alpha_per_stock,xgboost,10,0.0025,7,"{""n_estimators"": ""73"", ""learning_rate"": 0.01, ""max_depth"": ""5"", ""subsample"": 0.6870306677356838, ""colsample_bytree"": 0.5}",0.55,0.6134065934065934,23,0.6521739130434783,-0.38473851737083137,-0.8979323679878083,-0.3996582311777619,-0.5635589993829442,0.5203252032520326,0.5275142314990513,24,0.625,0.5311504326817948,2.71695961682214,-0.21777560030913343,1.2087932445669956,12.475959717091373
META,learned_alpha_per_stock,xgboost,10,0.0025,1337,"{""n_estimators"": ""500"", ""learning_rate"": 0.01, ""max_depth"": ""3"", ""subsample"": 0.5, ""colsample_bytree"": 1.0}",0.5166666666666667,0.6077802197802198,23,0.6521739130434783,-0.38473851737083137,-0.8979323679878083,-0.3996582311777619,-0.5635589993829442,0.508130081300813,0.5246679316888045,24,0.6666666666666666,1.4055606181644622,74.70519128578049,-0.22298872544781398,2.6099848793741955,335.01779579104203
META,learned_alpha_per_stock,xgboost,10,0.0025,2024,"{""n_estimators"": ""50"", ""learning_rate"": 0.02634168466251138, ""max_depth"": ""4"", ""subsample"": 0.5, ""colsample_bytree"": 0.5095571446351976}",0.5416666666666666,0.6337142857142857,23,0.6086956521739131,-0.5556682866476073,-0.9478838872952542,-0.3996582311777619,-0.802673448249183,0.540650406504065,0.5484222362780238,24,0.5833333333333334,0.7880467266794428,8.32158828288399,-0.22298872544781387,1.6612791896720298,37.318426149897405
META,learned_alpha_per_stock,xgboost,10,0.0025,31415,"{""n_estimators"": ""50"", ""learning_rate"": 0.29999999999999993, ""max_depth"": ""3"", ""subsample"": 0.5521494368604609, ""colsample_bytree"": 0.7000681380713688}",0.48333333333333334,0.619956043956044,23,0.5652173913043478,-1.4515026742531163,-0.9982212556760609,-0.5627388674475308,-1.9327566571969959,0.532520325203252,0.5461030290252301,24,0.5833333333333334,0.901362707754981,12.872742634753696,-0.22298872544781387,1.8888073024667236,57.72822194889987
META,learned_alpha_global,xgboost,2,0.0,42,"{""n_estimators"": ""328"", ""learning_rate"": 0.08007296015034582, ""max_depth"": ""3"", ""subsample"": 0.5115312125207079, ""colsample_bytree"": 0.7623873301291946}",0.5685483870967742,0.5345739271913769,123,0.5528455284552846,0.5957294351753756,0.385479379735044,-0.3846567429395709,0.839507618691762,0.540650406504065,0.5190476190476191,122,0.5,-0.09369677757226309,-0.174490726292027,-0.24107428387403054,-0.12901879210498804,-0.7238048102351899
META,learned_alpha_global,xgboost,2,0.0,7,"{""n_estimators"": ""251"", ""learning_rate"": 0.25998885367428093, ""max_depth"": ""5"", ""subsample"": 0.5713578733654657, ""colsample_bytree"": 0.5417540500046422}",0.5282258064516129,0.5373195037624567,123,0.4959349593495935,-0.6269581285969849,-0.49794082755468194,-0.46017781353814785,-0.6714606270230173,0.508130081300813,0.4955082742316785,122,0.4672131147540984,-0.8188964073366789,-0.5080865713708346,-0.5156329000461971,-1.042832153185849,-0.9853649201308015
META,learned_alpha_global,xgboost,2,0.0,1337,"{""n_estimators"": ""143"", ""learning_rate"": 0.030297057410753225, ""max_depth"": ""3"", ""subsample"": 1.0, ""colsample_bytree"": 0.9427208613349212}",0.5645161290322581,0.5745373195037625,123,0.5284552845528455,0.2944120923278656,0.06944470234138067,-0.2950909223270996,0.31007836286020357,0.540650406504065,0.5387031408308004,122,0.5327868852459017,0.7690012550974171,0.5283604285030954,-0.3348797079939938,1.2903878949256724,1.5777618526607522
META,learned_alpha_global,xgboost,2,0.0,2024,"{""n_estimators"": ""202"", ""learning_rate"": 0.06781482581453774, ""max_depth"": ""11"", ""subsample"": 0.6950817766388901, ""colsample_bytree"": 0.6003796756435604}",0.5362903225806451,0.535963663480442,123,0.5203252032520326,0.6405092618307631,0.43723445326749966,-0.37674342504288577,0.935904437018594,0.508130081300813,0.4928740290442418,122,0.45081967213114754,-1.2475860651961157,-0.6366922088077638,-0.5459020871136893,-1.6115095098092052,-1.1663120985195403
META,learned_alpha_global,xgboost,2,0.0,31415,"{""n_estimators"": ""50"", ""learning_rate"": 0.01, ""max_depth"": ""12"", ""subsample"": 0.5, ""colsample_bytree"": 0.5}",0.532258064516129,0.5518269947800148,123,0.5121951219512195,0.7506511339220562,0.5779818175857143,-0.3131061706708031,1.3976978520039653,0.532520325203252,0.5199932455251604,122,0.5409836065573771,0.9777353799973761,0.7622422303683374,-0.23920884975010964,1.2818494470514001,3.1865135055187817
META,learned_alpha_global,xgboost,5,0.0,42,"{""n_estimators"": ""50"", ""learning_rate"": 0.10923384033631961, ""max_depth"": ""9"", ""subsample"": 0.5, ""colsample_bytree"": 0.9820633998019193}",0.5061224489795918,0.5472749171936164,48,0.4791666666666667,0.8139581948147204,2.491128527800124,-0.3497160648747728,1.528521989616713,0.47560975609756095,0.4946322760543744,49,0.42857142857142855,0.17283930242266546,0.0033554575881735715,-0.27057511598307993,0.3637868187974946,0.012401205395337983
META,learned_alpha_global,xgboost,5,0.0,7,"{""n_estimators"": ""50"", ""learning_rate"": 0.29999999999999993, ""max_depth"": ""5"", ""subsample"": 0.9778600958486067, ""colsample_bytree"": 0.5}",0.5183673469387755,0.5540123456790123,48,0.5625,1.2324208366111158,6.860278993988311,-0.28991376326316726,2.238978850208744,0.483739837398374,0.49878006273963055,49,0.4489795918367347,0.8636393926395639,2.530678457699818,-0.2086465623740466,1.841801190436613,12.129020621787188
META,learned_alpha_global,xgboost,5,0.0,1337,"{""n_estimators"": ""50"", ""learning_rate"": 0.29999999999999993, ""max_depth"": ""4"", ""subsample"": 0.8370814773073645, ""colsample_bytree"": 1.0}",0.5387755102040817,0.5547274917193616,48,0.5416666666666666,0.7718992118748462,2.210258524631513,-0.30878337687854185,1.3800326668155705,0.45934959349593496,0.48330428720808644,49,0.46938775510204084,0.8428015763003169,2.401087982227131,-0.22418455972705717,1.8022587410254525,10.710318253631899
META,learned_alpha_global,xgboost,5,0.0,2024,"{""n_estimators"": ""500"", ""learning_rate"": 0.09699458360372808, ""max_depth"": ""3"", ""subsample"": 1.0, ""colsample_bytree"": 1.0}",0.5469387755102041,0.5488934056007226,48,0.5416666666666666,1.6987529221130255,17.938714638438405,-0.24288831536554573,4.152339562029889,0.5121951219512195,0.5255489717671663,49,0.42857142857142855,0.6159746398333293,1.2583693478451057,-0.20157397081565326,1.350012433427095,6.242717463734096
META,learned_alpha_global,xgboost,5,0.0,31415,"{""n_estimators"": ""414"", ""learning_rate"": 0.10647406136889002, ""max_depth"": ""3"", ""subsample"": 0.6727860971068638, ""colsample_bytree"": 0.7243353857656505}",0.5183673469387755,0.5431345980126467,48,0.5625,1.9661447959989975,29.67388503867069,-0.14135309498697335,4.743706015836204,0.5,0.5183687696061345,49,0.46938775510204084,0.7244647278725554,1.7483898715584627,-0.20157397081565326,1.5634165315181574,8.673688693454519
META,learned_alpha_global,xgboost,10,0.0025,42,"{""n_estimators"": ""339"", ""learning_rate"": 0.05513665862509952, ""max_depth"": ""3"", ""subsample"": 0.5, ""colsample_bytree"": 0.8133818880763817}",0.5416666666666666,0.6251428571428572,23,0.782608695652174,1.2204577268225623,51.26008597634658,-0.22484798512425092,1.4063934669768374,0.5,0.5030922763370581,24,0.5416666666666666,0.8713951155116032,11.501623873766565,-0.25189536026761666,1.8119242284634607,45.660324436095614
META,learned_alpha_global,xgboost,10,0.0025,7,"{""n_estimators"": ""142"", ""learning_rate"": 0.20618653287777233, ""max_depth"": ""4"", ""subsample"": 0.649601906236279, ""colsample_bytree"": 0.5}",0.5708333333333333,0.6123076923076922,23,0.782608695652174,2.3317620214218797,1997.4490186593239,-0.15210741552649484,3.045071577129529,0.5284552845528455,0.5300442757748262,24,0.625,1.4734395970536975,93.63780846444863,-0.22298872544781412,3.129936463659509,419.92171701238146
META,learned_alpha_global,xgboost,10,0.0025,1337,"{""n_estimators"": ""117"", ""learning_rate"": 0.29999999999999993, ""max_depth"": ""3"", ""subsample"": 0.5, ""colsample_bytree"": 0.7351982292253911}",0.5375,0.6215824175824176,23,0.6086956521739131,-0.3157583008003134,-0.8656660269307562,-0.4211009765482058,-0.42770775101912795,0.491869918699187,0.5179914259610654,24,0.5416666666666666,1.0848221611247142,25.203656550448624,-0.2518953602676169,2.5031068856694616,100.05605710113888
META,learned_alpha_global,xgboost,10,0.0025,2024,"{""n_estimators"": ""480"", ""learning_rate"": 0.05331180605282051, ""max_depth"": ""3"", ""subsample"": 0.5, ""colsample_bytree"": 0.5}",0.5458333333333333,0.6212307692307691,23,0.7391304347826086,1.182739174756891,44.61109919507072,-0.22484798512425092,1.3233118600399327,0.5203252032520326,0.49768079274720645,24,0.6666666666666666,1.7712937567145979,238.47547384183363,-0.2229887254478142,3.483314565582923,1069.4508135463727
META,learned_alpha_global,xgboost,10,0.0025,31415,"{""n_estimators"": ""346"", ""learning_rate"": 0.01, ""max_depth"": ""6"", ""subsample"": 0.5, ""colsample_bytree"": 1.0}",0.5541666666666667,0.6064175824175824,23,0.782608695652174,2.359669110762155,2162.9267706658147,-0.15210741552649484,3.036066230036091,0.540650406504065,0.5174291938997821,24,0.625,1.4866501399484138,97.72803063267195,-0.2229887254478142,3.1527521421525297,438.26444783883534
NVDA,full_70_30,xgboost,2,0.005,42,"{""n_estimators"": ""110"", ""learning_rate"": 0.012596305351149504, ""max_depth"": ""3"", ""subsample"": 0.9960724059674086, ""colsample_bytree"": 0.724861094079061}",0.5766129032258065,0.5920597638154889,123,0.6260162601626016,2.6234062875387303,9.238127577097154,-0.1650649915419135,5.856077969648062,0.6097560975609756,0.6287738347457626,122,0.680327868852459,4.196008735092223,45.478751819618495,-0.18499867755297922,7.117661426953237,245.83284821911477
NVDA,full_70_30,xgboost,2,0.005,7,"{""n_estimators"": ""163"", ""learning_rate"": 0.01, ""max_depth"": ""3"", ""subsample"": 1.0, ""colsample_bytree"": 1.0}",0.5725806451612904,0.6060872969269916,123,0.6178861788617886,2.409573435709108,7.400132594228928,-0.1928518656651948,5.477872186792669,0.6016260162601627,0.6009666313559323,122,0.6639344262295082,3.842643497102612,33.27386561497804,-0.18499867755297922,6.657981011378757,179.86001875850815
NVDA,full_70_30,xgboost,2,0.005,1337,"{""n_estimators"": ""119"", ""learning_rate"": 0.010064293640983261, ""max_depth"": ""3"", ""subsample"": 0.9251015437326975, ""colsample_bytree"": 0.5940035183774007}",0.5806451612903226,0.5858615515104064,123,0.6260162601626016,2.627876565195076,9.280323619469526,-0.13844274376304078,5.870077832639054,0.6097560975609756,0.6311242055084745,122,0.6721311475409836,4.0991335084863225,41.79886639898283,-0.1849986775529794,7.0473740373969616,225.9414334840993
NVDA,full_70_30,xgboost,2,0.005,2024,"{""n_estimators"": ""50"", ""learning_rate"": 0.04756357523164991, ""max_depth"": ""3"", ""subsample"": 0.5, ""colsample_bytree"": 0.7591223442846113}",0.5806451612903226,0.608762314869185,123,0.5691056910569106,0.2583191814064225,-0.0048595640437998355,-0.49922953632674694,0.2812384867396973,0.556910569105691,0.5915651483050848,122,0.5327868852459017,1.23429416311153,1.7849495751634206,-0.24402591735924406,2.2417703404521307,7.3145901651737155
NVDA,full_70_30,xgboost,2,0.005,31415,"{""n_estimators"": ""245"", ""learning_rate"": 0.01, ""max_depth"": ""4"", ""subsample"": 1.0, ""colsample_bytree"": 0.735458008558448}",0.5725806451612904,0.5989430416911333,123,0.6178861788617886,2.117055608811483,5.373525494081211,-0.15728994071589472,4.190448116549945,0.6097560975609756,0.6342028601694915,122,0.6475409836065574,2.9768587112682683,14.609122617358516,-0.2776394920718718,5.151075557729146,52.61903668076403
NVDA,full_70_30,xgboost,5,0.01,42,"{""n_estimators"": ""500"", ""learning_rate"": 0.16469589910035953, ""max_depth"": ""3"", ""subsample"": 1.0, ""colsample_bytree"": 0.5277056410532547}",0.5346938775510204,0.6006854893443735,48,0.5208333333333334,0.3189800357354625,0.2550834182762398,-0.3398865440438385,0.6223963276515956,0.5528455284552846,0.5724598930481284,49,0.5306122448979592,1.5048027850364956,31.63472453533319,-0.19477022653721696,2.3229538126183895,162.42074108430728
NVDA,full_70_30,xgboost,5,0.01,7,"{""n_estimators"": ""470"", ""learning_rate"": 0.02261843057039234, ""max_depth"": ""3"", ""subsample"": 0.7361208502316243, ""colsample_bytree"": 0.5}",0.563265306122449,0.5996335007465726,48,0.5625,0.7738512739906702,2.7699684608828066,-0.21966695260375071,1.4123099423623215,0.556910569105691,0.5914438502673797,49,0.5918367346938775,1.5002348408316635,31.035345557208522,-0.30996856497091335,2.1388795365658058,100.1241708497789
NVDA,full_70_30,xgboost,5,0.01,1337,"{""n_estimators"": ""380"", ""learning_rate"": 0.01947669504683973, ""max_depth"": ""3"", ""subsample"": 0.6401400792523119, ""colsample_bytree"": 0.9661451745636844}",0.5551020408163265,0.5967150807655762,48,0.5208333333333334,0.35649100662879823,0.3743524063528929,-0.3082448285935002,0.6846377247772999,0.5650406504065041,0.5849598930481283,49,0.5510204081632653,1.3440576570007992,19.841134820128847,-0.30996856497091335,1.9859625278961262,64.01015155195071
NVDA,full_70_30,xgboost,5,0.01,2024,"{""n_estimators"": ""110"", ""learning_rate"": 0.22599395559286795, ""max_depth"": ""4"", ""subsample"": 0.9996070588542845, ""colsample_bytree"": 0.7013096869238824}",0.5306122448979592,0.6022804397991041,48,0.5208333333333334,0.3189800357354625,0.2550834182762398,-0.3398865440438385,0.6223963276515956,0.5447154471544715,0.5910762032085561,49,0.5102040816326531,1.3908752051642106,22.86522261678459,-0.19477022653721696,2.1958955470091976,117.39588243696718
NVDA,full_70_30,xgboost,5,0.01,31415,"{""n_estimators"": ""228"", ""learning_rate"": 0.26212397593883663, ""max_depth"": ""3"", ""subsample"": 0.9959047062806152, ""colsample_bytree"": 0.5011685165431468}",0.5591836734693878,0.5946111035699742,48,0.5208333333333334,0.3189800357354625,0.2550834182762398,-0.3398865440438385,0.6223963276515956,0.5609756097560976,0.5692513368983958,49,0.5102040816326531,0.8522611363248817,4.168058870525062,-0.40335538227169093,1.2703050905084212,10.333465360126404
NVDA,full_70_30,xgboost,10,0.01,42,"{""n_estimators"": ""500"", ""learning_rate"": 0.05651191365306139, ""max_depth"": ""3"", ""subsample"": 1.0, ""colsample_bytree"": 0.5}",0.6041666666666666,0.63373778998779,23,0.7391304347826086,1.477315951874088,1288.7038648321286,-0.27593352344238753,3.2464433545935703,0.483739837398374,0.5276041666666667,24,0.5,0.3351652425254962,0.6272171295312121,-0.3361462303085661,0.73358906000526,1.8659055880396365
NVDA,full_70_30,xgboost,10,0.01,7,"{""n_estimators"": ""500"", ""learning_rate"": 0.04869572222434894, ""max_depth"": ""3"", ""subsample"": 0.7608070304609941, ""colsample_bytree"": 0.5}",0.5833333333333334,0.6196581196581197,23,0.782608695652174,1.7166065588963957,4584.9975354690805,-0.27593352344238753,3.6062988596407717,0.491869918699187,0.5434027777777778,24,0.5416666666666666,0.453604581815055,2.0070844677428057,-0.30662403977680974,0.9773666581848202,6.54575051976927
NVDA,full_70_30,xgboost,10,0.01,1337,"{""n_estimators"": ""500"", ""learning_rate"": 0.022753162756084813, ""max_depth"": ""3"", ""subsample"": 1.0, ""colsample_bytree"": 0.5809611663326654}",0.5916666666666667,0.6231303418803419,23,0.782608695652174,1.728483231848701,4876.312966134709,-0.27593352344238753,3.5960199246157223,0.5,0.5353125000000001,24,0.5,-0.056546401079024575,-0.7944058415344913,-0.34830130676405413,-0.11820301938780423,-2.2808006347005665
NVDA,full_70_30,xgboost,10,0.01,2024,"{""n_estimators"": ""348"", ""learning_rate"": 0.10808128840722839, ""max_depth"": ""3"", ""subsample"": 1.0, ""colsample_bytree"": 0.5}",0.5541666666666667,0.6277090964590966,23,0.782608695652174,1.8733608946945859,10200.720548472505,-0.294170191594701,3.408428417734726,0.4959349593495935,0.5364930555555556,24,0.5,0.1381712274908804,-0.4194631256922632,-0.3361462303085661,0.3256946062681907,-1.2478590799819953
NVDA,full_70_30,xgboost,10,0.01,31415,"{""n_estimators"": ""500"", ""learning_rate"": 0.11623904627918068, ""max_depth"": ""3"", ""subsample"": 0.5118646428359983, ""colsample_bytree"": 0.520360145615881}",0.575,0.6169490231990232,23,0.782608695652174,1.7166065588963957,4584.9975354690805,-0.27593352344238753,3.6062988596407717,0.4959349593495935,0.540625,24,0.5833333333333334,1.0114978716333762,50.30513530704469,-0.2629231472377431,2.214069487113348,191.33018844307858
NVDA,equal_50_50,xgboost,2,0.005,42,"{""n_estimators"": ""377"", ""learning_rate"": 0.08980533209260004, ""max_depth"": ""4"", ""subsample"": 0.994258768000958, ""colsample_bytree"": 0.6513819993811409}",0.5443548387096774,0.59245122985581,123,0.5691056910569106,1.6654110529465103,3.136859720900982,-0.21151655751558457,3.54950509692567,0.5772357723577236,0.6200344279661016,122,0.6065573770491803,1.9332123748037953,4.648006684688622,-0.2532489359193288,2.96105359267925,18.353509237129515
NVDA,equal_50_50,xgboost,2,0.005,7,"{""n_estimators"": ""50"", ""learning_rate"": 0.01, ""max_depth"": ""6"", ""subsample"": 1.0, ""colsample_bytree"": 0.6326768231604452}",0.5887096774193549,0.6097409799699877,123,0.5853658536585366,1.3288410719864,1.9725093515596286,-0.2850450552353207,2.36291606891049,0.5853658536585366,0.6440015889830508,122,0.6311475409836066,2.8715799926856365,13.107453014763136,-0.28963084824491914,4.448420169336964,45.25572153032243
NVDA,equal_50_50,xgboost,2,0.005,1337,"{""n_estimators"": ""500"", ""learning_rate"": 0.01, ""max_depth"": ""3"", ""subsample"": 0.8588393706242885, ""colsample_bytree"": 0.8359936626987181}",0.5604838709677419,0.5947021595876557,123,0.5609756097560976,1.4315619949032297,2.294413762196399,-0.2277749940140496,3.006261923387554,0.573170731707317,0.6181475105932204,122,0.639344262295082,2.654307216730836,10.465694388128968,-0.2442021708180867,4.091340673343687,42.85668040160531
NVDA,equal_50_50,xgboost,2,0.005,2024,"{""n_estimators"": ""110"", ""learning_rate"": 0.22599395559286795, ""max_depth"": ""4"", ""subsample"": 0.9996070588542845, ""colsample_bytree"": 0.7013096869238824}",0.5766129032258065,0.6012592157630327,123,0.6178861788617886,2.4314460376098364,7.564614097258255,-0.21151655751558457,4.812721862028477,0.556910569105691,0.6187433792372882,122,0.5819672131147541,1.4748977353643795,2.552182920691808,-0.2661560394559566,2.262981574109309,9.589047559877528
NVDA,equal_50_50,xgboost,2,0.005,31415,"{""n_estimators"": ""57"", ""learning_rate"": 0.011071423905383938, ""max_depth"": ""3"", ""subsample"": 0.5840617158387955, ""colsample_bytree"": 0.9149514538224472}",0.5766129032258065,0.6082077379787303,123,0.5772357723577236,0.5664826456719981,0.35771130011521124,-0.36839755221418263,0.6306245978340022,0.573170731707317,0.6291379766949152,122,0.6147540983606558,2.352590746880577,7.563065557237437,-0.2366118813282277,3.814661586852724,31.96401429540202
NVDA,equal_50_50,xgboost,5,0.01,42,"{""n_estimators"": ""362"", ""learning_rate"": 0.15306460632532018, ""max_depth"": ""3"", ""subsample"": 0.5887913617501217, ""colsample_bytree"": 0.614128684908784}",0.5918367346938775,0.6164992534274467,48,0.625,2.287130780833476,114.3686390852551,-0.19820850331880507,4.238630328075395,0.5813008130081301,0.6052139037433155,49,0.5102040816326531,0.3023678409736879,0.040919520236982976,-0.37366404855454544,0.4497890097136786,0.10950884998241882
NVDA,equal_50_50,xgboost,5,0.01,7,"{""n_estimators"": ""364"", ""learning_rate"": 0.10901295228988728, ""max_depth"": ""3"", ""subsample"": 1.0, ""colsample_bytree"": 0.5006749299991463}",0.5714285714285714,0.6176530473734221,48,0.6041666666666666,1.7289728185709028,33.62039610302744,-0.19820850331880507,3.093026923361347,0.573170731707317,0.5928141711229946,49,0.4897959183673469,0.2775759129693651,-0.03184890830184983,-0.4033553822716909,0.4155751518514151,-0.07895991897387684
NVDA,equal_50_50,xgboost,5,0.01,1337,"{""n_estimators"": ""158"", ""learning_rate"": 0.07988138539410164, ""max_depth"": ""10"", ""subsample"": 0.8734469755857779, ""colsample_bytree"": 0.6814287161918334}",0.5877551020408164,0.6166689290077373,48,0.6458333333333334,2.547936486709806,195.46180359314315,-0.19820850331880507,4.547951887362238,0.573170731707317,0.6157085561497326,49,0.4897959183673469,0.7034217566361362,2.384410775270454,-0.3736640485545456,1.113471771991064,6.381161860484391
NVDA,equal_50_50,xgboost,5,0.01,2024,"{""n_estimators"": ""500"", ""learning_rate"": 0.29999999999999993, ""max_depth"": ""3"", ""subsample"": 0.8905195784849155, ""colsample_bytree"": 0.5931776371002989}",0.5959183673469388,0.6169064748201439,48,0.625,2.329294793988222,124.91454261375063,-0.19820850331880507,4.321109218073086,0.573170731707317,0.5867981283422459,49,0.4897959183673469,0.1022922606769396,-0.42122857570870975,-0.41220080858131175,0.15717310658309358,-1.0219013814127857
NVDA,equal_50_50,xgboost,5,0.01,31415,"{""n_estimators"": ""500"", ""learning_rate"": 0.08639020178534558, ""max_depth"": ""3"", ""subsample"": 0.8092859413528852, ""colsample_bytree"": 0.5}",0.6,0.6244400705850414,48,0.6458333333333334,2.145008569054359,84.39630683034517,-0.19820850331880507,3.640219512463254,0.5934959349593496,0.5979612299465241,49,0.4897959183673469,0.21094590567903068,-0.203751454320394,-0.3736640485545455,0.3181569237854397,-0.545279791054481
NVDA,equal_50_50,xgboost,10,0.01,42,"{""n_estimators"": ""388"", ""learning_rate"": 0.1141569388863128, ""max_depth"": ""3"", ""subsample"": 0.646827764005296, ""colsample_bytree"": 0.5}",0.5708333333333333,0.5986340048840049,23,0.6956521739130435,2.147132284447206,40889.46180204997,-0.19698134382691218,6.867746420510978,0.5,0.5406597222222222,24,0.4583333333333333,-1.274104891088462,-0.9996265247398346,-0.5850669738437334,-1.959006212103303,-1.7085676844354347
NVDA,equal_50_50,xgboost,10,0.01,7,"{""n_estimators"": ""254"", ""learning_rate"": 0.24602791604109148, ""max_depth"": ""3"", ""subsample"": 0.5, ""colsample_bytree"": 0.5}",0.5583333333333333,0.6167963980463981,23,0.6521739130434783,0.6008839896284601,6.523827349042507,-0.362458695200608,1.0215878623960064,0.5,0.5392013888888889,24,0.5,-0.9015173834482351,-0.9976712147571037,-0.5265278780731377,-1.3538510998484208,-1.8948117588913715
NVDA,equal_50_50,xgboost,10,0.01,1337,"{""n_estimators"": ""312"", ""learning_rate"": 0.13895673914481685, ""max_depth"": ""3"", ""subsample"": 0.6224498629632945, ""colsample_bytree"": 0.5}",0.5833333333333334,0.607257326007326,23,0.7391304347826086,2.619783109206878,336170.4848870181,-0.12558611203169565,8.222432969067981,0.4878048780487805,0.5469444444444445,24,0.5,-1.242761893141559,-0.999572320187207,-0.5796767401245752,-1.8542391001153347,-1.7243616157039428
NVDA,equal_50_50,xgboost,10,0.01,2024,"{""n_estimators"": ""50"", ""learning_rate"": 0.050053244791658735, ""max_depth"": ""3"", ""subsample"": 1.0, ""colsample_bytree"": 0.8461704467315755}",0.5875,0.6104242979242979,23,0.5652173913043478,-0.37522418606799557,-0.9875580899629017,-0.4619192836113598,-0.4299763536232621,0.5284552845528455,0.5483333333333332,24,0.4166666666666667,-1.2103571926127186,-0.9994971965159735,-0.5731485982283404,-1.7354129190915817,-1.7438709605249305
NVDA,equal_50_50,xgboost,10,0.01,31415,"{""n_estimators"": ""50"", ""learning_rate"": 0.037776493431701884, ""max_depth"": ""3"", ""subsample"": 1.0, ""colsample_bytree"": 0.9428934372989691}",0.65,0.6110729548229549,23,0.6521739130434783,1.9394483547760133,15053.395263258784,-0.1820980454315176,7.68404547343637,0.5975609756097561,0.5531597222222222,24,0.5416666666666666,1.7856400416352658,1924.473546335469,-0.18033082467944014,5.442233311226141,10671.905647614343
NVDA,news_only,xgboost,2,0.005,42,"{""n_estimators"": ""68"", ""learning_rate"": 0.01, ""max_depth"": ""6"", ""subsample"": 0.5, ""colsample_bytree"": 0.6818068062351954}",0.5806451612903226,0.6202453187186012,123,0.6260162601626016,2.454240870879837,7.746765740668906,-0.11124198109513045,4.714964919100895,0.6138211382113821,0.6546941207627118,122,0.639344262295082,2.105266449885545,5.706339156711545,-0.235949133634133,3.278448406632439,24.184615848430695
NVDA,news_only,xgboost,2,0.005,7,"{""n_estimators"": ""113"", ""learning_rate"": 0.01, ""max_depth"": ""9"", ""subsample"": 0.9212883585657261, ""colsample_bytree"": 0.5}",0.6008064516129032,0.6202126965485744,123,0.6260162601626016,1.9138187975561562,4.249875294674184,-0.23984265077191777,3.5856571347254844,0.5934959349593496,0.6542637711864406,122,0.6311475409836066,2.839875000037584,12.697117757564063,-0.2599794180445204,4.652538544349574,48.83893445514881
NVDA,news_only,xgboost,2,0.005,1337,"{""n_estimators"": ""50"", ""learning_rate"": 0.0442322889082944, ""max_depth"": ""8"", ""subsample"": 1.0, ""colsample_bytree"": 1.0}",0.5806451612903226,0.6240621126117308,123,0.6504065040650406,2.7615143929019452,10.607169749369644,-0.13466514568369203,5.429385740522339,0.5894308943089431,0.6237089512711865,122,0.639344262295082,2.97282971401931,14.523736957434737,-0.20915021118809962,4.761536554930075,69.44165571208909
NVDA,news_only,xgboost,2,0.005,2024,"{""n_estimators"": ""275"", ""learning_rate"": 0.01, ""max_depth"": ""3"", ""subsample"": 0.6442989583059192, ""colsample_bytree"": 0.8008650102280228}",0.5685483870967742,0.6216806941997781,123,0.6260162601626016,2.558897415360004,8.64746261491416,-0.14441856689314683,5.738778156038897,0.6219512195121951,0.6934255826271186,122,0.6639344262295082,3.8932826287503546,34.827532742870225,-0.19518931510553908,6.792458805377057,178.42950432014652
NVDA,news_only,xgboost,2,0.005,31415,"{""n_estimators"": ""50"", ""learning_rate"": 0.041295855172643156, ""max_depth"": ""12"", ""subsample"": 0.9808697890112268, ""colsample_bytree"": 0.995642152943493}",0.592741935483871,0.6329679650290336,123,0.6422764227642277,2.6636538072835605,9.608497491282597,-0.1967190291346552,4.940493686453412,0.6016260162601627,0.6380760063559322,122,0.6639344262295082,3.189074072129803,17.990598763809274,-0.22307523423684708,5.072637532235859,80.64812225954228
NVDA,news_only,xgboost,5,0.01,42,"{""n_estimators"": ""138"", ""learning_rate"": 0.24350995097409311, ""max_depth"": ""4"", ""subsample"": 0.6634976692850759, ""colsample_bytree"": 0.7029253058279733}",0.5551020408163265,0.5846681145649519,48,0.5625,-0.15852343944949068,-0.6290739884757336,-0.5149110864260638,-0.1984906944109417,0.5447154471544715,0.5668783422459893,49,0.6122448979591837,1.5588898508266,37.61017649596554,-0.2637259738582426,3.056022073434614,142.61081662051868
NVDA,news_only,xgboost,5,0.01,7,"{""n_estimators"": ""312"", ""learning_rate"": 0.05766580394839627, ""max_depth"": ""12"", ""subsample"": 1.0, ""colsample_bytree"": 1.0}",0.5469387755102041,0.5775417401927515,48,0.5833333333333334,0.35503527927069045,0.3099640534184922,-0.5415001945177784,0.4549602406427742,0.5609756097560976,0.5574197860962566,49,0.5918367346938775,2.1118389324648428,165.8259154171911,-0.23836696857480064,3.881690746179964,695.6748932482824
NVDA,news_only,xgboost,5,0.01,1337,"{""n_estimators"": ""50"", ""learning_rate"": 0.01, ""max_depth"": ""3"", ""subsample"": 0.8505470280589833, ""colsample_bytree"": 1.0}",0.5183673469387755,0.5884349124474006,48,0.4791666666666667,-0.7426830436942252,-0.9107088406105015,-0.4974503271778334,-0.9657653117262517,0.524390243902439,0.5932152406417113,49,0.5306122448979592,0.6253838511270697,1.6974042535883762,-0.39649426035775354,0.9845170184782424,4.281031084931273
NVDA,news_only,xgboost,5,0.01,2024,"{""n_estimators"": ""104"", ""learning_rate"": 0.12786971543709294, ""max_depth"": ""4"", ""subsample"": 0.9555338048201659, ""colsample_bytree"": 0.5244584404361924}",0.5346938775510204,0.5820551106284784,48,0.5208333333333334,-0.3542664828634601,-0.770397455519094,-0.5758300615648851,-0.44801311600859023,0.5487804878048781,0.5802807486631016,49,0.5510204081632653,1.0174675674477285,7.334916041971146,-0.3373347099218398,1.5673082720273068,21.743733527067647
NVDA,news_only,xgboost,5,0.01,31415,"{""n_estimators"": ""340"", ""learning_rate"": 0.06368862518868801, ""max_depth"": ""5"", ""subsample"": 0.8334288747439906, ""colsample_bytree"": 0.715940846134589}",0.5551020408163265,0.5744875797475227,48,0.5416666666666666,0.2097738642977081,-0.0809082917689824,-0.5149110864260639,0.27378513114837144,0.5528455284552846,0.5664104278074866,49,0.5918367346938775,1.9734625594586996,115.43442110701588,-0.2211478530608079,3.537225728062225,521.9784841197417
NVDA,news_only,xgboost,10,0.01,42,"{""n_estimators"": ""50"", ""learning_rate"": 0.025106542062886813, ""max_depth"": ""4"", ""subsample"": 0.9470088301136594, ""colsample_bytree"": 1.0}",0.5333333333333333,0.5963446275946276,23,0.6521739130434783,-0.13039667484577394,-0.94303959541653,-0.4781682647421006,-0.14352935125636906,0.45528455284552843,0.5292013888888888,24,0.4583333333333333,-0.698490029867544,-0.9930500412828943,-0.304088932877892,-1.1966377565033597,-3.2656566350004494
NVDA,news_only,xgboost,10,0.01,7,"{""n_estimators"": ""180"", ""learning_rate"": 0.012041087896833284, ""max_depth"": ""3"", ""subsample"": 0.9935223381945006, ""colsample_bytree"": 0.9523267342777664}",0.5541666666666667,0.5973366910866911,23,0.6086956521739131,0.5838174071119115,4.1266594926681455,-0.49209950311867323,0.6555756334059889,0.483739837398374,0.5418749999999999,24,0.4583333333333333,-1.0018914075708165,-0.9986065605234412,-0.5296321298496224,-1.4032937627027688,-1.8854720177323343
NVDA,news_only,xgboost,10,0.01,1337,"{""n_estimators"": ""50"", ""learning_rate"": 0.29999999999999993, ""max_depth"": ""3"", ""subsample"": 0.5, ""colsample_bytree"": 1.0}",0.5333333333333333,0.6105769230769231,23,0.6086956521739131,1.274751659660317,438.8890863334022,-0.2656799220622794,3.872691542512403,0.483739837398374,0.5248263888888889,24,0.5833333333333334,0.5349909351480884,3.5272129912409467,-0.32369190157112665,1.073990545489764,10.896821867092317
NVDA,news_only,xgboost,10,0.01,2024,"{""n_estimators"": ""105"", ""learning_rate"": 0.03114365100861794, ""max_depth"": ""3"", ""subsample"": 1.0, ""colsample_bytree"": 1.0}",0.55,0.5964590964590964,23,0.6086956521739131,0.5838174071119115,4.1266594926681455,-0.49209950311867323,0.6555756334059889,0.483739837398374,0.544375,24,0.5,-0.4994894394309797,-0.9818404138785547,-0.4155726618010748,-0.6993933319679447,-2.362620316801636
NVDA,news_only,xgboost,10,0.01,31415,"{""n_estimators"": ""50"", ""learning_rate"": 0.05577649415458826, ""max_depth"": ""3"", ""subsample"": 1.0, ""colsample_bytree"": 1.0}",0.55,0.5969551282051282,23,0.6086956521739131,0.5838174071119115,4.1266594926681455,-0.49209950311867323,0.6555756334059889,0.483739837398374,0.5510763888888888,24,0.5,-0.4994894394309797,-0.9818404138785547,-0.4155726618010748,-0.6993933319679447,-2.362620316801636
NVDA,social_only,xgboost,2,0.005,42,"{""n_estimators"": ""317"", ""learning_rate"": 0.01990608070690983, ""max_depth"": ""11"", ""subsample"": 0.851166098816776, ""colsample_bytree"": 0.5}",0.5524193548387096,0.5661251386442226,123,0.5528455284552846,1.3011817447762815,1.8984072031090222,-0.295024451139888,2.680530187968314,0.5284552845528455,0.5879568326271187,122,0.5327868852459017,1.2262980010002,1.7602585223118963,-0.28141255663280795,2.165512848502583,6.255081661507779
NVDA,social_only,xgboost,2,0.005,7,"{""n_estimators"": ""50"", ""learning_rate"": 0.29999999999999993, ""max_depth"": ""7"", ""subsample"": 1.0, ""colsample_bytree"": 1.0}",0.5725806451612904,0.582925556207999,123,0.6097560975609756,2.3643852362868287,7.047707094318918,-0.21611486054450973,4.9429826438188345,0.540650406504065,0.5879568326271187,122,0.5409836065573771,1.6601438623493756,3.3041835232910275,-0.2814125566328081,3.047147116515681,11.741421785959545
NVDA,social_only,xgboost,2,0.005,1337,"{""n_estimators"": ""50"", ""learning_rate"": 0.01, ""max_depth"": ""12"", ""subsample"": 1.0, ""colsample_bytree"": 0.5}",0.5564516129032258,0.5870359496313694,123,0.5691056910569106,1.2983233009884396,1.888807886756012,-0.38523185658564624,2.526355666850874,0.540650406504065,0.5794822563559322,122,0.5327868852459017,1.058949727326802,1.3219417436154197,-0.35296365875727037,1.8783941676300906,3.7452630343581803
NVDA,social_only,xgboost,2,0.005,2024,"{""n_estimators"": ""50"", ""learning_rate"": 0.29999999999999993, ""max_depth"": ""6"", ""subsample"": 1.0, ""colsample_bytree"": 0.8008772596827416}",0.5604838709677419,0.5845892868793632,123,0.5609756097560976,1.511196033428921,2.5596040347855644,-0.26214642385668235,3.077031796165718,0.516260162601626,0.5933858580508474,122,0.5245901639344263,1.0643523199592209,1.3355726522719187,-0.28174886912637365,1.9169451146754122,4.7402946333490705
NVDA,social_only,xgboost,2,0.005,31415,"{""n_estimators"": ""402"", ""learning_rate"": 0.01, ""max_depth"": ""11"", ""subsample"": 1.0, ""colsample_bytree"": 0.5187798072680591}",0.5645161290322581,0.5844587981992562,123,0.5691056910569106,1.5395557142503877,2.6590946103854933,-0.29502445113988796,3.1037589563081673,0.532520325203252,0.5735897775423728,122,0.5245901639344263,1.222862233630252,1.7505215193421857,-0.28141255663280795,2.151855088542269,6.220481204846509
NVDA,social_only,xgboost,5,0.01,42,"{""n_estimators"": ""369"", ""learning_rate"": 0.29999999999999993, ""max_depth"": ""3"", ""subsample"": 0.9464760974609826, ""colsample_bytree"": 0.5}",0.5836734693877551,0.600447943531967,48,0.4583333333333333,-0.22703405467194956,-0.6850885618887079,-0.5745162904685935,-0.30528795828135213,0.556910569105691,0.5709558823529413,49,0.5510204081632653,0.9201564537735435,5.32115808770508,-0.3621700209532488,1.411489954611281,14.692431123093893
NVDA,social_only,xgboost,5,0.01,7,"{""n_estimators"": ""413"", ""learning_rate"": 0.13670457941564593, ""max_depth"": ""3"", ""subsample"": 1.0, ""colsample_bytree"": 0.6137288291654183}",0.563265306122449,0.6041808062983575,48,0.5,-0.4534420677278988,-0.8192647335281172,-0.6172189276663698,-0.6009572993761303,0.5772357723577236,0.5819518716577541,49,0.6326530612244898,1.9610343984590801,110.87481219382072,-0.25903805672445684,3.1129563915910548,428.0251851632755
NVDA,social_only,xgboost,5,0.01,1337,"{""n_estimators"": ""500"", ""learning_rate"": 0.05187552866657567, ""max_depth"": ""3"", ""subsample"": 1.0, ""colsample_bytree"": 0.5}",0.5428571428571428,0.5941020768291028,48,0.5,-0.3573049011770101,-0.7715800145518653,-0.6120515002349414,-0.4663094772445162,0.6016260162601627,0.5787767379679144,49,0.5918367346938775,1.8044872072411797,73.1153251605007,-0.25903805672445684,2.961398246772103,282.25707868969505
NVDA,social_only,xgboost,5,0.01,2024,"{""n_estimators"": ""500"", ""learning_rate"": 0.29999999999999993, ""max_depth"": ""3"", ""subsample"": 1.0, ""colsample_bytree"": 0.5}",0.5795918367346938,0.6038075200217184,48,0.4791666666666667,-0.22864850994794733,-0.6863430096607382,-0.5491689081172374,-0.306750554779261,0.5487804878048781,0.5700868983957219,49,0.5306122448979592,0.42373912067600983,0.4914399195734267,-0.4348174431529936,0.6363287165273352,1.1302212625368622
NVDA,social_only,xgboost,5,0.01,31415,"{""n_estimators"": ""171"", ""learning_rate"": 0.1390643390621234, ""max_depth"": ""6"", ""subsample"": 0.8771825697732055, ""colsample_bytree"": 0.5}",0.5591836734693878,0.5932197638115924,48,0.4791666666666667,-0.2501837047520513,-0.7026309095630696,-0.5355423283860697,-0.3332449757774489,0.5609756097560976,0.5784425133689839,49,0.5306122448979592,0.82258610104128,3.7801954482821376,-0.3958999098013918,1.2838953483036972,9.548361478987253
NVDA,social_only,xgboost,10,0.01,42,"{""n_estimators"": ""299"", ""learning_rate"": 0.29999999999999993, ""max_depth"": ""3"", ""subsample"": 0.7521817724944849, ""colsample_bytree"": 0.5424864421666902}",0.5791666666666667,0.6063034188034189,23,0.4782608695652174,-0.5804196483789377,-0.9964466715556181,-0.6013941176225418,-0.702711075989746,0.524390243902439,0.5063541666666667,24,0.375,-1.1491541882503433,-0.9992975043961506,-0.5124870129331432,-1.8427686512450645,-1.9498982006916037
NVDA,social_only,xgboost,10,0.01,7,"{""n_estimators"": ""316"", ""learning_rate"": 0.23968427245971177, ""max_depth"": ""6"", ""subsample"": 0.5, ""colsample_bytree"": 0.600846893026343}",0.5708333333333333,0.6155372405372406,23,0.4782608695652174,-0.5804196483789377,-0.9964466715556181,-0.6013941176225418,-0.702711075989746,0.45121951219512196,0.4948611111111111,24,0.4583333333333333,-1.2549298987378026,-0.9995861033023243,-0.43606605412469757,-1.968339144491185,-2.2922813960118127
NVDA,social_only,xgboost,10,0.01,1337,"{""n_estimators"": ""258"", ""learning_rate"": 0.09858258021593895, ""max_depth"": ""10"", ""subsample"": 0.5, ""colsample_bytree"": 0.5590955602984725}",0.5875,0.6029456654456654,23,0.4782608695652174,-0.5804196483789377,-0.9964466715556181,-0.6013941176225418,-0.702711075989746,0.491869918699187,0.4957986111111111,24,0.4166666666666667,-1.355324435623874,-0.9997434779880705,-0.4884716603018175,-2.080269402884097,-2.0466765203335395
NVDA,social_only,xgboost,10,0.01,2024,"{""n_estimators"": ""304"", ""learning_rate"": 0.19004569034690943, ""max_depth"": ""5"", ""subsample"": 0.8525311276743043, ""colsample_bytree"": 0.5}",0.5708333333333333,0.595734126984127,23,0.4782608695652174,-0.5804196483789377,-0.9964466715556181,-0.6013941176225418,-0.702711075989746,0.4959349593495935,0.506875,24,0.375,-1.498005056584969,-0.9998682102160764,-0.49429886146565455,-2.3044390041385774,-2.022800957403278
NVDA,social_only,xgboost,10,0.01,31415,"{""n_estimators"": ""398"", ""learning_rate"": 0.07228801085408211, ""max_depth"": ""7"", ""subsample"": 0.5073918435092307, ""colsample_bytree"": 0.6125702350010027}",0.5708333333333333,0.6036324786324787,23,0.5217391304347826,-0.3744320987124998,-0.9873648858990053,-0.5813472907310243,-0.4387112185385993,0.4796747967479675,0.5053124999999999,24,0.4166666666666667,-1.4124174669457839,-0.9998039878365566,-0.474814048277355,-2.1829328966632464,-2.1056748246263703
NVDA,sentiment_only,xgboost,2,0.005,42,"{""n_estimators"": ""50"", ""learning_rate"": 0.017313470126995426, ""max_depth"": ""3"", ""subsample"": 1.0, ""colsample_bytree"": 1.0}",0.5161290322580645,0.527826711032818,123,0.5121951219512195,-1.0207575637759567,-0.7258986310675078,-0.5322162651440233,-1.1147108427682846,0.5121951219512195,0.5239340572033898,122,0.47540983606557374,-0.7773571111203366,-0.663643380922148,-0.5161674771415052,-1.2330937304007066,-1.2857132816607368
NVDA,sentiment_only,xgboost,2,0.005,7,"{""n_estimators"": ""50"", ""learning_rate"": 0.01, ""max_depth"": ""3"", ""subsample"": 1.0, ""colsample_bytree"": 1.0}",0.5241935483870968,0.5228355190187252,123,0.5121951219512195,-1.0207575637759567,-0.7258986310675078,-0.5322162651440233,-1.1147108427682846,0.516260162601626,0.5262513241525424,122,0.48360655737704916,-0.5333874869941719,-0.565224794629347,-0.45215440907887,-0.8450191097419189,-1.2500702929798346
NVDA,sentiment_only,xgboost,2,0.005,1337,"{""n_estimators"": ""50"", ""learning_rate"": 0.01, ""max_depth"": ""3"", ""subsample"": 1.0, ""colsample_bytree"": 1.0}",0.5241935483870968,0.5228355190187252,123,0.5121951219512195,-1.0207575637759567,-0.7258986310675078,-0.5322162651440233,-1.1147108427682846,0.516260162601626,0.5262513241525424,122,0.48360655737704916,-0.5333874869941719,-0.565224794629347,-0.45215440907887,-0.8450191097419189,-1.2500702929798346
NVDA,sentiment_only,xgboost,2,0.005,2024,"{""n_estimators"": ""50"", ""learning_rate"": 0.01, ""max_depth"": ""3"", ""subsample"": 1.0, ""colsample_bytree"": 0.5}",0.5241935483870968,0.5228355190187252,123,0.5121951219512195,-1.0207575637759567,-0.7258986310675078,-0.5322162651440233,-1.1147108427682846,0.516260162601626,0.5262513241525424,122,0.48360655737704916,-0.5333874869941719,-0.565224794629347,-0.45215440907887,-0.8450191097419189,-1.2500702929798346
NVDA,sentiment_only,xgboost,2,0.005,31415,"{""n_estimators"": ""56"", ""learning_rate"": 0.01, ""max_depth"": ""3"", ""subsample"": 0.9996962268898042, ""colsample_bytree"": 0.7389309983881276}",0.5241935483870968,0.5275004893325503,123,0.5121951219512195,-1.0207575637759567,-0.7258986310675078,-0.5322162651440233,-1.1147108427682846,0.516260162601626,0.5317465572033899,122,0.48360655737704916,-0.5333874869941719,-0.565224794629347,-0.45215440907887,-0.8450191097419189,-1.2500702929798346
NVDA,sentiment_only,xgboost,5,0.01,42,"{""n_estimators"": ""50"", ""learning_rate"": 0.01, ""max_depth"": ""3"", ""subsample"": 0.5, ""colsample_bytree"": 0.5}",0.4897959183673469,0.553176326863038,48,0.4166666666666667,-1.539640960600388,-0.9864176238356572,-0.5600325733224443,-2.0626519823209897,0.4715447154471545,0.5063502673796791,49,0.46938775510204084,-0.19129042794303583,-0.7564624914867545,-0.4931436754904406,-0.2939660842252522,-1.533959633030756
NVDA,sentiment_only,xgboost,5,0.01,7,"{""n_estimators"": ""50"", ""learning_rate"": 0.01, ""max_depth"": ""3"", ""subsample"": 0.5, ""colsample_bytree"": 0.5}",0.49795918367346936,0.5541943803447807,48,0.4375,-1.1323622559185873,-0.9648973273956357,-0.45583227796403814,-1.48492909870849,0.4634146341463415,0.506216577540107,49,0.3877551020408163,-0.9102869025857453,-0.9701866619245906,-0.575101405801805,-1.4328860612722785,-1.6869836382541243
NVDA,sentiment_only,xgboost,5,0.01,1337,"{""n_estimators"": ""129"", ""learning_rate"": 0.01, ""max_depth"": ""3"", ""subsample"": 0.5, ""colsample_bytree"": 1.0}",0.5142857142857142,0.5580629835754038,48,0.5,-0.037056225036099295,-0.47542155926015894,-0.25974749719520407,-0.0725692512166503,0.45934959349593496,0.5033422459893049,49,0.42857142857142855,-0.33251584752613716,-0.8391179539157454,-0.4964167319979282,-0.5194219400226876,-1.6903498609697296
NVDA,sentiment_only,xgboost,5,0.01,2024,"{""n_estimators"": ""213"", ""learning_rate"": 0.01, ""max_depth"": ""3"", ""subsample"": 0.5, ""colsample_bytree"": 1.0}",0.49387755102040815,0.5636962128410479,48,0.4583333333333333,-1.1737333968481478,-0.9681798012522348,-0.5100010534705334,-1.5350827355331462,0.46747967479674796,0.49816176470588236,49,0.42857142857142855,-0.3245463443930369,-0.8353130614533358,-0.5083442915447068,-0.5063302225781839,-1.6432033866556628
NVDA,sentiment_only,xgboost,5,0.01,31415,"{""n_estimators"": ""50"", ""learning_rate"": 0.01, ""max_depth"": ""3"", ""subsample"": 0.5355469194999397, ""colsample_bytree"": 0.5}",0.5142857142857142,0.5784579883263201,48,0.4583333333333333,-0.9453228663137297,-0.9452300407273219,-0.44910351024174394,-1.2221930521956346,0.45934959349593496,0.5221925133689839,49,0.3877551020408163,-0.9102869025857453,-0.9701866619245906,-0.575101405801805,-1.4328860612722785,-1.6869836382541243
NVDA,sentiment_only,xgboost,10,0.01,42,"{""n_estimators"": ""50"", ""learning_rate"": 0.12019851952117215, ""max_depth"": ""3"", ""subsample"": 0.5, ""colsample_bytree"": 0.6912624064623588}",0.49166666666666664,0.5760836385836385,23,0.7391304347826086,1.5333507557128339,1738.9146896664167,-0.3624586952006081,3.026725947609994,0.4349593495934959,0.4753124999999999,24,0.5416666666666666,-0.02771581939386927,-0.762855877769937,-0.25595225872369254,-0.056882887996904184,-2.9804615969162467
NVDA,sentiment_only,xgboost,10,0.01,7,"{""n_estimators"": ""50"", ""learning_rate"": 0.01, ""max_depth"": ""3"", ""subsample"": 0.5, ""colsample_bytree"": 0.5}",0.5458333333333333,0.5619276556776557,23,0.6086956521739131,-0.2945185608638185,-0.9793355769643772,-0.5236423153984602,-0.3372442676281527,0.483739837398374,0.5149305555555556,24,0.5,-0.4379298117961233,-0.9750280447905442,-0.4221567896885243,-0.6029536313351546,-2.309634876439958
NVDA,sentiment_only,xgboost,10,0.01,1337,"{""n_estimators"": ""50"", ""learning_rate"": 0.04421200176495488, ""max_depth"": ""3"", ""subsample"": 0.6990801400953086, ""colsample_bytree"": 0.5}",0.48333333333333334,0.5589896214896215,23,0.6521739130434783,0.0910629496375488,-0.7707781521074626,-0.5518879328984299,0.09683241479813282,0.4634146341463415,0.5187152777777778,24,0.4166666666666667,-1.8791400071884286,-0.9999769786174605,-0.6098026925654986,-2.6511598219670107,-1.639836935469178
NVDA,sentiment_only,xgboost,10,0.01,2024,"{""n_estimators"": ""50"", ""learning_rate"": 0.01, ""max_depth"": ""7"", ""subsample"": 0.5, ""colsample_bytree"": 0.5}",0.5583333333333333,0.5586843711843711,23,0.6956521739130435,1.0579837714290328,120.64562137159983,-0.27593352344238753,2.5132477561815607,0.4878048780487805,0.48392361111111104,24,0.5833333333333334,1.486352300005976,497.9688754745539,-0.33191146865389,3.6612409135382102,1500.3063241355633
NVDA,sentiment_only,xgboost,10,0.01,31415,"{""n_estimators"": ""290"", ""learning_rate"": 0.027679650776926724, ""max_depth"": ""3"", ""subsample"": 0.6037810885507287, ""colsample_bytree"": 0.5}",0.4791666666666667,0.5617750305250304,23,0.6521739130434783,1.0357309316656444,105.62326389356194,-0.3624586952006081,2.1055390278598773,0.4796747967479675,0.4854513888888889,24,0.5,-0.22799794509591365,-0.9188852595864381,-0.30870354404781464,-0.4070634200935677,-2.976594461915582
NVDA,technical_only,xgboost,2,0.005,42,"{""n_estimators"": ""64"", ""learning_rate"": 0.021241224876763363, ""max_depth"": ""3"", ""subsample"": 0.8846890314679117, ""colsample_bytree"": 0.8220981542337784}",0.5725806451612904,0.5773471651334247,123,0.6260162601626016,2.6234062875387303,9.238127577097154,-0.1650649915419135,5.856077969648062,0.5975609756097561,0.594676906779661,122,0.6557377049180327,3.9152201994663565,35.52141078459558,-0.1849986775529794,6.902971662820625,192.00899841255924
NVDA,technical_only,xgboost,2,0.005,7,"{""n_estimators"": ""272"", ""learning_rate"": 0.01, ""max_depth"": ""12"", ""subsample"": 0.7363126894258825, ""colsample_bytree"": 0.9380090908343308}",0.5685483870967742,0.5753572127617929,123,0.6178861788617886,2.716992930605172,10.15622216711523,-0.14441856689314683,6.139846304699329,0.6219512195121951,0.5921279131355932,122,0.6721311475409836,4.266145623724246,48.34960177102973,-0.1434834379584576,7.822216553472301,336.96991415154315
NVDA,technical_only,xgboost,2,0.005,1337,"{""n_estimators"": ""405"", ""learning_rate"": 0.01018337202569181, ""max_depth"": ""7"", ""subsample"": 0.6905343293557247, ""colsample_bytree"": 0.7602501390880785}",0.5725806451612904,0.5730084165198669,123,0.6260162601626016,2.735262796570077,10.343795035584435,-0.14441856689314683,6.196979284226844,0.6219512195121951,0.615035752118644,122,0.6721311475409836,4.266145623724246,48.34960177102973,-0.1434834379584576,7.822216553472301,336.96991415154315
NVDA,technical_only,xgboost,2,0.005,2024,"{""n_estimators"": ""234"", ""learning_rate"": 0.2606800484078371, ""max_depth"": ""7"", ""subsample"": 0.5787525520688622, ""colsample_bytree"": 0.5200531461093505}",0.5725806451612904,0.5787499184445749,123,0.6260162601626016,2.8831129820729955,11.973012019235746,-0.14441856689314692,6.343382556067768,0.6178861788617886,0.5972921080508473,122,0.6557377049180327,3.6256662661461605,27.26730534897158,-0.14348343795845742,6.030605103300368,190.03799837069872
NVDA,technical_only,xgboost,2,0.005,31415,"{""n_estimators"": ""50"", ""learning_rate"": 0.025199007459669423, ""max_depth"": ""5"", ""subsample"": 0.5, ""colsample_bytree"": 0.9808966740327046}",0.5685483870967742,0.5867097279311019,123,0.6260162601626016,2.735262796570077,10.343795035584435,-0.14441856689314683,6.196979284226844,0.6056910569105691,0.6329780190677966,122,0.6639344262295082,4.320322428328501,50.64831615467063,-0.15490616386597855,7.8510525901688055,326.96127055660907
NVDA,technical_only,xgboost,5,0.01,42,"{""n_estimators"": ""255"", ""learning_rate"": 0.2900420197504644, ""max_depth"": ""3"", ""subsample"": 1.0, ""colsample_bytree"": 0.5}",0.5836734693877551,0.6086263065019683,48,0.625,2.3400889487362377,128.0016677225488,-0.15837529400910255,4.7802287209314125,0.6056910569105691,0.5797794117647058,49,0.6938775510204082,3.2884166653333877,2705.490767328615,-0.22216493715578794,5.276249811785436,12177.847692642217
NVDA,technical_only,xgboost,5,0.01,7,"{""n_estimators"": ""434"", ""learning_rate"": 0.07625957730372879, ""max_depth"": ""3"", ""subsample"": 0.5932228360370712, ""colsample_bytree"": 1.0}",0.5877551020408164,0.6084226958056196,48,0.6458333333333334,2.828342791107452,341.05006095628744,-0.1583752940091025,6.042343684154748,0.6056910569105691,0.5878008021390373,49,0.7142857142857143,3.347347307993312,3070.3329573616547,-0.22216493715578794,5.2622792068223845,13820.060882103353
NVDA,technical_only,xgboost,5,0.01,1337,"{""n_estimators"": ""343"", ""learning_rate"": 0.03188310863414173, ""max_depth"": ""8"", ""subsample"": 0.7336958230924039, ""colsample_bytree"": 0.957096500497913}",0.5877551020408164,0.6030609474684403,48,0.625,2.3400889487362377,128.0016677225488,-0.15837529400910255,4.7802287209314125,0.5894308943089431,0.5717580213903742,49,0.6530612244897959,3.039810152739452,1564.6224900569885,-0.222164937155788,5.219548571101767,7042.616670693779
NVDA,technical_only,xgboost,5,0.01,2024,"{""n_estimators"": ""269"", ""learning_rate"": 0.15500702299484462, ""max_depth"": ""12"", ""subsample"": 0.6034262274057769, ""colsample_bytree"": 0.511074267457894}",0.5877551020408164,0.609237138591014,48,0.625,2.3400889487362377,128.0016677225488,-0.15837529400910255,4.7802287209314125,0.5934959349593496,0.5609291443850267,49,0.6530612244897959,3.039810152739452,1564.6224900569885,-0.222164937155788,5.219548571101767,7042.616670693779
NVDA,technical_only,xgboost,5,0.01,31415,"{""n_estimators"": ""474"", ""learning_rate"": 0.06451294025833847, ""max_depth"": ""3"", ""subsample"": 0.7909404752571674, ""colsample_bytree"": 0.5540398423864192}",0.5877551020408164,0.6090335278946655,48,0.625,2.3400889487362377,128.0016677225488,-0.15837529400910255,4.7802287209314125,0.5975609756097561,0.5728275401069518,49,0.6938775510204082,3.2884166653333877,2705.490767328615,-0.22216493715578794,5.276249811785436,12177.847692642217
NVDA,technical_only,xgboost,10,0.01,42,"{""n_estimators"": ""479"", ""learning_rate"": 0.05591392669064478, ""max_depth"": ""4"", ""subsample"": 0.5, ""colsample_bytree"": 0.7013357437036736}",0.6625,0.6129807692307693,23,0.6956521739130435,2.3443786504700306,101983.141311433,-0.18209804543151775,9.108168212523596,0.6138211382113821,0.5452430555555555,24,0.5833333333333334,2.0425452368512635,5682.484119633154,-0.18033082467944014,5.830557027678796,31511.44087392966
NVDA,technical_only,xgboost,10,0.01,7,"{""n_estimators"": ""109"", ""learning_rate"": 0.29999999999999993, ""max_depth"": ""6"", ""subsample"": 0.9086995732944672, ""colsample_bytree"": 0.5422618062457237}",0.65,0.6104624542124542,23,0.6956521739130435,2.3443786504700306,101983.141311433,-0.18209804543151775,9.108168212523596,0.6097560975609756,0.5378819444444445,24,0.625,2.192783371498111,10408.032685854256,-0.18033082467944014,5.993588923222798,57716.32611538151
NVDA,technical_only,xgboost,10,0.01,1337,"{""n_estimators"": ""259"", ""learning_rate"": 0.01, ""max_depth"": ""7"", ""subsample"": 0.5747038420797984, ""colsample_bytree"": 0.8607069162936114}",0.6541666666666667,0.6048916361416362,23,0.6956521739130435,2.3443786504700306,101983.141311433,-0.18209804543151775,9.108168212523596,0.6219512195121951,0.5589930555555555,24,0.5833333333333334,2.0425452368512635,5682.484119633154,-0.18033082467944014,5.830557027678796,31511.44087392966
NVDA,technical_only,xgboost,10,0.01,2024,"{""n_estimators"": ""234"", ""learning_rate"": 0.2606800484078371, ""max_depth"": ""7"", ""subsample"": 0.5787525520688622, ""colsample_bytree"": 0.5200531461093505}",0.6583333333333333,0.6245039682539681,23,0.6956521739130435,2.3443786504700306,101983.141311433,-0.18209804543151775,9.108168212523596,0.6178861788617886,0.5372569444444444,24,0.5833333333333334,1.8662015745795983,2716.9427374380302,-0.18033082467944014,5.467844438637591,15066.435493031902
NVDA,technical_only,xgboost,10,0.01,31415,"{""n_estimators"": ""435"", ""learning_rate"": 0.010386399789342497, ""max_depth"": ""7"", ""subsample"": 0.9993205130853895, ""colsample_bytree"": 0.8766105231017829}",0.6583333333333333,0.6115308302808303,23,0.6956521739130435,2.3443786504700306,101983.141311433,-0.18209804543151775,9.108168212523596,0.6097560975609756,0.5405902777777778,24,0.5833333333333334,2.0425452368512635,5682.484119633154,-0.18033082467944014,5.830557027678796,31511.44087392966
NVDA,learned_alpha_per_stock,xgboost,2,0.005,42,"{""n_estimators"": ""354"", ""learning_rate"": 0.01, ""max_depth"": ""3"", ""subsample"": 1.0, ""colsample_bytree"": 0.5}",0.5766129032258065,0.6082403601487572,123,0.6260162601626016,2.5534140490888,8.598347525595894,-0.12939474035230858,5.6771712260375855,0.6056910569105691,0.5908368644067796,122,0.6557377049180327,3.762482333325685,30.94724479236871,-0.1849986775529793,6.678166048185306,167.28360008685004
NVDA,learned_alpha_per_stock,xgboost,2,0.005,7,"{""n_estimators"": ""53"", ""learning_rate"": 0.013591265483443889, ""max_depth"": ""3"", ""subsample"": 0.9758686064030884, ""colsample_bytree"": 0.5262465731034566}",0.5725806451612904,0.6016506818033536,123,0.6178861788617886,2.274228718836457,6.3979388438298335,-0.1908719134404965,4.832950014844282,0.6178861788617886,0.6245696504237288,122,0.6557377049180327,3.771813270352658,31.210625909681,-0.20945385132938119,6.666712728207207,149.00955848551123
NVDA,learned_alpha_per_stock,xgboost,2,0.005,1337,"{""n_estimators"": ""50"", ""learning_rate"": 0.027818470026484184, ""max_depth"": ""3"", ""subsample"": 1.0, ""colsample_bytree"": 0.8471636553438998}",0.5806451612903226,0.6029229464343967,123,0.6260162601626016,2.563404651764351,8.68774549062263,-0.1650649915419135,5.7579510957550974,0.5934959349593496,0.6052701271186441,122,0.6557377049180327,3.7634842023106,30.97224865445619,-0.18569826860698,6.590024418907179,166.788031395205
NVDA,learned_alpha_per_stock,xgboost,2,0.005,2024,"{""n_estimators"": ""50"", ""learning_rate"": 0.01, ""max_depth"": ""3"", ""subsample"": 0.701302038320521, ""colsample_bytree"": 0.5}",0.592741935483871,0.6015528152932733,123,0.5772357723577236,0.27558634856363545,0.013106641098081795,-0.5664025244332398,0.3030169594010784,0.6097560975609756,0.6409891419491526,122,0.5983606557377049,1.5342439412496822,2.7732089458579687,-0.26708743908647814,2.3417262944507633,10.383150010136019
NVDA,learned_alpha_per_stock,xgboost,2,0.005,31415,"{""n_estimators"": ""50"", ""learning_rate"": 0.01, ""max_depth"": ""3"", ""subsample"": 1.0, ""colsample_bytree"": 0.5665080745380712}",0.5725806451612904,0.5878515038820383,123,0.6178861788617886,2.580808219067049,8.84446152975174,-0.14441856689314683,5.747386529206065,0.6138211382113821,0.6230137711864406,122,0.6557377049180327,3.6614631333314303,28.214202511984965,-0.19518931510553897,6.601569471019486,144.54788417454884
NVDA,learned_alpha_per_stock,xgboost,5,0.01,42,"{""n_estimators"": ""418"", ""learning_rate"": 0.29999999999999993, ""max_depth"": ""3"", ""subsample"": 1.0, ""colsample_bytree"": 0.5}",0.5428571428571428,0.5785597936744944,48,0.6458333333333334,1.4465567000564727,16.52318200347169,-0.3331052977187952,1.7045652500322404,0.5447154471544715,0.5821524064171123,49,0.4489795918367347,0.47630091658662743,0.7782719369941613,-0.333194664312844,0.8846765455691926,2.3357875150828473
NVDA,learned_alpha_per_stock,xgboost,5,0.01,7,"{""n_estimators"": ""347"", ""learning_rate"": 0.29999999999999993, ""max_depth"": ""3"", ""subsample"": 1.0, ""colsample_bytree"": 0.5}",0.5673469387755102,0.5843966336364871,48,0.6458333333333334,1.4465567000564727,16.52318200347169,-0.3331052977187952,1.7045652500322404,0.5284552845528455,0.5735294117647058,49,0.42857142857142855,0.45107695863405295,0.6522444168462083,-0.33319466431284406,0.8395790130155693,1.957547604165117
NVDA,learned_alpha_per_stock,xgboost,5,0.01,1337,"{""n_estimators"": ""182"", ""learning_rate"": 0.015304655664149954, ""max_depth"": ""3"", ""subsample"": 0.7633600663434169, ""colsample_bytree"": 0.6609219176017598}",0.4897959183673469,0.5722817972037465,48,0.4583333333333333,-0.6982804694175135,-0.900437848044199,-0.5965344879570715,-0.9283340825945366,0.524390243902439,0.5941510695187165,49,0.5714285714285714,1.0496994870865934,8.138327265388112,-0.35285335194441186,1.6115730251586324,23.06433315863814
NVDA,learned_alpha_per_stock,xgboost,5,0.01,2024,"{""n_estimators"": ""299"", ""learning_rate"": 0.29999999999999993, ""max_depth"": ""3"", ""subsample"": 1.0, ""colsample_bytree"": 0.5}",0.5469387755102041,0.5814103434233746,48,0.625,1.312478186775948,11.880779987019551,-0.3331052977187952,1.5904798422347195,0.508130081300813,0.5707219251336899,49,0.46938775510204084,0.7406100364083859,2.8293416647766594,-0.2640768933777022,1.3333017895372374,10.714082662014382
NVDA,learned_alpha_per_stock,xgboost,5,0.01,31415,"{""n_estimators"": ""341"", ""learning_rate"": 0.01, ""max_depth"": ""3"", ""subsample"": 0.8167354947378189, ""colsample_bytree"": 0.5}",0.4897959183673469,0.5781865073978553,48,0.4375,-1.0645237209308813,-0.9587010686299642,-0.6587953814772255,-1.4240125482391286,0.5284552845528455,0.5941844919786097,49,0.5510204081632653,0.4660944938847549,0.681766068781356,-0.43697352816085266,0.6905052076385753,1.5601999316773114
NVDA,learned_alpha_per_stock,xgboost,10,0.01,42,"{""n_estimators"": ""499"", ""learning_rate"": 0.29999999999999993, ""max_depth"": ""3"", ""subsample"": 1.0, ""colsample_bytree"": 0.7388881177657409}",0.5833333333333334,0.6288156288156288,23,0.8260869565217391,2.9343295889473624,1185950.1107310564,-0.12558611203169542,8.899095322047282,0.491869918699187,0.5218055555555555,24,0.5,-0.3508543379530362,-0.9594189944867509,-0.3962808454379011,-0.5530857699104428,-2.421058210438021
NVDA,learned_alpha_per_stock,xgboost,10,0.01,7,"{""n_estimators"": ""231"", ""learning_rate"": 0.29999999999999993, ""max_depth"": ""4"", ""subsample"": 1.0, ""colsample_bytree"": 0.5971258012179037}",0.5916666666666667,0.6277090964590966,23,0.8260869565217391,2.9343295889473624,1185950.1107310564,-0.12558611203169542,8.899095322047282,0.5121951219512195,0.5293402777777778,24,0.5833333333333334,0.022464262184721858,-0.7127943405923434,-0.30096236689345546,0.03374866405248695,-2.368383622011724
NVDA,learned_alpha_per_stock,xgboost,10,0.01,1337,"{""n_estimators"": ""500"", ""learning_rate"": 0.03776112306021857, ""max_depth"": ""10"", ""subsample"": 1.0, ""colsample_bytree"": 0.8043313206097842}",0.5833333333333334,0.6314484126984127,23,0.8260869565217391,2.6849109099139463,439668.1263168,-0.16585281194904464,14.601119196110075,0.4634146341463415,0.5273611111111111,24,0.5,-0.2993044850295732,-0.946872402437663,-0.40474487147611543,-0.46603570214410045,-2.3394302662425193
NVDA,learned_alpha_per_stock,xgboost,10,0.01,2024,"{""n_estimators"": ""500"", ""learning_rate"": 0.29999999999999993, ""max_depth"": ""6"", ""subsample"": 1.0, ""colsample_bytree"": 0.8418132199287663}",0.5666666666666667,0.6239697802197802,23,0.8260869565217391,2.9343295889473624,1185950.1107310564,-0.12558611203169542,8.899095322047282,0.5,0.5391319444444445,24,0.5,-0.24329816098540227,-0.9287866319429788,-0.3879014234584209,-0.37266237327616974,-2.394388305312665
NVDA,learned_alpha_per_stock,xgboost,10,0.01,31415,"{""n_estimators"": ""246"", ""learning_rate"": 0.13489449678958407, ""max_depth"": ""4"", ""subsample"": 1.0, ""colsample_bytree"": 0.8685203980709517}",0.5833333333333334,0.6299603174603176,23,0.782608695652174,1.8727257630612784,10080.40004770111,-0.12558611203169556,3.152085234056736,0.5040650406504065,0.5389236111111111,24,0.5416666666666666,-0.144124563019739,-0.8802157002716291,-0.3307256171030482,-0.22094330494071565,-2.6614681619820506
NVDA,learned_alpha_global,xgboost,2,0.005,42,"{""n_estimators"": ""136"", ""learning_rate"": 0.010476587771128023, ""max_depth"": ""3"", ""subsample"": 0.9977567393628117, ""colsample_bytree"": 0.7336501402659683}",0.5725806451612904,0.6070007176877407,123,0.6178861788617886,2.5037605175293147,8.168247124663345,-0.1650649915419135,5.664007459319985,0.6016260162601627,0.5988810911016949,122,0.6639344262295082,3.850817565859562,33.51988617932907,-0.18499867755297922,6.664525209128281,181.18986915314449
NVDA,learned_alpha_global,xgboost,2,0.005,7,"{""n_estimators"": ""410"", ""learning_rate"": 0.01, ""max_depth"": ""3"", ""subsample"": 1.0, ""colsample_bytree"": 0.6542097050429231}",0.5766129032258065,0.5965616232791805,123,0.6341463414634146,3.006869430284135,13.501152953832177,-0.1293947403523086,6.688102193661273,0.6097560975609756,0.6243379237288136,122,0.6557377049180327,4.155250746322578,43.92814948199299,-0.19506598686317608,7.7030113438332695,225.19635631200654
NVDA,learned_alpha_global,xgboost,2,0.005,1337,"{""n_estimators"": ""50"", ""learning_rate"": 0.01, ""max_depth"": ""5"", ""subsample"": 1.0, ""colsample_bytree"": 0.8380272739144963}",0.5846774193548387,0.641025641025641,123,0.6341463414634146,2.766089405133836,10.66693816480147,-0.16506499154191354,6.255261873184594,0.5934959349593496,0.5855402542372882,122,0.6475409836065574,3.623086227783271,27.229968770720514,-0.1849986775529793,6.4488990049108486,147.1900725502348
NVDA,learned_alpha_global,xgboost,2,0.005,2024,"{""n_estimators"": ""53"", ""learning_rate"": 0.010841627267095382, ""max_depth"": ""3"", ""subsample"": 0.6034639994796274, ""colsample_bytree"": 0.6762967474535225}",0.5685483870967742,0.6262804201735499,123,0.6178861788617886,2.5042904136551707,8.17266810700558,-0.14441856689314683,5.65065105639921,0.6178861788617886,0.6078853283898304,122,0.6639344262295082,3.7516264287762593,30.642370450605902,-0.19518931510553905,6.692584978479729,156.9879500526837
NVDA,learned_alpha_global,xgboost,2,0.005,31415,"{""n_estimators"": ""500"", ""learning_rate"": 0.01, ""max_depth"": ""3"", ""subsample"": 1.0, ""colsample_bytree"": 0.5}",0.5685483870967742,0.597148822339662,123,0.6260162601626016,2.7681997973553427,10.68872021988694,-0.15359726921502362,6.130516953716597,0.5934959349593496,0.6338056144067796,122,0.6475409836065574,4.1206102600771635,42.61721610793401,-0.21264267133775985,7.61202505599605,200.41704630507195
NVDA,learned_alpha_global,xgboost,5,0.01,42,"{""n_estimators"": ""416"", ""learning_rate"": 0.01, ""max_depth"": ""3"", ""subsample"": 0.706694241814485, ""colsample_bytree"": 0.6929774465734749}",0.5142857142857142,0.5881634315189358,48,0.5,-0.32872321806967275,-0.7552586430048028,-0.5400908840942336,-0.42398546839927975,0.5203252032520326,0.5999331550802139,49,0.5714285714285714,0.7167257339264425,2.5038743444370923,-0.32389978607537306,1.0811149321357474,7.7303982653894945
NVDA,learned_alpha_global,xgboost,5,0.01,7,"{""n_estimators"": ""347"", ""learning_rate"": 0.04508266708366027, ""max_depth"": ""7"", ""subsample"": 1.0, ""colsample_bytree"": 0.5}",0.5346938775510204,0.5875865345459482,48,0.5416666666666666,0.3708293685994536,0.36149164622894325,-0.4140476999237742,0.4788974117776781,0.5040650406504065,0.5495989304812834,49,0.5102040816326531,0.43380214350094537,0.5410082104588723,-0.3238997860753732,0.6858628182620318,1.670295053337815
NVDA,learned_alpha_global,xgboost,5,0.01,1337,"{""n_estimators"": ""65"", ""learning_rate"": 0.07595402887630429, ""max_depth"": ""3"", ""subsample"": 0.8047112803644977, ""colsample_bytree"": 0.9334404968508663}",0.5020408163265306,0.5869078322247863,48,0.4375,-1.104363823862005,-0.9624508657930468,-0.6342629567858612,-1.4694503851308711,0.5121951219512195,0.5878676470588236,49,0.5510204081632653,0.603889069732947,1.5276502218188317,-0.32389978607537306,0.9272715435800315,4.716428622349692
NVDA,learned_alpha_global,xgboost,5,0.01,2024,"{""n_estimators"": ""234"", ""learning_rate"": 0.2606800484078371, ""max_depth"": ""7"", ""subsample"": 0.5787525520688622, ""colsample_bytree"": 0.5200531461093505}",0.5265306122448979,0.5847699199131261,48,0.5416666666666666,0.17203007380972743,-0.16192671949540782,-0.38177483552052355,0.22644467460560022,0.4878048780487805,0.5219251336898396,49,0.4489795918367347,-0.40169809928823325,-0.8687589453156358,-0.4743778899115955,-0.6306907753493133,-1.8313647490559408
NVDA,learned_alpha_global,xgboost,5,0.01,31415,"{""n_estimators"": ""62"", ""learning_rate"": 0.210413991341976, ""max_depth"": ""3"", ""subsample"": 0.5789775073170073, ""colsample_bytree"": 0.501491113044618}",0.5469387755102041,0.5912175919641646,48,0.4791666666666667,-0.30396333631349165,-0.7394698412167044,-0.5422693933403058,-0.40042452138273066,0.5447154471544715,0.5874331550802139,49,0.5306122448979592,0.6239538701409708,1.679292766222109,-0.32389978607537323,0.9525726759533324,5.184605975106537
NVDA,learned_alpha_global,xgboost,10,0.01,42,"{""n_estimators"": ""50"", ""learning_rate"": 0.043172246880151706, ""max_depth"": ""3"", ""subsample"": 1.0, ""colsample_bytree"": 0.6495133772144926}",0.49583333333333335,0.6166819291819292,23,0.5652173913043478,-0.47145977982973447,-0.9930956414469372,-0.5764799687500932,-0.5516124471208432,0.43089430894308944,0.555138888888889,24,0.4583333333333333,-2.03995803381749,-0.9999885197615771,-0.6194804597736601,-2.8484937323922557,-1.6142373887417587
NVDA,learned_alpha_global,xgboost,10,0.01,7,"{""n_estimators"": ""478"", ""learning_rate"": 0.01910561411131759, ""max_depth"": ""4"", ""subsample"": 1.0, ""colsample_bytree"": 1.0}",0.5541666666666667,0.6223290598290598,23,0.6521739130434783,0.5494982669365527,3.144423721911915,-0.5152917557683164,0.6046907968671796,0.4268292682926829,0.5259722222222223,24,0.375,-2.93490793163607,-0.9999996023065408,-0.7237571698313368,-4.1475860114446785,-1.3816783363121352
NVDA,learned_alpha_global,xgboost,10,0.01,1337,"{""n_estimators"": ""50"", ""learning_rate"": 0.010805964035333435, ""max_depth"": ""3"", ""subsample"": 1.0, ""colsample_bytree"": 0.9329803762319382}",0.6958333333333333,0.6394993894993894,23,0.7391304347826086,2.6522512709546175,385675.57919138635,-0.1820980454315176,9.321025610536699,0.6260162601626016,0.5528125,24,0.625,2.2589368338612483,13500.838270003125,-0.18033082467944014,6.034084888272371,74867.05777563264
NVDA,learned_alpha_global,xgboost,10,0.01,2024,"{""n_estimators"": ""500"", ""learning_rate"": 0.01, ""max_depth"": ""4"", ""subsample"": 1.0, ""colsample_bytree"": 1.0}",0.5541666666666667,0.6211843711843711,23,0.6086956521739131,0.49985179141965574,2.061440287368678,-0.4873579810784231,0.5647160614384423,0.4796747967479675,0.5432638888888889,24,0.5,-0.9932067354602918,-0.9985457297866661,-0.5517406549187177,-1.4275560969203553,-1.8098099548850022
NVDA,learned_alpha_global,xgboost,10,0.01,31415,"{""n_estimators"": ""50"", ""learning_rate"": 0.021793912027881734, ""max_depth"": ""3"", ""subsample"": 0.9983960196219661, ""colsample_bytree"": 0.8374518840304439}",0.5,0.6170634920634921,23,0.6086956521739131,-0.6756662295816706,-0.9981468357783725,-0.4663949256753504,-0.7278797781684713,0.43089430894308944,0.5390277777777778,24,0.4583333333333333,-1.7575415316607739,-0.9999609340244324,-0.5896472560648983,-2.514822476607314,-1.6958629481256735
SPY,full_70_30,xgboost,2,0.0025,42,"{""n_estimators"": ""50"", ""learning_rate"": 0.01, ""max_depth"": ""3"", ""subsample"": 0.5384636711920288, ""colsample_bytree"": 0.5}",0.5120967741935484,0.5739656518345042,123,0.43089430894308944,-1.5437848352346817,-0.3630576391493653,-0.24844088061440603,-2.491329512717846,0.4959349593495935,0.49847964040190373,122,0.38524590163934425,-2.6666244359919444,-0.5162984036757339,-0.3008740795067801,-4.94243727030411,-1.7159949588282806
SPY,full_70_30,xgboost,2,0.0025,7,"{""n_estimators"": ""50"", ""learning_rate"": 0.01, ""max_depth"": ""3"", ""subsample"": 1.0, ""colsample_bytree"": 0.5}",0.5161290322580645,0.5535714285714286,123,0.43089430894308944,-1.3883468260678384,-0.3349164342723123,-0.23241290303376863,-2.2870327677263567,0.4959349593495935,0.5100475938656795,122,0.4016393442622951,-2.3246424624738924,-0.471635290941102,-0.2703329835487097,-4.393997774103862,-1.7446457503996022
SPY,full_70_30,xgboost,2,0.0025,1337,"{""n_estimators"": ""50"", ""learning_rate"": 0.01, ""max_depth"": ""3"", ""subsample"": 0.6067745746362257, ""colsample_bytree"": 0.5}",0.5080645161290323,0.5797879260994017,123,0.42276422764227645,-1.436670612531696,-0.34380311757999626,-0.23743619610485,-2.3728047513458246,0.491869918699187,0.5009915388683236,122,0.38524590163934425,-2.6666244359919444,-0.5162984036757339,-0.3008740795067801,-4.94243727030411,-1.7159949588282806
SPY,full_70_30,xgboost,2,0.0025,2024,"{""n_estimators"": ""50"", ""learning_rate"": 0.012225673210290392, ""max_depth"": ""3"", ""subsample"": 0.5, ""colsample_bytree"": 0.5}",0.5120967741935484,0.580048139474369,123,0.42276422764227645,-1.645108635168017,-0.38070352259795825,-0.2586767119523034,-2.6556360060549133,0.5121951219512195,0.4983804865150714,122,0.38524590163934425,-2.501693712711978,-0.49533613234368645,-0.2863663925489728,-4.603961850141475,-1.7297285758103644
SPY,full_70_30,xgboost,2,0.0025,31415,"{""n_estimators"": ""99"", ""learning_rate"": 0.01, ""max_depth"": ""3"", ""subsample"": 0.5, ""colsample_bytree"": 1.0}",0.49193548387096775,0.5629716367421285,123,0.3983739837398374,-2.21171944641871,-0.4699532805346539,-0.31289993308916486,-3.5988531512532544,0.5040650406504065,0.5000991538868325,122,0.4426229508196721,-1.7302451731122008,-0.38225741877931807,-0.2368431805763075,-3.2190812206999304,-1.6139684404219534
SPY,full_70_30,xgboost,5,0.005,42,"{""n_estimators"": ""478"", ""learning_rate"": 0.2967923845363405, ""max_depth"": ""3"", ""subsample"": 0.684692603514691, ""colsample_bytree"": 0.8265727391427111}",0.5387755102040817,0.5629333333333333,48,0.5208333333333334,0.9873141374612532,0.7932692130630843,-0.05852646595746217,1.790619578668927,0.5365853658536586,0.5744716093553304,49,0.5306122448979592,-0.09741276762317869,-0.11179243115286996,-0.11746523769319771,-0.12578526031256815,-0.9517065077998285
SPY,full_70_30,xgboost,5,0.005,7,"{""n_estimators"": ""349"", ""learning_rate"": 0.13311183474807156, ""max_depth"": ""12"", ""subsample"": 0.6659345853134309, ""colsample_bytree"": 0.5422517727778332}",0.5142857142857142,0.5549,48,0.4791666666666667,0.02515340406828602,-0.02292014838350609,-0.09540419722092168,0.039572404706911646,0.5447154471544715,0.553203471808123,49,0.5306122448979592,0.9040297939278009,0.7929148660913206,-0.08395374433604348,1.427193438569512,9.444663515155476
SPY,full_70_30,xgboost,5,0.005,1337,"{""n_estimators"": ""334"", ""learning_rate"": 0.15513338913566024, ""max_depth"": ""9"", ""subsample"": 0.9240193704466497, ""colsample_bytree"": 0.879967502464861}",0.5346938775510204,0.5582666666666667,48,0.5,0.14227000266730913,0.05332128049016638,-0.08236502308854411,0.22012223759704017,0.524390243902439,0.5751672960975287,49,0.5102040816326531,0.05749384029267415,-0.008215570966944141,-0.11609028087585167,0.08281439386406918,-0.07076880945554753
SPY,full_70_30,xgboost,5,0.005,2024,"{""n_estimators"": ""500"", ""learning_rate"": 0.13933959607670945, ""max_depth"": ""12"", ""subsample"": 0.8501424720204376, ""colsample_bytree"": 0.7025531345144087}",0.5183673469387755,0.5496666666666666,48,0.5,0.07996218510270134,0.012070590559427163,-0.09540419722092186,0.12496820246532887,0.5203252032520326,0.5599615715894786,49,0.5306122448979592,0.3745390946964442,0.24087747984006702,-0.11609028087585167,0.5305577066160166,2.0749151265958625
SPY,full_70_30,xgboost,5,0.005,31415,"{""n_estimators"": ""500"", ""learning_rate"": 0.2425227170134642, ""max_depth"": ""6"", ""subsample"": 0.5, ""colsample_bytree"": 0.8357589677299178}",0.5469387755102041,0.5530666666666667,48,0.5,0.2660459225183094,0.14010432632531633,-0.09540419722092204,0.4077926560426751,0.516260162601626,0.539024713443318,49,0.4897959183673469,-0.20084404875910555,-0.17454973853632894,-0.11609028087585149,-0.2956848193192945,-1.5035689225611812
SPY,full_70_30,xgboost,10,0.01,42,"{""n_estimators"": ""224"", ""learning_rate"": 0.012432897371727281, ""max_depth"": ""5"", ""subsample"": 0.9345678451751576, ""colsample_bytree"": 1.0}",0.5,0.5738351004464286,23,0.43478260869565216,-0.8823724014705764,-0.68173014352389,-0.1229015225608013,-1.496882816786823,0.45121951219512196,0.5260163683545146,24,0.3333333333333333,-0.3370941329593418,-0.36122500986928774,-0.08614707751521604,-0.7725155228323122,-4.193119723713031
SPY,full_70_30,xgboost,10,0.01,7,"{""n_estimators"": ""165"", ""learning_rate"": 0.18091114712997422, ""max_depth"": ""5"", ""subsample"": 0.8953817557883575, ""colsample_bytree"": 0.9688146678103859}",0.55,0.5677664620535714,23,0.5652173913043478,1.21504749951196,2.916341333725579,-0.07706635506063446,3.486252039416641,0.46747967479674796,0.4895867988555459,24,0.375,0.16658594035633809,0.13701808873459553,-0.07007687071847607,0.3774172149131293,1.955254099245475
SPY,full_70_30,xgboost,10,0.01,1337,"{""n_estimators"": ""55"", ""learning_rate"": 0.02868885862918207, ""max_depth"": ""6"", ""subsample"": 0.6737061915301168, ""colsample_bytree"": 0.6817492451654916}",0.49166666666666664,0.5726841517857143,23,0.6086956521739131,0.9073928684885779,1.7700281884658402,-0.05032889452547017,1.550434364133788,0.5040650406504065,0.5477743030141726,24,0.2916666666666667,-0.49147452033019623,-0.46438792461061984,-0.08614707751521604,-1.1781407280510316,-5.3906404953620815
SPY,full_70_30,xgboost,10,0.01,2024,"{""n_estimators"": ""60"", ""learning_rate"": 0.11556949093644978, ""max_depth"": ""3"", ""subsample"": 0.5, ""colsample_bytree"": 1.0}",0.5541666666666667,0.5794154575892857,23,0.4782608695652174,0.12303090655818143,0.08572060433990192,-0.07772502093055557,0.23466757425191015,0.47560975609756095,0.5134739503626322,24,0.3333333333333333,-0.192753115152352,-0.24637322047142074,-0.05093955343180366,-0.4433564206470751,-4.836579904479488
SPY,full_70_30,xgboost,10,0.01,31415,"{""n_estimators"": ""148"", ""learning_rate"": 0.043083951599845405, ""max_depth"": ""7"", ""subsample"": 0.5600310939898335, ""colsample_bytree"": 0.799315766054419}",0.5166666666666667,0.5740443638392857,23,0.5217391304347826,0.4929142402002929,0.7014929004045571,-0.07262616375039681,0.8955155897438698,0.491869918699187,0.5270809767782287,24,0.4583333333333333,1.2517169019981282,2.711703206754997,-0.05335275952715559,3.2775615130286972,50.825922235096186
SPY,equal_50_50,xgboost,2,0.0025,42,"{""n_estimators"": ""66"", ""learning_rate"": 0.04925479130076042, ""max_depth"": ""12"", ""subsample"": 0.7665780550913177, ""colsample_bytree"": 0.5249173919624196}",0.5403225806451613,0.5703551912568305,123,0.5365853658536586,0.4046736422575433,0.09811062674455173,-0.07750394580059618,0.6005113770026115,0.5650406504065041,0.5675237969328397,122,0.5901639344262295,0.7955490457317411,0.21414331831932087,-0.13448157138730188,1.2139211196910757,1.5923618092072716
SPY,equal_50_50,xgboost,2,0.0025,7,"{""n_estimators"": ""457"", ""learning_rate"": 0.02824416752046198, ""max_depth"": ""7"", ""subsample"": 0.9092061891669616, ""colsample_bytree"": 0.5}",0.532258064516129,0.5625162633359355,123,0.5203252032520326,0.25248133181929394,0.0526532571745042,-0.08233457415220147,0.3665033743298283,0.5528455284552846,0.5562533051295612,122,0.5901639344262295,0.35559091342038424,0.08072514877869819,-0.14988902150050273,0.5576355282670226,0.5385661202573627
SPY,equal_50_50,xgboost,2,0.0025,1337,"{""n_estimators"": ""50"", ""learning_rate"": 0.01, ""max_depth"": ""8"", ""subsample"": 0.5329036974047218, ""colsample_bytree"": 0.5}",0.532258064516129,0.5954657819411918,123,0.4796747967479675,-0.6664427188634874,-0.18603768065714554,-0.14397531594761345,-1.0126160341448867,0.5203252032520326,0.5516261237440507,122,0.48360655737704916,-0.6244571661749762,-0.16912703144520969,-0.12360977651931053,-1.1650422282340587,-1.3682334537575058
SPY,equal_50_50,xgboost,2,0.0025,2024,"{""n_estimators"": ""50"", ""learning_rate"": 0.24604188314387934, ""max_depth"": ""4"", ""subsample"": 0.59069546463543, ""colsample_bytree"": 0.5}",0.5524193548387096,0.5828454332552694,123,0.5040650406504065,0.36649479176668237,0.08656565433603913,-0.08220856728926297,0.5697662082580215,0.5365853658536586,0.5623016922263353,122,0.5573770491803278,0.4956143752733777,0.1217194108843016,-0.08334344463636548,0.8026130506535744,1.4604557252867785
SPY,equal_50_50,xgboost,2,0.0025,31415,"{""n_estimators"": ""132"", ""learning_rate"": 0.05283702203242033, ""max_depth"": ""7"", ""subsample"": 0.5, ""colsample_bytree"": 0.5}",0.5201612903225806,0.5700624512099922,123,0.4959349593495935,-0.09310178413618679,-0.044101186104734125,-0.0850857719928793,-0.13792718844898402,0.524390243902439,0.5463379164463247,122,0.5655737704918032,0.2115832341924613,0.04000381019454946,-0.13736571941530742,0.32692600347953066,0.2912212039861498
SPY,equal_50_50,xgboost,5,0.005,42,"{""n_estimators"": ""252"", ""learning_rate"": 0.29999999999999993, ""max_depth"": ""3"", ""subsample"": 1.0, ""colsample_bytree"": 0.5958639849315703}",0.5142857142857142,0.5597666666666666,48,0.5,-0.09818249176827383,-0.09745400899107792,-0.10750829436602581,-0.15244324900391157,0.540650406504065,0.5763267740011926,49,0.5918367346938775,1.5205367146359419,1.7043669258744303,-0.11179149668632082,2.038960745939842,15.245944247949069
SPY,equal_50_50,xgboost,5,0.005,7,"{""n_estimators"": ""226"", ""learning_rate"": 0.25552444936976787, ""max_depth"": ""3"", ""subsample"": 0.7726145707096801, ""colsample_bytree"": 0.513548220840379}",0.5387755102040817,0.5615,48,0.5208333333333334,0.8139356115796493,0.6110341632961391,-0.07717899959592874,1.4343482442350444,0.5528455284552846,0.5808321738554296,49,0.5714285714285714,1.077807335984692,1.016960855553612,-0.07975624699364141,1.441850782448363,12.750861454585364
SPY,equal_50_50,xgboost,5,0.005,1337,"{""n_estimators"": ""50"", ""learning_rate"": 0.29999999999999993, ""max_depth"": ""3"", ""subsample"": 0.7487834594229839, ""colsample_bytree"": 0.9327922523547261}",0.5387755102040817,0.5631,48,0.5833333333333334,1.2972824520948574,1.163572464481776,-0.07151634018387232,2.1852780414766166,0.5528455284552846,0.5692042668786855,49,0.5714285714285714,0.6504201488839849,0.5043978882940781,-0.12519050690870284,0.790805295951558,4.029042622711946
SPY,equal_50_50,xgboost,5,0.005,2024,"{""n_estimators"": ""78"", ""learning_rate"": 0.03432851860466214, ""max_depth"": ""12"", ""subsample"": 0.5476974226470552, ""colsample_bytree"": 0.5}",0.5510204081632653,0.5632666666666666,48,0.5833333333333334,1.54888296961137,1.5099192139897344,-0.07717899959592861,2.505938534316552,0.5487804878048781,0.5779169151262175,49,0.5918367346938775,1.5205367146359419,1.7043669258744303,-0.11179149668632082,2.038960745939842,15.245944247949069
SPY,equal_50_50,xgboost,5,0.005,31415,"{""n_estimators"": ""213"", ""learning_rate"": 0.24462679413459454, ""max_depth"": ""3"", ""subsample"": 1.0, ""colsample_bytree"": 0.5}",0.5020408163265306,0.5621666666666667,48,0.4791666666666667,-0.32028360066254064,-0.21771447917921227,-0.10750829436602573,-0.5079711318181668,0.5487804878048781,0.5624792950374345,49,0.6122448979591837,1.8875618129591412,2.415127212534668,-0.10129568006363084,2.46160403369015,23.84235152987333
SPY,equal_50_50,xgboost,10,0.01,42,"{""n_estimators"": ""190"", ""learning_rate"": 0.01, ""max_depth"": ""6"", ""subsample"": 0.6969187363928655, ""colsample_bytree"": 0.5272847203769105}",0.5458333333333333,0.5831124441964286,23,0.4782608695652174,-0.0678986631025238,-0.14136430481477447,-0.07807568744643417,-0.1303642639465347,0.4959349593495935,0.5361966864062812,24,0.5,0.5267218361207368,0.7071464934310778,-0.08614707751521604,1.2061214301312948,8.20859527482143
SPY,equal_50_50,xgboost,10,0.01,7,"{""n_estimators"": ""185"", ""learning_rate"": 0.0450120786073146, ""max_depth"": ""3"", ""subsample"": 1.0, ""colsample_bytree"": 0.9078435594940069}",0.5625,0.5829380580357143,23,0.6086956521739131,1.6882448193630724,5.439585199103867,-0.032821380105946665,3.8284426479450957,0.5203252032520326,0.5420187637234679,24,0.4166666666666667,0.38074828647867226,0.4495328904854816,-0.0606189437912423,0.8865700353971062,7.415716315242467
SPY,equal_50_50,xgboost,10,0.01,1337,"{""n_estimators"": ""134"", ""learning_rate"": 0.29999999999999993, ""max_depth"": ""3"", ""subsample"": 0.5, ""colsample_bytree"": 1.0}",0.5666666666666667,0.572509765625,23,0.782608695652174,2.576706879070177,13.399348210810102,-0.06675435048359228,7.530241447604027,0.508130081300813,0.5123095348991948,24,0.4583333333333333,0.34425801011195145,0.3909616016694937,-0.06119410931132391,0.752897433802757,6.388876414239215
SPY,equal_50_50,xgboost,10,0.01,2024,"{""n_estimators"": ""330"", ""learning_rate"": 0.014158909674224049, ""max_depth"": ""5"", ""subsample"": 0.8651866564483708, ""colsample_bytree"": 0.5}",0.5375,0.5749860491071428,23,0.6521739130434783,0.7324013212284963,1.2607349660882412,-0.05032889452547017,1.3372437566209072,0.508130081300813,0.5449464368886818,24,0.5,0.5267218361207368,0.7071464934310778,-0.08614707751521604,1.2061214301312948,8.20859527482143
SPY,equal_50_50,xgboost,10,0.01,31415,"{""n_estimators"": ""468"", ""learning_rate"": 0.010429126802569435, ""max_depth"": ""4"", ""subsample"": 0.7851874072921503, ""colsample_bytree"": 0.6483259560217474}",0.5458333333333333,0.5698939732142857,23,0.6521739130434783,0.6151315441442298,0.9684542073236853,-0.05032889452547013,1.1134187852729922,0.5121951219512195,0.5477077649876905,24,0.4583333333333333,0.40093018436773653,0.48280718611657214,-0.08614707751521604,0.9294868136518146,5.604452293013591
SPY,news_only,xgboost,2,0.0025,42,"{""n_estimators"": ""249"", ""learning_rate"": 0.01, ""max_depth"": ""3"", ""subsample"": 0.5, ""colsample_bytree"": 0.647453472057224}",0.5201612903225806,0.5479443143377569,123,0.4634146341463415,-1.3008449748296464,-0.3185127286099696,-0.17791004629490664,-2.041161818639001,0.508130081300813,0.5185748281332628,122,0.4180327868852459,-1.6966103411722375,-0.3767158849663259,-0.2336564564407708,-3.100220798892029,-1.612263965245142
SPY,news_only,xgboost,2,0.0025,7,"{""n_estimators"": ""50"", ""learning_rate"": 0.016540005049228115, ""max_depth"": ""3"", ""subsample"": 0.5, ""colsample_bytree"": 0.5}",0.5080645161290323,0.5570517824616183,123,0.42276422764227645,-1.4712272877098,-0.3500912762799254,-0.20722897525416614,-2.366433491180763,0.491869918699187,0.4882006874669487,122,0.4098360655737705,-1.8804935805000458,-0.40635760290273903,-0.25152237892936796,-3.405339492997298,-1.6155922372889595
SPY,news_only,xgboost,2,0.0025,1337,"{""n_estimators"": ""50"", ""learning_rate"": 0.01, ""max_depth"": ""3"", ""subsample"": 0.9994614096784127, ""colsample_bytree"": 0.5}",0.5040322580645161,0.5833983866770752,123,0.42276422764227645,-1.7333671478092565,-0.3956402960916289,-0.24171895022645226,-2.807680445817866,0.4959349593495935,0.5442226335272342,122,0.36885245901639346,-2.4141443896500614,-0.4837741771264874,-0.27849740074796697,-4.451014246681722,-1.737086866258729
SPY,news_only,xgboost,2,0.0025,2024,"{""n_estimators"": ""70"", ""learning_rate"": 0.010937213041052685, ""max_depth"": ""3"", ""subsample"": 0.5586245475720034, ""colsample_bytree"": 0.5196146327515373}",0.5120967741935484,0.5639474368982564,123,0.43089430894308944,-1.56666201358888,-0.36708958448650486,-0.2253422930139494,-2.523467504679078,0.516260162601626,0.5269037546271814,122,0.4016393442622951,-1.9419550187803951,-0.41591224673724403,-0.2380320145764012,-3.5200968614636587,-1.7472954109866115
SPY,news_only,xgboost,2,0.0025,31415,"{""n_estimators"": ""50"", ""learning_rate"": 0.01, ""max_depth"": ""3"", ""subsample"": 0.6536682305054465, ""colsample_bytree"": 0.5}",0.5040322580645161,0.5806661462399167,123,0.42276422764227645,-1.7183877565450605,-0.393133083441614,-0.23241290303376874,-2.7853547649773867,0.5040650406504065,0.5299114225277631,122,0.3770491803278688,-2.329926435974622,-0.4723626998417896,-0.27081948385048543,-4.2796917129951195,-1.744197622437581
SPY,news_only,xgboost,5,0.005,42,"{""n_estimators"": ""50"", ""learning_rate"": 0.019166278837020687, ""max_depth"": ""5"", ""subsample"": 0.8857654646186881, ""colsample_bytree"": 0.527293423166388}",0.4857142857142857,0.5547666666666666,48,0.4375,-1.2745960453456473,-0.5740276943760425,-0.19020433990551153,-1.9482520810651376,0.4959349593495935,0.5883853441992977,49,0.4489795918367347,-0.7670121170147371,-0.4476158807953342,-0.15192210510345605,-1.114172826358741,-2.9463512271009957
SPY,news_only,xgboost,5,0.005,7,"{""n_estimators"": ""452"", ""learning_rate"": 0.29999999999999993, ""max_depth"": ""5"", ""subsample"": 0.5, ""colsample_bytree"": 0.5}",0.5428571428571428,0.5361333333333334,48,0.4791666666666667,0.22319029737500237,0.10950055746029586,-0.15923588343463688,0.40587094615157077,0.5284552845528455,0.5586033260451865,49,0.40816326530612246,-1.023388871029822,-0.5388584274769321,-0.16203002988537107,-1.27855891814838,-3.3256701110167675
SPY,news_only,xgboost,5,0.005,1337,"{""n_estimators"": ""500"", ""learning_rate"": 0.0304937240574072, ""max_depth"": ""3"", ""subsample"": 0.5, ""colsample_bytree"": 0.5818844399655266}",0.49387755102040815,0.5172666666666667,48,0.375,-1.8250624868481304,-0.6958248930514808,-0.2541243638871831,-2.827618240003097,0.4959349593495935,0.540184191346982,49,0.42857142857142855,-1.1985334317016179,-0.5914883481384865,-0.16832539935544602,-1.7309437583134413,-3.513957788922064
SPY,news_only,xgboost,5,0.005,2024,"{""n_estimators"": ""500"", ""learning_rate"": 0.2696468024735243, ""max_depth"": ""3"", ""subsample"": 0.5249208914345705, ""colsample_bytree"": 0.8600017610229094}",0.47346938775510206,0.5216666666666667,48,0.4375,-0.5448037600321498,-0.32287212067781845,-0.16900814293198693,-0.9093244104267167,0.5203252032520326,0.5535678791492745,49,0.4489795918367347,-1.185170307661262,-0.5879061465667563,-0.16435654480481088,-1.4731941598618958,-3.577016949735413
SPY,news_only,xgboost,5,0.005,31415,"{""n_estimators"": ""87"", ""learning_rate"": 0.01, ""max_depth"": ""3"", ""subsample"": 0.5326474743859653, ""colsample_bytree"": 0.8677251243796804}",0.47346938775510206,0.5287999999999999,48,0.3541666666666667,-1.6317971532511788,-0.658184502040345,-0.21875350754906425,-2.6471715204374258,0.4796747967479675,0.5837805605247466,49,0.4489795918367347,-0.7828352874439644,-0.4537455671172862,-0.15192210510345605,-1.136194546578103,-2.9866987875681037
SPY,news_only,xgboost,10,0.01,42,"{""n_estimators"": ""500"", ""learning_rate"": 0.01, ""max_depth"": ""3"", ""subsample"": 1.0, ""colsample_bytree"": 0.7765865641474887}",0.49583333333333335,0.5679059709821429,23,0.6086956521739131,0.5592209451137493,0.8413835991556213,-0.08223120376415309,0.8694812002373447,0.483739837398374,0.5367622596313794,24,0.375,-0.23212868054964106,-0.2796686115797903,-0.07857646445804367,-0.5186686454352675,-3.5591905732679137
SPY,news_only,xgboost,10,0.01,7,"{""n_estimators"": ""56"", ""learning_rate"": 0.29778417470775137, ""max_depth"": ""4"", ""subsample"": 0.9989712183471222, ""colsample_bytree"": 0.5532508494399704}",0.5125,0.56982421875,23,0.43478260869565216,-0.2797263178186191,-0.33845069675994943,-0.06264873778146321,-0.5281746940154066,0.5,0.5559917492847162,24,0.4166666666666667,-0.1472873531628658,-0.20608147360330753,-0.07857646445804367,-0.3402596606121286,-2.622687022439726
SPY,news_only,xgboost,10,0.01,1337,"{""n_estimators"": ""500"", ""learning_rate"": 0.018041700309749647, ""max_depth"": ""3"", ""subsample"": 1.0, ""colsample_bytree"": 0.8240283196415545}",0.4875,0.5702427455357143,23,0.5652173913043478,0.16600689884353034,0.14401546173970914,-0.09935984711016553,0.2746010747309125,0.5,0.5314059484995676,24,0.4166666666666667,0.287867586399289,0.3050715940659241,-0.07857646445804367,0.6604331488284085,3.8824805387982138
SPY,news_only,xgboost,10,0.01,2024,"{""n_estimators"": ""50"", ""learning_rate"": 0.130985821139649, ""max_depth"": ""5"", ""subsample"": 1.0, ""colsample_bytree"": 0.5}",0.5041666666666667,0.5621163504464285,23,0.6086956521739131,0.8670459535997019,1.6442814154358771,-0.052996291300567766,1.4782429786397346,0.4878048780487805,0.5347328498236742,24,0.4583333333333333,0.34598363418638894,0.39374121599554046,-0.07857646445804367,0.8057534581027364,5.010930673850575
SPY,news_only,xgboost,10,0.01,31415,"{""n_estimators"": ""50"", ""learning_rate"": 0.06103803837628862, ""max_depth"": ""5"", ""subsample"": 1.0, ""colsample_bytree"": 0.5}",0.5083333333333333,0.5627790178571429,23,0.5652173913043478,0.16600689884353034,0.14401546173970914,-0.09935984711016553,0.2746010747309125,0.4959349593495935,0.5198948699181583,24,0.375,-0.23212868054964106,-0.2796686115797903,-0.07857646445804367,-0.5186686454352675,-3.5591905732679137
SPY,social_only,xgboost,2,0.0025,42,"{""n_estimators"": ""50"", ""learning_rate"": 0.01, ""max_depth"": ""4"", ""subsample"": 1.0, ""colsample_bytree"": 0.5}",0.5564516129032258,0.5836586000520427,123,0.4796747967479675,-0.7985607743184912,-0.21564481456751472,-0.14573344884679193,-1.2490876921758225,0.5121951219512195,0.5603847170809095,122,0.39344262295081966,-2.9723966087320983,-0.552513291513604,-0.32595006308036556,-4.761288127682874,-1.695085702061599
SPY,social_only,xgboost,2,0.0025,7,"{""n_estimators"": ""50"", ""learning_rate"": 0.01, ""max_depth"": ""4"", ""subsample"": 1.0, ""colsample_bytree"": 0.5}",0.5362903225806451,0.5713960447567005,123,0.45528455284552843,-1.1669439977467169,-0.29253697667909995,-0.16748826700365382,-1.8615347241443183,0.5,0.5569473823373876,122,0.39344262295081966,-3.02628812653935,-0.5585463855633266,-0.3303650489407312,-4.868087743303677,-1.690694543367183
SPY,social_only,xgboost,2,0.0025,1337,"{""n_estimators"": ""50"", ""learning_rate"": 0.018227938888597986, ""max_depth"": ""3"", ""subsample"": 0.5, ""colsample_bytree"": 0.5}",0.5282258064516129,0.5747462919594066,123,0.44715447154471544,-1.2676193357562535,-0.3121563202337334,-0.16923950366975213,-2.045244122749101,0.4878048780487805,0.5297131147540983,122,0.4016393442622951,-2.5943655650600954,-0.507276703944446,-0.2937805179675612,-4.126431497376276,-1.7267200270933512
SPY,social_only,xgboost,2,0.0025,2024,"{""n_estimators"": ""50"", ""learning_rate"": 0.01, ""max_depth"": ""3"", ""subsample"": 0.5, ""colsample_bytree"": 0.5}",0.5362903225806451,0.5714936247723132,123,0.45528455284552843,-1.3362504673582485,-0.3252055820153228,-0.19647646919366893,-2.093519082217018,0.4959349593495935,0.5271020624008461,122,0.39344262295081966,-2.6366174896460706,-0.5125726079579956,-0.2982721480814213,-4.640276182203813,-1.7184729156075123
SPY,social_only,xgboost,2,0.0025,31415,"{""n_estimators"": ""50"", ""learning_rate"": 0.01, ""max_depth"": ""3"", ""subsample"": 0.5, ""colsample_bytree"": 0.5}",0.5161290322580645,0.5635571168358054,123,0.43089430894308944,-1.956359741373907,-0.4316461581955813,-0.2431201899452873,-3.1104861807945197,0.4959349593495935,0.5048915917503967,122,0.3770491803278688,-2.532032907463104,-0.49926933322241296,-0.289064468218489,-4.723010545471014,-1.727190257244072
SPY,social_only,xgboost,5,0.005,42,"{""n_estimators"": ""50"", ""learning_rate"": 0.01, ""max_depth"": ""3"", ""subsample"": 0.5, ""colsample_bytree"": 0.6236578908776872}",0.5346938775510204,0.5833666666666667,48,0.375,-0.7242011881304452,-0.39640037550427076,-0.1502862770283454,-1.3232344621238896,0.5853658536585366,0.618896177035712,49,0.6326530612244898,2.55456897248772,4.085306549170339,-0.04736384093665164,4.816878452720556,86.25370046813494
SPY,social_only,xgboost,5,0.005,7,"{""n_estimators"": ""50"", ""learning_rate"": 0.028535105761410173, ""max_depth"": ""8"", ""subsample"": 1.0, ""colsample_bytree"": 0.5}",0.5551020408163265,0.5659666666666666,48,0.3958333333333333,-1.521175459792707,-0.6342751846004586,-0.20307620134143542,-2.4998992793673454,0.4878048780487805,0.5884516000795071,49,0.4897959183673469,0.8453652837930314,0.7229272315437147,-0.086319898009283,1.878209609312858,8.374977823374744
SPY,social_only,xgboost,5,0.005,1337,"{""n_estimators"": ""50"", ""learning_rate"": 0.01, ""max_depth"": ""3"", ""subsample"": 0.5, ""colsample_bytree"": 1.0}",0.5551020408163265,0.5785333333333333,48,0.4583333333333333,-0.035193175430830614,-0.06000079331880481,-0.12366198706033706,-0.06082721230099685,0.573170731707317,0.5767243092824489,49,0.5714285714285714,1.3969480284475695,1.4955715531165543,-0.055739482104920426,2.1846631128551337,26.831457642562704
SPY,social_only,xgboost,5,0.005,2024,"{""n_estimators"": ""50"", ""learning_rate"": 0.01, ""max_depth"": ""3"", ""subsample"": 0.5, ""colsample_bytree"": 0.5}",0.5428571428571428,0.5745,48,0.4375,-0.3268436360593212,-0.22097536588360633,-0.13939586848798616,-0.5281989732459106,0.5487804878048781,0.5778837871861128,49,0.6326530612244898,2.4748841041026064,3.858797752946187,-0.055739482104920295,4.739668226310922,69.22916409023398
SPY,social_only,xgboost,5,0.005,31415,"{""n_estimators"": ""500"", ""learning_rate"": 0.019019198149700198, ""max_depth"": ""3"", ""subsample"": 1.0, ""colsample_bytree"": 1.0}",0.5510204081632653,0.5612666666666667,48,0.4166666666666667,-1.0413527939707283,-0.5067153336082781,-0.17030218707262898,-1.8143728223086268,0.491869918699187,0.5760948784204599,49,0.4897959183673469,0.8947697940755557,0.782264823841158,-0.0845971079062364,1.975663120412831,9.246945234914945
SPY,social_only,xgboost,10,0.01,42,"{""n_estimators"": ""50"", ""learning_rate"": 0.01, ""max_depth"": ""3"", ""subsample"": 0.6522727479109675, ""colsample_bytree"": 1.0}",0.49583333333333335,0.59521484375,23,0.43478260869565216,-0.2554374286276631,-0.3183549191333742,-0.08764168529671616,-0.49985118661414035,0.47560975609756095,0.588495575221239,24,0.4583333333333333,-0.1151112949484085,-0.17627040072336753,-0.07857646445804367,-0.27125034923461444,-2.2432976838438443
SPY,social_only,xgboost,10,0.01,7,"{""n_estimators"": ""481"", ""learning_rate"": 0.21802031352342202, ""max_depth"": ""3"", ""subsample"": 0.5, ""colsample_bytree"": 0.5}",0.5625,0.5861816406250001,23,0.6086956521739131,0.539875189226305,0.7992734470912699,-0.11523138329898228,0.826509552871171,0.5447154471544715,0.5886951893006854,24,0.5,1.4398801866311237,3.4818580644989074,-0.05093955343180366,3.471609414903053,68.35274025635725
SPY,social_only,xgboost,10,0.01,1337,"{""n_estimators"": ""50"", ""learning_rate"": 0.01, ""max_depth"": ""6"", ""subsample"": 1.0, ""colsample_bytree"": 0.9033316731510187}",0.5166666666666667,0.6007254464285715,23,0.4782608695652174,-0.05635211735647534,-0.1290761041138645,-0.09284431795128097,-0.10805227790004138,0.4959349593495935,0.5986758932730055,24,0.375,-0.852447313244669,-0.6434484083416099,-0.09104661856045992,-1.7526972880651353,-7.067241139925751
SPY,social_only,xgboost,10,0.01,2024,"{""n_estimators"": ""50"", ""learning_rate"": 0.29999999999999993, ""max_depth"": ""12"", ""subsample"": 0.7083413523838862, ""colsample_bytree"": 0.5048646015680878}",0.5625,0.5862513950892857,23,0.6086956521739131,1.0819869315054633,2.376728298438368,-0.05864350836004347,1.7769120699900023,0.5365853658536586,0.5861334752811231,24,0.375,-0.1628991062271701,-0.22015491745037374,-0.07061076871486863,-0.3740901221142348,-3.1178660345616
SPY,social_only,xgboost,10,0.01,31415,"{""n_estimators"": ""50"", ""learning_rate"": 0.09810676131524601, ""max_depth"": ""3"", ""subsample"": 0.5, ""colsample_bytree"": 0.5}",0.5583333333333333,0.5830775669642857,23,0.5217391304347826,-0.4038379232788882,-0.4321463215787328,-0.11523138329898228,-0.707532006539548,0.5121951219512195,0.6180051899660656,24,0.4583333333333333,0.6424558342468156,0.9409699442807,-0.04307727140364205,1.4191085097169305,21.843768502968455
SPY,sentiment_only,xgboost,2,0.0025,42,"{""n_estimators"": ""500"", ""learning_rate"": 0.1654075628706757, ""max_depth"": ""12"", ""subsample"": 0.8124853758855854, ""colsample_bytree"": 0.5595462510411011}",0.5362903225806451,0.4965196461098101,123,0.5284552845528455,-0.283464362345787,-0.09367725487410672,-0.15090358027506784,-0.4607239254537881,0.4715447154471545,0.4676427815970386,122,0.5901639344262295,1.6348724242195793,0.5081430035615657,-0.0661411210785837,3.134651195748979,7.682709262787214
SPY,sentiment_only,xgboost,2,0.0025,7,"{""n_estimators"": ""268"", ""learning_rate"": 0.2931773736404455, ""max_depth"": ""9"", ""subsample"": 0.9043513519810893, ""colsample_bytree"": 0.723534276872094}",0.5362903225806451,0.5090424147801197,123,0.5284552845528455,-0.283464362345787,-0.09367725487410672,-0.15090358027506784,-0.4607239254537881,0.46747967479674796,0.4835074034902168,122,0.5901639344262295,1.6248503405068897,0.5043215724016781,-0.06614112107858364,3.133575421196503,7.624932329200818
SPY,sentiment_only,xgboost,2,0.0025,1337,"{""n_estimators"": ""292"", ""learning_rate"": 0.29999999999999993, ""max_depth"": ""12"", ""subsample"": 0.8595638562014281, ""colsample_bytree"": 0.9669328727063258}",0.5362903225806451,0.5109289617486339,123,0.5284552845528455,-0.283464362345787,-0.09367725487410672,-0.15090358027506784,-0.4607239254537881,0.46747967479674796,0.46648598625066107,122,0.5819672131147541,1.6055243740373881,0.49697406270300015,-0.06614112107858351,3.087347385962139,7.51384395363568
SPY,sentiment_only,xgboost,2,0.0025,2024,"{""n_estimators"": ""429"", ""learning_rate"": 0.19410191341231675, ""max_depth"": ""11"", ""subsample"": 0.5, ""colsample_bytree"": 0.5583812584204949}",0.532258064516129,0.5209797033567526,123,0.5203252032520326,-0.30090171677631133,-0.09809604134971894,-0.15090358027506784,-0.4881010862440546,0.46747967479674796,0.4712123215230037,122,0.5901639344262295,1.6348724242195793,0.5081430035615657,-0.0661411210785837,3.134651195748979,7.682709262787214
SPY,sentiment_only,xgboost,2,0.0025,31415,"{""n_estimators"": ""294"", ""learning_rate"": 0.29999999999999993, ""max_depth"": ""10"", ""subsample"": 0.799961521168065, ""colsample_bytree"": 0.5498399661620516}",0.5282258064516129,0.5181498829039812,123,0.5203252032520326,-0.3355894433223544,-0.10682395207578954,-0.15090358027506784,-0.5472186575251918,0.46747967479674796,0.4854243786356425,122,0.5819672131147541,1.5692148032449755,0.48324601940092604,-0.06994470401066578,3.0289775430051353,6.908972255100778
SPY,sentiment_only,xgboost,5,0.005,42,"{""n_estimators"": ""496"", ""learning_rate"": 0.2865125413888526, ""max_depth"": ""10"", ""subsample"": 0.5306884550341072, ""colsample_bytree"": 0.6251097151689065}",0.5387755102040817,0.5331333333333333,48,0.4791666666666667,-0.2278957333154251,-0.16974727021440328,-0.0823650230885442,-0.3530187561752079,0.45934959349593496,0.49284436493738826,49,0.46938775510204084,-1.205631915268237,-0.5937353916017001,-0.21152618004657558,-1.4467492749464266,-2.806912087529622
SPY,sentiment_only,xgboost,5,0.005,7,"{""n_estimators"": ""354"", ""learning_rate"": 0.23145081317949237, ""max_depth"": ""12"", ""subsample"": 0.5, ""colsample_bytree"": 0.7351643115932563}",0.5265306122448979,0.5282666666666668,48,0.4791666666666667,-0.06335454620962795,-0.07697797713551258,-0.08236502308854401,-0.09804894743797553,0.483739837398374,0.47903001391373484,49,0.4897959183673469,-1.1178051932018285,-0.5682378236006085,-0.209265704671529,-1.3278154653712257,-2.715389148415576
SPY,sentiment_only,xgboost,5,0.005,1337,"{""n_estimators"": ""456"", ""learning_rate"": 0.25120095500482736, ""max_depth"": ""8"", ""subsample"": 0.5035066135678261, ""colsample_bytree"": 0.7305400287448753}",0.5428571428571428,0.5333333333333334,48,0.4791666666666667,-0.06335454620962795,-0.07697797713551258,-0.08236502308854401,-0.09804894743797553,0.4796747967479675,0.46124031007751937,49,0.46938775510204084,-1.205631915268237,-0.5937353916017001,-0.21152618004657558,-1.4467492749464266,-2.806912087529622
SPY,sentiment_only,xgboost,5,0.005,2024,"{""n_estimators"": ""357"", ""learning_rate"": 0.29999999999999993, ""max_depth"": ""11"", ""subsample"": 0.951035143485791, ""colsample_bytree"": 0.9444173137296175}",0.5265306122448979,0.5277999999999999,48,0.4791666666666667,-0.06335454620962795,-0.07697797713551258,-0.08236502308854401,-0.09804894743797553,0.483739837398374,0.4954614722056583,49,0.4897959183673469,-1.1178051932018285,-0.5682378236006085,-0.209265704671529,-1.3278154653712257,-2.715389148415576
SPY,sentiment_only,xgboost,5,0.005,31415,"{""n_estimators"": ""500"", ""learning_rate"": 0.29999999999999993, ""max_depth"": ""12"", ""subsample"": 0.5, ""colsample_bytree"": 1.0}",0.5306122448979592,0.5266,48,0.5208333333333334,0.12158851152366942,0.03942631759162363,-0.08236502308854413,0.18367418736438978,0.4878048780487805,0.5037103292917247,49,0.46938775510204084,-1.3643691497417163,-0.6357731539086442,-0.23571065317101206,-1.6480934390821675,-2.6972610077465613
SPY,sentiment_only,xgboost,10,0.01,42,"{""n_estimators"": ""394"", ""learning_rate"": 0.28500417240614784, ""max_depth"": ""11"", ""subsample"": 0.532015034739536, ""colsample_bytree"": 0.7762065401808169}",0.5208333333333334,0.5645228794642858,23,0.391304347826087,-0.3198838206901078,-0.3701453280573894,-0.10445163480331815,-0.6767716024317056,0.4959349593495935,0.4608756404285049,24,0.5,0.3755992017078173,0.44045329018172197,-0.05736035890077677,0.6540073456703358,7.678705270021547
SPY,sentiment_only,xgboost,10,0.01,7,"{""n_estimators"": ""481"", ""learning_rate"": 0.2953485188702722, ""max_depth"": ""12"", ""subsample"": 0.8429508952630687, ""colsample_bytree"": 0.9743672687323619}",0.5291666666666667,0.5545479910714286,23,0.4782608695652174,0.563710101267055,0.8531109421840632,-0.08827506999084775,1.5400117337533947,0.491869918699187,0.46367023754075454,24,0.4583333333333333,0.2844081938462562,0.2993971649549618,-0.0839931947041965,0.5038360748719918,3.564540746537448
SPY,sentiment_only,xgboost,10,0.01,1337,"{""n_estimators"": ""127"", ""learning_rate"": 0.29192197940162173, ""max_depth"": ""7"", ""subsample"": 0.5865446918250279, ""colsample_bytree"": 0.9956342586393081}",0.525,0.5666155133928571,23,0.4782608695652174,0.563710101267055,0.8531109421840632,-0.08827506999084775,1.5400117337533947,0.5040650406504065,0.4660656064941114,24,0.5833333333333334,0.9792515346635635,1.7940076122968236,-0.057360358900777,1.583754623651953,31.276087644432817
SPY,sentiment_only,xgboost,10,0.01,2024,"{""n_estimators"": ""426"", ""learning_rate"": 0.2811839312556029, ""max_depth"": ""9"", ""subsample"": 0.5723380424454734, ""colsample_bytree"": 0.5613323111909372}",0.525,0.5686383928571429,23,0.4782608695652174,0.563710101267055,0.8531109421840632,-0.08827506999084775,1.5400117337533947,0.491869918699187,0.4839643356178055,24,0.5416666666666666,0.8375372401346398,1.400752328304331,-0.057360358900776676,1.4010249954284673,24.42021554864024
SPY,sentiment_only,xgboost,10,0.01,31415,"{""n_estimators"": ""327"", ""learning_rate"": 0.29407487135146143, ""max_depth"": ""12"", ""subsample"": 0.5395314732472097, ""colsample_bytree"": 0.502482085174273}",0.5291666666666667,0.5581752232142858,23,0.4782608695652174,0.563710101267055,0.8531109421840632,-0.08827506999084775,1.5400117337533947,0.4878048780487805,0.4564175926542019,24,0.5,0.3755992017078173,0.44045329018172197,-0.05736035890077677,0.6540073456703358,7.678705270021547
SPY,technical_only,xgboost,2,0.0025,42,"{""n_estimators"": ""148"", ""learning_rate"": 0.010896866054262174, ""max_depth"": ""9"", ""subsample"": 0.5004905031280489, ""colsample_bytree"": 0.6252643511764512}",0.5040322580645161,0.5818045797553995,123,0.42276422764227645,-2.01520374446264,-0.44074887065305224,-0.28296802532110826,-3.1652143720345753,0.5040650406504065,0.5278291909042835,122,0.4344262295081967,-1.6889238274976182,-0.37544587401321017,-0.236526773558382,-3.0450128747057614,-1.5873292835516513
SPY,technical_only,xgboost,2,0.0025,7,"{""n_estimators"": ""115"", ""learning_rate"": 0.01, ""max_depth"": ""3"", ""subsample"": 0.6727988942710263, ""colsample_bytree"": 0.5067924706301394}",0.5,0.5627439500390321,123,0.42276422764227645,-1.6494341318376857,-0.38145058540108656,-0.22523578723622964,-2.644643568179981,0.5,0.5205579058699101,122,0.4098360655737705,-2.167368366217549,-0.4495047735971769,-0.27293646316670656,-3.952593956099922,-1.6469209294421918
SPY,technical_only,xgboost,2,0.0025,1337,"{""n_estimators"": ""416"", ""learning_rate"": 0.21370175315638787, ""max_depth"": ""12"", ""subsample"": 0.6344077527423385, ""colsample_bytree"": 1.0}",0.4959677419354839,0.5561085089773615,123,0.4878048780487805,-0.8856761593715533,-0.2345998677082599,-0.2408035262876795,-1.320277542744253,0.5040650406504065,0.5277630883130618,122,0.5163934426229508,-1.161492492290904,-0.2809289897433094,-0.19017290908802503,-2.089338962582596,-1.4772292809238998
SPY,technical_only,xgboost,2,0.0025,2024,"{""n_estimators"": ""221"", ""learning_rate"": 0.29999999999999993, ""max_depth"": ""12"", ""subsample"": 0.588083686325132, ""colsample_bytree"": 1.0}",0.5,0.5561735623211034,123,0.5040650406504065,-0.46028479698670244,-0.13753394318547296,-0.1456710148877854,-0.7419116650980633,0.5,0.5092543627710207,122,0.5,-1.4957529600028088,-0.34248070189841473,-0.2061162457597045,-2.7312318272328273,-1.6615900441816087
SPY,technical_only,xgboost,2,0.0025,31415,"{""n_estimators"": ""50"", ""learning_rate"": 0.29999999999999993, ""max_depth"": ""12"", ""subsample"": 1.0, ""colsample_bytree"": 0.8310788287302939}",0.4717741935483871,0.5349661722612542,123,0.43902439024390244,-2.007103115997802,-0.4395202120755989,-0.2821995614938857,-3.020614641720888,0.508130081300813,0.5177815970386039,122,0.5163934426229508,-1.161492492290904,-0.2809289897433094,-0.19017290908802503,-2.089338962582596,-1.4772292809238998
SPY,technical_only,xgboost,5,0.005,42,"{""n_estimators"": ""335"", ""learning_rate"": 0.2371077477832058, ""max_depth"": ""6"", ""subsample"": 0.57621156815248, ""colsample_bytree"": 0.5483465578016801}",0.4857142857142857,0.5455666666666666,48,0.4166666666666667,-1.9200960382127796,-0.7125555919322002,-0.2228596189304958,-3.01313051601943,0.46747967479674796,0.5199098920029154,49,0.42857142857142855,-0.3922924828463441,-0.2795886820124044,-0.1187517787802693,-0.5905657177709902,-2.354395739450248
SPY,technical_only,xgboost,5,0.005,7,"{""n_estimators"": ""492"", ""learning_rate"": 0.26701066362868797, ""max_depth"": ""11"", ""subsample"": 0.514103747369011, ""colsample_bytree"": 0.689339813114353}",0.4775510204081633,0.5377,48,0.4375,-1.801628171037375,-0.691523418639469,-0.21233587852374963,-2.8485427001279597,0.491869918699187,0.5586695819253958,49,0.4489795918367347,-0.1360710588448309,-0.1355924276381255,-0.1187517787802693,-0.2015220853437547,-1.141813866123362
SPY,technical_only,xgboost,5,0.005,1337,"{""n_estimators"": ""191"", ""learning_rate"": 0.29999999999999993, ""max_depth"": ""4"", ""subsample"": 0.6702561140272338, ""colsample_bytree"": 0.9816244640530518}",0.4775510204081633,0.5391666666666667,48,0.4375,-1.62143001276386,-0.6560479024781871,-0.19583351199263369,-2.5200556958903353,0.4878048780487805,0.5572119525607897,49,0.4489795918367347,-0.1360710588448309,-0.1355924276381255,-0.1187517787802693,-0.2015220853437547,-1.141813866123362
SPY,technical_only,xgboost,5,0.005,2024,"{""n_estimators"": ""234"", ""learning_rate"": 0.2606800484078371, ""max_depth"": ""7"", ""subsample"": 0.5787525520688622, ""colsample_bytree"": 0.5200531461093505}",0.5714285714285714,0.5361,48,0.5833333333333334,1.7476200923830754,1.8149746261322517,-0.0732702394181329,3.315857527034736,0.5528455284552846,0.5196448684820778,49,0.5510204081632653,0.7843479391852225,0.650956925678565,-0.11179149668632077,1.0780059632933066,5.822955635929137
SPY,technical_only,xgboost,5,0.005,31415,"{""n_estimators"": ""496"", ""learning_rate"": 0.2826075266382915, ""max_depth"": ""4"", ""subsample"": 0.7770938189398879, ""colsample_bytree"": 0.5013794870774326}",0.47346938775510206,0.5341666666666667,48,0.4166666666666667,-1.8604980682803391,-0.7021885082380392,-0.21759711163050904,-2.92488531836955,0.4878048780487805,0.5519114821440404,49,0.46938775510204084,-0.08109204841592244,-0.10113887226182627,-0.1187517787802693,-0.11889530757284987,-0.851683008883321
SPY,technical_only,xgboost,10,0.01,42,"{""n_estimators"": ""51"", ""learning_rate"": 0.010237325204027153, ""max_depth"": ""9"", ""subsample"": 0.8355243443070508, ""colsample_bytree"": 0.5177111988578678}",0.5,0.5686383928571429,23,0.4782608695652174,-0.16426087284265453,-0.23746320525462317,-0.07371840973856902,-0.3091184217749738,0.4878048780487805,0.6022356776897997,24,0.4166666666666667,-0.174775955866642,-0.23072760928867064,-0.07857646445804367,-0.39850112798978005,-2.9363450096672254
SPY,technical_only,xgboost,10,0.01,7,"{""n_estimators"": ""215"", ""learning_rate"": 0.20916649046613311, ""max_depth"": ""4"", ""subsample"": 0.539573862020553, ""colsample_bytree"": 0.6511708333439274}",0.5083333333333333,0.5586635044642857,23,0.5217391304347826,-0.04511603205680503,-0.11702992558144487,-0.07085461139704709,-0.08379999449372923,0.4634146341463415,0.5176658460310067,24,0.5416666666666666,0.7028993550272153,1.0741909273997639,-0.05751532300904326,1.445080560843167,18.676604271714975
SPY,technical_only,xgboost,10,0.01,1337,"{""n_estimators"": ""55"", ""learning_rate"": 0.012777151697294386, ""max_depth"": ""3"", ""subsample"": 0.8616875679145288, ""colsample_bytree"": 0.6444410308628431}",0.5083333333333333,0.5727887834821428,23,0.43478260869565216,-0.45423175978741764,-0.46592874593021694,-0.10795788016221436,-0.9004086969406931,0.4878048780487805,0.6009714551866391,24,0.4166666666666667,-0.174775955866642,-0.23072760928867064,-0.07857646445804367,-0.39850112798978005,-2.9363450096672254
SPY,technical_only,xgboost,10,0.01,2024,"{""n_estimators"": ""50"", ""learning_rate"": 0.025777717546492194, ""max_depth"": ""3"", ""subsample"": 0.5, ""colsample_bytree"": 0.82536245129916}",0.5041666666666667,0.5667898995535715,23,0.4782608695652174,-0.16426087284265453,-0.23746320525462317,-0.07371840973856902,-0.3091184217749738,0.491869918699187,0.6032004790737906,24,0.4583333333333333,0.34598363418638894,0.39374121599554046,-0.07857646445804367,0.8057534581027364,5.010930673850575
SPY,technical_only,xgboost,10,0.01,31415,"{""n_estimators"": ""446"", ""learning_rate"": 0.08723526663263018, ""max_depth"": ""4"", ""subsample"": 0.6464295927983648, ""colsample_bytree"": 0.9851136337774636}",0.5125,0.5594308035714285,23,0.4782608695652174,-0.16426087284265453,-0.23746320525462317,-0.07371840973856902,-0.3091184217749738,0.4959349593495935,0.5306407611950229,24,0.4166666666666667,-0.1472873531628658,-0.20608147360330753,-0.07857646445804367,-0.3402596606121286,-2.622687022439726
SPY,learned_alpha_per_stock,xgboost,2,0.0025,42,"{""n_estimators"": ""84"", ""learning_rate"": 0.027213743181812276, ""max_depth"": ""3"", ""subsample"": 0.5, ""colsample_bytree"": 0.5}",0.5725806451612904,0.6033697632058287,123,0.4959349593495935,-0.9279722563741809,-0.24360689101606992,-0.22515390386392184,-1.4207099409571218,0.4796747967479675,0.4977855631940773,122,0.45901639344262296,-1.3917250032177333,-0.3239569505078198,-0.20333494031604277,-2.3903872023484922,-1.5932183126239625
SPY,learned_alpha_per_stock,xgboost,2,0.0025,7,"{""n_estimators"": ""500"", ""learning_rate"": 0.01, ""max_depth"": ""3"", ""subsample"": 0.7494221233488202, ""colsample_bytree"": 0.5}",0.5483870967741935,0.5725344782721832,123,0.5121951219512195,-0.34742505155265363,-0.10982164530723626,-0.18326330327013537,-0.5222313184144639,0.4796747967479675,0.477095452141724,122,0.4918032786885246,-1.2885889396508217,-0.3050344200442765,-0.1926163671459815,-2.2131038063985886,-1.5836370738582917
SPY,learned_alpha_per_stock,xgboost,2,0.0025,1337,"{""n_estimators"": ""50"", ""learning_rate"": 0.01, ""max_depth"": ""3"", ""subsample"": 0.5, ""colsample_bytree"": 0.5}",0.5040322580645161,0.6035974499089254,123,0.4146341463414634,-1.8303317804502308,-0.41159461828116095,-0.2324129030337687,-2.984145236977696,0.491869918699187,0.508262823902697,122,0.3770491803278688,-2.6857424844044813,-0.5186609318980644,-0.30252932465920074,-4.958482379080645,-1.714415395870585
SPY,learned_alpha_per_stock,xgboost,2,0.0025,2024,"{""n_estimators"": ""302"", ""learning_rate"": 0.01, ""max_depth"": ""3"", ""subsample"": 0.5657008500968875, ""colsample_bytree"": 0.5126795323804443}",0.5241935483870968,0.5714610981004424,123,0.4878048780487805,-0.2895523155036775,-0.09523577740158284,-0.16218552718826826,-0.46806708805228886,0.4878048780487805,0.4804666842940243,122,0.45901639344262296,-2.0876179823511016,-0.43789220400478746,-0.27143098731669446,-3.5808359637391334,-1.61327270822573
SPY,learned_alpha_per_stock,xgboost,2,0.0025,31415,"{""n_estimators"": ""352"", ""learning_rate"": 0.10553035458941167, ""max_depth"": ""3"", ""subsample"": 0.6736265605562901, ""colsample_bytree"": 0.5023266269429844}",0.5483870967741935,0.5789097059588864,123,0.5121951219512195,-0.33939297166817045,-0.10780613776171677,-0.13220386920409657,-0.5245250621706089,0.4715447154471545,0.4960668958223163,122,0.5573770491803278,-0.040976002389780775,-0.02795097190069018,-0.08917911883889984,-0.06875686213539761,-0.3134250737684795
SPY,learned_alpha_per_stock,xgboost,5,0.005,42,"{""n_estimators"": ""50"", ""learning_rate"": 0.01, ""max_depth"": ""12"", ""subsample"": 0.7603439558208969, ""colsample_bytree"": 0.5}",0.5551020408163265,0.5913666666666667,48,0.5416666666666666,0.8316618068934328,0.62892754390575,-0.09360173250788588,1.438972644255425,0.5447154471544715,0.5563174981779633,49,0.5306122448979592,1.133589718679581,1.095052540177996,-0.12978695451744682,1.902354144808316,8.43730823524942
SPY,learned_alpha_per_stock,xgboost,5,0.005,7,"{""n_estimators"": ""105"", ""learning_rate"": 0.02078207356611945, ""max_depth"": ""12"", ""subsample"": 1.0, ""colsample_bytree"": 0.5}",0.5387755102040817,0.5885,48,0.4583333333333333,-0.04131099642480982,-0.06360067895500221,-0.08216929626738918,-0.07523719814215517,0.491869918699187,0.547107930828861,49,0.5306122448979592,0.8905320338302964,0.7765575939254306,-0.12423599659692526,1.4920432016010519,6.250664985969531
SPY,learned_alpha_per_stock,xgboost,5,0.005,1337,"{""n_estimators"": ""229"", ""learning_rate"": 0.010646315693865937, ""max_depth"": ""8"", ""subsample"": 1.0, ""colsample_bytree"": 0.5}",0.5469387755102041,0.5873333333333333,48,0.4375,-1.0946224037735144,-0.5231230536019398,-0.1726037786212586,-1.641190049930066,0.483739837398374,0.5702643609620354,49,0.4489795918367347,-0.7909606411754692,-0.4568381082330455,-0.11935987945026222,-1.1779511703511072,-3.82740088492978
SPY,learned_alpha_per_stock,xgboost,5,0.005,2024,"{""n_estimators"": ""180"", ""learning_rate"": 0.021658041362976478, ""max_depth"": ""12"", ""subsample"": 1.0, ""colsample_bytree"": 0.5}",0.5346938775510204,0.5795,48,0.5,0.7095525582146301,0.5097336118717051,-0.07903683388819047,1.3780605579012017,0.508130081300813,0.5491949910554562,49,0.5714285714285714,1.7211678381961197,2.077886824990868,-0.05038294314369696,3.5494288011007753,41.241870667708646
SPY,learned_alpha_per_stock,xgboost,5,0.005,31415,"{""n_estimators"": ""53"", ""learning_rate"": 0.07107072256063865, ""max_depth"": ""7"", ""subsample"": 1.0, ""colsample_bytree"": 0.5}",0.563265306122449,0.5884,48,0.5416666666666666,0.29788355055058025,0.16351980466697458,-0.09636847403666017,0.4634140481120917,0.4959349593495935,0.5611541774332471,49,0.4489795918367347,-0.2735031303968941,-0.2160514108956998,-0.10614401264548498,-0.417531936266522,-2.035455467632445
SPY,learned_alpha_per_stock,xgboost,10,0.01,42,"{""n_estimators"": ""75"", ""learning_rate"": 0.11654126622287461, ""max_depth"": ""11"", ""subsample"": 0.5003893829205072, ""colsample_bytree"": 0.9961057796456089}",0.55,0.5898088727678571,23,0.6086956521739131,0.8892105842444564,1.7128411111178146,-0.06999301252025404,1.5825771274302929,0.5284552845528455,0.5096812828531505,24,0.2916666666666667,-0.5371371667850332,-0.49149839074986923,-0.08614707751521589,-1.2630366987326977,-5.70534027301225
SPY,learned_alpha_per_stock,xgboost,10,0.01,7,"{""n_estimators"": ""50"", ""learning_rate"": 0.032966947217905, ""max_depth"": ""10"", ""subsample"": 1.0, ""colsample_bytree"": 0.5}",0.5291666666666667,0.6168736049107143,23,0.5217391304347826,0.012967400450297319,-0.05155479820989517,-0.07811187641824058,0.025538587364846158,0.5040650406504065,0.5233215782819882,24,0.375,-0.23212868054964106,-0.2796686115797903,-0.07857646445804367,-0.5186686454352675,-3.5591905732679137
SPY,learned_alpha_per_stock,xgboost,10,0.01,1337,"{""n_estimators"": ""494"", ""learning_rate"": 0.29749760262901376, ""max_depth"": ""11"", ""subsample"": 0.5177313502006244, ""colsample_bytree"": 0.9947409706167674}",0.5625,0.5960170200892858,23,0.5652173913043478,0.2606237297608747,0.2839757349167331,-0.06352219385361631,0.4064775034448957,0.508130081300813,0.5062878435025617,24,0.375,0.18575126660920593,0.16226624348789476,-0.08614707751521589,0.4771122990466231,1.8835954528954761
SPY,learned_alpha_per_stock,xgboost,10,0.01,2024,"{""n_estimators"": ""169"", ""learning_rate"": 0.0839947729344681, ""max_depth"": ""10"", ""subsample"": 0.6680045581904239, ""colsample_bytree"": 1.0}",0.5333333333333333,0.5902971540178572,23,0.5652173913043478,0.8049127556057505,1.4613097897365663,-0.07635094073803006,1.6269165424801681,0.5121951219512195,0.5161354714219175,24,0.4583333333333333,0.6141626101819477,0.8814297479474682,-0.061194109311323804,1.5105299735763986,14.403833275245695
SPY,learned_alpha_per_stock,xgboost,10,0.01,31415,"{""n_estimators"": ""500"", ""learning_rate"": 0.29999999999999993, ""max_depth"": ""12"", ""subsample"": 0.7954879936921446, ""colsample_bytree"": 0.9299496407331573}",0.5375,0.5860421316964286,23,0.5217391304347826,0.18399890830048135,0.16932167692470013,-0.06961095358266767,0.2872242402188136,0.508130081300813,0.501430567569366,24,0.4583333333333333,0.6141626101819477,0.8814297479474682,-0.061194109311323804,1.5105299735763986,14.403833275245695
SPY,learned_alpha_global,xgboost,2,0.0025,42,"{""n_estimators"": ""84"", ""learning_rate"": 0.027213743181812276, ""max_depth"": ""3"", ""subsample"": 0.5, ""colsample_bytree"": 0.5}",0.5725806451612904,0.6033697632058287,123,0.4959349593495935,-0.9279722563741809,-0.24360689101606992,-0.22515390386392184,-1.4207099409571218,0.4796747967479675,0.4977855631940773,122,0.45901639344262296,-1.3917250032177333,-0.3239569505078198,-0.20333494031604277,-2.3903872023484922,-1.5932183126239625
SPY,learned_alpha_global,xgboost,2,0.0025,7,"{""n_estimators"": ""500"", ""learning_rate"": 0.01, ""max_depth"": ""3"", ""subsample"": 0.7494221233488202, ""colsample_bytree"": 0.5}",0.5483870967741935,0.5725344782721832,123,0.5121951219512195,-0.34742505155265363,-0.10982164530723626,-0.18326330327013537,-0.5222313184144639,0.4796747967479675,0.477095452141724,122,0.4918032786885246,-1.2885889396508217,-0.3050344200442765,-0.1926163671459815,-2.2131038063985886,-1.5836370738582917
SPY,learned_alpha_global,xgboost,2,0.0025,1337,"{""n_estimators"": ""50"", ""learning_rate"": 0.01, ""max_depth"": ""3"", ""subsample"": 0.5, ""colsample_bytree"": 0.5}",0.5040322580645161,0.6035974499089254,123,0.4146341463414634,-1.8303317804502308,-0.41159461828116095,-0.2324129030337687,-2.984145236977696,0.491869918699187,0.508262823902697,122,0.3770491803278688,-2.6857424844044813,-0.5186609318980644,-0.30252932465920074,-4.958482379080645,-1.714415395870585
SPY,learned_alpha_global,xgboost,2,0.0025,2024,"{""n_estimators"": ""302"", ""learning_rate"": 0.01, ""max_depth"": ""3"", ""subsample"": 0.5657008500968875, ""colsample_bytree"": 0.5126795323804443}",0.5241935483870968,0.5714610981004424,123,0.4878048780487805,-0.2895523155036775,-0.09523577740158284,-0.16218552718826826,-0.46806708805228886,0.4878048780487805,0.4804666842940243,122,0.45901639344262296,-2.0876179823511016,-0.43789220400478746,-0.27143098731669446,-3.5808359637391334,-1.61327270822573
SPY,learned_alpha_global,xgboost,2,0.0025,31415,"{""n_estimators"": ""352"", ""learning_rate"": 0.10553035458941167, ""max_depth"": ""3"", ""subsample"": 0.6736265605562901, ""colsample_bytree"": 0.5023266269429844}",0.5483870967741935,0.5789097059588864,123,0.5121951219512195,-0.33939297166817045,-0.10780613776171677,-0.13220386920409657,-0.5245250621706089,0.4715447154471545,0.4960668958223163,122,0.5573770491803278,-0.040976002389780775,-0.02795097190069018,-0.08917911883889984,-0.06875686213539761,-0.3134250737684795
SPY,learned_alpha_global,xgboost,5,0.005,42,"{""n_estimators"": ""50"", ""learning_rate"": 0.01, ""max_depth"": ""12"", ""subsample"": 0.7603439558208969, ""colsample_bytree"": 0.5}",0.5551020408163265,0.5913666666666667,48,0.5416666666666666,0.8316618068934328,0.62892754390575,-0.09360173250788588,1.438972644255425,0.5447154471544715,0.5563174981779633,49,0.5306122448979592,1.133589718679581,1.095052540177996,-0.12978695451744682,1.902354144808316,8.43730823524942
SPY,learned_alpha_global,xgboost,5,0.005,7,"{""n_estimators"": ""105"", ""learning_rate"": 0.02078207356611945, ""max_depth"": ""12"", ""subsample"": 1.0, ""colsample_bytree"": 0.5}",0.5387755102040817,0.5885,48,0.4583333333333333,-0.04131099642480982,-0.06360067895500221,-0.08216929626738918,-0.07523719814215517,0.491869918699187,0.547107930828861,49,0.5306122448979592,0.8905320338302964,0.7765575939254306,-0.12423599659692526,1.4920432016010519,6.250664985969531
SPY,learned_alpha_global,xgboost,5,0.005,1337,"{""n_estimators"": ""229"", ""learning_rate"": 0.010646315693865937, ""max_depth"": ""8"", ""subsample"": 1.0, ""colsample_bytree"": 0.5}",0.5469387755102041,0.5873333333333333,48,0.4375,-1.0946224037735144,-0.5231230536019398,-0.1726037786212586,-1.641190049930066,0.483739837398374,0.5702643609620354,49,0.4489795918367347,-0.7909606411754692,-0.4568381082330455,-0.11935987945026222,-1.1779511703511072,-3.82740088492978
SPY,learned_alpha_global,xgboost,5,0.005,2024,"{""n_estimators"": ""180"", ""learning_rate"": 0.021658041362976478, ""max_depth"": ""12"", ""subsample"": 1.0, ""colsample_bytree"": 0.5}",0.5346938775510204,0.5795,48,0.5,0.7095525582146301,0.5097336118717051,-0.07903683388819047,1.3780605579012017,0.508130081300813,0.5491949910554562,49,0.5714285714285714,1.7211678381961197,2.077886824990868,-0.05038294314369696,3.5494288011007753,41.241870667708646
SPY,learned_alpha_global,xgboost,5,0.005,31415,"{""n_estimators"": ""53"", ""learning_rate"": 0.07107072256063865, ""max_depth"": ""7"", ""subsample"": 1.0, ""colsample_bytree"": 0.5}",0.563265306122449,0.5884,48,0.5416666666666666,0.29788355055058025,0.16351980466697458,-0.09636847403666017,0.4634140481120917,0.4959349593495935,0.5611541774332471,49,0.4489795918367347,-0.2735031303968941,-0.2160514108956998,-0.10614401264548498,-0.417531936266522,-2.035455467632445
SPY,learned_alpha_global,xgboost,10,0.01,42,"{""n_estimators"": ""75"", ""learning_rate"": 0.11654126622287461, ""max_depth"": ""11"", ""subsample"": 0.5003893829205072, ""colsample_bytree"": 0.9961057796456089}",0.55,0.5898088727678571,23,0.6086956521739131,0.8892105842444564,1.7128411111178146,-0.06999301252025404,1.5825771274302929,0.5284552845528455,0.5096812828531505,24,0.2916666666666667,-0.5371371667850332,-0.49149839074986923,-0.08614707751521589,-1.2630366987326977,-5.70534027301225
SPY,learned_alpha_global,xgboost,10,0.01,7,"{""n_estimators"": ""50"", ""learning_rate"": 0.032966947217905, ""max_depth"": ""10"", ""subsample"": 1.0, ""colsample_bytree"": 0.5}",0.5291666666666667,0.6168736049107143,23,0.5217391304347826,0.012967400450297319,-0.05155479820989517,-0.07811187641824058,0.025538587364846158,0.5040650406504065,0.5233215782819882,24,0.375,-0.23212868054964106,-0.2796686115797903,-0.07857646445804367,-0.5186686454352675,-3.5591905732679137
SPY,learned_alpha_global,xgboost,10,0.01,1337,"{""n_estimators"": ""494"", ""learning_rate"": 0.29749760262901376, ""max_depth"": ""11"", ""subsample"": 0.5177313502006244, ""colsample_bytree"": 0.9947409706167674}",0.5625,0.5960170200892858,23,0.5652173913043478,0.2606237297608747,0.2839757349167331,-0.06352219385361631,0.4064775034448957,0.508130081300813,0.5062878435025617,24,0.375,0.18575126660920593,0.16226624348789476,-0.08614707751521589,0.4771122990466231,1.8835954528954761
SPY,learned_alpha_global,xgboost,10,0.01,2024,"{""n_estimators"": ""169"", ""learning_rate"": 0.0839947729344681, ""max_depth"": ""10"", ""subsample"": 0.6680045581904239, ""colsample_bytree"": 1.0}",0.5333333333333333,0.5902971540178572,23,0.5652173913043478,0.8049127556057505,1.4613097897365663,-0.07635094073803006,1.6269165424801681,0.5121951219512195,0.5161354714219175,24,0.4583333333333333,0.6141626101819477,0.8814297479474682,-0.061194109311323804,1.5105299735763986,14.403833275245695
SPY,learned_alpha_global,xgboost,10,0.01,31415,"{""n_estimators"": ""500"", ""learning_rate"": 0.29999999999999993, ""max_depth"": ""12"", ""subsample"": 0.7954879936921446, ""colsample_bytree"": 0.9299496407331573}",0.5375,0.5860421316964286,23,0.5217391304347826,0.18399890830048135,0.16932167692470013,-0.06961095358266767,0.2872242402188136,0.508130081300813,0.501430567569366,24,0.4583333333333333,0.6141626101819477,0.8814297479474682,-0.061194109311323804,1.5105299735763986,14.403833275245695
TSLA,full_70_30,xgboost,2,0.0025,42,"{""n_estimators"": ""50"", ""learning_rate"": 0.023715640503168482, ""max_depth"": ""5"", ""subsample"": 0.7638103041351186, ""colsample_bytree"": 0.5}",0.592741935483871,0.6246747332812906,123,0.6097560975609756,3.2328661468890223,17.570384555522356,-0.20693882651017123,5.947487696996251,0.4878048780487805,0.5149140211640212,122,0.5409836065573771,1.038261224382749,1.5932398742979412,-0.45626551503618407,1.4967335067266636,3.491913856719129
TSLA,full_70_30,xgboost,2,0.0025,7,"{""n_estimators"": ""500"", ""learning_rate"": 0.01, ""max_depth"": ""5"", ""subsample"": 1.0, ""colsample_bytree"": 0.8767357924783755}",0.5806451612903226,0.61664064532917,123,0.6097560975609756,2.663316664670411,9.998898847459436,-0.19112600634842014,4.71258287760892,0.508130081300813,0.5305886243386244,122,0.5983606557377049,2.0546950172096103,8.800860208947675,-0.40704582794158495,2.789273222915954,21.621300612398574
TSLA,full_70_30,xgboost,2,0.0025,1337,"{""n_estimators"": ""77"", ""learning_rate"": 0.012229886232418994, ""max_depth"": ""3"", ""subsample"": 0.8112143643220648, ""colsample_bytree"": 0.5030177277526061}",0.5725806451612904,0.6227556596409055,123,0.5609756097560976,1.9865439955075526,4.750433103952422,-0.25589696739476386,3.2929553886178917,0.4878048780487805,0.5260582010582011,122,0.5655737704918032,0.7732045688802528,0.8155896472041289,-0.42758174311680325,1.0629407715843056,1.907447313486752
TSLA,full_70_30,xgboost,2,0.0025,2024,"{""n_estimators"": ""178"", ""learning_rate"": 0.03632957895771887, ""max_depth"": ""5"", ""subsample"": 1.0, ""colsample_bytree"": 0.9646528145797046}",0.592741935483871,0.6246096799375488,123,0.6097560975609756,2.7868946455607304,11.338386297917955,-0.1512754215340719,4.805029041834147,0.516260162601626,0.525165343915344,122,0.6065573770491803,1.561811808454163,4.1432460189863685,-0.4025582949986561,1.9313489705049867,10.29228827342932
TSLA,full_70_30,xgboost,2,0.0025,31415,"{""n_estimators"": ""500"", ""learning_rate"": 0.01, ""max_depth"": ""4"", ""subsample"": 0.6760131449715734, ""colsample_bytree"": 0.5}",0.5645161290322581,0.6198933125162633,123,0.6016260162601627,2.8534361243554933,12.131642125956645,-0.199074132039898,5.190973804693628,0.5,0.5188161375661375,122,0.5983606557377049,2.0268941596413685,8.462883549351481,-0.3461960519624714,2.8029596987666534,24.445349683736087
TSLA,full_70_30,xgboost,5,0.0075,42,"{""n_estimators"": ""500"", ""learning_rate"": 0.01, ""max_depth"": ""3"", ""subsample"": 0.5, ""colsample_bytree"": 0.7323195100304826}",0.563265306122449,0.5952622330359557,48,0.5416666666666666,0.2197276392816312,-0.18144294698430763,-0.5526234328326382,0.42533342002170954,0.5609756097560976,0.5680779169151262,49,0.5714285714285714,2.173837508296923,324.0373286663977,-0.26098537911253933,4.742357895729888,1241.5918844506218
TSLA,full_70_30,xgboost,5,0.0075,7,"{""n_estimators"": ""500"", ""learning_rate"": 0.015372959339374088, ""max_depth"": ""3"", ""subsample"": 0.5, ""colsample_bytree"": 0.8205828332687821}",0.5673469387755102,0.5971208434712084,48,0.5833333333333334,0.8662044747085096,4.723306239724768,-0.4388016890588177,1.6626688753321188,0.5609756097560976,0.5750016563970053,49,0.5714285714285714,2.173837508296923,324.0373286663977,-0.26098537911253933,4.742357895729888,1241.5918844506218
TSLA,full_70_30,xgboost,5,0.0075,1337,"{""n_estimators"": ""500"", ""learning_rate"": 0.019290323014237446, ""max_depth"": ""3"", ""subsample"": 0.6188081165723931, ""colsample_bytree"": 0.5}",0.5714285714285714,0.6016490943498243,48,0.5416666666666666,0.2197276392816312,-0.18144294698430763,-0.5526234328326382,0.42533342002170954,0.5447154471544715,0.569568674219837,49,0.5714285714285714,2.34111909704287,518.6286765981273,-0.2609853791125394,4.990911133504221,1987.1943721969562
TSLA,full_70_30,xgboost,5,0.0075,2024,"{""n_estimators"": ""500"", ""learning_rate"": 0.01, ""max_depth"": ""3"", ""subsample"": 1.0, ""colsample_bytree"": 0.5}",0.5346938775510204,0.5944849959448499,48,0.5,0.2029070809750054,-0.22132887947997337,-0.5483006445915789,0.382016281625849,0.532520325203252,0.5717882462068509,49,0.5102040816326531,0.7918600197532724,3.637062337886686,-0.3954118318124824,1.3223826999086365,9.198162637711619
TSLA,full_70_30,xgboost,5,0.0075,31415,"{""n_estimators"": ""408"", ""learning_rate"": 0.02071438920853815, ""max_depth"": ""3"", ""subsample"": 0.5449438802269543, ""colsample_bytree"": 0.6050884385250631}",0.5673469387755102,0.597830494728305,48,0.5625,0.4121749173321721,0.46430572967772843,-0.5526234328326385,0.7807870174612266,0.532520325203252,0.568839859537534,49,0.5510204081632653,2.133454570419632,288.906946675674,-0.2609853791125393,4.693280901322798,1106.9851792390818
TSLA,full_70_30,xgboost,10,0.01,42,"{""n_estimators"": ""50"", ""learning_rate"": 0.01, ""max_depth"": ""3"", ""subsample"": 1.0, ""colsample_bytree"": 0.5935157537494036}",0.6041666666666666,0.5623970198438283,23,0.6521739130434783,1.8485874047245203,29231.643797750043,-0.23709995623239208,4.740640709347424,0.5365853658536586,0.5731263241525424,24,0.5833333333333334,1.7948732429680407,3460.5432815392996,-0.29694311335342094,5.018118515364496,11653.893038497814
TSLA,full_70_30,xgboost,10,0.01,7,"{""n_estimators"": ""140"", ""learning_rate"": 0.10278610102778377, ""max_depth"": ""3"", ""subsample"": 0.5213425641452877, ""colsample_bytree"": 0.6010367879884508}",0.5708333333333333,0.5647252668529265,23,0.6521739130434783,1.8455938480596525,28630.031225825613,-0.1615766386270742,4.363183179613527,0.573170731707317,0.5841498940677966,24,0.4583333333333333,0.08558259593507209,-0.6365364265238559,-0.4156454768068626,0.24719104639534176,-1.5314407639268848
TSLA,full_70_30,xgboost,10,0.01,1337,"{""n_estimators"": ""153"", ""learning_rate"": 0.01, ""max_depth"": ""5"", ""subsample"": 1.0, ""colsample_bytree"": 0.6918805735122502}",0.5916666666666667,0.5657640232108317,23,0.5652173913043478,1.722370838198966,13940.360470197867,-0.23709995623239208,4.567812438773866,0.5813008130081301,0.5991790254237288,24,0.625,1.9430198625911026,6874.398382654539,-0.24945956373187897,5.367798178742079,27557.165096477096
TSLA,full_70_30,xgboost,10,0.01,2024,"{""n_estimators"": ""50"", ""learning_rate"": 0.01, ""max_depth"": ""3"", ""subsample"": 1.0, ""colsample_bytree"": 0.5}",0.6041666666666666,0.5610358908231249,23,0.6521739130434783,1.8485874047245203,29231.643797750043,-0.23709995623239208,4.740640709347424,0.5487804878048781,0.5726959745762712,24,0.5833333333333334,1.7948732429680407,3460.5432815392996,-0.29694311335342094,5.018118515364496,11653.893038497814
TSLA,full_70_30,xgboost,10,0.01,31415,"{""n_estimators"": ""50"", ""learning_rate"": 0.01, ""max_depth"": ""3"", ""subsample"": 1.0, ""colsample_bytree"": 0.5}",0.6041666666666666,0.5622179239200515,23,0.6086956521739131,1.7845585768216758,20126.562767960608,-0.23709995623239208,4.639213272626966,0.5487804878048781,0.5811374470338984,24,0.5833333333333334,1.7948732429680407,3460.5432815392996,-0.29694311335342094,5.018118515364496,11653.893038497814
TSLA,equal_50_50,xgboost,2,0.0025,42,"{""n_estimators"": ""429"", ""learning_rate"": 0.018231390937165384, ""max_depth"": ""4"", ""subsample"": 0.5922441753181221, ""colsample_bytree"": 0.5020454533590083}",0.5846774193548387,0.6179091855321364,123,0.5691056910569106,0.6812340674257866,0.5492832426958159,-0.3093346326508883,0.9475466627212837,0.5447154471544715,0.5537037037037037,122,0.5491803278688525,1.9704486520109343,7.912586845776222,-0.33547780407526234,3.5159039141622146,23.586021935451452
TSLA,equal_50_50,xgboost,2,0.0025,7,"{""n_estimators"": ""252"", ""learning_rate"": 0.03699764225766376, ""max_depth"": ""6"", ""subsample"": 0.5966778116962048, ""colsample_bytree"": 0.5502369858505171}",0.5806451612903226,0.6174538121259433,123,0.5772357723577236,0.843560403761061,0.8279831095654491,-0.3035041680062729,1.1635164231478996,0.556910569105691,0.5588955026455027,122,0.5409836065573771,1.388338410370639,3.1556113571204136,-0.4440306444029285,2.2612576224749805,7.106742286590708
TSLA,equal_50_50,xgboost,2,0.0025,1337,"{""n_estimators"": ""50"", ""learning_rate"": 0.01, ""max_depth"": ""8"", ""subsample"": 0.5, ""colsample_bytree"": 0.825085273240425}",0.5725806451612904,0.61908014571949,123,0.5609756097560976,0.6864235880014807,0.5576418352446357,-0.31093885305364005,0.960523775316228,0.5691056910569106,0.555787037037037,122,0.5573770491803278,2.353158412615228,13.504423983976126,-0.23651694104521415,4.217416870077983,57.097068498761494
TSLA,equal_50_50,xgboost,2,0.0025,2024,"{""n_estimators"": ""50"", ""learning_rate"": 0.01, ""max_depth"": ""7"", ""subsample"": 0.9835417112189615, ""colsample_bytree"": 0.5231065587725935}",0.5846774193548387,0.6242844132188395,123,0.5772357723577236,0.6571945945919524,0.5114985275171309,-0.3582138066655114,0.9070680751264588,0.556910569105691,0.5519510582010582,122,0.5491803278688525,1.8016902715594765,6.130490361893936,-0.296200740181844,2.8739476631967245,20.697079818673974
TSLA,equal_50_50,xgboost,2,0.0025,31415,"{""n_estimators"": ""50"", ""learning_rate"": 0.027486326438604134, ""max_depth"": ""9"", ""subsample"": 0.5, ""colsample_bytree"": 0.9407454398380645}",0.5685483870967742,0.6229508196721312,123,0.5528455284552846,0.6927320895794693,0.5679799501140936,-0.3689795724733793,0.9791885249223222,0.5487804878048781,0.5511574074074074,122,0.5409836065573771,1.5945063444345895,4.471157709876814,-0.256184842869439,2.8229571927970962,17.4528580996319
TSLA,equal_50_50,xgboost,5,0.0075,42,"{""n_estimators"": ""500"", ""learning_rate"": 0.016562394469254896, ""max_depth"": ""4"", ""subsample"": 0.5, ""colsample_bytree"": 0.7219446202936624}",0.6408163265306123,0.644971613949716,48,0.7083333333333334,3.3999973815879523,4341.23909770094,-0.14817057954971838,5.975753506792235,0.508130081300813,0.5313721592791361,49,0.5918367346938775,2.1141555953053928,273.0120902732112,-0.2621403893702754,4.507278166228122,1041.472818931307
TSLA,equal_50_50,xgboost,5,0.0075,7,"{""n_estimators"": ""50"", ""learning_rate"": 0.01, ""max_depth"": ""6"", ""subsample"": 0.5, ""colsample_bytree"": 0.5956346413153116}",0.6244897959183674,0.6718031900513652,48,0.7291666666666666,3.7496951821519775,9079.324397077622,-0.1481705795497185,6.405490381809519,0.524390243902439,0.5395547604849931,49,0.5306122448979592,0.28259374642163426,-0.11370412947196074,-0.38703386083813746,0.4812946357492979,-0.2937834152953177
TSLA,equal_50_50,xgboost,5,0.0075,1337,"{""n_estimators"": ""50"", ""learning_rate"": 0.02506121701664671, ""max_depth"": ""7"", ""subsample"": 1.0, ""colsample_bytree"": 0.5}",0.5836734693877551,0.648418491484185,48,0.625,1.9094145497728534,105.81935234515883,-0.3392019042490697,2.4850244554566383,0.508130081300813,0.5484993043132578,49,0.46938775510204084,-0.39764850227226295,-0.9050180490156648,-0.6385888328312425,-0.6750879135873669,-1.417215589259812
TSLA,equal_50_50,xgboost,5,0.0075,2024,"{""n_estimators"": ""500"", ""learning_rate"": 0.021594849931228833, ""max_depth"": ""3"", ""subsample"": 0.5, ""colsample_bytree"": 1.0}",0.6326530612244898,0.6502433090024331,48,0.6875,3.2139692163137634,2879.2616734739945,-0.14817057954971838,5.886515911338308,0.4959349593495935,0.5432982177168224,49,0.5510204081632653,1.8628272140067565,131.3264590682416,-0.2692744468938051,4.075561112762296,487.7048698201704
TSLA,equal_50_50,xgboost,5,0.0075,31415,"{""n_estimators"": ""152"", ""learning_rate"": 0.01, ""max_depth"": ""7"", ""subsample"": 0.5, ""colsample_bytree"": 0.5}",0.6489795918367347,0.6559205190592051,48,0.7083333333333334,3.3468377479267883,3838.4319363117056,-0.21133656604903128,5.2250220752350165,0.5040650406504065,0.5340555224276154,49,0.5714285714285714,1.1447852361301418,13.258865306329303,-0.2863964691432408,1.9009967409937754,46.295491512145354
TSLA,equal_50_50,xgboost,10,0.01,42,"{""n_estimators"": ""50"", ""learning_rate"": 0.01, ""max_depth"": ""3"", ""subsample"": 1.0, ""colsample_bytree"": 0.5313822691754228}",0.6083333333333333,0.6159825202378394,23,0.6521739130434783,1.8485874047245203,29231.643797750043,-0.23709995623239208,4.740640709347424,0.5447154471544715,0.5804753707627119,24,0.5833333333333334,1.7948732429680407,3460.5432815392996,-0.29694311335342094,5.018118515364496,11653.893038497814
TSLA,equal_50_50,xgboost,10,0.01,7,"{""n_estimators"": ""76"", ""learning_rate"": 0.02015905152089026, ""max_depth"": ""3"", ""subsample"": 0.7440268941467814, ""colsample_bytree"": 0.5}",0.6125,0.6210330252883445,23,0.6086956521739131,1.7845585768216758,20126.562767960608,-0.23709995623239208,4.639213272626966,0.556910569105691,0.5718021716101694,24,0.5833333333333334,1.7948732429680407,3460.5432815392996,-0.29694311335342094,5.018118515364496,11653.893038497814
TSLA,equal_50_50,xgboost,10,0.01,1337,"{""n_estimators"": ""50"", ""learning_rate"": 0.01, ""max_depth"": ""7"", ""subsample"": 0.5, ""colsample_bytree"": 1.0}",0.6166666666666667,0.6299161831076724,23,0.6521739130434783,2.287479570519383,332089.8617487641,-0.16157663862707422,5.6270154885153225,0.5609756097560976,0.5727621822033898,24,0.5833333333333334,1.7948732429680407,3460.5432815392996,-0.29694311335342094,5.018118515364496,11653.893038497814
TSLA,equal_50_50,xgboost,10,0.01,2024,"{""n_estimators"": ""50"", ""learning_rate"": 0.02394498656875917, ""max_depth"": ""5"", ""subsample"": 1.0, ""colsample_bytree"": 1.0}",0.6125,0.6306683859875349,23,0.6521739130434783,1.8485874047245203,29231.643797750043,-0.23709995623239208,4.740640709347424,0.5650406504065041,0.5931541313559322,24,0.625,1.8244422556889164,3975.1358171646616,-0.29694311335342094,5.760355048344215,13386.859766750897
TSLA,equal_50_50,xgboost,10,0.01,31415,"{""n_estimators"": ""50"", ""learning_rate"": 0.01, ""max_depth"": ""3"", ""subsample"": 0.8407277241485549, ""colsample_bytree"": 0.5}",0.6041666666666666,0.6230388996346443,23,0.6521739130434783,1.8485874047245203,29231.643797750043,-0.23709995623239208,4.740640709347424,0.5284552845528455,0.5725304555084746,24,0.5416666666666666,1.5073421827877616,859.5702763924637,-0.29694311335342094,4.500888772285529,2894.7304643142384
TSLA,news_only,xgboost,2,0.0025,42,"{""n_estimators"": ""310"", ""learning_rate"": 0.016782701023744174, ""max_depth"": ""3"", ""subsample"": 0.5, ""colsample_bytree"": 1.0}",0.592741935483871,0.6213895394223263,123,0.5447154471544715,0.5674183331182645,0.379848817669596,-0.4155290590918053,0.8016383828614536,0.524390243902439,0.5417328042328043,122,0.5327868852459017,1.4184088911080308,3.3094981086191666,-0.3461960519624714,2.147986018787708,9.55960673109561
TSLA,news_only,xgboost,2,0.0025,7,"{""n_estimators"": ""499"", ""learning_rate"": 0.0262593125039778, ""max_depth"": ""3"", ""subsample"": 0.529250260033274, ""colsample_bytree"": 0.5689134223522907}",0.5564516129032258,0.6070778037991154,123,0.4959349593495935,0.14354080822591583,-0.1066438772216256,-0.4785989908451056,0.20895176894798825,0.5,0.5495370370370369,122,0.5409836065573771,0.5922072288755434,0.43086820897021605,-0.5225311498523574,0.8817271261753494,0.8245789922609572
TSLA,news_only,xgboost,2,0.0025,1337,"{""n_estimators"": ""54"", ""learning_rate"": 0.010136867918768373, ""max_depth"": ""3"", ""subsample"": 0.5, ""colsample_bytree"": 0.9815017558490637}",0.5604838709677419,0.6237639864689044,123,0.5040650406504065,0.06607482450545728,-0.17506177157633607,-0.4757260713568663,0.0966042289879307,0.5203252032520326,0.5475198412698412,122,0.5573770491803278,1.5708995612610297,4.265726779952479,-0.3461960519624713,2.3627046955247994,12.321708337722168
TSLA,news_only,xgboost,2,0.0025,2024,"{""n_estimators"": ""211"", ""learning_rate"": 0.03722532762050555, ""max_depth"": ""3"", ""subsample"": 0.5, ""colsample_bytree"": 0.9958899911842869}",0.5846774193548387,0.6249674733281291,123,0.5365853658536586,0.7793915272681362,0.7145957629921542,-0.3468954329754093,1.12934139956205,0.5040650406504065,0.5543650793650794,122,0.5409836065573771,0.6213293062458178,0.48803077721892096,-0.5466129006941511,0.923213748481017,0.8928270382919321
TSLA,news_only,xgboost,2,0.0025,31415,"{""n_estimators"": ""348"", ""learning_rate"": 0.01, ""max_depth"": ""3"", ""subsample"": 0.6634364822450209, ""colsample_bytree"": 1.0}",0.5685483870967742,0.6167707520166535,123,0.5284552845528455,0.6944736202850589,0.573078519407417,-0.36175315464295527,1.0349996355712348,0.4959349593495935,0.542691798941799,122,0.5081967213114754,0.4896936287251764,0.24662660037897566,-0.3592032209057093,0.744412182767053,0.6865935103731018
TSLA,news_only,xgboost,5,0.0075,42,"{""n_estimators"": ""500"", ""learning_rate"": 0.042293874578029196, ""max_depth"": ""3"", ""subsample"": 1.0, ""colsample_bytree"": 1.0}",0.5714285714285714,0.6198296836982968,48,0.6041666666666666,1.6346871703965133,51.93354859878882,-0.28816769123439634,3.4192003634129486,0.5284552845528455,0.5724508050089445,49,0.4897959183673469,0.8058229327411436,4.015913238748822,-0.24796607867488027,1.6776833658048742,16.195413744531848
TSLA,news_only,xgboost,5,0.0075,7,"{""n_estimators"": ""436"", ""learning_rate"": 0.04975917226391592, ""max_depth"": ""3"", ""subsample"": 1.0, ""colsample_bytree"": 1.0}",0.5755102040816327,0.6189172749391727,48,0.625,1.9746551252384688,133.25996247221747,-0.2881676912343964,4.02433176787195,0.532520325203252,0.5753991916782615,49,0.4489795918367347,-0.00971576408558052,-0.6602255922264524,-0.4399232296257297,-0.016411062789514524,-1.5007745619346986
TSLA,news_only,xgboost,5,0.0075,1337,"{""n_estimators"": ""462"", ""learning_rate"": 0.02214935220361991, ""max_depth"": ""4"", ""subsample"": 0.9746164328568588, ""colsample_bytree"": 0.9740367736904924}",0.5469387755102041,0.6133752365504189,48,0.5833333333333334,1.4277696372695776,28.590220586122662,-0.28816769123439645,3.0823390531004278,0.5447154471544715,0.5730802358709336,49,0.5102040816326531,1.0332875929358127,9.346156339580249,-0.2479660786748803,2.100796858256359,37.69126966690643
TSLA,news_only,xgboost,5,0.0075,2024,"{""n_estimators"": ""50"", ""learning_rate"": 0.29999999999999993, ""max_depth"": ""3"", ""subsample"": 0.9038986875986195, ""colsample_bytree"": 0.898739908987618}",0.5755102040816327,0.6258448229251149,48,0.6458333333333334,2.269659468768122,291.2089137381567,-0.28816769123439645,4.452108471072253,0.5447154471544715,0.5766911813423441,49,0.4897959183673469,0.2829747112866912,-0.11511615400893471,-0.37981740153977384,0.46493885986067407,-0.30308288546616247
TSLA,news_only,xgboost,5,0.0075,31415,"{""n_estimators"": ""50"", ""learning_rate"": 0.2780690839725766, ""max_depth"": ""10"", ""subsample"": 1.0, ""colsample_bytree"": 1.0}",0.5959183673469388,0.6199986482833199,48,0.6458333333333334,2.342264582796543,351.5589567915313,-0.15616846042639154,4.62196277189325,0.540650406504065,0.5593652686675943,49,0.5306122448979592,1.8796662280981677,137.93875333946022,-0.22617733013494165,4.153478616909879,609.8699337248493
TSLA,news_only,xgboost,10,0.01,42,"{""n_estimators"": ""365"", ""learning_rate"": 0.07547699910123522, ""max_depth"": ""3"", ""subsample"": 0.5, ""colsample_bytree"": 0.6821776489454646}",0.575,0.6056665950282972,23,0.782608695652174,3.278675564034105,32264399.319210786,-0.1766783941610556,6.428330737422232,0.5487804878048781,0.5660752118644068,24,0.5,0.6387678787519235,7.436128732413486,-0.23936768932312183,1.8349561469081361,31.065716318861547
TSLA,news_only,xgboost,10,0.01,7,"{""n_estimators"": ""139"", ""learning_rate"": 0.07567571567946274, ""max_depth"": ""9"", ""subsample"": 0.5074646263585028, ""colsample_bytree"": 0.5}",0.5833333333333334,0.6176302027365858,23,0.6956521739130435,2.2644372556720436,282305.50240856945,-0.17667839416105555,3.828677622355578,0.5203252032520326,0.5469412076271186,24,0.5416666666666666,0.8847038221933471,31.787526438704745,-0.1772882252451599,2.6432658066000587,179.29857662429598
TSLA,news_only,xgboost,10,0.01,1337,"{""n_estimators"": ""316"", ""learning_rate"": 0.03125181630302876, ""max_depth"": ""5"", ""subsample"": 0.6537264142754459, ""colsample_bytree"": 0.9011846497143623}",0.5875,0.6043054660075937,23,0.8260869565217391,3.3169828385477578,37570176.254875325,-0.16981348187162035,6.056869714506515,0.524390243902439,0.5626986228813559,24,0.5,0.5889682209808171,5.389962568011091,-0.24945956373187897,1.749124901656763,21.606558142642562
TSLA,news_only,xgboost,10,0.01,2024,"{""n_estimators"": ""67"", ""learning_rate"": 0.29999999999999993, ""max_depth"": ""5"", ""subsample"": 0.5, ""colsample_bytree"": 0.7200692763874199}",0.5708333333333333,0.6091410559495666,23,0.782608695652174,2.8176393937500848,4451717.49398705,-0.17667839416105563,5.281302929524178,0.540650406504065,0.579250529661017,24,0.5416666666666666,0.5659296090792285,4.212962510954372,-0.2954835875504827,1.0484880074632394,14.257856234517922
TSLA,news_only,xgboost,10,0.01,31415,"{""n_estimators"": ""218"", ""learning_rate"": 0.034702695897601346, ""max_depth"": ""4"", ""subsample"": 0.6096588488757314, ""colsample_bytree"": 0.6341625704944737}",0.5708333333333333,0.6108245576330683,23,0.782608695652174,2.720344426678311,2840106.4239526573,-0.17667839416105569,5.428981598655213,0.5365853658536586,0.572563559322034,24,0.4583333333333333,0.4665753352599269,2.2171418680827597,-0.29694311335342094,1.3601827829908146,7.4665542603236705
TSLA,social_only,xgboost,2,0.0025,42,"{""n_estimators"": ""356"", ""learning_rate"": 0.04628518674713462, ""max_depth"": ""3"", ""subsample"": 0.9711008778424265, ""colsample_bytree"": 0.7816441089227697}",0.5403225806451613,0.5937418683320322,123,0.5609756097560976,2.1346690374833526,5.622170087616027,-0.24669809407458956,3.2005346495565776,0.5203252032520326,0.530026455026455,122,0.5409836065573771,0.8453397968187464,1.0139918105280774,-0.5006064643686865,1.3022675608455425,2.0255268013904293
TSLA,social_only,xgboost,2,0.0025,7,"{""n_estimators"": ""210"", ""learning_rate"": 0.013878744575652987, ""max_depth"": ""3"", ""subsample"": 0.7661553771706278, ""colsample_bytree"": 0.5}",0.5443548387096774,0.6007676294561541,123,0.5528455284552846,2.153238806131284,5.742999000615681,-0.2466980940745893,3.2731038824440883,0.5040650406504065,0.523611111111111,122,0.5081967213114754,-0.20102608475218517,-0.5125738289041856,-0.6208678123651249,-0.2889946354351255,-0.8255764249584694
TSLA,social_only,xgboost,2,0.0025,1337,"{""n_estimators"": ""93"", ""learning_rate"": 0.034387617847891475, ""max_depth"": ""10"", ""subsample"": 0.5799743177116844, ""colsample_bytree"": 0.9313237733749984}",0.5282258064516129,0.596344002081707,123,0.5447154471544715,1.9006558035069565,4.274526531909517,-0.2949747232779177,2.8838654473356162,0.516260162601626,0.5285714285714286,122,0.5491803278688525,0.7153003849008572,0.6899959928741515,-0.29206513263807743,1.0779858483309326,2.362473009502246
TSLA,social_only,xgboost,2,0.0025,2024,"{""n_estimators"": ""168"", ""learning_rate"": 0.01999900341075197, ""max_depth"": ""3"", ""subsample"": 0.9448216637389142, ""colsample_bytree"": 0.5}",0.5604838709677419,0.6123471246422065,123,0.5447154471544715,1.7075770569652717,3.357717314768153,-0.26993313814406367,2.484192065777549,0.5040650406504065,0.5378306878306879,122,0.5081967213114754,-0.2558977877154728,-0.5479534846515512,-0.5644326140174044,-0.36155847631844285,-0.9708040801388825
TSLA,social_only,xgboost,2,0.0025,31415,"{""n_estimators"": ""210"", ""learning_rate"": 0.01, ""max_depth"": ""3"", ""subsample"": 0.5101297522032077, ""colsample_bytree"": 0.7665888315429867}",0.5645161290322581,0.5991412958626073,123,0.5609756097560976,2.090007703533082,5.340637582145647,-0.22480089941699496,3.09951425879752,0.4959349593495935,0.5338293650793651,122,0.5,-0.27414862625980807,-0.558445180607844,-0.631081849342578,-0.3978093986391577,-0.8849013502600297
TSLA,social_only,xgboost,5,0.0075,42,"{""n_estimators"": ""367"", ""learning_rate"": 0.01, ""max_depth"": ""3"", ""subsample"": 1.0, ""colsample_bytree"": 0.5}",0.5387755102040817,0.5850905650175724,48,0.5625,1.1923304721768728,13.337991910672237,-0.37522501509280926,1.761730213273257,0.5,0.5501557013184921,49,0.42857142857142855,-1.0151940012853853,-0.9873662298605053,-0.6331340228213002,-1.5751429540885384,-1.5594900830960177
TSLA,social_only,xgboost,5,0.0075,7,"{""n_estimators"": ""327"", ""learning_rate"": 0.012866858817933933, ""max_depth"": ""3"", ""subsample"": 1.0, ""colsample_bytree"": 0.5}",0.5510204081632653,0.5887739929710732,48,0.5833333333333334,1.3751451502833625,23.238527262187166,-0.37522501509280926,1.9750469217928142,0.4959349593495935,0.554362949711787,49,0.42857142857142855,-1.0151940012853853,-0.9873662298605053,-0.6331340228213002,-1.5751429540885384,-1.5594900830960177
TSLA,social_only,xgboost,5,0.0075,1337,"{""n_estimators"": ""50"", ""learning_rate"": 0.01, ""max_depth"": ""3"", ""subsample"": 0.689033103165537, ""colsample_bytree"": 0.5}",0.5510204081632653,0.5852257366855906,48,0.5625,0.9410671788651109,5.84580211943469,-0.3392019042490697,1.3573009656659552,0.491869918699187,0.5445570794408003,49,0.4489795918367347,-0.7495542245779367,-0.9703675026462623,-0.6331340228213002,-1.1474365987113784,-1.5326415382358074
TSLA,social_only,xgboost,5,0.0075,2024,"{""n_estimators"": ""50"", ""learning_rate"": 0.025588837857146943, ""max_depth"": ""3"", ""subsample"": 0.5, ""colsample_bytree"": 0.7879859578704016}",0.5346938775510204,0.5776561232765612,48,0.5625,1.3235521638804424,19.978426647320333,-0.25704107781693447,1.9833440135448088,0.5040650406504065,0.5306102166567283,49,0.5306122448979592,0.6640782552473433,2.1157221358884195,-0.42673179477340484,1.1843307963368928,4.957966952080219
TSLA,social_only,xgboost,5,0.0075,31415,"{""n_estimators"": ""322"", ""learning_rate"": 0.01, ""max_depth"": ""3"", ""subsample"": 0.86864254104158, ""colsample_bytree"": 0.6048828874453875}",0.5469387755102041,0.5851919437685861,48,0.6041666666666666,1.7874164637852346,76.04590269933036,-0.25704107781693447,2.5155894329110033,0.5,0.5479692572715829,49,0.4897959183673469,-0.2951953959316854,-0.8696696425545974,-0.6331340228213002,-0.4463195984335416,-1.3735948649217649
TSLA,social_only,xgboost,10,0.01,42,"{""n_estimators"": ""500"", ""learning_rate"": 0.29999999999999993, ""max_depth"": ""9"", ""subsample"": 1.0, ""colsample_bytree"": 1.0}",0.6,0.6359338061465721,23,0.43478260869565216,0.18635968332129998,-0.5517639429599802,-0.2984568644270364,0.4231755323413317,0.5,0.5074814618644068,24,0.4166666666666667,-0.2625750082239035,-0.9563540735565257,-0.6344320125887782,-0.4267817412444468,-1.5074177446597554
TSLA,social_only,xgboost,10,0.01,7,"{""n_estimators"": ""452"", ""learning_rate"": 0.29999999999999993, ""max_depth"": ""12"", ""subsample"": 1.0, ""colsample_bytree"": 0.8020437528740654}",0.6083333333333333,0.6404470234257468,23,0.43478260869565216,0.18635968332129998,-0.5517639429599802,-0.2984568644270364,0.4231755323413317,0.5121951219512195,0.5030455508474576,24,0.4166666666666667,-0.2625750082239035,-0.9563540735565257,-0.6344320125887782,-0.4267817412444468,-1.5074177446597554
TSLA,social_only,xgboost,10,0.01,1337,"{""n_estimators"": ""500"", ""learning_rate"": 0.2691764502304618, ""max_depth"": ""10"", ""subsample"": 1.0, ""colsample_bytree"": 0.5}",0.6125,0.6393008095135755,23,0.43478260869565216,0.18635968332129998,-0.5517639429599802,-0.2984568644270364,0.4231755323413317,0.508130081300813,0.5187698622881357,24,0.4166666666666667,-0.2625750082239035,-0.9563540735565257,-0.6344320125887782,-0.4267817412444468,-1.5074177446597554
TSLA,social_only,xgboost,10,0.01,2024,"{""n_estimators"": ""500"", ""learning_rate"": 0.29999999999999993, ""max_depth"": ""12"", ""subsample"": 1.0, ""colsample_bytree"": 0.5}",0.6083333333333333,0.6370083816892327,23,0.43478260869565216,0.18635968332129998,-0.5517639429599802,-0.2984568644270364,0.4231755323413317,0.5121951219512195,0.5152939618644068,24,0.4166666666666667,-0.2625750082239035,-0.9563540735565257,-0.6344320125887782,-0.4267817412444468,-1.5074177446597554
TSLA,social_only,xgboost,10,0.01,31415,"{""n_estimators"": ""432"", ""learning_rate"": 0.2069778820391102, ""max_depth"": ""12"", ""subsample"": 1.0, ""colsample_bytree"": 0.8861294923577125}",0.6083333333333333,0.6390858944050434,23,0.43478260869565216,0.18635968332129998,-0.5517639429599802,-0.2984568644270364,0.4231755323413317,0.516260162601626,0.5143008474576272,24,0.4166666666666667,-0.2625750082239035,-0.9563540735565257,-0.6344320125887782,-0.4267817412444468,-1.5074177446597554
TSLA,sentiment_only,xgboost,2,0.0025,42,"{""n_estimators"": ""50"", ""learning_rate"": 0.01, ""max_depth"": ""4"", ""subsample"": 1.0, ""colsample_bytree"": 1.0}",0.5645161290322581,0.6149817850637522,123,0.6097560975609756,2.0502177498426515,5.118237097144805,-0.27794112630624285,3.3234311142912727,0.4878048780487805,0.46666666666666673,122,0.5327868852459017,-0.1065940003519322,-0.45420197709937504,-0.5907942590533214,-0.12947016315529536,-0.7687989010373603
TSLA,sentiment_only,xgboost,2,0.0025,7,"{""n_estimators"": ""50"", ""learning_rate"": 0.0126967220411308, ""max_depth"": ""3"", ""subsample"": 0.8483228869326183, ""colsample_bytree"": 0.5}",0.5403225806451613,0.5924082747853241,123,0.5691056910569106,1.951369226903135,4.561984971963039,-0.3128742229646081,3.411991230299943,0.491869918699187,0.47457010582010584,122,0.5491803278688525,0.824833837377405,0.9459225859562237,-0.427581743116803,1.1404478164381024,2.212261400734841
TSLA,sentiment_only,xgboost,2,0.0025,1337,"{""n_estimators"": ""173"", ""learning_rate"": 0.01, ""max_depth"": ""3"", ""subsample"": 1.0, ""colsample_bytree"": 0.7664520056035186}",0.5443548387096774,0.5967017954722873,123,0.5934959349593496,2.1313482864905438,5.624384323888209,-0.3135075189554901,3.7087213398702907,0.5,0.46617063492063504,122,0.5491803278688525,0.9044660148955883,1.1672639111401972,-0.3996862760038666,1.2848397094200854,2.9204503162097692
TSLA,sentiment_only,xgboost,2,0.0025,2024,"{""n_estimators"": ""235"", ""learning_rate"": 0.01, ""max_depth"": ""3"", ""subsample"": 1.0, ""colsample_bytree"": 1.0}",0.5564516129032258,0.5965066354410616,123,0.6097560975609756,2.2841889701954083,6.673744018967211,-0.3024458602901074,3.91625836731661,0.491869918699187,0.47073412698412703,122,0.5327868852459017,0.7798191071749228,0.8343546209770831,-0.40762708570128653,1.1204679660706984,2.0468576555496782
TSLA,sentiment_only,xgboost,2,0.0025,31415,"{""n_estimators"": ""200"", ""learning_rate"": 0.01, ""max_depth"": ""3"", ""subsample"": 0.9837160382919858, ""colsample_bytree"": 1.0}",0.5443548387096774,0.5956934686442884,123,0.5934959349593496,2.1313482864905438,5.624384323888209,-0.3135075189554901,3.7087213398702907,0.4959349593495935,0.4628968253968254,122,0.5409836065573771,0.8952706180922925,1.1408110522683774,-0.39968627600386664,1.2738507051565144,2.854266260213901
TSLA,sentiment_only,xgboost,5,0.0075,42,"{""n_estimators"": ""50"", ""learning_rate"": 0.01, ""max_depth"": ""3"", ""subsample"": 0.5, ""colsample_bytree"": 1.0}",0.4897959183673469,0.5355163557718302,48,0.4375,-0.8126270597051718,-0.9640067413552407,-0.6343160378498213,-1.607783324733822,0.4959349593495935,0.48787517392168556,49,0.4897959183673469,-0.21401079836501297,-0.8290433267389262,-0.4869893431707079,-0.3332363161302486,-1.7023849461287197
TSLA,sentiment_only,xgboost,5,0.0075,7,"{""n_estimators"": ""50"", ""learning_rate"": 0.01, ""max_depth"": ""3"", ""subsample"": 0.5, ""colsample_bytree"": 0.9411869144594345}",0.5469387755102041,0.5457218167072182,48,0.5625,0.6572802478184825,2.0643753892678407,-0.38627108774105706,1.213195310638125,0.516260162601626,0.4909229444113165,49,0.4489795918367347,-0.19428415264059828,-0.816360554378567,-0.40688388892034405,-0.3136892386977688,-2.0063722762401794
TSLA,sentiment_only,xgboost,5,0.0075,1337,"{""n_estimators"": ""54"", ""learning_rate"": 0.010136901326399467, ""max_depth"": ""3"", ""subsample"": 0.5108971270583068, ""colsample_bytree"": 0.9911421893785632}",0.5061224489795918,0.5351446336847796,48,0.5625,0.2766300911120578,-0.025699798904412985,-0.4615258335605061,0.5679496706357067,0.4959349593495935,0.50629430861989,49,0.46938775510204084,0.8059462912886909,3.9609173547332706,-0.5259841151740338,1.5044626561622312,7.530488546070847
TSLA,sentiment_only,xgboost,5,0.0075,2024,"{""n_estimators"": ""209"", ""learning_rate"": 0.01932275564574009, ""max_depth"": ""3"", ""subsample"": 0.5, ""colsample_bytree"": 0.5}",0.5306122448979592,0.5289943227899432,48,0.5416666666666666,0.132734836980823,-0.37072324514609456,-0.504546663002419,0.26495348440374256,0.5121951219512195,0.5140131186642815,49,0.5102040816326531,1.6501801043223607,68.25723371740621,-0.3263699816897586,3.112196187639471,209.14066104979685
TSLA,sentiment_only,xgboost,5,0.0075,31415,"{""n_estimators"": ""113"", ""learning_rate"": 0.01001150990385643, ""max_depth"": ""3"", ""subsample"": 0.5140076431594346, ""colsample_bytree"": 0.7849922742543107}",0.5346938775510204,0.5383549608002163,48,0.5625,0.3889813774641216,0.3671004500746473,-0.42563842945664954,0.7572312515785898,0.5040650406504065,0.49413635460147093,49,0.4897959183673469,1.1051693771868698,11.868305855803383,-0.40840467656780205,2.0652781967081077,29.060161493603868
TSLA,sentiment_only,xgboost,10,0.01,42,"{""n_estimators"": ""106"", ""learning_rate"": 0.01, ""max_depth"": ""3"", ""subsample"": 0.7887413717909082, ""colsample_bytree"": 0.6406846037968911}",0.5708333333333333,0.5069131026577836,23,0.5652173913043478,-0.08575073542074738,-0.9608473408796396,-0.487922380836736,-0.10489549963749456,0.5650406504065041,0.4887115995762712,24,0.5416666666666666,1.2034283168097244,180.73397419901815,-0.24945956373187897,3.675704650907878,724.5020856096437
TSLA,sentiment_only,xgboost,10,0.01,7,"{""n_estimators"": ""100"", ""learning_rate"": 0.02369816208404007, ""max_depth"": ""3"", ""subsample"": 0.5473889047310506, ""colsample_bytree"": 0.9904549605115438}",0.5375,0.5046206748334408,23,0.5652173913043478,0.08576528987340323,-0.8658643123499922,-0.4502277334625274,0.10179226901458246,0.532520325203252,0.5002317266949152,24,0.25,-1.3034965067764845,-0.9998409547725385,-0.5628090690962182,-3.421065333219114,-1.776518911427856
TSLA,sentiment_only,xgboost,10,0.01,1337,"{""n_estimators"": ""53"", ""learning_rate"": 0.053479482979161434, ""max_depth"": ""3"", ""subsample"": 0.6109565085888742, ""colsample_bytree"": 0.5447776640080565}",0.525,0.5148649616734723,23,0.6521739130434783,1.4724124729222368,2966.672605473294,-0.2306914422054322,3.31733098615161,0.5284552845528455,0.4984110169491525,24,0.2916666666666667,-0.8656890375614716,-0.998340649584753,-0.5628090690962181,-2.2728241950250876,-1.7738531669148996
TSLA,sentiment_only,xgboost,10,0.01,2024,"{""n_estimators"": ""50"", ""learning_rate"": 0.01, ""max_depth"": ""3"", ""subsample"": 0.8537661357364611, ""colsample_bytree"": 0.7636262150347006}",0.5875,0.5090264345583495,23,0.6086956521739131,1.5407871630932322,4627.258429158624,-0.23709995623239208,4.243807485496738,0.532520325203252,0.49043299788135597,24,0.625,2.0588352302701787,11618.697639890972,-0.24945956373187897,5.740060847718383,46575.47486284726
TSLA,sentiment_only,xgboost,10,0.01,31415,"{""n_estimators"": ""124"", ""learning_rate"": 0.01, ""max_depth"": ""3"", ""subsample"": 0.7884552288193347, ""colsample_bytree"": 0.9731285325448895}",0.55,0.49845977505551975,23,0.5217391304347826,-0.1710109397646403,-0.978762966794508,-0.4581613949323986,-0.2125166154874975,0.5040650406504065,0.4831170550847458,24,0.4166666666666667,0.13551144273332857,-0.5104499774196305,-0.32427675516678806,0.4067918903756875,-1.5741183087794448
TSLA,technical_only,xgboost,2,0.0025,42,"{""n_estimators"": ""50"", ""learning_rate"": 0.021758156429587727, ""max_depth"": ""10"", ""subsample"": 0.6074186082544668, ""colsample_bytree"": 0.6475983305791774}",0.5443548387096774,0.5942622950819673,123,0.4878048780487805,-0.8713248934005104,-0.6848129957891101,-0.594535688541944,-1.3408241425347045,0.5203252032520326,0.5470899470899472,122,0.5409836065573771,-0.1615448416907165,-0.4892330546259065,-0.6154145780137413,-0.2104760983531301,-0.7949650074993554
TSLA,technical_only,xgboost,2,0.0025,7,"{""n_estimators"": ""50"", ""learning_rate"": 0.016314327734345335, ""max_depth"": ""12"", ""subsample"": 0.5, ""colsample_bytree"": 1.0}",0.5483870967741935,0.5748763986468904,123,0.5609756097560976,2.9316825940765168,13.083718628258286,-0.24186575766206833,4.912231755434535,0.540650406504065,0.5594576719576719,122,0.5655737704918032,2.4625857558016535,15.745898131213416,-0.33188654613802193,5.313600350011481,47.44361684569508
TSLA,technical_only,xgboost,2,0.0025,1337,"{""n_estimators"": ""50"", ""learning_rate"": 0.012278149049941789, ""max_depth"": ""3"", ""subsample"": 0.8399866571119279, ""colsample_bytree"": 0.5}",0.5403225806451613,0.5882123341139734,123,0.4634146341463415,-1.0862012341626948,-0.7468859839356722,-0.6175159375364745,-1.6900487068325902,0.532520325203252,0.5551256613756613,122,0.5491803278688525,-0.013787000124515976,-0.3761476370879584,-0.636009998105566,-0.017777973914658754,-0.5914178050791031
TSLA,technical_only,xgboost,2,0.0025,2024,"{""n_estimators"": ""73"", ""learning_rate"": 0.01, ""max_depth"": ""3"", ""subsample"": 1.0, ""colsample_bytree"": 0.5676325793767127}",0.5362903225806451,0.594327348425709,123,0.4715447154471545,-1.0728192925627134,-0.7434128330120248,-0.6149631897980581,-1.672519849781977,0.5284552845528455,0.5581349206349208,122,0.5491803278688525,0.1067683280298041,-0.2656755850037459,-0.5700810497471837,0.13666441064744772,-0.4660312513835817
TSLA,technical_only,xgboost,2,0.0025,31415,"{""n_estimators"": ""110"", ""learning_rate"": 0.01, ""max_depth"": ""11"", ""subsample"": 0.7097041995968262, ""colsample_bytree"": 0.5301069145549706}",0.5282258064516129,0.5668748373666407,123,0.4715447154471545,-0.9248991336276349,-0.7016084733567877,-0.5989310202109612,-1.423174515023337,0.5284552845528455,0.547883597883598,122,0.5409836065573771,-0.1615448416907165,-0.4892330546259065,-0.6154145780137413,-0.2104760983531301,-0.7949650074993554
TSLA,technical_only,xgboost,5,0.0075,42,"{""n_estimators"": ""88"", ""learning_rate"": 0.020007555035124257, ""max_depth"": ""3"", ""subsample"": 0.5, ""colsample_bytree"": 0.971126985579805}",0.5020408163265306,0.597323600973236,48,0.4166666666666667,-1.2712098080033296,-0.9911283833867867,-0.5619789973417456,-1.9397451164363533,0.5447154471544715,0.5811634532564766,49,0.5510204081632653,0.5305249728497241,0.9788217295105968,-0.4606807104817957,0.8585915682685711,2.124729139379227
TSLA,technical_only,xgboost,5,0.0075,7,"{""n_estimators"": ""50"", ""learning_rate"": 0.01, ""max_depth"": ""4"", ""subsample"": 0.5, ""colsample_bytree"": 0.6947859623404359}",0.49795918367346936,0.5941470667748041,48,0.4166666666666667,-1.2712098080033296,-0.9911283833867867,-0.5619789973417456,-1.9397451164363533,0.540650406504065,0.5734777711521898,49,0.5306122448979592,0.49863530784008836,0.7846543947884459,-0.47140308333218245,0.8043355514229664,1.6645084059315018
TSLA,technical_only,xgboost,5,0.0075,1337,"{""n_estimators"": ""284"", ""learning_rate"": 0.020386387228282975, ""max_depth"": ""3"", ""subsample"": 0.5, ""colsample_bytree"": 0.6120132821800368}",0.6,0.5979318734793188,48,0.6041666666666666,1.6252042514049678,50.28785924089367,-0.2878756222003257,3.0763449198799475,0.5487804878048781,0.5883853441992977,49,0.6326530612244898,3.1365137472862434,4220.2344596741605,-0.2523510465124591,7.435173430020468,16723.665378046288
TSLA,technical_only,xgboost,5,0.0075,2024,"{""n_estimators"": ""413"", ""learning_rate"": 0.01, ""max_depth"": ""3"", ""subsample"": 0.5, ""colsample_bytree"": 1.0}",0.6,0.5976615301432818,48,0.6041666666666666,1.6252042514049678,50.28785924089367,-0.2878756222003257,3.0763449198799475,0.5528455284552846,0.5950109322202345,49,0.6326530612244898,3.1365137472862434,4220.2344596741605,-0.2523510465124591,7.435173430020468,16723.665378046288
TSLA,technical_only,xgboost,5,0.0075,31415,"{""n_estimators"": ""84"", ""learning_rate"": 0.04015867174616711, ""max_depth"": ""3"", ""subsample"": 0.9989873491770039, ""colsample_bytree"": 0.5109840316279783}",0.49387755102040815,0.5966139497161395,48,0.4166666666666667,-1.2712098080033296,-0.9911283833867867,-0.5619789973417456,-1.9397451164363533,0.5528455284552846,0.5780494268866362,49,0.5306122448979592,0.49863530784008836,0.7846543947884459,-0.47140308333218245,0.8043355514229664,1.6645084059315018
TSLA,technical_only,xgboost,10,0.01,42,"{""n_estimators"": ""497"", ""learning_rate"": 0.12252067019688155, ""max_depth"": ""5"", ""subsample"": 1.0, ""colsample_bytree"": 0.6388718976659713}",0.5833333333333334,0.5712801776631563,23,0.5652173913043478,1.4691521331922468,2966.933401219945,-0.23709995623239208,4.046016369332719,0.5975609756097561,0.6081832627118645,24,0.625,1.8244422556889164,3975.1358171646616,-0.29694311335342094,5.760355048344215,13386.859766750897
TSLA,technical_only,xgboost,10,0.01,7,"{""n_estimators"": ""265"", ""learning_rate"": 0.15809522385237243, ""max_depth"": ""7"", ""subsample"": 0.5204622800904025, ""colsample_bytree"": 0.5}",0.5958333333333333,0.5778709076581416,23,0.5652173913043478,1.4691521331922468,2966.933401219945,-0.23709995623239208,4.046016369332719,0.6016260162601627,0.6206965042372881,24,0.625,1.8244422556889164,3975.1358171646616,-0.29694311335342094,5.760355048344215,13386.859766750897
TSLA,technical_only,xgboost,10,0.01,1337,"{""n_estimators"": ""408"", ""learning_rate"": 0.29428754484192665, ""max_depth"": ""9"", ""subsample"": 0.7373185123569371, ""colsample_bytree"": 0.8791202998608043}",0.5916666666666667,0.5737158822265205,23,0.5652173913043478,1.4691521331922468,2966.933401219945,-0.23709995623239208,4.046016369332719,0.5975609756097561,0.6012314618644068,24,0.5833333333333334,1.7948732429680407,3460.5432815392996,-0.29694311335342094,5.018118515364496,11653.893038497814
TSLA,technical_only,xgboost,10,0.01,2024,"{""n_estimators"": ""218"", ""learning_rate"": 0.11969879805519897, ""max_depth"": ""8"", ""subsample"": 0.6445903289031465, ""colsample_bytree"": 0.5540905352856709}",0.5875,0.5744322659216275,23,0.5652173913043478,1.4691521331922468,2966.933401219945,-0.23709995623239208,4.046016369332719,0.6016260162601627,0.617915783898305,24,0.625,1.8244422556889164,3975.1358171646616,-0.29694311335342094,5.760355048344215,13386.859766750897
TSLA,technical_only,xgboost,10,0.01,31415,"{""n_estimators"": ""329"", ""learning_rate"": 0.24928519297011426, ""max_depth"": ""9"", ""subsample"": 0.9783708145611645, ""colsample_bytree"": 0.9126565526913881}",0.5791666666666667,0.5727129450533706,23,0.5652173913043478,1.4691521331922468,2966.933401219945,-0.23709995623239208,4.046016369332719,0.5934959349593496,0.609573622881356,24,0.625,1.8244422556889164,3975.1358171646616,-0.29694311335342094,5.760355048344215,13386.859766750897
TSLA,learned_alpha_per_stock,xgboost,2,0.0025,42,"{""n_estimators"": ""50"", ""learning_rate"": 0.018457408512429857, ""max_depth"": ""7"", ""subsample"": 0.5561011054212011, ""colsample_bytree"": 0.5}",0.6048387096774194,0.6070127504553735,123,0.6016260162601627,2.5062221214058704,8.473393415538018,-0.18700551064563042,4.098149021699419,0.540650406504065,0.519808201058201,122,0.5655737704918032,1.5793100023455626,4.323371494192613,-0.31285153906035246,2.3334239524022107,13.819243169389004
TSLA,learned_alpha_per_stock,xgboost,2,0.0025,7,"{""n_estimators"": ""50"", ""learning_rate"": 0.01, ""max_depth"": ""7"", ""subsample"": 0.5, ""colsample_bytree"": 0.5167051761209779}",0.5887096774193549,0.6242193598750977,123,0.5528455284552846,2.045761539759874,5.092375008718274,-0.2420041295691814,3.4316444576754854,0.532520325203252,0.5223875661375661,122,0.5327868852459017,1.3290545360963284,2.8357018262810425,-0.3334383599470424,2.0465252286950615,8.504425905679888
TSLA,learned_alpha_per_stock,xgboost,2,0.0025,1337,"{""n_estimators"": ""349"", ""learning_rate"": 0.020294417199706982, ""max_depth"": ""3"", ""subsample"": 0.5, ""colsample_bytree"": 0.5663542272283014}",0.5846774193548387,0.588927920895134,123,0.5447154471544715,2.098507546667569,5.412309275249291,-0.22963030809697904,3.5195066219279467,0.524390243902439,0.5287367724867725,122,0.5573770491803278,1.3328568721554723,2.853789671571756,-0.4062397988425808,2.022002703547843,7.024889436491692
TSLA,learned_alpha_per_stock,xgboost,2,0.0025,2024,"{""n_estimators"": ""120"", ""learning_rate"": 0.017779198944691137, ""max_depth"": ""7"", ""subsample"": 0.5, ""colsample_bytree"": 0.9969178286621441}",0.5806451612903226,0.6017109029404112,123,0.5528455284552846,2.011085847426303,4.890289122817304,-0.2296303080969792,3.358174865750944,0.5365853658536586,0.5143849206349207,122,0.5491803278688525,1.2692295629312178,2.542466188465133,-0.29650148035746876,1.9256455447091712,8.574885310521482
TSLA,learned_alpha_per_stock,xgboost,2,0.0025,31415,"{""n_estimators"": ""500"", ""learning_rate"": 0.010297593606177748, ""max_depth"": ""4"", ""subsample"": 0.5, ""colsample_bytree"": 0.6624903476610483}",0.5967741935483871,0.5954657819411917,123,0.5609756097560976,2.114524142157107,5.5119734805604494,-0.229630308096979,3.5112685720503896,0.532520325203252,0.5285714285714286,122,0.5491803278688525,1.1851017014090652,2.1697404044999336,-0.4062397988425808,1.816858639869644,5.341033573474948
TSLA,learned_alpha_per_stock,xgboost,5,0.0075,42,"{""n_estimators"": ""500"", ""learning_rate"": 0.01, ""max_depth"": ""4"", ""subsample"": 0.5, ""colsample_bytree"": 0.8022923871262899}",0.6244897959183674,0.6262165450121655,48,0.625,2.0320013834947077,154.3080295897562,-0.24366343638547927,3.4783898845432906,0.516260162601626,0.5375339561386073,49,0.5918367346938775,1.4823302142231984,40.73124983855948,-0.2748702900624106,2.862850896216534,148.18352987262193
TSLA,learned_alpha_per_stock,xgboost,5,0.0075,7,"{""n_estimators"": ""340"", ""learning_rate"": 0.01, ""max_depth"": ""5"", ""subsample"": 0.5, ""colsample_bytree"": 1.0}",0.6040816326530613,0.6222627737226277,48,0.5833333333333334,1.300324622257802,19.355791992463157,-0.281626314589685,2.33252681600787,0.516260162601626,0.5350162326906513,49,0.5510204081632653,0.5156732947879311,0.884552052188202,-0.2748702900624107,0.8285467033494418,3.2180707925449488
TSLA,learned_alpha_per_stock,xgboost,5,0.0075,1337,"{""n_estimators"": ""50"", ""learning_rate"": 0.29999999999999993, ""max_depth"": ""3"", ""subsample"": 0.5, ""colsample_bytree"": 0.5849582261420743}",0.6122448979591837,0.6332454717491215,48,0.5833333333333334,1.0924344833342645,10.135224431452214,-0.23297639377520382,1.9867150464024874,0.508130081300813,0.5417080765917975,49,0.46938775510204084,-0.6221840237774435,-0.9544502476275383,-0.40604722796264264,-1.0548860342254474,-2.3505892465182647
TSLA,learned_alpha_per_stock,xgboost,5,0.0075,2024,"{""n_estimators"": ""500"", ""learning_rate"": 0.01, ""max_depth"": ""3"", ""subsample"": 0.6983484266523712, ""colsample_bytree"": 0.7355075549630614}",0.6081632653061224,0.6215193295485265,48,0.5833333333333334,1.5043506803425355,35.44273561043532,-0.3005500230174746,2.7004165290559956,0.5203252032520326,0.5491949910554561,49,0.5714285714285714,0.6718268333915587,2.1313962421254984,-0.3742013816618705,1.0963044035933838,5.695853480443411
TSLA,learned_alpha_per_stock,xgboost,5,0.0075,31415,"{""n_estimators"": ""64"", ""learning_rate"": 0.1917445803635011, ""max_depth"": ""3"", ""subsample"": 0.5489729249481952, ""colsample_bytree"": 0.5109572234093525}",0.6081632653061224,0.6300689375506894,48,0.6458333333333334,2.6472674551287247,757.2926631797695,-0.16156111085076902,4.857907243613202,0.483739837398374,0.5188497979195653,49,0.5714285714285714,1.4851540817209303,40.99920667607436,-0.27487029006241065,2.764769859533967,149.15837818181546
TSLA,learned_alpha_per_stock,xgboost,10,0.01,42,"{""n_estimators"": ""65"", ""learning_rate"": 0.010787782594231701, ""max_depth"": ""10"", ""subsample"": 0.975145554187373, ""colsample_bytree"": 0.6516819449137511}",0.625,0.6346801346801347,23,0.6956521739130435,2.1185934393078827,134387.13315568859,-0.18905256643860743,5.5442396044726605,0.532520325203252,0.5801443326271187,24,0.625,1.5175099946803645,895.9768737261825,-0.24945956373187897,4.596917911689139,3591.6717736634273
TSLA,learned_alpha_per_stock,xgboost,10,0.01,7,"{""n_estimators"": ""233"", ""learning_rate"": 0.01, ""max_depth"": ""12"", ""subsample"": 0.9948261000414782, ""colsample_bytree"": 0.5}",0.6166666666666667,0.6377605845690952,23,0.6956521739130435,2.1935103945811454,201492.1112009284,-0.21620954503271725,5.475322693943092,0.5121951219512195,0.5805746822033899,24,0.5416666666666666,0.13244751313208397,-0.5564031503615505,-0.41747334304446176,0.2721356718532856,-1.3327872536817098
TSLA,learned_alpha_per_stock,xgboost,10,0.01,1337,"{""n_estimators"": ""50"", ""learning_rate"": 0.01, ""max_depth"": ""12"", ""subsample"": 0.7946913566722262, ""colsample_bytree"": 0.5}",0.625,0.6483272440719249,23,0.6086956521739131,1.7845585768216758,20126.562767960608,-0.23709995623239208,4.639213272626966,0.5203252032520326,0.5948093220338982,24,0.625,1.8877964757191992,5335.215297679532,-0.29694311335342094,5.480925795729521,17967.129250542923
TSLA,learned_alpha_per_stock,xgboost,10,0.01,2024,"{""n_estimators"": ""184"", ""learning_rate"": 0.052748634328524634, ""max_depth"": ""10"", ""subsample"": 0.8437096329874242, ""colsample_bytree"": 0.5319038530689912}",0.6375,0.6376531270148291,23,0.6521739130434783,1.7685260122129505,18292.490156279564,-0.21620954503271744,4.615902777081684,0.532520325203252,0.6049390889830509,24,0.5833333333333334,0.5986049229305612,5.305693618504864,-0.392831970410281,1.2229625487267117,13.506267356405587
TSLA,learned_alpha_per_stock,xgboost,10,0.01,31415,"{""n_estimators"": ""50"", ""learning_rate"": 0.01, ""max_depth"": ""12"", ""subsample"": 0.9033454935897426, ""colsample_bytree"": 0.5}",0.6291666666666667,0.6393366286983309,23,0.6086956521739131,1.7845585768216758,20126.562767960608,-0.23709995623239208,4.639213272626966,0.524390243902439,0.5794822563559322,24,0.5833333333333334,1.5952242867283972,1325.6303206735267,-0.29694311335342094,4.9689578975883455,4464.256825837765
TSLA,learned_alpha_global,xgboost,2,0.0025,42,"{""n_estimators"": ""500"", ""learning_rate"": 0.014413239203984785, ""max_depth"": ""3"", ""subsample"": 1.0, ""colsample_bytree"": 0.9951240520344048}",0.5604838709677419,0.612151964610981,123,0.5447154471544715,1.0651993380695204,1.2929531522679065,-0.3888880592741006,1.5429669032681008,0.5,0.5396825396825397,122,0.5573770491803278,1.0164034467115717,1.5215059714101216,-0.3994064239256341,1.464054771766293,3.8094178767976263
TSLA,learned_alpha_global,xgboost,2,0.0025,7,"{""n_estimators"": ""60"", ""learning_rate"": 0.01006447394745992, ""max_depth"": ""3"", ""subsample"": 0.8429850064091946, ""colsample_bytree"": 0.5308301302846326}",0.5403225806451613,0.6089318240957585,123,0.5121951219512195,0.6363647478398653,0.48201060501053794,-0.3238686669433333,0.9264397928809096,0.491869918699187,0.5305555555555556,122,0.5409836065573771,0.9480859333146635,1.2969407435314086,-0.46042025479031334,1.3307824784118574,2.8168629204248785
TSLA,learned_alpha_global,xgboost,2,0.0025,1337,"{""n_estimators"": ""50"", ""learning_rate"": 0.023036897525723347, ""max_depth"": ""3"", ""subsample"": 0.8090761954410735, ""colsample_bytree"": 0.5}",0.5766129032258065,0.6107533177205309,123,0.5284552845528455,0.9165237835041882,0.9716112842079756,-0.3238686669433333,1.3252923109961516,0.5040650406504065,0.5316137566137566,122,0.5409836065573771,0.6929492194343654,0.6304127179498762,-0.3679791563942256,0.9631095186724405,1.7131750725426922
TSLA,learned_alpha_global,xgboost,2,0.0025,2024,"{""n_estimators"": ""217"", ""learning_rate"": 0.01, ""max_depth"": ""3"", ""subsample"": 1.0, ""colsample_bytree"": 1.0}",0.5483870967741935,0.6102979443143378,123,0.5447154471544715,0.8698793685168597,0.8799015591366397,-0.3173682866578186,1.236913887060933,0.516260162601626,0.5466931216931217,122,0.5655737704918032,0.9706105170524736,1.352790477554886,-0.46042025479031334,1.2352639364607547,2.9381645648299726
TSLA,learned_alpha_global,xgboost,2,0.0025,31415,"{""n_estimators"": ""238"", ""learning_rate"": 0.017980903170592765, ""max_depth"": ""3"", ""subsample"": 0.5841880780406187, ""colsample_bytree"": 0.5994417329996782}",0.5403225806451613,0.5987184491282852,123,0.5121951219512195,0.07583385662401615,-0.16767821831388097,-0.440475313201164,0.10515953418670063,0.491869918699187,0.5351851851851852,122,0.5327868852459017,0.5764397208791842,0.39348180486628226,-0.4026133149624919,0.8044497612375494,0.9773194036142089
TSLA,learned_alpha_global,xgboost,5,0.0075,42,"{""n_estimators"": ""356"", ""learning_rate"": 0.04628518674713462, ""max_depth"": ""3"", ""subsample"": 0.9711008778424265, ""colsample_bytree"": 0.7816441089227697}",0.5551020408163265,0.5911057042443904,48,0.5625,0.8269551008809298,4.112571437972237,-0.41616235345470615,1.620552549553675,0.5813008130081301,0.5806665341549062,49,0.673469387755102,2.5795043436383622,984.0982264514982,-0.2365420455349413,4.3577508538404235,4160.352229245139
TSLA,learned_alpha_global,xgboost,5,0.0075,7,"{""n_estimators"": ""254"", ""learning_rate"": 0.04712097768235342, ""max_depth"": ""3"", ""subsample"": 0.5, ""colsample_bytree"": 1.0}",0.563265306122449,0.5996215193295485,48,0.5625,0.9146458228294144,5.654302696903056,-0.3472937872765766,1.8852813588555284,0.5772357723577236,0.5831180017226529,49,0.6938775510204082,2.7242275320176774,1445.5165967395294,-0.23654204553494138,4.459196422639859,6111.034482138193
TSLA,learned_alpha_global,xgboost,5,0.0075,1337,"{""n_estimators"": ""76"", ""learning_rate"": 0.1940237243649989, ""max_depth"": ""3"", ""subsample"": 1.0, ""colsample_bytree"": 0.7929960182360253}",0.5510204081632653,0.5951270613679372,48,0.5416666666666666,0.5995385990705288,1.5923329411158536,-0.4161623534547061,1.1834340226310858,0.5934959349593496,0.5868614589544822,49,0.673469387755102,2.5795043436383622,984.0982264514982,-0.2365420455349413,4.3577508538404235,4160.352229245139
TSLA,learned_alpha_global,xgboost,5,0.0075,2024,"{""n_estimators"": ""411"", ""learning_rate"": 0.03788227544606282, ""max_depth"": ""3"", ""subsample"": 0.5, ""colsample_bytree"": 0.8901865997251963}",0.5510204081632653,0.6023249526899161,48,0.5208333333333334,-0.031028661989902506,-0.6178749360014392,-0.5043356190302188,-0.06046449519896017,0.5650406504065041,0.585834492811237,49,0.6530612244897959,2.2554983584845862,403.6280269564112,-0.23654204553494126,4.009490905183011,1706.3690560534553
TSLA,learned_alpha_global,xgboost,5,0.0075,31415,"{""n_estimators"": ""500"", ""learning_rate"": 0.016452087855129357, ""max_depth"": ""3"", ""subsample"": 0.5889657762977242, ""colsample_bytree"": 0.8622679267263059}",0.5591836734693878,0.5986753176534199,48,0.5416666666666666,-0.005373324264549096,-0.5875437826310947,-0.5664760944235625,-0.010408571594971217,0.5691056910569106,0.5842774796263168,49,0.6530612244897959,2.2554983584845862,403.6280269564112,-0.23654204553494126,4.009490905183011,1706.3690560534553
TSLA,learned_alpha_global,xgboost,10,0.01,42,"{""n_estimators"": ""50"", ""learning_rate"": 0.06352527057593824, ""max_depth"": ""9"", ""subsample"": 0.9791944468624016, ""colsample_bytree"": 0.6345971693394802}",0.5708333333333333,0.5876495450963536,23,0.43478260869565216,-0.14159858708891349,-0.9643416195980459,-0.44353526474639793,-0.22139448484890376,0.508130081300813,0.5415121822033898,24,0.4166666666666667,-0.9841407195071206,-0.999199262721976,-0.5021271391223809,-2.009941178863475,-1.9899327976344376
TSLA,learned_alpha_global,xgboost,10,0.01,7,"{""n_estimators"": ""56"", ""learning_rate"": 0.08111176403351691, ""max_depth"": ""8"", ""subsample"": 1.0, ""colsample_bytree"": 0.8476026105801635}",0.5625,0.5916612937889534,23,0.391304347826087,-0.47715774221314533,-0.9967625879267826,-0.48973668392912595,-0.7693607307931083,0.532520325203252,0.5591896186440678,24,0.4166666666666667,-0.9841407195071206,-0.999199262721976,-0.5021271391223809,-2.009941178863475,-1.9899327976344376
TSLA,learned_alpha_global,xgboost,10,0.01,1337,"{""n_estimators"": ""50"", ""learning_rate"": 0.29999999999999993, ""max_depth"": ""3"", ""subsample"": 0.9415965137983208, ""colsample_bytree"": 0.5}",0.5625,0.587398810803066,23,0.4782608695652174,0.9939126490822391,129.45334588276916,-0.3413919110312547,2.252490980481432,0.5365853658536586,0.5582627118644068,24,0.25,-2.200965581783824,-0.9999980308396793,-0.6761266846282986,-4.379050590737541,-1.4790098565469714
TSLA,learned_alpha_global,xgboost,10,0.01,2024,"{""n_estimators"": ""385"", ""learning_rate"": 0.03353729874958278, ""max_depth"": ""4"", ""subsample"": 0.8045312832761049, ""colsample_bytree"": 0.5220080211778262}",0.5833333333333334,0.591625474604198,23,0.4782608695652174,0.37922514352526876,0.5388873246960737,-0.45604237078842824,0.6019708901785348,0.532520325203252,0.546676377118644,24,0.3333333333333333,-1.447422796108906,-0.9999298795694392,-0.5448619764740397,-2.8848375752405153,-1.835198495663574
TSLA,learned_alpha_global,xgboost,10,0.01,31415,"{""n_estimators"": ""127"", ""learning_rate"": 0.09626175011988677, ""max_depth"": ""12"", ""subsample"": 0.8746154338626102, ""colsample_bytree"": 0.5}",0.5625,0.5903001647682499,23,0.4782608695652174,-0.25661578468565605,-0.9843565168274306,-0.4838466763529847,-0.4106292998021634,0.516260162601626,0.5622351694915254,24,0.4583333333333333,-0.7412555940919443,-0.9969683767693737,-0.4780626137784137,-1.4974031238416723,-2.0854347276599157
