Date,Close,Combi 1: Overbought/ Overbought + SMA Crossover (8 & 12),Combi 2: Crossover (Price & EMA 20) + EMA Crossover (12 &20),Combi 3: Crossover (Price & EMA 12) + EMA Crossover (12 &20),Combi 4: Crossover (Price & EMA 12) + Crossover (Price & EMA 50),Combi 5: Crossover (Price & EMA 20) + SMA Crossover (8 & 12),Combi 6: Crossover (Price & EMA 12) + Crossover (Price & EMA 20),Combi 7: Crossover (Price & EMA 12) + MACD Crossover,Combi 8: Crossover (Price & EMA 12) + SMA Crossover (8 & 12),Combi 9: Crossover (Price & EMA 12) + SMA Crossover (12 & 20),Combi 10: Crossover (Price & EMA 20) + MACD Crossover,News Sentiment Score,Social Sentiment Score
2/1/2020,72.53852081,Hold,Hold,Hold,Hold,Hold,Hold,Hold,Hold,Hold,Hold,0.6101308382426779,0.7186964346079219
3/1/2020,71.83327484,Hold,Hold,Hold,Hold,Hold,Hold,Hold,Hold,Hold,Hold,0.37462704575,0.6638019962798914
6/1/2020,72.40569305,Hold,Hold,Hold,Hold,Hold,Hold,Hold,Hold,Hold,Hold,0.186078203559103,0.6854696763431252
7/1/2020,72.06516266,Hold,Hold,Hold,Hold,Hold,Hold,Hold,Hold,Hold,Hold,0.9951283,0.703324016807598
8/1/2020,73.22441101,Hold,Hold,Hold,Hold,Hold,Hold,Hold,Hold,Hold,Hold,0.4351951684296988,0.6803760442094503
9/1/2020,74.77976227,Hold,Hold,Hold,Hold,Hold,Hold,Hold,Hold,Hold,Hold,0.1221527268650591,0.6711516175626188
10/1/2020,74.94879913,Hold,Hold,Hold,Hold,Hold,Hold,Hold,Hold,Hold,Hold,0.4624148325,0.6488016125355754
13/1/2020,76.55004883,Hold,Hold,Hold,Hold,Hold,Hold,Hold,Hold,Hold,Hold,0.3326025721768667,0.7078718151570426
14/1/2020,75.51636505,Hold,Hold,Hold,Hold,Hold,Hold,Hold,Hold,Hold,Hold,-0.0163369999999999,0.6808377939151385
15/1/2020,75.19274902,Hold,Hold,Hold,Hold,Hold,Hold,Hold,Hold,Hold,Hold,0.3292949834373339,0.7108307750121373
16/1/2020,76.13463593,Hold,Hold,Hold,Hold,Hold,Hold,Hold,Hold,Hold,Hold,0.5036918375,0.6840647580415723
17/1/2020,76.97753143,Hold,Hold,Hold,Hold,Hold,Hold,Hold,Hold,Hold,Hold,0.9847804066666668,0.7028905211845564
21/1/2020,76.45587158,Hold,Hold,Hold,Hold,Hold,Hold,Hold,Hold,Hold,Hold,0.98985485,0.6872299422928516
22/1/2020,76.72878265,Hold,Hold,Hold,Hold,Hold,Hold,Hold,Hold,Hold,Hold,0.8825706833333333,0.7076768268121594
23/1/2020,77.09830475,Hold,Hold,Hold,Hold,Hold,Hold,Hold,Hold,Hold,Hold,0.6266554653752,0.7014442789253927
24/1/2020,76.87608337,Sell,Hold,Hold,Hold,Hold,Hold,Hold,Hold,Hold,Hold,0.2131585585714285,0.6622431036197944
27/1/2020,74.61551666,Hold,Hold,Hold,Hold,Hold,Hold,Sell,Hold,Hold,Sell,-0.2252760999999999,0.6060477735370932
28/1/2020,76.72634888,Hold,Hold,Hold,Hold,Hold,Sell,Hold,Sell,Hold,Hold,0.4963321368455054,0.6252743347961979
29/1/2020,78.33240509,Hold,Hold,Hold,Hold,Hold,Buy,Hold,Buy,Hold,Hold,0.2309125763844467,0.6236397433987277
30/1/2020,78.21890259,Hold,Hold,Hold,Hold,Hold,Hold,Hold,Hold,Hold,Hold,0.3947772,0.6048998172659595
31/1/2020,74.75076294,Hold,Hold,Hold,Hold,Hold,Hold,Hold,Hold,Hold,Hold,1.2265000000011296e-05,0.6375660034653693
3/2/2020,74.54547882,Hold,Hold,Hold,Hold,Sell,Sell,Hold,Sell,Hold,Hold,0.2073516283333333,0.7320194785714286
4/2/2020,77.00652313,Hold,Hold,Hold,Hold,Hold,Hold,Hold,Hold,Hold,Hold,0.710119845,0.7234813472727273
5/2/2020,77.63445282,Hold,Hold,Hold,Hold,Buy,Buy,Hold,Buy,Hold,Hold,0.9812180583333332,0.9422483466666668
6/2/2020,78.54251862,Hold,Hold,Hold,Hold,Hold,Hold,Hold,Hold,Hold,Hold,0.9771967,0.8577070208571429
7/2/2020,77.47492981,Hold,Hold,Hold,Hold,Hold,Hold,Hold,Hold,Hold,Hold,0.74953227169425,0.8166808563636363
10/2/2020,77.8429184,Hold,Hold,Hold,Hold,Hold,Hold,Hold,Hold,Hold,Hold,0.0313185623187499,0.9311242196875
11/2/2020,77.37324524,Hold,Hold,Hold,Hold,Hold,Hold,Hold,Hold,Hold,Hold,0.770244955,0.8376149306666666
12/2/2020,79.21069336,Hold,Hold,Hold,Hold,Sell,Hold,Hold,Sell,Hold,Hold,0.6533123266666666,0.828661284125
13/2/2020,78.64661407,Buy,Hold,Hold,Hold,Hold,Hold,Hold,Buy,Hold,Hold,0.9652433,0.994367538888889
14/2/2020,78.666008,Hold,Hold,Hold,Hold,Hold,Hold,Hold,Hold,Hold,Hold,0.3327574133333333,0.982389618
18/2/2020,77.2256012,Hold,Hold,Hold,Hold,Hold,Hold,Hold,Hold,Hold,Hold,-0.481372141875,0.8084954240740742
19/2/2020,78.34401703,Hold,Hold,Sell,Sell,Hold,Sell,Hold,Sell,Sell,Hold,0.3904103492259,0.74517589625
20/2/2020,77.54029846,Hold,Hold,Hold,Hold,Hold,Hold,Hold,Hold,Hold,Hold,0.7030616371428572,0.3141944412307692
21/2/2020,75.78514862,Hold,Hold,Sell,Sell,Hold,Sell,Hold,Sell,Sell,Hold,0.9939060766666667,0.6762589207120056
24/2/2020,72.18532562,Hold,Sell,Hold,Hold,Sell,Hold,Hold,Hold,Hold,Hold,-0.0052618714252199,0.6477644327119167
25/2/2020,69.74027252,Hold,Hold,Hold,Hold,Hold,Hold,Hold,Hold,Hold,Hold,0.3407739639171429,0.6314620382892547
26/2/2020,70.84661102,Hold,Sell,Sell,Hold,Hold,Hold,Hold,Hold,Sell,Hold,0.9997953,0.6074614774418695
27/2/2020,66.21549225,Hold,Hold,Hold,Hold,Hold,Hold,Hold,Hold,Hold,Hold,0.824591725,0.6134236953837786
28/2/2020,66.17675018,Hold,Hold,Hold,Hold,Hold,Hold,Hold,Hold,Hold,Hold,0.8333440095166668,0.6285413325432898
2/3/2020,72.33784485,Hold,Hold,Hold,Hold,Hold,Hold,Hold,Hold,Hold,Hold,0.4259605711776111,0.6411777303865464
3/3/2020,70.04046631,Hold,Hold,Hold,Hold,Hold,Hold,Hold,Hold,Hold,Hold,0.74873613975,0.6609140187358533
4/3/2020,73.28923798,Hold,Hold,Hold,Hold,Hold,Hold,Hold,Hold,Hold,Hold,0.8516256000000001,0.6511673429607014
5/3/2020,70.9119873,Hold,Hold,Hold,Buy,Buy,Buy,Hold,Buy,Hold,Hold,0.44698455,0.6445266697886963
6/3/2020,69.97024536,Hold,Hold,Hold,Sell,Sell,Sell,Hold,Sell,Hold,Hold,0.4029283477777777,0.6386431018713107
9/3/2020,64.43616486,Hold,Hold,Hold,Hold,Hold,Hold,Hold,Hold,Hold,Hold,0.50017776285,0.6236166982208582
10/3/2020,69.07692719,Hold,Hold,Hold,Hold,Hold,Hold,Hold,Hold,Hold,Hold,0.170638183415875,0.6820022449904838
11/3/2020,66.67786407,Hold,Hold,Hold,Hold,Hold,Hold,Hold,Hold,Hold,Hold,-0.1703172609655068,0.6407710895704432
12/3/2020,60.09311676,Hold,Hold,Hold,Hold,Hold,Hold,Hold,Hold,Hold,Hold,0.4448396494285714,0.6402780293346173
13/3/2020,67.29277802,Hold,Hold,Hold,Hold,Hold,Hold,Hold,Hold,Hold,Hold,0.48885128737118,0.6436744247621976
16/3/2020,58.63576508,Hold,Hold,Hold,Hold,Hold,Hold,Hold,Hold,Hold,Hold,0.5544577545454545,0.6670306380783263
17/3/2020,61.21397781,Hold,Hold,Hold,Hold,Hold,Hold,Hold,Hold,Hold,Hold,0.6358843530153595,0.6625613962621086
18/3/2020,59.71546936,Hold,Hold,Hold,Hold,Hold,Hold,Hold,Hold,Hold,Hold,0.64346484,0.6927741513996224
19/3/2020,59.25792313,Hold,Hold,Hold,Hold,Hold,Hold,Hold,Hold,Hold,Hold,0.2770138394999999,0.6343176661122467
20/3/2020,55.49590302,Hold,Hold,Hold,Hold,Hold,Hold,Hold,Hold,Hold,Hold,0.5977310900000001,0.6258613037684949
23/3/2020,54.31693268,Hold,Hold,Hold,Hold,Hold,Hold,Hold,Hold,Hold,Hold,0.2688745928571428,0.6703509202978113
24/3/2020,59.76631165,Hold,Hold,Hold,Hold,Hold,Hold,Hold,Hold,Hold,Hold,0.6996065716666666,0.6654776795416423
25/3/2020,59.43706512,Hold,Hold,Hold,Hold,Hold,Hold,Hold,Hold,Hold,Hold,0.6194257291346511,0.6527855227620347
26/3/2020,62.56482315,Hold,Hold,Hold,Hold,Hold,Hold,Hold,Hold,Hold,Hold,0.5004413627700001,0.6826222077595924
27/3/2020,59.97450638,Hold,Hold,Hold,Hold,Hold,Buy,Buy,Buy,Hold,Buy,0.5406259464285714,0.64342259059836
30/3/2020,61.68604279,Hold,Hold,Hold,Hold,Hold,Hold,Hold,Hold,Hold,Hold,-0.8959162666666667,0.6452392986713139
31/3/2020,61.56016541,Hold,Hold,Hold,Hold,Hold,Buy,Hold,Buy,Buy,Hold,0.6515307206533333,0.6464853227613278
1/4/2020,58.32104874,Hold,Hold,Hold,Hold,Hold,Hold,Hold,Hold,Hold,Hold,0.659925038,0.6353088792293314
2/4/2020,59.2942276,Hold,Hold,Hold,Hold,Buy,Hold,Hold,Hold,Hold,Hold,0.0011702474999999,0.6573406163942426
3/4/2020,58.4420929,Hold,Hold,Hold,Hold,Hold,Hold,Hold,Hold,Hold,Hold,0.1122141838277778,0.7260782381199657
6/4/2020,63.54042816,Hold,Hold,Hold,Hold,Hold,Hold,Hold,Hold,Hold,Hold,0.7071521509300001,0.6711865452593492
7/4/2020,62.80448151,Hold,Buy,Buy,Buy,Hold,Buy,Hold,Hold,Buy,Hold,0.999979825,0.6552217804364224
8/4/2020,64.41194916,Hold,Hold,Hold,Hold,Hold,Hold,Hold,Hold,Hold,Hold,0.3856902326666667,0.6120238732184813
9/4/2020,64.8767395,Hold,Hold,Hold,Hold,Hold,Hold,Hold,Hold,Hold,Hold,0.62768403,0.6283813833436299
13/4/2020,66.15013123,Hold,Hold,Hold,Hold,Hold,Hold,Hold,Hold,Hold,Hold,0.6473756575750733,0.6426528353031424
14/4/2020,69.49090576,Hold,Hold,Hold,Buy,Hold,Hold,Hold,Hold,Hold,Hold,0.7052986196928199,0.6596191376194567
15/4/2020,68.85664368,Hold,Buy,Buy,Hold,Hold,Hold,Hold,Hold,Hold,Hold,0.4847621758249312,0.6643522634947059
16/4/2020,69.40376282,Hold,Hold,Hold,Hold,Hold,Hold,Hold,Hold,Hold,Hold,0.5002590720903327,0.6471087801835005
17/4/2020,68.46205139,Hold,Hold,Hold,Hold,Hold,Hold,Hold,Hold,Hold,Hold,-0.1228039800567901,0.6124985996417271
20/4/2020,67.041008,Hold,Hold,Hold,Hold,Hold,Hold,Hold,Hold,Hold,Hold,,0.6490452747497043
21/4/2020,64.96872711,Hold,Hold,Hold,Hold,Hold,Hold,Hold,Hold,Hold,Hold,0.1566432264,0.6360826295865911
22/4/2020,66.840065,Hold,Hold,Hold,Sell,Sell,Sell,Hold,Sell,Hold,Hold,-0.0916317921,0.6343804149867067
23/4/2020,66.5810318,Hold,Hold,Hold,Buy,Buy,Buy,Hold,Buy,Hold,Hold,0.4702803371428571,0.6586001995146008
24/4/2020,68.50320435,Sell,Hold,Hold,Hold,Hold,Hold,Hold,Hold,Hold,Hold,0.36976242125,0.6559040654332111
27/4/2020,68.55162811,Hold,Hold,Hold,Hold,Hold,Hold,Hold,Hold,Hold,Hold,0.0361098116913933,0.6002250262711009
28/4/2020,67.44043732,Hold,Hold,Hold,Hold,Hold,Hold,Hold,Hold,Hold,Hold,0.505091828,0.6357517350153632
29/4/2020,69.6555481,Sell,Hold,Hold,Hold,Hold,Hold,Hold,Hold,Hold,Hold,0.519998465,0.6140139584237009
30/4/2020,71.12499237,Hold,Hold,Hold,Hold,Hold,Hold,Hold,Hold,Hold,Hold,0.3210039518178544,0.569364724552366
1/5/2020,69.97991943,Hold,Hold,Hold,Hold,Hold,Hold,Hold,Hold,Hold,Hold,-0.1869043267994954,0.651852081075039
4/5/2020,70.97006226,Hold,Hold,Hold,Hold,Hold,Hold,Hold,Hold,Hold,Hold,0.6763243020114889,0.6750060568088584
5/5/2020,72.03525543,Hold,Hold,Hold,Hold,Hold,Hold,Hold,Hold,Hold,Hold,0.6419482774978571,0.6765896750812482
6/5/2020,72.77846527,Hold,Hold,Hold,Hold,Hold,Hold,Hold,Hold,Hold,Hold,0.249863688,0.6668779566780979
7/5/2020,73.53131866,Hold,Hold,Hold,Hold,Hold,Hold,Hold,Hold,Hold,Hold,0.6656178959333333,0.669194241354295
8/5/2020,75.28150177,Hold,Hold,Hold,Hold,Hold,Hold,Hold,Hold,Hold,Hold,0.6869425231765166,0.6877479383506861
11/5/2020,76.46608734,Hold,Hold,Hold,Hold,Hold,Hold,Hold,Hold,Hold,Hold,0.9996895666666666,0.6657541262711157
12/5/2020,75.59222412,Hold,Hold,Hold,Hold,Hold,Hold,Hold,Hold,Hold,Hold,0.855526609466464,0.681973384784872
13/5/2020,74.67950439,Hold,Hold,Hold,Hold,Hold,Hold,Hold,Hold,Hold,Hold,0.2532380025,0.6794709243442126
14/5/2020,75.13829803,Hold,Hold,Hold,Hold,Hold,Hold,Hold,Hold,Hold,Hold,0.6256387806051429,0.7112039027554176
15/5/2020,74.69408417,Hold,Hold,Hold,Hold,Hold,Hold,Hold,Hold,Hold,Hold,0.7079518842857143,0.6900471146635496
18/5/2020,76.45394897,Hold,Hold,Hold,Hold,Hold,Hold,Hold,Hold,Hold,Hold,0.9999988,0.7152263824752879
19/5/2020,76.01217651,Hold,Hold,Hold,Hold,Hold,Hold,Hold,Hold,Hold,Hold,0.3001229583333333,0.7168667140643049
20/5/2020,77.49047852,Hold,Hold,Hold,Hold,Hold,Hold,Hold,Hold,Hold,Hold,0.6092861626799999,0.7202953580873982
21/5/2020,76.91271973,Hold,Hold,Hold,Hold,Hold,Hold,Hold,Hold,Hold,Hold,0.5073187244243433,0.7179534003348553
22/5/2020,77.40792847,Hold,Hold,Hold,Hold,Hold,Hold,Hold,Hold,Hold,Hold,0.499614581590145,0.6568891047842238
26/5/2020,76.88361359,Hold,Hold,Hold,Hold,Hold,Hold,Hold,Hold,Hold,Hold,0.99997952,0.7136675799500232
27/5/2020,77.21858215,Hold,Hold,Hold,Hold,Hold,Hold,Hold,Hold,Hold,Hold,0.4403739956501157,0.7147447105546803
28/5/2020,77.25258636,Hold,Hold,Hold,Hold,Hold,Hold,Hold,Hold,Hold,Hold,0.997040555,0.6991500640915563
29/5/2020,77.17732239,Hold,Hold,Hold,Hold,Hold,Hold,Hold,Hold,Hold,Hold,0.605565625,0.6795646963544649
1/6/2020,78.12644958,Hold,Hold,Hold,Hold,Hold,Hold,Hold,Hold,Hold,Hold,0.33543353,0.6499311339098717
2/6/2020,78.48812103,Hold,Hold,Hold,Hold,Hold,Hold,Hold,Hold,Hold,Hold,0.494288526,0.6818900198300276
3/6/2020,78.92021942,Hold,Hold,Hold,Hold,Hold,Hold,Hold,Hold,Hold,Hold,0.365979290094539,0.6614039630463313
4/6/2020,78.24054718,Hold,Hold,Hold,Hold,Hold,Hold,Hold,Hold,Hold,Hold,0.9217951,0.6809559270001223
5/6/2020,80.46890259,Hold,Hold,Hold,Hold,Hold,Hold,Hold,Hold,Hold,Hold,0.56587942228,0.6735039599263964
8/6/2020,80.94467926,Hold,Hold,Hold,Hold,Hold,Hold,Hold,Hold,Hold,Hold,,0.7123071033442532
9/6/2020,83.50073242,Hold,Hold,Hold,Hold,Hold,Hold,Hold,Hold,Hold,Hold,0.61510172162402,0.7192665208739016
10/6/2020,85.64900208,Hold,Hold,Hold,Hold,Hold,Hold,Hold,Hold,Hold,Hold,0.4401171028749357,0.7161246597135432
11/6/2020,81.53694153,Hold,Hold,Hold,Hold,Hold,Hold,Hold,Hold,Hold,Hold,0.98475042,0.6525865931713454
12/6/2020,82.24089813,Hold,Hold,Hold,Hold,Hold,Hold,Hold,Hold,Hold,Hold,0.99992127,0.6813643934825414
15/6/2020,83.25800323,Hold,Hold,Hold,Hold,Hold,Hold,Hold,Hold,Hold,Hold,,0.7405426714251093
16/6/2020,85.46450043,Hold,Hold,Hold,Hold,Hold,Hold,Hold,Hold,Hold,Hold,,0.7190376959897533
17/6/2020,85.3455658,Hold,Hold,Hold,Hold,Hold,Hold,Hold,Hold,Hold,Hold,0.147180752922536,0.6861060510297142
18/6/2020,85.37956238,Hold,Hold,Hold,Hold,Hold,Hold,Hold,Hold,Hold,Hold,,0.6943590829171574
19/6/2020,84.89164734,Hold,Hold,Hold,Hold,Hold,Hold,Hold,Hold,Hold,Hold,-0.0874267766666666,0.6991287105372561
22/6/2020,87.1127243,Hold,Hold,Hold,Hold,Hold,Hold,Hold,Hold,Hold,Hold,0.9760748128571428,0.7272882851003196
23/6/2020,88.97214508,Hold,Hold,Hold,Hold,Hold,Hold,Hold,Hold,Hold,Hold,0.33200982,0.7045984457941827
24/6/2020,87.4016037,Hold,Hold,Hold,Hold,Hold,Hold,Hold,Hold,Hold,Hold,0.988521725,0.6686519381984696
25/6/2020,88.56191254,Hold,Hold,Hold,Hold,Hold,Hold,Hold,Hold,Hold,Hold,0.9996844,0.7050929605563454
26/6/2020,85.84078217,Hold,Hold,Hold,Hold,Hold,Hold,Hold,Hold,Hold,Hold,0.9833313,0.6632493887870953
29/6/2020,87.81912994,Hold,Hold,Hold,Hold,Hold,Hold,Hold,Hold,Hold,Hold,0.9999368,0.6766596148461745
30/6/2020,88.55219269,Hold,Hold,Hold,Hold,Hold,Hold,Hold,Hold,Hold,Hold,0.3330545433333333,0.6445140899490126
1/7/2020,88.38470459,Hold,Hold,Hold,Hold,Hold,Hold,Hold,Hold,Hold,Hold,0.66610755075472,0.677261047900779
2/7/2020,88.38470459,Hold,Hold,Hold,Hold,Hold,Hold,Hold,Hold,Hold,Hold,0.8620812925,0.7173976869987425
6/7/2020,90.74900818,Hold,Hold,Hold,Hold,Hold,Hold,Hold,Hold,Hold,Hold,-0.9999984,0.6941966333700305
7/7/2020,90.46743011,Hold,Hold,Hold,Hold,Hold,Hold,Hold,Hold,Hold,Hold,0.99994217,0.7038728716037802
8/7/2020,92.57442474,Hold,Hold,Hold,Hold,Hold,Hold,Hold,Hold,Hold,Hold,0.9802729,0.7015978220249695
9/7/2020,92.97251892,Hold,Hold,Hold,Hold,Hold,Hold,Hold,Hold,Hold,Hold,0.8332924846459999,0.6827018442927968
10/7/2020,93.13516235,Hold,Hold,Hold,Hold,Hold,Hold,Hold,Hold,Hold,Hold,0.6664861956560933,0.7223795668981984
13/7/2020,92.70550537,Hold,Hold,Hold,Hold,Hold,Hold,Hold,Hold,Hold,Hold,0.282010622996555,0.7311466686287774
14/7/2020,94.23964691,Hold,Hold,Hold,Hold,Hold,Hold,Hold,Hold,Hold,Hold,0.6764968946666666,0.7035189634664756
15/7/2020,94.88776398,Hold,Hold,Hold,Hold,Hold,Hold,Hold,Hold,Hold,Hold,0.99967176,0.7147096630112341
16/7/2020,93.72016907,Hold,Hold,Hold,Hold,Hold,Hold,Hold,Hold,Hold,Hold,0.33567551533,0.6996320837672715
17/7/2020,93.53083801,Sell,Hold,Hold,Hold,Hold,Hold,Sell,Hold,Hold,Sell,0.011260937,0.7108631352905204
20/7/2020,95.50189972,Sell,Hold,Hold,Hold,Hold,Hold,Hold,Hold,Hold,Buy,0.968290725,0.7240627508810077
21/7/2020,94.18380737,Sell,Hold,Hold,Hold,Hold,Hold,Sell,Hold,Hold,Sell,0.9990635,0.6846991241245819
22/7/2020,94.4484024,Sell,Hold,Hold,Hold,Hold,Hold,Hold,Hold,Hold,Hold,0.00066488894,0.695200041049942
23/7/2020,90.14944458,Hold,Hold,Hold,Hold,Hold,Hold,Hold,Hold,Hold,Hold,0.6601246542129467,0.6441756406526384
24/7/2020,89.92610931,Hold,Hold,Hold,Hold,Sell,Sell,Hold,Sell,Hold,Hold,0.894947436,0.6752601145108966
27/7/2020,92.05738831,Hold,Hold,Hold,Hold,Hold,Hold,Hold,Hold,Hold,Hold,-0.0007119999999999,0.6810389152343759
28/7/2020,90.54512024,Sell,Hold,Hold,Hold,Hold,Buy,Hold,Hold,Hold,Buy,0.98699873,0.6739791594315039
29/7/2020,92.28070831,Hold,Hold,Hold,Hold,Hold,Hold,Hold,Hold,Hold,Hold,0.9999735433333332,0.6949847907080935
30/7/2020,93.39733887,Hold,Hold,Hold,Hold,Buy,Buy,Buy,Buy,Hold,Buy,0.6243662474843854,0.6992995885689394
31/7/2020,103.1749649,Hold,Hold,Hold,Hold,Hold,Hold,Hold,Hold,Hold,Hold,0.7852368820000001,0.7204348600868465
3/8/2020,105.7747269,Hold,Hold,Hold,Hold,Hold,Hold,Hold,Hold,Hold,Hold,0.2042303630999999,0.7291445023973513
4/8/2020,106.4811096,Hold,Hold,Hold,Hold,Hold,Hold,Hold,Hold,Hold,Hold,0.5005828947066666,0.7386229066903731
5/8/2020,106.8670731,Hold,Hold,Hold,Hold,Hold,Hold,Hold,Hold,Hold,Hold,0.521659541941745,0.6606011266420048
6/8/2020,110.5955811,Hold,Hold,Hold,Hold,Hold,Hold,Hold,Hold,Hold,Hold,,0.7583460172835134
7/8/2020,108.0811081,Hold,Hold,Hold,Hold,Hold,Hold,Hold,Hold,Hold,Hold,-0.99959705,0.6972405549517945
10/8/2020,109.6520386,Hold,Hold,Hold,Hold,Hold,Hold,Hold,Hold,Hold,Hold,0.59235193580875,0.7200994483920983
11/8/2020,106.3910065,Hold,Hold,Hold,Hold,Hold,Hold,Hold,Hold,Hold,Hold,0.8560858413571429,0.6902696110922738
12/8/2020,109.9268265,Hold,Hold,Hold,Hold,Hold,Hold,Hold,Hold,Hold,Hold,0.7440665733333334,0.7287828215862281
13/8/2020,111.8722534,Hold,Hold,Hold,Hold,Hold,Hold,Hold,Hold,Hold,Hold,0.999455384,0.7526813586246333
14/8/2020,111.7725601,Hold,Hold,Hold,Hold,Hold,Hold,Hold,Hold,Hold,Hold,0.992016915,0.7478600240932053
17/8/2020,111.4807587,Hold,Hold,Hold,Hold,Hold,Hold,Hold,Hold,Hold,Hold,0.99988794,0.7213725413023739
18/8/2020,112.4096832,Hold,Hold,Hold,Hold,Hold,Hold,Hold,Hold,Hold,Hold,0.61048560675,0.7335085891923177
19/8/2020,112.5507507,Hold,Hold,Hold,Hold,Hold,Hold,Hold,Hold,Hold,Hold,0.7917622319555196,0.7585566893021438
20/8/2020,115.0481949,Hold,Hold,Hold,Hold,Hold,Hold,Hold,Hold,Hold,Hold,0.748086411747909,0.7408822412027607
21/8/2020,120.9768982,Hold,Hold,Hold,Hold,Hold,Hold,Hold,Hold,Hold,Hold,0.4440624644868656,0.7770004446200056
24/8/2020,122.4238358,Hold,Hold,Hold,Hold,Hold,Hold,Hold,Hold,Hold,Hold,0.434800891036,0.7552346917745464
25/8/2020,121.4195099,Hold,Hold,Hold,Hold,Hold,Hold,Hold,Hold,Hold,Hold,0.4862862342857142,0.7404221463691877
26/8/2020,123.0706787,Hold,Hold,Hold,Hold,Hold,Hold,Hold,Hold,Hold,Hold,0.3613280192128025,0.7409575896865126
27/8/2020,121.5994492,Hold,Hold,Hold,Hold,Hold,Hold,Hold,Hold,Hold,Hold,0.9735528566666668,0.746376927295632
28/8/2020,121.4024734,Sell,Hold,Hold,Hold,Hold,Hold,Hold,Hold,Hold,Hold,0.99989325,0.7767267700460682
31/8/2020,125.5195007,Sell,Hold,Hold,Hold,Hold,Hold,Hold,Hold,Hold,Hold,0.6611633867600709,0.7472240424909605
1/9/2020,130.5192413,Sell,Hold,Hold,Hold,Hold,Hold,Hold,Hold,Hold,Hold,,0.7511348940076094
2/9/2020,127.8151016,Sell,Hold,Hold,Hold,Hold,Hold,Hold,Hold,Hold,Hold,-0.3260030374597433,0.7293682829868159
3/9/2020,117.5821304,Hold,Hold,Hold,Hold,Hold,Hold,Sell,Hold,Hold,Sell,-0.155369295,0.685603143053277
4/9/2020,117.659935,Hold,Hold,Hold,Hold,Hold,Sell,Hold,Sell,Sell,Hold,0.1432581555,0.6850599077859254
8/9/2020,109.7420197,Hold,Hold,Hold,Hold,Hold,Hold,Hold,Hold,Hold,Hold,0.9997953516666668,0.686361244807131
9/9/2020,114.1192703,Hold,Sell,Hold,Hold,Sell,Hold,Hold,Hold,Hold,Hold,-0.1637876825,0.7002059087552075
10/9/2020,110.3937454,Hold,Hold,Hold,Hold,Hold,Hold,Hold,Hold,Hold,Hold,0.74729675018,0.6727367043002185
11/9/2020,108.9443817,Hold,Hold,Hold,Hold,Hold,Hold,Hold,Hold,Hold,Hold,0.250030436739,0.6927261333067131
14/9/2020,112.2127075,Hold,Hold,Hold,Hold,Hold,Hold,Hold,Hold,Hold,Hold,0.6684448748666667,0.7287562255083192
15/9/2020,112.3878174,Hold,Hold,Hold,Hold,Hold,Hold,Hold,Hold,Hold,Hold,0.99662745,0.7265804097890107
16/9/2020,109.0708313,Hold,Hold,Hold,Hold,Hold,Hold,Hold,Hold,Hold,Hold,0.490389845,0.7029509443950491
17/9/2020,107.3296967,Hold,Hold,Hold,Hold,Hold,Hold,Hold,Hold,Hold,Hold,0.53858564,0.6817618837704078
18/9/2020,103.9251633,Hold,Hold,Hold,Hold,Hold,Hold,Hold,Hold,Hold,Hold,0.7945254975,0.6730219350261024
21/9/2020,107.0767822,Hold,Hold,Hold,Hold,Hold,Hold,Hold,Hold,Hold,Hold,0.9250429666666666,0.6946775128514895
22/9/2020,108.7595901,Buy,Hold,Hold,Hold,Hold,Hold,Hold,Hold,Hold,Hold,0.6181178502333333,0.6812477311978454
23/9/2020,104.197525,Buy,Hold,Hold,Buy,Hold,Hold,Hold,Hold,Hold,Hold,-0.0947945203834285,0.6500778178651775
24/9/2020,105.2675323,Hold,Hold,Hold,Sell,Hold,Hold,Hold,Hold,Hold,Hold,0.33700278205206,0.6792376189597481
25/9/2020,109.2167587,Hold,Hold,Hold,Hold,Hold,Hold,Hold,Hold,Hold,Hold,0.5087411855,0.7079728525667874
28/9/2020,111.8236465,Hold,Hold,Hold,Buy,Hold,Buy,Buy,Buy,Hold,Hold,0.7610901183333333,0.7481435056545738
29/9/2020,110.9773712,Hold,Hold,Hold,Hold,Buy,Buy,Hold,Hold,Hold,Buy,0.7108330242857143,0.7069425359277136
30/9/2020,112.6504364,Hold,Hold,Hold,Hold,Hold,Hold,Hold,Hold,Hold,Hold,0.9819570471428573,0.7261386827919608
1/10/2020,113.603714,Hold,Hold,Hold,Hold,Buy,Hold,Buy,Buy,Hold,Buy,0.00199473296435,0.7225998320316427
2/10/2020,109.9365463,Hold,Hold,Hold,Hold,Hold,Hold,Hold,Hold,Hold,Hold,0.1627806,0.688085711068134
5/10/2020,113.3216324,Hold,Hold,Hold,Hold,Hold,Sell,Hold,Hold,Hold,Hold,0.4929640262436585,0.7256618215431702
6/10/2020,110.0727386,Hold,Buy,Buy,Hold,Hold,Buy,Hold,Hold,Buy,Hold,0.6934212999999999,0.7301703264708495
7/10/2020,111.940361,Hold,Hold,Hold,Hold,Hold,Sell,Hold,Hold,Hold,Hold,0.6671729003333334,0.740339348393247
8/10/2020,111.8333664,Hold,Buy,Buy,Hold,Hold,Buy,Hold,Hold,Buy,Hold,0.35000565,0.750675596840322
9/10/2020,113.7787857,Hold,Hold,Hold,Hold,Hold,Hold,Hold,Hold,Hold,Hold,0.999488918,0.753722853494923
12/10/2020,121.0060959,Hold,Buy,Hold,Hold,Hold,Hold,Hold,Hold,Hold,Hold,0.0214828216916788,0.7474630204595468
13/10/2020,117.7961197,Hold,Hold,Hold,Hold,Hold,Hold,Hold,Hold,Hold,Hold,0.2152735919883333,0.7299534264247466
14/10/2020,117.8836746,Hold,Hold,Hold,Hold,Hold,Hold,Hold,Hold,Hold,Hold,0.1075226818749999,0.6847098090762124
15/10/2020,117.4167557,Hold,Hold,Hold,Hold,Hold,Hold,Hold,Hold,Hold,Hold,0.99999136,0.7240012144588516
16/10/2020,115.7728806,Hold,Hold,Hold,Hold,Hold,Hold,Hold,Hold,Hold,Hold,0.4843335649999999,0.713544142870552
19/10/2020,112.8158112,Hold,Hold,Hold,Hold,Hold,Hold,Hold,Hold,Hold,Hold,0.999965925,0.6929368013201801
20/10/2020,114.3040848,Hold,Sell,Sell,Sell,Sell,Sell,Sell,Sell,Hold,Sell,0.835411182,0.6805080254044724
21/10/2020,113.6815262,Hold,Hold,Hold,Hold,Hold,Hold,Hold,Hold,Hold,Hold,0.75023958725,0.6963980837827862
22/10/2020,112.5920792,Hold,Sell,Hold,Hold,Sell,Hold,Hold,Hold,Hold,Hold,0.9981077033333332,0.6906876529773475
23/10/2020,111.9014511,Hold,Hold,Hold,Hold,Hold,Hold,Hold,Hold,Hold,Hold,0.9999572675,0.6948494892750464
26/10/2020,111.911171,Hold,Hold,Hold,Hold,Sell,Hold,Hold,Hold,Hold,Hold,0.9990252775,0.666900730456064
27/10/2020,113.4188843,Hold,Hold,Hold,Hold,Hold,Hold,Hold,Hold,Hold,Hold,0.5401748766002,0.6815443796428944
28/10/2020,108.1661987,Hold,Hold,Hold,Hold,Hold,Buy,Hold,Hold,Hold,Buy,0.9852186766666668,0.644075773793599
29/10/2020,112.1738052,Hold,Sell,Hold,Hold,Hold,Hold,Hold,Hold,Hold,Hold,-0.2099935989079757,0.6149257624897172
30/10/2020,105.8900452,Hold,Hold,Hold,Buy,Hold,Hold,Hold,Hold,Hold,Hold,0.3198027416666666,0.6066042388431648
2/11/2020,105.8024979,Hold,Hold,Hold,Hold,Hold,Hold,Hold,Hold,Hold,Hold,0.66571790002,0.6607290900239753
3/11/2020,107.4269562,Hold,Hold,Hold,Hold,Hold,Hold,Hold,Hold,Hold,Hold,0.0488949,0.6882405346667587
4/11/2020,111.8139038,Hold,Hold,Hold,Hold,Hold,Hold,Hold,Hold,Hold,Hold,0.46979046,0.7043729525879556
5/11/2020,115.7826004,Hold,Buy,Buy,Buy,Buy,Buy,Buy,Buy,Buy,Buy,0.43118776,0.706654904310536
6/11/2020,115.6510544,Hold,Hold,Hold,Hold,Hold,Hold,Hold,Hold,Hold,Hold,0.3329348966666667,0.7275219276750184
9/11/2020,113.341713,Hold,Hold,Hold,Hold,Hold,Hold,Hold,Hold,Hold,Hold,0.1612423579999999,0.7093574981423486
10/11/2020,113.0007172,Hold,Hold,Hold,Hold,Hold,Hold,Hold,Hold,Hold,Hold,0.8474781865504049,0.699800910799446
11/11/2020,116.4305649,Hold,Hold,Hold,Hold,Hold,Hold,Hold,Hold,Hold,Hold,0.9991202333333332,0.6963128603348622
12/11/2020,116.1577454,Hold,Hold,Hold,Hold,Hold,Hold,Hold,Hold,Hold,Hold,0.6000941188716,0.7072847777054577
13/11/2020,116.2064667,Hold,Hold,Hold,Hold,Hold,Hold,Hold,Hold,Hold,Hold,0.99861217,0.6986204995582993
16/11/2020,117.219841,Hold,Hold,Hold,Hold,Hold,Hold,Hold,Hold,Hold,Hold,0.9969583,0.7004310573295777
17/11/2020,116.3331375,Hold,Hold,Hold,Hold,Hold,Hold,Hold,Hold,Hold,Hold,0.3304249999999999,0.7132621093365471
18/11/2020,115.0079575,Hold,Hold,Hold,Hold,Hold,Hold,Hold,Hold,Hold,Hold,0.39586981461146,0.682221970130922
19/11/2020,115.6023331,Sell,Hold,Hold,Hold,Hold,Hold,Hold,Hold,Hold,Hold,0.0598976974999999,0.7097953467379089
20/11/2020,114.3356094,Hold,Hold,Hold,Hold,Hold,Hold,Hold,Hold,Hold,Hold,0.91749287,0.7066196543033616
23/11/2020,110.9349823,Hold,Hold,Hold,Sell,Hold,Sell,Sell,Sell,Hold,Sell,0.98053354,0.6562284989155259
24/11/2020,112.221199,Hold,Hold,Hold,Hold,Sell,Hold,Hold,Hold,Hold,Hold,0.99999213,0.7050098624906989
25/11/2020,113.0591736,Hold,Hold,Hold,Hold,Hold,Hold,Hold,Hold,Hold,Hold,0.9999859,0.729898589947209
27/11/2020,113.604805,Hold,Hold,Hold,Buy,Hold,Hold,Hold,Hold,Hold,Hold,0.7840771425,0.713792189628924
30/11/2020,116.0018234,Hold,Hold,Hold,Hold,Hold,Hold,Hold,Hold,Hold,Hold,0.993080385,0.7185888353348406
1/12/2020,119.5778732,Hold,Hold,Hold,Hold,Buy,Buy,Buy,Buy,Hold,Buy,0.75835446548,0.7405152820927993
2/12/2020,119.9286575,Hold,Hold,Hold,Hold,Hold,Hold,Hold,Hold,Hold,Hold,0.30904312,0.6886103548920789
3/12/2020,119.7922363,Hold,Hold,Hold,Hold,Hold,Hold,Hold,Hold,Hold,Hold,0.99988815,0.7145875857260072
4/12/2020,119.1198959,Hold,Hold,Hold,Hold,Hold,Hold,Hold,Hold,Hold,Hold,,0.7268306697308345
7/12/2020,120.5814896,Hold,Hold,Hold,Hold,Hold,Hold,Hold,Hold,Hold,Hold,0.9991206,0.7455148938825144
8/12/2020,121.1953735,Hold,Hold,Hold,Hold,Hold,Hold,Hold,Hold,Hold,Hold,0.9053290871428572,0.768159618359629
9/12/2020,118.6619415,Hold,Hold,Hold,Hold,Hold,Hold,Hold,Hold,Hold,Hold,0.9997573333333332,0.6967710770601835
10/12/2020,120.0845642,Hold,Hold,Hold,Hold,Hold,Hold,Hold,Hold,Hold,Hold,0.1779778914285714,0.7142778118884531
11/12/2020,119.2758255,Hold,Hold,Hold,Hold,Hold,Hold,Hold,Hold,Hold,Hold,0.66623238045,0.7060081513379449
14/12/2020,118.6619415,Hold,Hold,Hold,Hold,Hold,Hold,Hold,Hold,Hold,Hold,0.5606902471615715,0.6837481420244402
15/12/2020,124.6057587,Hold,Hold,Hold,Hold,Hold,Hold,Hold,Hold,Hold,Hold,0.2498407515709122,0.7239152053665279
16/12/2020,124.5375366,Hold,Hold,Hold,Hold,Hold,Hold,Hold,Hold,Hold,Hold,0.3990779327610735,0.7122857133925664
17/12/2020,125.4047699,Hold,Hold,Hold,Hold,Hold,Hold,Hold,Hold,Hold,Hold,0.29591348,0.7487867534277256
18/12/2020,123.4169922,Hold,Hold,Hold,Hold,Hold,Hold,Hold,Hold,Hold,Hold,0.9999379,0.7115365379424722
21/12/2020,124.9467926,Hold,Hold,Hold,Hold,Hold,Hold,Hold,Hold,Hold,Hold,0.7108947371428572,0.7787755650224247
22/12/2020,128.5033417,Hold,Hold,Hold,Hold,Hold,Hold,Hold,Hold,Hold,Hold,0.362660544794,0.7561848201236635
23/12/2020,127.6069107,Hold,Hold,Hold,Hold,Hold,Hold,Hold,Hold,Hold,Hold,0.2707059887499999,0.7413571322678568
24/12/2020,128.5910645,Hold,Hold,Hold,Hold,Hold,Hold,Hold,Hold,Hold,Hold,0.986657488,0.7467279505477706
28/12/2020,133.1901703,Hold,Hold,Hold,Hold,Hold,Hold,Hold,Hold,Hold,Hold,0.4998940159975999,0.7497630854825323
29/12/2020,131.4167786,Hold,Hold,Hold,Hold,Hold,Hold,Hold,Hold,Hold,Hold,0.1812822527214285,0.7175832679305483
30/12/2020,130.2962646,Sell,Hold,Hold,Hold,Hold,Hold,Hold,Hold,Hold,Hold,0.4641853581413333,0.7374916157298295
31/12/2020,129.2925873,Hold,Hold,Hold,Hold,Hold,Hold,Hold,Hold,Hold,Hold,0.99985075,0.6854873285668791
4/1/2021,126.0965805,Hold,Hold,Hold,Hold,Hold,Hold,Hold,Hold,Hold,Hold,0.18659238596,0.6568043092220004
5/1/2021,127.6556396,Hold,Hold,Hold,Hold,Hold,Sell,Sell,Sell,Hold,Sell,0.792116249042446,0.6979805693219483
6/1/2021,123.3585205,Hold,Hold,Hold,Hold,Hold,Buy,Hold,Hold,Hold,Hold,0.4459387015285714,0.6728846242259315
7/1/2021,127.5679245,Hold,Hold,Hold,Hold,Sell,Sell,Hold,Sell,Sell,Hold,0.2020392850566666,0.7465397999207586
8/1/2021,128.6689911,Hold,Hold,Hold,Hold,Hold,Buy,Hold,Hold,Hold,Hold,0.7781234233817471,0.7475936090009796
11/1/2021,125.677597,Hold,Hold,Hold,Hold,Sell,Hold,Hold,Sell,Hold,Hold,0.9999743,0.7255432701687166
12/1/2021,125.5022049,Hold,Hold,Hold,Hold,Hold,Sell,Hold,Hold,Sell,Hold,0.2351026833333333,0.7119556416698448
13/1/2021,127.5386429,Hold,Hold,Hold,Hold,Hold,Hold,Hold,Hold,Hold,Hold,0.4536352074999999,0.7673809231800743
14/1/2021,125.609375,Hold,Hold,Hold,Hold,Buy,Buy,Buy,Buy,Buy,Buy,0.9997537833333334,0.7054163841975385
15/1/2021,123.8847198,Hold,Hold,Hold,Hold,Hold,Sell,Hold,Hold,Sell,Hold,0.499946815,0.6892006180478513
19/1/2021,124.5570374,Hold,Hold,Hold,Hold,Hold,Hold,Hold,Hold,Hold,Hold,0.5595891528333333,0.6539268431962865
20/1/2021,128.6494904,Hold,Hold,Hold,Hold,Hold,Hold,Hold,Hold,Hold,Hold,,0.7453972596201309
21/1/2021,133.3655701,Hold,Hold,Hold,Hold,Buy,Buy,Buy,Buy,Buy,Buy,0.998997695,0.7399320151987826
22/1/2021,135.5092621,Hold,Hold,Hold,Hold,Hold,Hold,Hold,Hold,Hold,Buy,0.7997282051896,0.7440783582273394
25/1/2021,139.2606812,Hold,Hold,Hold,Hold,Hold,Hold,Hold,Hold,Hold,Hold,0.000215508638,0.7163282946283898
26/1/2021,139.4944916,Hold,Hold,Hold,Hold,Hold,Hold,Hold,Hold,Hold,Hold,0.59819031788276,0.7221612658722942
27/1/2021,138.4226837,Sell,Hold,Hold,Hold,Hold,Hold,Hold,Hold,Hold,Hold,0.2855525737909769,0.6534476083300488
28/1/2021,133.5799408,Hold,Hold,Hold,Hold,Hold,Hold,Hold,Hold,Hold,Hold,0.1668677173045583,0.6264902644002049
29/1/2021,128.5812836,Hold,Hold,Hold,Hold,Hold,Hold,Hold,Hold,Hold,Hold,0.50478935,0.6534973271989681
1/2/2021,130.7054901,Hold,Hold,Hold,Hold,Sell,Sell,Sell,Sell,Hold,Sell,0.9958719,0.6916128125516113
2/2/2021,131.5337219,Hold,Hold,Hold,Hold,Hold,Buy,Hold,Hold,Hold,Hold,0.799848690844,0.6852860974203907
3/2/2021,130.5105896,Hold,Hold,Hold,Hold,Hold,Hold,Hold,Hold,Hold,Hold,0.7907611694,0.7175608027131847
4/2/2021,133.8722687,Hold,Hold,Hold,Hold,Sell,Sell,Hold,Hold,Hold,Hold,0.6648285363687401,0.7471410914076345
5/2/2021,133.4575348,Hold,Hold,Hold,Hold,Hold,Buy,Hold,Hold,Hold,Hold,0.4333190316666666,0.7423861227152789
8/2/2021,133.6038971,Hold,Hold,Hold,Hold,Hold,Hold,Hold,Hold,Hold,Hold,0.99828064,0.7100462000921501
9/2/2021,132.7256317,Hold,Hold,Hold,Hold,Hold,Hold,Hold,Hold,Hold,Hold,0.64557252698974,0.7168080610568144
10/2/2021,132.1205902,Hold,Hold,Hold,Hold,Hold,Hold,Hold,Hold,Hold,Hold,0.2506428177249999,0.7125877756371316
11/2/2021,131.8668671,Hold,Hold,Sell,Sell,Hold,Sell,Hold,Sell,Sell,Hold,0.998505538,0.7060748846323073
12/2/2021,132.1010742,Hold,Hold,Hold,Hold,Hold,Hold,Hold,Hold,Hold,Hold,0.8224002466666667,0.7172969093847983
16/2/2021,129.9737396,Buy,Hold,Hold,Hold,Hold,Hold,Hold,Hold,Hold,Hold,0.7033831666666667,0.6665698094768736
17/2/2021,127.6804581,Hold,Sell,Hold,Hold,Sell,Hold,Hold,Hold,Hold,Hold,0.99929211,0.659111136982315
18/2/2021,126.5777512,Hold,Hold,Hold,Hold,Hold,Hold,Hold,Hold,Hold,Hold,0.999641928,0.6610982088532293
19/2/2021,126.7339096,Hold,Hold,Hold,Hold,Hold,Hold,Hold,Hold,Hold,Hold,0.5865491237454545,0.6971835640626842
22/2/2021,122.9573441,Hold,Hold,Hold,Hold,Hold,Hold,Hold,Hold,Hold,Hold,0.7701147052462499,0.6162409464586406
23/2/2021,122.8207321,Hold,Hold,Hold,Hold,Hold,Hold,Hold,Hold,Hold,Hold,0.5852962028,0.6867530903975335
24/2/2021,122.3230667,Hold,Hold,Hold,Hold,Hold,Hold,Hold,Hold,Hold,Hold,0.9987179766666668,0.698046847123094
25/2/2021,118.0683517,Hold,Hold,Hold,Hold,Hold,Hold,Hold,Hold,Hold,Hold,0.9569481883333334,0.6583704502453963
26/2/2021,118.3318253,Hold,Hold,Hold,Hold,Hold,Hold,Hold,Hold,Hold,Hold,0.75305176375,0.6766644007772319
1/3/2021,124.7041245,Hold,Hold,Hold,Hold,Hold,Hold,Hold,Hold,Hold,Hold,0.499461339796306,0.7493515161050351
2/3/2021,122.0985947,Hold,Hold,Hold,Hold,Hold,Hold,Hold,Hold,Hold,Hold,0.6572447033333333,0.6944041258342483
3/3/2021,119.1124878,Hold,Hold,Hold,Hold,Hold,Hold,Hold,Hold,Hold,Hold,0.6666422422133333,0.6489121223289522
4/3/2021,117.2291107,Hold,Hold,Hold,Hold,Hold,Hold,Hold,Hold,Hold,Hold,0.1229987172667095,0.6551914570070101
5/3/2021,118.4879456,Hold,Hold,Hold,Hold,Hold,Hold,Hold,Hold,Hold,Hold,0.35470231,0.664507202759005
8/3/2021,113.5501328,Hold,Hold,Hold,Hold,Hold,Hold,Hold,Hold,Hold,Hold,0.3667973511488714,0.645735814442838
9/3/2021,118.1659088,Hold,Hold,Hold,Hold,Hold,Hold,Hold,Hold,Hold,Hold,-0.1367764066266666,0.7226095360463602
10/3/2021,117.0827332,Hold,Hold,Hold,Hold,Hold,Hold,Hold,Hold,Hold,Hold,0.294132428,0.689423793244964
11/3/2021,119.0149078,Hold,Hold,Hold,Hold,Hold,Hold,Hold,Hold,Hold,Hold,0.962820925,0.6995771033939455
12/3/2021,118.1073761,Hold,Hold,Hold,Hold,Hold,Hold,Hold,Hold,Hold,Hold,0.4992468325,0.7095970833810155
15/3/2021,120.9958878,Hold,Hold,Hold,Hold,Hold,Hold,Buy,Hold,Hold,Buy,0.05383889,0.742800141041548
16/3/2021,122.5377274,Hold,Hold,Hold,Hold,Hold,Buy,Hold,Buy,Buy,Hold,0.6768094993546189,0.7545353714703057
17/3/2021,121.7472839,Hold,Hold,Hold,Hold,Buy,Buy,Hold,Hold,Hold,Hold,0.52906836828176,0.7071885424480813
18/3/2021,117.6194534,Hold,Hold,Hold,Hold,Hold,Hold,Hold,Hold,Hold,Hold,0.523443595,0.6529530136347872
19/3/2021,117.0924911,Hold,Hold,Hold,Hold,Hold,Sell,Hold,Hold,Hold,Hold,0.6420683053706229,0.7180412659394706
22/3/2021,120.4103851,Hold,Hold,Hold,Hold,Hold,Hold,Hold,Hold,Hold,Hold,0.5724662168013878,0.7120057331647719
23/3/2021,119.5809097,Hold,Hold,Hold,Hold,Hold,Hold,Hold,Hold,Buy,Hold,0.94977055,0.7216187972649705
24/3/2021,117.1900635,Hold,Hold,Hold,Hold,Hold,Hold,Hold,Sell,Hold,Hold,0.6926393871428571,0.6963171812092045
25/3/2021,117.6779861,Hold,Hold,Hold,Hold,Hold,Hold,Hold,Hold,Buy,Hold,0.6090551276,0.6915289351142639
26/3/2021,118.2830276,Hold,Hold,Hold,Hold,Hold,Hold,Hold,Hold,Hold,Hold,0.8161654005431193,0.7343863628750411
29/3/2021,118.4586868,Sell,Hold,Hold,Hold,Hold,Hold,Hold,Hold,Hold,Hold,0.539365958283587,0.7031170232390683
30/3/2021,117.0046616,Hold,Hold,Hold,Hold,Hold,Hold,Hold,Hold,Hold,Hold,0.092853302666923,0.6806321892478729
31/3/2021,119.200325,Hold,Hold,Hold,Hold,Hold,Hold,Hold,Hold,Hold,Hold,0.5382541771853129,0.7073398171949484
1/4/2021,120.0297928,Hold,Hold,Buy,Buy,Hold,Buy,Hold,Buy,Buy,Hold,0.9889832718181818,0.6995204050471205
5/4/2021,122.8597565,Hold,Buy,Hold,Hold,Buy,Hold,Hold,Hold,Hold,Hold,0.364314610776888,0.7352961080553306
6/4/2021,123.1622849,Hold,Hold,Hold,Hold,Hold,Hold,Hold,Hold,Hold,Hold,0.5592361568639044,0.7349541572582571
7/4/2021,124.8114624,Hold,Hold,Hold,Hold,Hold,Hold,Hold,Hold,Hold,Hold,0.2876352751435714,0.7381384910412603
8/4/2021,127.2120819,Hold,Hold,Hold,Hold,Hold,Hold,Hold,Hold,Hold,Hold,0.0859276649281666,0.7304371308210721
9/4/2021,129.7882996,Hold,Hold,Hold,Hold,Hold,Hold,Hold,Hold,Hold,Hold,0.4162840130466292,0.7229650591761941
12/4/2021,128.0708313,Hold,Hold,Hold,Hold,Hold,Hold,Hold,Hold,Hold,Hold,0.5239168235714285,0.7065090359652144
13/4/2021,131.1837921,Hold,Hold,Hold,Hold,Hold,Hold,Hold,Hold,Hold,Hold,0.7909315546680331,0.7670425769434486
14/4/2021,128.8417358,Hold,Hold,Hold,Hold,Hold,Hold,Hold,Hold,Hold,Hold,0.3120398618205049,0.6991955589448655
15/4/2021,131.2521057,Hold,Hold,Hold,Hold,Hold,Hold,Hold,Hold,Hold,Hold,0.473910200144281,0.7682249681339754
16/4/2021,130.9203339,Hold,Hold,Hold,Hold,Hold,Hold,Hold,Hold,Hold,Hold,0.4839281895113616,0.7222455211085121
19/4/2021,131.583847,Hold,Hold,Hold,Hold,Hold,Hold,Hold,Hold,Hold,Hold,0.7053650434620512,0.7112241146972927
20/4/2021,129.8956299,Hold,Hold,Hold,Hold,Hold,Hold,Hold,Hold,Hold,Hold,0.66353934862489,0.7214325711642925
21/4/2021,130.2762299,Sell,Hold,Hold,Hold,Hold,Hold,Hold,Hold,Hold,Hold,0.4976901046295484,0.6963261207013579
22/4/2021,128.7539368,Hold,Hold,Hold,Hold,Hold,Hold,Hold,Hold,Hold,Hold,0.4221628092307692,0.7251848947691041
23/4/2021,131.0764618,Hold,Hold,Hold,Hold,Hold,Hold,Hold,Hold,Hold,Hold,0.8546048342214286,0.7610417692032903
26/4/2021,131.4668121,Hold,Hold,Hold,Hold,Hold,Hold,Hold,Hold,Hold,Hold,0.6937775693736842,0.7546000420912222
27/4/2021,131.1447296,Hold,Hold,Hold,Hold,Hold,Hold,Hold,Hold,Hold,Hold,0.6306900730995659,0.7266659157907677
28/4/2021,130.3543091,Hold,Hold,Hold,Hold,Hold,Hold,Hold,Hold,Hold,Hold,0.1537084089241886,0.6785002729358742
29/4/2021,130.2567291,Hold,Hold,Hold,Hold,Hold,Hold,Sell,Hold,Hold,Sell,0.2448728737999648,0.6290379125430826
30/4/2021,128.2855377,Hold,Hold,Hold,Hold,Sell,Hold,Hold,Sell,Hold,Hold,-0.1033264261245882,0.6487661991939321
3/5/2021,129.3394775,Hold,Sell,Sell,Sell,Hold,Sell,Hold,Hold,Sell,Hold,0.3326106400486427,0.7070664649934035
4/5/2021,124.7626801,Hold,Hold,Hold,Hold,Hold,Hold,Hold,Hold,Hold,Hold,0.14055886838625,0.6607067681741715
5/5/2021,125.0066528,Hold,Sell,Hold,Hold,Hold,Hold,Hold,Hold,Hold,Hold,0.52381031025,0.7208746804077844
6/5/2021,126.6070404,Hold,Hold,Hold,Hold,Hold,Hold,Hold,Hold,Hold,Hold,0.4143734029574331,0.6978494305057928
7/5/2021,127.281517,Hold,Hold,Hold,Hold,Hold,Hold,Hold,Hold,Hold,Hold,0.3131758414285714,0.6978229841156661
10/5/2021,123.9970856,Hold,Hold,Hold,Hold,Hold,Hold,Hold,Hold,Hold,Hold,0.1416102568694103,0.618882286756783
11/5/2021,123.0782471,Hold,Hold,Hold,Hold,Hold,Hold,Hold,Hold,Hold,Hold,0.2801074957823444,0.6579231905807539
12/5/2021,120.0088577,Hold,Hold,Hold,Hold,Hold,Hold,Hold,Hold,Hold,Hold,0.6279910369491206,0.656056544274742
13/5/2021,122.1593781,Hold,Hold,Hold,Hold,Hold,Hold,Hold,Hold,Hold,Hold,0.4943288024175167,0.6921525595144341
14/5/2021,124.5836105,Hold,Hold,Hold,Hold,Hold,Hold,Hold,Hold,Hold,Hold,0.1386629635660703,0.71511770428093
17/5/2021,123.43013,Hold,Hold,Hold,Hold,Hold,Hold,Hold,Hold,Hold,Hold,0.8004150959363118,0.6858598879775902
18/5/2021,122.0420685,Hold,Hold,Hold,Hold,Hold,Hold,Hold,Hold,Hold,Hold,0.4348959070349493,0.6827730471563627
19/5/2021,121.8856659,Hold,Hold,Hold,Hold,Hold,Hold,Hold,Hold,Hold,Hold,0.6807211631166666,0.6687294953910765
20/5/2021,124.4467621,Hold,Hold,Hold,Hold,Hold,Hold,Hold,Hold,Hold,Hold,0.2120852833735749,0.7102287086509758
21/5/2021,122.6090393,Hold,Hold,Hold,Hold,Hold,Hold,Hold,Buy,Hold,Hold,0.64538378222946,0.7274618497446494
24/5/2021,124.2414474,Hold,Hold,Hold,Hold,Hold,Hold,Hold,Sell,Hold,Hold,0.67161059,0.7450769429084488
25/5/2021,124.0459595,Hold,Hold,Hold,Hold,Hold,Hold,Hold,Buy,Hold,Hold,0.87350256973375,0.7046553067041343
26/5/2021,123.9970856,Hold,Hold,Hold,Hold,Hold,Hold,Hold,Buy,Hold,Hold,0.4671987164989616,0.7170349352896709
27/5/2021,122.4624023,Hold,Hold,Hold,Hold,Hold,Hold,Hold,Hold,Hold,Hold,0.7889073200000001,0.7386862077860228
28/5/2021,121.8074646,Hold,Hold,Hold,Hold,Hold,Hold,Hold,Sell,Hold,Hold,0.2341664934782608,0.6143182981185935
1/6/2021,121.4848938,Hold,Hold,Hold,Hold,Hold,Hold,Hold,Hold,Hold,Hold,0.7891298050000001,0.7228794802844255
2/6/2021,122.247345,Hold,Hold,Hold,Hold,Hold,Hold,Hold,Hold,Hold,Hold,0.7642927778571428,0.7085355119772921
3/6/2021,120.761528,Hold,Hold,Hold,Hold,Sell,Hold,Hold,Hold,Hold,Hold,0.7128007347976286,0.7104712978264996
4/6/2021,123.0586777,Hold,Hold,Hold,Hold,Hold,Hold,Hold,Hold,Hold,Hold,0.8799546807549125,0.7305722148069278
7/6/2021,123.0684509,Hold,Hold,Buy,Buy,Hold,Buy,Buy,Buy,Buy,Buy,0.7522781617412051,0.722837498849648
8/6/2021,123.8895569,Hold,Hold,Hold,Hold,Hold,Hold,Hold,Hold,Hold,Hold,0.6550719151516526,0.7274358882249599
9/6/2021,124.2707977,Hold,Buy,Hold,Hold,Buy,Hold,Hold,Hold,Hold,Hold,0.555979222,0.6980054302299374
10/6/2021,123.2737427,Hold,Hold,Hold,Hold,Hold,Hold,Hold,Hold,Hold,Hold,0.542384137,0.7060308224562403
11/6/2021,124.4858551,Hold,Hold,Hold,Hold,Hold,Hold,Hold,Hold,Hold,Hold,0.7829074243428399,0.733371836635437
14/6/2021,127.5454559,Hold,Buy,Hold,Hold,Buy,Hold,Hold,Hold,Hold,Hold,0.3136396169505012,0.7351123235287399
15/6/2021,126.7243576,Hold,Hold,Hold,Hold,Hold,Hold,Hold,Hold,Hold,Hold,0.478025195433401,0.7475775110190918
16/6/2021,127.2228851,Hold,Hold,Hold,Hold,Hold,Hold,Hold,Hold,Hold,Hold,0.2308838378373895,0.7028111836548941
17/6/2021,128.826004,Hold,Hold,Hold,Hold,Hold,Hold,Hold,Hold,Hold,Hold,0.2576192111111111,0.7131572178331994
18/6/2021,127.5258942,Hold,Hold,Hold,Hold,Hold,Hold,Hold,Hold,Hold,Hold,0.7140661250878905,0.7805091198662575
21/6/2021,129.3245239,Hold,Hold,Hold,Hold,Hold,Hold,Hold,Hold,Hold,Hold,0.3301428349811833,0.6962208495251586
22/6/2021,130.9667206,Hold,Hold,Hold,Hold,Hold,Hold,Hold,Hold,Hold,Hold,0.1462327861833333,0.7399825538286597
23/6/2021,130.6930695,Hold,Hold,Hold,Hold,Hold,Hold,Hold,Hold,Hold,Hold,0.5628899067988636,0.7246171316108009
24/6/2021,130.4095612,Hold,Hold,Hold,Hold,Hold,Hold,Hold,Hold,Hold,Hold,0.4329010660428272,0.7019959350358375
25/6/2021,130.1162872,Hold,Hold,Hold,Hold,Hold,Hold,Hold,Hold,Hold,Hold,0.6554726383664701,0.6869996536364563
28/6/2021,131.7487335,Hold,Hold,Hold,Hold,Hold,Hold,Hold,Hold,Hold,Hold,0.5022955464573333,0.7264761400192916
29/6/2021,133.2638855,Hold,Hold,Hold,Hold,Hold,Hold,Hold,Hold,Hold,Hold,0.58503441682352,0.7376865049909033
30/6/2021,133.8797455,Hold,Hold,Hold,Hold,Hold,Hold,Hold,Hold,Hold,Hold,0.1442055834969999,0.7139017879687817
1/7/2021,134.1827545,Hold,Hold,Hold,Hold,Hold,Hold,Hold,Hold,Hold,Hold,0.8823760536529126,0.704508281855451
2/7/2021,136.8122406,Hold,Hold,Hold,Hold,Hold,Hold,Hold,Hold,Hold,Hold,0.6176891164127444,0.742065438388472
6/7/2021,138.8259277,Hold,Hold,Hold,Hold,Hold,Hold,Hold,Hold,Hold,Hold,0.2727006923191036,0.7100787873084964
7/7/2021,141.318573,Hold,Hold,Hold,Hold,Hold,Hold,Hold,Hold,Hold,Hold,0.2019186549991509,0.7460645625311518
8/7/2021,140.0184479,Hold,Hold,Hold,Hold,Hold,Hold,Hold,Hold,Hold,Hold,-0.091540041672908,0.6976661105133583
9/7/2021,141.8463898,Hold,Hold,Hold,Hold,Hold,Hold,Hold,Hold,Hold,Hold,0.6175977311730843,0.7507982242850348
12/7/2021,141.2501221,Hold,Hold,Hold,Hold,Hold,Hold,Hold,Hold,Hold,Hold,0.61790785874981,0.7463400438231402
13/7/2021,142.364502,Hold,Hold,Hold,Hold,Hold,Hold,Hold,Hold,Hold,Hold,0.1791098742162596,0.7336045391911642
14/7/2021,145.795517,Hold,Hold,Hold,Hold,Hold,Hold,Hold,Hold,Hold,Hold,0.262220328665386,0.7192727545032443
15/7/2021,145.1406403,Hold,Hold,Hold,Hold,Hold,Hold,Hold,Hold,Hold,Hold,0.2636792789735658,0.7068618498438255
16/7/2021,143.0976563,Hold,Hold,Hold,Hold,Hold,Hold,Hold,Hold,Hold,Hold,0.6467697580291839,0.7179498048018964
19/7/2021,139.2462463,Hold,Hold,Hold,Hold,Hold,Hold,Hold,Hold,Hold,Hold,-0.00663097,0.6934329004030496
20/7/2021,142.8630066,Hold,Hold,Hold,Hold,Hold,Hold,Sell,Sell,Hold,Hold,0.5181302445950549,0.7047990743443581
21/7/2021,142.1299133,Hold,Hold,Hold,Hold,Hold,Hold,Hold,Buy,Hold,Hold,0.7408555093219115,0.7023025575896257
22/7/2021,143.4984283,Hold,Hold,Hold,Hold,Hold,Hold,Hold,Hold,Hold,Hold,0.2989862858516429,0.6919432251330556
23/7/2021,145.2187958,Hold,Hold,Hold,Hold,Hold,Hold,Hold,Hold,Hold,Hold,0.5362470245000001,0.7296376083784099
26/7/2021,145.6391907,Hold,Hold,Hold,Hold,Hold,Hold,Hold,Hold,Hold,Hold,0.667038990865395,0.6971337621813742
27/7/2021,143.4691162,Hold,Hold,Hold,Hold,Hold,Hold,Hold,Hold,Hold,Hold,0.2222058492331059,0.6456981899926644
28/7/2021,141.7193451,Hold,Hold,Hold,Hold,Hold,Hold,Hold,Sell,Hold,Hold,0.2178858493521422,0.6603702072366568
29/7/2021,142.364502,Hold,Hold,Hold,Hold,Hold,Hold,Hold,Sell,Hold,Hold,0.7354395116045875,0.6993829978374377
30/7/2021,142.5795593,Hold,Hold,Hold,Hold,Hold,Hold,Hold,Buy,Hold,Hold,0.7264546929296217,0.7099978985517719
2/8/2021,142.2472076,Hold,Hold,Hold,Hold,Hold,Hold,Hold,Hold,Hold,Hold,-0.1148021433333333,0.6912790899696848
3/8/2021,144.0458221,Hold,Hold,Hold,Hold,Hold,Hold,Hold,Sell,Sell,Hold,0.4242263041879187,0.7006770720432121
4/8/2021,143.6450195,Hold,Hold,Hold,Hold,Hold,Hold,Hold,Buy,Hold,Hold,0.600055621726792,0.7119494166327537
5/8/2021,143.7525177,Hold,Hold,Hold,Hold,Hold,Hold,Hold,Sell,Hold,Hold,0.5231951381049058,0.7776393968363923
6/8/2021,143.0672913,Hold,Hold,Hold,Hold,Hold,Hold,Hold,Hold,Hold,Hold,0.4831482293551667,0.7047547796414756
9/8/2021,143.0183563,Hold,Hold,Hold,Hold,Hold,Hold,Hold,Hold,Hold,Hold,0.7787559969857144,0.7335885060979862
10/8/2021,142.5386505,Hold,Hold,Hold,Hold,Hold,Hold,Hold,Hold,Hold,Hold,0.3972370128138235,0.738773035660591
11/8/2021,142.7931976,Hold,Hold,Hold,Hold,Hold,Sell,Sell,Hold,Sell,Hold,0.2761666744043372,0.7069204230771434
12/8/2021,145.7594604,Hold,Hold,Hold,Hold,Buy,Hold,Hold,Buy,Hold,Hold,-0.0974422012582723,0.7239301105249767
13/8/2021,145.9650574,Hold,Hold,Hold,Hold,Hold,Buy,Buy,Hold,Buy,Hold,0.7395271026,0.7638393723462811
16/8/2021,147.9425812,Hold,Hold,Hold,Hold,Hold,Hold,Hold,Hold,Buy,Hold,0.5995072791762642,0.7145845830822222
17/8/2021,147.0321198,Hold,Hold,Hold,Hold,Hold,Hold,Buy,Hold,Hold,Buy,0.6733853867818183,0.6776575813999502
18/8/2021,143.2826691,Hold,Hold,Hold,Hold,Hold,Hold,Sell,Hold,Hold,Sell,0.1978498710685889,0.7075107601897135
19/8/2021,143.6154938,Hold,Hold,Hold,Hold,Sell,Sell,Hold,Sell,Hold,Hold,0.4061377724188537,0.6884720108692997
20/8/2021,145.0741882,Hold,Hold,Hold,Hold,Hold,Buy,Hold,Hold,Hold,Buy,0.3737493320775592,0.7540929501758898
23/8/2021,146.5622253,Hold,Hold,Hold,Hold,Hold,Hold,Buy,Buy,Hold,Hold,0.7005362859629624,0.7386503690897679
24/8/2021,146.4741211,Hold,Hold,Hold,Hold,Hold,Hold,Hold,Hold,Hold,Hold,0.555494494917626,0.7214014027429118
25/8/2021,145.2406006,Hold,Hold,Hold,Hold,Hold,Hold,Hold,Hold,Hold,Hold,0.3485085506377964,0.7001250288514502
26/8/2021,144.4378204,Hold,Hold,Hold,Hold,Hold,Hold,Hold,Hold,Hold,Hold,0.80877683198,0.7615116999863734
27/8/2021,145.4755707,Sell,Hold,Hold,Hold,Hold,Hold,Hold,Sell,Hold,Hold,0.6751891307179524,0.7590359232465221
30/8/2021,149.9005127,Hold,Hold,Hold,Hold,Hold,Hold,Buy,Buy,Hold,Hold,0.808199760788375,0.7491299786011894
31/8/2021,148.6376801,Hold,Hold,Hold,Hold,Hold,Hold,Hold,Hold,Hold,Hold,0.3217337319572714,0.7113573740727536
1/9/2021,149.3033142,Hold,Hold,Hold,Hold,Hold,Hold,Hold,Hold,Hold,Hold,0.2460248748260078,0.7507515246521652
2/9/2021,150.4193573,Hold,Hold,Hold,Hold,Hold,Hold,Hold,Hold,Hold,Hold,0.4629035170204698,0.757766168047477
3/9/2021,151.0556946,Hold,Hold,Hold,Hold,Hold,Hold,Hold,Hold,Hold,Hold,-0.0491289777920531,0.7345245477615924
7/9/2021,153.395462,Hold,Hold,Hold,Hold,Hold,Hold,Hold,Hold,Hold,Hold,0.5257169758794463,0.7485396677126634
8/9/2021,151.8486786,Sell,Hold,Hold,Hold,Hold,Hold,Hold,Hold,Hold,Hold,0.2436327928749916,0.7557032572589066
9/9/2021,150.8305511,Hold,Hold,Hold,Hold,Hold,Hold,Hold,Hold,Hold,Hold,0.7964016443136114,0.7218681983750819
10/9/2021,145.8377686,Hold,Hold,Hold,Hold,Hold,Hold,Sell,Hold,Hold,Sell,0.2467602383489511,0.6757217188418791
13/9/2021,146.4055786,Hold,Sell,Sell,Sell,Sell,Sell,Hold,Sell,Sell,Hold,0.3582473844386076,0.697920583857378
14/9/2021,145.005661,Hold,Hold,Hold,Hold,Hold,Hold,Hold,Hold,Hold,Hold,0.5457324641986199,0.7363150560505917
15/9/2021,145.8964996,Hold,Hold,Hold,Hold,Hold,Hold,Hold,Hold,Hold,Hold,0.5541466381851852,0.6977169586844638
16/9/2021,145.6615601,Hold,Hold,Hold,Hold,Hold,Hold,Hold,Hold,Hold,Hold,0.6395721719187816,0.6977464149256613
17/9/2021,142.9889526,Hold,Hold,Hold,Hold,Hold,Hold,Hold,Hold,Hold,Hold,0.306349175105,0.7260893004407772
20/9/2021,139.9345856,Hold,Hold,Hold,Hold,Hold,Hold,Hold,Hold,Hold,Hold,0.1109141852473463,0.6329005314731158
21/9/2021,140.4142609,Hold,Hold,Hold,Hold,Hold,Hold,Hold,Hold,Hold,Hold,0.6289072935475439,0.7198288256171618
22/9/2021,142.7833557,Hold,Hold,Hold,Hold,Hold,Hold,Hold,Hold,Hold,Hold,0.309234676121855,0.7273642733043124
23/9/2021,143.7427826,Hold,Hold,Hold,Hold,Hold,Hold,Hold,Hold,Hold,Hold,0.5181940956310936,0.7407492870482181
24/9/2021,143.8308868,Hold,Hold,Hold,Hold,Hold,Hold,Hold,Hold,Hold,Hold,0.7429320251234975,0.6979786739860152
27/9/2021,142.3134613,Hold,Hold,Hold,Hold,Hold,Hold,Hold,Hold,Hold,Hold,0.3507172316666667,0.7058808448183329
28/9/2021,138.9261932,Hold,Hold,Hold,Hold,Hold,Hold,Hold,Hold,Hold,Hold,0.5840666150157087,0.6945854925320392
29/9/2021,139.826889,Hold,Hold,Hold,Hold,Hold,Hold,Hold,Hold,Hold,Hold,0.607293582419177,0.7296279872867792
30/9/2021,138.5248413,Hold,Hold,Hold,Hold,Hold,Hold,Hold,Hold,Hold,Hold,0.49989764213405,0.7052230188456899
1/10/2021,139.6506348,Hold,Hold,Hold,Hold,Hold,Hold,Hold,Hold,Hold,Hold,0.7390478554108334,0.6691105252045358
4/10/2021,136.2144928,Hold,Hold,Hold,Hold,Hold,Hold,Hold,Hold,Hold,Hold,0.1801427377777777,0.6711972032187375
5/10/2021,138.1430511,Hold,Hold,Hold,Hold,Hold,Hold,Hold,Hold,Hold,Hold,0.5682504750719058,0.691887508345505
6/10/2021,139.0143433,Hold,Hold,Hold,Hold,Hold,Hold,Hold,Hold,Hold,Hold,0.64442764461365,0.6855708624879172
7/10/2021,140.2772217,Hold,Hold,Hold,Hold,Hold,Hold,Hold,Hold,Hold,Hold,0.6167409463636364,0.7478732553617238
8/10/2021,139.895401,Hold,Hold,Hold,Buy,Hold,Buy,Buy,Buy,Hold,Hold,0.4696409159019791,0.7459864230510515
11/10/2021,139.807312,Hold,Hold,Hold,Hold,Hold,Hold,Hold,Hold,Hold,Hold,0.8713907661636362,0.7103590814054723
12/10/2021,138.5346375,Hold,Hold,Hold,Hold,Hold,Hold,Hold,Hold,Hold,Hold,0.1387828598460869,0.6489405076411392
13/10/2021,137.9472351,Hold,Hold,Hold,Hold,Hold,Hold,Hold,Hold,Hold,Hold,-0.2607538508224635,0.5997405357498069
14/10/2021,140.7373047,Hold,Hold,Hold,Hold,Hold,Hold,Buy,Hold,Hold,Buy,0.28994461284353,0.7021258607427695
15/10/2021,141.7946167,Hold,Buy,Buy,Buy,Buy,Buy,Hold,Buy,Buy,Hold,0.5729946407981836,0.7123285650635761
18/10/2021,143.4686737,Hold,Hold,Hold,Hold,Hold,Hold,Hold,Hold,Hold,Hold,0.5623051799237403,0.7311795507093333
19/10/2021,145.6321564,Hold,Hold,Hold,Hold,Hold,Hold,Hold,Hold,Hold,Hold,0.5726098112424762,0.7173914301981669
20/10/2021,146.1216583,Hold,Hold,Hold,Hold,Hold,Hold,Hold,Hold,Hold,Hold,0.5694512078725719,0.7098678339662371
21/10/2021,146.3370514,Hold,Hold,Hold,Hold,Hold,Hold,Hold,Hold,Hold,Hold,-0.2012040244914814,0.6975540099223199
22/10/2021,145.5636597,Hold,Hold,Hold,Hold,Hold,Hold,Hold,Hold,Hold,Hold,-0.1726290313786666,0.6872098856074781
25/10/2021,145.5146942,Hold,Hold,Hold,Hold,Hold,Hold,Hold,Hold,Hold,Hold,0.1115535627765318,0.6524570918562962
26/10/2021,146.1804352,Hold,Hold,Hold,Hold,Hold,Hold,Hold,Hold,Hold,Hold,0.156552424375,0.678495762068129
27/10/2021,145.7203522,Hold,Hold,Hold,Hold,Hold,Hold,Hold,Hold,Hold,Hold,0.2977610796184389,0.7163395123166174
28/10/2021,149.3620911,Hold,Hold,Hold,Hold,Hold,Hold,Hold,Hold,Hold,Hold,-0.1254720451396896,0.5886790610664552
29/10/2021,146.6503448,Hold,Hold,Hold,Hold,Hold,Hold,Hold,Hold,Hold,Hold,-0.1880845076596444,0.6140444066358407
1/11/2021,145.8280029,Hold,Hold,Hold,Hold,Hold,Hold,Hold,Hold,Hold,Hold,0.5745669149538429,0.6691970367533298
2/11/2021,146.8657379,Hold,Hold,Hold,Hold,Hold,Hold,Hold,Hold,Hold,Hold,0.2547709090277151,0.6642250760371915
3/11/2021,148.3047638,Hold,Hold,Hold,Hold,Hold,Hold,Hold,Hold,Hold,Hold,0.6368705897517912,0.7328695523103138
4/11/2021,147.785965,Hold,Hold,Hold,Hold,Hold,Hold,Hold,Hold,Hold,Hold,0.614649814265181,0.7251804621325131
5/11/2021,148.3153229,Hold,Hold,Hold,Hold,Hold,Hold,Hold,Hold,Hold,Hold,0.9889273166666668,0.710447689499099
8/11/2021,147.4918213,Hold,Hold,Hold,Hold,Hold,Hold,Hold,Hold,Hold,Hold,0.5978129977977777,0.7055109372429014
9/11/2021,147.8545837,Hold,Hold,Hold,Hold,Hold,Hold,Hold,Hold,Hold,Hold,0.9315999942698712,0.763476265398154
10/11/2021,145.0212097,Hold,Hold,Hold,Hold,Hold,Hold,Sell,Hold,Hold,Sell,0.1697390810372222,0.7201880938525521
11/11/2021,144.9721832,Hold,Hold,Hold,Hold,Sell,Sell,Hold,Sell,Hold,Hold,0.8541652578697173,0.7326980870306801
12/11/2021,147.0506439,Hold,Hold,Hold,Hold,Hold,Hold,Hold,Hold,Hold,Hold,-0.0377391869737097,0.7341914941030854
15/11/2021,147.0604401,Sell,Hold,Hold,Hold,Hold,Buy,Buy,Hold,Hold,Buy,0.66825532313625,0.7390670825600318
16/11/2021,148.0408173,Hold,Hold,Hold,Hold,Hold,Hold,Hold,Hold,Hold,Hold,0.5338174684976823,0.7247281188449045
17/11/2021,150.4820557,Sell,Hold,Hold,Hold,Hold,Hold,Hold,Hold,Hold,Hold,0.5504296201760878,0.7578125700649327
18/11/2021,154.7761841,Hold,Hold,Hold,Hold,Hold,Hold,Hold,Hold,Hold,Hold,0.5778067045955545,0.7492481584891952
19/11/2021,157.4036713,Hold,Hold,Hold,Hold,Hold,Hold,Hold,Hold,Hold,Hold,0.4719674212983062,0.7587239788097347
22/11/2021,157.864502,Hold,Hold,Hold,Hold,Hold,Hold,Hold,Hold,Hold,Hold,0.6372939366925604,0.721876650051153
23/11/2021,158.2468262,Hold,Hold,Hold,Hold,Hold,Hold,Hold,Hold,Hold,Hold,0.6137311394201647,0.7069696284774668
24/11/2021,158.7664185,Hold,Hold,Hold,Hold,Hold,Hold,Hold,Hold,Hold,Hold,-0.1168526934573285,0.719357694908195
26/11/2021,153.7369843,Hold,Hold,Hold,Hold,Hold,Hold,Hold,Hold,Hold,Hold,0.6242318488235294,0.6522948554867958
29/11/2021,157.099762,Hold,Hold,Hold,Hold,Hold,Hold,Hold,Hold,Hold,Hold,0.6100774095826,0.751976308599952
30/11/2021,162.0606079,Hold,Hold,Hold,Hold,Hold,Hold,Hold,Hold,Hold,Hold,-0.1321981707843,0.7058476968572205
1/12/2021,161.5409851,Hold,Hold,Hold,Hold,Hold,Hold,Hold,Hold,Hold,Hold,0.1408857974430456,0.7251365260297583
2/12/2021,160.550766,Hold,Hold,Hold,Hold,Hold,Hold,Hold,Hold,Hold,Hold,-0.2347771108653761,0.626637955186984
3/12/2021,158.6684113,Hold,Hold,Hold,Hold,Hold,Hold,Hold,Hold,Hold,Hold,0.3654429476923077,0.6928185874401488
6/12/2021,162.0802307,Hold,Hold,Hold,Hold,Hold,Hold,Hold,Hold,Hold,Hold,0.6945616028630607,0.7043872067366325
7/12/2021,167.8253632,Hold,Hold,Hold,Hold,Hold,Hold,Hold,Hold,Hold,Hold,0.2495474697630201,0.7338578492670502
8/12/2021,171.6489258,Hold,Hold,Hold,Hold,Hold,Hold,Hold,Hold,Hold,Hold,0.2961097669052462,0.6913953761037849
9/12/2021,171.1390991,Hold,Hold,Hold,Hold,Hold,Hold,Hold,Hold,Hold,Hold,0.0690836141656933,0.7095095425406555
10/12/2021,175.9333191,Hold,Hold,Hold,Hold,Hold,Hold,Hold,Hold,Hold,Hold,0.4549465746133333,0.733421785831746
13/12/2021,172.2960205,Hold,Hold,Hold,Hold,Hold,Hold,Hold,Hold,Hold,Hold,0.5538623303451521,0.7048964019302161
14/12/2021,170.9136353,Hold,Hold,Hold,Hold,Hold,Hold,Hold,Hold,Hold,Hold,0.4521559675664264,0.6640888220558221
15/12/2021,175.7862396,Hold,Hold,Hold,Hold,Hold,Hold,Hold,Hold,Hold,Hold,0.5072850345579415,0.7346098847227114
16/12/2021,168.884201,Hold,Hold,Hold,Hold,Hold,Hold,Hold,Hold,Hold,Hold,0.1781570653192389,0.7246757130776912
17/12/2021,167.7861481,Hold,Hold,Hold,Hold,Hold,Hold,Sell,Hold,Hold,Hold,-0.1233953290833333,0.7175847689455535
20/12/2021,166.4234161,Hold,Hold,Hold,Hold,Hold,Hold,Hold,Sell,Hold,Hold,0.8142057715799771,0.6528194108435308
21/12/2021,169.5999146,Hold,Hold,Hold,Hold,Hold,Hold,Hold,Hold,Hold,Hold,0.4049080872373954,0.6896268416908973
22/12/2021,172.197998,Hold,Hold,Hold,Hold,Hold,Hold,Hold,Buy,Hold,Hold,0.2449472543674994,0.7109482957102846
23/12/2021,172.8254242,Hold,Hold,Hold,Hold,Hold,Hold,Hold,Hold,Hold,Hold,0.5168517177777778,0.7372990031564103
27/12/2021,176.796051,Hold,Hold,Hold,Hold,Hold,Hold,Hold,Hold,Hold,Hold,0.6748306204238461,0.7539627183530848
28/12/2021,175.7764282,Hold,Hold,Hold,Hold,Hold,Hold,Hold,Hold,Hold,Hold,0.5759886522275096,0.742469068024366
29/12/2021,175.8646545,Hold,Hold,Hold,Hold,Hold,Hold,Hold,Hold,Hold,Hold,0.442197947,0.72530271488382
30/12/2021,174.7077942,Hold,Hold,Hold,Hold,Hold,Hold,Hold,Hold,Hold,Hold,0.5875285083383625,0.7433282265150303
31/12/2021,174.0901642,Hold,Hold,Hold,Hold,Hold,Hold,Hold,Hold,Hold,Hold,0.4971652865303685,0.7254579595458335
3/1/2022,178.4431458,Hold,Hold,Hold,Hold,Hold,Hold,Hold,Hold,Hold,Hold,0.6756924348862178,0.7349247593117472
4/1/2022,176.178421,Hold,Hold,Hold,Hold,Hold,Hold,Hold,Hold,Hold,Hold,0.3929407773126744,0.7046706195997786
5/1/2022,171.4920654,Hold,Hold,Hold,Hold,Hold,Hold,Hold,Hold,Hold,Hold,0.6455065016363636,0.7214811327605345
6/1/2022,168.6293182,Hold,Hold,Hold,Hold,Hold,Sell,Hold,Sell,Sell,Hold,0.6696586314436429,0.7017579046606665
7/1/2022,168.7959595,Hold,Hold,Hold,Hold,Sell,Sell,Hold,Hold,Hold,Hold,0.6623499375113941,0.6950262555464956
10/1/2022,168.815567,Hold,Hold,Hold,Hold,Sell,Hold,Hold,Sell,Hold,Hold,0.682640297981875,0.6942987830290391
11/1/2022,171.6489258,Hold,Hold,Hold,Hold,Hold,Hold,Hold,Hold,Hold,Hold,0.5514750397333333,0.7266778531677608
12/1/2022,172.0901184,Hold,Hold,Hold,Hold,Hold,Buy,Hold,Hold,Hold,Hold,0.6609742590342778,0.7298610207731366
13/1/2022,168.815567,Hold,Hold,Hold,Hold,Hold,Hold,Hold,Hold,Hold,Hold,0.3508064328181818,0.6932076579906505
14/1/2022,169.6783142,Hold,Sell,Sell,Sell,Hold,Sell,Hold,Hold,Sell,Hold,0.4263207109890539,0.6665506360752584
18/1/2022,166.4724274,Hold,Hold,Hold,Hold,Hold,Hold,Hold,Hold,Hold,Hold,0.5068842066058168,0.6591943482973618
19/1/2022,162.9723511,Hold,Hold,Hold,Hold,Hold,Hold,Hold,Hold,Hold,Hold,0.7245838788888889,0.6371074440801997
20/1/2022,161.2861176,Hold,Hold,Hold,Hold,Hold,Hold,Hold,Hold,Hold,Hold,0.5911151176141589,0.6728048411537331
21/1/2022,159.2272034,Hold,Hold,Hold,Hold,Hold,Hold,Hold,Hold,Hold,Hold,0.5442214447386264,0.6427651071901713
24/1/2022,158.452713,Hold,Hold,Hold,Hold,Hold,Hold,Hold,Hold,Hold,Hold,0.3679380764285714,0.6569512647467631
25/1/2022,156.6487732,Buy,Hold,Hold,Hold,Hold,Hold,Hold,Hold,Hold,Hold,0.2536311670056823,0.6693987501120926
26/1/2022,156.5605316,Buy,Hold,Hold,Hold,Hold,Hold,Hold,Hold,Hold,Hold,0.3096859118730554,0.6985099972460057
27/1/2022,156.0997314,Buy,Hold,Hold,Hold,Hold,Hold,Hold,Hold,Hold,Hold,0.3035260785006568,0.633967321960405
28/1/2022,166.9920349,Hold,Hold,Hold,Hold,Hold,Hold,Hold,Hold,Hold,Hold,0.0019378991093839,0.6541026648029314
31/1/2022,171.3547974,Hold,Buy,Buy,Buy,Buy,Buy,Buy,Buy,Hold,Buy,0.6026292021569933,0.6653550289184222
1/2/2022,171.1881561,Hold,Hold,Hold,Hold,Hold,Hold,Hold,Hold,Hold,Hold,0.7690551201194513,0.7101912730906921
2/2/2022,172.3940277,Hold,Hold,Hold,Hold,Hold,Hold,Hold,Hold,Hold,Hold,0.4732122506599166,0.6302799176952966
3/2/2022,169.5116425,Hold,Hold,Hold,Hold,Hold,Hold,Hold,Hold,Hold,Hold,0.2868647759051859,0.6386463363142542
4/2/2022,169.227005,Hold,Hold,Hold,Hold,Hold,Hold,Hold,Hold,Hold,Hold,0.2024918380866654,0.713603899174492
7/2/2022,168.5103912,Hold,Hold,Hold,Hold,Hold,Hold,Hold,Hold,Hold,Hold,0.8344465340150307,0.6867427592210242
8/2/2022,171.6222076,Hold,Hold,Hold,Hold,Hold,Hold,Hold,Hold,Hold,Hold,0.7574593872400017,0.7494486419307986
9/2/2022,173.0456085,Hold,Hold,Hold,Hold,Hold,Hold,Hold,Hold,Hold,Hold,0.4605850858139166,0.6960572211852285
10/2/2022,168.9619598,Hold,Hold,Hold,Hold,Hold,Hold,Hold,Hold,Buy,Hold,0.41133582553312,0.7030120452580203
11/2/2022,165.5457916,Hold,Hold,Hold,Hold,Hold,Hold,Hold,Hold,Hold,Hold,0.1830913483971167,0.6684578273391787
14/2/2022,165.7814026,Hold,Sell,Sell,Sell,Sell,Sell,Sell,Sell,Hold,Sell,0.5473453903333333,0.679726872783177
15/2/2022,169.6196594,Hold,Hold,Hold,Buy,Sell,Hold,Hold,Sell,Hold,Hold,0.3278557156036666,0.6917833067508452
16/2/2022,169.3840485,Hold,Hold,Hold,Hold,Hold,Buy,Hold,Hold,Hold,Hold,0.6359300237963909,0.7083573809066097
17/2/2022,165.7814026,Hold,Hold,Hold,Hold,Hold,Hold,Sell,Hold,Hold,Sell,0.5360063216776246,0.6732818365351403
18/2/2022,164.2303772,Hold,Sell,Sell,Sell,Hold,Sell,Hold,Hold,Sell,Hold,0.4923554598383589,0.7136152650959124
22/2/2022,161.305069,Hold,Hold,Hold,Hold,Hold,Hold,Hold,Hold,Hold,Hold,0.6808246889602838,0.6867282994837403
23/2/2022,157.1330414,Hold,Hold,Hold,Hold,Hold,Hold,Hold,Hold,Hold,Hold,0.5788962520000001,0.6912580310081733
24/2/2022,159.7540436,Hold,Hold,Hold,Hold,Hold,Hold,Hold,Hold,Hold,Hold,0.5606213164285714,0.653486491525149
25/2/2022,161.8253479,Hold,Hold,Hold,Hold,Hold,Hold,Hold,Hold,Sell,Hold,0.2293979789555555,0.7023309216899318
28/2/2022,162.0903625,Hold,Hold,Hold,Hold,Hold,Hold,Hold,Hold,Hold,Hold,0.6458317192222222,0.8705791344212153
1/3/2022,160.2055817,Hold,Hold,Hold,Hold,Hold,Hold,Hold,Hold,Hold,Hold,-0.2391362563250474,0.7323345127116293
2/3/2022,163.5039673,Hold,Hold,Hold,Hold,Hold,Hold,Hold,Hold,Hold,Hold,0.8342045378557154,0.9073583041666669
3/3/2022,163.1800232,Hold,Hold,Hold,Hold,Hold,Hold,Hold,Buy,Hold,Hold,0.6717992222897962,0.9389754673299124
4/3/2022,160.1761627,Hold,Hold,Hold,Hold,Hold,Hold,Hold,Hold,Hold,Hold,0.7447713688050001,0.6589579101970834
7/3/2022,156.3771515,Hold,Hold,Hold,Hold,Hold,Hold,Hold,Sell,Hold,Hold,0.3180053638418685,0.959900983818892
8/3/2022,154.5512848,Buy,Hold,Hold,Hold,Hold,Hold,Hold,Hold,Hold,Hold,0.518886562814595,0.8416884351555556
9/3/2022,159.9602051,Hold,Hold,Hold,Hold,Hold,Hold,Hold,Hold,Hold,Hold,0.6187992778471428,0.852694373004878
10/3/2022,155.6114807,Hold,Hold,Hold,Hold,Buy,Hold,Hold,Buy,Hold,Hold,0.3239913335024719,0.9669012343333332
11/3/2022,151.8910217,Hold,Hold,Hold,Hold,Hold,Hold,Hold,Hold,Hold,Hold,0.5509487598,0.8310155004347826
14/3/2022,147.8563995,Hold,Hold,Hold,Hold,Hold,Hold,Hold,Hold,Hold,Hold,0.1704025666293182,0.563926506532013
15/3/2022,152.2444,Hold,Hold,Hold,Hold,Hold,Hold,Hold,Hold,Hold,Hold,0.5839069800639477,0.8025864552456522
16/3/2022,156.6618195,Hold,Hold,Hold,Hold,Hold,Hold,Hold,Hold,Hold,Hold,0.0293727747598524,0.8813533478216667
17/3/2022,157.6729126,Hold,Hold,Buy,Buy,Hold,Buy,Buy,Buy,Buy,Hold,0.71418664705729,0.8566337237667647
18/3/2022,160.9712982,Hold,Hold,Hold,Hold,Hold,Hold,Hold,Hold,Hold,Buy,0.442016385672232,0.9195918953
21/3/2022,162.3455963,Hold,Buy,Hold,Hold,Buy,Hold,Hold,Hold,Hold,Hold,0.5691211260073333,0.8525493655384615
22/3/2022,165.7224884,Hold,Hold,Hold,Hold,Hold,Hold,Hold,Hold,Hold,Hold,0.4765391237813,0.8303740454061501
23/3/2022,167.0870056,Hold,Hold,Hold,Hold,Hold,Hold,Hold,Hold,Hold,Hold,0.5632382515319665,0.8866955007657986
24/3/2022,170.8761597,Hold,Hold,Hold,Hold,Hold,Hold,Hold,Hold,Hold,Hold,0.7190734225833739,0.7736168351616889
25/3/2022,171.5142517,Hold,Hold,Hold,Hold,Hold,Hold,Hold,Hold,Hold,Hold,0.481000183571198,0.9071499483266666
28/3/2022,172.3780823,Hold,Hold,Hold,Hold,Hold,Hold,Hold,Hold,Hold,Hold,0.2006366509179421,0.7015579581534843
29/3/2022,175.6764526,Hold,Hold,Hold,Hold,Hold,Hold,Hold,Hold,Hold,Hold,0.4546251240697101,0.6954165866035825
30/3/2022,174.5082703,Hold,Hold,Hold,Hold,Hold,Hold,Hold,Hold,Hold,Hold,0.4367777949143339,0.8854901223893424
31/3/2022,171.4062805,Sell,Hold,Hold,Hold,Hold,Hold,Hold,Hold,Hold,Hold,0.7951562886852941,0.7000033177420959
1/4/2022,171.1117554,Sell,Hold,Hold,Hold,Hold,Hold,Hold,Hold,Hold,Hold,0.3665475267908663,0.7696099287373334
4/4/2022,175.1659851,Sell,Hold,Hold,Hold,Hold,Hold,Hold,Hold,Hold,Hold,0.1900045688933676,0.8580569474151071
5/4/2022,171.8479614,Sell,Hold,Hold,Hold,Hold,Hold,Hold,Hold,Hold,Hold,0.5951319399268051,0.8909115877711896
6/4/2022,168.6772766,Hold,Hold,Hold,Hold,Hold,Hold,Hold,Hold,Hold,Hold,0.4194973159965714,0.9123367637048388
7/4/2022,168.9815674,Hold,Hold,Sell,Sell,Hold,Sell,Sell,Sell,Sell,Hold,0.746126817859752,0.8297548269918928
8/4/2022,166.9691772,Hold,Hold,Hold,Hold,Hold,Hold,Hold,Hold,Hold,Sell,0.194910537337125,0.8794007263090909
11/4/2022,162.7088165,Hold,Sell,Hold,Hold,Sell,Hold,Hold,Hold,Hold,Hold,0.35588023557,0.816646762474359
12/4/2022,164.5837708,Hold,Hold,Hold,Hold,Hold,Hold,Hold,Hold,Hold,Hold,0.1100287148802663,0.8631576275265097
13/4/2022,167.2734833,Hold,Hold,Hold,Hold,Hold,Hold,Hold,Hold,Hold,Hold,0.4259507366872259,0.8124658174705882
14/4/2022,162.2572632,Hold,Hold,Hold,Hold,Hold,Hold,Hold,Hold,Hold,Hold,0.0011318817416009,0.8629298155152173
18/4/2022,162.041275,Hold,Sell,Hold,Hold,Hold,Hold,Hold,Hold,Hold,Hold,0.83351211375,0.965456817751342
19/4/2022,164.3285217,Hold,Hold,Hold,Hold,Hold,Hold,Hold,Hold,Hold,Hold,0.784000283,0.9645738451162792
20/4/2022,164.1616516,Hold,Hold,Hold,Hold,Hold,Hold,Hold,Hold,Hold,Hold,0.4288643842857143,0.7060984238030994
21/4/2022,163.3665009,Hold,Hold,Hold,Hold,Hold,Hold,Hold,Hold,Hold,Hold,0.4229903161111111,0.8427550676027655
22/4/2022,158.8214569,Hold,Hold,Hold,Hold,Hold,Hold,Hold,Hold,Hold,Hold,0.29453681248858,0.861298072514425
25/4/2022,159.8914795,Hold,Hold,Hold,Hold,Hold,Hold,Hold,Hold,Hold,Hold,0.3898001277777778,0.5686799122154926
26/4/2022,153.9230347,Hold,Hold,Hold,Hold,Hold,Hold,Hold,Hold,Hold,Hold,0.4686806911673599,0.7183603693833692
27/4/2022,153.6972656,Hold,Hold,Hold,Hold,Hold,Hold,Hold,Hold,Hold,Hold,0.4336035632798588,0.7015150276689568
28/4/2022,160.6375427,Hold,Hold,Hold,Hold,Hold,Hold,Hold,Hold,Hold,Hold,0.0637607226000741,0.5196053495423633
29/4/2022,154.7574005,Hold,Hold,Hold,Hold,Hold,Hold,Hold,Hold,Hold,Hold,-0.0503874151180338,0.6109494561039276
2/5/2022,155.0617676,Hold,Hold,Hold,Hold,Hold,Hold,Hold,Hold,Hold,Hold,0.2592841037113881,0.8858742112195122
3/5/2022,156.5538635,Hold,Hold,Hold,Hold,Hold,Hold,Hold,Hold,Hold,Hold,0.5798157538873996,0.8126502106825603
4/5/2022,162.973877,Hold,Hold,Hold,Hold,Hold,Hold,Hold,Hold,Hold,Hold,0.4281994077704258,0.8255360454504618
5/5/2022,153.8936005,Hold,Hold,Hold,Buy,Hold,Buy,Hold,Hold,Hold,Hold,0.4688258562835714,0.8304283732142856
6/5/2022,154.6210632,Hold,Hold,Hold,Sell,Hold,Sell,Hold,Hold,Hold,Hold,-0.0779912924999999,0.81343589021415
9/5/2022,149.4893341,Hold,Hold,Hold,Hold,Hold,Hold,Hold,Hold,Hold,Hold,-0.1614703753507857,0.702799083
10/5/2022,151.8979034,Hold,Hold,Hold,Hold,Hold,Hold,Hold,Hold,Hold,Hold,0.6150108214285714,0.6667194375925926
11/5/2022,144.0233307,Hold,Hold,Hold,Hold,Hold,Hold,Hold,Hold,Hold,Hold,0.2859943013076922,0.663602249
12/5/2022,140.1499329,Hold,Hold,Hold,Hold,Hold,Hold,Hold,Hold,Hold,Hold,-0.277624671316256,0.5420278935654704
13/5/2022,144.6230164,Hold,Hold,Hold,Hold,Hold,Hold,Hold,Hold,Hold,Hold,0.3111658397963376,0.7710465997024243
16/5/2022,143.0795288,Hold,Hold,Hold,Hold,Hold,Hold,Hold,Hold,Hold,Hold,0.99989038,0.6998585662072392
17/5/2022,146.7170258,Hold,Hold,Hold,Hold,Hold,Hold,Hold,Hold,Hold,Hold,0.3812755355525672,0.907181432001154
18/5/2022,138.4393616,Hold,Hold,Hold,Hold,Hold,Hold,Hold,Hold,Hold,Hold,0.8096864508333333,0.6322892083002165
19/5/2022,135.0280151,Hold,Hold,Hold,Hold,Hold,Hold,Hold,Hold,Hold,Hold,0.5681245315127504,0.7155086009181143
20/5/2022,135.2639313,Hold,Hold,Hold,Hold,Hold,Hold,Hold,Hold,Hold,Hold,0.647638445990611,0.8363854186204315
23/5/2022,140.6906433,Hold,Hold,Hold,Hold,Hold,Hold,Hold,Hold,Hold,Hold,0.3110096241790704,0.7287736452268089
24/5/2022,137.9871063,Buy,Hold,Hold,Hold,Hold,Hold,Hold,Hold,Hold,Hold,0.0629158929313263,0.8231833213542857
25/5/2022,138.1443939,Hold,Hold,Hold,Hold,Hold,Hold,Hold,Hold,Hold,Hold,0.033199436846044,0.6339641160438897
26/5/2022,141.3492737,Hold,Hold,Hold,Hold,Hold,Hold,Hold,Hold,Hold,Hold,0.31833814416,0.4964042171327302
27/5/2022,147.1102142,Hold,Hold,Hold,Hold,Hold,Hold,Buy,Hold,Hold,Buy,0.220046859262,0.8772622614814815
31/5/2022,146.323761,Hold,Hold,Hold,Hold,Buy,Buy,Hold,Buy,Buy,Hold,0.2299140046999999,0.5931303886666667
1/6/2022,146.1959839,Hold,Hold,Hold,Hold,Hold,Hold,Hold,Hold,Hold,Hold,0.0250268499999999,0.724430934
2/6/2022,148.6536865,Hold,Hold,Hold,Hold,Buy,Hold,Hold,Buy,Hold,Hold,0.2358803157807391,0.804250045666087
3/6/2022,142.9222565,Hold,Hold,Hold,Hold,Hold,Hold,Hold,Hold,Hold,Hold,0.2216528435181667,0.8040380877836594
6/6/2022,143.6694031,Hold,Hold,Hold,Hold,Sell,Sell,Sell,Sell,Hold,Sell,0.6003219172718337,0.8907937934358696
7/6/2022,146.1959839,Hold,Hold,Hold,Hold,Hold,Hold,Hold,Hold,Hold,Hold,0.6633070846674549,0.723680323637212
8/6/2022,145.4586487,Hold,Hold,Hold,Hold,Hold,Buy,Hold,Hold,Buy,Hold,0.5762229561571429,0.7578720106494728
9/6/2022,140.2285461,Hold,Hold,Hold,Hold,Sell,Sell,Hold,Hold,Hold,Sell,0.4769893943615461,0.8395145994381809
10/6/2022,134.8117371,Hold,Hold,Hold,Hold,Hold,Hold,Sell,Sell,Sell,Hold,0.3561553392779259,0.9956458908333332
13/6/2022,129.6504517,Hold,Hold,Hold,Hold,Hold,Hold,Hold,Hold,Hold,Hold,0.0470378694494605,0.7658982173926484
14/6/2022,130.5156097,Hold,Hold,Hold,Hold,Hold,Hold,Hold,Hold,Hold,Hold,0.51435288235,0.6962558082758621
15/6/2022,133.1404419,Hold,Hold,Hold,Hold,Hold,Hold,Hold,Hold,Hold,Hold,0.583024182878964,0.7795293267311971
16/6/2022,127.8612289,Hold,Hold,Hold,Hold,Hold,Hold,Hold,Hold,Hold,Hold,0.5592721498535858,0.7779034585294118
17/6/2022,129.3358765,Buy,Hold,Hold,Hold,Hold,Hold,Hold,Hold,Sell,Hold,0.7563486164818181,0.7382767660714286
21/6/2022,133.5730438,Hold,Hold,Hold,Hold,Hold,Hold,Hold,Hold,Hold,Hold,0.7635278931449166,0.6259337431142741
22/6/2022,133.0618439,Hold,Hold,Hold,Hold,Hold,Hold,Hold,Hold,Hold,Hold,0.5978359014739999,0.7178298988135821
23/6/2022,135.9324799,Hold,Hold,Hold,Hold,Hold,Hold,Buy,Hold,Hold,Buy,0.5458926384882353,0.987279644
24/6/2022,139.265152,Hold,Hold,Hold,Hold,Hold,Buy,Hold,Buy,Hold,Hold,0.82760046,0.960808428
27/6/2022,139.265152,Hold,Hold,Hold,Hold,Buy,Buy,Hold,Hold,Hold,Hold,0.7748432424999999,0.766326310360687
28/6/2022,135.1164703,Hold,Hold,Hold,Hold,Buy,Hold,Hold,Buy,Hold,Hold,0.5859620966761678,0.873864087112
29/6/2022,136.8762207,Hold,Hold,Hold,Hold,Hold,Sell,Hold,Hold,Hold,Hold,0.6098847876293371,0.7935636920676286
30/6/2022,134.4086609,Hold,Hold,Buy,Buy,Hold,Buy,Hold,Hold,Buy,Hold,0.2977132000433333,0.6958919693106881
1/7/2022,136.5812683,Hold,Hold,Hold,Sell,Hold,Hold,Hold,Hold,Hold,Hold,0.1794383805648388,0.5025544079411766
5/7/2022,139.1668091,Hold,Hold,Buy,Buy,Hold,Buy,Hold,Hold,Buy,Hold,0.5605568685419466,0.9710435892857144
6/7/2022,140.5038147,Hold,Buy,Hold,Hold,Hold,Hold,Hold,Hold,Hold,Hold,0.6270924738858701,0.85337866259902
7/7/2022,143.8758392,Hold,Hold,Hold,Hold,Hold,Hold,Hold,Hold,Hold,Hold,0.7477079045102308,0.5454356070213513
8/7/2022,144.554184,Hold,Hold,Hold,Hold,Hold,Hold,Hold,Hold,Hold,Hold,0.799630407747201,0.8983451562119599
11/7/2022,142.4208527,Hold,Hold,Hold,Hold,Hold,Hold,Hold,Hold,Hold,Hold,0.1509718173803125,0.825234109915
12/7/2022,143.3941345,Hold,Hold,Hold,Hold,Hold,Hold,Hold,Hold,Hold,Hold,0.1570743121782934,0.6210449266745754
13/7/2022,143.030426,Hold,Hold,Hold,Hold,Hold,Hold,Hold,Hold,Hold,Hold,0.0328754135246559,0.7880595792612903
14/7/2022,145.9600067,Hold,Hold,Hold,Hold,Hold,Hold,Hold,Hold,Hold,Hold,0.5478202687998327,0.824382736451613
15/7/2022,147.6312561,Hold,Hold,Hold,Hold,Hold,Hold,Hold,Hold,Hold,Hold,0.4452670447807187,0.8392360931776471
18/7/2022,144.5836792,Hold,Hold,Hold,Hold,Hold,Hold,Hold,Hold,Hold,Hold,-0.1952153973837037,0.613506385645873
19/7/2022,148.4472504,Hold,Hold,Hold,Hold,Hold,Hold,Hold,Hold,Hold,Hold,0.1879202104977533,0.6565334641714293
20/7/2022,150.4527435,Hold,Hold,Hold,Hold,Hold,Hold,Hold,Hold,Hold,Hold,0.474429645381449,0.7618287437960558
21/7/2022,152.7236786,Hold,Hold,Hold,Hold,Hold,Hold,Hold,Hold,Hold,Hold,0.4697453156809523,0.7840223618181817
22/7/2022,151.4849854,Hold,Hold,Hold,Hold,Hold,Hold,Hold,Hold,Hold,Hold,0.694144519,0.8827973159274477
25/7/2022,150.3642578,Hold,Hold,Hold,Hold,Hold,Hold,Hold,Hold,Hold,Hold,0.5720709354531818,0.6534512850254889
26/7/2022,149.0370789,Hold,Hold,Hold,Hold,Hold,Hold,Hold,Hold,Hold,Hold,0.291796363958,0.7487218741871188
27/7/2022,154.1393433,Hold,Hold,Hold,Hold,Hold,Hold,Hold,Hold,Hold,Hold,0.4713751023761705,0.6736274909555952
28/7/2022,154.6898804,Hold,Hold,Hold,Hold,Hold,Hold,Hold,Hold,Hold,Hold,0.3766856309083538,0.5921946700481391
29/7/2022,159.7626648,Hold,Hold,Hold,Hold,Hold,Hold,Hold,Hold,Hold,Hold,0.2794983323955161,0.5135750137650782
1/8/2022,158.7795258,Hold,Hold,Hold,Hold,Hold,Hold,Hold,Hold,Hold,Hold,0.3561985777300847,0.9404696199411764
2/8/2022,157.3049164,Hold,Hold,Hold,Hold,Hold,Hold,Hold,Hold,Hold,Hold,0.4314822597303454,0.7288033352608622
3/8/2022,163.3214569,Hold,Hold,Hold,Hold,Hold,Hold,Hold,Hold,Hold,Hold,0.2282812277676111,0.9189201232727272
4/8/2022,163.0068665,Hold,Hold,Hold,Hold,Hold,Hold,Hold,Hold,Hold,Hold,0.4988671315391524,0.8761580173809523
5/8/2022,162.7804565,Hold,Hold,Hold,Hold,Hold,Hold,Hold,Hold,Hold,Hold,0.5457410467871426,0.7646658464604652
8/8/2022,162.3078766,Hold,Hold,Hold,Hold,Hold,Hold,Hold,Hold,Hold,Hold,0.6186999507500001,0.9106102252083332
9/8/2022,162.3571167,Hold,Hold,Hold,Hold,Hold,Hold,Hold,Hold,Hold,Hold,0.5222121401301336,0.923275404073178
10/8/2022,166.6100159,Hold,Hold,Hold,Hold,Hold,Hold,Hold,Hold,Hold,Hold,0.4220301416661681,0.8986126380306122
11/8/2022,165.8716431,Hold,Hold,Hold,Hold,Hold,Hold,Hold,Hold,Hold,Hold,0.6700207870313571,0.7816097207839583
12/8/2022,169.4255371,Hold,Hold,Hold,Hold,Hold,Hold,Hold,Hold,Hold,Hold,0.3248300989943401,0.727329394291695
15/8/2022,170.4985962,Hold,Hold,Hold,Hold,Hold,Hold,Hold,Hold,Hold,Hold,0.7488911891159318,0.7920373185365384
16/8/2022,170.3410645,Hold,Hold,Hold,Hold,Hold,Hold,Hold,Hold,Hold,Hold,0.3827470807142857,0.4928852424877144
17/8/2022,171.8374634,Sell,Hold,Hold,Hold,Hold,Hold,Hold,Hold,Hold,Hold,0.5987760024508106,0.7833469519223587
18/8/2022,171.4436493,Sell,Hold,Hold,Hold,Hold,Hold,Hold,Hold,Hold,Hold,0.4901583069392659,0.7878281158361069
19/8/2022,168.8545685,Sell,Hold,Hold,Hold,Hold,Hold,Hold,Hold,Hold,Hold,0.4290967082352941,0.7697644850904667
22/8/2022,164.9659271,Hold,Hold,Hold,Hold,Hold,Hold,Sell,Hold,Hold,Sell,0.6891200815975357,0.8027317336111112
23/8/2022,164.6312408,Hold,Hold,Hold,Sell,Hold,Sell,Hold,Sell,Sell,Hold,0.4610153041048362,0.7082589311161538
24/8/2022,164.9265747,Hold,Hold,Hold,Hold,Hold,Hold,Hold,Hold,Hold,Hold,0.611728900269813,0.8461688368
25/8/2022,167.3876953,Hold,Hold,Hold,Hold,Hold,Hold,Hold,Hold,Hold,Hold,0.5451627996332222,0.7209372141503501
26/8/2022,161.0773163,Hold,Hold,Hold,Hold,Sell,Hold,Hold,Hold,Hold,Hold,0.5798551363819167,0.8326267537392857
29/8/2022,158.8721619,Hold,Sell,Sell,Sell,Hold,Sell,Hold,Hold,Sell,Hold,0.2207923823338,0.7434300524093723
30/8/2022,156.4405212,Hold,Hold,Hold,Hold,Hold,Hold,Hold,Hold,Hold,Hold,0.656856183639833,0.8820628977419355
31/8/2022,154.7767792,Hold,Hold,Hold,Hold,Hold,Hold,Hold,Hold,Hold,Hold,0.4014530578367,0.7172319183644131
1/9/2022,155.5053101,Hold,Hold,Hold,Hold,Hold,Hold,Hold,Hold,Hold,Hold,0.3915624590909091,0.8825959411737653
2/9/2022,153.3887024,Hold,Sell,Sell,Hold,Hold,Hold,Hold,Hold,Hold,Hold,0.7554152128802846,0.8400244096710512
6/9/2022,152.1285858,Hold,Hold,Hold,Hold,Hold,Hold,Hold,Hold,Hold,Hold,0.4413738157034331,0.83620975811932
7/9/2022,153.5363464,Hold,Hold,Hold,Hold,Hold,Hold,Hold,Hold,Hold,Hold,0.5657170359564363,0.800386997188903
8/9/2022,152.0597076,Hold,Hold,Hold,Hold,Hold,Hold,Hold,Hold,Hold,Hold,0.5726267812215,0.7726189607145793
9/9/2022,154.9244385,Hold,Hold,Hold,Hold,Hold,Hold,Hold,Hold,Hold,Hold,0.5624235993946334,0.9037172488
12/9/2022,160.890274,Hold,Hold,Hold,Hold,Hold,Hold,Hold,Hold,Hold,Hold,0.5233210677863299,0.7888663443553345
13/9/2022,151.4493408,Hold,Hold,Hold,Buy,Buy,Buy,Hold,Buy,Hold,Hold,0.4129903458304775,0.592722404469494
14/9/2022,152.8964996,Hold,Hold,Hold,Sell,Sell,Sell,Hold,Sell,Hold,Hold,0.8270289606,0.9167082743780224
15/9/2022,150.0021667,Buy,Hold,Hold,Hold,Hold,Hold,Hold,Hold,Hold,Hold,0.5992940305888889,0.8079747480176686
16/9/2022,148.3581238,Hold,Hold,Hold,Hold,Hold,Hold,Hold,Hold,Hold,Hold,0.619072881044038,0.7507738659689583
19/9/2022,152.079361,Hold,Hold,Hold,Hold,Hold,Hold,Hold,Hold,Hold,Hold,0.51776310536229,0.935874593681818
20/9/2022,154.4617462,Hold,Hold,Hold,Hold,Hold,Hold,Hold,Hold,Hold,Hold,0.61323937450504,0.8777926653655271
21/9/2022,151.331192,Buy,Hold,Hold,Hold,Hold,Hold,Hold,Buy,Hold,Hold,0.8255439989769561,0.8967464732
22/9/2022,150.366394,Hold,Hold,Hold,Hold,Hold,Hold,Hold,Sell,Hold,Hold,0.402140121112781,0.8382795170189655
23/9/2022,148.0923157,Hold,Hold,Hold,Hold,Hold,Hold,Hold,Hold,Hold,Hold,0.6576971828271482,0.9112809331813208
26/9/2022,148.4270172,Hold,Hold,Hold,Hold,Hold,Hold,Hold,Hold,Hold,Hold,0.4789617500258254,0.8774858249857419
27/9/2022,149.4016113,Hold,Hold,Hold,Hold,Hold,Hold,Hold,Hold,Hold,Hold,0.2996490336415242,0.937456574478611
28/9/2022,147.5114594,Hold,Hold,Hold,Hold,Hold,Hold,Hold,Hold,Hold,Hold,0.1653911031744953,0.584458600923811
29/9/2022,140.2658691,Hold,Hold,Hold,Hold,Hold,Hold,Hold,Hold,Hold,Hold,0.2855028139117857,0.8010946381436029
30/9/2022,136.0523376,Hold,Hold,Hold,Hold,Hold,Hold,Hold,Hold,Hold,Hold,0.3458839988708209,0.7341651524823529
3/10/2022,140.2363129,Hold,Hold,Hold,Hold,Hold,Hold,Hold,Hold,Hold,Hold,0.0366302727642352,0.8215351601193548
4/10/2022,143.8296204,Hold,Hold,Hold,Hold,Hold,Hold,Hold,Hold,Hold,Hold,0.3522309201098984,0.6412753127415778
5/10/2022,144.1249237,Hold,Hold,Hold,Hold,Hold,Hold,Hold,Hold,Hold,Hold,0.5471099353892034,0.962303797826087
6/10/2022,143.1699982,Hold,Hold,Hold,Hold,Hold,Hold,Hold,Hold,Hold,Hold,0.5189284034582353,0.7566352652
7/10/2022,137.9129791,Hold,Hold,Hold,Hold,Hold,Hold,Hold,Hold,Hold,Hold,0.4206093522320111,0.6872254823592
10/10/2022,138.237854,Hold,Hold,Hold,Hold,Hold,Hold,Hold,Hold,Hold,Hold,0.2019634508128545,0.9137616145454543
11/10/2022,136.8202362,Hold,Hold,Hold,Hold,Hold,Hold,Hold,Hold,Hold,Hold,0.570997949375,0.6970405263574533
12/10/2022,136.190155,Hold,Hold,Hold,Hold,Hold,Hold,Hold,Hold,Hold,Hold,0.4972332717207544,0.8457078719047618
13/10/2022,140.7679291,Hold,Hold,Hold,Hold,Hold,Hold,Hold,Hold,Hold,Hold,0.6046752239333333,0.7830799122131579
14/10/2022,136.2295685,Hold,Hold,Hold,Hold,Hold,Hold,Hold,Hold,Hold,Hold,0.5993099395409418,0.9849405940909092
17/10/2022,140.1969452,Hold,Hold,Hold,Hold,Hold,Hold,Buy,Hold,Hold,Buy,0.3260742373775867,0.5249644549491087
18/10/2022,141.5160828,Hold,Hold,Hold,Hold,Hold,Hold,Hold,Hold,Hold,Hold,0.447084580781749,0.780414341198174
19/10/2022,141.6244049,Hold,Hold,Hold,Buy,Hold,Buy,Hold,Buy,Buy,Hold,0.2115225336888591,0.6667065503181818
20/10/2022,141.1616974,Hold,Hold,Hold,Hold,Hold,Hold,Hold,Hold,Hold,Hold,0.60194718472301,0.5616686590603925
21/10/2022,144.9814148,Hold,Hold,Hold,Hold,Hold,Hold,Hold,Hold,Hold,Hold,0.393101239635535,0.663343072760606
24/10/2022,147.1275482,Hold,Buy,Hold,Hold,Buy,Buy,Hold,Buy,Hold,Hold,0.7972385039130434,0.7574690891116278
25/10/2022,149.9725952,Hold,Hold,Hold,Hold,Hold,Hold,Hold,Hold,Hold,Hold,0.5859225680497996,0.7707638813094939
26/10/2022,147.0290833,Hold,Hold,Hold,Buy,Hold,Hold,Hold,Hold,Hold,Hold,0.3235618781425005,0.5297214032927818
27/10/2022,142.5497894,Hold,Hold,Hold,Sell,Hold,Hold,Hold,Hold,Buy,Hold,0.3335244055355255,0.5464822635525801
28/10/2022,153.3197937,Hold,Sell,Sell,Sell,Sell,Sell,Sell,Sell,Hold,Sell,0.2028624534874603,0.6888001350842539
31/10/2022,150.9570618,Hold,Buy,Buy,Buy,Hold,Buy,Hold,Hold,Hold,Hold,0.2498483995223257,0.7555978243917219
1/11/2022,148.3088837,Hold,Hold,Hold,Hold,Hold,Hold,Hold,Hold,Hold,Hold,0.5752897795155333,0.9883398177777778
2/11/2022,142.7762146,Hold,Hold,Hold,Hold,Hold,Hold,Hold,Hold,Hold,Hold,0.3454471139156354,0.6985402560714286
3/11/2022,136.7217865,Hold,Sell,Sell,Sell,Sell,Sell,Sell,Sell,Sell,Sell,0.3960514144699883,0.7795089308978074
4/11/2022,136.4555206,Hold,Hold,Hold,Hold,Hold,Hold,Hold,Hold,Hold,Hold,0.4071865553848465,0.5636888030644445
7/11/2022,136.9880219,Hold,Hold,Hold,Hold,Hold,Hold,Hold,Hold,Hold,Hold,-0.1720291592443182,0.274130981023125
8/11/2022,137.559967,Hold,Hold,Hold,Hold,Hold,Hold,Hold,Hold,Hold,Hold,0.2084856031249999,0.8307245560000001
9/11/2022,132.9943542,Hold,Hold,Hold,Hold,Hold,Hold,Hold,Hold,Hold,Hold,0.4463050547647368,0.9293555733333332
10/11/2022,144.8274689,Hold,Hold,Hold,Hold,Hold,Hold,Hold,Hold,Hold,Hold,0.3054987275194935,0.8395363315000001
11/11/2022,147.618103,Hold,Buy,Buy,Buy,Buy,Buy,Buy,Buy,Hold,Buy,0.4992045425075765,0.862730465909091
14/11/2022,146.217865,Hold,Hold,Hold,Hold,Hold,Hold,Hold,Hold,Hold,Hold,0.3086814811166666,0.7717032735008332
15/11/2022,147.9533691,Hold,Hold,Hold,Hold,Hold,Hold,Hold,Hold,Hold,Hold,0.8320247870872222,0.72053405332384
16/11/2022,146.7207642,Hold,Hold,Hold,Hold,Hold,Hold,Hold,Hold,Hold,Hold,0.6870478221194445,0.8503503224
17/11/2022,148.6239624,Hold,Hold,Hold,Hold,Hold,Hold,Hold,Hold,Hold,Hold,0.5085168468761351,0.99892656125
18/11/2022,149.1859894,Hold,Hold,Hold,Hold,Hold,Hold,Hold,Hold,Hold,Hold,-0.2636121003477691,0.9422339936666666
21/11/2022,145.9515991,Hold,Hold,Hold,Hold,Hold,Hold,Hold,Hold,Hold,Hold,0.5075507812857143,0.5615282190909091
22/11/2022,148.0914612,Hold,Hold,Hold,Hold,Hold,Hold,Hold,Hold,Hold,Hold,0.259906124675,0.6878525846842105
23/11/2022,148.9690857,Hold,Hold,Hold,Hold,Hold,Hold,Hold,Hold,Hold,Hold,0.2382875844276477,0.8488874576904546
25/11/2022,146.0502167,Hold,Hold,Hold,Hold,Hold,Hold,Hold,Hold,Buy,Hold,0.3268476067391304,0.75108858645575
28/11/2022,142.214325,Hold,Hold,Sell,Sell,Hold,Sell,Sell,Sell,Hold,Hold,-0.1643178112449798,0.6320346331372548
29/11/2022,139.2067566,Hold,Sell,Hold,Hold,Sell,Sell,Sell,Hold,Hold,Sell,0.1081141156301015,0.6837370012633524
30/11/2022,145.9713287,Hold,Hold,Hold,Hold,Sell,Hold,Hold,Sell,Hold,Hold,0.4009995599433333,0.7194863721452491
1/12/2022,146.247467,Hold,Hold,Hold,Buy,Hold,Buy,Hold,Hold,Hold,Hold,0.4252557932754285,0.6869079613086957
2/12/2022,145.7543945,Hold,Hold,Hold,Hold,Hold,Hold,Hold,Hold,Hold,Hold,0.3174443022222222,0.6740944717407408
5/12/2022,144.5908051,Hold,Hold,Hold,Hold,Hold,Hold,Hold,Hold,Hold,Hold,0.5562848805492441,0.8728589003061225
6/12/2022,140.9225616,Hold,Sell,Sell,Sell,Hold,Sell,Hold,Hold,Sell,Hold,0.1031392195166666,0.8478508818181818
7/12/2022,138.97995,Hold,Sell,Sell,Hold,Hold,Hold,Hold,Hold,Hold,Hold,0.3281341853222527,0.677111013780875
8/12/2022,140.666153,Hold,Hold,Hold,Hold,Hold,Hold,Hold,Hold,Sell,Hold,0.6733362436,0.5083030033038461
9/12/2022,140.1830139,Hold,Hold,Hold,Hold,Hold,Hold,Hold,Hold,Hold,Hold,0.326541132935,0.601353034
12/12/2022,142.4805603,Hold,Hold,Hold,Hold,Hold,Hold,Hold,Hold,Hold,Hold,0.4436771738461538,0.788951209842857
13/12/2022,143.4469604,Hold,Hold,Hold,Hold,Hold,Hold,Hold,Hold,Hold,Hold,0.6775029320409427,0.7448389492352941
14/12/2022,141.218399,Hold,Hold,Hold,Hold,Hold,Buy,Hold,Hold,Hold,Hold,0.7568257237647059,0.8728034747557599
15/12/2022,134.6016998,Hold,Hold,Hold,Hold,Hold,Sell,Hold,Hold,Hold,Hold,0.2680245230283705,0.8857036482352941
16/12/2022,132.6393738,Hold,Hold,Hold,Hold,Hold,Hold,Hold,Hold,Hold,Hold,0.9229336110786938,0.7060165242043478
19/12/2022,130.529129,Hold,Hold,Hold,Hold,Hold,Hold,Hold,Hold,Hold,Hold,0.531523633427892,0.6963522196296297
20/12/2022,130.4600983,Hold,Hold,Hold,Hold,Hold,Hold,Hold,Hold,Hold,Hold,0.6103209144347692,0.7140621297916666
21/12/2022,133.5662994,Hold,Hold,Hold,Hold,Hold,Hold,Hold,Hold,Hold,Hold,0.2072477564674901,0.7245091476521739
22/12/2022,130.3910675,Hold,Hold,Hold,Hold,Hold,Hold,Hold,Hold,Hold,Hold,0.3903242390401333,0.8084513493651332
23/12/2022,130.0261993,Hold,Hold,Hold,Hold,Hold,Hold,Hold,Hold,Hold,Hold,0.4987685510644153,0.8946442333333333
27/12/2022,128.2216797,Hold,Hold,Hold,Hold,Hold,Hold,Hold,Hold,Hold,Hold,-0.0176302729749139,0.7527883398109423
28/12/2022,124.2871552,Hold,Hold,Hold,Hold,Hold,Hold,Hold,Hold,Hold,Hold,-0.066830706363802,0.7763713524047618
29/12/2022,127.8075027,Hold,Hold,Hold,Hold,Hold,Hold,Hold,Hold,Hold,Hold,0.3203858098907226,0.6665790717685979
30/12/2022,128.1230774,Hold,Hold,Hold,Hold,Hold,Hold,Hold,Hold,Hold,Hold,0.3467785176192674,0.8830140261111111
3/1/2023,123.3306427,Hold,Hold,Hold,Hold,Hold,Hold,Hold,Hold,Hold,Hold,0.1791066256024795,0.9347713075
4/1/2023,124.6027145,Buy,Hold,Hold,Hold,Hold,Hold,Hold,Hold,Hold,Hold,0.1896179768499065,0.63915804835
5/1/2023,123.2813339,Buy,Hold,Hold,Hold,Hold,Hold,Hold,Hold,Hold,Hold,0.4727627249609047,0.6323838183333333
6/1/2023,127.8173599,Hold,Hold,Hold,Hold,Hold,Hold,Hold,Hold,Hold,Hold,0.3103171540806677,0.4299571146412333
9/1/2023,128.3400116,Hold,Hold,Hold,Hold,Hold,Hold,Buy,Hold,Hold,Buy,0.3649106012964094,0.7209266833333333
10/1/2023,128.9119415,Hold,Hold,Hold,Hold,Hold,Buy,Hold,Buy,Buy,Hold,0.4808884294591521,0.76279881425
11/1/2023,131.6335602,Hold,Hold,Hold,Hold,Hold,Hold,Hold,Hold,Hold,Hold,0.4290081465587308,0.9103919075
12/1/2023,131.5546875,Hold,Buy,Hold,Hold,Buy,Hold,Hold,Hold,Hold,Hold,0.5895190982753059,
13/1/2023,132.88591,Hold,Hold,Hold,Hold,Hold,Hold,Hold,Hold,Hold,Hold,0.9469631816666668,0.9825957666666666
17/1/2023,134.049469,Hold,Hold,Hold,Hold,Hold,Hold,Hold,Hold,Hold,Hold,0.8243695862328703,0.951921741
18/1/2023,133.3296204,Hold,Hold,Hold,Hold,Hold,Hold,Hold,Hold,Hold,Hold,0.5564517523878215,-0.41666610875
19/1/2023,133.3887939,Hold,Hold,Hold,Hold,Hold,Hold,Hold,Hold,Hold,Hold,0.0516474272709444,0.8231676528888889
20/1/2023,135.9526367,Hold,Hold,Hold,Hold,Hold,Hold,Hold,Hold,Hold,Hold,0.3635887069745461,0.95777434
23/1/2023,139.147583,Hold,Hold,Hold,Hold,Hold,Hold,Hold,Hold,Hold,Hold,0.4188564378716994,0.91653207
24/1/2023,140.5478058,Hold,Hold,Hold,Hold,Hold,Hold,Hold,Hold,Hold,Hold,0.6852824796333333,0.9998183125
25/1/2023,139.8871307,Hold,Hold,Hold,Hold,Hold,Hold,Hold,Hold,Hold,Hold,0.6259289291552865,0.5658823830769231
26/1/2023,141.9579468,Hold,Hold,Hold,Hold,Hold,Hold,Hold,Hold,Hold,Hold,0.00639831722,0.5232145183333333
27/1/2023,143.9005432,Hold,Hold,Hold,Hold,Hold,Hold,Hold,Hold,Hold,Hold,0.5841990084615385,0.7135397633333334
30/1/2023,141.0113068,Hold,Hold,Hold,Hold,Hold,Hold,Hold,Hold,Hold,Hold,0.5889093473377662,0.4869097748617106
31/1/2023,142.2833252,Hold,Hold,Hold,Hold,Hold,Hold,Hold,Hold,Hold,Hold,0.1195844829358494,0.6238181089625
1/2/2023,143.4075165,Hold,Hold,Hold,Hold,Hold,Hold,Hold,Hold,Hold,Hold,0.2793152160790476,0.4942542625
2/2/2023,148.7225494,Hold,Hold,Hold,Hold,Hold,Hold,Hold,Hold,Hold,Hold,-0.0066286031848678,0.3533545129462083
3/2/2023,152.3513489,Hold,Hold,Hold,Hold,Hold,Hold,Hold,Hold,Hold,Hold,-0.0703339715964667,0.334850884868
6/2/2023,149.6198883,Hold,Hold,Hold,Hold,Hold,Hold,Hold,Hold,Hold,Hold,0.361174154,0.280144739753347
7/2/2023,152.4992676,Hold,Hold,Hold,Hold,Hold,Hold,Hold,Hold,Hold,Hold,0.1010197041059709,0.0739139166666666
8/2/2023,149.8072357,Hold,Hold,Hold,Hold,Hold,Hold,Hold,Hold,Hold,Hold,0.4443175588321251,0.9665657
9/2/2023,148.7718353,Hold,Hold,Hold,Hold,Hold,Hold,Hold,Hold,Hold,Hold,0.6539516288888889,0.5382847607084795
10/2/2023,149.1372681,Hold,Hold,Hold,Hold,Hold,Hold,Hold,Hold,Hold,Hold,0.4306328505571562,0.9996557033333334
13/2/2023,151.9420471,Hold,Hold,Hold,Hold,Hold,Hold,Hold,Hold,Hold,Hold,0.6214073619989893,0.99920565
14/2/2023,151.3001099,Hold,Hold,Hold,Hold,Hold,Hold,Hold,Hold,Hold,Hold,0.3012986091170977,0.99998134
15/2/2023,153.4037018,Hold,Hold,Hold,Hold,Hold,Hold,Hold,Hold,Hold,Hold,0.8823104609090909,0.9678150533333332
16/2/2023,151.8037567,Hold,Hold,Hold,Hold,Hold,Hold,Hold,Hold,Hold,Hold,0.5126800646721851,0.99582384
17/2/2023,150.6581573,Hold,Hold,Hold,Hold,Hold,Hold,Hold,Hold,Hold,Hold,0.6874589223076922,0.8064258040000001
21/2/2023,146.6386108,Hold,Hold,Hold,Hold,Hold,Hold,Sell,Hold,Hold,Sell,0.557842352,0.9643994975
22/2/2023,147.0632935,Hold,Hold,Hold,Hold,Sell,Sell,Hold,Sell,Sell,Hold,0.3777634323966667,0.99970984
23/2/2023,147.5472412,Hold,Hold,Hold,Hold,Buy,Buy,Hold,Buy,Hold,Hold,0.6050292450066487,-0.469852023
24/2/2023,144.8905945,Hold,Hold,Hold,Hold,Sell,Hold,Hold,Hold,Hold,Hold,0.4655280778862222,0.605478292
27/2/2023,146.085556,Hold,Hold,Hold,Hold,Hold,Hold,Hold,Hold,Hold,Hold,0.1244258939992642,0.49882057664
28/2/2023,145.5819092,Hold,Hold,Hold,Hold,Hold,Hold,Hold,Hold,Hold,Hold,0.2381994550986956,0.99996847
1/3/2023,143.5079498,Hold,Hold,Hold,Hold,Hold,Hold,Hold,Hold,Hold,Hold,0.4908352737545454,0.28512985
2/3/2023,144.1005096,Hold,Hold,Hold,Hold,Hold,Hold,Hold,Hold,Sell,Hold,0.47774266527338,0.7989256484
3/3/2023,149.1570129,Hold,Hold,Hold,Hold,Hold,Hold,Hold,Hold,Hold,Hold,0.5423098786519831,0.7883620775
6/3/2023,151.9223175,Hold,Hold,Hold,Hold,Buy,Buy,Hold,Buy,Hold,Hold,0.4772206541597702,0.7486522194687499
7/3/2023,149.7199402,Hold,Hold,Hold,Hold,Hold,Hold,Hold,Hold,Hold,Hold,0.6539468884269091,0.5439795020925999
8/3/2023,150.9741821,Hold,Hold,Hold,Hold,Hold,Hold,Hold,Hold,Hold,Hold,0.3093150606247953,0.6069026319999999
9/3/2023,148.7224731,Hold,Hold,Hold,Hold,Buy,Hold,Hold,Buy,Hold,Hold,0.5581335906774756,0.50033449915
10/3/2023,146.6583862,Hold,Hold,Hold,Hold,Hold,Hold,Hold,Hold,Hold,Hold,0.3580082172055555,0.9985367
13/3/2023,148.6039429,Hold,Hold,Hold,Hold,Hold,Sell,Hold,Hold,Hold,Hold,0.4308119747806209,0.9994528
14/3/2023,150.6976776,Hold,Hold,Hold,Hold,Hold,Buy,Buy,Hold,Buy,Buy,0.3178866858081818,0.8248346433333333
15/3/2023,151.0927124,Hold,Hold,Hold,Hold,Hold,Hold,Hold,Hold,Hold,Hold,0.0954298657712061,0.0076630654903999
16/3/2023,153.9172058,Hold,Hold,Hold,Hold,Hold,Hold,Hold,Hold,Hold,Hold,0.375046182189625,0.836701287
17/3/2023,153.077774,Hold,Hold,Hold,Hold,Hold,Hold,Hold,Hold,Hold,Hold,0.4961090129923933,0.9984378
20/3/2023,155.447998,Hold,Hold,Hold,Hold,Hold,Hold,Hold,Hold,Hold,Hold,0.500302771285,0.4035735485627444
21/3/2023,157.3047028,Hold,Hold,Hold,Hold,Hold,Hold,Hold,Hold,Hold,Hold,0.5162386091666666,0.65732061761372
22/3/2023,155.8726807,Hold,Hold,Hold,Hold,Hold,Hold,Hold,Hold,Hold,Hold,0.2029324064198063,0.9827996733333334
23/3/2023,156.9590302,Hold,Hold,Hold,Hold,Hold,Hold,Hold,Hold,Hold,Hold,0.3315900233769321,0.0027689075865
24/3/2023,158.2626648,Hold,Hold,Hold,Hold,Hold,Hold,Hold,Hold,Hold,Hold,0.3924647269238619,0.5073371006779367
27/3/2023,156.3170929,Hold,Hold,Hold,Hold,Hold,Hold,Hold,Hold,Hold,Hold,0.8333039576189076,0.27251281
28/3/2023,155.6949005,Hold,Hold,Hold,Hold,Hold,Hold,Hold,Hold,Hold,Hold,0.796828411572436,0.5791329949999999
29/3/2023,158.7761993,Hold,Hold,Hold,Hold,Hold,Hold,Hold,Hold,Hold,Hold,0.2827103782129062,0.98057871
30/3/2023,160.3464966,Hold,Hold,Hold,Hold,Hold,Hold,Hold,Hold,Hold,Hold,0.6712536140583334,0.33380829
31/3/2023,162.8550262,Hold,Hold,Hold,Hold,Hold,Hold,Hold,Hold,Hold,Hold,0.2722519673862438,0.4943199502126
3/4/2023,164.1092377,Hold,Hold,Hold,Hold,Hold,Hold,Hold,Hold,Hold,Hold,0.5913063743678572,0.9874071
4/4/2023,163.5759735,Hold,Hold,Hold,Hold,Hold,Hold,Hold,Hold,Hold,Hold,0.8565443336403553,0.9351847825
5/4/2023,161.7291412,Hold,Hold,Hold,Hold,Hold,Hold,Hold,Hold,Hold,Hold,0.4902430662970048,0.9133056466666668
6/4/2023,162.617981,Sell,Hold,Hold,Hold,Hold,Hold,Hold,Hold,Hold,Hold,0.584835886407,0.041891396988
10/4/2023,160.0205841,Hold,Hold,Hold,Hold,Hold,Hold,Hold,Hold,Hold,Hold,-0.256309261938312,0.08172487
11/4/2023,158.8058624,Hold,Hold,Hold,Hold,Hold,Hold,Sell,Hold,Hold,Hold,0.63054847659823,0.724978015
12/4/2023,158.1145477,Hold,Hold,Hold,Hold,Hold,Hold,Sell,Sell,Hold,Hold,-0.1234342660235294,0.7251998750072629
13/4/2023,163.5068207,Hold,Hold,Hold,Hold,Hold,Hold,Hold,Hold,Hold,Hold,0.6384609400510732,0.5000352150375
14/4/2023,163.1611786,Hold,Hold,Hold,Hold,Hold,Hold,Buy,Buy,Hold,Hold,0.5204547337108572,0.4747686698746154
17/4/2023,163.1808929,Hold,Hold,Hold,Hold,Hold,Hold,Hold,Sell,Hold,Hold,0.6581003939973893,0.8210153502029565
18/4/2023,164.4055481,Hold,Hold,Hold,Hold,Hold,Hold,Hold,Hold,Hold,Hold,0.6004687034770296,0.5246057277583334
19/4/2023,165.5511627,Hold,Hold,Hold,Hold,Hold,Hold,Buy,Hold,Hold,Hold,0.8837843067143639,0.508441165966
20/4/2023,164.5832672,Hold,Hold,Hold,Hold,Hold,Hold,Sell,Hold,Hold,Hold,0.4829569299336436,0.2430004449052999
21/4/2023,162.9735107,Hold,Hold,Hold,Hold,Hold,Hold,Hold,Buy,Hold,Hold,0.7499985136311615,0.7748225914278001
24/4/2023,163.2796631,Hold,Hold,Hold,Hold,Hold,Hold,Hold,Hold,Hold,Hold,0.7373764076080626,0.9987742775
25/4/2023,161.7389984,Hold,Hold,Hold,Hold,Hold,Hold,Hold,Hold,Hold,Hold,0.5315124232263545,0.3790275976
26/4/2023,161.7291412,Hold,Hold,Hold,Hold,Hold,Hold,Sell,Hold,Hold,Hold,0.4961946990421745,0.4277500957142857
27/4/2023,166.3214569,Hold,Hold,Hold,Hold,Hold,Hold,Hold,Hold,Hold,Hold,0.5996975297203333,0.5263053116637499
28/4/2023,167.5757294,Hold,Hold,Hold,Hold,Hold,Hold,Buy,Hold,Hold,Hold,0.4709751378610977,0.5336132832081818
1/5/2023,167.4868622,Hold,Hold,Hold,Hold,Hold,Hold,Buy,Hold,Hold,Hold,0.5152505639278694,0.9969769744444444
2/5/2023,166.4498444,Hold,Hold,Hold,Hold,Hold,Hold,Sell,Hold,Hold,Hold,0.520964082547875,0.272238078
3/5/2023,165.3733673,Hold,Hold,Hold,Hold,Hold,Hold,Hold,Hold,Hold,Hold,0.3464677759706224,0.5127483578833921
4/5/2023,163.733963,Hold,Hold,Hold,Hold,Hold,Hold,Hold,Hold,Hold,Hold,0.1748112777018962,0.4752510034904762
5/5/2023,171.4174957,Hold,Hold,Hold,Hold,Hold,Hold,Hold,Hold,Hold,Hold,0.2482150495238464,0.5842587202946429
8/5/2023,171.3483429,Hold,Hold,Hold,Hold,Hold,Hold,Hold,Hold,Hold,Hold,0.6307968086153846,0.4391923828140954
9/5/2023,169.6398163,Hold,Hold,Hold,Hold,Hold,Hold,Hold,Hold,Hold,Hold,0.5080932300708715,0.8713723420000001
10/5/2023,171.4076233,Hold,Hold,Hold,Hold,Hold,Hold,Hold,Hold,Hold,Hold,0.4300845318974,0.7608703336783332
11/5/2023,171.5952454,Hold,Hold,Hold,Hold,Hold,Hold,Hold,Hold,Hold,Hold,0.0396994293333333,0.81300832
12/5/2023,170.6656342,Hold,Hold,Hold,Hold,Hold,Hold,Hold,Hold,Hold,Hold,0.7471842399681072,0.560458232301175
15/5/2023,170.1711426,Hold,Hold,Hold,Hold,Hold,Hold,Hold,Hold,Hold,Hold,0.3543265510632307,0.5705683437528571
16/5/2023,170.1711426,Hold,Hold,Hold,Hold,Hold,Hold,Sell,Hold,Hold,Hold,0.3789746317133333,0.9520364175
17/5/2023,170.7842865,Hold,Hold,Hold,Hold,Hold,Hold,Hold,Hold,Hold,Hold,0.4625061259699999,0.1423639360285714
18/5/2023,173.1182556,Hold,Hold,Hold,Hold,Hold,Hold,Buy,Hold,Hold,Hold,0.8909495247647059,0.99017033
19/5/2023,173.2270508,Hold,Hold,Hold,Hold,Hold,Hold,Hold,Hold,Hold,Hold,0.5314383933111765,0.9994094033333332
22/5/2023,172.2776337,Hold,Hold,Hold,Hold,Hold,Hold,Sell,Hold,Hold,Hold,0.462798505076923,0.6380978983333333
23/5/2023,169.666748,Hold,Hold,Hold,Hold,Hold,Hold,Hold,Hold,Hold,Hold,0.5350633138654377,0.8940596799999999
24/5/2023,169.9436798,Hold,Hold,Hold,Hold,Hold,Hold,Hold,Hold,Hold,Hold,0.601051337528482,0.4125962321333333
25/5/2023,171.0810089,Hold,Hold,Hold,Hold,Hold,Hold,Hold,Hold,Hold,Hold,0.752121045,0.960913495
26/5/2023,173.4940491,Hold,Hold,Hold,Hold,Hold,Hold,Buy,Hold,Hold,Hold,0.9093855042857144,0.8635730883333333
30/5/2023,175.3434448,Hold,Hold,Hold,Hold,Hold,Hold,Hold,Hold,Hold,Hold,0.7044640428571428,0.85817087242555
31/5/2023,175.2939606,Hold,Hold,Hold,Hold,Hold,Hold,Hold,Hold,Hold,Hold,0.6129429245710999,0.75641605025
1/6/2023,178.1026154,Hold,Hold,Hold,Hold,Hold,Hold,Hold,Hold,Hold,Hold,0.8167684725015847,0.65850825971828
2/6/2023,178.9531555,Hold,Hold,Hold,Hold,Hold,Hold,Hold,Hold,Hold,Hold,0.4066300818413064,0.6187504830765264
5/6/2023,177.5982513,Hold,Hold,Hold,Hold,Hold,Hold,Hold,Hold,Hold,Hold,0.5072549937843315,0.6321624841228959
6/6/2023,177.2323456,Hold,Hold,Hold,Hold,Hold,Hold,Hold,Hold,Hold,Hold,0.380147625893332,0.5675461608303407
7/6/2023,175.8576965,Hold,Hold,Hold,Hold,Hold,Hold,Hold,Hold,Hold,Hold,0.5496037294711913,0.7537646171453045
8/6/2023,178.5773315,Hold,Hold,Hold,Hold,Hold,Hold,Hold,Hold,Hold,Hold,0.50495451575625,0.7232896157142857
9/6/2023,178.963028,Hold,Hold,Hold,Hold,Hold,Hold,Hold,Hold,Hold,Hold,0.2748810704557394,0.9937823427272726
12/6/2023,181.761795,Hold,Hold,Hold,Hold,Hold,Hold,Hold,Hold,Hold,Hold,0.56495019225784,0.49993939639425
13/6/2023,181.2870789,Hold,Hold,Hold,Hold,Hold,Hold,Hold,Hold,Hold,Hold,0.3511763615525077,0.96906715
14/6/2023,181.9200287,Hold,Hold,Hold,Hold,Hold,Hold,Hold,Hold,Hold,Hold,0.7704397400851059,0.499292512711158
15/6/2023,183.9573059,Hold,Hold,Hold,Hold,Hold,Hold,Hold,Hold,Hold,Hold,0.5005012818980878,0.99970816
16/6/2023,182.8793335,Hold,Hold,Hold,Hold,Hold,Hold,Hold,Hold,Hold,Hold,0.59992071,0.5530837775736722
20/6/2023,182.9683533,Hold,Hold,Hold,Hold,Hold,Hold,Hold,Hold,Hold,Hold,0.7378916536540675,0.6842971676666667
21/6/2023,181.9299316,Hold,Hold,Hold,Hold,Hold,Hold,Hold,Hold,Hold,Hold,0.66237729,0.993430952
22/6/2023,184.9364014,Hold,Hold,Hold,Hold,Hold,Hold,Hold,Hold,Hold,Hold,0.6603840247878333,0.9996674
23/6/2023,184.6199036,Hold,Hold,Hold,Hold,Hold,Hold,Hold,Hold,Hold,Hold,0.3948124939833448,0.4438982175
26/6/2023,183.2254486,Hold,Hold,Hold,Hold,Hold,Hold,Hold,Hold,Hold,Hold,0.8613916367856667,0.9897351
27/6/2023,185.9846802,Hold,Hold,Hold,Hold,Hold,Hold,Hold,Hold,Hold,Hold,0.2983722161184795,0.9969909
28/6/2023,187.1615448,Hold,Hold,Hold,Hold,Hold,Hold,Hold,Hold,Hold,Hold,0.2355878252090052,0.8357489040000001
29/6/2023,187.497818,Hold,Hold,Hold,Hold,Hold,Hold,Hold,Hold,Hold,Hold,0.5390086461840838,0.69685358
30/6/2023,191.8294525,Hold,Hold,Hold,Hold,Hold,Hold,Hold,Hold,Hold,Hold,0.5787970788359612,0.6533443316666666
3/7/2023,190.3361359,Hold,Hold,Hold,Hold,Hold,Hold,Hold,Hold,Hold,Hold,0.2574029423652478,0.639606944588585
5/7/2023,189.2185822,Hold,Hold,Hold,Hold,Hold,Hold,Hold,Hold,Hold,Hold,0.3800239942321888,0.4114683393436878
6/7/2023,189.6932983,Hold,Hold,Hold,Hold,Hold,Hold,Hold,Hold,Hold,Hold,0.5451252268922222,
7/7/2023,188.5757751,Hold,Hold,Hold,Hold,Hold,Hold,Hold,Hold,Hold,Hold,0.6635484786217597,0.9905001
10/7/2023,186.5286102,Hold,Hold,Hold,Hold,Hold,Hold,Sell,Hold,Hold,Hold,0.33346689867638,-0.0169034416666666
11/7/2023,186.0044708,Hold,Hold,Hold,Hold,Hold,Hold,Hold,Sell,Hold,Hold,0.4611962446459645,-0.21507213
12/7/2023,187.675827,Hold,Hold,Hold,Hold,Hold,Hold,Hold,Hold,Hold,Hold,0.646532080926516,0.99690625
13/7/2023,188.4373016,Hold,Hold,Hold,Hold,Hold,Hold,Hold,Buy,Hold,Hold,0.6983182592,0.6366888459
14/7/2023,188.5856476,Hold,Hold,Hold,Hold,Hold,Hold,Hold,Hold,Hold,Hold,0.5317183,-0.0868539924999999
17/7/2023,191.8492432,Sell,Hold,Hold,Hold,Hold,Hold,Hold,Hold,Hold,Hold,0.2088167043176833,0.735869039
18/7/2023,191.5921173,Hold,Hold,Hold,Hold,Hold,Hold,Hold,Hold,Hold,Hold,0.6536836340704402,0.847188919
19/7/2023,192.946991,Hold,Hold,Hold,Hold,Hold,Hold,Hold,Hold,Hold,Hold,0.7597584233156061,0.9998127666666666
20/7/2023,190.9987488,Hold,Hold,Hold,Hold,Hold,Hold,Hold,Hold,Hold,Hold,0.3172938754960572,0.791264032
21/7/2023,189.8218842,Hold,Hold,Hold,Hold,Hold,Hold,Hold,Hold,Hold,Hold,0.4582558204107272,0.7996595039032
24/7/2023,190.6229095,Hold,Hold,Hold,Hold,Hold,Hold,Hold,Hold,Hold,Hold,0.2829453019975235,0.9998244
25/7/2023,191.4833221,Hold,Hold,Hold,Hold,Hold,Hold,Hold,Hold,Hold,Hold,-0.1315650792025459,0.1429799562388415
26/7/2023,192.3536072,Hold,Hold,Hold,Hold,Hold,Hold,Hold,Hold,Hold,Hold,0.4277300150840908,0.8627604435646999
27/7/2023,191.0877075,Hold,Hold,Hold,Hold,Hold,Hold,Hold,Hold,Hold,Hold,0.7347573133333333,0.7129162616666666
28/7/2023,193.6689453,Sell,Hold,Hold,Hold,Hold,Hold,Hold,Hold,Hold,Hold,0.4497087908056714,0.436371215
31/7/2023,194.282074,Sell,Hold,Hold,Hold,Hold,Hold,Hold,Hold,Hold,Hold,0.8461486717608157,0.7550404430000001
1/8/2023,193.451355,Hold,Hold,Hold,Hold,Hold,Hold,Hold,Hold,Hold,Hold,0.5155934021155933,0.5860806949933334
2/8/2023,190.4547882,Hold,Hold,Hold,Hold,Hold,Hold,Hold,Hold,Hold,Hold,0.7084061557239733,0.7286711936363637
3/8/2023,189.0603333,Hold,Hold,Sell,Sell,Hold,Sell,Hold,Sell,Sell,Hold,0.0177265077324279,0.4693902767231818
4/8/2023,179.9816589,Hold,Sell,Hold,Hold,Sell,Hold,Hold,Hold,Hold,Hold,-0.0759217358876733,0.5987867011653026
7/8/2023,176.8763123,Hold,Hold,Hold,Hold,Hold,Hold,Hold,Hold,Hold,Hold,0.0141043290121029,0.2897095158333333
8/8/2023,177.8158417,Hold,Hold,Hold,Hold,Hold,Hold,Hold,Hold,Hold,Hold,0.7194661789015706,0.6064235255040137
9/8/2023,176.2236176,Hold,Hold,Hold,Hold,Hold,Hold,Hold,Hold,Hold,Hold,0.5861849808380952,0.7013732321584616
10/8/2023,176.0060425,Hold,Hold,Hold,Hold,Hold,Hold,Hold,Hold,Hold,Hold,0.5748519281171862,0.69429655825
11/8/2023,176.0654449,Hold,Hold,Hold,Hold,Hold,Hold,Hold,Hold,Hold,Hold,0.7088419871428571,0.7544325635416667
14/8/2023,177.7192383,Hold,Hold,Hold,Hold,Hold,Hold,Hold,Hold,Hold,Hold,0.3788086146792682,-0.8932873266666667
15/8/2023,175.7287445,Hold,Hold,Hold,Hold,Hold,Hold,Hold,Hold,Hold,Hold,0.689893466236923,0.8098772625
16/8/2023,174.8572845,Hold,Hold,Hold,Hold,Hold,Hold,Hold,Hold,Hold,Hold,0.9549197745454544,0.7682484782625725
17/8/2023,172.3122101,Hold,Hold,Hold,Hold,Hold,Hold,Hold,Hold,Hold,Hold,0.3859834597230769,0.96629035
18/8/2023,172.7974701,Hold,Hold,Hold,Hold,Hold,Hold,Hold,Hold,Hold,Hold,0.9957527816666666,0.5488697941675
21/8/2023,174.1343536,Buy,Hold,Hold,Hold,Hold,Hold,Hold,Hold,Hold,Hold,0.5095666605492307,0.6927935688888889
22/8/2023,175.5108948,Buy,Hold,Hold,Hold,Hold,Hold,Hold,Hold,Hold,Hold,0.6043035449999999,0.4335837247558256
23/8/2023,179.3631287,Hold,Hold,Hold,Hold,Hold,Hold,Hold,Hold,Hold,Hold,0.6980259330333333,0.6662825777940969
24/8/2023,174.6691132,Hold,Hold,Buy,Buy,Hold,Buy,Buy,Buy,Buy,Hold,0.6282065976510091,0.9213007657769232
25/8/2023,176.8774872,Hold,Hold,Hold,Hold,Hold,Hold,Hold,Hold,Hold,Buy,0.6219472956584,0.2398825791521499
28/8/2023,178.4421844,Hold,Hold,Buy,Buy,Hold,Buy,Hold,Buy,Buy,Hold,0.5161610343918125,0.99929844
29/8/2023,182.3340302,Hold,Hold,Hold,Hold,Hold,Hold,Hold,Hold,Hold,Hold,0.9975251886666666,0.6674234415333333
30/8/2023,185.8298035,Hold,Buy,Hold,Hold,Buy,Hold,Hold,Hold,Hold,Hold,0.5899045842187534,0.9867936466666666
31/8/2023,186.0476685,Hold,Hold,Hold,Hold,Hold,Hold,Hold,Hold,Hold,Hold,0.4817758287996264,0.657948124
1/9/2023,187.6222534,Hold,Hold,Hold,Hold,Hold,Hold,Hold,Hold,Hold,Hold,0.6555386986640362,0.499737825
5/9/2023,187.8599243,Sell,Hold,Hold,Hold,Hold,Hold,Hold,Hold,Hold,Hold,0.6089612435256329,-0.03488519
6/9/2023,181.135788,Hold,Hold,Hold,Hold,Hold,Hold,Hold,Hold,Hold,Hold,-0.0690877129467891,0.5859938371666668
7/9/2023,175.837677,Hold,Sell,Sell,Sell,Sell,Sell,Sell,Sell,Hold,Sell,-0.1125122367787052,0.1800341771484923
8/9/2023,176.4516449,Hold,Hold,Hold,Hold,Hold,Hold,Hold,Hold,Hold,Hold,0.1497895148800178,0.4652423246821182
11/9/2023,177.620224,Hold,Hold,Hold,Hold,Hold,Hold,Hold,Hold,Hold,Hold,0.6150916397151883,0.81946754805
12/9/2023,174.5899048,Hold,Hold,Hold,Hold,Hold,Hold,Sell,Hold,Hold,Hold,0.3989523324686915,0.8926742653333333
13/9/2023,172.5201874,Hold,Hold,Hold,Hold,Hold,Hold,Hold,Hold,Hold,Hold,0.3551682893239252,0.5888449060866349
14/9/2023,174.0353241,Hold,Hold,Hold,Hold,Hold,Hold,Hold,Sell,Hold,Hold,0.3481327788744737,0.524392677696055
15/9/2023,173.3123779,Hold,Hold,Hold,Hold,Hold,Hold,Hold,Hold,Hold,Hold,0.4819034314683844,0.5377129228636364
18/9/2023,176.2437134,Hold,Hold,Hold,Hold,Hold,Hold,Hold,Hold,Hold,Hold,0.4505143128783577,0.4006892493024481
19/9/2023,177.3330383,Hold,Hold,Hold,Hold,Hold,Hold,Hold,Hold,Hold,Hold,0.400675410390177,0.6626493115857144
20/9/2023,173.7877502,Hold,Hold,Hold,Hold,Hold,Hold,Hold,Hold,Hold,Hold,0.4829165925686013,0.9469401614285714
21/9/2023,172.2428741,Hold,Hold,Hold,Hold,Hold,Hold,Hold,Hold,Hold,Hold,0.1897893682050126,0.8751122979205739
22/9/2023,173.0945282,Hold,Hold,Hold,Hold,Hold,Hold,Hold,Hold,Hold,Hold,0.6297329965208226,0.34460222
25/9/2023,174.3720245,Hold,Hold,Hold,Hold,Hold,Hold,Hold,Hold,Hold,Hold,-0.130789879638944,0.65352274
26/9/2023,170.292038,Hold,Hold,Hold,Hold,Hold,Hold,Hold,Hold,Hold,Hold,0.6040217790837056,0.7334621133333333
27/9/2023,168.776825,Hold,Hold,Hold,Hold,Hold,Hold,Hold,Hold,Hold,Hold,0.4789471838972174,0.908011
28/9/2023,169.034317,Hold,Hold,Hold,Hold,Hold,Hold,Hold,Hold,Hold,Hold,0.3795153304347826,0.3708134902787499
29/9/2023,169.5492706,Hold,Hold,Hold,Hold,Hold,Hold,Hold,Hold,Hold,Hold,0.560729779417375,0.8797076853000001
2/10/2023,172.0646515,Hold,Hold,Hold,Hold,Hold,Hold,Hold,Hold,Hold,Hold,0.52507576710264,0.6906147574227933
3/10/2023,170.7277374,Hold,Hold,Hold,Hold,Hold,Hold,Hold,Hold,Hold,Hold,0.6951442199095575,0.08753407
4/10/2023,171.9755096,Hold,Hold,Hold,Hold,Hold,Hold,Buy,Hold,Hold,Buy,0.2268983695999273,0.5055481916
5/10/2023,173.2133942,Hold,Hold,Hold,Hold,Hold,Hold,Hold,Hold,Hold,Hold,0.5134817555300563,0.9821162
6/10/2023,175.7683716,Hold,Hold,Buy,Buy,Hold,Buy,Hold,Buy,Buy,Hold,0.7315684769375,0.991097096
9/10/2023,177.2538147,Hold,Buy,Hold,Hold,Buy,Hold,Hold,Hold,Hold,Hold,0.149117348346515,-0.000473705
10/10/2023,176.6596222,Hold,Hold,Hold,Hold,Hold,Hold,Hold,Hold,Hold,Hold,0.2815300078700561,0.7272682915866667
11/10/2023,178.0559692,Hold,Hold,Hold,Hold,Hold,Hold,Hold,Hold,Hold,Hold,0.420672472418676,-0.0033949799999999
12/10/2023,178.9571381,Hold,Hold,Hold,Hold,Hold,Hold,Hold,Hold,Hold,Hold,-0.49986705,0.9972229225
13/10/2023,177.1151733,Hold,Hold,Hold,Hold,Hold,Hold,Hold,Hold,Hold,Hold,0.900131465,0.7337579759999999
16/10/2023,176.9864349,Hold,Hold,Hold,Hold,Hold,Hold,Hold,Hold,Hold,Hold,0.3878161637053295,0.4918306769066838
17/10/2023,175.4316406,Hold,Hold,Hold,Hold,Hold,Hold,Hold,Hold,Hold,Hold,0.1700156999757193,0.7445848770389282
18/10/2023,174.1343536,Hold,Hold,Sell,Sell,Hold,Sell,Sell,Sell,Hold,Hold,0.4280624628571429,0.6756480225
19/10/2023,173.7580566,Hold,Sell,Hold,Hold,Sell,Hold,Hold,Hold,Hold,Sell,0.2779909784007961,0.290704735
20/10/2023,171.2030792,Hold,Hold,Hold,Hold,Hold,Hold,Hold,Hold,Hold,Hold,0.5278540089473684,0.50419186
23/10/2023,171.3218842,Hold,Hold,Hold,Hold,Hold,Hold,Hold,Hold,Hold,Hold,0.24198085678408,0.405427899930242
24/10/2023,171.7576447,Hold,Hold,Hold,Hold,Hold,Hold,Hold,Hold,Hold,Hold,0.4112182772727273,0.98258665
25/10/2023,169.4403381,Hold,Hold,Hold,Hold,Hold,Hold,Hold,Hold,Hold,Hold,0.6897104368124619,0.9527959533333332
26/10/2023,165.2711792,Hold,Hold,Hold,Hold,Hold,Hold,Hold,Hold,Hold,Hold,0.4740158285989556,0.33866575
27/10/2023,166.5882568,Buy,Hold,Hold,Hold,Hold,Hold,Hold,Hold,Hold,Hold,0.5418551963707645,0.3365731391598514
30/10/2023,168.6381836,Hold,Hold,Hold,Hold,Hold,Hold,Hold,Hold,Hold,Hold,0.3823791576574066,0.6652872734999999
31/10/2023,169.1135712,Buy,Hold,Hold,Hold,Hold,Hold,Hold,Hold,Hold,Hold,0.5728242661714965,0.6689914915780791
1/11/2023,172.2825012,Hold,Hold,Hold,Hold,Hold,Hold,Hold,Hold,Hold,Hold,0.5268106847300907,0.38470891034025
2/11/2023,175.8475952,Hold,Buy,Buy,Buy,Buy,Buy,Buy,Buy,Buy,Buy,0.1300196850412279,0.4024863619333333
3/11/2023,174.9364929,Hold,Hold,Hold,Hold,Hold,Hold,Hold,Hold,Hold,Hold,0.117837381962724,0.5695575395693719
6/11/2023,177.4914856,Hold,Hold,Hold,Hold,Hold,Hold,Hold,Hold,Hold,Hold,0.2029456688229325,0.2448514402382941
7/11/2023,180.056366,Hold,Hold,Hold,Hold,Hold,Hold,Hold,Hold,Hold,Hold,0.4146703741943252,0.6756809986666666
8/11/2023,181.1159973,Hold,Hold,Hold,Hold,Hold,Hold,Hold,Hold,Hold,Hold,0.4351977953635598,0.6884220458093855
9/11/2023,180.6406555,Hold,Hold,Hold,Hold,Hold,Hold,Hold,Hold,Hold,Hold,0.3148787682415641,0.149735136
10/11/2023,184.8351135,Hold,Hold,Hold,Hold,Hold,Hold,Hold,Hold,Hold,Hold,0.8858125961111111,0.5627468705
13/11/2023,183.2485504,Hold,Hold,Hold,Hold,Hold,Hold,Hold,Hold,Hold,Hold,0.4072875253883046,0.9995157425
14/11/2023,185.866394,Hold,Hold,Hold,Hold,Hold,Hold,Hold,Hold,Hold,Hold,0.4567879203384812,0.99297953
15/11/2023,186.4315948,Hold,Hold,Hold,Hold,Hold,Hold,Hold,Hold,Hold,Hold,0.7683958058766,0.7144426025
16/11/2023,188.1173553,Hold,Hold,Hold,Hold,Hold,Hold,Hold,Hold,Hold,Hold,0.516866060520035,0.6517679727272223
17/11/2023,188.0974884,Hold,Hold,Hold,Hold,Hold,Hold,Hold,Hold,Hold,Hold,0.4394081189230769,0.8988382
20/11/2023,189.8427429,Hold,Hold,Hold,Hold,Hold,Hold,Hold,Hold,Hold,Hold,0.5039064615448333,-0.9963793
21/11/2023,189.0395203,Hold,Hold,Hold,Hold,Hold,Hold,Hold,Hold,Hold,Hold,0.6369421104722546,0.84444973445445
22/11/2023,189.7038879,Hold,Hold,Hold,Hold,Hold,Hold,Hold,Hold,Hold,Hold,0.639205668436748,0.932583195
24/11/2023,188.3751526,Sell,Hold,Hold,Hold,Hold,Hold,Hold,Hold,Hold,Hold,0.376212337754,0.8460686066666666
27/11/2023,188.1966553,Sell,Hold,Hold,Hold,Hold,Hold,Hold,Hold,Hold,Hold,0.8888017718181818,0.9341159225
28/11/2023,188.8015442,Sell,Hold,Hold,Hold,Hold,Hold,Hold,Hold,Hold,Hold,0.4464230824,0.9975579133333332
29/11/2023,187.7801666,Hold,Hold,Hold,Hold,Hold,Hold,Hold,Hold,Hold,Hold,0.63025030671935,0.6760523616666667
30/11/2023,188.3553314,Sell,Hold,Hold,Hold,Hold,Hold,Hold,Hold,Hold,Hold,0.1363252765049037,0.3861877975
1/12/2023,189.6344757,Hold,Hold,Hold,Hold,Hold,Hold,Hold,Hold,Hold,Hold,0.5864040988055556,0.9956492833333334
4/12/2023,187.8396912,Hold,Hold,Hold,Hold,Hold,Hold,Hold,Hold,Hold,Hold,0.2607156998039351,0.16233119589296
5/12/2023,191.7961731,Hold,Hold,Hold,Hold,Hold,Hold,Hold,Hold,Hold,Hold,0.2955559202689259,0.4848139972825749
6/12/2023,190.7054138,Hold,Hold,Hold,Hold,Hold,Hold,Hold,Hold,Hold,Hold,0.6156808766874382,0.9908694
7/12/2023,192.6390381,Hold,Hold,Hold,Hold,Hold,Hold,Hold,Hold,Hold,Hold,0.2163753946011999,0.954377462
8/12/2023,194.0669556,Hold,Hold,Hold,Hold,Hold,Hold,Hold,Hold,Hold,Hold,0.6025725302235304,0.993497515
11/12/2023,191.5581818,Hold,Hold,Hold,Hold,Hold,Hold,Hold,Hold,Hold,Hold,0.5804695465971894,0.582048722
12/12/2023,193.0753632,Hold,Hold,Hold,Hold,Hold,Hold,Hold,Hold,Hold,Hold,0.2537650645437692,0.692421675
13/12/2023,196.2980652,Hold,Hold,Hold,Hold,Hold,Hold,Hold,Hold,Hold,Hold,0.5051188464376394,0.9176968725
14/12/2023,196.4468231,Hold,Hold,Hold,Hold,Hold,Hold,Hold,Hold,Hold,Hold,0.6237674358675,0.8505388121357144
15/12/2023,195.9113464,Hold,Hold,Hold,Hold,Hold,Hold,Hold,Hold,Hold,Hold,0.5307174865695933,0.962952985
18/12/2023,194.2454529,Hold,Hold,Hold,Hold,Hold,Hold,Hold,Hold,Hold,Hold,0.152799038,0.72944507125
19/12/2023,195.2866516,Hold,Hold,Hold,Hold,Hold,Hold,Sell,Hold,Hold,Sell,0.4862355345833333,0.4189308162025
20/12/2023,193.1943512,Hold,Hold,Hold,Hold,Hold,Hold,Hold,Hold,Hold,Hold,0.7010551146717,0.528143640343
21/12/2023,193.0455933,Hold,Hold,Hold,Sell,Hold,Sell,Hold,Sell,Hold,Hold,-0.1052125882341469,0.9954557466666666
22/12/2023,191.9746857,Hold,Hold,Hold,Hold,Hold,Hold,Hold,Hold,Hold,Hold,0.6275894183117137,0.5629385705328571
26/12/2023,191.4293213,Hold,Hold,Hold,Hold,Hold,Hold,Hold,Hold,Hold,Hold,0.3589949598814138,0.9934758
27/12/2023,191.5284271,Hold,Sell,Hold,Hold,Sell,Hold,Hold,Hold,Hold,Hold,0.4970702223606139,0.8478745514285714
28/12/2023,191.954834,Hold,Hold,Hold,Hold,Sell,Hold,Hold,Hold,Hold,Hold,0.3348074019285017,0.9334824
29/12/2023,190.9136505,Hold,Hold,Hold,Hold,Hold,Hold,Hold,Hold,Hold,Hold,0.1749427189776962,0.79727069
2/1/2024,184.0814972,Hold,Sell,Hold,Hold,Hold,Hold,Hold,Hold,Hold,Hold,-0.3779831686955476,-0.0224300299999999
3/1/2024,182.703186,Hold,Hold,Hold,Hold,Hold,Hold,Hold,Hold,Hold,Hold,0.3997169987304343,0.2826522258222222
4/1/2024,180.3828278,Hold,Hold,Hold,Hold,Hold,Hold,Hold,Hold,Hold,Hold,-0.0408096285025714,0.6776179133333333
5/1/2024,179.6589355,Hold,Hold,Hold,Hold,Hold,Hold,Hold,Hold,Hold,Hold,-0.0473592542243666,0.6493934323333334
8/1/2024,184.0021515,Hold,Hold,Hold,Hold,Hold,Hold,Hold,Hold,Hold,Hold,0.4691294324113084,0.8332758740000001
9/1/2024,183.5856934,Buy,Hold,Hold,Hold,Hold,Hold,Hold,Hold,Hold,Hold,0.2655792855005333,0.793445149139506
10/1/2024,184.6268921,Buy,Hold,Hold,Hold,Hold,Hold,Hold,Hold,Hold,Hold,0.0333038829071508,0.6403984791996667
11/1/2024,184.0319061,Buy,Hold,Hold,Hold,Hold,Hold,Hold,Hold,Hold,Hold,0.4553957128920035,0.99959425
12/1/2024,184.3591309,Buy,Hold,Hold,Hold,Hold,Hold,Hold,Hold,Hold,Hold,0.5333170435063059,0.9990996
16/1/2024,182.0883942,Buy,Hold,Hold,Hold,Hold,Hold,Hold,Hold,Hold,Hold,0.3582135203010275,0.7232225575
17/1/2024,181.1463623,Buy,Hold,Hold,Hold,Hold,Hold,Hold,Hold,Hold,Hold,0.2124620178602322,0.75156985425
18/1/2024,187.0463867,Hold,Hold,Hold,Hold,Hold,Hold,Hold,Hold,Hold,Hold,0.3654854603031333,0.4542439831538462
19/1/2024,189.9517822,Hold,Buy,Buy,Buy,Buy,Buy,Buy,Buy,Buy,Buy,0.5966032854285714,0.9419623014285714
22/1/2024,192.2622528,Hold,Hold,Hold,Hold,Hold,Hold,Hold,Hold,Hold,Hold,0.5019990213799722,0.7136037717236363
23/1/2024,193.5413818,Hold,Hold,Hold,Hold,Hold,Hold,Hold,Hold,Hold,Hold,0.2456058806,0.4571289267142857
24/1/2024,192.8671265,Hold,Hold,Hold,Hold,Hold,Hold,Hold,Hold,Hold,Hold,0.3774867667199666,0.4684671488929578
25/1/2024,192.5399017,Sell,Hold,Hold,Hold,Hold,Hold,Hold,Hold,Hold,Hold,0.3412225067582392,0.52459419962575
26/1/2024,190.8045807,Sell,Hold,Hold,Hold,Hold,Hold,Hold,Hold,Hold,Hold,0.5233355719048571,0.0882824466666666
29/1/2024,190.1203613,Hold,Hold,Hold,Hold,Hold,Hold,Hold,Hold,Hold,Hold,0.8161995883333333,0.4125279021894551
30/1/2024,186.4613495,Hold,Hold,Hold,Hold,Hold,Hold,Hold,Hold,Hold,Hold,0.1048844825913483,0.7394376752222223
31/1/2024,182.8518982,Hold,Sell,Sell,Sell,Sell,Sell,Sell,Sell,Hold,Sell,0.3938553567858561,0.6767766335998501
1/2/2024,185.2912598,Hold,Hold,Hold,Hold,Hold,Hold,Hold,Hold,Hold,Hold,0.1072835805803508,0.7471770264431429
2/2/2024,184.2897339,Hold,Sell,Sell,Hold,Hold,Hold,Hold,Hold,Hold,Hold,0.312901346784706,0.4463929419842903
5/2/2024,186.1043701,Hold,Hold,Hold,Hold,Sell,Hold,Hold,Sell,Hold,Hold,0.4060499623122877,0.2998481260611111
6/2/2024,187.7107544,Hold,Hold,Hold,Hold,Hold,Hold,Hold,Hold,Hold,Hold,0.5103484116611111,0.8578364666666666
7/2/2024,187.81987,Hold,Hold,Hold,Buy,Buy,Buy,Hold,Buy,Hold,Hold,0.6123405887304166,0.2572855525929
8/2/2024,186.7390137,Hold,Hold,Hold,Hold,Hold,Hold,Hold,Hold,Hold,Hold,0.4478129535112333,0.7151199221065522
9/2/2024,187.5035248,Hold,Hold,Hold,Sell,Sell,Sell,Hold,Sell,Sell,Hold,0.3247113075076365,0.6517936017318902
12/2/2024,185.8156128,Hold,Hold,Hold,Buy,Buy,Buy,Hold,Buy,Hold,Hold,0.6121244763636363,0.6819740816666666
13/2/2024,183.7206879,Buy,Hold,Hold,Sell,Sell,Sell,Hold,Sell,Hold,Hold,0.5953604032,0.3931985445639833
14/2/2024,182.8370209,Buy,Hold,Hold,Hold,Hold,Hold,Hold,Hold,Hold,Hold,0.4804055629371428,0.62113182
15/2/2024,182.5490875,Hold,Hold,Hold,Hold,Hold,Hold,Hold,Hold,Hold,Hold,0.8485862773530556,0.6014727365877778
16/2/2024,181.0101318,Hold,Hold,Hold,Hold,Hold,Hold,Hold,Hold,Hold,Hold,0.7398188498571427,0.4280463675785714
20/2/2024,180.2654724,Hold,Hold,Hold,Hold,Hold,Hold,Hold,Hold,Hold,Hold,0.3064664471428571,0.6977062542727274
21/2/2024,181.0200958,Hold,Hold,Hold,Hold,Hold,Hold,Hold,Hold,Hold,Hold,0.6195215040138208,0.294550175904
22/2/2024,183.0554504,Hold,Hold,Hold,Hold,Hold,Hold,Hold,Hold,Hold,Hold,0.2676708788610106,0.972314435
23/2/2024,181.2186432,Hold,Hold,Hold,Hold,Hold,Hold,Hold,Hold,Hold,Hold,0.7997728113296649,0.7670712945753333
26/2/2024,179.8683472,Hold,Hold,Hold,Hold,Hold,Hold,Hold,Hold,Hold,Hold,0.2749051364922265,0.8765068575
27/2/2024,181.3278503,Hold,Hold,Hold,Hold,Hold,Hold,Hold,Hold,Hold,Hold,0.4620649533099506,0.1739359251666666
28/2/2024,180.1264954,Hold,Hold,Hold,Hold,Hold,Hold,Hold,Hold,Hold,Hold,0.3299571935590909,0.6201463296272696
29/2/2024,179.4612732,Hold,Hold,Hold,Hold,Hold,Hold,Hold,Hold,Hold,Hold,-0.0191806639044653,0.6578217266666667
1/3/2024,178.3790436,Hold,Hold,Hold,Hold,Hold,Hold,Hold,Hold,Hold,Hold,0.044987573668421,0.6799325949999999
4/3/2024,173.851532,Hold,Hold,Hold,Hold,Hold,Hold,Hold,Hold,Hold,Hold,-0.0284445223333333,0.7015026541
5/3/2024,168.9070587,Hold,Hold,Hold,Hold,Hold,Hold,Hold,Hold,Hold,Hold,0.00032487628,0.3901370316358333
6/3/2024,167.9141693,Hold,Hold,Hold,Hold,Hold,Hold,Hold,Hold,Hold,Hold,0.3365085290714286,0.5947789030952381
7/3/2024,167.7950287,Hold,Hold,Hold,Hold,Hold,Hold,Hold,Hold,Hold,Hold,0.2910065382772615,0.814642826253
8/3/2024,169.5126953,Hold,Hold,Hold,Hold,Hold,Hold,Hold,Hold,Hold,Hold,0.2073396193753333,0.8731580553009811
11/3/2024,171.5182953,Hold,Hold,Hold,Hold,Hold,Hold,Hold,Hold,Hold,Hold,0.3612065858333333,0.3180482966666667
12/3/2024,171.994873,Hold,Hold,Hold,Hold,Hold,Hold,Hold,Hold,Hold,Hold,0.0096966153717454,0.4287370980330771
13/3/2024,169.9098663,Buy,Hold,Hold,Hold,Hold,Hold,Hold,Hold,Hold,Hold,0.1088929924010572,0.3152737053333333
14/3/2024,171.7665253,Hold,Hold,Hold,Hold,Hold,Hold,Hold,Hold,Hold,Hold,0.3136769012169061,0.69817840694
15/3/2024,171.3892059,Hold,Hold,Hold,Hold,Hold,Hold,Hold,Hold,Hold,Hold,0.4480437760400821,0.6690070366666667
18/3/2024,172.481369,Hold,Hold,Hold,Hold,Hold,Hold,Buy,Hold,Hold,Buy,0.4225265040135278,0.6534939714254285
19/3/2024,174.8245392,Hold,Hold,Hold,Hold,Hold,Hold,Hold,Hold,Hold,Hold,0.69958589310647,0.7539922782836223
20/3/2024,177.3960724,Hold,Hold,Hold,Hold,Buy,Buy,Hold,Buy,Buy,Hold,-0.2122790228256068,-0.1654547633333333
21/3/2024,170.1481323,Hold,Hold,Hold,Hold,Hold,Hold,Hold,Hold,Hold,Hold,-0.195627549008125,0.4224643868647643
22/3/2024,171.0516663,Hold,Hold,Hold,Hold,Sell,Sell,Hold,Sell,Hold,Hold,0.081844512,0.7313979415483087
25/3/2024,169.6318512,Hold,Hold,Hold,Hold,Hold,Hold,Hold,Hold,Hold,Hold,0.3415504758,0.5482576790945125
26/3/2024,168.5,Hold,Hold,Hold,Hold,Hold,Hold,Hold,Hold,Hold,Hold,0.269445146525203,0.5982586839999999
27/3/2024,172.074295,Hold,Hold,Hold,Hold,Hold,Hold,Hold,Hold,Hold,Hold,0.2664523605503942,0.3280719788888889
28/3/2024,170.2573395,Hold,Hold,Hold,Hold,Hold,Hold,Hold,Hold,Buy,Hold,0.3457302447731,0.9992912266666668
1/4/2024,168.8177032,Hold,Hold,Hold,Hold,Hold,Hold,Hold,Sell,Hold,Hold,0.30548496125,0.5011267225
2/4/2024,167.6361542,Hold,Hold,Hold,Hold,Hold,Hold,Hold,Hold,Hold,Hold,0.12116108185875,0.2288005508305505
3/4/2024,168.4403839,Hold,Hold,Hold,Hold,Hold,Hold,Hold,Hold,Hold,Hold,0.0049997276349999,0.6859718922222222
4/4/2024,167.6163483,Hold,Hold,Hold,Hold,Hold,Hold,Hold,Hold,Hold,Hold,0.48540264625,0.6564788573333333
5/4/2024,168.3709106,Hold,Hold,Hold,Hold,Hold,Hold,Hold,Hold,Hold,Hold,0.4346534773031578,0.8030734080749999
8/4/2024,167.2489471,Hold,Hold,Hold,Hold,Hold,Hold,Hold,Hold,Hold,Hold,0.6665398269593378,0.655072367325
9/4/2024,168.4602814,Hold,Hold,Hold,Hold,Hold,Hold,Hold,Hold,Hold,Hold,0.22619789496267,0.5275189336363636
10/4/2024,166.583725,Buy,Hold,Hold,Hold,Hold,Hold,Hold,Hold,Hold,Hold,0.69434514851,0.7440681027242861
11/4/2024,173.7919769,Hold,Hold,Hold,Hold,Hold,Hold,Hold,Hold,Hold,Hold,0.3889887585427278,-2.300000000010627e-06
12/4/2024,175.291214,Hold,Hold,Hold,Buy,Buy,Buy,Hold,Buy,Hold,Hold,0.40609677861116,0.5513462034836676
15/4/2024,171.4587097,Hold,Hold,Hold,Hold,Hold,Hold,Hold,Hold,Hold,Hold,-0.0666292052631579,0.676081523576923
16/4/2024,168.1723328,Hold,Hold,Hold,Sell,Hold,Hold,Hold,Buy,Hold,Hold,0.498297125,0.9418689383333332
17/4/2024,166.8021851,Hold,Hold,Hold,Hold,Sell,Sell,Sell,Sell,Hold,Sell,0.5954993742328667,0.8488045464705882
18/4/2024,165.8490143,Hold,Hold,Hold,Hold,Hold,Hold,Hold,Hold,Hold,Hold,0.3840934869965,0.5256776166666667
19/4/2024,163.8235779,Hold,Hold,Hold,Hold,Hold,Hold,Hold,Hold,Hold,Sell,0.5174206527180952,0.37830963921565
22/4/2024,164.6575775,Hold,Hold,Hold,Hold,Hold,Hold,Hold,Hold,Hold,Hold,0.3001945001324396,0.598512991886
23/4/2024,165.710022,Hold,Hold,Hold,Hold,Hold,Hold,Hold,Hold,Hold,Hold,-0.0463470569611111,0.740349072041515
24/4/2024,167.8149109,Hold,Hold,Hold,Hold,Sell,Hold,Hold,Sell,Hold,Hold,0.40188919888,0.7683927572818731
25/4/2024,168.6786804,Hold,Hold,Buy,Buy,Hold,Buy,Buy,Buy,Buy,Buy,0.2218986411790434,0.3536370929570643
26/4/2024,168.0928955,Hold,Buy,Hold,Hold,Buy,Buy,Hold,Hold,Hold,Hold,0.4926630641842527,0.90626696
29/4/2024,172.2629547,Hold,Hold,Hold,Hold,Hold,Sell,Hold,Hold,Buy,Hold,0.4648284441127624,0.7279061090909091
30/4/2024,169.1155701,Hold,Buy,Hold,Buy,Buy,Buy,Hold,Hold,Sell,Hold,0.0364564976607286,0.2576137681008649
1/5/2024,168.0928955,Hold,Hold,Hold,Sell,Hold,Hold,Hold,Hold,Hold,Hold,0.3735780866090541,0.4937301472027844
2/5/2024,171.7962952,Hold,Hold,Hold,Hold,Hold,Sell,Hold,Hold,Hold,Hold,0.1827150085409392,0.6762665522573391
3/5/2024,182.072525,Hold,Buy,Buy,Buy,Hold,Buy,Hold,Hold,Buy,Hold,-0.0204217426766003,0.6620905904586684
6/5/2024,180.4144135,Hold,Hold,Hold,Hold,Hold,Hold,Hold,Hold,Hold,Hold,0.44251188839725,0.7615616283833333
7/5/2024,181.0995026,Hold,Hold,Hold,Hold,Hold,Hold,Hold,Hold,Hold,Hold,0.6551112859687,0.7297453023809524
8/5/2024,181.437088,Hold,Hold,Hold,Hold,Hold,Hold,Hold,Hold,Hold,Hold,0.4274059276017746,0.599698467075283
9/5/2024,183.2540436,Hold,Hold,Hold,Hold,Hold,Hold,Hold,Hold,Hold,Hold,0.2511489181193515,0.4241411099
10/5/2024,181.9913788,Hold,Hold,Hold,Hold,Hold,Hold,Hold,Hold,Hold,Hold,0.3364411763157894,0.5587402993811338
13/5/2024,185.202713,Hold,Hold,Hold,Hold,Hold,Hold,Hold,Hold,Hold,Hold,0.6379447143404375,0.99628973
14/5/2024,186.3460236,Hold,Hold,Hold,Hold,Hold,Hold,Hold,Hold,Hold,Hold,0.3953205633244692,0.6086407285
15/5/2024,188.6228027,Hold,Hold,Hold,Hold,Hold,Hold,Hold,Hold,Hold,Hold,0.4723563583949166,0.4002262243990006
16/5/2024,188.7421112,Hold,Hold,Hold,Hold,Hold,Hold,Hold,Hold,Hold,Hold,0.174751290627,0.399986065409302
17/5/2024,188.7719116,Hold,Hold,Hold,Hold,Hold,Hold,Hold,Hold,Hold,Hold,0.7125966604908571,0.998904774
20/5/2024,189.9351501,Hold,Hold,Hold,Hold,Hold,Hold,Hold,Hold,Hold,Hold,0.0059473099491902,0.5932888550700001
21/5/2024,191.2375946,Hold,Hold,Hold,Hold,Hold,Hold,Hold,Hold,Hold,Hold,0.4419436770048716,0.8580953671428572
22/5/2024,189.7959595,Hold,Hold,Hold,Hold,Hold,Hold,Hold,Hold,Hold,Hold,0.0252134689025671,0.941045437
23/5/2024,185.7992401,Hold,Hold,Hold,Hold,Hold,Hold,Hold,Hold,Hold,Hold,0.6457153148298184,0.7021243001666666
24/5/2024,188.8812866,Hold,Hold,Hold,Hold,Hold,Hold,Sell,Sell,Hold,Hold,0.42611125987731,0.6666397998216667
28/5/2024,188.8912506,Hold,Hold,Hold,Hold,Hold,Hold,Buy,Buy,Hold,Hold,0.404595190861375,0.59450111122875
29/5/2024,189.1894989,Hold,Hold,Hold,Hold,Hold,Hold,Hold,Hold,Hold,Hold,0.2686606086800111,0.739299793290468
30/5/2024,190.1837006,Hold,Hold,Hold,Hold,Hold,Hold,Hold,Hold,Hold,Hold,-0.0835768337269863,0.8498783649491385
31/5/2024,191.1381531,Sell,Hold,Hold,Hold,Hold,Hold,Hold,Hold,Hold,Hold,0.2303049788834974,0.7898831394117647
3/6/2024,192.9078827,Sell,Hold,Hold,Hold,Hold,Hold,Hold,Hold,Hold,Hold,0.5339017387627228,0.7387158766666667
4/6/2024,193.2260284,Sell,Hold,Hold,Hold,Hold,Hold,Hold,Hold,Hold,Hold,0.6951521257664559,0.9990617416666666
5/6/2024,194.7372284,Hold,Hold,Hold,Hold,Hold,Hold,Hold,Hold,Hold,Hold,0.3474955410973923,0.623379137675
6/6/2024,193.3552856,Hold,Hold,Hold,Hold,Hold,Hold,Hold,Hold,Hold,Hold,0.5345679541073611,0.5205777034000001
7/6/2024,195.7513275,Hold,Hold,Hold,Hold,Hold,Hold,Hold,Hold,Hold,Hold,0.5916599365139322,0.7161129395
10/6/2024,192.0031433,Hold,Hold,Hold,Hold,Hold,Hold,Hold,Hold,Hold,Hold,0.5594414806196182,0.775995620699311
11/6/2024,205.9519806,Hold,Hold,Hold,Hold,Hold,Hold,Hold,Hold,Hold,Hold,0.3207432053670405,0.6737918859303077
12/6/2024,211.8377533,Hold,Hold,Hold,Hold,Hold,Hold,Hold,Hold,Hold,Hold,0.1373941224478465,0.6203191939625377
13/6/2024,213.0009766,Hold,Hold,Hold,Hold,Hold,Hold,Hold,Hold,Hold,Hold,0.4316149118090094,0.7539009872446808
14/6/2024,211.2611084,Hold,Hold,Hold,Hold,Hold,Hold,Hold,Hold,Hold,Hold,0.4159245116771666,0.8635859983333334
17/6/2024,215.4169312,Hold,Hold,Hold,Hold,Hold,Hold,Hold,Hold,Hold,Hold,0.2926160262052408,0.75570028102068
18/6/2024,213.0507202,Sell,Hold,Hold,Hold,Hold,Hold,Hold,Hold,Hold,Hold,0.226065332214792,0.79257393375
20/6/2024,208.4673462,Hold,Hold,Hold,Hold,Hold,Hold,Hold,Hold,Hold,Hold,0.4263176850116588,0.699576409426725
21/6/2024,206.2900238,Hold,Hold,Hold,Hold,Hold,Hold,Hold,Hold,Hold,Hold,-0.3053366620343974,0.6134424141425
24/6/2024,206.9362793,Hold,Hold,Hold,Hold,Hold,Hold,Hold,Hold,Hold,Hold,0.5725820408735333,0.8594432627861947
25/6/2024,207.8609009,Hold,Hold,Hold,Hold,Hold,Hold,Hold,Hold,Hold,Hold,0.2530733920263947,0.8460987606375
26/6/2024,212.0167084,Hold,Hold,Hold,Hold,Hold,Hold,Hold,Hold,Hold,Hold,0.5948459797079538,0.8087541839356417
27/6/2024,212.8618011,Sell,Hold,Hold,Hold,Hold,Hold,Hold,Hold,Hold,Hold,0.5499015092960392,0.9998737114285714
28/6/2024,209.4019165,Sell,Hold,Hold,Hold,Hold,Hold,Hold,Hold,Hold,Hold,0.3204815344660064,0.9996025666666668
1/7/2024,215.4964752,Hold,Hold,Hold,Hold,Hold,Hold,Hold,Hold,Hold,Hold,0.2654343805529111,0.5701185894545454
2/7/2024,218.9961243,Hold,Hold,Hold,Hold,Hold,Hold,Hold,Hold,Hold,Hold,0.2380837855834117,0.8731051522954812
3/7/2024,220.2687073,Hold,Hold,Hold,Hold,Hold,Hold,Hold,Hold,Hold,Hold,0.5158995719031121,0.8353821531666666
5/7/2024,225.0310211,Hold,Hold,Hold,Hold,Hold,Hold,Hold,Hold,Hold,Hold,0.4114622768673091,0.8135650971959855
8/7/2024,226.5024567,Hold,Hold,Hold,Hold,Hold,Hold,Hold,Hold,Hold,Hold,0.5907509810116507,0.8139649295833333
9/7/2024,227.3574829,Hold,Hold,Hold,Hold,Hold,Hold,Hold,Hold,Hold,Hold,0.2148183082909608,0.6104953888790746
10/7/2024,231.6325989,Hold,Hold,Hold,Hold,Hold,Hold,Hold,Hold,Hold,Hold,0.4047892196620196,0.6152406671952182
11/7/2024,226.2539063,Hold,Hold,Hold,Hold,Hold,Hold,Hold,Hold,Hold,Hold,0.3326588213659328,0.7073358602785714
12/7/2024,229.2067108,Sell,Hold,Hold,Hold,Hold,Hold,Hold,Hold,Hold,Hold,0.3665566889939025,0.7993629632263782
15/7/2024,233.0444031,Sell,Hold,Hold,Hold,Hold,Hold,Hold,Hold,Hold,Hold,0.1222080434977236,0.3993058698077
16/7/2024,233.4619904,Sell,Hold,Hold,Hold,Hold,Hold,Hold,Hold,Hold,Hold,0.4821195514581977,0.7265288039533684
17/7/2024,227.5563202,Hold,Hold,Hold,Hold,Hold,Hold,Hold,Hold,Hold,Hold,0.2115669190765179,0.4301711961214285
18/7/2024,222.8834991,Hold,Hold,Hold,Hold,Hold,Hold,Sell,Hold,Hold,Sell,0.3825621712360748,0.7425806242857143
19/7/2024,223.0127563,Hold,Hold,Hold,Hold,Hold,Sell,Hold,Sell,Sell,Hold,0.37934211401052,0.992018558
22/7/2024,222.6647797,Hold,Hold,Hold,Hold,Hold,Hold,Hold,Hold,Hold,Hold,0.5387918521894722,0.526901815
23/7/2024,223.7086945,Hold,Hold,Hold,Hold,Sell,Hold,Hold,Hold,Hold,Hold,0.5318420462214286,0.983804054
24/7/2024,217.276123,Hold,Hold,Hold,Hold,Hold,Hold,Hold,Hold,Hold,Hold,0.2079901042833974,0.5880161968917648
25/7/2024,216.232193,Hold,Hold,Hold,Hold,Hold,Sell,Hold,Hold,Hold,Hold,-0.2566297059439288,0.3460794981692166
26/7/2024,216.6994934,Hold,Hold,Hold,Hold,Hold,Hold,Hold,Hold,Hold,Hold,0.0520251992161307,0.92403754925
29/7/2024,216.9778595,Hold,Hold,Hold,Hold,Hold,Hold,Hold,Hold,Hold,Hold,0.3795453881769056,0.5513913917175
30/7/2024,217.5346222,Hold,Hold,Hold,Hold,Hold,Hold,Hold,Hold,Sell,Hold,0.4012582003856541,0.5324082072156295
31/7/2024,220.7956543,Hold,Hold,Hold,Hold,Hold,Hold,Hold,Hold,Hold,Hold,0.473521448811329,0.683594602875
1/8/2024,217.097168,Hold,Hold,Hold,Buy,Hold,Buy,Hold,Hold,Hold,Hold,0.4955115950699443,0.463729601808512
2/8/2024,218.5884857,Hold,Sell,Sell,Sell,Hold,Sell,Hold,Hold,Hold,Hold,0.3538081521624029,0.631720662002673
5/8/2024,208.0597534,Hold,Hold,Hold,Hold,Hold,Hold,Hold,Hold,Hold,Hold,0.2494450546040057,0.6067980735204546
6/8/2024,206.0315399,Hold,Hold,Hold,Hold,Hold,Hold,Hold,Hold,Hold,Hold,0.250853162837324,0.326746474625
7/8/2024,208.6065674,Hold,Hold,Hold,Hold,Hold,Hold,Hold,Hold,Hold,Hold,0.4326737763,0.2848968779999999
8/8/2024,212.0763702,Hold,Hold,Hold,Hold,Hold,Hold,Hold,Hold,Hold,Hold,0.774442928215893,0.3437511883333333
9/8/2024,214.9894257,Hold,Hold,Hold,Buy,Hold,Hold,Hold,Hold,Hold,Hold,0.7370349170393174,0.6988073166666666
12/8/2024,216.5222931,Hold,Hold,Buy,Hold,Hold,Buy,Buy,Buy,Hold,Hold,0.2637136980820363,0.95778168
13/8/2024,220.2449646,Hold,Buy,Hold,Hold,Buy,Hold,Hold,Hold,Hold,Buy,0.1411647758338089,0.98262025
14/8/2024,220.6929016,Hold,Hold,Hold,Hold,Hold,Hold,Hold,Hold,Hold,Hold,0.6744247737952629,0.4232768129333333
15/8/2024,223.6790009,Hold,Hold,Hold,Hold,Hold,Hold,Hold,Hold,Hold,Hold,0.847542230049312,0.7887332966666666
16/8/2024,225.0028381,Hold,Hold,Hold,Hold,Hold,Hold,Hold,Hold,Hold,Hold,0.74413564377,0.996470348
19/8/2024,224.8435822,Hold,Hold,Hold,Hold,Hold,Hold,Hold,Hold,Hold,Hold,0.3740818477111863,0.49589706875
20/8/2024,225.4606781,Hold,Hold,Hold,Hold,Hold,Hold,Hold,Hold,Hold,Hold,0.5796995128571429,0.7064256
21/8/2024,225.3511963,Hold,Hold,Hold,Hold,Hold,Hold,Hold,Hold,Hold,Hold,0.4984304772727272,
22/8/2024,223.4898682,Hold,Hold,Hold,Hold,Hold,Hold,Hold,Hold,Hold,Hold,0.6758236971428572,0.9992536133333332
23/8/2024,225.7891693,Hold,Hold,Hold,Hold,Hold,Hold,Hold,Hold,Hold,Hold,0.4472850436602207,0.9928481766666668
26/8/2024,226.1275787,Hold,Hold,Hold,Hold,Hold,Hold,Hold,Hold,Hold,Hold,0.5769908442707564,0.625669945
27/8/2024,226.9736481,Sell,Hold,Hold,Hold,Hold,Hold,Hold,Hold,Hold,Hold,0.3881183551882569,0.8064929385199999
28/8/2024,225.4407959,Sell,Hold,Hold,Hold,Hold,Hold,Hold,Hold,Hold,Hold,0.4405891736876877,0.6667951430882555
29/8/2024,228.7254944,Sell,Hold,Hold,Hold,Hold,Hold,Hold,Hold,Hold,Hold,0.4468005400306841,0.8430788694
30/8/2024,227.9391632,Sell,Hold,Hold,Hold,Hold,Hold,Hold,Hold,Hold,Hold,0.7295738161101863,0.7260243725
3/9/2024,221.7380524,Hold,Hold,Hold,Hold,Hold,Hold,Hold,Hold,Hold,Hold,0.5128750055339903,0.8944764733333334
4/9/2024,219.8269196,Hold,Sell,Sell,Hold,Sell,Sell,Sell,Sell,Sell,Sell,0.17819089031,0.8144171522222222
5/9/2024,221.3498383,Hold,Hold,Hold,Hold,Hold,Hold,Hold,Hold,Hold,Hold,0.686233591165037,0.91173657
6/9/2024,219.7970734,Hold,Hold,Hold,Hold,Hold,Hold,Hold,Hold,Hold,Hold,0.5202979786074434,0.99994796
9/9/2024,219.8866425,Hold,Hold,Hold,Hold,Hold,Hold,Hold,Hold,Hold,Hold,0.41004499588571,0.4060861100419999
10/9/2024,219.0903473,Hold,Hold,Hold,Hold,Hold,Hold,Hold,Hold,Hold,Hold,0.1416735892038801,0.5210709684725405
11/9/2024,221.6285248,Hold,Hold,Hold,Hold,Hold,Hold,Hold,Hold,Hold,Hold,0.3908551089879361,0.73814213875
12/9/2024,221.7380524,Hold,Hold,Hold,Hold,Hold,Hold,Hold,Hold,Hold,Hold,0.6621760165713125,0.78653972
13/9/2024,221.4692841,Hold,Hold,Hold,Hold,Hold,Hold,Hold,Hold,Hold,Hold,0.4223048285714285,0.6015767760712
16/9/2024,215.3179169,Hold,Hold,Hold,Hold,Hold,Hold,Hold,Hold,Hold,Hold,0.1029892712541714,0.8682555294285714
17/9/2024,215.7857208,Buy,Hold,Hold,Hold,Hold,Hold,Hold,Hold,Hold,Hold,0.3679898523613684,0.3451073824281454
18/9/2024,219.6676636,Hold,Hold,Hold,Hold,Hold,Hold,Hold,Hold,Hold,Hold,0.123065500906658,0.9999153
19/9/2024,227.8097687,Hold,Hold,Hold,Buy,Hold,Hold,Hold,Hold,Hold,Hold,0.1358712919421672,0.7053027066666667
20/9/2024,227.142868,Hold,Buy,Buy,Hold,Buy,Buy,Buy,Buy,Buy,Buy,0.2251095170535263,0.8183358511111112
23/9/2024,225.4208832,Hold,Hold,Hold,Hold,Hold,Hold,Hold,Hold,Hold,Hold,0.26773663402266,0.50038528
24/9/2024,226.3167267,Hold,Hold,Hold,Hold,Hold,Hold,Hold,Hold,Hold,Hold,0.4449486006666667,0.6020473861435174
25/9/2024,225.3213348,Hold,Hold,Hold,Hold,Hold,Hold,Hold,Hold,Hold,Hold,0.1983792508124441,-0.19215074
26/9/2024,226.4660339,Hold,Hold,Hold,Hold,Hold,Hold,Hold,Hold,Hold,Hold,0.495969271832764,0.6199635925
27/9/2024,226.7347565,Hold,Hold,Hold,Hold,Hold,Hold,Hold,Hold,Buy,Hold,0.1539756098219268,0.184370726
30/9/2024,231.9206543,Hold,Hold,Hold,Hold,Hold,Hold,Hold,Hold,Hold,Hold,-0.0100126161911133,0.99988
1/10/2024,225.1620941,Hold,Hold,Hold,Hold,Hold,Hold,Hold,Hold,Hold,Hold,0.0322187865372722,0.4920455155555555
2/10/2024,225.7294464,Hold,Hold,Hold,Sell,Hold,Sell,Sell,Sell,Hold,Hold,0.3915330787886727,0.499952105
3/10/2024,224.624588,Hold,Hold,Hold,Buy,Hold,Buy,Buy,Hold,Hold,Hold,0.7308771218100002,0.9997382466666668
4/10/2024,225.7493591,Hold,Hold,Hold,Sell,Hold,Sell,Sell,Sell,Hold,Hold,0.7146614966352607,0.46882042
7/10/2024,220.6630249,Hold,Hold,Hold,Buy,Sell,Buy,Hold,Hold,Hold,Sell,0.0552906338095238,-0.488437852
8/10/2024,224.7241364,Hold,Hold,Hold,Sell,Hold,Sell,Hold,Hold,Sell,Hold,-0.0108245300898523,-0.91882694
9/10/2024,228.4766541,Hold,Hold,Hold,Buy,Buy,Buy,Buy,Buy,Buy,Buy,0.3830943622942222,0.0887730132329376
10/10/2024,227.9789734,Hold,Hold,Hold,Hold,Hold,Hold,Hold,Hold,Hold,Hold,0.4924521845878744,0.90347827
11/10/2024,226.4958954,Hold,Hold,Hold,Hold,Hold,Hold,Hold,Hold,Hold,Hold,0.2641084530546256,0.999937825
14/10/2024,230.2285156,Hold,Hold,Hold,Hold,Hold,Hold,Hold,Hold,Hold,Hold,0.3039413504662077,0.6219367976
15/10/2024,232.7667084,Hold,Hold,Hold,Hold,Hold,Hold,Hold,Hold,Hold,Hold,0.2236062253296227,0.8311230975555556
16/10/2024,230.7062683,Hold,Hold,Hold,Hold,Hold,Hold,Hold,Hold,Hold,Hold,0.0935635020103823,0.5923924819999999
17/10/2024,231.0745697,Hold,Hold,Hold,Hold,Hold,Hold,Hold,Hold,Sell,Hold,0.229253387617407,0.8671200242711675
18/10/2024,233.9113617,Hold,Hold,Hold,Hold,Hold,Hold,Hold,Hold,Buy,Hold,0.3840069100588352,0.8330974199359167
21/10/2024,235.3845062,Hold,Hold,Hold,Hold,Hold,Hold,Hold,Hold,Hold,Hold,0.6558492739257427,0.6128339987284154
22/10/2024,234.767395,Hold,Hold,Hold,Hold,Hold,Hold,Hold,Hold,Hold,Hold,0.351564437228221,0.4029973489588
23/10/2024,229.6909943,Hold,Hold,Hold,Hold,Hold,Hold,Hold,Hold,Hold,Hold,-0.1040675599031615,-0.251559879225
24/10/2024,229.5018921,Hold,Hold,Hold,Sell,Hold,Sell,Sell,Sell,Hold,Hold,-0.0529428335978571,0.6105571866159538
25/10/2024,230.3380127,Hold,Hold,Hold,Hold,Hold,Hold,Sell,Hold,Hold,Sell,0.0936963653690665,0.9999091
28/10/2024,232.3187714,Hold,Hold,Hold,Hold,Hold,Hold,Hold,Hold,Hold,Hold,0.5892011005613521,0.6504765876923078
29/10/2024,232.5875244,Hold,Hold,Hold,Hold,Hold,Hold,Hold,Hold,Hold,Hold,0.314362662178667,0.3964607229090909
30/10/2024,229.0340729,Hold,Hold,Hold,Hold,Hold,Hold,Hold,Hold,Hold,Hold,0.8646536755555556,0.75545914
31/10/2024,224.8634796,Hold,Sell,Sell,Sell,Sell,Sell,Hold,Sell,Sell,Hold,0.1828987882351548,0.6238244855294118
1/11/2024,221.8773651,Hold,Hold,Hold,Sell,Hold,Hold,Hold,Hold,Hold,Hold,0.3656692302503524,0.5286106846385666
4/11/2024,220.9815369,Hold,Hold,Hold,Hold,Hold,Hold,Hold,Hold,Hold,Hold,0.2709872114536277,0.6850161916666666
5/11/2024,222.4148712,Hold,Hold,Sell,Hold,Hold,Hold,Hold,Hold,Hold,Hold,0.4590455034883333,0.4023567678
6/11/2024,221.6882477,Hold,Hold,Hold,Hold,Hold,Hold,Hold,Hold,Sell,Hold,0.0292551572568199,0.980334515
7/11/2024,226.4262085,Hold,Hold,Hold,Hold,Hold,Hold,Hold,Hold,Hold,Hold,0.176714443741375,0.0063659906044569
8/11/2024,226.1571655,Hold,Hold,Hold,Buy,Hold,Buy,Buy,Buy,Hold,Hold,-0.236977735225,0.6741106764576056
11/11/2024,223.4368134,Hold,Hold,Hold,Hold,Hold,Hold,Hold,Hold,Hold,Hold,0.0003052137214093,0.9869553416666668
12/11/2024,223.4368134,Hold,Hold,Hold,Sell,Hold,Sell,Hold,Hold,Hold,Hold,0.2058898904538516,0.4278248816216714
13/11/2024,224.3236542,Hold,Hold,Hold,Hold,Hold,Hold,Hold,Hold,Hold,Hold,0.0909848797039599,-0.5583090930975925
14/11/2024,227.4127197,Hold,Hold,Hold,Hold,Hold,Hold,Hold,Hold,Hold,Hold,0.4302069,0.98935205
15/11/2024,224.2041016,Hold,Buy,Buy,Buy,Buy,Buy,Buy,Buy,Buy,Buy,-0.2682438365624,0.9999085
18/11/2024,227.2134247,Hold,Hold,Hold,Sell,Hold,Sell,Hold,Hold,Hold,Hold,0.7092105179063667,0.99375513
19/11/2024,227.4724731,Hold,Buy,Buy,Buy,Hold,Buy,Buy,Hold,Buy,Buy,0.249807559138993,0.80957306
20/11/2024,228.1899567,Hold,Hold,Hold,Hold,Hold,Hold,Hold,Hold,Hold,Hold,0.2861667224049999,
21/11/2024,227.7116547,Hold,Hold,Hold,Hold,Hold,Hold,Hold,Hold,Hold,Hold,0.3335886619435333,0.86875852
22/11/2024,229.0568542,Hold,Hold,Hold,Hold,Hold,Hold,Hold,Hold,Hold,Hold,0.5398038749999999,0.6563191724667272
25/11/2024,232.0462494,Hold,Hold,Hold,Hold,Hold,Hold,Hold,Hold,Hold,Hold,0.2932372283116826,0.9999362128571428
26/11/2024,234.2285156,Hold,Hold,Hold,Hold,Hold,Hold,Hold,Hold,Hold,Hold,0.3748177352892843,0.98035523375
27/11/2024,234.0989532,Hold,Hold,Hold,Hold,Hold,Hold,Hold,Hold,Hold,Hold,0.0786180265893076,0.9964859
29/11/2024,236.4904938,Hold,Hold,Hold,Hold,Hold,Hold,Hold,Hold,Hold,Hold,0.459051897284,0.996629325
2/12/2024,238.7424774,Hold,Hold,Hold,Hold,Hold,Hold,Hold,Hold,Hold,Hold,0.72568584297825,0.999904975
3/12/2024,241.7916565,Hold,Hold,Hold,Hold,Hold,Hold,Hold,Hold,Hold,Hold,0.2254840933333333,0.499984374190676
4/12/2024,242.1503906,Hold,Hold,Hold,Hold,Hold,Hold,Hold,Hold,Hold,Hold,0.449045252198475,0.8550694041142857
5/12/2024,242.1802826,Hold,Hold,Hold,Hold,Hold,Hold,Hold,Hold,Hold,Hold,0.8518796793157143,0.9998148
6/12/2024,241.9809875,Hold,Hold,Hold,Hold,Hold,Hold,Hold,Hold,Hold,Hold,0.7162975857142857,0.7066404082514286
9/12/2024,245.8771515,Hold,Hold,Hold,Hold,Hold,Hold,Hold,Hold,Hold,Hold,0.311065463151267,0.6366057916666666
10/12/2024,246.8935394,Hold,Hold,Hold,Hold,Hold,Hold,Hold,Hold,Hold,Hold,0.4945337856256168,0.6666595452926566
11/12/2024,245.6180878,Hold,Hold,Hold,Hold,Hold,Hold,Hold,Hold,Hold,Hold,0.197529205776285,0.2587740876514317
12/12/2024,247.0828705,Hold,Hold,Hold,Hold,Hold,Hold,Hold,Hold,Hold,Hold,0.8994045142000001,0.50053016875
13/12/2024,247.2522888,Hold,Hold,Hold,Hold,Hold,Hold,Hold,Hold,Hold,Hold,0.5866390252584845,0.8996162447944419
16/12/2024,250.1519623,Hold,Hold,Hold,Hold,Hold,Hold,Hold,Hold,Hold,Hold,0.2868559663212435,0.34692565762625
17/12/2024,252.5833435,Hold,Hold,Hold,Hold,Hold,Hold,Hold,Hold,Hold,Hold,0.1971608366879068,0.4988094886575
18/12/2024,247.1725616,Hold,Hold,Hold,Hold,Hold,Hold,Hold,Hold,Hold,Hold,0.4985066299999999,0.2224494271428571
19/12/2024,248.9063873,Hold,Hold,Hold,Hold,Hold,Hold,Hold,Hold,Hold,Hold,0.566263449392,0.749099025361075
20/12/2024,253.5897675,Hold,Hold,Hold,Hold,Hold,Hold,Hold,Hold,Hold,Hold,-0.0847373800822,0.129096624625
23/12/2024,254.3670044,Hold,Hold,Hold,Hold,Hold,Hold,Hold,Hold,Hold,Hold,0.0020531868623492,0.4994680308699999
24/12/2024,257.2866821,Hold,Hold,Hold,Hold,Hold,Hold,Hold,Hold,Hold,Hold,0.4207371759978865,0.997789765
26/12/2024,258.1037292,Hold,Hold,Hold,Hold,Hold,Hold,Hold,Hold,Hold,Hold,0.6650441897587847,0.7687778356
27/12/2024,254.6858673,Hold,Hold,Hold,Hold,Hold,Hold,Hold,Hold,Hold,Hold,0.4514698381186424,0.9641462
30/12/2024,251.3078766,Hold,Hold,Hold,Hold,Hold,Hold,Hold,Hold,Hold,Hold,0.3990834666666667,
2/1/2025,242.9874268,,,,,,,,,,,,
3/1/2025,242.4991608,,,,,,,,,,,,
6/1/2025,244.1333466,,,,,,,,,,,,
7/1/2025,241.3532104,,,,,,,,,,,,
8/1/2025,241.8414764,,,,,,,,,,,,
10/1/2025,236.0121918,,,,,,,,,,,,
13/1/2025,233.5708466,,,,,,,,,,,,
14/1/2025,232.4548035,,,,,,,,,,,,
15/1/2025,237.0285645,,,,,,,,,,,,
16/1/2025,227.4525604,,,,,,,,,,,,
