Date,Close,Combi 1: Crossover (Price & EMA 12) + MACD Crossover,Combi 2: Overbought/ Overbought + SMA Crossover (8 & 12),Combi 3: Crossover (Price & EMA 20) + MACD Crossover,Combi 4: Crossover (Price & EMA 12) + EMA Crossover (12 &20),Combi 5: Crossover (Price & EMA 12) + SMA Crossover (12 & 20),Combi 6: Crossover (Price & EMA 50) + MACD Crossover,Combi 7: Crossover (Price & EMA 20) + EMA Crossover (12 &20),Combi 8: Crossover (Price & EMA 12) + SMA Crossover (8 & 12),Combi 9: Crossover (Price & EMA 12) + Crossover (Price & EMA 50),Combi 10: Crossover (Price & EMA 20) + SMA Crossover (12 & 20),News Sentiment Score,Social Sentiment Score
2/1/2020,208.64,Hold,Hold,Hold,Hold,Hold,Hold,Hold,Hold,Hold,Hold,0.99922005,
3/1/2020,207.53,Hold,Hold,Hold,Hold,Hold,Hold,Hold,Hold,Hold,Hold,0.931715185,
6/1/2020,211.44,Hold,Hold,Hold,Hold,Hold,Hold,Hold,Hold,Hold,Hold,0.9910299066666668,0.99996114
7/1/2020,211.9,Hold,Hold,Hold,Hold,Hold,Hold,Hold,Hold,Hold,Hold,0.8329756100925,0.8591621549999999
8/1/2020,214.05,Hold,Hold,Hold,Hold,Hold,Hold,Hold,Hold,Hold,Hold,0.68368094,0.999983465
9/1/2020,217.11,Hold,Hold,Hold,Hold,Hold,Hold,Hold,Hold,Hold,Hold,0.396408276892,0.9999694125
10/1/2020,216.87,Hold,Hold,Hold,Hold,Hold,Hold,Hold,Hold,Hold,Hold,0.2856810687641943,
13/1/2020,220.7,Hold,Hold,Hold,Hold,Hold,Hold,Hold,Hold,Hold,Hold,,0.9999955
14/1/2020,217.86,Hold,Hold,Hold,Hold,Hold,Hold,Hold,Hold,Hold,Hold,0.97398724,
15/1/2020,219.94,Hold,Hold,Hold,Hold,Hold,Hold,Hold,Hold,Hold,Hold,0.99827885,0.99996495
16/1/2020,220.56,Hold,Hold,Hold,Hold,Hold,Hold,Hold,Hold,Hold,Hold,0.59837451,
17/1/2020,220.93,Hold,Sell,Hold,Hold,Hold,Hold,Hold,Hold,Hold,Hold,0.720457208,-0.2862222
21/1/2020,220.23,Hold,Sell,Hold,Hold,Hold,Hold,Hold,Hold,Hold,Hold,0.746645135711765,0.96810275
22/1/2020,220.11,Hold,Sell,Hold,Hold,Hold,Hold,Hold,Hold,Hold,Hold,0.682700525,0.9985025833333332
23/1/2020,218.56,Hold,Sell,Hold,Hold,Hold,Hold,Hold,Hold,Hold,Hold,0.6569973333333333,
24/1/2020,216.75,Sell,Hold,Sell,Hold,Hold,Sell,Hold,Hold,Hold,Hold,0.74841968375,
27/1/2020,213.7,Hold,Hold,Hold,Sell,Sell,Hold,Hold,Sell,Sell,Hold,0.7476448951454879,0.9987166
28/1/2020,216.6,Hold,Hold,Hold,Hold,Hold,Hold,Sell,Hold,Hold,Sell,0.6665682633422824,0.999985425
29/1/2020,222.01,Hold,Hold,Hold,Hold,Hold,Hold,Hold,Sell,Hold,Hold,0.5016411883312618,0.95668197
30/1/2020,208.39,Hold,Hold,Hold,Hold,Hold,Hold,Hold,Hold,Buy,Hold,0.2677965998057142,0.99993086
31/1/2020,200.81,Hold,Hold,Hold,Sell,Sell,Hold,Sell,Hold,Sell,Sell,0.8891875874999999,
3/2/2020,203.08,Hold,Hold,Hold,Hold,Hold,Hold,Hold,Hold,Sell,Hold,0.8330791064992867,
4/2/2020,208.69,Hold,Hold,Hold,Sell,Sell,Hold,Sell,Hold,Hold,Sell,0.8546262857857142,0.974852875
5/2/2020,208.96,Hold,Hold,Hold,Hold,Hold,Hold,Hold,Hold,Buy,Hold,0.861803945,0.002931505
6/2/2020,209.7,Hold,Hold,Hold,Hold,Hold,Hold,Hold,Hold,Hold,Hold,0.5001701212999999,0.740703645
7/2/2020,211.17,Hold,Hold,Hold,Hold,Hold,Hold,Hold,Hold,Hold,Hold,0.999801,0.9999802
10/2/2020,211.9,Buy,Hold,Hold,Buy,Hold,Hold,Hold,Buy,Buy,Hold,0.99421095,0.999772
11/2/2020,206.06,Hold,Hold,Buy,Hold,Hold,Hold,Buy,Hold,Hold,Hold,0.551705735,
12/2/2020,209.61,Sell,Hold,Sell,Hold,Hold,Sell,Hold,Hold,Sell,Hold,0.218213208,
13/2/2020,211.98,Hold,Hold,Hold,Hold,Hold,Buy,Hold,Hold,Buy,Hold,0.9363787583333334,
14/2/2020,213.01,Buy,Hold,Buy,Buy,Buy,Hold,Buy,Buy,Hold,Buy,0.330506086,
18/2/2020,216.61,Hold,Hold,Hold,Hold,Hold,Hold,Hold,Hold,Hold,Hold,0.7125017042857144,0.9999471
19/2/2020,216.3,Hold,Hold,Hold,Hold,Hold,Hold,Hold,Hold,Hold,Hold,0.8743639766666668,0.99998695
20/2/2020,213.41,Hold,Hold,Hold,Hold,Hold,Hold,Hold,Hold,Hold,Hold,0.99996322,0.50018074751
21/2/2020,209.03,Sell,Hold,Sell,Hold,Hold,Sell,Hold,Hold,Hold,Hold,0.9351112975,
24/2/2020,199.62,Hold,Hold,Hold,Sell,Hold,Hold,Sell,Sell,Sell,Hold,0.98560905,0.99998605
25/2/2020,195.7,Hold,Hold,Hold,Hold,Hold,Hold,Hold,Hold,Hold,Hold,0.86585755,
26/2/2020,196.12,Hold,Hold,Hold,Hold,Hold,Hold,Hold,Hold,Hold,Hold,0.31968016,
27/2/2020,188.71,Hold,Hold,Hold,Hold,Hold,Hold,Hold,Hold,Hold,Hold,0.6506441866666667,0.68911755
28/2/2020,191.42,Hold,Hold,Hold,Hold,Hold,Hold,Hold,Hold,Hold,Hold,0.9832227,0.98666452
2/3/2020,195.37,Hold,Hold,Hold,Hold,Hold,Hold,Hold,Hold,Hold,Hold,0.853458876,
3/3/2020,184.88,Hold,Hold,Hold,Hold,Hold,Hold,Hold,Hold,Hold,Hold,0.9034067,0.999896616
4/3/2020,190.71,Hold,Hold,Hold,Hold,Hold,Hold,Hold,Hold,Hold,Hold,0.0107858175,0.89657176
5/3/2020,184.16,Hold,Hold,Hold,Hold,Hold,Hold,Hold,Hold,Hold,Hold,0.23583729,0.9998449
6/3/2020,180.1,Hold,Hold,Hold,Hold,Hold,Hold,Hold,Hold,Hold,Hold,0.99997465,0.99824196
9/3/2020,168.58,Hold,Hold,Hold,Hold,Hold,Hold,Hold,Hold,Hold,Hold,-0.9772234,0.9827478666666668
10/3/2020,177.22,Hold,Hold,Hold,Hold,Hold,Hold,Hold,Hold,Hold,Hold,0.984404,
11/3/2020,169.31,Hold,Hold,Hold,Hold,Hold,Hold,Hold,Hold,Hold,Hold,0.9998153933333334,0.673468425
12/3/2020,153.63,Hold,Hold,Hold,Hold,Hold,Hold,Hold,Hold,Hold,Hold,0.9995967,0.996675255
13/3/2020,169.35,Hold,Hold,Hold,Hold,Hold,Hold,Hold,Hold,Hold,Hold,,0.9997079
16/3/2020,145.21,Hold,Hold,Hold,Hold,Hold,Hold,Hold,Hold,Hold,Hold,,0.99995804
17/3/2020,148.6,Hold,Hold,Hold,Hold,Hold,Hold,Hold,Hold,Hold,Hold,0.7487681658483016,0.50372575135
18/3/2020,146.16,Hold,Hold,Hold,Hold,Hold,Hold,Hold,Hold,Hold,Hold,0.5707973311376,0.99944387
19/3/2020,152.29,Hold,Hold,Hold,Hold,Hold,Hold,Hold,Hold,Hold,Hold,-0.1339429429752624,0.9920003
20/3/2020,148.91,Hold,Hold,Hold,Hold,Hold,Hold,Hold,Hold,Hold,Hold,0.4011690898519999,0.9972695
23/3/2020,147.29,Hold,Hold,Hold,Hold,Hold,Hold,Hold,Hold,Hold,Hold,0.939781038,
24/3/2020,160.1,Hold,Hold,Hold,Hold,Hold,Hold,Hold,Hold,Hold,Hold,0.4991487825,0.6722625266666666
25/3/2020,155.36,Buy,Hold,Buy,Hold,Hold,Hold,Hold,Buy,Hold,Hold,-0.0314368100355833,0.9979854
26/3/2020,162.45,Hold,Hold,Hold,Hold,Hold,Hold,Hold,Hold,Hold,Hold,0.6649807225,0.99895798
27/3/2020,155.93,Hold,Hold,Hold,Hold,Buy,Hold,Hold,Buy,Hold,Hold,0.9999790333333332,
30/3/2020,165.04,Hold,Hold,Hold,Hold,Hold,Hold,Hold,Hold,Hold,Hold,0.4343372158,
31/3/2020,165.89,Hold,Hold,Hold,Hold,Buy,Hold,Hold,Buy,Hold,Hold,0.963701965,0.95772743
1/4/2020,158.73,Hold,Hold,Hold,Hold,Hold,Hold,Hold,Hold,Hold,Buy,0.670343,0.99688678
2/4/2020,157.33,Hold,Hold,Hold,Hold,Hold,Hold,Hold,Hold,Hold,Hold,0.99887118,0.00042261378
3/4/2020,153.34,Hold,Hold,Hold,Hold,Hold,Hold,Hold,Hold,Hold,Hold,0.296651634,
6/4/2020,164.65,Hold,Hold,Hold,Hold,Hold,Hold,Hold,Hold,Hold,Hold,0.99997073,0.9997431
7/4/2020,167.91,Hold,Hold,Hold,Buy,Buy,Hold,Buy,Hold,Buy,Buy,0.989830572,
8/4/2020,173.33,Hold,Hold,Hold,Hold,Hold,Hold,Hold,Hold,Hold,Hold,0.9976820133333334,0.9076254
9/4/2020,174.23,Hold,Hold,Hold,Hold,Hold,Hold,Hold,Hold,Hold,Hold,0.9985757,0.9999738
13/4/2020,173.84,Hold,Hold,Hold,Hold,Hold,Hold,Hold,Hold,Hold,Hold,0.999904925,
14/4/2020,177.2,Hold,Hold,Hold,Hold,Hold,Hold,Hold,Hold,Hold,Hold,0.9833327833333332,0.99925256
15/4/2020,176.0,Hold,Hold,Hold,Buy,Hold,Hold,Buy,Hold,Buy,Hold,0.99941765,0.9999586
16/4/2020,175.29,Hold,Hold,Hold,Hold,Hold,Hold,Hold,Hold,Sell,Hold,0.6070416245763637,0.97481388
17/4/2020,178.26,Hold,Hold,Hold,Hold,Hold,Hold,Hold,Hold,Hold,Hold,0.9985354725,
20/4/2020,177.27,Hold,Hold,Hold,Hold,Hold,Hold,Hold,Hold,Buy,Hold,0.5030347637950751,
21/4/2020,169.87,Hold,Hold,Hold,Hold,Hold,Hold,Hold,Hold,Hold,Hold,0.5813179577777778,
22/4/2020,181.29,Hold,Hold,Hold,Hold,Hold,Hold,Hold,Hold,Sell,Hold,0.7287732422557143,0.99962885
23/4/2020,184.12,Hold,Hold,Hold,Hold,Hold,Hold,Hold,Hold,Buy,Hold,0.9922954528571428,0.9994562
24/4/2020,189.03,Hold,Hold,Hold,Hold,Hold,Hold,Hold,Hold,Hold,Hold,0.5451433992222223,0.0001009202
27/4/2020,186.48,Hold,Hold,Hold,Hold,Hold,Hold,Hold,Hold,Hold,Hold,0.68389766,0.99980275
28/4/2020,181.91,Hold,Hold,Hold,Hold,Hold,Hold,Hold,Hold,Hold,Hold,0.9941899,
29/4/2020,193.13,Hold,Hold,Hold,Hold,Hold,Hold,Hold,Hold,Hold,Hold,0.2526594350690106,0.59083848451
30/4/2020,203.59,Hold,Hold,Hold,Hold,Hold,Hold,Hold,Hold,Hold,Hold,-0.0002547485554627,0.9990256
1/5/2020,201.17,Hold,Hold,Hold,Hold,Hold,Hold,Hold,Hold,Hold,Hold,-0.1513975,0.90786825
4/5/2020,204.14,Hold,Hold,Hold,Hold,Hold,Hold,Hold,Hold,Hold,Hold,0.749979191909335,
5/5/2020,205.94,Hold,Hold,Hold,Hold,Hold,Hold,Hold,Hold,Hold,Hold,0.999961344,
6/5/2020,207.33,Hold,Hold,Hold,Hold,Hold,Hold,Hold,Hold,Hold,Hold,0.9999922,0.8003488999999999
7/5/2020,210.11,Hold,Hold,Hold,Hold,Hold,Hold,Hold,Hold,Hold,Hold,0.9929052571428572,0.99302382
8/5/2020,211.19,Hold,Hold,Hold,Hold,Hold,Hold,Hold,Hold,Hold,Hold,0.4010815278,0.99904525
11/5/2020,212.02,Hold,Hold,Hold,Hold,Hold,Hold,Hold,Hold,Hold,Hold,0.99999887,
12/5/2020,208.95,Hold,Hold,Hold,Hold,Hold,Hold,Hold,Hold,Hold,Hold,0.99214587,0.9999355
13/5/2020,203.98,Hold,Hold,Hold,Hold,Hold,Hold,Hold,Hold,Hold,Hold,0.14414452,0.9999752
14/5/2020,205.68,Hold,Hold,Hold,Hold,Hold,Hold,Hold,Hold,Hold,Hold,0.9999110216666668,0.99984956
15/5/2020,209.73,Hold,Hold,Hold,Hold,Hold,Hold,Hold,Hold,Hold,Hold,0.935577335,0.9995135
18/5/2020,212.03,Hold,Hold,Hold,Hold,Hold,Hold,Hold,Hold,Hold,Hold,0.88110940938636,
19/5/2020,215.7,Hold,Hold,Hold,Hold,Hold,Hold,Hold,Hold,Hold,Hold,0.765043787,
20/5/2020,228.72,Hold,Hold,Hold,Hold,Hold,Hold,Hold,Hold,Hold,Hold,0.5997297712374942,
21/5/2020,230.13,Hold,Hold,Hold,Hold,Hold,Hold,Hold,Hold,Hold,Hold,0.6673777808453442,
22/5/2020,233.63,Hold,Hold,Hold,Hold,Hold,Hold,Hold,Hold,Hold,Hold,0.8745213285714285,
26/5/2020,230.93,Hold,Hold,Hold,Hold,Hold,Hold,Hold,Hold,Hold,Hold,0.6946716394322352,0.4775779233333333
27/5/2020,227.89,Hold,Hold,Hold,Hold,Hold,Hold,Hold,Hold,Hold,Hold,-0.0913201763622222,0.99995434
28/5/2020,224.23,Hold,Hold,Hold,Hold,Hold,Hold,Hold,Hold,Hold,Hold,0.3381848844092166,0.9977983
29/5/2020,223.86,Hold,Hold,Hold,Hold,Hold,Hold,Hold,Hold,Hold,Hold,0.99959935,
1/6/2020,230.64,Hold,Hold,Hold,Hold,Hold,Hold,Hold,Hold,Hold,Hold,0.161301628,0.99717075
2/6/2020,231.45,Hold,Sell,Hold,Hold,Hold,Hold,Hold,Hold,Hold,Hold,0.90579267,0.953820735
3/6/2020,228.9,Hold,Sell,Hold,Hold,Hold,Hold,Hold,Hold,Hold,Hold,0.99966973,
4/6/2020,225.06,Hold,Hold,Hold,Hold,Hold,Hold,Hold,Hold,Hold,Hold,-0.9999411,0.99966508
5/6/2020,229.51,Hold,Hold,Hold,Hold,Hold,Hold,Hold,Hold,Hold,Hold,0.8955646749999999,0.999611
8/6/2020,230.14,Hold,Sell,Hold,Hold,Hold,Hold,Hold,Sell,Hold,Hold,-0.99496067,
9/6/2020,237.37,Hold,Hold,Hold,Hold,Hold,Hold,Hold,Hold,Hold,Hold,0.5006598358000001,
10/6/2020,235.44,Hold,Hold,Hold,Hold,Hold,Hold,Hold,Buy,Hold,Hold,0.3983019863640137,0.999981
11/6/2020,223.21,Hold,Hold,Hold,Hold,Hold,Hold,Hold,Hold,Hold,Hold,0.528965741042,
12/6/2020,227.33,Hold,Hold,Hold,Hold,Hold,Hold,Hold,Sell,Hold,Hold,0.9978469,
15/6/2020,231.23,Hold,Hold,Hold,Hold,Hold,Hold,Hold,Hold,Hold,Hold,0.9998777133333334,
16/6/2020,234.36,Hold,Hold,Hold,Hold,Hold,Hold,Hold,Buy,Hold,Hold,0.7581919,0.99990416
17/6/2020,234.24,Hold,Hold,Hold,Hold,Hold,Hold,Hold,Hold,Hold,Hold,0.94948077,0.999862115
18/6/2020,234.65,Hold,Hold,Hold,Hold,Hold,Hold,Hold,Hold,Hold,Hold,0.5897418325,0.5497273
19/6/2020,237.49,Hold,Hold,Hold,Hold,Hold,Hold,Hold,Hold,Hold,Hold,0.999944665,
22/6/2020,237.91,Hold,Hold,Hold,Hold,Hold,Hold,Hold,Hold,Hold,Hold,0.6506234180784511,
23/6/2020,240.92,Hold,Hold,Hold,Hold,Hold,Hold,Hold,Sell,Hold,Hold,0.5237445000000001,0.9996093333333332
24/6/2020,232.74,Hold,Hold,Hold,Hold,Hold,Hold,Hold,Buy,Hold,Hold,0.535284127085,0.99985686
25/6/2020,234.39,Hold,Hold,Hold,Hold,Hold,Hold,Hold,Sell,Sell,Hold,0.4499511898110001,0.9999446
26/6/2020,214.9,Buy,Hold,Hold,Hold,Hold,Hold,Hold,Hold,Buy,Hold,-0.1049894916666666,0.9572201333333332
29/6/2020,219.44,Hold,Hold,Hold,Hold,Hold,Hold,Hold,Sell,Sell,Hold,-3.1532622e-08,0.9993491
30/6/2020,225.83,Hold,Hold,Hold,Hold,Hold,Buy,Hold,Hold,Buy,Hold,0.3562418707999999,0.99999654
1/7/2020,236.25,Hold,Hold,Hold,Hold,Hold,Hold,Hold,Hold,Hold,Hold,0.26156849475,0.8377790825
2/7/2020,232.15,Buy,Hold,Buy,Hold,Hold,Hold,Hold,Buy,Hold,Hold,0.4925263366666667,
6/7/2020,238.97,Hold,Hold,Hold,Hold,Hold,Hold,Hold,Hold,Hold,Hold,0.9994836566666666,0.996864115
7/7/2020,239.55,Hold,Hold,Hold,Hold,Hold,Hold,Hold,Hold,Hold,Hold,0.3313118333333333,0.686715
8/7/2020,242.25,Hold,Hold,Hold,Hold,Hold,Hold,Hold,Hold,Hold,Hold,0.998470694,0.99990595
9/7/2020,243.17,Hold,Hold,Hold,Hold,Hold,Hold,Hold,Hold,Hold,Hold,0.99914265,0.999723424
10/7/2020,243.73,Hold,Hold,Hold,Hold,Hold,Hold,Hold,Hold,Hold,Hold,0.5564007308571429,0.99999315
13/7/2020,237.7,Hold,Hold,Hold,Hold,Hold,Hold,Hold,Hold,Hold,Hold,0.9997631,0.9942559125
14/7/2020,238.42,Hold,Hold,Hold,Hold,Hold,Hold,Hold,Hold,Hold,Hold,0.9998692,0.9982326
15/7/2020,238.97,Sell,Hold,Sell,Hold,Hold,Hold,Hold,Hold,Hold,Hold,0.99667483,0.916502512
16/7/2020,239.62,Hold,Hold,Hold,Hold,Hold,Hold,Hold,Hold,Hold,Hold,-0.3332289866666666,0.9979745983333334
17/7/2020,240.71,Hold,Sell,Hold,Hold,Hold,Hold,Hold,Hold,Hold,Hold,0.32856103,
20/7/2020,244.08,Hold,Sell,Hold,Hold,Hold,Hold,Hold,Hold,Hold,Hold,0.9996581,0.498639625
21/7/2020,240.43,Hold,Hold,Hold,Hold,Hold,Hold,Hold,Hold,Hold,Hold,,0.9935112
22/7/2020,238.56,Hold,Hold,Hold,Hold,Hold,Hold,Hold,Sell,Hold,Hold,0.5712688657443166,0.7517105610213972
23/7/2020,231.33,Hold,Hold,Hold,Sell,Sell,Hold,Hold,Hold,Hold,Hold,0.6872689943333334,0.999904215
24/7/2020,229.45,Hold,Hold,Hold,Hold,Hold,Hold,Sell,Hold,Hold,Sell,0.47502133,0.9998694
27/7/2020,232.23,Hold,Hold,Hold,Hold,Hold,Hold,Hold,Hold,Hold,Hold,0.6068881317333333,0.58676985
28/7/2020,228.86,Hold,Hold,Hold,Hold,Hold,Hold,Hold,Hold,Hold,Hold,0.3335584866666667,0.9999695
29/7/2020,232.02,Hold,Hold,Hold,Hold,Hold,Hold,Hold,Hold,Hold,Hold,0.9338512742857142,0.9998236
30/7/2020,233.22,Hold,Hold,Hold,Hold,Hold,Hold,Hold,Hold,Hold,Hold,0.6974577481742222,0.9999834
31/7/2020,252.29,Hold,Hold,Hold,Hold,Hold,Hold,Hold,Hold,Hold,Hold,0.5705918049994488,0.96877843
3/8/2020,250.59,Buy,Hold,Buy,Buy,Buy,Hold,Buy,Buy,Hold,Buy,-0.29274504,
4/8/2020,248.47,Hold,Hold,Hold,Hold,Hold,Hold,Hold,Hold,Hold,Hold,-0.2513352154718,0.49927629035
5/8/2020,247.76,Hold,Hold,Hold,Hold,Hold,Hold,Hold,Hold,Hold,Hold,0.98016888,0.99534665
6/8/2020,263.83,Hold,Hold,Hold,Hold,Hold,Hold,Hold,Hold,Hold,Hold,0.5158238566666667,0.99990185
7/8/2020,266.98,Hold,Hold,Hold,Hold,Hold,Hold,Hold,Hold,Hold,Hold,0.996498866,0.9994236
10/8/2020,261.57,Hold,Hold,Hold,Hold,Hold,Hold,Hold,Hold,Hold,Hold,0.9724081,0.9990643
11/8/2020,254.73,Hold,Hold,Hold,Hold,Hold,Hold,Hold,Hold,Hold,Hold,0.00145523,
12/8/2020,258.47,Hold,Hold,Hold,Hold,Hold,Hold,Hold,Hold,Hold,Hold,0.9994638,0.9999474075
13/8/2020,259.87,Hold,Sell,Hold,Hold,Hold,Hold,Hold,Hold,Hold,Hold,0.9251733,0.9991257
14/8/2020,259.81,Hold,Sell,Hold,Hold,Hold,Hold,Hold,Hold,Hold,Hold,0.5784378106914286,
17/8/2020,259.74,Hold,Sell,Hold,Hold,Hold,Hold,Hold,Hold,Hold,Hold,0.66560481598,0.8774702452220435
18/8/2020,260.91,Hold,Sell,Hold,Hold,Hold,Hold,Hold,Hold,Hold,Hold,0.471914767269905,0.8471720829566745
19/8/2020,261.16,Hold,Sell,Hold,Hold,Hold,Hold,Hold,Hold,Hold,Hold,0.80741226,
20/8/2020,267.54,Hold,Hold,Hold,Hold,Hold,Hold,Hold,Hold,Hold,Hold,,0.99562935
21/8/2020,265.55,Hold,Hold,Hold,Hold,Hold,Hold,Hold,Hold,Hold,Hold,0.5973391595342507,
24/8/2020,269.91,Hold,Sell,Hold,Hold,Hold,Hold,Hold,Hold,Hold,Hold,0.3339874,0.99996036
25/8/2020,279.29,Hold,Hold,Hold,Hold,Hold,Hold,Hold,Hold,Hold,Hold,0.891536375,0.999809
26/8/2020,302.25,Hold,Hold,Hold,Hold,Hold,Hold,Hold,Hold,Hold,Hold,-0.4999484825,
27/8/2020,291.62,Hold,Hold,Hold,Hold,Hold,Hold,Hold,Hold,Hold,Hold,0.95996553,0.2595116
28/8/2020,292.06,Hold,Hold,Hold,Hold,Hold,Hold,Hold,Hold,Hold,Hold,0.98177915,0.97885352
31/8/2020,291.6,Hold,Hold,Hold,Hold,Hold,Hold,Hold,Hold,Hold,Hold,0.4993150975,0.876962625
1/9/2020,293.83,Hold,Sell,Hold,Hold,Hold,Hold,Hold,Hold,Hold,Hold,0.9947878666666666,0.99679675
2/9/2020,300.85,Hold,Sell,Hold,Hold,Hold,Hold,Hold,Hold,Hold,Hold,0.3583570033333333,0.99949162
3/9/2020,289.53,Hold,Hold,Hold,Hold,Hold,Hold,Hold,Hold,Hold,Hold,-0.464522124,0.9999678
4/9/2020,281.19,Hold,Hold,Hold,Hold,Hold,Hold,Hold,Hold,Hold,Hold,-0.3306059766666666,
8/9/2020,269.68,Sell,Hold,Sell,Hold,Sell,Hold,Hold,Sell,Hold,Hold,0.9975215,0.8206110875
9/9/2020,272.23,Hold,Hold,Hold,Hold,Hold,Hold,Sell,Hold,Hold,Sell,0.9661724375,2.1224999999958083e-05
10/9/2020,266.63,Hold,Hold,Hold,Hold,Hold,Hold,Hold,Hold,Hold,Hold,,0.9904456066666666
11/9/2020,265.16,Hold,Hold,Hold,Hold,Hold,Hold,Hold,Hold,Hold,Hold,0.93250144,
14/9/2020,264.7,Hold,Hold,Hold,Hold,Hold,Hold,Hold,Hold,Hold,Hold,0.98004552,0.9993678366666666
15/9/2020,270.93,Hold,Hold,Hold,Hold,Hold,Hold,Hold,Hold,Hold,Hold,0.577456344,0.99721265
16/9/2020,262.08,Hold,Hold,Hold,Hold,Hold,Hold,Hold,Hold,Hold,Hold,0.5770048950595,0.999793575
17/9/2020,253.43,Hold,Hold,Hold,Hold,Hold,Hold,Hold,Hold,Hold,Hold,0.5046469979999999,0.99999195
18/9/2020,251.15,Hold,Hold,Hold,Hold,Hold,Hold,Hold,Hold,Hold,Hold,0.8292152633333334,0.999958695
21/9/2020,246.8,Hold,Hold,Hold,Hold,Hold,Hold,Hold,Hold,Hold,Hold,0.998512315,0.9995860666666668
22/9/2020,253.36,Hold,Hold,Hold,Hold,Hold,Hold,Hold,Hold,Hold,Hold,-0.32309246001115,0.99976146
23/9/2020,247.66,Hold,Buy,Hold,Hold,Hold,Hold,Hold,Hold,Hold,Hold,0.674002476074,
24/9/2020,248.17,Hold,Buy,Hold,Hold,Hold,Hold,Hold,Hold,Hold,Hold,0.99992503,0.9997456
25/9/2020,253.43,Hold,Hold,Hold,Hold,Hold,Hold,Hold,Hold,Hold,Hold,0.99754065,0.9999921866666668
28/9/2020,255.42,Hold,Hold,Hold,Hold,Hold,Hold,Hold,Hold,Hold,Hold,,0.9997773
29/9/2020,260.36,Hold,Hold,Hold,Hold,Hold,Hold,Hold,Hold,Hold,Hold,0.91585728,0.99853537
30/9/2020,260.47,Buy,Hold,Hold,Hold,Hold,Buy,Hold,Buy,Buy,Hold,0.3629023666666667,
1/10/2020,265.18,Buy,Hold,Buy,Hold,Hold,Buy,Hold,Hold,Hold,Hold,-0.0001020999999999,0.999970165
2/10/2020,258.52,Hold,Hold,Hold,Hold,Hold,Hold,Buy,Buy,Hold,Buy,,0.99998885
5/10/2020,263.21,Hold,Hold,Hold,Hold,Hold,Hold,Hold,Hold,Sell,Hold,0.9971843333333332,0.998948755
6/10/2020,257.25,Hold,Hold,Hold,Buy,Buy,Hold,Buy,Hold,Buy,Buy,0.6646015116666667,
7/10/2020,256.71,Hold,Hold,Hold,Hold,Hold,Hold,Hold,Hold,Sell,Hold,0.985130425,0.97816445
8/10/2020,262.32,Hold,Hold,Hold,Hold,Hold,Hold,Hold,Hold,Hold,Hold,0.925549,
9/10/2020,263.01,Hold,Hold,Hold,Buy,Buy,Hold,Buy,Hold,Buy,Buy,-0.7681163,
12/10/2020,274.25,Hold,Hold,Hold,Hold,Buy,Hold,Hold,Hold,Hold,Buy,0.677064249975,0.0732270999999999
13/10/2020,274.63,Hold,Hold,Hold,Buy,Hold,Hold,Buy,Hold,Hold,Hold,0.5974450849999999,
14/10/2020,270.34,Hold,Hold,Hold,Hold,Hold,Hold,Hold,Hold,Hold,Hold,,0.9997394
15/10/2020,265.26,Hold,Hold,Hold,Hold,Hold,Hold,Hold,Hold,Hold,Hold,0.7960376225,0.33867835
16/10/2020,264.48,Hold,Hold,Hold,Hold,Hold,Hold,Hold,Hold,Hold,Hold,-0.96308945,0.9653864
19/10/2020,259.97,Hold,Hold,Hold,Hold,Hold,Hold,Hold,Hold,Sell,Hold,,0.999884
20/10/2020,266.1,Hold,Hold,Hold,Hold,Hold,Hold,Hold,Hold,Sell,Hold,0.9999803,0.98453283
21/10/2020,277.21,Hold,Hold,Hold,Hold,Hold,Hold,Hold,Hold,Buy,Hold,3.3000568e-08,0.99984202
22/10/2020,276.6,Hold,Hold,Hold,Hold,Hold,Hold,Hold,Hold,Hold,Hold,0.98026226,0.979167
23/10/2020,283.24,Hold,Hold,Hold,Hold,Hold,Hold,Hold,Hold,Hold,Hold,0.9975435,0.99888533
26/10/2020,275.6,Hold,Hold,Hold,Hold,Hold,Hold,Hold,Hold,Hold,Hold,0.99852661,0.9996420266666668
27/10/2020,281.74,Hold,Hold,Hold,Hold,Hold,Hold,Hold,Hold,Hold,Hold,0.99999523,0.99955118
28/10/2020,266.21,Hold,Hold,Hold,Hold,Hold,Hold,Hold,Hold,Hold,Hold,0.8439551666666666,
29/10/2020,279.3,Sell,Hold,Sell,Hold,Hold,Hold,Hold,Sell,Sell,Hold,0.2436721258333333,
30/10/2020,261.67,Hold,Hold,Hold,Hold,Hold,Sell,Hold,Hold,Buy,Hold,-1.5344527e-05,0.0026456799999999
2/11/2020,259.93,Sell,Hold,Sell,Hold,Hold,Sell,Hold,Sell,Sell,Hold,-0.9155859,0.99492189
3/11/2020,263.85,Hold,Hold,Hold,Hold,Hold,Hold,Hold,Hold,Hold,Hold,0.9999862,
4/11/2020,285.81,Buy,Hold,Buy,Hold,Hold,Buy,Hold,Hold,Hold,Hold,0.99666211,
5/11/2020,293.07,Hold,Hold,Hold,Hold,Hold,Hold,Hold,Hold,Buy,Hold,0.6928155,0.5872400600000001
6/11/2020,291.81,Hold,Hold,Hold,Hold,Hold,Hold,Hold,Hold,Hold,Hold,-0.044015275,0.9979247
9/11/2020,277.25,Hold,Hold,Hold,Hold,Hold,Hold,Hold,Hold,Hold,Hold,0.999688175,0.9998818
10/11/2020,270.94,Sell,Hold,Hold,Hold,Sell,Hold,Hold,Sell,Hold,Hold,0.9998257,-0.97439224
11/11/2020,274.97,Sell,Hold,Sell,Hold,Hold,Hold,Hold,Hold,Hold,Sell,0.9913278,
12/11/2020,273.58,Hold,Hold,Hold,Hold,Hold,Hold,Hold,Buy,Hold,Buy,-0.999943,
13/11/2020,275.44,Hold,Hold,Hold,Hold,Hold,Hold,Sell,Hold,Hold,Sell,0.997992,
16/11/2020,277.44,Hold,Hold,Hold,Hold,Hold,Hold,Hold,Hold,Hold,Buy,0.673727478,0.9999017466666666
17/11/2020,273.5,Hold,Hold,Hold,Buy,Hold,Hold,Hold,Hold,Buy,Sell,-0.1776450851935714,0.9999698
18/11/2020,270.49,Hold,Hold,Hold,Sell,Hold,Hold,Sell,Sell,Sell,Hold,2.0156934e-07,
19/11/2020,271.45,Hold,Hold,Hold,Hold,Hold,Hold,Hold,Hold,Hold,Hold,0.30986049,0.6673888185000001
20/11/2020,268.23,Hold,Hold,Hold,Hold,Hold,Hold,Hold,Hold,Hold,Hold,0.000114992785,
23/11/2020,266.97,Hold,Hold,Hold,Hold,Hold,Hold,Hold,Hold,Hold,Hold,0.99898675,0.999934535
24/11/2020,275.41,Hold,Hold,Hold,Hold,Hold,Hold,Hold,Hold,Hold,Hold,0.54848269888613,0.7757664342773548
25/11/2020,274.09,Buy,Hold,Buy,Buy,Hold,Buy,Buy,Buy,Buy,Hold,0.58734435315725,0.8305139555035742
27/11/2020,276.29,Hold,Hold,Hold,Hold,Hold,Hold,Hold,Hold,Hold,Hold,,0.8548894899999999
30/11/2020,275.46,Hold,Hold,Hold,Hold,Hold,Hold,Hold,Hold,Hold,Hold,0.7177035942857143,0.9999238
1/12/2020,284.99,Hold,Hold,Hold,Hold,Hold,Hold,Hold,Hold,Hold,Hold,-0.817598,
2/12/2020,285.95,Hold,Hold,Hold,Hold,Hold,Hold,Hold,Hold,Hold,Hold,0.996710635,0.9999075
3/12/2020,280.31,Hold,Hold,Hold,Hold,Hold,Hold,Hold,Hold,Hold,Hold,0.193643604,0.991381495
4/12/2020,278.17,Hold,Hold,Hold,Hold,Hold,Hold,Hold,Hold,Hold,Hold,0.99996525,
7/12/2020,284.02,Hold,Hold,Hold,Hold,Hold,Hold,Hold,Hold,Hold,Hold,0.99493563,0.99993063
8/12/2020,281.85,Hold,Hold,Hold,Hold,Hold,Hold,Hold,Hold,Hold,Hold,2.5632876e-06,0.9995598
9/12/2020,276.4,Hold,Hold,Hold,Hold,Hold,Hold,Hold,Hold,Hold,Hold,0.8129556266666667,
10/12/2020,275.61,Sell,Hold,Sell,Sell,Hold,Sell,Sell,Sell,Sell,Hold,0.59115151,0.99387546875
11/12/2020,272.06,Hold,Hold,Hold,Hold,Hold,Hold,Hold,Hold,Hold,Hold,0.008815915,0.95386415
14/12/2020,272.69,Hold,Hold,Hold,Hold,Hold,Hold,Hold,Hold,Hold,Hold,0.988582285,0.9994087
15/12/2020,274.05,Hold,Hold,Hold,Hold,Hold,Hold,Hold,Hold,Hold,Hold,-0.0038933575,
16/12/2020,274.17,Hold,Hold,Hold,Hold,Hold,Hold,Hold,Hold,Hold,Hold,5.938500000002289e-05,0.9999936
17/12/2020,272.98,Hold,Hold,Hold,Hold,Hold,Hold,Hold,Hold,Hold,Hold,0.43014824106,0.9999061433333332
18/12/2020,274.89,Hold,Hold,Hold,Hold,Hold,Hold,Hold,Hold,Hold,Hold,0.004125415,
21/12/2020,271.3,Hold,Hold,Hold,Hold,Hold,Hold,Hold,Hold,Buy,Hold,,0.999932795
22/12/2020,265.63,Hold,Hold,Hold,Hold,Sell,Hold,Hold,Hold,Sell,Sell,0.4986107066274999,0.99998105
23/12/2020,266.65,Hold,Hold,Hold,Hold,Hold,Hold,Hold,Hold,Hold,Hold,0.3385662098222666,0.99953347
24/12/2020,265.94,Hold,Hold,Hold,Hold,Hold,Hold,Hold,Hold,Hold,Hold,,0.9997969
28/12/2020,275.49,Hold,Hold,Hold,Hold,Hold,Hold,Hold,Hold,Hold,Hold,0.9999491,0.8378362500000001
29/12/2020,275.27,Hold,Hold,Hold,Hold,Hold,Hold,Hold,Buy,Buy,Hold,0.99993693,
30/12/2020,270.39,Hold,Hold,Hold,Hold,Hold,Hold,Hold,Hold,Hold,Hold,,0.99927086
31/12/2020,271.67,Hold,Hold,Hold,Hold,Hold,Hold,Hold,Sell,Sell,Hold,0.99776137,
4/1/2021,267.47,Hold,Hold,Hold,Hold,Hold,Hold,Hold,Hold,Hold,Hold,,0.9998664175
5/1/2021,269.49,Hold,Hold,Hold,Hold,Hold,Hold,Hold,Hold,Hold,Hold,0.99988795,0.9999988
6/1/2021,261.87,Hold,Hold,Hold,Hold,Hold,Hold,Hold,Hold,Hold,Hold,0.6625586825,
7/1/2021,267.27,Hold,Hold,Hold,Hold,Hold,Hold,Hold,Hold,Hold,Hold,0.6617507009288889,0.4999689409871165
8/1/2021,266.11,Hold,Hold,Hold,Hold,Hold,Hold,Hold,Hold,Hold,Hold,0.99687785,0.9965402
11/1/2021,255.44,Hold,Hold,Hold,Hold,Hold,Hold,Hold,Hold,Hold,Hold,-0.12574503,0.2305651225
12/1/2021,249.72,Hold,Hold,Hold,Hold,Hold,Hold,Hold,Hold,Hold,Hold,0.9921985766666668,0.99569495
13/1/2021,250.27,Hold,Hold,Hold,Hold,Hold,Hold,Hold,Hold,Hold,Hold,0.98359497,0.99682544
14/1/2021,244.3,Hold,Hold,Hold,Hold,Hold,Hold,Hold,Hold,Hold,Hold,-0.010104805,0.997229242
15/1/2021,249.99,Hold,Hold,Hold,Hold,Hold,Hold,Hold,Hold,Hold,Hold,-0.200252,0.998386566
19/1/2021,259.68,Hold,Hold,Hold,Hold,Hold,Hold,Hold,Hold,Hold,Hold,0.3323468214676667,0.7501650206716625
20/1/2021,266.02,Buy,Hold,Hold,Buy,Hold,Hold,Hold,Buy,Buy,Hold,,0.5399693799999999
21/1/2021,271.38,Hold,Hold,Buy,Hold,Hold,Buy,Buy,Hold,Hold,Hold,0.99800277,0.8936600333333334
22/1/2021,273.0,Hold,Hold,Hold,Hold,Hold,Hold,Hold,Hold,Hold,Hold,0.5435790166666666,0.9998672866666668
25/1/2021,276.49,Hold,Hold,Hold,Hold,Hold,Hold,Hold,Hold,Hold,Hold,1.0886843e-06,0.9941550283333332
26/1/2021,280.51,Hold,Hold,Hold,Hold,Hold,Hold,Hold,Buy,Hold,Hold,0.9984386,0.8332297475
27/1/2021,270.66,Hold,Hold,Hold,Buy,Hold,Hold,Buy,Hold,Hold,Hold,0.1384301724873143,0.9987233863636364
28/1/2021,263.55,Hold,Hold,Hold,Hold,Hold,Hold,Hold,Hold,Hold,Hold,0.79994612544669,0.7964598036425532
29/1/2021,256.92,Hold,Hold,Hold,Sell,Hold,Hold,Sell,Sell,Sell,Hold,-0.99661195,0.881099709996541
1/2/2021,260.58,Hold,Hold,Hold,Sell,Hold,Hold,Sell,Hold,Hold,Hold,0.99755542,0.8957200247531819
2/2/2021,265.62,Hold,Hold,Hold,Hold,Buy,Hold,Hold,Hold,Hold,Buy,0.999961885,0.9739275063104366
3/2/2021,265.2,Hold,Hold,Hold,Buy,Hold,Hold,Buy,Buy,Buy,Hold,0.9641528866666668,0.997081458181818
4/2/2021,265.04,Hold,Hold,Hold,Hold,Hold,Hold,Hold,Sell,Hold,Sell,0.99980736,0.8875158730801
5/2/2021,266.64,Hold,Hold,Hold,Hold,Sell,Hold,Hold,Hold,Hold,Hold,0.99538333,0.8908783949939999
8/2/2021,265.13,Hold,Hold,Hold,Buy,Hold,Hold,Buy,Buy,Buy,Hold,,0.917887535
9/2/2021,267.98,Sell,Hold,Sell,Hold,Sell,Hold,Hold,Hold,Hold,Sell,0.99089736,0.8130813829993145
10/2/2021,270.39,Hold,Hold,Hold,Buy,Hold,Hold,Buy,Buy,Buy,Hold,,0.9047644966666666
11/2/2021,268.91,Hold,Hold,Hold,Hold,Hold,Hold,Hold,Hold,Hold,Hold,0.99429977,0.9335911048935294
12/2/2021,269.02,Hold,Hold,Hold,Hold,Hold,Hold,Hold,Hold,Hold,Hold,-0.118578196,0.9695426935
16/2/2021,272.48,Hold,Hold,Hold,Hold,Sell,Hold,Hold,Hold,Hold,Sell,0.5009241411,0.8925246649
17/2/2021,272.08,Hold,Hold,Hold,Hold,Hold,Hold,Hold,Hold,Hold,Hold,0.99224216,0.9575310666666668
18/2/2021,267.92,Hold,Hold,Hold,Hold,Hold,Hold,Hold,Hold,Hold,Hold,0.599849312,0.7207394934071428
19/2/2021,260.13,Sell,Hold,Sell,Sell,Sell,Sell,Hold,Sell,Sell,Hold,0.501365766,0.9995453416666668
22/2/2021,258.91,Hold,Hold,Hold,Hold,Hold,Hold,Sell,Hold,Sell,Sell,-0.001637335,0.8877523161894738
23/2/2021,264.41,Hold,Hold,Hold,Sell,Hold,Hold,Hold,Hold,Hold,Hold,0.9781839833333332,0.9986301357142856
24/2/2021,262.87,Hold,Hold,Hold,Hold,Buy,Hold,Hold,Sell,Hold,Hold,0.9996338966666666,0.8461254675
25/2/2021,253.3,Hold,Hold,Hold,Hold,Hold,Hold,Hold,Hold,Hold,Hold,0.999494275,0.975858245625
26/2/2021,256.21,Hold,Hold,Hold,Hold,Hold,Hold,Hold,Hold,Hold,Hold,0.9994286,0.9985226081818184
1/3/2021,263.46,Hold,Hold,Hold,Hold,Hold,Hold,Hold,Hold,Hold,Hold,,0.99048067
2/3/2021,257.59,Buy,Hold,Hold,Hold,Hold,Hold,Hold,Buy,Buy,Sell,0.99794932,0.998885378
3/3/2021,254.02,Hold,Hold,Hold,Hold,Hold,Hold,Hold,Hold,Sell,Hold,0.9993252,0.9770782955555556
4/3/2021,256.23,Hold,Hold,Hold,Hold,Hold,Hold,Hold,Hold,Hold,Hold,0.8062180649999999,0.8892458006655936
5/3/2021,262.84,Hold,Hold,Hold,Hold,Hold,Hold,Hold,Hold,Hold,Hold,,0.9694086016666666
8/3/2021,253.92,Buy,Hold,Buy,Buy,Buy,Hold,Buy,Buy,Buy,Buy,,0.9983392115384616
9/3/2021,264.29,Hold,Hold,Hold,Hold,Hold,Hold,Hold,Hold,Sell,Hold,-0.0465655,0.8261260260000001
10/3/2021,263.45,Buy,Hold,Buy,Buy,Buy,Buy,Buy,Buy,Buy,Buy,0.99685488,0.9206553395912264
11/3/2021,272.39,Hold,Hold,Hold,Hold,Hold,Hold,Hold,Hold,Hold,Hold,0.292242375,0.994078938235294
12/3/2021,266.94,Hold,Hold,Hold,Hold,Hold,Hold,Hold,Hold,Hold,Hold,0.30645943,0.998156725
15/3/2021,272.26,Hold,Hold,Hold,Hold,Hold,Hold,Hold,Hold,Hold,Hold,0.89302543,0.8822737407636364
16/3/2021,277.76,Hold,Hold,Hold,Hold,Hold,Hold,Hold,Hold,Hold,Hold,0.9996269133333334,0.8562196073333334
17/3/2021,282.46,Hold,Hold,Hold,Hold,Hold,Hold,Hold,Hold,Hold,Hold,,0.9727804618181818
18/3/2021,277.1,Hold,Hold,Hold,Hold,Hold,Hold,Hold,Hold,Hold,Hold,0.9999676,0.9066121917650644
19/3/2021,288.53,Hold,Hold,Hold,Hold,Hold,Hold,Hold,Hold,Hold,Hold,0.5343186525,0.9098388658333332
22/3/2021,291.94,Hold,Hold,Hold,Hold,Hold,Hold,Hold,Hold,Hold,Hold,0.91505295,0.724771370825
23/3/2021,289.04,Hold,Hold,Hold,Hold,Hold,Hold,Hold,Hold,Hold,Hold,0.99987523,0.7036879246433334
24/3/2021,280.6,Hold,Hold,Hold,Hold,Hold,Hold,Hold,Hold,Hold,Hold,0.99934745,0.8536481205935115
25/3/2021,277.22,Hold,Hold,Hold,Hold,Hold,Hold,Hold,Hold,Hold,Hold,0.9709949766666668,0.6190008968933333
26/3/2021,281.48,Hold,Hold,Hold,Hold,Hold,Hold,Hold,Hold,Hold,Hold,0.50947887,0.94825315
29/3/2021,289.23,Hold,Hold,Hold,Hold,Hold,Hold,Hold,Hold,Hold,Hold,0.9933408,0.9160481808003332
30/3/2021,286.43,Hold,Hold,Hold,Hold,Hold,Hold,Hold,Hold,Hold,Hold,0.1561891652268894,0.7804213327272728
31/3/2021,292.92,Hold,Hold,Hold,Hold,Hold,Hold,Hold,Hold,Hold,Hold,0.99995923,0.9321332966666668
1/4/2021,297.03,Hold,Hold,Hold,Hold,Hold,Hold,Hold,Hold,Hold,Hold,0.5001533512499999,0.7584646967561111
5/4/2021,307.22,Hold,Hold,Hold,Hold,Hold,Hold,Hold,Hold,Hold,Hold,0.6691966854875,0.8796528587491667
6/4/2021,304.59,Hold,Hold,Hold,Hold,Hold,Hold,Hold,Hold,Hold,Hold,0.9983950133333334,0.9991140168421052
7/4/2021,311.38,Hold,Hold,Hold,Hold,Hold,Hold,Hold,Hold,Hold,Hold,0.966460275,0.9162827144444444
8/4/2021,311.31,Hold,Hold,Hold,Hold,Hold,Hold,Hold,Hold,Hold,Hold,0.9772710525,0.9259783472413792
9/4/2021,310.76,Hold,Hold,Hold,Hold,Hold,Hold,Hold,Hold,Hold,Hold,0.99995383,0.9774088058333332
12/4/2021,309.84,Hold,Hold,Hold,Hold,Hold,Hold,Hold,Hold,Hold,Hold,0.99912465,0.9914709528571428
13/4/2021,308.07,Hold,Hold,Hold,Hold,Hold,Hold,Hold,Hold,Hold,Hold,0.977264075,0.9990850536842106
14/4/2021,301.17,Hold,Hold,Hold,Hold,Hold,Hold,Hold,Hold,Hold,Hold,0.987044112,0.9982176777777778
15/4/2021,306.14,Sell,Sell,Hold,Hold,Hold,Hold,Hold,Sell,Hold,Hold,-0.27067184,0.9743458866666668
16/4/2021,304.51,Hold,Hold,Sell,Hold,Hold,Hold,Hold,Hold,Hold,Hold,0.76774095,0.994135042
19/4/2021,300.59,Hold,Hold,Hold,Hold,Hold,Hold,Hold,Hold,Hold,Hold,0.6725713,0.9002315795283332
20/4/2021,301.0,Hold,Hold,Hold,Hold,Sell,Hold,Hold,Sell,Hold,Hold,0.99986434,0.96732982
21/4/2021,299.83,Hold,Hold,Hold,Hold,Hold,Hold,Hold,Hold,Hold,Hold,-0.49704078785,0.99831079
22/4/2021,294.9,Hold,Hold,Hold,Hold,Hold,Hold,Hold,Hold,Hold,Hold,0.6666537513066026,0.9483926970849312
23/4/2021,299.49,Hold,Hold,Hold,Hold,Hold,Hold,Hold,Hold,Hold,Sell,0.0025952093,0.8760665580981922
26/4/2021,301.39,Hold,Hold,Buy,Hold,Hold,Hold,Hold,Hold,Hold,Hold,0.9909355,0.9979683285714286
27/4/2021,301.91,Buy,Hold,Hold,Hold,Buy,Hold,Hold,Buy,Hold,Hold,0.965809058,0.99963401
28/4/2021,305.42,Hold,Hold,Hold,Hold,Hold,Hold,Hold,Hold,Hold,Hold,0.39497975275006,0.7452813596
29/4/2021,327.71,Hold,Hold,Hold,Hold,Hold,Hold,Hold,Hold,Hold,Hold,0.16670546561878,0.997138442222222
30/4/2021,323.31,Hold,Hold,Hold,Hold,Hold,Hold,Hold,Hold,Hold,Hold,0.9996062,0.9954886633333334
3/5/2021,320.82,Hold,Hold,Hold,Hold,Hold,Hold,Hold,Hold,Hold,Hold,0.996118665,0.99237728
4/5/2021,316.62,Hold,Hold,Hold,Hold,Hold,Hold,Hold,Hold,Hold,Hold,0.9203875,0.988398562
5/5/2021,313.3,Hold,Hold,Hold,Hold,Hold,Hold,Hold,Hold,Hold,Hold,0.9919647766666668,0.9554524466666666
6/5/2021,318.27,Hold,Hold,Hold,Hold,Buy,Hold,Hold,Hold,Hold,Buy,,0.9574551483333332
7/5/2021,317.34,Hold,Hold,Hold,Hold,Hold,Hold,Hold,Hold,Hold,Hold,0.99993885,0.7681152346666666
10/5/2021,304.3,Sell,Hold,Sell,Hold,Hold,Hold,Hold,Hold,Hold,Hold,0.2210133333333333,0.7569202821428572
11/5/2021,304.86,Hold,Hold,Hold,Hold,Hold,Hold,Hold,Sell,Hold,Hold,-0.0297060220666666,0.964483261818182
12/5/2021,300.9,Hold,Hold,Hold,Hold,Hold,Hold,Hold,Hold,Hold,Hold,0.99224939,0.8838465514285714
13/5/2021,303.59,Hold,Hold,Hold,Hold,Hold,Hold,Hold,Sell,Hold,Hold,0.9882299,0.6429729071428572
14/5/2021,314.22,Hold,Hold,Hold,Hold,Hold,Hold,Hold,Hold,Hold,Hold,,0.900973201
17/5/2021,313.74,Buy,Hold,Buy,Hold,Hold,Hold,Hold,Buy,Hold,Hold,,0.9995402391666668
18/5/2021,308.27,Hold,Hold,Hold,Hold,Hold,Hold,Hold,Hold,Hold,Hold,,0.8437586815133333
19/5/2021,311.88,Hold,Hold,Hold,Hold,Sell,Hold,Hold,Hold,Hold,Sell,0.9999981,0.9980564266666668
20/5/2021,316.87,Buy,Hold,Buy,Hold,Buy,Hold,Hold,Buy,Hold,Buy,0.99968624,0.8545858683333333
21/5/2021,314.5,Hold,Hold,Hold,Hold,Hold,Hold,Hold,Hold,Hold,Hold,0.99999046,0.9053438450368422
24/5/2021,322.86,Hold,Hold,Hold,Hold,Hold,Hold,Hold,Hold,Hold,Hold,2.2776198e-05,0.9835767226923076
25/5/2021,326.0,Hold,Hold,Hold,Hold,Hold,Hold,Hold,Hold,Hold,Hold,,0.9980542184615384
26/5/2021,325.87,Hold,Hold,Hold,Hold,Hold,Hold,Hold,Hold,Hold,Hold,0.7051345216666666,0.9671415026315788
27/5/2021,330.93,Hold,Hold,Hold,Hold,Hold,Hold,Hold,Hold,Hold,Hold,0.9602749,0.8808247881818182
28/5/2021,326.94,Hold,Hold,Hold,Hold,Hold,Hold,Hold,Hold,Hold,Hold,-0.000343515,0.997375639
1/6/2021,327.33,Hold,Hold,Hold,Hold,Hold,Hold,Hold,Hold,Hold,Hold,,0.9480732378947369
2/6/2021,327.35,Hold,Hold,Hold,Hold,Hold,Hold,Hold,Hold,Hold,Hold,,0.999509478
3/6/2021,324.26,Hold,Hold,Hold,Hold,Hold,Hold,Hold,Hold,Hold,Hold,0.95111075,0.999307223
4/6/2021,328.55,Hold,Hold,Hold,Hold,Hold,Hold,Hold,Hold,Hold,Hold,0.61513074,0.9980106181818182
7/6/2021,334.74,Hold,Hold,Hold,Hold,Hold,Hold,Hold,Hold,Hold,Hold,0.8038628,0.9838289176923076
8/6/2021,331.86,Hold,Hold,Hold,Hold,Hold,Hold,Hold,Hold,Hold,Hold,,0.994193349
9/6/2021,328.45,Hold,Hold,Hold,Hold,Hold,Hold,Hold,Hold,Hold,Hold,0.88628703,0.9517212063809524
10/6/2021,330.65,Hold,Hold,Hold,Hold,Hold,Hold,Hold,Hold,Hold,Hold,0.0001691849999999,0.938230323775122
11/6/2021,329.45,Sell,Hold,Hold,Hold,Hold,Hold,Hold,Hold,Hold,Hold,0.5292521885,0.9741298016666666
14/6/2021,334.93,Buy,Hold,Hold,Hold,Hold,Hold,Hold,Hold,Hold,Hold,,0.8156711326233334
15/6/2021,334.91,Hold,Hold,Hold,Hold,Hold,Hold,Hold,Hold,Hold,Hold,0.998862815,0.9991564592307692
16/6/2021,329.27,Sell,Hold,Hold,Hold,Hold,Hold,Hold,Hold,Hold,Hold,0.99027753,0.9992840016666666
17/6/2021,334.67,Hold,Hold,Hold,Hold,Hold,Hold,Hold,Hold,Hold,Hold,0.9999625866666668,0.9250327427272726
18/6/2021,327.86,Buy,Hold,Hold,Hold,Hold,Hold,Hold,Hold,Hold,Hold,,0.884839994375
21/6/2021,330.48,Hold,Hold,Hold,Hold,Hold,Hold,Hold,Hold,Hold,Hold,,0.9991133654545454
22/6/2021,337.18,Buy,Hold,Hold,Hold,Hold,Hold,Hold,Hold,Hold,Hold,0.7933556984609703,0.9672576588235294
23/6/2021,338.73,Hold,Hold,Hold,Hold,Hold,Hold,Hold,Hold,Hold,Hold,,0.8921524
24/6/2021,341.31,Hold,Hold,Hold,Hold,Hold,Hold,Hold,Hold,Hold,Hold,,0.9980742858333334
25/6/2021,339.51,Hold,Hold,Hold,Hold,Hold,Hold,Hold,Hold,Hold,Hold,0.0004105249999999,0.8333215602083334
28/6/2021,353.7,Hold,Hold,Hold,Hold,Hold,Hold,Hold,Hold,Hold,Hold,0.1982525814285714,0.946517671
29/6/2021,349.97,Hold,Hold,Hold,Hold,Hold,Hold,Hold,Hold,Hold,Hold,0.8521700497685715,0.85632411961
30/6/2021,345.81,Hold,Hold,Hold,Hold,Hold,Hold,Hold,Hold,Hold,Hold,,0.990964773
1/7/2021,352.46,Hold,Hold,Hold,Hold,Hold,Hold,Hold,Hold,Hold,Hold,0.98895606,0.9884764283333332
2/7/2021,352.76,Hold,Hold,Hold,Hold,Hold,Hold,Hold,Hold,Hold,Hold,0.3584159,0.95407786875
6/7/2021,350.86,Hold,Hold,Hold,Hold,Hold,Hold,Hold,Hold,Hold,Hold,0.98259693,0.9671890572727272
7/7/2021,348.58,Hold,Hold,Hold,Hold,Hold,Hold,Hold,Hold,Hold,Hold,0.2144011599999999,0.998791875
8/7/2021,343.76,Sell,Hold,Sell,Hold,Hold,Hold,Hold,Hold,Hold,Hold,0.9998420925,0.9900633142857144
9/7/2021,348.51,Hold,Hold,Hold,Hold,Hold,Hold,Hold,Sell,Hold,Hold,0.99882452,0.933469715
12/7/2021,351.23,Hold,Hold,Hold,Hold,Hold,Hold,Hold,Hold,Hold,Hold,0.99350895,0.9999598
13/7/2021,350.17,Hold,Hold,Hold,Hold,Hold,Hold,Hold,Hold,Hold,Hold,0.99967655,0.9332506291933332
14/7/2021,345.73,Hold,Hold,Hold,Hold,Hold,Hold,Hold,Hold,Hold,Hold,0.9944479833333334,0.997089504
15/7/2021,342.58,Hold,Hold,Hold,Hold,Sell,Hold,Hold,Sell,Hold,Hold,0.503852975,0.9266490645454546
16/7/2021,339.3,Hold,Hold,Hold,Hold,Hold,Hold,Hold,Hold,Hold,Sell,0.8718852500000001,0.9329555855579936
19/7/2021,335.11,Hold,Hold,Hold,Hold,Hold,Hold,Hold,Hold,Hold,Hold,-0.65153295,0.995483746818182
20/7/2021,339.8,Hold,Hold,Hold,Hold,Hold,Hold,Hold,Hold,Hold,Hold,0.4288519,0.9981848938461538
21/7/2021,344.34,Hold,Hold,Hold,Hold,Hold,Hold,Hold,Hold,Hold,Hold,0.99981673,0.9448988128571428
22/7/2021,349.27,Buy,Hold,Buy,Hold,Hold,Hold,Hold,Buy,Hold,Hold,0.996083085,0.9999773266666666
23/7/2021,367.77,Hold,Hold,Hold,Hold,Hold,Hold,Hold,Hold,Hold,Hold,0.6657919014495982,0.9988553745454546
26/7/2021,370.43,Hold,Hold,Hold,Hold,Hold,Hold,Hold,Hold,Hold,Hold,0.999680165,0.9622595157142856
27/7/2021,365.8,Hold,Hold,Hold,Hold,Hold,Hold,Hold,Hold,Hold,Hold,0.86573912,0.99522306
28/7/2021,371.24,Hold,Hold,Hold,Hold,Buy,Hold,Hold,Buy,Hold,Buy,0.2831585827029485,0.99222244625
29/7/2021,356.36,Hold,Hold,Hold,Hold,Hold,Hold,Hold,Hold,Hold,Hold,0.12293436894213,0.999342344
30/7/2021,354.36,Hold,Hold,Hold,Hold,Hold,Hold,Hold,Hold,Hold,Hold,0.9982534,0.74999166675515
2/8/2021,350.03,Sell,Hold,Sell,Hold,Hold,Hold,Hold,Sell,Hold,Hold,0.9982022933333332,0.99992702
3/8/2021,349.32,Hold,Hold,Hold,Hold,Hold,Hold,Hold,Hold,Hold,Hold,0.9999466,0.9080772481098184
4/8/2021,356.96,Hold,Hold,Hold,Hold,Hold,Hold,Hold,Hold,Hold,Hold,0.3330544533333333,0.9992883866666666
5/8/2021,360.99,Hold,Hold,Hold,Hold,Hold,Hold,Hold,Buy,Hold,Hold,0.4088715,0.9987897366666668
6/8/2021,361.53,Hold,Hold,Hold,Hold,Hold,Hold,Hold,Hold,Hold,Hold,0.97521484,0.9945898914285716
9/8/2021,359.64,Hold,Hold,Hold,Hold,Hold,Hold,Hold,Sell,Hold,Hold,0.6814387333333333,0.9992291425
10/8/2021,359.16,Hold,Hold,Hold,Hold,Hold,Hold,Hold,Hold,Hold,Hold,0.999843685,0.999719646
11/8/2021,358.0,Hold,Hold,Hold,Hold,Hold,Hold,Hold,Hold,Hold,Hold,0.70569846,0.999845015
12/8/2021,360.67,Hold,Hold,Hold,Hold,Hold,Hold,Hold,Hold,Hold,Hold,0.9999231,0.4998669625
13/8/2021,361.2,Hold,Hold,Hold,Hold,Hold,Hold,Hold,Buy,Hold,Hold,0.2898137137107,0.849055809975
16/8/2021,364.56,Hold,Hold,Hold,Hold,Hold,Hold,Hold,Hold,Hold,Hold,0.5345479275,0.999099325
17/8/2021,356.49,Hold,Hold,Hold,Hold,Sell,Hold,Hold,Hold,Hold,Sell,0.9938496,0.6344826366666666
18/8/2021,353.51,Hold,Hold,Hold,Hold,Hold,Hold,Hold,Sell,Hold,Hold,0.666511682849,0.99695605
19/8/2021,353.18,Hold,Hold,Hold,Hold,Hold,Hold,Hold,Hold,Hold,Hold,0.481138305,0.5505534261428572
20/8/2021,357.41,Hold,Hold,Hold,Hold,Hold,Hold,Hold,Hold,Hold,Hold,0.32852192,0.9998493716666668
23/8/2021,361.37,Buy,Hold,Buy,Hold,Buy,Hold,Hold,Buy,Hold,Buy,0.1887651950725,0.999921376
24/8/2021,363.52,Hold,Hold,Hold,Hold,Hold,Hold,Hold,Hold,Hold,Hold,0.499897242349,0.9998808725
25/8/2021,366.38,Hold,Hold,Hold,Hold,Hold,Hold,Hold,Hold,Hold,Hold,0.0330939249999999,0.999890805
26/8/2021,362.39,Hold,Hold,Hold,Hold,Hold,Hold,Hold,Hold,Hold,Hold,0.9992426,0.9999956
27/8/2021,370.6,Hold,Hold,Hold,Hold,Hold,Hold,Hold,Hold,Hold,Hold,0.9984510133333332,0.9804304
30/8/2021,378.58,Hold,Hold,Hold,Hold,Hold,Hold,Hold,Hold,Hold,Hold,,0.9953879257142856
31/8/2021,377.31,Hold,Hold,Hold,Hold,Hold,Hold,Hold,Hold,Hold,Hold,0.9981097,0.999977626
1/9/2021,379.97,Hold,Hold,Hold,Hold,Hold,Hold,Hold,Hold,Hold,Hold,-0.0015237915333333,0.999624542
2/9/2021,373.23,Hold,Hold,Hold,Hold,Hold,Hold,Hold,Hold,Hold,Hold,0.59191737,0.9991689666666668
3/9/2021,374.21,Hold,Hold,Hold,Hold,Hold,Hold,Hold,Hold,Hold,Hold,0.074140875,0.9958054625
7/9/2021,380.09,Hold,Sell,Hold,Hold,Hold,Hold,Hold,Hold,Hold,Hold,0.429487655,0.9999051475
8/9/2021,375.51,Hold,Hold,Hold,Hold,Hold,Hold,Hold,Hold,Hold,Hold,,0.998661397
9/9/2021,375.94,Hold,Sell,Hold,Hold,Hold,Hold,Hold,Hold,Hold,Hold,0.3970758928866666,0.7031626142857144
10/9/2021,376.62,Hold,Hold,Hold,Hold,Hold,Hold,Hold,Hold,Hold,Hold,0.3333204666666667,0.9040567566666668
13/9/2021,374.46,Sell,Hold,Sell,Hold,Hold,Sell,Hold,Hold,Hold,Hold,0.9733430475,0.99807576
14/9/2021,374.48,Hold,Hold,Hold,Hold,Hold,Hold,Hold,Hold,Hold,Hold,0.864224425,0.9926201025
15/9/2021,371.88,Hold,Hold,Hold,Hold,Hold,Hold,Hold,Sell,Hold,Hold,0.16630493,0.999884622
16/9/2021,371.02,Hold,Hold,Hold,Sell,Sell,Hold,Hold,Hold,Sell,Hold,-0.4442682859999999,0.99944252875
17/9/2021,362.73,Hold,Hold,Hold,Hold,Hold,Hold,Hold,Hold,Hold,Hold,0.9987274433333332,0.9996950666666669
20/9/2021,353.76,Hold,Hold,Hold,Hold,Hold,Hold,Sell,Hold,Hold,Sell,-0.01560864,0.99765524
21/9/2021,355.53,Hold,Hold,Hold,Hold,Hold,Hold,Hold,Hold,Hold,Hold,0.9851751816666666,0.999272218181818
22/9/2021,341.34,Hold,Hold,Hold,Hold,Hold,Hold,Hold,Hold,Hold,Hold,0.24930357625,0.999626894
23/9/2021,344.07,Hold,Hold,Hold,Hold,Hold,Hold,Hold,Hold,Hold,Hold,0.811577406,0.77436720375
24/9/2021,351.03,Hold,Hold,Hold,Hold,Hold,Hold,Hold,Hold,Hold,Hold,0.9800380166666668,0.9999526585714286
27/9/2021,351.65,Hold,Hold,Hold,Hold,Hold,Hold,Hold,Hold,Hold,Hold,0.4430416933333334,0.999981202
28/9/2021,338.79,Hold,Hold,Hold,Hold,Hold,Hold,Hold,Hold,Hold,Hold,0.6115844850000001,0.99940101
29/9/2021,337.76,Hold,Hold,Hold,Hold,Hold,Hold,Hold,Hold,Hold,Hold,0.1462734999999999,0.9996084071428571
30/9/2021,337.54,Hold,Hold,Hold,Hold,Hold,Hold,Hold,Hold,Hold,Hold,0.4829190166666666,0.9900603766666668
1/10/2021,341.14,Hold,Hold,Hold,Hold,Hold,Hold,Hold,Hold,Hold,Hold,0.99993558,0.990135274
4/10/2021,324.45,Hold,Hold,Hold,Hold,Hold,Hold,Hold,Hold,Hold,Hold,-0.1472965070164285,0.8867018338095237
5/10/2021,331.14,Hold,Hold,Hold,Hold,Hold,Hold,Hold,Hold,Hold,Hold,-0.0573648541538461,0.7326983307692309
6/10/2021,331.82,Hold,Hold,Hold,Hold,Hold,Hold,Hold,Hold,Hold,Hold,0.0279820712727272,0.999980575
7/10/2021,327.42,Hold,Hold,Hold,Hold,Hold,Hold,Hold,Hold,Hold,Hold,0.1009687828571428,0.9999684133333332
8/10/2021,328.25,Hold,Hold,Hold,Hold,Hold,Hold,Hold,Hold,Hold,Hold,0.589664436,0.99985085
11/10/2021,323.67,Hold,Hold,Hold,Hold,Hold,Hold,Hold,Hold,Hold,Hold,0.2474340379999999,0.9999734566666666
12/10/2021,322.0,Hold,Hold,Hold,Hold,Hold,Hold,Hold,Hold,Hold,Hold,0.99948874,0.97327031
13/10/2021,322.77,Hold,Hold,Hold,Hold,Hold,Hold,Hold,Hold,Hold,Hold,0.2321807716666666,0.9995170433333334
14/10/2021,326.74,Hold,Buy,Hold,Hold,Hold,Hold,Hold,Hold,Hold,Hold,0.1814628,0.9386269842857144
15/10/2021,322.99,Hold,Buy,Hold,Hold,Hold,Hold,Hold,Hold,Hold,Hold,0.2576906033333333,0.9999606675
18/10/2021,333.51,Buy,Hold,Buy,Hold,Hold,Hold,Hold,Hold,Hold,Hold,0.511275675,0.9988821385714284
19/10/2021,338.13,Hold,Hold,Hold,Hold,Hold,Hold,Hold,Buy,Hold,Hold,0.9925437316666668,0.8958840975
20/10/2021,338.92,Hold,Hold,Hold,Hold,Hold,Hold,Hold,Hold,Hold,Hold,0.4162957016,0.7022062375381408
21/10/2021,340.01,Hold,Hold,Hold,Hold,Hold,Hold,Hold,Hold,Hold,Hold,0.17879015,0.9168266927272728
22/10/2021,322.84,Hold,Hold,Hold,Hold,Hold,Hold,Hold,Buy,Hold,Hold,-0.5008317,0.8876082930000001
25/10/2021,326.9,Sell,Hold,Sell,Hold,Hold,Hold,Hold,Sell,Hold,Hold,0.2232464064662183,0.99940241
26/10/2021,314.09,Hold,Hold,Hold,Hold,Hold,Hold,Hold,Hold,Hold,Hold,0.3093149378368557,0.888739963754111
27/10/2021,310.52,Hold,Hold,Hold,Hold,Hold,Hold,Hold,Hold,Hold,Hold,0.83246490375,0.7630518286041666
28/10/2021,315.19,Hold,Hold,Hold,Hold,Hold,Hold,Hold,Hold,Hold,Hold,0.81097842,0.9495953610448276
29/10/2021,321.8,Hold,Hold,Hold,Hold,Hold,Hold,Hold,Hold,Hold,Hold,0.7592545427333334,0.8619699081413402
1/11/2021,328.18,Buy,Hold,Buy,Hold,Hold,Buy,Hold,Hold,Hold,Hold,0.2500173799431349,0.7252600989468421
2/11/2021,326.29,Hold,Hold,Hold,Hold,Buy,Hold,Hold,Buy,Buy,Hold,-0.0284717044444444,0.930268108
3/11/2021,329.81,Hold,Hold,Hold,Hold,Hold,Hold,Hold,Hold,Hold,Buy,0.2504366,0.8827695088525247
4/11/2021,334.02,Hold,Hold,Hold,Hold,Hold,Hold,Hold,Hold,Hold,Buy,0.0006047675604,0.960284013125
5/11/2021,339.27,Hold,Hold,Hold,Hold,Sell,Hold,Hold,Hold,Hold,Sell,0.4573848045408,0.996460451
8/11/2021,336.77,Hold,Hold,Hold,Hold,Hold,Hold,Hold,Hold,Buy,Hold,0.617604450606,0.695546409917647
9/11/2021,333.54,Hold,Hold,Hold,Hold,Hold,Hold,Hold,Buy,Sell,Hold,0.5614728390479905,0.748661387775
10/11/2021,325.85,Hold,Hold,Hold,Hold,Hold,Hold,Hold,Hold,Hold,Hold,0.99837829,0.9964671877777778
11/11/2021,325.95,Hold,Hold,Hold,Hold,Hold,Hold,Hold,Hold,Sell,Hold,0.99996746,0.3818835958181818
12/11/2021,339.03,Hold,Hold,Hold,Hold,Hold,Hold,Hold,Hold,Hold,Hold,-0.9837006,0.99410306375
15/11/2021,345.66,Hold,Hold,Hold,Buy,Buy,Hold,Buy,Hold,Buy,Buy,-0.3474837533333333,0.9161831825131996
16/11/2021,341.09,Hold,Hold,Hold,Buy,Hold,Hold,Hold,Hold,Hold,Hold,0.9981572,0.9411409269230768
17/11/2021,338.91,Hold,Hold,Hold,Hold,Hold,Hold,Hold,Hold,Hold,Hold,0.29985163,0.9911214642857143
18/11/2021,336.84,Hold,Hold,Hold,Hold,Hold,Hold,Hold,Hold,Hold,Hold,0.8321005651333334,0.9570454714285714
19/11/2021,343.42,Hold,Hold,Hold,Hold,Hold,Sell,Hold,Hold,Sell,Hold,0.9968048,0.8326671802632166
22/11/2021,339.15,Hold,Hold,Hold,Hold,Hold,Hold,Hold,Hold,Buy,Hold,0.99986385,0.6934272371915118
23/11/2021,335.41,Hold,Hold,Hold,Hold,Hold,Hold,Hold,Hold,Hold,Hold,,0.8614276486480453
24/11/2021,339.2,Sell,Hold,Hold,Sell,Sell,Sell,Hold,Sell,Sell,Hold,0.4059997399999999,0.999466312
26/11/2021,331.3,Hold,Hold,Hold,Hold,Hold,Hold,Hold,Hold,Buy,Hold,0.9995921,0.9978655222222224
29/11/2021,336.19,Sell,Hold,Sell,Sell,Sell,Sell,Sell,Sell,Sell,Sell,0.016448775,0.7996687488900001
30/11/2021,322.69,Hold,Hold,Hold,Hold,Hold,Hold,Hold,Hold,Hold,Hold,0.9969626442857142,0.9647091621428572
1/12/2021,308.91,Hold,Hold,Hold,Hold,Hold,Hold,Sell,Hold,Hold,Sell,0.9999035,0.9955525266666668
2/12/2021,308.7,Hold,Hold,Hold,Hold,Hold,Hold,Hold,Hold,Hold,Hold,0.74772871948535,0.9104066366666668
3/12/2021,305.17,Hold,Hold,Hold,Hold,Hold,Hold,Hold,Hold,Hold,Hold,,0.8067678995446
6/12/2021,316.14,Hold,Hold,Hold,Hold,Hold,Hold,Hold,Hold,Hold,Hold,0.465648645622,0.8273635729090909
7/12/2021,321.05,Hold,Hold,Hold,Hold,Hold,Hold,Hold,Hold,Hold,Hold,0.2141337210581818,0.8328724028118724
8/12/2021,328.76,Hold,Hold,Hold,Hold,Hold,Hold,Hold,Hold,Hold,Hold,0.4400421425,0.9079095640845456
9/12/2021,328.02,Buy,Hold,Buy,Buy,Hold,Hold,Buy,Buy,Buy,Hold,0.8888263999999999,0.9157891773833334
10/12/2021,327.95,Hold,Hold,Hold,Hold,Hold,Buy,Hold,Hold,Hold,Hold,-0.9956307,0.986920775
13/12/2021,332.66,Hold,Hold,Hold,Hold,Hold,Hold,Hold,Hold,Hold,Hold,0.604016928,0.9409661602588236
14/12/2021,331.92,Hold,Hold,Hold,Hold,Hold,Hold,Hold,Hold,Buy,Hold,,0.9963108075
15/12/2021,339.8,Hold,Hold,Hold,Hold,Hold,Hold,Hold,Buy,Hold,Hold,0.999832425,0.831706055
16/12/2021,333.07,Hold,Hold,Hold,Buy,Hold,Hold,Buy,Hold,Hold,Hold,0.2987878966666666,0.99994374125
17/12/2021,331.97,Hold,Hold,Hold,Hold,Hold,Hold,Hold,Hold,Hold,Hold,,0.9968950515384616
20/12/2021,323.67,Hold,Hold,Hold,Hold,Hold,Hold,Hold,Hold,Sell,Hold,,0.8742025254545454
21/12/2021,332.38,Hold,Hold,Hold,Hold,Hold,Hold,Hold,Hold,Sell,Hold,0.9999913,0.999808098
22/12/2021,328.65,Hold,Hold,Hold,Hold,Buy,Hold,Hold,Hold,Buy,Buy,0.5510086,0.9995357271428572
23/12/2021,333.41,Hold,Hold,Hold,Hold,Hold,Hold,Hold,Hold,Sell,Hold,-0.9989761,0.99623303
27/12/2021,344.29,Hold,Hold,Hold,Hold,Hold,Hold,Hold,Hold,Buy,Hold,0.8442278,0.965035379
28/12/2021,344.33,Hold,Hold,Hold,Hold,Hold,Hold,Hold,Hold,Hold,Hold,0.48714612,0.8367716938886595
29/12/2021,341.07,Hold,Hold,Hold,Hold,Hold,Hold,Hold,Hold,Hold,Hold,0.1386584916333333,0.950422253846154
30/12/2021,342.48,Hold,Hold,Hold,Hold,Hold,Hold,Hold,Hold,Hold,Hold,,0.9209440694923076
31/12/2021,334.51,Hold,Hold,Hold,Hold,Hold,Hold,Hold,Hold,Hold,Hold,0.9999704,0.9989800141666666
3/1/2022,336.69,Sell,Hold,Hold,Sell,Hold,Hold,Hold,Sell,Sell,Hold,0.9325151966666666,0.8271004879999999
4/1/2022,334.69,Hold,Hold,Hold,Hold,Hold,Hold,Hold,Hold,Hold,Hold,0.7509831966666667,0.99270614625
5/1/2022,322.4,Sell,Hold,Sell,Sell,Sell,Sell,Hold,Sell,Sell,Hold,0.4998953481296,0.994880635
6/1/2022,330.65,Hold,Hold,Hold,Hold,Hold,Hold,Sell,Hold,Sell,Sell,0.319948044556,0.9953035615384616
7/1/2022,329.98,Hold,Hold,Hold,Hold,Hold,Hold,Hold,Hold,Hold,Hold,0.5225166301631189,0.9988497688888888
10/1/2022,326.28,Hold,Hold,Hold,Hold,Hold,Hold,Hold,Sell,Hold,Hold,0.794086686,0.7142769629371
11/1/2022,332.55,Hold,Hold,Hold,Sell,Hold,Hold,Sell,Hold,Hold,Hold,0.8279005304545454,0.99878988
12/1/2022,331.44,Hold,Hold,Hold,Hold,Hold,Hold,Hold,Hold,Hold,Hold,0.5479110516666666,0.85299002
13/1/2022,324.7,Hold,Hold,Hold,Hold,Sell,Hold,Hold,Hold,Hold,Sell,,0.8200714250000001
14/1/2022,330.09,Hold,Hold,Hold,Hold,Hold,Hold,Hold,Hold,Hold,Hold,0.2743416174999999,0.997631642
18/1/2022,316.41,Hold,Hold,Hold,Hold,Hold,Hold,Hold,Hold,Hold,Hold,0.6027103319313908,0.7945180992363636
19/1/2022,317.85,Hold,Hold,Hold,Hold,Hold,Hold,Hold,Hold,Hold,Hold,0.4700846079999999,0.7487504991875
20/1/2022,314.83,Hold,Hold,Hold,Hold,Hold,Hold,Hold,Hold,Hold,Hold,0.9971890866666668,0.83846768722
21/1/2022,301.52,Hold,Hold,Hold,Hold,Hold,Hold,Hold,Hold,Hold,Hold,0.6179692133333333,0.9999119011111112
24/1/2022,307.03,Hold,Hold,Hold,Hold,Hold,Hold,Hold,Hold,Hold,Hold,0.474816782599625,0.9184790246875
25/1/2022,298.51,Hold,Hold,Hold,Hold,Hold,Hold,Hold,Hold,Hold,Hold,0.437610283715,0.8749231469381787
26/1/2022,293.02,Hold,Hold,Hold,Hold,Hold,Hold,Hold,Hold,Hold,Hold,0.3308651766666666,0.968547548
27/1/2022,293.03,Hold,Hold,Hold,Hold,Hold,Hold,Hold,Hold,Hold,Hold,0.3332525018083333,0.4631703067346938
28/1/2022,300.06,Hold,Hold,Hold,Hold,Hold,Hold,Hold,Hold,Hold,Hold,0.0960313611,0.7506404605882353
31/1/2022,311.55,Hold,Hold,Hold,Hold,Hold,Hold,Hold,Hold,Hold,Hold,0.796009548712,0.9343499472727274
1/2/2022,317.26,Buy,Hold,Hold,Hold,Hold,Hold,Hold,Hold,Hold,Hold,0.33136873,0.7598711808245454
2/2/2022,321.24,Hold,Hold,Buy,Hold,Hold,Hold,Hold,Hold,Hold,Hold,-0.2767190872392999,0.804382032368421
3/2/2022,236.46,Sell,Hold,Sell,Hold,Hold,Hold,Hold,Hold,Hold,Hold,-0.22055075455517,0.6361665975903333
4/2/2022,235.8,Hold,Hold,Hold,Hold,Hold,Hold,Hold,Hold,Hold,Hold,-0.3501268027031273,0.8429426314285714
7/2/2022,223.68,Hold,Hold,Hold,Hold,Hold,Hold,Hold,Hold,Hold,Hold,0.2711524288553072,0.8238989041694118
8/2/2022,218.98,Hold,Hold,Hold,Hold,Hold,Hold,Hold,Hold,Hold,Hold,0.1373797357468461,0.8568729530849971
9/2/2022,230.73,Hold,Hold,Hold,Hold,Hold,Hold,Hold,Hold,Hold,Hold,0.477529839225,0.8751064967875
10/2/2022,226.83,Hold,Hold,Hold,Hold,Hold,Hold,Hold,Hold,Hold,Hold,-0.3469283956,0.981939114
11/2/2022,218.35,Hold,Hold,Hold,Hold,Hold,Hold,Hold,Hold,Hold,Hold,0.503016365,0.8061059892
14/2/2022,216.51,Hold,Hold,Hold,Hold,Hold,Hold,Hold,Hold,Hold,Hold,0.2398935707857143,0.8002679462
15/2/2022,219.79,Hold,Hold,Hold,Hold,Hold,Hold,Hold,Hold,Hold,Hold,0.5682908259999999,0.9920753271428572
16/2/2022,215.36,Hold,Hold,Hold,Hold,Hold,Hold,Hold,Hold,Hold,Hold,0.5641030528461539,0.4428687006142857
17/2/2022,206.58,Hold,Hold,Hold,Hold,Hold,Hold,Hold,Hold,Hold,Hold,0.807289109966105,0.797285398
18/2/2022,205.04,Hold,Hold,Hold,Hold,Hold,Hold,Hold,Hold,Hold,Hold,-0.2723044925,0.7706094027272727
22/2/2022,200.98,Hold,Hold,Hold,Hold,Hold,Hold,Hold,Hold,Hold,Hold,0.608195869328,0.5022125528333333
23/2/2022,197.37,Hold,Hold,Hold,Hold,Hold,Hold,Hold,Hold,Hold,Hold,0.464467375,0.9623830208333332
24/2/2022,206.47,Hold,Hold,Hold,Hold,Hold,Hold,Hold,Hold,Hold,Hold,0.5694352914285714,0.9999758
25/2/2022,209.33,Hold,Hold,Hold,Hold,Hold,Hold,Hold,Hold,Hold,Hold,0.1049935625407103,0.981268626
28/2/2022,209.88,Hold,Hold,Hold,Hold,Hold,Hold,Hold,Hold,Hold,Hold,0.399716064,0.999910668
1/3/2022,202.38,Hold,Hold,Hold,Hold,Hold,Hold,Hold,Hold,Hold,Hold,0.6664314716666667,0.998508405
2/3/2022,206.97,Hold,Hold,Hold,Hold,Hold,Hold,Hold,Hold,Hold,Hold,-0.095694092,0.9999828366666668
3/3/2022,201.86,Hold,Hold,Hold,Hold,Hold,Hold,Hold,Hold,Hold,Hold,0.9999866666666668,0.99991458
4/3/2022,198.97,Hold,Hold,Hold,Hold,Hold,Hold,Hold,Hold,Hold,Hold,0.7759381954545455,0.99958818
7/3/2022,186.45,Hold,Buy,Hold,Hold,Hold,Hold,Hold,Hold,Hold,Hold,0.67257606,0.7810761563636365
8/3/2022,189.25,Hold,Buy,Hold,Hold,Hold,Hold,Hold,Buy,Hold,Hold,0.001699525,0.9993502814285716
9/3/2022,197.42,Hold,Hold,Hold,Hold,Hold,Hold,Hold,Hold,Hold,Hold,0.999962,0.998825605
10/3/2022,194.14,Hold,Hold,Hold,Hold,Hold,Hold,Hold,Hold,Hold,Hold,0.0028197393333333,0.96601415
11/3/2022,186.59,Hold,Hold,Hold,Hold,Hold,Hold,Hold,Hold,Hold,Hold,0.21654297,0.747948814
14/3/2022,185.61,Hold,Hold,Hold,Hold,Hold,Hold,Hold,Hold,Hold,Hold,0.652066175,0.8100489968
15/3/2022,190.98,Hold,Hold,Hold,Hold,Hold,Hold,Hold,Hold,Hold,Hold,,0.9842926185714286
16/3/2022,202.52,Hold,Hold,Hold,Hold,Hold,Hold,Hold,Hold,Hold,Hold,0.5788738622857144,0.912213035
17/3/2022,206.71,Hold,Hold,Hold,Hold,Buy,Hold,Hold,Buy,Hold,Hold,0.600288886348,0.99728024875
18/3/2022,215.31,Hold,Hold,Hold,Hold,Hold,Hold,Buy,Hold,Hold,Buy,-0.7579132633333333,0.8820801670677778
21/3/2022,210.34,Hold,Hold,Hold,Hold,Hold,Hold,Hold,Hold,Hold,Hold,0.4244369323897444,0.9995982977777778
22/3/2022,215.47,Hold,Hold,Hold,Hold,Hold,Hold,Hold,Hold,Hold,Hold,-0.9998146,0.9006055866666666
23/3/2022,212.3,Hold,Hold,Hold,Hold,Hold,Hold,Hold,Hold,Hold,Hold,,0.9965658844444444
24/3/2022,218.37,Hold,Hold,Hold,Hold,Hold,Hold,Hold,Hold,Hold,Hold,0.6416988360666667,0.8145488275
25/3/2022,220.61,Hold,Hold,Hold,Hold,Hold,Hold,Hold,Hold,Hold,Hold,0.98235008,0.75055641745
28/3/2022,222.37,Hold,Hold,Hold,Hold,Hold,Hold,Hold,Hold,Hold,Hold,0.6574183176868915,0.500590425
29/3/2022,228.61,Hold,Hold,Hold,Hold,Hold,Hold,Hold,Hold,Hold,Hold,0.9877414166666668,0.7300451866666666
30/3/2022,226.61,Hold,Hold,Hold,Hold,Hold,Hold,Hold,Hold,Hold,Hold,0.95734409,0.996170146
31/3/2022,221.15,Hold,Hold,Hold,Hold,Hold,Hold,Hold,Hold,Hold,Hold,0.3471902266666666,0.9998276866666668
1/4/2022,223.62,Hold,Sell,Hold,Hold,Hold,Hold,Hold,Hold,Hold,Hold,0.601595626,0.8251257925
4/4/2022,232.61,Hold,Sell,Hold,Hold,Hold,Hold,Hold,Hold,Hold,Hold,0.3226486799999999,0.99179255
5/4/2022,230.58,Hold,Sell,Hold,Hold,Hold,Hold,Hold,Hold,Hold,Hold,0.9997617433333332,0.9942503625
6/4/2022,222.08,Hold,Hold,Hold,Hold,Hold,Hold,Hold,Hold,Hold,Hold,0.5054566775,0.8053796975
7/4/2022,221.73,Hold,Hold,Hold,Hold,Hold,Hold,Hold,Hold,Hold,Hold,0.9992670366666668,0.999787075
8/4/2022,221.12,Sell,Hold,Hold,Sell,Sell,Hold,Hold,Sell,Hold,Hold,-0.868440875,0.9997430666666668
11/4/2022,215.28,Hold,Hold,Hold,Hold,Hold,Hold,Hold,Hold,Hold,Hold,0.86655754,0.5478094968333332
12/4/2022,212.97,Hold,Hold,Sell,Hold,Hold,Hold,Sell,Sell,Hold,Sell,0.76182828270951,0.96720800875
13/4/2022,213.82,Sell,Hold,Hold,Hold,Hold,Hold,Hold,Hold,Hold,Hold,-0.1853414799999999,0.9999337575
14/4/2022,209.03,Hold,Hold,Hold,Hold,Hold,Hold,Hold,Hold,Hold,Hold,0.4964536275,0.463560120125
18/4/2022,209.62,Hold,Hold,Hold,Hold,Hold,Hold,Hold,Hold,Hold,Hold,0.50185466,0.9440476385714286
19/4/2022,216.12,Hold,Hold,Hold,Sell,Hold,Hold,Hold,Hold,Hold,Hold,0.3294629166666666,0.99904947125
20/4/2022,199.33,Hold,Hold,Hold,Hold,Hold,Hold,Hold,Hold,Hold,Hold,0.5014005925,0.589961628505
21/4/2022,187.04,Hold,Hold,Hold,Hold,Hold,Hold,Hold,Hold,Hold,Hold,0.8451484075,0.7267469263636364
22/4/2022,183.11,Hold,Hold,Hold,Hold,Hold,Hold,Hold,Hold,Hold,Hold,0.0599273399999999,0.68438833296
25/4/2022,185.97,Hold,Hold,Hold,Hold,Hold,Hold,Hold,Hold,Hold,Hold,0.8161132357142857,0.655387392019
26/4/2022,179.96,Hold,Buy,Hold,Hold,Hold,Hold,Hold,Hold,Hold,Hold,0.2760215754970554,0.713522529715375
27/4/2022,174.0,Hold,Buy,Hold,Hold,Hold,Hold,Hold,Hold,Hold,Hold,0.1504208505067242,0.2462381422421052
28/4/2022,204.61,Hold,Hold,Hold,Hold,Hold,Hold,Hold,Hold,Hold,Hold,0.1552262940349175,0.3973254904374118
29/4/2022,199.38,Buy,Hold,Buy,Hold,Hold,Hold,Hold,Buy,Buy,Hold,0.503696674319855,0.752114772868421
2/5/2022,209.98,Hold,Hold,Hold,Hold,Hold,Buy,Hold,Hold,Hold,Hold,0.87017459,0.7768192377777778
3/5/2022,210.87,Hold,Hold,Hold,Hold,Hold,Hold,Hold,Hold,Hold,Hold,0.0639348899999999,0.999777435
4/5/2022,222.19,Hold,Hold,Hold,Hold,Hold,Hold,Hold,Hold,Hold,Hold,0.999301,0.7863886369200712
5/5/2022,207.14,Hold,Hold,Hold,Hold,Hold,Buy,Hold,Hold,Hold,Hold,-0.1671250479316666,0.97790043
6/5/2022,202.66,Hold,Hold,Hold,Hold,Hold,Sell,Hold,Hold,Sell,Hold,0.4988210057961666,0.9994298333333336
9/5/2022,195.14,Sell,Hold,Sell,Hold,Hold,Hold,Hold,Sell,Hold,Hold,0.96438438,0.46232874
10/5/2022,196.57,Hold,Hold,Hold,Hold,Hold,Hold,Hold,Hold,Hold,Hold,0.993601028,0.2298675333333333
11/5/2022,187.71,Sell,Hold,Sell,Hold,Hold,Hold,Hold,Hold,Hold,Hold,0.597605634,0.9998812475
12/5/2022,190.2,Hold,Hold,Hold,Hold,Hold,Hold,Hold,Hold,Hold,Hold,-0.997515515,0.87888658
13/5/2022,197.54,Hold,Hold,Hold,Hold,Buy,Hold,Hold,Hold,Hold,Buy,0.9993347666666668,0.9982649625
16/5/2022,198.95,Buy,Hold,Buy,Hold,Hold,Hold,Hold,Sell,Hold,Hold,0.9801474,0.9999816566666668
17/5/2022,201.51,Buy,Hold,Hold,Hold,Hold,Hold,Hold,Buy,Hold,Hold,0.2466919675,0.7777730466666667
18/5/2022,191.19,Hold,Hold,Buy,Hold,Hold,Hold,Hold,Hold,Hold,Hold,0.272350174276875,0.9959129075
19/5/2022,190.25,Sell,Hold,Sell,Hold,Sell,Hold,Hold,Sell,Hold,Sell,0.3376167833333333,0.997920537
20/5/2022,192.48,Hold,Hold,Hold,Hold,Hold,Hold,Hold,Hold,Hold,Hold,0.57644158,0.9136339225454544
23/5/2022,195.16,Buy,Hold,Hold,Hold,Sell,Hold,Hold,Hold,Hold,Hold,0.7583977922222221,0.996894968181818
24/5/2022,180.29,Sell,Buy,Hold,Hold,Hold,Hold,Hold,Hold,Hold,Hold,-0.2240675859999999,0.13181425035
25/5/2022,182.83,Hold,Hold,Hold,Hold,Hold,Hold,Hold,Buy,Hold,Hold,0.6453785550000001,0.485224032856915
26/5/2022,190.58,Hold,Hold,Hold,Hold,Hold,Hold,Hold,Sell,Hold,Hold,0.870804262,0.4434439950008571
27/5/2022,194.07,Buy,Hold,Buy,Hold,Hold,Hold,Hold,Hold,Hold,Hold,-0.759479435,0.9992242483333332
31/5/2022,192.58,Hold,Hold,Hold,Hold,Hold,Hold,Hold,Buy,Hold,Hold,0.811971056526373,0.873728697125
1/6/2022,187.61,Hold,Hold,Hold,Hold,Hold,Hold,Hold,Hold,Hold,Hold,0.8845069536600001,0.94047904
2/6/2022,197.77,Sell,Hold,Hold,Hold,Hold,Hold,Hold,Sell,Hold,Hold,0.7328638827777777,0.9517254633333332
3/6/2022,189.74,Hold,Hold,Hold,Hold,Hold,Hold,Hold,Buy,Hold,Hold,0.2131431432956666,0.9656429475
6/6/2022,193.19,Sell,Hold,Sell,Hold,Hold,Hold,Hold,Sell,Hold,Hold,0.7109824849999999,0.94934636
7/6/2022,194.58,Hold,Hold,Hold,Hold,Hold,Hold,Hold,Buy,Hold,Hold,0.4615396493749999,0.9993440171428573
8/6/2022,195.57,Hold,Hold,Hold,Hold,Hold,Hold,Hold,Hold,Hold,Hold,0.639051756,0.9974036225
9/6/2022,183.0,Hold,Hold,Hold,Hold,Hold,Hold,Hold,Hold,Hold,Hold,0.3485041638916666,0.791805501875
10/6/2022,174.61,Sell,Hold,Sell,Hold,Hold,Hold,Hold,Sell,Hold,Hold,0.564173182,0.8213608686666666
13/6/2022,163.36,Hold,Hold,Hold,Hold,Hold,Hold,Hold,Hold,Hold,Hold,0.99732302,0.9029441816666668
14/6/2022,162.84,Hold,Hold,Hold,Hold,Hold,Hold,Hold,Hold,Hold,Hold,0.976336075,0.4209543756300792
15/6/2022,168.43,Hold,Hold,Hold,Hold,Hold,Hold,Hold,Hold,Hold,Hold,0.455136915,0.953895656
16/6/2022,159.99,Hold,Hold,Hold,Hold,Hold,Hold,Hold,Hold,Hold,Hold,0.8748295725288,0.857018265
17/6/2022,162.85,Hold,Hold,Hold,Hold,Hold,Hold,Hold,Hold,Hold,Hold,0.199076958,0.6286866591666667
21/6/2022,156.19,Hold,Hold,Hold,Hold,Hold,Hold,Hold,Hold,Hold,Hold,0.4934849743548885,0.92527874
22/6/2022,155.0,Hold,Hold,Hold,Hold,Hold,Hold,Hold,Hold,Hold,Hold,0.732682611,0.3206519639999999
23/6/2022,157.88,Hold,Hold,Hold,Hold,Hold,Hold,Hold,Hold,Hold,Hold,0.74884207,0.4767624788372941
24/6/2022,169.23,Hold,Hold,Hold,Hold,Hold,Hold,Hold,Hold,Hold,Hold,-0.826995485,0.7402119333125
27/6/2022,168.57,Buy,Hold,Hold,Hold,Hold,Hold,Hold,Buy,Hold,Hold,0.107729905,0.8418641744285714
28/6/2022,159.8,Hold,Buy,Hold,Hold,Hold,Hold,Hold,Hold,Hold,Hold,0.9673188128571428,0.41438006866
29/6/2022,163.05,Hold,Hold,Buy,Hold,Hold,Hold,Hold,Hold,Hold,Hold,0.5971511783333333,0.8347548784139556
30/6/2022,160.37,Hold,Hold,Hold,Hold,Hold,Hold,Hold,Hold,Hold,Hold,0.999787715,0.7066953442857143
1/7/2022,159.16,Hold,Hold,Hold,Hold,Hold,Hold,Hold,Hold,Hold,Hold,0.1190698309111111,0.4324935475
5/7/2022,167.27,Hold,Hold,Hold,Hold,Hold,Hold,Hold,Hold,Hold,Hold,-0.3327577971428571,0.4850123933333334
6/7/2022,168.84,Hold,Hold,Hold,Hold,Buy,Hold,Hold,Buy,Hold,Hold,-0.0006759981966666,0.69065710329
7/7/2022,171.25,Hold,Hold,Hold,Hold,Hold,Hold,Hold,Hold,Hold,Buy,-0.3292904666666666,0.686649178328
8/7/2022,169.95,Hold,Hold,Hold,Hold,Hold,Hold,Hold,Hold,Hold,Hold,0.9998533,0.844700856625
11/7/2022,161.99,Hold,Hold,Hold,Hold,Hold,Hold,Hold,Hold,Hold,Hold,0.9968529075,0.915830778846154
12/7/2022,162.38,Hold,Hold,Hold,Hold,Hold,Hold,Hold,Sell,Hold,Hold,0.793288212,0.9867848628571428
13/7/2022,162.6,Hold,Sell,Hold,Hold,Hold,Hold,Hold,Hold,Hold,Hold,-0.24986462,0.9964394933333334
14/7/2022,157.19,Hold,Hold,Hold,Hold,Hold,Hold,Hold,Buy,Hold,Hold,0.993158,0.99599363
15/7/2022,163.8,Hold,Hold,Hold,Hold,Hold,Hold,Hold,Hold,Hold,Hold,0.59122291,0.7610341116666667
18/7/2022,166.32,Hold,Hold,Hold,Hold,Hold,Hold,Hold,Hold,Hold,Hold,0.86315448,0.629515684
19/7/2022,174.82,Hold,Hold,Hold,Buy,Hold,Hold,Buy,Buy,Buy,Hold,0.6311736085714286,0.9888540666666664
20/7/2022,182.09,Hold,Sell,Hold,Hold,Hold,Hold,Hold,Sell,Hold,Hold,-0.0490013533333333,0.7156632857142856
21/7/2022,182.17,Hold,Hold,Hold,Hold,Hold,Hold,Hold,Hold,Buy,Hold,0.38290233375,0.9922164022222222
22/7/2022,168.35,Hold,Hold,Hold,Buy,Hold,Hold,Buy,Buy,Hold,Hold,-0.1288879633333333,0.7147006300000001
25/7/2022,165.74,Sell,Hold,Sell,Sell,Hold,Sell,Sell,Sell,Sell,Hold,0.138325329,0.52176645
26/7/2022,158.28,Hold,Hold,Hold,Hold,Hold,Hold,Hold,Hold,Hold,Hold,0.41265129,0.6971748292707727
27/7/2022,168.65,Hold,Hold,Hold,Sell,Hold,Hold,Sell,Hold,Hold,Hold,-0.7218384034909091,0.3369582303919047
28/7/2022,159.84,Buy,Hold,Buy,Hold,Hold,Hold,Hold,Hold,Hold,Hold,0.0941241636454152,0.9927990514285714
29/7/2022,158.23,Sell,Hold,Sell,Hold,Sell,Hold,Hold,Sell,Hold,Sell,-0.2853234719999999,0.5478908877777777
1/8/2022,159.06,Hold,Hold,Hold,Hold,Hold,Hold,Hold,Hold,Hold,Hold,-0.19490362,0.4887700305555555
2/8/2022,159.32,Hold,Hold,Hold,Hold,Hold,Hold,Hold,Hold,Hold,Hold,0.9970541,0.5520887402727273
3/8/2022,167.88,Hold,Hold,Hold,Hold,Hold,Hold,Hold,Hold,Hold,Hold,0.0776298275,0.97970093375
4/8/2022,169.64,Buy,Hold,Buy,Buy,Hold,Buy,Buy,Buy,Buy,Hold,0.731926945,0.999622804
5/8/2022,166.2,Hold,Hold,Hold,Hold,Hold,Hold,Hold,Hold,Hold,Hold,0.6010458508000001,0.784950915
8/8/2022,169.32,Hold,Hold,Hold,Hold,Hold,Hold,Hold,Hold,Hold,Hold,0.4646821399999999,0.99597382
9/8/2022,167.61,Hold,Hold,Hold,Hold,Hold,Hold,Hold,Hold,Hold,Hold,0.43061593,0.99998742
10/8/2022,177.37,Hold,Hold,Hold,Hold,Hold,Hold,Hold,Hold,Hold,Hold,0.418856139,0.8877019253676083
11/8/2022,176.52,Hold,Hold,Hold,Hold,Hold,Hold,Hold,Hold,Hold,Hold,0.850951985,0.5596348185428571
12/8/2022,179.52,Hold,Hold,Hold,Hold,Hold,Hold,Hold,Hold,Hold,Hold,0.666666335,0.76753556125
15/8/2022,179.9,Hold,Hold,Hold,Hold,Hold,Hold,Hold,Hold,Hold,Hold,0.3049943298333333,0.7865600633785
16/8/2022,178.49,Hold,Hold,Hold,Hold,Hold,Hold,Hold,Hold,Hold,Hold,0.8031477133333333,0.8333272502166666
17/8/2022,173.9,Hold,Hold,Hold,Hold,Hold,Hold,Hold,Hold,Hold,Hold,0.9972083716666664,0.98437986
18/8/2022,173.71,Hold,Hold,Hold,Hold,Hold,Hold,Hold,Hold,Hold,Hold,0.989250988,0.991230736
19/8/2022,167.04,Hold,Hold,Hold,Hold,Hold,Hold,Hold,Hold,Hold,Hold,0.4097782933333333,0.9951232233333334
22/8/2022,162.16,Sell,Hold,Sell,Sell,Sell,Sell,Sell,Sell,Sell,Sell,0.52047236,0.7903020378583333
23/8/2022,160.23,Hold,Hold,Hold,Hold,Hold,Hold,Hold,Hold,Hold,Hold,-0.0855114998217499,0.9366501325
24/8/2022,162.37,Hold,Hold,Hold,Hold,Hold,Hold,Hold,Hold,Hold,Hold,0.4426269933333333,0.93762022
25/8/2022,167.86,Hold,Hold,Hold,Hold,Hold,Hold,Hold,Hold,Hold,Hold,0.21372326925,0.9798033725
26/8/2022,160.9,Hold,Hold,Hold,Hold,Hold,Hold,Hold,Hold,Hold,Hold,0.999997345,0.9997823042857144
29/8/2022,158.3,Hold,Hold,Hold,Hold,Hold,Hold,Hold,Hold,Hold,Hold,0.450770024,0.81416598
30/8/2022,156.3,Hold,Hold,Hold,Hold,Sell,Hold,Hold,Hold,Hold,Hold,0.3317506666666667,0.9995819622222224
31/8/2022,162.04,Hold,Hold,Hold,Hold,Hold,Hold,Hold,Hold,Hold,Hold,0.922738092,0.9842160527272727
1/9/2022,164.46,Hold,Hold,Hold,Hold,Hold,Hold,Hold,Hold,Hold,Hold,0.6103533833333333,0.96335255
2/9/2022,159.45,Buy,Hold,Hold,Hold,Hold,Hold,Hold,Buy,Hold,Hold,0.27203318543675,0.95824762875
6/9/2022,157.67,Sell,Hold,Hold,Hold,Hold,Hold,Hold,Sell,Hold,Hold,0.9938553344444444,0.972039812
7/9/2022,159.51,Hold,Hold,Hold,Hold,Hold,Hold,Hold,Hold,Hold,Hold,0.9371741233333334,0.9810460311111112
8/9/2022,161.18,Hold,Hold,Hold,Hold,Hold,Hold,Hold,Hold,Hold,Hold,0.996386575,0.7776052225
9/9/2022,168.23,Buy,Hold,Buy,Hold,Hold,Hold,Hold,Hold,Hold,Hold,0.99717915,0.8713745093027951
12/9/2022,168.04,Hold,Hold,Hold,Hold,Hold,Hold,Hold,Buy,Hold,Hold,0.23612439675,0.9998548175
13/9/2022,152.29,Sell,Buy,Sell,Hold,Hold,Hold,Hold,Hold,Hold,Hold,0.3256089866666666,0.9883929511111113
14/9/2022,150.64,Hold,Hold,Hold,Hold,Hold,Hold,Hold,Sell,Hold,Hold,-0.049632475,0.9979029225
15/9/2022,148.73,Hold,Hold,Hold,Hold,Hold,Hold,Hold,Hold,Hold,Hold,0.4023848447840999,0.882023645
16/9/2022,145.49,Hold,Hold,Hold,Hold,Hold,Hold,Hold,Hold,Hold,Hold,-0.999488775,0.9401392
19/9/2022,147.21,Hold,Hold,Hold,Hold,Hold,Hold,Hold,Hold,Hold,Hold,0.8459007637142858,0.75323186875
20/9/2022,145.29,Hold,Hold,Hold,Hold,Hold,Hold,Hold,Hold,Hold,Hold,-0.0940834631441111,0.7153059133333333
21/9/2022,141.34,Hold,Hold,Hold,Hold,Hold,Hold,Hold,Hold,Hold,Hold,0.0081940993749999,0.3331121333333333
22/9/2022,142.04,Hold,Hold,Hold,Hold,Hold,Hold,Hold,Hold,Hold,Hold,0.6084975232857143,0.80260116423
23/9/2022,139.64,Hold,Hold,Hold,Hold,Hold,Hold,Hold,Hold,Hold,Hold,0.172466518,0.4696322525
26/9/2022,135.63,Hold,Hold,Hold,Hold,Hold,Hold,Hold,Hold,Hold,Hold,0.9298531466666669,0.947073111111111
27/9/2022,133.67,Hold,Hold,Hold,Hold,Hold,Hold,Hold,Hold,Hold,Hold,0.805211705,0.998589925
28/9/2022,140.84,Hold,Hold,Hold,Hold,Hold,Hold,Hold,Hold,Hold,Hold,0.6458777814285714,0.9999866433333334
29/9/2022,135.67,Hold,Hold,Hold,Hold,Hold,Hold,Hold,Hold,Hold,Hold,0.980164965,0.7530466636666667
30/9/2022,134.94,Hold,Hold,Hold,Hold,Hold,Hold,Hold,Hold,Hold,Hold,-0.4303195177777777,0.5154247000000001
3/10/2022,137.85,Hold,Hold,Hold,Hold,Hold,Hold,Hold,Hold,Hold,Hold,0.1783470073166666,0.99625468125
4/10/2022,139.51,Hold,Hold,Hold,Hold,Hold,Hold,Hold,Hold,Hold,Hold,0.5178643903681818,0.992739605
5/10/2022,138.22,Hold,Hold,Hold,Hold,Hold,Hold,Hold,Hold,Hold,Hold,0.7102750633333333,0.9393140685714286
6/10/2022,138.31,Hold,Hold,Hold,Hold,Hold,Hold,Hold,Hold,Hold,Hold,0.500349025,0.9999709
7/10/2022,132.72,Hold,Hold,Hold,Hold,Hold,Hold,Hold,Hold,Hold,Hold,0.1348835,0.8673635925000001
10/10/2022,133.06,Hold,Hold,Hold,Hold,Hold,Hold,Hold,Hold,Hold,Hold,0.1216935678571428,0.9966672761538462
11/10/2022,127.84,Sell,Hold,Hold,Hold,Hold,Hold,Hold,Hold,Hold,Hold,-0.06574808297,0.9271319428571428
12/10/2022,126.8,Hold,Hold,Hold,Hold,Hold,Hold,Hold,Hold,Hold,Hold,0.7970854498156363,0.57343258
13/10/2022,129.58,Hold,Hold,Hold,Hold,Hold,Hold,Hold,Hold,Hold,Hold,0.5934195888947,0.7529995994911122
14/10/2022,126.07,Hold,Hold,Hold,Hold,Hold,Hold,Hold,Hold,Hold,Hold,0.58499108491675,0.9152482385714286
17/10/2022,133.31,Buy,Hold,Buy,Hold,Hold,Hold,Hold,Hold,Hold,Hold,0.1219013376925,0.9995252122222222
18/10/2022,132.08,Hold,Hold,Hold,Hold,Hold,Hold,Hold,Buy,Hold,Hold,0.4546873157142857,0.3984601510508505
19/10/2022,132.5,Sell,Hold,Hold,Hold,Hold,Hold,Hold,Sell,Hold,Hold,0.9821157,0.2226381426355555
20/10/2022,130.81,Hold,Hold,Hold,Hold,Hold,Hold,Hold,Hold,Hold,Hold,0.97213513,0.599919592
21/10/2022,129.3,Hold,Hold,Hold,Hold,Hold,Hold,Hold,Hold,Hold,Hold,0.1194350585714285,0.8545864511614286
24/10/2022,129.01,Hold,Hold,Hold,Hold,Hold,Hold,Hold,Hold,Hold,Hold,-0.2499566262491999,0.996011284
25/10/2022,136.76,Hold,Buy,Hold,Hold,Hold,Hold,Hold,Buy,Hold,Hold,0.0725755528,0.6675105157142857
26/10/2022,129.11,Hold,Hold,Hold,Hold,Hold,Hold,Hold,Hold,Hold,Hold,-0.2654294875071849,0.2174448537350304
27/10/2022,97.41,Sell,Hold,Sell,Hold,Hold,Hold,Hold,Sell,Hold,Hold,-0.2281540644581178,0.496340370718269
28/10/2022,98.66,Hold,Hold,Hold,Hold,Hold,Hold,Hold,Hold,Hold,Hold,-0.44444680383,0.3891755628565761
31/10/2022,92.65,Hold,Hold,Hold,Hold,Hold,Hold,Hold,Hold,Hold,Hold,0.3373056753600833,0.7129929644859445
1/11/2022,94.68,Hold,Hold,Hold,Hold,Hold,Hold,Hold,Hold,Hold,Hold,0.0722648033333333,0.7706785085714286
2/11/2022,90.05,Hold,Hold,Hold,Hold,Hold,Hold,Hold,Hold,Hold,Hold,0.4398757421111111,0.5707016933384615
3/11/2022,88.42,Hold,Buy,Hold,Hold,Hold,Hold,Hold,Hold,Hold,Hold,0.4413393033333333,0.9990607325
4/11/2022,90.29,Hold,Buy,Hold,Hold,Hold,Hold,Hold,Hold,Hold,Hold,0.6592145748919334,0.9355778213333332
7/11/2022,96.19,Hold,Buy,Hold,Hold,Hold,Hold,Hold,Hold,Hold,Hold,0.2781276301183577,0.5585845227728712
8/11/2022,95.94,Hold,Buy,Hold,Hold,Hold,Hold,Hold,Hold,Hold,Hold,0.6275614173983334,0.7455022945454545
9/11/2022,100.92,Hold,Hold,Hold,Hold,Hold,Hold,Hold,Hold,Hold,Hold,0.105938655,0.8447380015384615
10/11/2022,111.26,Buy,Hold,Buy,Hold,Hold,Hold,Hold,Hold,Hold,Hold,0.647464786923077,0.7302221485714285
11/11/2022,112.4,Hold,Hold,Hold,Hold,Buy,Hold,Hold,Buy,Hold,Buy,0.6887395327995715,0.9433766516666666
14/11/2022,113.6,Hold,Hold,Hold,Hold,Hold,Hold,Hold,Hold,Hold,Hold,0.7296698286000001,0.3130181535714285
15/11/2022,116.44,Hold,Hold,Hold,Hold,Hold,Hold,Hold,Hold,Hold,Hold,0.7904565942857144,0.736461346
16/11/2022,112.61,Hold,Hold,Hold,Hold,Hold,Hold,Hold,Hold,Hold,Hold,0.94367232,0.822546752
17/11/2022,110.84,Hold,Hold,Hold,Hold,Hold,Hold,Hold,Hold,Hold,Hold,0.7980973205886,0.9972048125
18/11/2022,111.44,Hold,Sell,Hold,Hold,Hold,Hold,Hold,Hold,Hold,Hold,0.8542990639999999,0.47599901725
21/11/2022,109.26,Hold,Hold,Hold,Hold,Hold,Hold,Hold,Hold,Hold,Hold,0.946536875,0.646973718
22/11/2022,110.83,Hold,Sell,Hold,Hold,Buy,Hold,Hold,Hold,Hold,Hold,0.9172610333333332,0.998408685
23/11/2022,111.63,Hold,Sell,Hold,Hold,Hold,Hold,Buy,Hold,Hold,Hold,0.24786214298,0.4167433784615384
25/11/2022,110.8,Hold,Sell,Hold,Hold,Hold,Hold,Hold,Hold,Hold,Hold,0.4999894692304999,0.9993803942857143
28/11/2022,108.19,Hold,Hold,Hold,Hold,Hold,Hold,Hold,Hold,Hold,Hold,0.1271553697373775,0.9552131983333334
29/11/2022,108.86,Hold,Sell,Hold,Hold,Hold,Hold,Hold,Sell,Sell,Hold,0.99993339,0.6662688016666667
30/11/2022,117.46,Hold,Hold,Hold,Hold,Hold,Hold,Hold,Hold,Hold,Hold,0.93977482,0.721865290752085
1/12/2022,119.78,Hold,Hold,Hold,Buy,Hold,Hold,Buy,Buy,Buy,Hold,0.873043938875,0.6608329725526138
2/12/2022,122.82,Hold,Hold,Hold,Buy,Hold,Hold,Buy,Hold,Hold,Hold,0.2918943966666666,0.9999306333333332
5/12/2022,121.76,Hold,Hold,Hold,Hold,Hold,Hold,Hold,Buy,Buy,Hold,0.5564370977777778,0.98284100625
6/12/2022,113.5,Hold,Hold,Hold,Hold,Hold,Hold,Hold,Hold,Hold,Hold,0.511899788,-0.172213556
7/12/2022,113.31,Hold,Hold,Hold,Hold,Hold,Hold,Hold,Sell,Sell,Hold,0.707024742,0.9805883572727272
8/12/2022,114.7,Hold,Hold,Hold,Hold,Hold,Hold,Hold,Hold,Hold,Hold,0.9988773,0.783637049
9/12/2022,115.27,Hold,Hold,Hold,Hold,Hold,Hold,Hold,Hold,Buy,Hold,0.35485571,0.973709
12/12/2022,114.08,Hold,Hold,Hold,Hold,Hold,Hold,Hold,Hold,Hold,Hold,-0.86549595,0.999978272
13/12/2022,119.49,Hold,Hold,Hold,Hold,Hold,Hold,Hold,Sell,Sell,Hold,0.3166567333333333,0.88580472692
14/12/2022,120.93,Hold,Hold,Hold,Hold,Hold,Hold,Hold,Buy,Buy,Hold,0.7082109983333332,0.6422905166666667
15/12/2022,115.52,Hold,Hold,Hold,Hold,Hold,Hold,Hold,Sell,Buy,Hold,1.5820056e-05,0.9959559
16/12/2022,118.78,Sell,Hold,Hold,Hold,Hold,Sell,Hold,Sell,Sell,Hold,0.4963368652673334,0.8747222775
19/12/2022,113.86,Buy,Hold,Hold,Hold,Hold,Hold,Hold,Buy,Hold,Hold,0.5189286030769231,0.9963226771428572
20/12/2022,116.45,Sell,Hold,Sell,Hold,Sell,Hold,Hold,Sell,Hold,Sell,0.3423644766666666,0.9942045685714286
21/12/2022,119.11,Buy,Hold,Buy,Hold,Buy,Hold,Hold,Buy,Buy,Buy,0.6332848185714285,0.2418958715
22/12/2022,116.48,Hold,Hold,Hold,Hold,Hold,Hold,Hold,Hold,Hold,Hold,0.99948037,0.7290062337500001
23/12/2022,117.4,Sell,Hold,Hold,Hold,Sell,Hold,Hold,Sell,Hold,Hold,0.997655337142857,0.50388516
27/12/2022,116.24,Buy,Hold,Hold,Hold,Buy,Hold,Hold,Buy,Buy,Hold,0.5988197329486666,0.9990801930769232
28/12/2022,114.99,Sell,Hold,Sell,Hold,Sell,Hold,Hold,Sell,Hold,Hold,0.5398985,0.40243497576
29/12/2022,119.6,Buy,Hold,Hold,Hold,Hold,Buy,Hold,Hold,Hold,Sell,0.0001142822899999,0.4539826025
30/12/2022,119.68,Hold,Hold,Hold,Hold,Buy,Hold,Hold,Buy,Buy,Buy,0.3287414866666666,0.6870028150840526
3/1/2023,124.06,Hold,Hold,Hold,Hold,Hold,Hold,Hold,Hold,Hold,Hold,0.8395105428333333,0.3332764165867076
4/1/2023,126.68,Hold,Hold,Hold,Hold,Hold,Hold,Hold,Hold,Hold,Hold,0.3048227757142857,0.4999575888892399
5/1/2023,126.25,Hold,Hold,Hold,Hold,Hold,Hold,Hold,Hold,Hold,Hold,0.9990278,0.1436639557225
6/1/2023,129.31,Hold,Hold,Hold,Hold,Hold,Hold,Hold,Hold,Hold,Hold,-0.002293115,0.993283485
9/1/2023,128.76,Hold,Hold,Hold,Hold,Hold,Hold,Hold,Hold,Hold,Hold,0.413629888,0.9997466
10/1/2023,132.26,Hold,Hold,Hold,Hold,Hold,Hold,Hold,Hold,Hold,Hold,0.1654067573870125,4.5765244e-08
11/1/2023,132.16,Hold,Hold,Hold,Hold,Hold,Hold,Hold,Hold,Hold,Hold,0.27272765,0.2492422702824999
12/1/2023,135.96,Hold,Hold,Hold,Hold,Hold,Hold,Hold,Hold,Hold,Hold,-3.50699999999704e-05,
13/1/2023,136.23,Hold,Hold,Hold,Hold,Hold,Hold,Hold,Hold,Hold,Hold,0.99989372,0.99746275
17/1/2023,134.62,Hold,Hold,Hold,Hold,Hold,Hold,Hold,Hold,Hold,Hold,0.4968285,0.99403673
18/1/2023,132.29,Hold,Hold,Hold,Hold,Hold,Hold,Hold,Hold,Hold,Hold,0.3453342816666667,0.98497282
19/1/2023,135.41,Hold,Hold,Hold,Hold,Hold,Hold,Hold,Hold,Hold,Hold,0.380667399275,0.99597216
20/1/2023,138.61,Hold,Hold,Hold,Hold,Hold,Hold,Hold,Hold,Hold,Hold,0.999450815,
23/1/2023,142.49,Hold,Hold,Hold,Hold,Hold,Hold,Hold,Hold,Hold,Hold,-0.00459022,
24/1/2023,142.36,Hold,Hold,Hold,Hold,Hold,Hold,Hold,Hold,Hold,Hold,0.5227041925,0.8745683728571428
25/1/2023,140.73,Hold,Hold,Hold,Hold,Hold,Hold,Hold,Hold,Hold,Hold,0.364496434,0.5914789266666666
26/1/2023,146.5,Hold,Hold,Hold,Hold,Hold,Hold,Hold,Hold,Hold,Hold,-0.0305220063790285,0.39843004408
27/1/2023,150.91,Hold,Hold,Hold,Hold,Hold,Hold,Hold,Hold,Hold,Hold,0.4313824747227927,0.7314080725
30/1/2023,146.26,Hold,Hold,Hold,Hold,Hold,Hold,Hold,Hold,Hold,Hold,0.5971249642857143,0.9948208
31/1/2023,148.16,Hold,Hold,Hold,Hold,Hold,Hold,Hold,Hold,Hold,Hold,0.11324779,0.5573579375
1/2/2023,152.28,Hold,Hold,Hold,Hold,Hold,Hold,Hold,Hold,Hold,Hold,0.0158532551329183,0.1758597891666666
2/2/2023,187.74,Hold,Hold,Hold,Hold,Hold,Hold,Hold,Hold,Hold,Hold,0.0342833891315778,0.7883624014705882
3/2/2023,185.51,Hold,Hold,Hold,Hold,Hold,Hold,Hold,Hold,Hold,Hold,0.2230659930377379,0.8137807722222222
6/2/2023,185.04,Hold,Hold,Hold,Hold,Hold,Hold,Hold,Hold,Hold,Hold,0.445106097929,0.98996558
7/2/2023,190.57,Hold,Hold,Hold,Hold,Hold,Hold,Hold,Hold,Hold,Hold,0.7984567057142857,0.9972736
8/2/2023,182.43,Hold,Hold,Hold,Hold,Hold,Hold,Hold,Hold,Hold,Hold,0.6639251004333333,0.5325376489657065
9/2/2023,176.95,Hold,Sell,Hold,Hold,Hold,Hold,Hold,Hold,Hold,Hold,0.2567234433333333,0.4405455366666666
10/2/2023,173.2,Hold,Hold,Hold,Hold,Hold,Hold,Hold,Hold,Hold,Hold,0.4327808399999999,0.9777737666666668
13/2/2023,178.45,Hold,Sell,Hold,Hold,Hold,Hold,Hold,Hold,Hold,Hold,0.413716502132634,0.614588258
14/2/2023,178.5,Hold,Sell,Hold,Hold,Hold,Hold,Hold,Hold,Hold,Hold,0.7426039758075,
15/2/2023,176.19,Sell,Hold,Hold,Hold,Hold,Hold,Hold,Hold,Hold,Hold,0.4755785449999999,0.74247473
16/2/2023,171.5,Hold,Hold,Hold,Hold,Hold,Hold,Hold,Hold,Hold,Hold,0.1201504979549999,
17/2/2023,171.94,Hold,Hold,Hold,Hold,Sell,Hold,Hold,Sell,Hold,Hold,0.3707058233333333,0.97969645
21/2/2023,171.14,Hold,Hold,Hold,Hold,Hold,Hold,Hold,Hold,Hold,Hold,0.531086772116,
22/2/2023,170.19,Hold,Hold,Hold,Hold,Hold,Hold,Hold,Hold,Hold,Hold,0.5592612406249999,0.999582915
23/2/2023,171.1,Hold,Buy,Hold,Hold,Hold,Hold,Hold,Hold,Hold,Hold,0.9982745466666666,0.91127788
24/2/2023,169.46,Hold,Hold,Hold,Hold,Hold,Hold,Hold,Hold,Hold,Hold,0.12645255,0.66957945
27/2/2023,168.61,Hold,Buy,Hold,Hold,Hold,Hold,Hold,Hold,Hold,Hold,0.6667253566666667,0.66607109
28/2/2023,173.99,Hold,Buy,Hold,Hold,Hold,Hold,Hold,Hold,Hold,Hold,-3.6451906e-06,0.66839706031561
1/3/2023,172.47,Hold,Hold,Hold,Hold,Hold,Hold,Hold,Buy,Hold,Hold,0.1728460628571428,9.434939e-08
2/3/2023,173.58,Hold,Hold,Hold,Hold,Hold,Hold,Hold,Hold,Hold,Hold,0.2724119,0.00017946101654
3/3/2023,184.24,Hold,Hold,Hold,Hold,Hold,Hold,Hold,Hold,Hold,Hold,-0.4681566399999999,
6/3/2023,183.89,Hold,Hold,Hold,Hold,Hold,Hold,Hold,Hold,Hold,Hold,0.1444824129467677,
7/3/2023,183.5,Hold,Hold,Hold,Hold,Hold,Hold,Hold,Hold,Hold,Hold,0.5253250282571231,0.9942852
8/3/2023,183.96,Hold,Hold,Hold,Hold,Hold,Hold,Hold,Hold,Hold,Hold,0.6658803206476667,
9/3/2023,180.7,Hold,Hold,Hold,Hold,Hold,Hold,Hold,Hold,Hold,Hold,0.1227418186629999,0.98739075
10/3/2023,178.53,Hold,Hold,Hold,Hold,Hold,Hold,Hold,Hold,Hold,Hold,0.7786844893,0.999826
13/3/2023,179.91,Hold,Hold,Hold,Hold,Hold,Hold,Hold,Hold,Hold,Hold,0.8287009618764566,
14/3/2023,192.96,Hold,Hold,Hold,Hold,Hold,Hold,Hold,Hold,Hold,Hold,0.4904320475,0.99812746
15/3/2023,196.67,Hold,Hold,Hold,Hold,Hold,Hold,Hold,Hold,Hold,Hold,0.5365535329713286,0.9887584
16/3/2023,203.81,Hold,Hold,Hold,Hold,Hold,Hold,Hold,Hold,Hold,Hold,0.95707106,0.72444329162566
17/3/2023,194.54,Hold,Hold,Hold,Hold,Hold,Hold,Hold,Hold,Hold,Hold,0.83236066532755,0.6572018370614633
20/3/2023,196.73,Hold,Hold,Hold,Hold,Hold,Hold,Hold,Hold,Hold,Hold,0.3933256590263033,0.7530153875000001
21/3/2023,201.06,Hold,Hold,Hold,Hold,Hold,Hold,Hold,Hold,Hold,Hold,0.5563367279433333,0.6656540149986666
22/3/2023,198.72,Hold,Hold,Hold,Hold,Hold,Hold,Hold,Hold,Hold,Hold,0.3419878586973375,0.9995676
23/3/2023,203.17,Hold,Hold,Hold,Hold,Hold,Hold,Hold,Hold,Hold,Hold,0.7648221328,0.9999561
24/3/2023,204.89,Hold,Hold,Hold,Hold,Hold,Hold,Hold,Hold,Hold,Hold,0.6658129809396667,0.99985206
27/3/2023,201.73,Hold,Hold,Hold,Hold,Hold,Hold,Hold,Hold,Hold,Hold,0.875641462375,0.9968094
28/3/2023,199.59,Hold,Hold,Hold,Hold,Hold,Hold,Hold,Hold,Hold,Hold,0.49455336662174,0.1141314195215
29/3/2023,204.23,Hold,Hold,Hold,Hold,Hold,Hold,Hold,Hold,Hold,Hold,0.6635794341139262,0.5806759133333333
30/3/2023,206.71,Hold,Hold,Hold,Hold,Hold,Hold,Hold,Hold,Hold,Hold,0.4986824624496122,0.8021553320000001
31/3/2023,210.78,Hold,Hold,Hold,Hold,Hold,Hold,Hold,Hold,Hold,Hold,0.502273892,0.9552945
3/4/2023,211.91,Hold,Hold,Hold,Hold,Hold,Hold,Hold,Hold,Hold,Hold,0.32960185,0.9353916625
4/4/2023,213.55,Hold,Hold,Hold,Hold,Hold,Hold,Hold,Hold,Hold,Hold,0.33167605933,0.3606100559
5/4/2023,210.33,Hold,Hold,Hold,Hold,Hold,Hold,Hold,Hold,Hold,Hold,0.7539611244315286,0.4990824149533494
6/4/2023,214.92,Hold,Hold,Hold,Hold,Hold,Hold,Hold,Hold,Hold,Hold,0.6666975279499999,0.5895214456666668
10/4/2023,213.58,Hold,Hold,Hold,Hold,Hold,Hold,Hold,Hold,Hold,Hold,0.1593485437531428,0.9948208
11/4/2023,212.68,Hold,Hold,Hold,Hold,Hold,Hold,Hold,Hold,Hold,Hold,0.99692416,
12/4/2023,212.83,Hold,Hold,Hold,Hold,Hold,Hold,Hold,Hold,Hold,Hold,-0.59332967795,0.99900424
13/4/2023,219.15,Hold,Hold,Hold,Hold,Hold,Hold,Hold,Hold,Hold,Hold,0.50254442,0.99926537
14/4/2023,220.28,Hold,Hold,Hold,Hold,Hold,Hold,Hold,Hold,Hold,Hold,0.25375417875,0.9998712
17/4/2023,217.67,Hold,Sell,Hold,Hold,Hold,Hold,Hold,Hold,Hold,Hold,0.7159004949,0.997397735
18/4/2023,216.7,Hold,Sell,Hold,Hold,Hold,Hold,Hold,Hold,Hold,Hold,-0.1892181,0.6656507174
19/4/2023,214.52,Hold,Hold,Hold,Hold,Hold,Hold,Hold,Hold,Hold,Hold,0.4888444410874999,0.404805045
20/4/2023,211.91,Hold,Hold,Hold,Hold,Hold,Hold,Hold,Hold,Hold,Hold,0.58658944,-0.841466925
21/4/2023,211.73,Hold,Hold,Hold,Hold,Hold,Hold,Hold,Sell,Hold,Hold,0.4993184275,0.999983585
24/4/2023,211.63,Hold,Hold,Hold,Hold,Hold,Hold,Hold,Hold,Hold,Hold,0.986930594,0.5119942
25/4/2023,206.42,Hold,Hold,Hold,Hold,Hold,Hold,Hold,Hold,Hold,Hold,0.58341553,0.9631604633333332
26/4/2023,208.26,Hold,Sell,Hold,Hold,Hold,Hold,Hold,Hold,Hold,Hold,0.0981716852041626,0.3756499460340833
27/4/2023,237.26,Hold,Hold,Hold,Hold,Hold,Hold,Hold,Hold,Hold,Hold,0.1880964492585843,0.8378811257658333
28/4/2023,239.01,Buy,Hold,Buy,Hold,Hold,Hold,Hold,Buy,Hold,Hold,0.4789482748736095,0.6084268601307692
1/5/2023,241.85,Hold,Hold,Hold,Hold,Hold,Hold,Hold,Hold,Hold,Hold,0.4518659475,0.54470622
2/5/2023,237.93,Hold,Hold,Hold,Hold,Hold,Hold,Hold,Hold,Hold,Hold,0.6662046887333334,
3/5/2023,235.74,Hold,Hold,Hold,Hold,Hold,Hold,Hold,Hold,Hold,Hold,0.0362863625543837,
4/5/2023,232.25,Hold,Hold,Hold,Hold,Hold,Hold,Hold,Hold,Hold,Hold,0.8709754433333333,
5/5/2023,231.51,Hold,Hold,Hold,Hold,Hold,Hold,Hold,Hold,Hold,Hold,6.3894213e-06,0.99964245
8/5/2023,232.0,Hold,Hold,Hold,Hold,Hold,Hold,Hold,Hold,Hold,Hold,0.536634318697,0.99011418
9/5/2023,232.1,Hold,Hold,Hold,Hold,Hold,Hold,Hold,Hold,Hold,Hold,0.45698780375,0.9980968
10/5/2023,231.81,Hold,Hold,Hold,Hold,Hold,Hold,Hold,Hold,Hold,Hold,0.0596673999999999,0.56390387
11/5/2023,234.5,Hold,Sell,Hold,Hold,Hold,Hold,Hold,Hold,Hold,Hold,0.9736102766666668,0.9999338
12/5/2023,232.53,Hold,Hold,Hold,Hold,Hold,Hold,Hold,Hold,Hold,Hold,0.512017647,
15/5/2023,237.56,Hold,Sell,Hold,Hold,Hold,Hold,Hold,Hold,Hold,Hold,0.38088139982,
16/5/2023,237.52,Hold,Hold,Hold,Hold,Hold,Hold,Hold,Hold,Hold,Hold,0.3393564878333333,0.4699729225
17/5/2023,241.17,Hold,Hold,Hold,Hold,Hold,Hold,Hold,Hold,Hold,Hold,0.634081275,0.43971987273678
18/5/2023,245.5,Hold,Hold,Hold,Hold,Hold,Hold,Hold,Hold,Hold,Hold,0.9282950466666668,0.54974896
19/5/2023,244.3,Hold,Hold,Hold,Hold,Hold,Hold,Hold,Hold,Hold,Hold,0.4940717949238333,
22/5/2023,246.97,Hold,Hold,Hold,Hold,Hold,Hold,Hold,Hold,Hold,Hold,0.2047468956824108,0.926845245
23/5/2023,245.39,Hold,Hold,Hold,Hold,Hold,Hold,Hold,Hold,Hold,Hold,0.0799204877631178,0.39804349125
24/5/2023,247.85,Hold,Hold,Hold,Hold,Hold,Hold,Hold,Hold,Hold,Hold,-0.013917696625,0.97782662
25/5/2023,251.31,Hold,Hold,Hold,Hold,Hold,Hold,Hold,Hold,Hold,Hold,0.22084217,0.9942453
26/5/2023,260.61,Hold,Hold,Hold,Hold,Hold,Hold,Hold,Hold,Hold,Hold,0.19894979,0.99719815
30/5/2023,261.09,Hold,Hold,Hold,Hold,Hold,Hold,Hold,Hold,Hold,Hold,0.6777222033333333,0.7995097182
31/5/2023,263.28,Hold,Hold,Hold,Hold,Hold,Hold,Hold,Hold,Hold,Hold,0.4622948799999999,0.985654425
1/6/2023,271.12,Hold,Hold,Hold,Hold,Hold,Hold,Hold,Hold,Hold,Hold,0.0081079151428571,0.99991035
2/6/2023,271.12,Hold,Hold,Hold,Hold,Hold,Hold,Hold,Hold,Hold,Hold,0.4951071032499999,0.99585482
5/6/2023,269.91,Hold,Hold,Hold,Hold,Hold,Hold,Hold,Hold,Hold,Hold,0.6803020605975822,0.4987493549649069
6/6/2023,269.64,Hold,Hold,Hold,Hold,Hold,Hold,Hold,Hold,Hold,Hold,0.9601495085714286,0.97062842
7/6/2023,262.16,Hold,Sell,Hold,Hold,Hold,Hold,Hold,Hold,Hold,Hold,0.0220805266666666,0.6160189468661286
8/6/2023,263.14,Hold,Sell,Hold,Hold,Hold,Hold,Hold,Hold,Hold,Hold,0.9832869875,0.99921295
9/6/2023,263.5,Hold,Sell,Hold,Hold,Hold,Hold,Hold,Hold,Hold,Hold,0.0415045554632578,0.9948208
12/6/2023,269.57,Hold,Sell,Hold,Hold,Hold,Hold,Hold,Hold,Hold,Hold,0.942433125,0.99995595
13/6/2023,269.84,Hold,Sell,Hold,Hold,Hold,Hold,Hold,Hold,Hold,Hold,0.999749625,0.99940335
14/6/2023,271.86,Hold,Sell,Hold,Hold,Hold,Hold,Hold,Hold,Hold,Hold,0.6824452292142856,0.99999106
15/6/2023,280.29,Hold,Sell,Hold,Hold,Hold,Hold,Hold,Hold,Hold,Hold,-0.249964995965,0.497410414234711
16/6/2023,279.47,Hold,Sell,Hold,Hold,Hold,Hold,Hold,Hold,Hold,Hold,0.57838084,0.9997281
20/6/2023,282.78,Hold,Hold,Hold,Hold,Hold,Hold,Hold,Hold,Hold,Hold,-0.164606546,-0.958881
21/6/2023,280.1,Hold,Hold,Hold,Hold,Hold,Hold,Hold,Hold,Hold,Hold,-0.243298185,
22/6/2023,283.33,Hold,Hold,Hold,Hold,Hold,Hold,Hold,Hold,Hold,Hold,0.5227529436875,0.6006989079999999
23/6/2023,287.15,Hold,Hold,Hold,Hold,Hold,Hold,Hold,Hold,Hold,Hold,0.721738228,0.7707435861538462
26/6/2023,276.95,Hold,Hold,Hold,Hold,Hold,Hold,Hold,Hold,Hold,Hold,0.6809641142461539,0.3453757966666667
27/6/2023,285.48,Hold,Hold,Hold,Hold,Hold,Hold,Hold,Hold,Hold,Hold,0.6891195342857143,0.26411918
28/6/2023,283.73,Hold,Hold,Hold,Hold,Hold,Hold,Hold,Hold,Hold,Hold,-0.1431195059999999,
29/6/2023,279.99,Hold,Hold,Hold,Hold,Hold,Hold,Hold,Hold,Hold,Hold,0.8434115560000001,
30/6/2023,285.41,Hold,Hold,Hold,Hold,Hold,Hold,Hold,Hold,Hold,Hold,0.6566171516666667,
3/7/2023,284.46,Hold,Hold,Hold,Hold,Hold,Hold,Hold,Hold,Hold,Hold,0.4284937595330346,
5/7/2023,292.76,Hold,Hold,Hold,Hold,Hold,Hold,Hold,Hold,Hold,Hold,0.6804545053712916,0.5323987239309571
6/7/2023,290.4,Hold,Hold,Hold,Hold,Hold,Hold,Hold,Hold,Hold,Hold,0.4985137387583333,0.80967424
7/7/2023,288.94,Hold,Hold,Hold,Hold,Hold,Hold,Hold,Hold,Hold,Hold,0.2760761202400489,
10/7/2023,292.5,Hold,Hold,Hold,Hold,Hold,Hold,Hold,Hold,Hold,Hold,0.4005871595249999,0.2999905776876443
11/7/2023,296.66,Hold,Hold,Hold,Hold,Hold,Hold,Hold,Hold,Hold,Hold,0.3995231400160333,0.861552595
12/7/2023,307.65,Hold,Hold,Hold,Hold,Hold,Hold,Hold,Hold,Hold,Hold,0.596137275385345,
13/7/2023,311.7,Hold,Hold,Hold,Hold,Hold,Hold,Hold,Hold,Hold,Hold,0.3962893701979091,0.98738813
14/7/2023,307.18,Hold,Hold,Hold,Hold,Hold,Hold,Hold,Hold,Hold,Hold,0.0802190317749,
17/7/2023,308.93,Hold,Hold,Hold,Hold,Hold,Hold,Hold,Hold,Hold,Hold,0.34147456901991,0.825714552
18/7/2023,310.35,Hold,Sell,Hold,Hold,Hold,Hold,Hold,Hold,Hold,Hold,0.5919851480471999,0.92558831
19/7/2023,314.29,Hold,Sell,Hold,Hold,Hold,Hold,Hold,Hold,Hold,Hold,0.5335634322408989,-0.019136235
20/7/2023,300.87,Hold,Hold,Hold,Hold,Hold,Hold,Hold,Hold,Hold,Hold,0.6251455583175,0.99228305
21/7/2023,292.65,Sell,Hold,Sell,Hold,Hold,Hold,Hold,Sell,Hold,Hold,-0.49916372278806,
24/7/2023,290.02,Hold,Hold,Hold,Hold,Hold,Hold,Hold,Hold,Hold,Hold,0.13467929106,0.9215962
25/7/2023,292.86,Hold,Hold,Hold,Hold,Hold,Hold,Hold,Hold,Hold,Hold,0.2956676975754285,0.3326787166666666
26/7/2023,296.94,Hold,Hold,Hold,Hold,Hold,Hold,Hold,Hold,Hold,Hold,0.518909073947589,0.9689277
27/7/2023,310.01,Hold,Hold,Buy,Hold,Hold,Hold,Hold,Hold,Hold,Hold,0.3143359425800573,0.2057086071055
28/7/2023,323.7,Buy,Hold,Hold,Hold,Hold,Hold,Hold,Buy,Hold,Hold,0.0398446796493026,0.9921931
31/7/2023,316.86,Hold,Hold,Hold,Hold,Hold,Hold,Hold,Hold,Hold,Hold,0.4409541756286009,-0.00047977347
1/8/2023,320.95,Hold,Hold,Hold,Hold,Hold,Hold,Hold,Hold,Hold,Hold,0.5455794998344542,0.99993708
2/8/2023,312.6,Hold,Hold,Hold,Hold,Hold,Hold,Hold,Hold,Hold,Hold,0.6128352303333333,
3/8/2023,311.48,Sell,Hold,Sell,Hold,Hold,Hold,Hold,Hold,Hold,Hold,0.9933433525,
4/8/2023,309.03,Hold,Hold,Hold,Hold,Hold,Hold,Hold,Hold,Hold,Hold,-7.804596e-09,0.9948208
7/8/2023,314.83,Hold,Hold,Hold,Hold,Hold,Hold,Hold,Hold,Hold,Hold,0.790434847897491,0.99988467
8/8/2023,310.93,Hold,Hold,Hold,Hold,Hold,Hold,Hold,Hold,Hold,Hold,0.13365537,0.5691538917887385
9/8/2023,303.54,Hold,Hold,Hold,Hold,Hold,Hold,Hold,Hold,Hold,Hold,0.5565521999999999,0.45825115
10/8/2023,304.07,Hold,Hold,Hold,Sell,Sell,Hold,Sell,Sell,Sell,Sell,0.2376752044718,0.37857787
11/8/2023,299.99,Hold,Hold,Hold,Hold,Hold,Hold,Hold,Hold,Hold,Hold,0.6087850854993999,0.9999883
14/8/2023,304.52,Hold,Hold,Hold,Hold,Hold,Hold,Hold,Hold,Hold,Hold,0.0004311028571428,0.3994560433333333
15/8/2023,300.3,Hold,Hold,Hold,Hold,Hold,Hold,Hold,Hold,Hold,Hold,0.8764898280000001,0.9959517175
16/8/2023,292.68,Hold,Hold,Hold,Hold,Hold,Hold,Hold,Hold,Hold,Hold,0.9873482233333334,
17/8/2023,283.53,Hold,Hold,Hold,Hold,Hold,Hold,Hold,Hold,Hold,Hold,0.232191832752,0.9969905
18/8/2023,281.7,Hold,Hold,Hold,Hold,Hold,Hold,Hold,Hold,Hold,Hold,0.4388155053666667,0.9986099
21/8/2023,288.32,Hold,Hold,Hold,Hold,Hold,Hold,Hold,Hold,Hold,Hold,0.34448204548,0.90830225
22/8/2023,286.03,Hold,Hold,Hold,Hold,Hold,Hold,Hold,Hold,Hold,Hold,0.254385849630425,-0.0263474105333333
23/8/2023,292.63,Hold,Hold,Hold,Hold,Hold,Hold,Hold,Hold,Hold,Hold,0.9988825,0.1461023083333333
24/8/2023,285.19,Hold,Hold,Hold,Hold,Hold,Buy,Hold,Hold,Buy,Hold,0.9202041533333332,0.9999746
25/8/2023,283.94,Hold,Buy,Hold,Hold,Hold,Hold,Hold,Hold,Hold,Hold,0.8301129068333334,0.6232794
28/8/2023,288.68,Hold,Hold,Hold,Hold,Hold,Hold,Hold,Hold,Hold,Hold,0.4001987999399999,0.5041174075
29/8/2023,296.36,Hold,Hold,Hold,Hold,Hold,Hold,Hold,Hold,Hold,Hold,0.579925298,0.805283456
30/8/2023,293.49,Buy,Hold,Buy,Hold,Buy,Buy,Hold,Buy,Buy,Buy,0.6744928885714285,-0.00187115
31/8/2023,294.28,Hold,Hold,Hold,Hold,Hold,Hold,Hold,Hold,Hold,Hold,0.499928521843035,0.9978012
1/9/2023,294.76,Hold,Hold,Buy,Hold,Hold,Hold,Hold,Hold,Hold,Hold,0.94523695,0.509968433
5/9/2023,298.51,Hold,Hold,Hold,Hold,Hold,Hold,Buy,Hold,Hold,Buy,0.5663201643219999,0.9948208
6/9/2023,297.54,Hold,Hold,Hold,Hold,Hold,Hold,Hold,Hold,Hold,Hold,0.99998903,0.6734187216833333
7/9/2023,297.04,Hold,Hold,Hold,Hold,Hold,Hold,Hold,Hold,Hold,Hold,0.44626030755882,-0.082264095
8/9/2023,296.26,Hold,Hold,Hold,Hold,Hold,Hold,Hold,Hold,Hold,Hold,0.255730543500375,0.99716315
11/9/2023,305.88,Hold,Hold,Hold,Hold,Buy,Hold,Hold,Hold,Hold,Hold,0.460165809294,0.99997216
12/9/2023,300.01,Hold,Hold,Hold,Buy,Hold,Hold,Hold,Hold,Hold,Hold,0.161491408,0.997251315
13/9/2023,303.4,Hold,Hold,Hold,Hold,Hold,Hold,Hold,Hold,Hold,Hold,0.49993459075737,0.3904317175
14/9/2023,310.02,Hold,Hold,Hold,Hold,Hold,Hold,Hold,Hold,Hold,Hold,0.4965014675,0.9965280666666666
15/9/2023,298.67,Hold,Hold,Hold,Hold,Hold,Hold,Hold,Hold,Hold,Hold,0.64292950875,0.9978235666666668
18/9/2023,300.9,Sell,Hold,Hold,Hold,Hold,Hold,Hold,Sell,Sell,Hold,0.9988518,
19/9/2023,303.41,Hold,Hold,Hold,Hold,Hold,Hold,Hold,Hold,Buy,Hold,0.4994473663004212,0.9966097
20/9/2023,298.03,Hold,Hold,Hold,Hold,Hold,Hold,Hold,Hold,Hold,Hold,0.865827064,0.99419749
21/9/2023,294.12,Sell,Hold,Sell,Hold,Hold,Sell,Hold,Sell,Sell,Hold,-0.0378953199999999,0.8848469510008888
22/9/2023,297.45,Hold,Hold,Hold,Hold,Hold,Hold,Hold,Hold,Sell,Hold,0.4925968196157,0.9948208
25/9/2023,299.19,Hold,Hold,Hold,Hold,Hold,Buy,Hold,Hold,Buy,Hold,0.0010355917,
26/9/2023,297.33,Buy,Hold,Buy,Hold,Hold,Hold,Hold,Hold,Hold,Hold,0.99910768,0.9948208
27/9/2023,296.12,Hold,Hold,Hold,Hold,Sell,Hold,Hold,Hold,Hold,Sell,0.4996754821833333,0.96526706
28/9/2023,302.3,Hold,Hold,Hold,Hold,Hold,Hold,Hold,Hold,Hold,Hold,0.30727478,
29/9/2023,298.57,Buy,Hold,Buy,Hold,Buy,Hold,Hold,Buy,Hold,Buy,0.5947856796126899,0.97562796
2/10/2023,305.15,Hold,Hold,Hold,Hold,Sell,Hold,Hold,Hold,Hold,Sell,0.2930924917148,
3/10/2023,299.3,Hold,Hold,Hold,Hold,Hold,Hold,Hold,Buy,Hold,Hold,0.2498245000455,0.004187894
4/10/2023,303.91,Hold,Hold,Hold,Hold,Hold,Hold,Hold,Hold,Hold,Hold,0.9163049333333334,0.5999946768972
5/10/2023,303.13,Hold,Hold,Hold,Hold,Buy,Hold,Hold,Hold,Hold,Hold,0.4964739412367978,0.99538762
6/10/2023,313.71,Hold,Hold,Hold,Hold,Hold,Hold,Hold,Hold,Hold,Hold,0.00024477422,0.049348243
9/10/2023,316.62,Hold,Hold,Hold,Hold,Hold,Hold,Hold,Hold,Hold,Hold,0.0517002566666666,0.9998313
10/10/2023,320.08,Hold,Hold,Hold,Hold,Hold,Hold,Hold,Hold,Hold,Hold,0.452888,0.99990886
11/10/2023,326.03,Hold,Hold,Hold,Hold,Hold,Hold,Hold,Hold,Hold,Hold,-0.1410170603333333,0.9997024
12/10/2023,322.39,Hold,Hold,Hold,Hold,Hold,Hold,Hold,Hold,Hold,Hold,0.83752548,0.99980537
13/10/2023,312.97,Hold,Hold,Hold,Hold,Hold,Hold,Hold,Hold,Hold,Hold,0.546152175,0.0407912199999999
16/10/2023,319.4,Hold,Hold,Hold,Hold,Hold,Hold,Hold,Hold,Hold,Hold,0.156280975,0.59569226125
17/10/2023,322.23,Hold,Hold,Hold,Hold,Hold,Hold,Hold,Hold,Hold,Hold,0.9472708,0.9948208
18/10/2023,315.24,Hold,Hold,Hold,Hold,Hold,Hold,Hold,Hold,Hold,Hold,0.6051949146285001,
19/10/2023,311.1,Hold,Hold,Hold,Hold,Hold,Hold,Hold,Hold,Hold,Hold,0.3883074565671429,
20/10/2023,306.97,Sell,Hold,Sell,Sell,Sell,Sell,Sell,Sell,Sell,Sell,0.9975923,0.99067956
23/10/2023,312.3,Hold,Hold,Hold,Hold,Hold,Hold,Hold,Hold,Hold,Hold,0.4987087353616205,-0.001487705
24/10/2023,310.84,Hold,Hold,Hold,Hold,Hold,Hold,Hold,Hold,Hold,Hold,-0.1766073885232124,
25/10/2023,297.9,Hold,Hold,Hold,Hold,Hold,Hold,Sell,Hold,Hold,Sell,-0.1019863305012205,-0.4906787286275
26/10/2023,286.78,Hold,Hold,Hold,Hold,Hold,Hold,Hold,Hold,Hold,Hold,-0.0562826938628043,0.0775108609421499
27/10/2023,295.11,Hold,Hold,Hold,Hold,Hold,Hold,Hold,Hold,Hold,Hold,0.2517081310255399,0.986720888
30/10/2023,301.01,Hold,Hold,Hold,Hold,Hold,Hold,Hold,Hold,Hold,Hold,0.9619045433333334,0.64512132480588
31/10/2023,299.63,Hold,Hold,Hold,Hold,Hold,Hold,Hold,Hold,Hold,Hold,0.99961863,0.9994412
1/11/2023,310.15,Hold,Hold,Hold,Hold,Hold,Hold,Hold,Hold,Hold,Hold,0.626797615,0.99994284
2/11/2023,309.17,Buy,Hold,Buy,Buy,Hold,Buy,Buy,Buy,Buy,Hold,-0.14456305,0.9963607566666668
3/11/2023,312.88,Hold,Hold,Hold,Hold,Hold,Hold,Hold,Hold,Hold,Hold,0.499644917199335,0.9965124666666666
6/11/2023,314.08,Hold,Hold,Hold,Hold,Hold,Hold,Hold,Hold,Hold,Hold,,0.997827612
7/11/2023,317.08,Hold,Hold,Hold,Hold,Hold,Hold,Hold,Hold,Hold,Hold,0.0006029699999999,
8/11/2023,318.04,Hold,Hold,Hold,Hold,Hold,Hold,Hold,Hold,Hold,Hold,0.6665986181622644,0.9948208
9/11/2023,318.8,Hold,Hold,Hold,Hold,Hold,Hold,Hold,Hold,Hold,Hold,0.7247916166666667,0.24971073415
10/11/2023,326.98,Hold,Hold,Hold,Hold,Hold,Hold,Hold,Hold,Hold,Hold,0.04558997715835,0.7111943128571429
13/11/2023,327.39,Hold,Hold,Hold,Hold,Hold,Hold,Hold,Hold,Hold,Hold,0.498818077281235,
14/11/2023,334.48,Hold,Hold,Hold,Hold,Hold,Hold,Hold,Hold,Hold,Hold,0.9801339166666666,0.5217601142
15/11/2023,330.89,Hold,Hold,Hold,Hold,Hold,Hold,Hold,Hold,Hold,Hold,,0.899344585
16/11/2023,332.37,Hold,Hold,Hold,Hold,Hold,Hold,Hold,Hold,Hold,Hold,0.9995177,0.8294644066666667
17/11/2023,333.21,Hold,Hold,Hold,Hold,Hold,Hold,Hold,Hold,Hold,Hold,-0.9961103,0.66480927445498
20/11/2023,338.12,Hold,Hold,Hold,Hold,Hold,Hold,Hold,Hold,Hold,Hold,,0.86582255
21/11/2023,335.14,Hold,Hold,Hold,Hold,Hold,Hold,Hold,Hold,Hold,Hold,,0.97682915
22/11/2023,339.63,Hold,Sell,Hold,Hold,Hold,Hold,Hold,Hold,Hold,Hold,,0.9948208
24/11/2023,336.38,Hold,Sell,Hold,Hold,Hold,Hold,Hold,Hold,Hold,Hold,-0.1390119400872,0.7102356101795626
27/11/2023,332.87,Hold,Sell,Hold,Hold,Hold,Hold,Hold,Hold,Hold,Hold,-0.999338,
28/11/2023,337.14,Hold,Sell,Hold,Hold,Hold,Hold,Hold,Hold,Hold,Hold,0.9993639,
29/11/2023,330.39,Sell,Hold,Sell,Hold,Hold,Sell,Hold,Hold,Hold,Hold,,0.9948208
30/11/2023,325.37,Hold,Hold,Hold,Hold,Sell,Hold,Hold,Sell,Sell,Hold,-0.8070872499999999,-0.0001559770333333
1/12/2023,323.05,Hold,Hold,Hold,Hold,Hold,Hold,Hold,Hold,Hold,Sell,0.99981715,0.9998279
4/12/2023,318.27,Hold,Hold,Hold,Hold,Hold,Hold,Hold,Sell,Hold,Hold,0.98499375,0.9948208
5/12/2023,316.55,Hold,Hold,Hold,Hold,Hold,Hold,Hold,Hold,Hold,Hold,0.9997685575,0.9948208
6/12/2023,315.72,Hold,Hold,Hold,Hold,Hold,Hold,Hold,Hold,Sell,Hold,0.478868425,0.771653766
7/12/2023,324.81,Hold,Hold,Hold,Hold,Hold,Hold,Hold,Hold,Hold,Hold,0.992755,0.4222458844733333
8/12/2023,330.93,Buy,Hold,Buy,Hold,Hold,Buy,Hold,Buy,Buy,Hold,0.99999464,0.9947861
11/12/2023,323.51,Hold,Hold,Hold,Hold,Hold,Hold,Hold,Hold,Hold,Hold,0.5686159504660148,0.6887187966723474
12/12/2023,332.4,Hold,Hold,Hold,Hold,Hold,Hold,Hold,Hold,Hold,Hold,0.6664784831598953,0.486028667488
13/12/2023,332.91,Buy,Hold,Buy,Hold,Buy,Hold,Hold,Buy,Hold,Buy,0.7787131,0.8410667516666667
14/12/2023,331.35,Hold,Hold,Hold,Hold,Hold,Hold,Hold,Hold,Hold,Hold,0.9992700333333332,
15/12/2023,333.09,Hold,Hold,Hold,Hold,Hold,Hold,Hold,Hold,Hold,Hold,5.916522e-05,0.99976784
18/12/2023,342.74,Hold,Hold,Hold,Hold,Hold,Hold,Hold,Hold,Hold,Hold,0.6654944896903,0.9961724666666668
19/12/2023,348.45,Hold,Hold,Hold,Hold,Hold,Hold,Hold,Hold,Hold,Hold,0.3749896666666667,0.8123883567691582
20/12/2023,347.37,Hold,Hold,Hold,Hold,Hold,Hold,Hold,Hold,Hold,Hold,0.6597656605316667,0.75988011
21/12/2023,352.16,Hold,Hold,Hold,Hold,Hold,Hold,Hold,Hold,Hold,Hold,0.99993134,0.80648749
22/12/2023,351.46,Hold,Hold,Hold,Hold,Hold,Hold,Hold,Hold,Hold,Hold,-0.99553454,0.983751865
26/12/2023,352.89,Hold,Hold,Hold,Hold,Hold,Hold,Hold,Hold,Hold,Hold,,0.423615195
27/12/2023,355.88,Hold,Hold,Hold,Hold,Hold,Hold,Hold,Hold,Hold,Hold,0.9999267,0.99484855
28/12/2023,356.36,Hold,Sell,Hold,Hold,Hold,Hold,Hold,Hold,Hold,Hold,0.2498776249967082,0.98847785
29/12/2023,352.03,Hold,Sell,Hold,Hold,Hold,Hold,Hold,Hold,Hold,Hold,,0.7775472366666666
2/1/2024,344.4,Hold,Sell,Hold,Hold,Hold,Hold,Hold,Hold,Hold,Hold,0.0013843806,0.9965248
3/1/2024,342.59,Sell,Hold,Hold,Hold,Hold,Hold,Hold,Sell,Hold,Hold,0.9998572,0.9980036
4/1/2024,345.23,Hold,Hold,Hold,Hold,Hold,Hold,Hold,Hold,Hold,Hold,0.8957943575,0.504914491
5/1/2024,350.03,Hold,Hold,Hold,Hold,Hold,Hold,Hold,Hold,Hold,Hold,0.832159,
8/1/2024,356.7,Buy,Sell,Hold,Hold,Hold,Hold,Hold,Buy,Hold,Hold,0.9999538,0.9948208
9/1/2024,355.48,Hold,Hold,Hold,Hold,Hold,Hold,Hold,Hold,Hold,Hold,-0.41805314,0.9965356566666664
10/1/2024,368.45,Hold,Hold,Hold,Hold,Hold,Hold,Hold,Hold,Hold,Hold,0.4997963500135117,
11/1/2024,367.65,Hold,Hold,Hold,Hold,Hold,Hold,Hold,Hold,Hold,Hold,0.4009227279,0.99796564
12/1/2024,372.45,Hold,Hold,Hold,Hold,Hold,Hold,Hold,Hold,Hold,Hold,0.7477135445454546,0.7307036022847986
16/1/2024,365.46,Hold,Hold,Hold,Hold,Hold,Hold,Hold,Hold,Hold,Hold,0.65911996,0.7691907333333333
17/1/2024,366.36,Hold,Hold,Hold,Hold,Hold,Hold,Hold,Hold,Hold,Hold,0.976724615,0.9965463866666666
18/1/2024,374.08,Hold,Hold,Hold,Hold,Hold,Hold,Hold,Hold,Hold,Hold,0.9511031028571428,0.05886303
19/1/2024,381.36,Hold,Hold,Hold,Hold,Hold,Hold,Hold,Hold,Hold,Hold,0.377053361151586,0.97146834
22/1/2024,379.7,Hold,Hold,Hold,Hold,Hold,Hold,Hold,Hold,Hold,Hold,0.6665549553841666,0.9973659466666668
23/1/2024,383.1,Hold,Hold,Hold,Hold,Hold,Hold,Hold,Hold,Hold,Hold,0.40929157,
24/1/2024,388.57,Hold,Hold,Hold,Hold,Hold,Hold,Hold,Hold,Hold,Hold,0.9769488133333332,0.671523743
25/1/2024,391.03,Hold,Hold,Hold,Hold,Hold,Hold,Hold,Hold,Hold,Hold,0.3282063025,0.9986876833333334
26/1/2024,391.99,Hold,Hold,Hold,Hold,Hold,Hold,Hold,Hold,Hold,Hold,0.99831283,0.98834764
29/1/2024,398.83,Hold,Hold,Hold,Hold,Hold,Hold,Hold,Hold,Hold,Hold,-0.2894508566666666,0.8307259760116666
30/1/2024,397.88,Hold,Hold,Hold,Hold,Hold,Hold,Hold,Hold,Hold,Hold,0.9999427,0.54361866
31/1/2024,388.01,Hold,Hold,Hold,Hold,Hold,Hold,Hold,Hold,Hold,Hold,0.6966550129436573,0.7864594
1/2/2024,392.63,Hold,Hold,Hold,Hold,Hold,Hold,Hold,Hold,Hold,Hold,0.4227246951775231,0.908522854
2/2/2024,472.4,Hold,Hold,Hold,Hold,Hold,Hold,Hold,Hold,Hold,Hold,0.4312500825106033,0.7397454629197929
5/2/2024,456.9,Hold,Hold,Hold,Hold,Hold,Hold,Hold,Hold,Hold,Hold,0.270422131257585,0.6137922159694
6/2/2024,452.24,Hold,Hold,Hold,Hold,Hold,Hold,Hold,Hold,Hold,Hold,0.4765644133333333,0.7235414067774906
7/2/2024,467.03,Hold,Hold,Hold,Hold,Hold,Hold,Hold,Hold,Hold,Hold,0.526752751495475,0.151756497025
8/2/2024,467.44,Hold,Hold,Hold,Hold,Hold,Hold,Hold,Hold,Hold,Hold,0.992637035,0.669704445
9/2/2024,465.56,Hold,Hold,Hold,Hold,Hold,Hold,Hold,Hold,Hold,Hold,0.796156688,0.98673202
12/2/2024,466.34,Hold,Hold,Hold,Hold,Hold,Hold,Hold,Hold,Hold,Hold,0.8560107333333334,0.499838314512
13/2/2024,457.61,Hold,Hold,Hold,Hold,Hold,Hold,Hold,Hold,Hold,Hold,0.2439052658575,0.9993366
14/2/2024,470.7,Hold,Hold,Hold,Hold,Hold,Hold,Hold,Hold,Hold,Hold,0.7500063610275,0.4997106165819
15/2/2024,481.39,Hold,Hold,Hold,Hold,Hold,Hold,Hold,Hold,Hold,Hold,0.87416823,
16/2/2024,470.74,Hold,Hold,Hold,Hold,Hold,Hold,Hold,Hold,Hold,Hold,0.9630398366666668,-0.00251873
20/2/2024,469.18,Hold,Hold,Hold,Hold,Hold,Hold,Hold,Hold,Hold,Hold,0.2460188,0.8942924480000001
21/2/2024,465.97,Hold,Hold,Hold,Hold,Hold,Hold,Hold,Hold,Hold,Hold,0.930432,0.996278626
22/2/2024,483.99,Hold,Hold,Hold,Hold,Hold,Hold,Hold,Hold,Hold,Hold,0.3333331156988773,0.995380735
23/2/2024,481.9,Hold,Hold,Hold,Hold,Hold,Hold,Hold,Hold,Hold,Hold,,0.7118190124999999
26/2/2024,479.62,Hold,Hold,Hold,Hold,Hold,Hold,Hold,Hold,Hold,Hold,-0.0092352255,0.656603155
27/2/2024,484.91,Hold,Hold,Hold,Hold,Hold,Hold,Hold,Hold,Hold,Hold,,-0.025732812
28/2/2024,481.89,Hold,Hold,Hold,Hold,Hold,Hold,Hold,Hold,Hold,Hold,0.99995357,0.3401007333333333
29/2/2024,487.97,Hold,Hold,Hold,Hold,Hold,Hold,Hold,Hold,Hold,Hold,,0.58830307
1/3/2024,500.09,Hold,Hold,Hold,Hold,Hold,Hold,Hold,Hold,Hold,Hold,0.9999452,0.9948208
4/3/2024,496.0,Hold,Hold,Hold,Hold,Hold,Hold,Hold,Hold,Hold,Hold,0.75168145,0.569470956
5/3/2024,488.06,Hold,Hold,Hold,Hold,Hold,Hold,Hold,Hold,Hold,Hold,-0.0606766699999999,0.841753699
6/3/2024,493.91,Hold,Hold,Hold,Hold,Hold,Hold,Hold,Hold,Hold,Hold,0.59982188,0.9948208
7/3/2024,509.94,Hold,Hold,Hold,Hold,Hold,Hold,Hold,Hold,Hold,Hold,0.5078942766168842,0.7124233161837454
8/3/2024,503.72,Hold,Hold,Hold,Hold,Hold,Hold,Hold,Hold,Hold,Hold,,1.4212816e-06
11/3/2024,481.46,Hold,Hold,Hold,Hold,Hold,Hold,Hold,Hold,Hold,Hold,0.0267698466666666,0.0399512
12/3/2024,497.55,Hold,Hold,Hold,Hold,Hold,Hold,Hold,Sell,Hold,Hold,0.99990356,0.4173656533333333
13/3/2024,493.39,Hold,Hold,Hold,Hold,Hold,Hold,Hold,Hold,Hold,Hold,0.9945159,0.57023382
14/3/2024,489.67,Hold,Hold,Hold,Hold,Hold,Hold,Hold,Hold,Hold,Hold,0.02744114,-0.6554246972374567
15/3/2024,481.97,Hold,Hold,Hold,Hold,Hold,Hold,Hold,Sell,Hold,Hold,0.4481236779499999,0.9999436133333334
18/3/2024,494.79,Hold,Hold,Hold,Hold,Hold,Hold,Hold,Hold,Hold,Hold,0.0022738448,
19/3/2024,494.06,Hold,Hold,Hold,Hold,Hold,Hold,Hold,Hold,Hold,Hold,0.99792532,0.9948208
20/3/2024,503.3,Hold,Hold,Hold,Hold,Hold,Hold,Hold,Hold,Hold,Hold,0.992989675,0.99650812
21/3/2024,505.53,Hold,Hold,Hold,Hold,Hold,Hold,Hold,Hold,Hold,Hold,0.9999249,0.336434522
22/3/2024,507.34,Hold,Hold,Hold,Hold,Hold,Hold,Hold,Hold,Hold,Hold,,0.7090199783333334
25/3/2024,500.81,Hold,Hold,Hold,Hold,Hold,Hold,Hold,Hold,Hold,Hold,0.995604775,0.90042295
26/3/2024,493.71,Hold,Hold,Hold,Hold,Hold,Hold,Hold,Buy,Hold,Hold,0.99984556,0.6650521578333334
27/3/2024,491.69,Hold,Hold,Hold,Hold,Sell,Hold,Hold,Sell,Hold,Hold,,0.9948208
28/3/2024,483.44,Hold,Hold,Hold,Hold,Hold,Hold,Hold,Hold,Hold,Hold,-0.249567364262125,0.9948208
1/4/2024,489.19,Hold,Hold,Hold,Hold,Hold,Hold,Hold,Hold,Hold,Sell,0.99948837,0.9923228666666668
2/4/2024,495.18,Hold,Hold,Hold,Hold,Hold,Hold,Hold,Hold,Hold,Hold,0.5843799482500001,0.99227511
3/4/2024,504.51,Buy,Hold,Buy,Hold,Buy,Hold,Hold,Buy,Hold,Buy,-0.74997497,0.4357206902223074
4/4/2024,508.67,Hold,Sell,Hold,Hold,Hold,Hold,Hold,Hold,Hold,Hold,0.4743392214999999,0.995571194
5/4/2024,525.02,Hold,Hold,Hold,Hold,Hold,Hold,Hold,Hold,Hold,Hold,0.9964886666666668,0.3202231250419999
8/4/2024,516.96,Hold,Hold,Hold,Hold,Hold,Hold,Hold,Hold,Hold,Hold,0.3345055666666667,0.8328476829999999
9/4/2024,514.63,Hold,Hold,Hold,Hold,Hold,Hold,Hold,Hold,Hold,Hold,0.998087835,0.99615153
10/4/2024,517.54,Hold,Hold,Hold,Hold,Hold,Hold,Hold,Hold,Hold,Hold,0.999239,0.00952905
11/4/2024,520.86,Hold,Hold,Hold,Hold,Hold,Hold,Hold,Hold,Hold,Hold,0.99740833,0.657335505
12/4/2024,509.65,Sell,Hold,Sell,Hold,Hold,Sell,Hold,Hold,Hold,Hold,0.9999286,
15/4/2024,498.03,Hold,Hold,Hold,Hold,Hold,Hold,Hold,Hold,Hold,Hold,0.7493986038479,0.50423703675
16/4/2024,497.56,Hold,Hold,Hold,Sell,Sell,Hold,Sell,Sell,Sell,Sell,,0.39294887707938
17/4/2024,492.0,Hold,Hold,Hold,Hold,Hold,Hold,Hold,Hold,Hold,Hold,0.6544017113466666,0.3557680933333333
18/4/2024,499.59,Hold,Hold,Hold,Hold,Hold,Hold,Hold,Hold,Hold,Hold,0.97350259,0.7202767757142857
19/4/2024,478.95,Hold,Hold,Hold,Hold,Hold,Hold,Hold,Hold,Hold,Hold,0.548574494,0.4331672771428571
22/4/2024,479.61,Hold,Hold,Hold,Hold,Hold,Hold,Hold,Hold,Hold,Hold,0.9903806475,0.6681398035883332
23/4/2024,493.92,Hold,Hold,Hold,Hold,Hold,Hold,Hold,Hold,Hold,Hold,0.4656873266666666,0.7086284921223333
24/4/2024,491.33,Hold,Hold,Hold,Hold,Hold,Hold,Hold,Hold,Hold,Hold,-0.2580936645308223,0.4886608485714285
25/4/2024,439.44,Hold,Hold,Hold,Hold,Hold,Hold,Hold,Hold,Hold,Hold,-0.3173295639139547,0.7535144286528667
26/4/2024,441.34,Hold,Hold,Hold,Hold,Hold,Hold,Hold,Hold,Hold,Hold,0.6008271028571429,0.5990607074978164
29/4/2024,430.72,Hold,Hold,Hold,Hold,Hold,Hold,Hold,Hold,Hold,Hold,0.4095899400228,0.8529731692857142
30/4/2024,428.28,Hold,Hold,Hold,Hold,Hold,Hold,Hold,Hold,Hold,Hold,0.6676949000000001,0.99937449
1/5/2024,437.26,Hold,Buy,Hold,Hold,Hold,Hold,Hold,Hold,Hold,Hold,0.999440525,0.8243614685571429
2/5/2024,439.74,Hold,Buy,Hold,Hold,Hold,Hold,Hold,Hold,Hold,Hold,-0.3507101663333333,0.82111735
3/5/2024,449.97,Hold,Hold,Hold,Hold,Hold,Hold,Hold,Hold,Hold,Hold,8.079569e-06,0.4276088
6/5/2024,463.63,Hold,Hold,Hold,Hold,Hold,Hold,Hold,Hold,Hold,Hold,,0.769327356
7/5/2024,466.18,Buy,Hold,Hold,Hold,Hold,Hold,Hold,Buy,Buy,Hold,0.8379299,0.9985217
8/5/2024,470.52,Hold,Hold,Buy,Hold,Hold,Buy,Hold,Hold,Hold,Hold,0.3334811866666666,0.251088321385
9/5/2024,473.33,Hold,Hold,Hold,Hold,Hold,Hold,Hold,Hold,Hold,Buy,0.49851544463781,0.99993867
10/5/2024,474.1,Hold,Hold,Hold,Hold,Hold,Hold,Hold,Hold,Hold,Hold,,0.5053719839999999
13/5/2024,465.95,Hold,Hold,Hold,Hold,Hold,Hold,Hold,Hold,Hold,Hold,0.9924245,
14/5/2024,469.77,Hold,Hold,Hold,Hold,Hold,Hold,Hold,Hold,Sell,Hold,0.9910754,0.9829877466666668
15/5/2024,479.42,Hold,Sell,Hold,Hold,Hold,Hold,Hold,Hold,Hold,Buy,,0.8818730633333333
16/5/2024,471.15,Hold,Hold,Hold,Hold,Hold,Hold,Hold,Hold,Buy,Hold,-0.99974537,0.9185271
17/5/2024,469.83,Hold,Sell,Hold,Hold,Buy,Hold,Hold,Hold,Hold,Buy,0.9999603,
20/5/2024,466.78,Hold,Sell,Hold,Hold,Hold,Hold,Hold,Hold,Sell,Hold,-0.99398196,0.15058904
21/5/2024,462.59,Hold,Hold,Hold,Sell,Hold,Hold,Sell,Sell,Sell,Hold,0.99994576,0.9948208
22/5/2024,465.72,Hold,Hold,Hold,Hold,Hold,Hold,Hold,Hold,Hold,Hold,0.9999342,0.998274275
23/5/2024,463.73,Hold,Hold,Hold,Hold,Hold,Hold,Hold,Sell,Hold,Hold,1.979421e-05,0.8287540998166666
24/5/2024,476.12,Hold,Hold,Hold,Hold,Hold,Hold,Hold,Hold,Hold,Hold,,0.99592973
28/5/2024,477.81,Hold,Hold,Hold,Buy,Hold,Hold,Buy,Buy,Buy,Hold,0.99996565,0.9378525
29/5/2024,472.27,Hold,Hold,Hold,Hold,Hold,Hold,Hold,Hold,Hold,Hold,,0.51824868502121
30/5/2024,464.99,Hold,Hold,Hold,Buy,Hold,Hold,Buy,Hold,Hold,Hold,0.6542463634283333,0.7716812024999999
31/5/2024,464.78,Hold,Hold,Hold,Sell,Sell,Hold,Sell,Hold,Sell,Sell,,0.9948208
3/6/2024,475.39,Hold,Hold,Hold,Hold,Hold,Hold,Hold,Hold,Hold,Hold,0.691689777918,0.99913095
4/6/2024,474.89,Hold,Hold,Hold,Buy,Hold,Hold,Buy,Buy,Buy,Hold,1.5138213e-05,0.99523346
5/6/2024,492.88,Hold,Hold,Hold,Hold,Hold,Hold,Hold,Hold,Hold,Hold,0.0016300049999999,0.7479140008
6/6/2024,491.59,Hold,Hold,Hold,Hold,Hold,Hold,Hold,Hold,Hold,Hold,0.94509035,
7/6/2024,490.79,Hold,Hold,Hold,Hold,Hold,Hold,Hold,Hold,Hold,Hold,0.99989796,-0.1225315
10/6/2024,500.39,Hold,Hold,Hold,Hold,Hold,Hold,Hold,Hold,Hold,Hold,0.99921525,0.3437475333333333
11/6/2024,505.24,Hold,Hold,Hold,Hold,Hold,Hold,Hold,Hold,Hold,Hold,0.48436898995751,0.6235039219
12/6/2024,506.6,Hold,Hold,Hold,Hold,Hold,Hold,Hold,Hold,Hold,Hold,0.6101664,0.9948208
13/6/2024,501.88,Hold,Hold,Hold,Hold,Hold,Hold,Hold,Hold,Hold,Hold,,0.9963458666666668
14/6/2024,502.44,Hold,Hold,Hold,Hold,Hold,Hold,Hold,Hold,Hold,Hold,0.96856913,0.995513435
17/6/2024,504.9,Hold,Hold,Hold,Hold,Hold,Hold,Hold,Hold,Hold,Hold,0.9990553033333334,0.3285505598686016
18/6/2024,497.79,Hold,Hold,Hold,Hold,Hold,Hold,Hold,Hold,Hold,Hold,0.0314571,0.9961560585714284
20/6/2024,499.99,Hold,Sell,Hold,Hold,Hold,Hold,Hold,Hold,Hold,Hold,0.17258385914834,0.994293626
21/6/2024,493.09,Hold,Hold,Hold,Hold,Hold,Hold,Hold,Hold,Hold,Hold,-0.007628725,0.3331533633547633
24/6/2024,497.21,Sell,Hold,Hold,Hold,Hold,Hold,Hold,Sell,Hold,Hold,0.700437237916,0.59787244445696
25/6/2024,508.86,Buy,Sell,Hold,Hold,Hold,Hold,Hold,Buy,Hold,Hold,0.9972291533333334,0.99925865
26/6/2024,511.37,Hold,Hold,Hold,Hold,Hold,Hold,Hold,Hold,Hold,Hold,0.6014045813000001,0.6384976313358484
27/6/2024,517.79,Hold,Sell,Hold,Hold,Hold,Hold,Hold,Sell,Hold,Hold,0.9997828,0.765186544
28/6/2024,502.5,Hold,Hold,Hold,Hold,Hold,Hold,Hold,Hold,Hold,Hold,0.7502071,0.993176292
1/7/2024,502.96,Sell,Hold,Hold,Hold,Hold,Hold,Hold,Hold,Hold,Hold,0.0698613158603499,6.425666e-08
2/7/2024,507.76,Buy,Hold,Hold,Hold,Hold,Hold,Hold,Buy,Hold,Hold,0.95032963,0.737576238
3/7/2024,508.22,Hold,Hold,Hold,Hold,Hold,Hold,Hold,Hold,Hold,Hold,0.6211682561522,0.9973667
5/7/2024,538.07,Hold,Hold,Hold,Hold,Hold,Hold,Hold,Hold,Hold,Hold,0.2499814273161,0.9985913166666668
8/7/2024,527.51,Hold,Hold,Hold,Hold,Hold,Hold,Hold,Hold,Hold,Hold,0.4960757801884681,0.4639448513446
9/7/2024,528.19,Hold,Hold,Hold,Hold,Hold,Hold,Hold,Hold,Hold,Hold,,0.0244891836515722
10/7/2024,532.87,Hold,Hold,Hold,Hold,Hold,Hold,Hold,Hold,Hold,Hold,0.67667216,-0.9129849
11/7/2024,510.95,Hold,Hold,Hold,Hold,Hold,Hold,Hold,Hold,Hold,Hold,0.9953193,-0.0024397
12/7/2024,497.17,Sell,Hold,Sell,Sell,Sell,Sell,Hold,Sell,Sell,Hold,0.953673275,0.99897963
15/7/2024,494.47,Hold,Hold,Hold,Hold,Hold,Hold,Sell,Hold,Hold,Sell,,-0.121631881125
16/7/2024,488.12,Hold,Hold,Hold,Hold,Hold,Hold,Hold,Hold,Hold,Hold,0.90976346,0.9948208
17/7/2024,460.41,Hold,Hold,Hold,Hold,Hold,Hold,Hold,Hold,Hold,Hold,0.32623882,0.99876666
18/7/2024,474.23,Hold,Hold,Hold,Hold,Hold,Hold,Hold,Hold,Hold,Hold,0.999708355,0.99876547
19/7/2024,475.16,Hold,Hold,Hold,Hold,Hold,Hold,Hold,Hold,Hold,Hold,0.999384815,0.9948208
22/7/2024,485.74,Hold,Hold,Hold,Hold,Hold,Hold,Hold,Hold,Hold,Hold,,0.4999874421623975
23/7/2024,487.02,Hold,Hold,Hold,Hold,Hold,Hold,Hold,Hold,Hold,Hold,,0.9948208
24/7/2024,459.7,Hold,Hold,Hold,Hold,Hold,Hold,Hold,Hold,Hold,Hold,,0.54652847875
25/7/2024,451.86,Hold,Hold,Hold,Hold,Hold,Hold,Hold,Hold,Hold,Hold,0.938193115,0.7997443949004286
26/7/2024,464.11,Hold,Hold,Hold,Hold,Hold,Hold,Hold,Hold,Hold,Hold,-2.1424482e-09,0.627233968125
29/7/2024,464.12,Hold,Buy,Hold,Hold,Hold,Hold,Hold,Hold,Hold,Hold,0.74215274015,0.992772735
30/7/2024,461.61,Hold,Buy,Hold,Hold,Hold,Hold,Hold,Hold,Hold,Hold,0.6460507249999999,0.983481575
31/7/2024,473.21,Hold,Hold,Hold,Hold,Hold,Hold,Hold,Hold,Hold,Hold,0.1277622003831294,0.5325473713490054
1/8/2024,496.04,Hold,Hold,Hold,Hold,Hold,Hold,Hold,Hold,Hold,Hold,0.1379574805110647,0.4926999137500705
2/8/2024,486.47,Buy,Hold,Buy,Buy,Buy,Buy,Buy,Buy,Buy,Buy,0.651123628,0.99773613
5/8/2024,474.11,Hold,Hold,Hold,Hold,Hold,Hold,Hold,Hold,Hold,Hold,0.1370156739999999,0.9948208
6/8/2024,492.4,Hold,Hold,Hold,Hold,Hold,Hold,Hold,Hold,Sell,Hold,0.44077323,0.99993044
7/8/2024,487.25,Hold,Hold,Hold,Buy,Buy,Hold,Buy,Buy,Buy,Buy,0.99026042,0.734123222070125
8/8/2024,507.89,Hold,Hold,Hold,Hold,Hold,Hold,Hold,Hold,Hold,Hold,0.9998987,0.4998134726
9/8/2024,516.0,Hold,Hold,Hold,Hold,Hold,Hold,Hold,Hold,Hold,Hold,0.99977624,0.9991837833333334
12/8/2024,514.19,Hold,Hold,Hold,Hold,Hold,Hold,Hold,Hold,Hold,Hold,3.8297376e-06,0.5006092737
13/8/2024,526.74,Hold,Hold,Hold,Hold,Hold,Hold,Hold,Hold,Hold,Hold,0.9999816,0.9998056
14/8/2024,524.96,Hold,Hold,Hold,Hold,Hold,Hold,Hold,Hold,Hold,Hold,0.365720645,0.5070917935
15/8/2024,535.5,Hold,Hold,Hold,Hold,Hold,Hold,Hold,Hold,Hold,Hold,0.9898435,0.438931132
16/8/2024,525.62,Hold,Hold,Hold,Hold,Hold,Hold,Hold,Hold,Hold,Hold,-0.0134748775,0.99937523
19/8/2024,527.47,Hold,Hold,Hold,Hold,Hold,Hold,Hold,Hold,Hold,Hold,0.9869766433333332,0.0020312362
20/8/2024,524.93,Hold,Hold,Hold,Hold,Hold,Hold,Hold,Hold,Hold,Hold,,0.6442238109999999
21/8/2024,533.33,Hold,Hold,Hold,Hold,Hold,Hold,Hold,Hold,Hold,Hold,0.999356955,-0.8738559
22/8/2024,530.11,Hold,Hold,Hold,Hold,Hold,Hold,Hold,Hold,Hold,Hold,0.6669201291999999,0.9948208
23/8/2024,526.2,Hold,Sell,Hold,Hold,Hold,Hold,Hold,Hold,Hold,Hold,0.50803719,
26/8/2024,519.34,Hold,Hold,Hold,Hold,Hold,Hold,Hold,Hold,Hold,Hold,0.248847678738005,9.12999999996833e-06
27/8/2024,517.33,Sell,Hold,Hold,Hold,Sell,Hold,Hold,Sell,Hold,Hold,0.7179227060000001,-0.99390256
28/8/2024,515.02,Sell,Hold,Sell,Hold,Hold,Sell,Hold,Hold,Hold,Hold,0.9999162,0.61763724
29/8/2024,516.45,Hold,Hold,Hold,Hold,Hold,Hold,Hold,Sell,Hold,Hold,0.9659408,0.9917016
30/8/2024,519.53,Hold,Hold,Hold,Hold,Hold,Hold,Hold,Hold,Hold,Hold,-0.9999976,0.9999884
3/9/2024,510.01,Hold,Hold,Hold,Hold,Hold,Hold,Hold,Hold,Buy,Hold,-0.99992204,0.975503
4/9/2024,510.99,Hold,Hold,Hold,Sell,Sell,Hold,Sell,Hold,Sell,Sell,,0.83946717
5/9/2024,515.1,Hold,Hold,Hold,Hold,Hold,Hold,Hold,Hold,Hold,Hold,0.99892835,0.17113133
6/9/2024,498.56,Hold,Hold,Buy,Hold,Hold,Hold,Buy,Hold,Hold,Hold,-0.45148868,
9/9/2024,503.07,Hold,Hold,Hold,Hold,Hold,Hold,Sell,Hold,Hold,Hold,7.548385e-09,0.00075645023
10/9/2024,503.07,Hold,Hold,Hold,Hold,Hold,Hold,Hold,Hold,Hold,Hold,0.069863983055,0.9911588
11/9/2024,510.08,Hold,Hold,Hold,Hold,Hold,Hold,Hold,Hold,Hold,Hold,-0.99710596,0.3829929833333333
12/9/2024,523.81,Hold,Hold,Hold,Hold,Hold,Buy,Hold,Hold,Buy,Hold,0.00019999569,
13/9/2024,522.83,Buy,Hold,Buy,Buy,Buy,Hold,Buy,Buy,Hold,Buy,0.50337385235,0.9948208
16/9/2024,531.97,Hold,Hold,Hold,Hold,Hold,Hold,Hold,Hold,Hold,Hold,0.4887911577,0.98988855
17/9/2024,535.0,Hold,Hold,Hold,Hold,Hold,Hold,Hold,Hold,Hold,Hold,0.760006264,
18/9/2024,536.63,Hold,Hold,Hold,Hold,Hold,Hold,Hold,Hold,Hold,Hold,,0.9999077
19/9/2024,557.72,Hold,Hold,Hold,Hold,Hold,Hold,Hold,Hold,Hold,Hold,0.499022903720175,0.7115573366666667
20/9/2024,559.97,Hold,Hold,Hold,Hold,Hold,Hold,Hold,Hold,Hold,Hold,0.249805603801205,0.99517955
23/9/2024,563.02,Hold,Hold,Hold,Hold,Hold,Hold,Hold,Hold,Hold,Hold,0.7442778523029779,0.9999652
24/9/2024,561.94,Hold,Hold,Hold,Hold,Hold,Hold,Hold,Hold,Hold,Hold,0.7038258233333333,0.176403675
25/9/2024,566.91,Hold,Hold,Hold,Hold,Hold,Hold,Hold,Hold,Hold,Hold,0.677445247715,0.2689435810859775
26/9/2024,566.44,Hold,Hold,Hold,Hold,Hold,Hold,Hold,Hold,Hold,Hold,0.548043419126565,0.7991408170877622
27/9/2024,565.96,Hold,Hold,Hold,Hold,Hold,Hold,Hold,Hold,Hold,Hold,0.99944275,
30/9/2024,571.03,Hold,Hold,Hold,Hold,Hold,Hold,Hold,Hold,Hold,Hold,0.6648081635,0.9995666
1/10/2024,575.05,Hold,Hold,Hold,Hold,Hold,Hold,Hold,Hold,Hold,Hold,0.594260022028808,0.7474080732530825
2/10/2024,571.4,Hold,Hold,Hold,Hold,Hold,Hold,Hold,Hold,Hold,Hold,0.997038856,
3/10/2024,581.34,Hold,Hold,Hold,Hold,Hold,Hold,Hold,Hold,Hold,Hold,0.3389426604333334,0.91260698
4/10/2024,594.47,Hold,Hold,Hold,Hold,Hold,Hold,Hold,Hold,Hold,Hold,0.3332649551582203,0.999950335
7/10/2024,583.34,Hold,Hold,Hold,Hold,Hold,Hold,Hold,Hold,Hold,Hold,0.5056238695,
8/10/2024,591.43,Hold,Hold,Hold,Hold,Hold,Hold,Hold,Hold,Hold,Hold,0.9910061,0.99970835
9/10/2024,589.06,Hold,Hold,Hold,Hold,Hold,Hold,Hold,Hold,Hold,Hold,0.520909665,0.6558476166666667
10/10/2024,582.39,Hold,Hold,Hold,Hold,Hold,Hold,Hold,Hold,Hold,Hold,0.456453569872125,0.9997127
11/10/2024,588.5,Hold,Hold,Hold,Hold,Hold,Hold,Hold,Hold,Hold,Hold,0.16714126,
14/10/2024,588.97,Sell,Hold,Hold,Hold,Hold,Hold,Hold,Hold,Hold,Hold,0.3562987246855833,0.001481995
15/10/2024,584.83,Hold,Hold,Hold,Hold,Hold,Hold,Hold,Hold,Hold,Hold,0.9815676,
16/10/2024,575.37,Hold,Hold,Hold,Hold,Hold,Hold,Hold,Hold,Hold,Hold,0.1522762219943214,0.7080518122959807
17/10/2024,575.51,Hold,Hold,Hold,Hold,Sell,Hold,Hold,Sell,Hold,Hold,0.6482716211111111,0.99663887
18/10/2024,575.05,Hold,Hold,Hold,Hold,Hold,Hold,Hold,Hold,Hold,Hold,0.61556433435,0.9999630766666666
21/10/2024,573.74,Hold,Hold,Hold,Hold,Hold,Hold,Hold,Sell,Hold,Hold,0.98886517,0.99997437
22/10/2024,580.58,Hold,Hold,Hold,Hold,Hold,Hold,Hold,Hold,Hold,Hold,0.9010907666666668,
23/10/2024,562.3,Hold,Hold,Hold,Hold,Hold,Hold,Hold,Buy,Hold,Hold,0.49942890262945,0.4981497483
24/10/2024,566.38,Hold,Hold,Hold,Hold,Sell,Hold,Hold,Sell,Hold,Sell,0.1277093,0.6346056856666666
25/10/2024,571.84,Hold,Hold,Hold,Hold,Sell,Hold,Hold,Hold,Hold,Sell,0.3027486303509934,0.5432934858217242
28/10/2024,576.74,Hold,Hold,Hold,Hold,Hold,Hold,Hold,Hold,Hold,Hold,0.3328279380746666,0.713641208673
29/10/2024,591.82,Hold,Hold,Hold,Hold,Hold,Hold,Hold,Buy,Hold,Hold,0.33148431676,0.5070698349628572
30/10/2024,590.34,Hold,Hold,Hold,Hold,Hold,Hold,Hold,Hold,Hold,Hold,-0.3004480096434437,0.301119458886527
31/10/2024,566.18,Hold,Hold,Hold,Hold,Hold,Hold,Hold,Hold,Hold,Hold,0.056085126417515,0.3142324566899122
1/11/2024,565.76,Hold,Hold,Hold,Hold,Hold,Hold,Hold,Hold,Hold,Hold,,0.800127732
4/11/2024,559.3,Hold,Hold,Hold,Hold,Hold,Hold,Hold,Hold,Hold,Hold,0.2301601878871104,0.9894988733333332
5/11/2024,571.02,Hold,Hold,Hold,Hold,Hold,Hold,Hold,Buy,Hold,Hold,0.0006198699999999,0.623409483940325
6/11/2024,570.64,Hold,Hold,Hold,Hold,Hold,Hold,Hold,Hold,Hold,Hold,0.30525855455675,0.749955506788625
7/11/2024,590.24,Hold,Hold,Hold,Hold,Hold,Hold,Hold,Hold,Hold,Hold,0.9818818,0.0026539499999999
8/11/2024,587.89,Buy,Hold,Buy,Hold,Buy,Hold,Hold,Buy,Hold,Buy,0.9981498,0.9948208
11/11/2024,581.73,Hold,Hold,Hold,Hold,Hold,Hold,Hold,Sell,Hold,Hold,0.9949939,0.991557825
12/11/2024,583.38,Hold,Hold,Hold,Hold,Hold,Buy,Hold,Hold,Hold,Hold,0.8498844193857142,0.9874863533333332
13/11/2024,578.57,Sell,Hold,Sell,Hold,Hold,Sell,Hold,Hold,Hold,Hold,0.99610255,0.972060435
14/11/2024,575.74,Hold,Hold,Hold,Sell,Sell,Hold,Hold,Sell,Sell,Hold,-0.2556003514968125,0.997385275
15/11/2024,552.72,Hold,Hold,Hold,Hold,Hold,Hold,Sell,Hold,Hold,Sell,0.4969284865705879,0.9948208
18/11/2024,553.04,Hold,Hold,Hold,Hold,Hold,Hold,Hold,Hold,Hold,Hold,-0.78252745,0.97423462
19/11/2024,559.71,Hold,Hold,Hold,Hold,Hold,Hold,Hold,Hold,Hold,Hold,0.0208157432313333,0.444681668
20/11/2024,564.13,Hold,Hold,Hold,Hold,Hold,Hold,Hold,Hold,Hold,Hold,0.9987416,
21/11/2024,561.7,Hold,Hold,Hold,Hold,Hold,Buy,Hold,Hold,Buy,Hold,0.97648716,
22/11/2024,557.76,Hold,Hold,Hold,Hold,Hold,Hold,Hold,Hold,Hold,Hold,0.974895384,0.744881321
25/11/2024,563.72,Hold,Hold,Hold,Hold,Hold,Hold,Hold,Hold,Hold,Hold,0.9887391,0.990150225
26/11/2024,572.13,Hold,Hold,Hold,Hold,Hold,Buy,Hold,Hold,Buy,Hold,0.0023473331,0.1127731538108144
27/11/2024,567.8,Buy,Hold,Buy,Buy,Buy,Hold,Buy,Buy,Hold,Buy,0.99920544,0.99999297
29/11/2024,572.91,Hold,Hold,Hold,Hold,Hold,Hold,Hold,Hold,Hold,Hold,0.999971,0.84529938
2/12/2024,591.37,Hold,Hold,Buy,Hold,Hold,Hold,Buy,Hold,Hold,Buy,0.9998869,0.9997906466666668
3/12/2024,612.14,Hold,Hold,Hold,Hold,Hold,Hold,Hold,Hold,Hold,Hold,0.3215001517956666,0.99724443
4/12/2024,612.27,Hold,Hold,Hold,Hold,Hold,Hold,Hold,Hold,Hold,Hold,0.59984262624924,0.9999208
5/12/2024,607.43,Hold,Hold,Hold,Hold,Hold,Hold,Hold,Hold,Hold,Hold,0.99973933,0.9923555
6/12/2024,622.23,Hold,Hold,Hold,Hold,Hold,Hold,Hold,Hold,Hold,Hold,0.0862258218318,0.6655677026379067
9/12/2024,612.06,Hold,Hold,Hold,Hold,Hold,Hold,Hold,Hold,Hold,Hold,0.3364513795847333,0.1588260313378456
10/12/2024,617.8,Hold,Hold,Hold,Hold,Hold,Hold,Hold,Hold,Hold,Hold,-0.3307387333333333,0.40909575
11/12/2024,631.12,Hold,Hold,Hold,Hold,Hold,Hold,Hold,Hold,Hold,Hold,-0.0022839106765659,0.589534636
12/12/2024,629.24,Hold,Sell,Hold,Hold,Hold,Hold,Hold,Hold,Hold,Hold,-0.1964747555680333,-0.90350366
13/12/2024,618.82,Hold,Sell,Hold,Hold,Hold,Hold,Hold,Hold,Hold,Hold,0.9993368,
16/12/2024,623.21,Hold,Sell,Hold,Hold,Hold,Hold,Hold,Hold,Hold,Hold,,-0.931378455
17/12/2024,618.41,Hold,Hold,Hold,Hold,Hold,Hold,Hold,Hold,Hold,Hold,0.49983404517917,0.00078868435
18/12/2024,596.2,Sell,Hold,Sell,Hold,Hold,Sell,Hold,Hold,Hold,Hold,0.49999065610875,0.9999199
19/12/2024,594.58,Hold,Hold,Hold,Hold,Hold,Hold,Hold,Sell,Sell,Hold,0.297539412103853,0.9948208
20/12/2024,584.28,Hold,Hold,Hold,Hold,Hold,Hold,Hold,Hold,Hold,Hold,,0.40867231
23/12/2024,598.86,Hold,Hold,Hold,Hold,Hold,Hold,Hold,Sell,Sell,Hold,0.3325618,0.9948208
24/12/2024,606.74,Hold,Hold,Hold,Hold,Hold,Hold,Hold,Hold,Buy,Hold,0.99666727,
26/12/2024,602.35,Hold,Hold,Hold,Hold,Hold,Hold,Hold,Hold,Hold,Hold,0.9470341,0.9103081
27/12/2024,598.82,Hold,Hold,Hold,Hold,Hold,Hold,Hold,Hold,Hold,Hold,0.9757635,0.9725397433333334
30/12/2024,590.26,Hold,Hold,Hold,Hold,Hold,Hold,Hold,Hold,Hold,Hold,0.5157825586742495,0.9948208
2/1/2025,597.84,,,,,,,,,,,,
3/1/2025,603.22,,,,,,,,,,,,
6/1/2025,628.73,,,,,,,,,,,,
7/1/2025,616.45,,,,,,,,,,,,
8/1/2025,609.3,,,,,,,,,,,,
10/1/2025,614.42,,,,,,,,,,,,
13/1/2025,606.91,,,,,,,,,,,,
14/1/2025,592.87,,,,,,,,,,,,
15/1/2025,615.68,,,,,,,,,,,,
16/1/2025,609.88,,,,,,,,,,,,
