Date,Close,Combi 1: Crossover (Price & EMA 12) + MACD Crossover,Combi 2: Crossover (Price & EMA 12) + EMA Crossover (12 &20),Combi 3: Overbought/ Overbought + SMA Crossover (8 & 12),Combi 4: Crossover (Price & EMA 20) + SMA Crossover (12 & 20),Combi 5: Crossover (Price & EMA 12) + Crossover (Price & EMA 20),Combi 6: Crossover (Price & EMA 12) + SMA Crossover (8 & 12),Combi 7: Crossover (Price & EMA 12) + SMA Crossover (12 & 20),Combi 8: Crossover (Price & EMA 20) + EMA Crossover (12 &20),Combi 9: Crossover (Price & EMA 12) + Crossover (Price & EMA 50),Combi 10: Crossover (Price & EMA 50) + SMA Crossover (8 & 12),News Sentiment Score,Social Sentiment Score
2/1/2020,5.97,Hold,Hold,Sell,Hold,Hold,Hold,Hold,Hold,Hold,Hold,1.41343355e-06,0.7100512416611682
3/1/2020,5.88,Hold,Hold,Hold,Hold,Hold,Hold,Hold,Hold,Hold,Hold,,0.6621408073926023
6/1/2020,5.9,Hold,Hold,Hold,Hold,Hold,Hold,Hold,Hold,Hold,Hold,,0.7041484667123717
7/1/2020,5.97,Hold,Hold,Hold,Hold,Hold,Hold,Hold,Hold,Hold,Hold,0.9999926,0.719959277146403
8/1/2020,5.98,Hold,Hold,Hold,Hold,Hold,Hold,Hold,Hold,Hold,Hold,0.3104641,0.6965408982147697
9/1/2020,6.05,Hold,Hold,Hold,Hold,Hold,Hold,Hold,Hold,Hold,Hold,,0.7163932634800061
10/1/2020,6.08,Hold,Hold,Hold,Hold,Hold,Hold,Hold,Hold,Hold,Hold,0.0375752305343243,0.5835195262240689
13/1/2020,6.27,Hold,Hold,Hold,Hold,Hold,Hold,Hold,Hold,Hold,Hold,-0.1112219854621293,0.5792507443061753
14/1/2020,6.16,Hold,Hold,Hold,Hold,Hold,Hold,Hold,Hold,Hold,Hold,,0.7605923458108442
15/1/2020,6.11,Hold,Hold,Hold,Hold,Hold,Hold,Hold,Hold,Hold,Hold,5.658269e-07,0.6587539378111288
16/1/2020,6.2,Hold,Hold,Hold,Hold,Hold,Hold,Hold,Hold,Hold,Hold,0.663067165,0.7672337600578129
17/1/2020,6.2,Hold,Hold,Hold,Hold,Hold,Hold,Hold,Hold,Hold,Hold,0.12956518,0.7170935924885371
21/1/2020,6.17,Sell,Hold,Sell,Hold,Hold,Hold,Hold,Hold,Hold,Hold,0.99991935,0.6518725047991263
22/1/2020,6.23,Hold,Hold,Hold,Hold,Hold,Hold,Hold,Hold,Hold,Hold,0.9190904,0.7486614266828321
23/1/2020,6.29,Hold,Hold,Hold,Hold,Hold,Hold,Hold,Hold,Hold,Hold,7.217956e-08,0.5762700250426662
24/1/2020,6.23,Hold,Hold,Sell,Hold,Hold,Hold,Hold,Hold,Hold,Hold,0.009986924,0.5627576330855418
27/1/2020,5.98,Hold,Hold,Hold,Hold,Hold,Hold,Hold,Hold,Hold,Hold,0.9667573,0.6591051710627548
28/1/2020,6.17,Hold,Hold,Hold,Sell,Sell,Sell,Sell,Hold,Hold,Hold,,0.6686556349484055
29/1/2020,6.11,Hold,Hold,Hold,Hold,Buy,Hold,Hold,Hold,Hold,Hold,,0.6309964880967264
30/1/2020,6.12,Hold,Hold,Hold,Hold,Sell,Sell,Sell,Hold,Hold,Hold,,0.6666320729814513
31/1/2020,5.89,Hold,Hold,Hold,Hold,Hold,Hold,Hold,Hold,Hold,Hold,0.9992428,0.6773758267570535
3/2/2020,5.98,Hold,Hold,Hold,Sell,Hold,Hold,Hold,Hold,Hold,Hold,,0.6173905823104894
4/2/2020,6.15,Hold,Hold,Hold,Hold,Hold,Hold,Hold,Hold,Hold,Hold,-0.2380807566666666,0.7591866906639828
5/2/2020,6.24,Buy,Hold,Hold,Buy,Buy,Buy,Buy,Hold,Hold,Hold,,0.6338475762437803
6/2/2020,6.33,Hold,Hold,Hold,Hold,Hold,Hold,Hold,Hold,Hold,Hold,0.9999906,0.7985295992276388
7/2/2020,6.26,Hold,Hold,Hold,Hold,Hold,Hold,Hold,Hold,Hold,Hold,0.964010805,0.5581093035570874
10/2/2020,6.55,Hold,Hold,Hold,Hold,Hold,Hold,Hold,Hold,Hold,Hold,0.499754905008902,0.6807187211710254
11/2/2020,6.67,Hold,Hold,Hold,Hold,Hold,Hold,Hold,Hold,Hold,Hold,0.249898495171338,0.6117999042960383
12/2/2020,6.78,Hold,Hold,Hold,Hold,Hold,Hold,Hold,Hold,Hold,Hold,0.2501646766472249,0.5796000187270329
13/2/2020,6.74,Hold,Hold,Hold,Hold,Hold,Hold,Hold,Hold,Hold,Hold,0.1381068158719892,0.626725712884335
14/2/2020,7.21,Hold,Hold,Hold,Hold,Hold,Hold,Hold,Hold,Hold,Hold,-3.1463413297057656e-05,0.6159407939365086
18/2/2020,7.38,Hold,Hold,Hold,Hold,Hold,Hold,Hold,Hold,Hold,Hold,0.56371759515705,0.5984071791414085
19/2/2020,7.83,Hold,Hold,Hold,Hold,Hold,Hold,Hold,Hold,Hold,Hold,-0.2006435508531037,0.7303777606420552
20/2/2020,7.68,Hold,Hold,Sell,Hold,Hold,Hold,Hold,Hold,Hold,Hold,,0.6490937970583569
21/2/2020,7.32,Hold,Hold,Sell,Hold,Hold,Hold,Hold,Hold,Hold,Hold,0.9989651,0.6098304587734259
24/2/2020,6.8,Hold,Hold,Hold,Hold,Hold,Hold,Hold,Hold,Hold,Hold,0.99997616,0.6694673280461875
25/2/2020,6.52,Sell,Hold,Hold,Hold,Sell,Sell,Hold,Hold,Sell,Hold,-0.6665306777459666,0.5511430911477248
26/2/2020,6.66,Sell,Hold,Hold,Hold,Sell,Hold,Hold,Hold,Hold,Hold,-0.86563694,0.6007619879954311
27/2/2020,6.29,Hold,Hold,Hold,Hold,Hold,Hold,Hold,Hold,Hold,Hold,0.9988631,0.5691630998014062
28/2/2020,6.73,Hold,Hold,Hold,Hold,Hold,Hold,Hold,Hold,Sell,Sell,0.4999914140951625,0.6028699424334312
2/3/2020,6.88,Hold,Hold,Hold,Hold,Buy,Sell,Hold,Hold,Buy,Hold,-0.3870282975,0.6687272224103383
3/3/2020,6.62,Hold,Hold,Hold,Hold,Buy,Buy,Hold,Hold,Buy,Hold,0.98782325,0.5793061788618452
4/3/2020,7.09,Hold,Sell,Hold,Sell,Sell,Sell,Sell,Sell,Sell,Hold,,0.6091169369374017
5/3/2020,6.81,Hold,Hold,Hold,Hold,Buy,Buy,Hold,Hold,Buy,Hold,0.99568745,0.6351863667993509
6/3/2020,6.63,Hold,Sell,Hold,Hold,Sell,Sell,Sell,Hold,Sell,Hold,0.6586703,0.6913713292958751
9/3/2020,6.11,Hold,Hold,Hold,Sell,Hold,Hold,Hold,Sell,Hold,Hold,0.99103934,0.6087385536101778
10/3/2020,6.5,Hold,Hold,Hold,Hold,Hold,Hold,Hold,Hold,Hold,Sell,,0.5422266067070363
11/3/2020,6.14,Hold,Hold,Hold,Hold,Hold,Hold,Hold,Hold,Hold,Buy,,0.5534851581633556
12/3/2020,5.39,Hold,Hold,Hold,Hold,Hold,Hold,Hold,Hold,Hold,Sell,,0.670109993965175
13/3/2020,6.0,Hold,Hold,Hold,Hold,Hold,Hold,Hold,Hold,Hold,Hold,,0.6456259908869456
16/3/2020,4.89,Hold,Hold,Hold,Hold,Hold,Hold,Hold,Hold,Hold,Hold,0.9997981,0.6694636763999732
17/3/2020,5.41,Hold,Hold,Hold,Hold,Hold,Hold,Hold,Hold,Hold,Hold,0.4999433321253,0.5661908176777284
18/3/2020,5.05,Hold,Hold,Hold,Hold,Hold,Hold,Hold,Hold,Hold,Hold,-0.0071389144,0.5896242304952855
19/3/2020,5.3,Hold,Hold,Hold,Hold,Hold,Hold,Hold,Hold,Hold,Hold,,0.6456316545503753
20/3/2020,5.12,Hold,Hold,Hold,Hold,Hold,Hold,Hold,Hold,Hold,Hold,0.0029351405,0.5777496084022394
23/3/2020,5.3,Hold,Hold,Hold,Hold,Hold,Hold,Hold,Hold,Hold,Hold,,0.5918910511456306
24/3/2020,6.21,Hold,Hold,Hold,Hold,Hold,Hold,Hold,Hold,Hold,Hold,0.1558476296998623,0.6639677153425932
25/3/2020,6.12,Buy,Buy,Hold,Buy,Buy,Buy,Buy,Buy,Buy,Buy,0.99995446,0.5872518822353712
26/3/2020,6.41,Hold,Hold,Hold,Hold,Hold,Hold,Hold,Hold,Hold,Hold,0.999001,0.6193159412043708
27/3/2020,6.29,Hold,Hold,Hold,Hold,Hold,Buy,Hold,Hold,Hold,Buy,6.864075e-07,0.5659692688936545
30/3/2020,6.61,Hold,Hold,Hold,Hold,Hold,Hold,Hold,Hold,Hold,Hold,,0.613096823464068
31/3/2020,6.57,Hold,Hold,Hold,Hold,Hold,Hold,Hold,Hold,Hold,Hold,0.5994184318964588,0.6452090867031609
1/4/2020,6.05,Hold,Buy,Hold,Hold,Hold,Hold,Hold,Buy,Hold,Hold,0.9880052,0.7150262655285444
2/4/2020,6.36,Hold,Hold,Hold,Hold,Sell,Sell,Hold,Hold,Sell,Sell,-1.0951755e-09,0.6144217345679521
3/4/2020,6.07,Hold,Hold,Hold,Buy,Buy,Buy,Buy,Hold,Buy,Buy,0.6664532469046696,0.600180183431271
6/4/2020,6.68,Hold,Hold,Hold,Hold,Sell,Sell,Hold,Hold,Sell,Sell,,0.6403306900973073
7/4/2020,6.45,Hold,Hold,Hold,Hold,Buy,Buy,Hold,Hold,Buy,Buy,0.9999946,0.5852038432409189
8/4/2020,6.65,Hold,Hold,Hold,Hold,Hold,Hold,Hold,Hold,Hold,Hold,,0.5620347857521726
9/4/2020,6.55,Hold,Hold,Hold,Hold,Hold,Hold,Hold,Hold,Hold,Hold,0.999976,0.5407851129390314
13/4/2020,6.72,Hold,Hold,Hold,Hold,Hold,Hold,Hold,Hold,Hold,Hold,-0.9999991,0.5840119423459154
14/4/2020,7.07,Hold,Hold,Hold,Hold,Hold,Sell,Hold,Hold,Hold,Hold,,0.6125474701554063
15/4/2020,6.99,Hold,Hold,Hold,Hold,Hold,Buy,Hold,Hold,Hold,Hold,-6.429137e-08,0.6584949033872065
16/4/2020,7.34,Hold,Hold,Hold,Hold,Hold,Hold,Hold,Hold,Hold,Hold,0.60026449557804,0.6204471154394544
17/4/2020,7.28,Hold,Hold,Hold,Hold,Hold,Hold,Hold,Hold,Hold,Hold,0.4998720212228565,0.5860397071211407
20/4/2020,7.15,Hold,Hold,Hold,Hold,Hold,Hold,Hold,Hold,Hold,Hold,0.86631925,0.6421093030303121
21/4/2020,6.71,Hold,Hold,Hold,Hold,Hold,Hold,Hold,Hold,Hold,Hold,0.99998915,0.685317776765388
22/4/2020,7.13,Sell,Hold,Hold,Hold,Hold,Sell,Hold,Hold,Hold,Hold,0.9908976,0.6992583412615097
23/4/2020,7.07,Hold,Hold,Hold,Hold,Hold,Buy,Hold,Hold,Hold,Hold,0.6120420843039,0.5773216659487075
24/4/2020,7.21,Hold,Hold,Hold,Hold,Hold,Hold,Hold,Hold,Hold,Hold,0.23806472925,0.5986154325827787
27/4/2020,7.4,Hold,Hold,Hold,Hold,Hold,Hold,Hold,Hold,Hold,Hold,0.750754470730465,0.6584007228143186
28/4/2020,7.26,Hold,Hold,Hold,Hold,Hold,Hold,Hold,Hold,Hold,Hold,9.491382e-08,0.6388976138222235
29/4/2020,7.43,Hold,Hold,Hold,Hold,Hold,Hold,Hold,Hold,Hold,Hold,0.999985685,0.6607214812028823
30/4/2020,7.28,Hold,Hold,Sell,Hold,Hold,Sell,Hold,Hold,Hold,Hold,0.50152417035,0.5916670402396035
1/5/2020,7.04,Sell,Hold,Hold,Hold,Hold,Hold,Hold,Hold,Hold,Hold,,0.5124787354758443
4/5/2020,7.26,Hold,Hold,Hold,Hold,Hold,Hold,Hold,Hold,Hold,Hold,0.4986111803144654,0.5677999892097193
5/5/2020,7.32,Buy,Hold,Hold,Hold,Hold,Hold,Hold,Hold,Hold,Hold,0.99993885,0.6611037973599291
6/5/2020,7.42,Hold,Hold,Hold,Hold,Hold,Hold,Hold,Hold,Hold,Hold,,0.6529217767436488
7/5/2020,7.59,Hold,Hold,Hold,Hold,Hold,Hold,Hold,Hold,Hold,Hold,0.3331057360581365,0.5613738745520704
8/5/2020,7.78,Hold,Hold,Hold,Hold,Hold,Hold,Hold,Hold,Hold,Hold,,0.6120530562483489
11/5/2020,8.04,Hold,Hold,Hold,Hold,Hold,Hold,Hold,Hold,Hold,Hold,0.3384039193576599,0.5679591077471067
12/5/2020,7.77,Hold,Hold,Hold,Hold,Hold,Hold,Hold,Hold,Hold,Hold,0.274109236578,0.6470956812773393
13/5/2020,7.75,Hold,Hold,Hold,Hold,Hold,Hold,Hold,Hold,Hold,Hold,0.3298339177190486,0.6016050128896164
14/5/2020,8.0,Hold,Hold,Hold,Hold,Hold,Hold,Hold,Hold,Hold,Hold,0.8882791539999999,0.6169315073110853
15/5/2020,8.46,Hold,Hold,Hold,Hold,Hold,Hold,Hold,Hold,Hold,Hold,0.2482092886043488,0.654771447249025
18/5/2020,8.72,Hold,Hold,Hold,Hold,Hold,Hold,Hold,Hold,Hold,Hold,-0.207121561549659,0.6189968918201995
19/5/2020,8.77,Hold,Hold,Hold,Hold,Hold,Hold,Hold,Hold,Hold,Hold,-0.2499903709322856,0.6333962680467563
20/5/2020,8.94,Hold,Hold,Hold,Hold,Hold,Hold,Hold,Hold,Hold,Hold,0.9999865,0.6687796248952377
21/5/2020,8.74,Hold,Hold,Hold,Hold,Hold,Hold,Hold,Hold,Hold,Hold,0.3749170401125345,0.617945324402577
22/5/2020,8.99,Hold,Hold,Hold,Hold,Hold,Hold,Hold,Hold,Hold,Hold,0.0011025991601971,0.6017161388726288
26/5/2020,8.69,Hold,Hold,Sell,Hold,Hold,Hold,Hold,Hold,Hold,Hold,3.143810656666667e-08,0.6505449899342531
27/5/2020,8.49,Hold,Hold,Hold,Hold,Hold,Hold,Hold,Hold,Hold,Hold,0.499993142033,0.6394405214535178
28/5/2020,8.46,Hold,Hold,Hold,Hold,Hold,Hold,Hold,Hold,Hold,Hold,0.3965891693485749,0.7328164963908449
29/5/2020,8.84,Hold,Hold,Hold,Hold,Hold,Hold,Hold,Hold,Hold,Hold,,0.6445736689444664
1/6/2020,8.77,Hold,Hold,Hold,Hold,Hold,Hold,Hold,Hold,Hold,Hold,-1.4152497e-09,0.6624218983171524
2/6/2020,8.79,Hold,Hold,Hold,Hold,Hold,Hold,Hold,Hold,Hold,Hold,0.9258911,0.6370098743296695
3/6/2020,8.74,Hold,Hold,Hold,Hold,Hold,Hold,Hold,Hold,Hold,Hold,,0.5514285997701489
4/6/2020,8.74,Hold,Hold,Hold,Hold,Hold,Sell,Hold,Hold,Hold,Hold,,0.7268553174274555
5/6/2020,8.89,Hold,Hold,Hold,Hold,Hold,Hold,Hold,Hold,Hold,Hold,0.9999924,0.7566039086115519
8/6/2020,8.78,Hold,Hold,Hold,Hold,Hold,Hold,Hold,Hold,Hold,Hold,0.523428543,0.6792794809915736
9/6/2020,9.02,Hold,Hold,Hold,Hold,Hold,Buy,Hold,Hold,Hold,Hold,,0.5990711728767077
10/6/2020,9.34,Hold,Hold,Hold,Hold,Hold,Hold,Hold,Hold,Hold,Hold,0.93158275,0.6451857421640771
11/6/2020,8.77,Hold,Hold,Hold,Hold,Hold,Hold,Hold,Hold,Hold,Hold,0.0006047891,0.6465279387335277
12/6/2020,8.9,Hold,Hold,Hold,Hold,Hold,Hold,Hold,Hold,Hold,Hold,,0.5804919566131044
15/6/2020,9.14,Hold,Hold,Hold,Hold,Hold,Hold,Hold,Hold,Hold,Hold,0.53586641,0.6619043978930641
16/6/2020,9.04,Hold,Hold,Hold,Hold,Hold,Hold,Hold,Hold,Hold,Hold,0.99999493,0.6032098377590545
17/6/2020,9.21,Hold,Hold,Hold,Hold,Hold,Hold,Hold,Hold,Hold,Hold,-0.8842882,0.6021043793516369
18/6/2020,9.19,Hold,Hold,Hold,Hold,Hold,Hold,Hold,Hold,Hold,Hold,,0.5849363097807735
19/6/2020,9.23,Hold,Hold,Hold,Hold,Hold,Hold,Hold,Hold,Hold,Hold,,0.6561264518855613
22/6/2020,9.5,Hold,Hold,Hold,Hold,Hold,Hold,Hold,Hold,Hold,Hold,0.3078602775,0.7125067144388934
23/6/2020,9.42,Hold,Hold,Hold,Hold,Hold,Hold,Hold,Hold,Hold,Hold,0.549237517,0.6704581376110625
24/6/2020,9.21,Hold,Hold,Hold,Hold,Hold,Hold,Hold,Hold,Hold,Hold,0.99995132,0.6285926186107335
25/6/2020,9.46,Hold,Hold,Hold,Hold,Hold,Hold,Hold,Hold,Hold,Hold,0.99986994,0.5981686154256675
26/6/2020,9.12,Hold,Hold,Hold,Hold,Hold,Hold,Hold,Hold,Hold,Hold,,0.6362984542799326
29/6/2020,9.17,Hold,Hold,Hold,Hold,Hold,Hold,Hold,Hold,Hold,Hold,,0.627410166116214
30/6/2020,9.47,Hold,Hold,Hold,Hold,Hold,Hold,Hold,Hold,Hold,Hold,0.99999714,0.7486505247754277
1/7/2020,9.5,Buy,Hold,Hold,Hold,Hold,Hold,Hold,Hold,Hold,Hold,,0.7316302649110132
2/7/2020,9.58,Hold,Hold,Hold,Hold,Hold,Hold,Hold,Hold,Hold,Hold,0.499844839,0.6585281253357308
6/7/2020,9.81,Hold,Hold,Hold,Hold,Hold,Hold,Hold,Hold,Hold,Hold,0.9999981,0.6658518531992614
7/7/2020,9.84,Hold,Hold,Hold,Hold,Hold,Hold,Hold,Hold,Hold,Hold,0.005042202377495,0.7064301423377148
8/7/2020,10.18,Hold,Hold,Hold,Hold,Hold,Hold,Hold,Hold,Hold,Hold,0.4944317591801,0.7002495936561935
9/7/2020,10.47,Hold,Hold,Hold,Hold,Hold,Hold,Hold,Hold,Hold,Hold,0.469379855,0.643006722336129
10/7/2020,10.44,Hold,Hold,Hold,Hold,Hold,Hold,Hold,Hold,Hold,Hold,0.0001725320285,0.6930431165499933
13/7/2020,10.02,Hold,Hold,Hold,Hold,Hold,Hold,Hold,Hold,Hold,Hold,0.3308690333333333,0.6475229290993332
14/7/2020,10.34,Hold,Hold,Hold,Hold,Hold,Hold,Hold,Hold,Hold,Hold,-0.912224,0.6609631461160496
15/7/2020,10.19,Hold,Hold,Hold,Hold,Hold,Hold,Hold,Hold,Hold,Hold,0.9994202,0.6102409517976745
16/7/2020,10.1,Hold,Hold,Hold,Hold,Hold,Hold,Hold,Hold,Hold,Hold,,0.6064502685193628
17/7/2020,10.17,Sell,Hold,Sell,Hold,Hold,Hold,Hold,Hold,Hold,Hold,,0.6711600711708418
20/7/2020,10.48,Buy,Hold,Sell,Hold,Hold,Hold,Hold,Hold,Hold,Hold,0.9999102,0.6568245631649606
21/7/2020,10.29,Sell,Hold,Hold,Hold,Hold,Hold,Hold,Hold,Hold,Hold,-2.2902584e-07,0.6013147926271162
22/7/2020,10.4,Hold,Hold,Hold,Hold,Hold,Hold,Hold,Hold,Hold,Hold,-0.14585486,0.6068818118401316
23/7/2020,10.1,Hold,Hold,Hold,Hold,Hold,Hold,Hold,Hold,Hold,Hold,,0.6091875355482806
24/7/2020,10.16,Hold,Hold,Hold,Hold,Hold,Sell,Hold,Hold,Hold,Hold,,0.5632520963855574
27/7/2020,10.39,Buy,Hold,Hold,Hold,Hold,Buy,Hold,Hold,Hold,Hold,,0.6263105923651334
28/7/2020,10.18,Hold,Hold,Hold,Hold,Hold,Buy,Hold,Hold,Hold,Hold,,0.6084721860631361
29/7/2020,10.43,Hold,Hold,Hold,Hold,Hold,Hold,Hold,Hold,Hold,Hold,,0.6316728054111207
30/7/2020,10.58,Buy,Hold,Hold,Hold,Hold,Hold,Hold,Hold,Hold,Hold,,0.62603340250716
31/7/2020,10.58,Hold,Hold,Hold,Hold,Hold,Hold,Hold,Hold,Hold,Hold,,0.6487104740250297
3/8/2020,10.97,Hold,Hold,Hold,Hold,Hold,Hold,Hold,Hold,Hold,Hold,-0.499739621325,0.6229695708383023
4/8/2020,11.19,Hold,Hold,Hold,Hold,Hold,Hold,Hold,Hold,Hold,Hold,0.95147553,0.6858986392433242
5/8/2020,11.25,Hold,Hold,Hold,Hold,Hold,Hold,Hold,Hold,Hold,Hold,0.9333330866666666,0.638940104088783
6/8/2020,11.3,Hold,Hold,Hold,Hold,Hold,Hold,Hold,Hold,Hold,Hold,,0.6600600221132504
7/8/2020,11.16,Hold,Hold,Hold,Hold,Hold,Hold,Hold,Hold,Hold,Hold,,0.7156421417483584
10/8/2020,11.13,Hold,Hold,Hold,Hold,Hold,Hold,Hold,Hold,Hold,Hold,-0.9958381,0.6274479758378964
11/8/2020,10.81,Hold,Hold,Hold,Hold,Hold,Hold,Hold,Hold,Hold,Hold,0.514307683,0.6460003595632535
12/8/2020,11.4,Hold,Hold,Hold,Hold,Hold,Hold,Hold,Hold,Hold,Hold,0.33158445,0.6901478649929856
13/8/2020,11.41,Hold,Hold,Hold,Hold,Hold,Hold,Hold,Hold,Hold,Hold,0.9778183,0.647878672060856
14/8/2020,11.53,Hold,Hold,Hold,Hold,Hold,Hold,Hold,Hold,Hold,Hold,0.9891979,0.6430228912078676
17/8/2020,12.3,Hold,Hold,Hold,Hold,Hold,Hold,Hold,Hold,Hold,Hold,0.9999975,0.6783211639742323
18/8/2020,12.22,Hold,Hold,Hold,Hold,Hold,Hold,Hold,Hold,Hold,Hold,0.9362640925,0.6955597994216592
19/8/2020,12.1,Hold,Hold,Hold,Hold,Hold,Hold,Hold,Hold,Hold,Hold,-0.0220902649999999,0.6281374674013696
20/8/2020,12.1,Hold,Hold,Hold,Hold,Hold,Hold,Hold,Hold,Hold,Hold,0.2431227817525,0.5241182240173865
21/8/2020,12.64,Hold,Hold,Hold,Hold,Hold,Hold,Hold,Hold,Hold,Hold,1.1062591e-08,0.6770426540185445
24/8/2020,12.68,Hold,Hold,Hold,Hold,Hold,Hold,Hold,Hold,Hold,Hold,-0.1086253133333333,0.9202172663042144
25/8/2020,12.71,Hold,Hold,Hold,Hold,Hold,Hold,Hold,Hold,Hold,Hold,,0.88802342406
26/8/2020,12.73,Hold,Hold,Hold,Hold,Hold,Hold,Hold,Hold,Hold,Hold,,0.8232789333519787
27/8/2020,12.59,Hold,Hold,Hold,Hold,Hold,Hold,Hold,Hold,Hold,Hold,0.9999701,0.9711268633333332
28/8/2020,13.1,Hold,Hold,Hold,Hold,Hold,Hold,Hold,Hold,Hold,Hold,-0.99869674,0.8266083346100833
31/8/2020,13.33,Hold,Hold,Hold,Hold,Hold,Hold,Hold,Hold,Hold,Hold,0.2856722,0.66745473
1/9/2020,13.78,Hold,Hold,Hold,Hold,Hold,Hold,Hold,Hold,Hold,Hold,0.5234733269261644,0.6565820826873627
2/9/2020,14.3,Hold,Hold,Sell,Hold,Hold,Hold,Hold,Hold,Hold,Hold,0.7431051725,0.8524182768741722
3/9/2020,12.98,Hold,Hold,Hold,Hold,Hold,Hold,Hold,Hold,Hold,Hold,0.6666292316666667,0.7504765816666666
4/9/2020,12.58,Sell,Hold,Hold,Hold,Hold,Hold,Hold,Hold,Hold,Hold,0.999308244,0.8879884777777778
8/9/2020,11.88,Hold,Hold,Hold,Hold,Sell,Sell,Hold,Hold,Hold,Hold,0.03330250625,0.7410808266666667
9/9/2020,12.68,Hold,Hold,Hold,Hold,Sell,Hold,Hold,Hold,Hold,Hold,0.9777564,0.9813021571428572
10/9/2020,12.27,Hold,Hold,Hold,Hold,Buy,Hold,Hold,Hold,Hold,Hold,0.99927452,0.992941075
11/9/2020,12.13,Hold,Hold,Hold,Sell,Sell,Hold,Hold,Hold,Hold,Hold,,0.99843744
14/9/2020,12.83,Hold,Hold,Hold,Hold,Hold,Sell,Hold,Hold,Hold,Hold,0.7770673233333333,0.7851406253350001
15/9/2020,12.95,Hold,Hold,Hold,Hold,Buy,Buy,Hold,Hold,Hold,Hold,0.408484865,0.5921036549392857
16/9/2020,12.48,Hold,Hold,Hold,Hold,Hold,Hold,Hold,Hold,Hold,Hold,0.7137088871428572,0.77940633698
17/9/2020,12.43,Hold,Hold,Hold,Sell,Sell,Sell,Sell,Hold,Hold,Hold,0.0076304316666666,0.8683423588823529
18/9/2020,12.15,Hold,Hold,Hold,Hold,Hold,Hold,Hold,Hold,Hold,Hold,0.6009457255398786,0.8694463675
21/9/2020,12.48,Hold,Hold,Hold,Sell,Hold,Hold,Sell,Hold,Hold,Hold,0.98380826375,0.9830899733333331
22/9/2020,12.6,Hold,Hold,Hold,Hold,Buy,Hold,Hold,Hold,Hold,Hold,0.2034858159999999,0.7122549069999999
23/9/2020,12.09,Buy,Hold,Hold,Hold,Buy,Buy,Buy,Hold,Hold,Hold,0.4305517836199999,0.5435420200000001
24/9/2020,12.31,Hold,Hold,Hold,Hold,Sell,Sell,Hold,Hold,Hold,Hold,0.18180913875,0.551271855
25/9/2020,12.84,Hold,Hold,Hold,Hold,Hold,Hold,Hold,Hold,Hold,Hold,0.32310923434625,0.99705923
28/9/2020,13.0,Buy,Hold,Hold,Buy,Buy,Buy,Buy,Hold,Hold,Hold,0.0053853979501249,0.7494716877500001
29/9/2020,13.19,Hold,Hold,Hold,Hold,Hold,Hold,Hold,Hold,Hold,Hold,0.5987589279641516,0.5093949666666667
30/9/2020,13.49,Hold,Hold,Hold,Hold,Hold,Hold,Hold,Hold,Hold,Hold,0.9983604375,0.7839404999999999
1/10/2020,13.57,Hold,Hold,Hold,Hold,Hold,Hold,Hold,Hold,Hold,Hold,0.9812596,0.5980862153800001
2/10/2020,13.02,Hold,Hold,Hold,Hold,Hold,Hold,Hold,Hold,Hold,Hold,-0.1675253369821833,0.64052542
5/10/2020,13.6,Hold,Hold,Hold,Hold,Hold,Hold,Hold,Hold,Hold,Hold,0.4671558474,0.7390061189647155
6/10/2020,13.7,Hold,Hold,Hold,Hold,Hold,Hold,Hold,Hold,Hold,Hold,0.3031683193628475,0.7071244824691244
7/10/2020,13.92,Hold,Hold,Hold,Hold,Hold,Hold,Hold,Hold,Hold,Hold,0.6876569628,0.7264547392931118
8/10/2020,13.8,Hold,Hold,Hold,Hold,Hold,Hold,Hold,Hold,Hold,Hold,,0.6276821664136755
9/10/2020,13.72,Hold,Hold,Hold,Hold,Hold,Hold,Hold,Hold,Hold,Hold,0.98782003,0.5888420157163787
12/10/2020,14.18,Hold,Hold,Hold,Hold,Hold,Hold,Hold,Hold,Hold,Hold,0.8557687666666666,0.7014221511505943
13/10/2020,14.21,Hold,Hold,Hold,Hold,Hold,Hold,Hold,Hold,Hold,Hold,0.9996526,0.7499683098339863
14/10/2020,14.05,Hold,Hold,Sell,Hold,Hold,Hold,Hold,Hold,Hold,Hold,0.49994218925,0.6846392100630633
15/10/2020,13.93,Hold,Hold,Hold,Hold,Hold,Hold,Hold,Hold,Hold,Hold,0.33369081,0.7141204603234668
16/10/2020,13.77,Hold,Hold,Hold,Hold,Hold,Hold,Hold,Hold,Hold,Hold,0.9992059,0.7073335129152426
19/10/2020,13.46,Sell,Hold,Hold,Hold,Hold,Hold,Hold,Hold,Hold,Hold,0.598060394,0.6833295463482802
20/10/2020,13.6,Hold,Sell,Hold,Sell,Sell,Sell,Sell,Sell,Sell,Hold,0.99999556,0.6249605725768677
21/10/2020,13.48,Hold,Hold,Hold,Hold,Hold,Hold,Hold,Hold,Hold,Hold,0.72842571288855,0.6010352773407968
22/10/2020,13.32,Hold,Hold,Hold,Sell,Hold,Hold,Hold,Sell,Hold,Hold,0.9999803,0.6486014136998983
23/10/2020,13.55,Hold,Hold,Hold,Hold,Hold,Hold,Hold,Hold,Hold,Sell,0.9970645933333334,0.6280031847117513
26/10/2020,13.1,Hold,Hold,Hold,Hold,Hold,Hold,Hold,Hold,Hold,Hold,0.8517468191428571,0.62159467144935
27/10/2020,13.36,Hold,Hold,Hold,Sell,Hold,Hold,Hold,Sell,Hold,Hold,0.59826824,0.6470962529377277
28/10/2020,12.59,Hold,Hold,Hold,Hold,Hold,Hold,Hold,Hold,Hold,Hold,0.7495378268879875,0.6774291071830972
29/10/2020,12.99,Hold,Hold,Hold,Hold,Hold,Hold,Hold,Hold,Hold,Hold,0.873620584208375,0.6756810426400344
30/10/2020,12.5,Hold,Hold,Buy,Hold,Hold,Hold,Hold,Hold,Buy,Buy,0.7426423115,0.598981726286388
2/11/2020,12.54,Hold,Hold,Buy,Hold,Hold,Hold,Hold,Hold,Sell,Hold,0.6950503,0.6058731272622262
3/11/2020,12.98,Hold,Hold,Hold,Hold,Hold,Hold,Hold,Hold,Hold,Hold,0.972283358,0.6795463628289763
4/11/2020,13.75,Hold,Hold,Hold,Hold,Hold,Hold,Hold,Hold,Buy,Buy,0.8322649214087767,0.6520997762615653
5/11/2020,14.12,Buy,Buy,Hold,Buy,Buy,Buy,Buy,Buy,Buy,Hold,0.91046773,0.6783892206684071
6/11/2020,14.52,Hold,Buy,Hold,Hold,Hold,Hold,Hold,Buy,Hold,Hold,,0.6383851122383829
9/11/2020,13.59,Hold,Hold,Hold,Hold,Hold,Hold,Hold,Hold,Hold,Hold,0.99823692,0.6428888887547458
10/11/2020,12.73,Sell,Hold,Hold,Hold,Hold,Buy,Hold,Hold,Hold,Buy,0.85938472,0.6589515670331175
11/11/2020,13.38,Hold,Hold,Hold,Hold,Sell,Sell,Hold,Hold,Sell,Sell,0.999263705,0.6855306806997957
12/11/2020,13.42,Hold,Hold,Hold,Buy,Buy,Hold,Hold,Hold,Buy,Hold,0.12041822,0.6738265422552284
13/11/2020,13.26,Hold,Hold,Hold,Hold,Buy,Hold,Buy,Hold,Buy,Hold,0.999982,0.613933801019066
16/11/2020,13.47,Hold,Sell,Hold,Hold,Sell,Sell,Hold,Sell,Sell,Hold,0.3398530775714286,0.6357980507097811
17/11/2020,13.38,Hold,Hold,Hold,Hold,Buy,Buy,Hold,Hold,Buy,Hold,0.3331753004756217,0.6807239911971551
18/11/2020,13.39,Hold,Sell,Hold,Hold,Sell,Sell,Sell,Hold,Sell,Hold,0.7476551078545,0.6139267157709691
19/11/2020,13.4,Hold,Hold,Hold,Hold,Buy,Hold,Hold,Hold,Buy,Sell,0.4341401982980666,0.5775515730513525
20/11/2020,13.05,Hold,Hold,Hold,Hold,Hold,Hold,Hold,Hold,Hold,Hold,0.5671943736279571,0.641555750326851
23/11/2020,13.1,Hold,Sell,Hold,Sell,Sell,Sell,Sell,Sell,Sell,Sell,,0.6310769481449205
24/11/2020,12.92,Hold,Hold,Hold,Hold,Hold,Hold,Hold,Hold,Buy,Buy,0.999868475,0.6276989941459936
25/11/2020,13.2,Hold,Hold,Hold,Hold,Hold,Hold,Hold,Hold,Hold,Sell,-0.9999995,0.6690889292229395
27/11/2020,13.22,Hold,Hold,Hold,Hold,Hold,Buy,Hold,Hold,Buy,Buy,0.6005101380000001,0.6953121075712501
30/11/2020,13.36,Hold,Hold,Hold,Hold,Hold,Sell,Hold,Hold,Hold,Hold,0.9999495,0.6987056750541641
1/12/2020,13.35,Buy,Buy,Hold,Hold,Buy,Buy,Hold,Buy,Hold,Hold,0.713834311124,0.7038900810647734
2/12/2020,13.5,Hold,Hold,Hold,Hold,Hold,Hold,Hold,Hold,Hold,Hold,0.524494485,0.6883044719685154
3/12/2020,13.36,Hold,Hold,Hold,Hold,Hold,Hold,Hold,Hold,Hold,Hold,,0.6941566243288667
4/12/2020,13.52,Hold,Buy,Hold,Hold,Hold,Hold,Hold,Buy,Hold,Hold,6.4957686e-07,0.630414250155665
7/12/2020,13.57,Hold,Hold,Hold,Hold,Hold,Buy,Hold,Hold,Hold,Buy,,0.673693562330973
8/12/2020,13.31,Hold,Hold,Hold,Hold,Hold,Hold,Hold,Hold,Hold,Hold,0.7499328244388651,0.6002239215182192
9/12/2020,12.9,Sell,Sell,Hold,Hold,Sell,Sell,Hold,Sell,Sell,Hold,0.9999816,0.7377454087315758
10/12/2020,12.94,Hold,Sell,Hold,Hold,Hold,Hold,Hold,Sell,Sell,Sell,0.99998194,0.6583378391579544
11/12/2020,12.98,Hold,Hold,Hold,Hold,Hold,Hold,Hold,Hold,Hold,Hold,0.9999821,0.7013577229215845
14/12/2020,13.27,Hold,Hold,Hold,Buy,Hold,Sell,Buy,Hold,Hold,Hold,,0.7261281546065806
15/12/2020,13.32,Buy,Hold,Hold,Hold,Buy,Buy,Hold,Hold,Buy,Buy,0.3938104525,0.6980507438242592
16/12/2020,13.21,Hold,Hold,Hold,Hold,Hold,Hold,Hold,Hold,Hold,Hold,0.3347295866666666,0.6480062283632618
17/12/2020,13.31,Sell,Hold,Hold,Sell,Sell,Hold,Sell,Hold,Sell,Hold,0.99977713,0.6489481107731648
18/12/2020,13.24,Buy,Hold,Hold,Hold,Buy,Buy,Hold,Hold,Hold,Hold,0.99195092,0.6128048111051446
21/12/2020,13.3,Sell,Hold,Hold,Sell,Sell,Sell,Sell,Hold,Sell,Hold,0.1519787,0.7271706263820369
22/12/2020,13.24,Hold,Hold,Hold,Hold,Buy,Buy,Hold,Hold,Hold,Hold,0.9999894,0.7129497009552628
23/12/2020,12.97,Sell,Hold,Hold,Hold,Sell,Hold,Hold,Hold,Sell,Hold,,0.7390824236975743
24/12/2020,12.96,Hold,Hold,Hold,Hold,Hold,Hold,Hold,Hold,Sell,Sell,,0.775717057858631
28/12/2020,12.87,Hold,Hold,Hold,Hold,Hold,Hold,Hold,Hold,Hold,Hold,-0.0016178492842483,0.7206215271364157
29/12/2020,12.91,Hold,Hold,Hold,Hold,Hold,Hold,Hold,Hold,Hold,Hold,0.99953485,0.699060770262034
30/12/2020,13.11,Hold,Hold,Hold,Hold,Hold,Sell,Hold,Hold,Hold,Sell,0.9951510925,0.6771916069660181
31/12/2020,13.02,Buy,Buy,Hold,Hold,Buy,Buy,Hold,Hold,Buy,Hold,0.99944156,0.6436840750300755
4/1/2021,13.08,Sell,Hold,Hold,Hold,Sell,Hold,Hold,Hold,Sell,Hold,0.9999874,0.667166178178677
5/1/2021,13.37,Buy,Hold,Hold,Hold,Hold,Hold,Hold,Hold,Hold,Hold,,0.6852413239743008
6/1/2021,12.58,Hold,Buy,Hold,Buy,Buy,Buy,Buy,Buy,Buy,Buy,0.67230866,0.6647967101222388
7/1/2021,13.31,Hold,Hold,Hold,Hold,Sell,Hold,Hold,Hold,Sell,Hold,0.9999948,0.6898201517430821
8/1/2021,13.24,Buy,Buy,Hold,Buy,Buy,Buy,Buy,Buy,Buy,Buy,0.6648463943333334,0.7061085786264005
11/1/2021,13.58,Hold,Hold,Hold,Hold,Hold,Buy,Hold,Hold,Hold,Buy,0.99995947,0.6831800505708869
12/1/2021,13.45,Hold,Buy,Hold,Hold,Hold,Hold,Hold,Buy,Hold,Hold,0.8591845233333334,0.7497623944618133
13/1/2021,13.5,Hold,Hold,Hold,Hold,Hold,Hold,Hold,Hold,Hold,Hold,0.6487420400355938,0.6265524864314062
14/1/2021,13.16,Hold,Hold,Hold,Hold,Hold,Hold,Hold,Hold,Hold,Hold,0.9822398833333332,0.6546022684234718
15/1/2021,12.82,Sell,Sell,Hold,Hold,Sell,Sell,Hold,Sell,Sell,Sell,0.148222735,0.5862198856453464
19/1/2021,12.99,Sell,Hold,Hold,Hold,Hold,Hold,Hold,Hold,Hold,Hold,0.9982908666666668,0.5727241491151385
20/1/2021,13.33,Buy,Sell,Hold,Hold,Hold,Hold,Hold,Sell,Hold,Hold,0.90588449,0.6732543873872002
21/1/2021,13.83,Hold,Buy,Hold,Hold,Buy,Buy,Hold,Buy,Buy,Buy,0.599735174,0.6710739723165813
22/1/2021,13.68,Hold,Hold,Hold,Hold,Hold,Hold,Hold,Hold,Hold,Hold,0.99999845,0.6287849103949102
25/1/2021,13.62,Hold,Hold,Hold,Hold,Hold,Hold,Hold,Hold,Hold,Hold,0.67136648706,0.6759307015746295
26/1/2021,13.4,Hold,Hold,Hold,Hold,Hold,Sell,Hold,Hold,Hold,Sell,0.99997258,0.6335183508748196
27/1/2021,12.88,Sell,Hold,Hold,Hold,Hold,Hold,Hold,Hold,Hold,Hold,0.954901475,0.5890078051834566
28/1/2021,13.02,Hold,Sell,Hold,Sell,Sell,Sell,Sell,Sell,Sell,Sell,0.999915375,0.6433513604354357
29/1/2021,12.95,Hold,Hold,Hold,Hold,Hold,Buy,Hold,Hold,Hold,Buy,0.498121965,0.693901582635166
1/2/2021,13.2,Hold,Hold,Hold,Hold,Hold,Hold,Hold,Hold,Hold,Hold,0.1965133249999999,0.679217628505757
2/2/2021,13.52,Hold,Hold,Hold,Hold,Hold,Hold,Hold,Hold,Buy,Buy,0.9999741,0.6562723654007537
3/2/2021,13.49,Buy,Buy,Hold,Buy,Buy,Buy,Buy,Buy,Hold,Hold,0.4999767002245932,0.6654511084428706
4/2/2021,13.63,Hold,Hold,Sell,Hold,Hold,Hold,Hold,Hold,Hold,Hold,0.9999771,0.6641085467223257
5/2/2021,13.55,Hold,Hold,Hold,Hold,Hold,Hold,Hold,Hold,Hold,Hold,0.9988262666666669,0.740304660815374
8/2/2021,14.4,Hold,Hold,Hold,Hold,Hold,Hold,Hold,Hold,Hold,Hold,0.7344848775,0.7256256942914069
9/2/2021,14.22,Hold,Hold,Hold,Hold,Hold,Hold,Hold,Hold,Hold,Hold,0.201072704,0.6986915797628813
10/2/2021,14.72,Hold,Hold,Hold,Hold,Hold,Hold,Hold,Hold,Hold,Hold,-0.186357396,0.7185313381143021
11/2/2021,15.21,Hold,Hold,Hold,Hold,Hold,Hold,Hold,Hold,Hold,Hold,0.3408377676666667,0.7086541719870825
12/2/2021,14.92,Hold,Hold,Hold,Hold,Hold,Hold,Hold,Hold,Hold,Hold,0.4617394948339999,0.6270400447821192
16/2/2021,15.29,Hold,Hold,Hold,Hold,Hold,Hold,Hold,Hold,Hold,Hold,0.7085164857142857,0.6276250048207033
17/2/2021,14.87,Hold,Hold,Sell,Hold,Hold,Hold,Hold,Hold,Hold,Hold,0.999838615,0.6037286609235614
18/2/2021,14.79,Hold,Hold,Sell,Hold,Hold,Hold,Hold,Hold,Hold,Hold,0.9856079666666666,0.6414114350447716
19/2/2021,14.89,Hold,Hold,Sell,Hold,Hold,Hold,Hold,Hold,Hold,Hold,0.6451210617446667,0.6962790924380065
22/2/2021,14.32,Hold,Hold,Hold,Hold,Hold,Hold,Hold,Hold,Hold,Hold,0.4071916068,0.622247629438805
23/2/2021,14.1,Sell,Sell,Hold,Hold,Sell,Sell,Sell,Hold,Sell,Hold,0.66473284578234,0.6346708134232352
24/2/2021,14.46,Hold,Hold,Hold,Sell,Sell,Hold,Hold,Sell,Hold,Hold,0.1418077951717473,0.642218664108503
25/2/2021,13.27,Hold,Hold,Hold,Hold,Buy,Hold,Hold,Hold,Buy,Hold,0.3489487768420617,0.6016161895759128
26/2/2021,13.68,Hold,Sell,Hold,Sell,Sell,Sell,Sell,Sell,Sell,Sell,0.4964027876754375,0.6549021647602421
1/3/2021,13.8,Hold,Hold,Hold,Hold,Hold,Hold,Hold,Hold,Hold,Hold,0.904716036,0.676352736124558
2/3/2021,13.37,Hold,Hold,Hold,Hold,Hold,Hold,Hold,Hold,Hold,Hold,0.9902217166666666,0.6176591771924261
3/3/2021,12.77,Hold,Hold,Hold,Hold,Hold,Hold,Hold,Hold,Hold,Hold,0.0003825509892393,0.5481227064256242
4/3/2021,12.34,Hold,Hold,Hold,Hold,Hold,Hold,Sell,Hold,Hold,Hold,0.99414035,0.6452469240998383
5/3/2021,12.43,Hold,Hold,Hold,Hold,Hold,Hold,Hold,Hold,Hold,Hold,-7.299999999987872e-06,0.6457184702419263
8/3/2021,11.56,Hold,Hold,Hold,Hold,Hold,Hold,Hold,Hold,Hold,Hold,0.6626735697176834,0.5735620084254043
9/3/2021,12.49,Hold,Hold,Hold,Hold,Hold,Hold,Hold,Hold,Hold,Hold,0.9888509433333332,0.6528192591016163
10/3/2021,12.44,Hold,Hold,Hold,Hold,Hold,Hold,Hold,Hold,Hold,Hold,,0.6742032231607773
11/3/2021,12.96,Hold,Hold,Hold,Hold,Hold,Hold,Hold,Hold,Hold,Hold,0.99722918,0.6521385540889985
12/3/2021,12.83,Buy,Hold,Hold,Hold,Buy,Buy,Hold,Hold,Hold,Hold,0.2469678758631636,0.6492931432207317
15/3/2021,13.16,Hold,Hold,Hold,Hold,Sell,Hold,Hold,Hold,Hold,Hold,0.4286671070422422,0.727726890033146
16/3/2021,13.26,Buy,Hold,Hold,Hold,Buy,Buy,Hold,Hold,Hold,Hold,0.9999962,0.7628074947875149
17/3/2021,13.31,Buy,Hold,Hold,Buy,Buy,Hold,Hold,Hold,Hold,Hold,0.408957529941022,0.695681589554099
18/3/2021,12.69,Hold,Hold,Hold,Hold,Hold,Buy,Hold,Hold,Hold,Hold,0.9998708866666668,0.6368356187087089
19/3/2021,12.82,Hold,Hold,Hold,Hold,Sell,Sell,Hold,Hold,Hold,Hold,0.9999246,0.7010653413734154
22/3/2021,13.16,Hold,Hold,Hold,Hold,Hold,Hold,Hold,Hold,Hold,Hold,0.99969417,0.6536756854418818
23/3/2021,13.04,Hold,Hold,Hold,Buy,Buy,Hold,Buy,Hold,Buy,Hold,-0.6736459766666667,0.6905864694204641
24/3/2021,12.61,Hold,Hold,Hold,Hold,Sell,Hold,Hold,Hold,Hold,Hold,0.6986730300896666,0.7047127943814758
25/3/2021,12.51,Hold,Hold,Hold,Hold,Hold,Sell,Hold,Hold,Hold,Hold,0.82295053,0.6635057365234821
26/3/2021,12.81,Hold,Hold,Hold,Buy,Hold,Hold,Buy,Hold,Hold,Hold,0.99998504,0.7133134555691577
29/3/2021,12.92,Hold,Hold,Sell,Hold,Hold,Sell,Hold,Hold,Hold,Hold,0.74939023625,0.6169761939394162
30/3/2021,12.84,Hold,Buy,Hold,Hold,Buy,Buy,Hold,Hold,Buy,Hold,0.4234584202621314,0.8575915976184669
31/3/2021,13.32,Hold,Hold,Hold,Hold,Hold,Hold,Hold,Hold,Hold,Hold,0.9999118,0.7132719968988087
1/4/2021,13.78,Hold,Buy,Hold,Hold,Buy,Buy,Hold,Buy,Buy,Buy,0.789866556248007,0.6545161753900052
5/4/2021,13.95,Hold,Hold,Hold,Hold,Hold,Hold,Hold,Hold,Hold,Hold,-0.9054984,0.6414637466027514
6/4/2021,13.83,Hold,Hold,Hold,Hold,Hold,Hold,Hold,Hold,Hold,Hold,-0.99988586,0.7938818553001313
7/4/2021,14.11,Hold,Hold,Hold,Hold,Hold,Hold,Hold,Hold,Hold,Hold,0.5928943480133334,0.6507041361929643
8/4/2021,14.28,Hold,Hold,Hold,Hold,Hold,Hold,Hold,Hold,Hold,Hold,0.1036302975,0.7177467121933498
9/4/2021,14.37,Hold,Hold,Hold,Hold,Hold,Hold,Hold,Hold,Hold,Hold,0.999646,0.7463250121913991
12/4/2021,15.17,Hold,Hold,Hold,Hold,Hold,Hold,Hold,Hold,Hold,Hold,0.8075656735601471,0.7437963641385192
13/4/2021,15.64,Hold,Hold,Hold,Hold,Hold,Hold,Hold,Hold,Hold,Hold,0.4995692827567,0.6925256789980196
14/4/2021,15.24,Hold,Hold,Hold,Hold,Hold,Hold,Hold,Hold,Hold,Hold,0.33363249,0.6324670367523413
15/4/2021,16.1,Hold,Hold,Hold,Hold,Hold,Hold,Hold,Hold,Hold,Hold,-0.0023097,0.6504277529043205
16/4/2021,15.88,Hold,Hold,Hold,Hold,Hold,Hold,Hold,Hold,Hold,Hold,,0.6996350454253273
19/4/2021,15.33,Hold,Hold,Sell,Hold,Hold,Hold,Hold,Hold,Hold,Hold,0.998906045,0.6704889375790987
20/4/2021,15.14,Hold,Hold,Sell,Hold,Hold,Hold,Hold,Hold,Hold,Hold,-0.0390631799999999,0.7298821796289947
21/4/2021,15.32,Hold,Hold,Sell,Hold,Hold,Hold,Hold,Hold,Hold,Hold,0.99972723,0.7394781942450976
22/4/2021,14.82,Hold,Hold,Hold,Hold,Hold,Hold,Hold,Hold,Hold,Hold,0.2472515523711,0.673866899221726
23/4/2021,15.23,Sell,Hold,Hold,Hold,Sell,Sell,Hold,Hold,Hold,Hold,0.1499973633999999,0.7104511628539776
26/4/2021,15.44,Hold,Hold,Hold,Hold,Hold,Hold,Hold,Hold,Hold,Hold,0.99987143,0.7820257691373497
27/4/2021,15.35,Sell,Hold,Hold,Hold,Hold,Hold,Hold,Hold,Hold,Hold,0.9999599,0.770492754378761
28/4/2021,15.24,Hold,Hold,Hold,Hold,Hold,Sell,Hold,Hold,Hold,Hold,0.9994887,0.6523871498295674
29/4/2021,15.29,Hold,Hold,Hold,Hold,Hold,Hold,Hold,Hold,Hold,Hold,0.9999962,0.7609874163601106
30/4/2021,14.97,Hold,Hold,Hold,Hold,Hold,Hold,Hold,Hold,Hold,Hold,-0.13395469,0.7161614107686445
3/5/2021,14.8,Hold,Sell,Hold,Hold,Sell,Hold,Sell,Hold,Sell,Hold,0.9999967,0.5970004661541989
4/5/2021,14.32,Hold,Hold,Hold,Sell,Hold,Hold,Hold,Sell,Hold,Hold,0.3630478133333333,0.5552195150466218
5/5/2021,14.42,Hold,Hold,Hold,Hold,Hold,Hold,Hold,Hold,Hold,Hold,0.99974689,0.6577639059911575
6/5/2021,14.49,Hold,Hold,Hold,Sell,Hold,Hold,Hold,Hold,Hold,Hold,0.0004263503,0.6918268719419282
7/5/2021,14.78,Hold,Hold,Hold,Hold,Hold,Hold,Hold,Hold,Hold,Hold,0.9963266,0.7307337976110706
10/5/2021,14.23,Hold,Hold,Hold,Hold,Hold,Hold,Hold,Hold,Hold,Hold,0.99995178,0.6702592430610682
11/5/2021,14.27,Hold,Hold,Hold,Hold,Hold,Hold,Hold,Sell,Hold,Hold,0.999875176,0.6901659046500329
12/5/2021,13.73,Hold,Hold,Hold,Hold,Hold,Hold,Hold,Hold,Hold,Hold,0.9602563,0.7207328122452544
13/5/2021,13.63,Hold,Hold,Hold,Hold,Hold,Hold,Hold,Hold,Hold,Hold,0.99664575,0.6802363442581001
14/5/2021,14.21,Hold,Hold,Hold,Hold,Hold,Hold,Hold,Hold,Hold,Hold,0.9999852,0.5784797665269119
17/5/2021,14.13,Hold,Hold,Hold,Hold,Hold,Hold,Hold,Hold,Hold,Hold,,0.6448616366132165
18/5/2021,13.98,Hold,Hold,Hold,Hold,Hold,Hold,Hold,Hold,Hold,Hold,0.9109985516666668,0.6698073966213614
19/5/2021,14.03,Hold,Hold,Hold,Hold,Hold,Hold,Hold,Hold,Hold,Hold,0.59906014,0.6350901933363201
20/5/2021,14.58,Hold,Hold,Hold,Hold,Hold,Hold,Hold,Hold,Hold,Hold,0.99957764,0.6544968169511699
21/5/2021,14.96,Buy,Buy,Hold,Buy,Buy,Buy,Buy,Buy,Buy,Buy,0.9902289333333334,0.7536255760746048
24/5/2021,15.58,Hold,Hold,Hold,Hold,Hold,Hold,Hold,Hold,Hold,Hold,0.52577932,0.7307672392011826
25/5/2021,15.61,Hold,Hold,Hold,Hold,Hold,Hold,Hold,Hold,Hold,Hold,-0.46028006,0.7030754329196944
26/5/2021,15.66,Hold,Hold,Hold,Hold,Hold,Hold,Hold,Hold,Hold,Hold,0.6654261328242459,0.6448179173451757
27/5/2021,15.45,Hold,Hold,Hold,Hold,Hold,Hold,Hold,Hold,Hold,Hold,0.9534349375,0.6201969070446751
28/5/2021,16.21,Hold,Hold,Hold,Hold,Hold,Hold,Hold,Hold,Hold,Hold,0.5000073183665,0.7046368538902924
1/6/2021,16.23,Hold,Hold,Hold,Hold,Hold,Hold,Hold,Hold,Hold,Hold,0.5295877425,0.737042649333586
2/6/2021,16.74,Hold,Hold,Hold,Hold,Hold,Hold,Hold,Hold,Hold,Hold,0.9999532225,0.7118989903527945
3/6/2021,16.93,Hold,Hold,Hold,Hold,Hold,Hold,Hold,Hold,Hold,Hold,0.72885761,0.7127960374022841
4/6/2021,17.54,Hold,Hold,Hold,Hold,Hold,Hold,Hold,Hold,Hold,Hold,0.499994172416966,0.7511310760355362
7/6/2021,17.58,Hold,Hold,Hold,Hold,Hold,Hold,Hold,Hold,Hold,Hold,3.5794923e-10,0.7509090493452165
8/6/2021,17.42,Hold,Hold,Hold,Hold,Hold,Hold,Hold,Hold,Hold,Hold,0.164620641748566,0.720315332014514
9/6/2021,17.32,Hold,Hold,Hold,Hold,Hold,Hold,Hold,Hold,Hold,Hold,0.74662470628375,0.7309154642108524
10/6/2021,17.39,Hold,Hold,Hold,Hold,Hold,Hold,Hold,Hold,Hold,Hold,-0.0969194591666666,0.7426109372753993
11/6/2021,17.79,Hold,Hold,Hold,Hold,Hold,Hold,Hold,Hold,Hold,Hold,0.6930324,0.7503081465533167
14/6/2021,17.98,Hold,Hold,Hold,Hold,Hold,Hold,Hold,Hold,Hold,Hold,0.3330368,0.6936792679184742
15/6/2021,17.75,Hold,Hold,Hold,Hold,Hold,Hold,Hold,Hold,Hold,Hold,0.9999821,0.6911535038567967
16/6/2021,17.77,Hold,Hold,Hold,Hold,Hold,Hold,Hold,Hold,Hold,Hold,,0.7420871905731387
17/6/2021,18.62,Hold,Hold,Hold,Hold,Hold,Hold,Hold,Hold,Hold,Hold,0.999655,0.7377507840737481
18/6/2021,18.6,Hold,Hold,Hold,Hold,Hold,Hold,Hold,Hold,Hold,Hold,0.9999818,0.7424529056309699
21/6/2021,18.39,Hold,Hold,Hold,Hold,Hold,Hold,Hold,Hold,Hold,Hold,,0.6840600224672031
22/6/2021,18.85,Hold,Hold,Hold,Hold,Hold,Hold,Hold,Hold,Hold,Hold,0.4989449000319416,0.7229459660351306
23/6/2021,19.02,Hold,Hold,Hold,Hold,Hold,Hold,Hold,Hold,Hold,Hold,0.7844842750000001,0.6799653624339828
24/6/2021,19.16,Hold,Hold,Hold,Hold,Hold,Hold,Hold,Hold,Hold,Hold,0.0030235999999999,0.7231307595020702
25/6/2021,18.99,Hold,Hold,Hold,Hold,Hold,Hold,Hold,Hold,Hold,Hold,0.786228498597,0.7052154369279284
28/6/2021,19.94,Hold,Hold,Hold,Hold,Hold,Hold,Hold,Hold,Hold,Hold,0.7770287,0.7501998145206668
29/6/2021,19.98,Hold,Hold,Hold,Hold,Hold,Hold,Hold,Hold,Hold,Hold,7.12271685085e-05,0.7433281252694409
30/6/2021,19.96,Hold,Hold,Hold,Hold,Hold,Hold,Hold,Hold,Hold,Hold,0.647933352,0.7047092714293918
1/7/2021,20.17,Hold,Hold,Hold,Hold,Hold,Hold,Hold,Hold,Hold,Hold,,0.667563598922772
2/7/2021,20.44,Hold,Hold,Hold,Hold,Hold,Hold,Hold,Hold,Hold,Hold,0.009825755,0.7494637993530846
6/7/2021,20.65,Hold,Hold,Hold,Hold,Hold,Hold,Hold,Hold,Hold,Hold,-0.0154606895986999,0.690581386921895
7/7/2021,20.33,Hold,Hold,Sell,Hold,Hold,Hold,Hold,Hold,Hold,Hold,0.5022266721518,0.6951063463877262
8/7/2021,19.86,Sell,Hold,Hold,Hold,Hold,Hold,Hold,Hold,Hold,Hold,-6.8506223e-09,0.685790617031607
9/7/2021,20.01,Hold,Hold,Hold,Hold,Hold,Hold,Hold,Hold,Hold,Hold,,0.7551504891627454
12/7/2021,20.47,Hold,Hold,Sell,Hold,Hold,Hold,Hold,Hold,Hold,Hold,0.66324931142,0.7747702740734947
13/7/2021,20.21,Hold,Hold,Hold,Hold,Hold,Hold,Hold,Hold,Hold,Hold,,0.7632850583814385
14/7/2021,19.8,Hold,Hold,Hold,Hold,Hold,Hold,Hold,Hold,Hold,Hold,0.99697221,0.7119663897273537
15/7/2021,18.93,Hold,Hold,Hold,Hold,Sell,Sell,Sell,Hold,Hold,Hold,0.9948315,0.6861287714546853
16/7/2021,18.12,Hold,Hold,Hold,Sell,Sell,Sell,Hold,Hold,Hold,Hold,0.5000026899334999,0.6726334789655585
19/7/2021,18.74,Hold,Hold,Hold,Hold,Hold,Hold,Hold,Hold,Hold,Hold,0.9999522333333334,0.6619617460810892
20/7/2021,18.57,Hold,Hold,Hold,Hold,Hold,Hold,Hold,Hold,Hold,Hold,0.494363565,0.6865491765808472
21/7/2021,19.37,Hold,Hold,Hold,Hold,Hold,Hold,Hold,Hold,Hold,Hold,,0.7315213143179632
22/7/2021,19.55,Hold,Hold,Hold,Hold,Buy,Buy,Hold,Hold,Hold,Hold,,0.7293407357504447
23/7/2021,19.52,Hold,Hold,Hold,Hold,Hold,Hold,Hold,Hold,Hold,Hold,,0.6990882253149029
26/7/2021,19.25,Hold,Hold,Hold,Hold,Hold,Hold,Hold,Hold,Hold,Hold,0.00073706225,0.6413225015256868
27/7/2021,19.17,Hold,Hold,Hold,Hold,Sell,Hold,Hold,Hold,Hold,Hold,,0.6207351750824396
28/7/2021,19.46,Hold,Hold,Hold,Hold,Hold,Hold,Hold,Hold,Hold,Hold,0.9999671,0.6937915350503212
29/7/2021,19.62,Buy,Hold,Hold,Buy,Buy,Buy,Buy,Hold,Hold,Hold,0.9999268,0.7414824980631405
30/7/2021,19.46,Hold,Hold,Hold,Hold,Hold,Hold,Hold,Hold,Hold,Hold,0.499996585996,0.6967362663774618
2/8/2021,19.71,Hold,Hold,Hold,Hold,Hold,Hold,Hold,Hold,Hold,Hold,0.00010925,0.7866013598505419
3/8/2021,19.77,Hold,Hold,Hold,Hold,Hold,Hold,Hold,Hold,Hold,Hold,0.6666634003797641,0.6433595042280505
4/8/2021,20.23,Hold,Hold,Hold,Hold,Hold,Hold,Hold,Hold,Hold,Hold,0.499270062812,0.7390241742826178
5/8/2021,20.59,Buy,Hold,Hold,Hold,Hold,Hold,Hold,Hold,Hold,Hold,0.99993956,0.7581495915922318
6/8/2021,20.32,Hold,Hold,Hold,Buy,Hold,Hold,Buy,Hold,Hold,Hold,,0.6631163069890917
9/8/2021,20.25,Hold,Hold,Sell,Hold,Hold,Hold,Hold,Hold,Hold,Hold,-6.523885e-08,0.65953614158905
10/8/2021,19.89,Hold,Hold,Hold,Hold,Hold,Hold,Hold,Hold,Hold,Hold,0.4008209894711794,0.6924015196453226
11/8/2021,19.66,Sell,Hold,Hold,Hold,Sell,Sell,Hold,Hold,Hold,Hold,0.8336518500000001,0.5727112764188651
12/8/2021,19.86,Hold,Hold,Hold,Hold,Sell,Hold,Hold,Hold,Hold,Hold,,0.6462896862484395
13/8/2021,20.15,Hold,Hold,Hold,Hold,Buy,Hold,Hold,Hold,Hold,Hold,0.97841665,0.6575601899128765
16/8/2021,19.91,Buy,Hold,Hold,Hold,Buy,Buy,Hold,Hold,Hold,Hold,,0.6831646249249408
17/8/2021,19.42,Hold,Hold,Hold,Hold,Sell,Sell,Hold,Hold,Hold,Hold,0.1092071799999999,0.6205068635068931
18/8/2021,19.0,Hold,Hold,Hold,Hold,Hold,Hold,Hold,Hold,Hold,Hold,0.5620858213102371,0.6192053877583399
19/8/2021,19.76,Hold,Hold,Hold,Hold,Hold,Hold,Hold,Hold,Hold,Hold,0.3752986331647173,0.6669783008317227
20/8/2021,20.77,Buy,Hold,Hold,Hold,Buy,Buy,Hold,Hold,Hold,Hold,0.9538236557142856,0.7338931255095879
23/8/2021,21.91,Hold,Hold,Hold,Hold,Hold,Hold,Hold,Hold,Hold,Hold,0.703079454,0.7475493505345251
24/8/2021,21.75,Hold,Hold,Hold,Hold,Hold,Hold,Hold,Hold,Hold,Hold,0.505473316,0.7159046082359466
25/8/2021,22.17,Hold,Hold,Hold,Hold,Hold,Hold,Hold,Hold,Hold,Hold,0.3479641710714286,0.7232446466087062
26/8/2021,22.02,Hold,Hold,Hold,Hold,Hold,Hold,Hold,Hold,Hold,Hold,0.55928597,0.6962395501462971
27/8/2021,22.59,Hold,Hold,Hold,Hold,Hold,Hold,Hold,Hold,Hold,Hold,0.5487461752222222,0.7611554018602716
30/8/2021,22.64,Hold,Hold,Hold,Hold,Hold,Hold,Hold,Hold,Hold,Hold,-4.0063497e-08,0.7098028672346784
31/8/2021,22.34,Hold,Hold,Hold,Hold,Hold,Hold,Hold,Hold,Hold,Hold,0.3418649399999999,0.7129008072475723
1/9/2021,22.4,Hold,Hold,Hold,Hold,Hold,Hold,Hold,Hold,Hold,Hold,0.5875254059999999,0.7179431950474723
2/9/2021,22.35,Hold,Hold,Hold,Hold,Hold,Hold,Hold,Hold,Hold,Hold,0.99843405,0.7204307394609424
3/9/2021,22.8,Hold,Hold,Sell,Hold,Hold,Hold,Hold,Hold,Hold,Hold,0.3983433421695795,0.6923173133382701
7/9/2021,22.62,Hold,Hold,Sell,Hold,Hold,Hold,Hold,Hold,Hold,Hold,0.4999909681885,0.5874000357136067
8/9/2021,22.3,Hold,Hold,Sell,Hold,Hold,Hold,Hold,Hold,Hold,Hold,0.4685429861111111,0.7013245973179539
9/9/2021,22.13,Sell,Hold,Sell,Hold,Hold,Hold,Hold,Hold,Hold,Hold,0.665358576070093,0.6586251974966246
10/9/2021,22.43,Hold,Hold,Hold,Hold,Hold,Hold,Hold,Hold,Hold,Hold,0.3131362021666666,0.774433101721884
13/9/2021,22.11,Hold,Hold,Hold,Hold,Hold,Hold,Hold,Hold,Hold,Hold,-0.073915975,0.6642781968182353
14/9/2021,22.2,Hold,Hold,Hold,Hold,Sell,Sell,Sell,Hold,Hold,Hold,-0.99954605,0.6949142055833759
15/9/2021,22.3,Hold,Hold,Hold,Hold,Buy,Hold,Hold,Hold,Hold,Hold,0.99800295,0.7426174955385931
16/9/2021,22.2,Hold,Hold,Hold,Hold,Hold,Hold,Hold,Hold,Hold,Hold,0.99993104,0.699120768592529
17/9/2021,21.86,Hold,Hold,Hold,Hold,Hold,Hold,Hold,Hold,Hold,Hold,,0.7340699799146906
20/9/2021,21.07,Hold,Sell,Hold,Sell,Sell,Hold,Sell,Sell,Sell,Hold,-0.0141405259999999,0.6978105893672212
21/9/2021,21.2,Hold,Hold,Hold,Sell,Hold,Hold,Sell,Hold,Hold,Hold,0.3332942257167653,0.6648555270849382
22/9/2021,21.9,Hold,Hold,Hold,Hold,Hold,Hold,Hold,Hold,Hold,Hold,0.4249190098132263,0.6715322818264651
23/9/2021,22.44,Hold,Hold,Hold,Hold,Buy,Hold,Hold,Hold,Hold,Hold,0.9101818975,0.6809821586853418
24/9/2021,22.04,Hold,Hold,Hold,Hold,Hold,Hold,Hold,Hold,Hold,Hold,0.999998,0.6390328010514835
27/9/2021,21.62,Hold,Hold,Hold,Hold,Hold,Hold,Hold,Hold,Hold,Hold,-0.2847991039509622,0.6708964359054986
28/9/2021,20.66,Hold,Sell,Hold,Hold,Sell,Hold,Hold,Sell,Sell,Hold,-0.974269125,0.5784570367691291
29/9/2021,20.48,Hold,Hold,Hold,Hold,Hold,Hold,Hold,Hold,Hold,Hold,0.499321929315,0.6620893568212957
30/9/2021,20.68,Hold,Hold,Hold,Hold,Hold,Hold,Hold,Hold,Hold,Hold,-1.6406809e-06,0.6440873724413194
1/10/2021,20.7,Hold,Hold,Hold,Hold,Hold,Hold,Hold,Hold,Hold,Hold,-0.0127259849999999,0.6448464765512306
4/10/2021,19.69,Hold,Hold,Hold,Hold,Hold,Hold,Hold,Hold,Hold,Hold,0.62684228,0.5570145732794577
5/10/2021,20.41,Hold,Hold,Hold,Hold,Hold,Hold,Hold,Hold,Hold,Hold,0.765561215,0.6490622978468107
6/10/2021,20.66,Hold,Hold,Hold,Hold,Hold,Hold,Hold,Hold,Hold,Hold,0.95984694,0.6864061487037911
7/10/2021,21.03,Hold,Hold,Hold,Hold,Hold,Hold,Hold,Hold,Hold,Hold,0.99998415,0.6911000615115692
8/10/2021,20.79,Buy,Buy,Hold,Hold,Buy,Buy,Hold,Hold,Buy,Buy,0.9993665233333332,0.6524495786228607
11/10/2021,20.65,Hold,Hold,Hold,Hold,Hold,Hold,Hold,Hold,Sell,Hold,,0.7454011560711153
12/10/2021,20.63,Hold,Hold,Hold,Hold,Hold,Hold,Hold,Hold,Hold,Hold,0.975192325,0.6246891846843757
13/10/2021,20.9,Hold,Hold,Hold,Hold,Hold,Hold,Hold,Hold,Hold,Hold,0.999894965,0.7103708055414093
14/10/2021,21.7,Buy,Buy,Hold,Hold,Buy,Buy,Buy,Hold,Buy,Buy,0.7316816164,0.7004991343943593
15/10/2021,21.82,Hold,Hold,Hold,Buy,Hold,Hold,Hold,Buy,Hold,Hold,0.9711192875,0.714727028850744
18/10/2021,22.18,Hold,Hold,Hold,Hold,Hold,Hold,Hold,Hold,Hold,Hold,-1.247120665e-05,0.7266436939696237
19/10/2021,22.25,Hold,Hold,Hold,Hold,Hold,Hold,Hold,Hold,Hold,Hold,0.99999434,0.7083601110368842
20/10/2021,22.06,Hold,Hold,Hold,Hold,Hold,Hold,Hold,Hold,Hold,Hold,0.9999328,0.6421726626685668
21/10/2021,22.65,Hold,Hold,Hold,Hold,Hold,Hold,Hold,Hold,Hold,Hold,0.7960355525,0.6351505059760928
22/10/2021,22.68,Hold,Hold,Hold,Hold,Hold,Hold,Hold,Hold,Hold,Hold,,0.6597560849172708
25/10/2021,23.12,Hold,Hold,Hold,Hold,Hold,Hold,Hold,Hold,Hold,Hold,0.9896235,0.6760343015009197
26/10/2021,24.67,Hold,Hold,Hold,Hold,Hold,Hold,Hold,Hold,Hold,Hold,0.8632348775,0.7064514738868718
27/10/2021,24.4,Hold,Hold,Hold,Hold,Hold,Hold,Hold,Hold,Hold,Hold,0.3014185396538399,0.724018470750734
28/10/2021,24.89,Hold,Hold,Hold,Hold,Hold,Hold,Hold,Hold,Hold,Hold,0.9983849,0.6359993817084011
29/10/2021,25.52,Hold,Hold,Hold,Hold,Hold,Hold,Hold,Hold,Hold,Hold,0.499635690054837,0.6702287937247672
1/11/2021,25.78,Hold,Hold,Hold,Hold,Hold,Hold,Hold,Hold,Hold,Hold,0.99999017,0.6858789669620072
2/11/2021,26.35,Hold,Hold,Hold,Hold,Hold,Hold,Hold,Hold,Hold,Hold,0.373322649908095,0.7393222388805981
3/11/2021,26.55,Hold,Hold,Hold,Hold,Hold,Hold,Hold,Hold,Hold,Hold,,0.6954601056195923
4/11/2021,29.74,Hold,Hold,Hold,Hold,Hold,Hold,Hold,Hold,Hold,Hold,0.1832723666245,0.7460177357492133
5/11/2021,29.69,Hold,Hold,Hold,Hold,Hold,Hold,Hold,Hold,Hold,Hold,0.5727953976213334,0.7137439915963962
8/11/2021,30.74,Hold,Hold,Hold,Hold,Hold,Hold,Hold,Hold,Hold,Hold,0.6142733250000001,0.7192020947297706
9/11/2021,30.6,Hold,Hold,Hold,Hold,Hold,Hold,Hold,Hold,Hold,Hold,0.5206578671883333,0.7405738451200722
10/11/2021,29.4,Hold,Hold,Hold,Hold,Hold,Hold,Hold,Hold,Hold,Hold,0.3726425626127625,0.6505648845520574
11/11/2021,30.33,Hold,Hold,Hold,Hold,Hold,Hold,Hold,Hold,Hold,Hold,-0.75391895,0.6676514743775815
12/11/2021,30.33,Hold,Hold,Hold,Hold,Hold,Hold,Hold,Hold,Hold,Hold,0.0070863536209999,0.6404551175658374
15/11/2021,29.97,Hold,Hold,Hold,Hold,Hold,Hold,Hold,Hold,Hold,Hold,0.4735458642355,0.6769937152077369
16/11/2021,30.14,Hold,Hold,Hold,Hold,Hold,Hold,Hold,Hold,Hold,Hold,0.4330805497800252,0.6683891613220024
17/11/2021,29.2,Hold,Hold,Hold,Hold,Hold,Hold,Hold,Hold,Hold,Hold,0.0119009321145362,0.6456545033315547
18/11/2021,31.61,Hold,Hold,Hold,Hold,Hold,Hold,Hold,Hold,Hold,Hold,0.4744706744701752,0.6799484406361895
19/11/2021,32.92,Hold,Hold,Hold,Hold,Hold,Hold,Hold,Hold,Hold,Hold,0.3992384270498333,0.7561864771966038
22/11/2021,31.89,Hold,Hold,Hold,Hold,Hold,Hold,Hold,Hold,Hold,Hold,0.2540527288197786,0.687741369191591
23/11/2021,31.68,Hold,Hold,Hold,Hold,Hold,Hold,Hold,Hold,Hold,Hold,-0.4839804595874999,0.6957975927844191
24/11/2021,32.61,Hold,Hold,Hold,Hold,Hold,Hold,Hold,Hold,Hold,Hold,0.2652410268942199,0.6823707430970158
26/11/2021,31.44,Sell,Hold,Hold,Hold,Hold,Hold,Hold,Hold,Hold,Hold,-0.498025480175377,0.6009231826650583
29/11/2021,33.31,Buy,Hold,Hold,Hold,Hold,Hold,Hold,Hold,Hold,Hold,0.58530815,0.7477858986202799
30/11/2021,32.61,Sell,Hold,Hold,Hold,Hold,Hold,Hold,Hold,Hold,Hold,0.42192963741,0.6759043110058236
1/12/2021,31.38,Hold,Hold,Hold,Hold,Hold,Hold,Hold,Hold,Hold,Hold,0.5862724183333333,0.6739046112308844
2/12/2021,32.07,Hold,Hold,Hold,Hold,Sell,Sell,Hold,Hold,Hold,Hold,0.0070636266561428,0.6528362632852724
3/12/2021,30.64,Hold,Hold,Hold,Hold,Buy,Hold,Hold,Hold,Hold,Hold,0.1144255422805294,0.6243320044695002
6/12/2021,29.98,Hold,Hold,Hold,Hold,Sell,Sell,Sell,Hold,Hold,Hold,0.1569780949999999,0.6480086388506436
7/12/2021,32.37,Hold,Hold,Hold,Sell,Sell,Sell,Hold,Hold,Hold,Hold,0.196518956,0.7141669459195328
8/12/2021,31.77,Hold,Hold,Hold,Hold,Buy,Hold,Hold,Hold,Hold,Hold,-0.0068773130013374,0.7030311213525536
9/12/2021,30.43,Hold,Hold,Hold,Hold,Hold,Hold,Hold,Hold,Hold,Hold,0.3376835166666667,0.6640413783268255
10/12/2021,30.14,Hold,Sell,Hold,Sell,Sell,Hold,Sell,Sell,Sell,Hold,0.337735169405,0.6877432572296719
13/12/2021,28.11,Hold,Hold,Hold,Hold,Hold,Hold,Hold,Hold,Hold,Hold,,0.592132954411056
14/12/2021,28.29,Hold,Hold,Hold,Sell,Hold,Hold,Sell,Hold,Hold,Hold,0.9830920725,0.6135080241153469
15/12/2021,30.4,Hold,Hold,Hold,Hold,Hold,Hold,Hold,Hold,Hold,Hold,0.5330294300353834,0.7337851195168859
16/12/2021,28.34,Hold,Hold,Hold,Hold,Buy,Hold,Hold,Hold,Buy,Hold,0.8759247699999999,0.6782272332282739
17/12/2021,27.75,Hold,Sell,Hold,Hold,Sell,Hold,Hold,Sell,Sell,Hold,0.35403253184548,0.6794414605996155
20/12/2021,27.67,Hold,Hold,Hold,Hold,Hold,Hold,Hold,Hold,Hold,Hold,-0.0003656868517601,0.6204683830780646
21/12/2021,29.02,Hold,Hold,Hold,Hold,Hold,Hold,Hold,Hold,Hold,Hold,0.6377050533333334,0.7168254964442243
22/12/2021,29.35,Hold,Hold,Hold,Hold,Hold,Hold,Hold,Hold,Buy,Buy,0.9991154666666668,0.7069152495278784
23/12/2021,29.59,Hold,Hold,Hold,Hold,Buy,Buy,Hold,Hold,Hold,Hold,0.5739607250000001,0.7453660297544735
27/12/2021,30.89,Hold,Hold,Hold,Hold,Buy,Hold,Hold,Hold,Hold,Hold,0.00022227551,0.7241815343713989
28/12/2021,30.27,Hold,Hold,Hold,Hold,Hold,Hold,Hold,Hold,Hold,Hold,0.2003602304011904,0.644889705491143
29/12/2021,29.95,Hold,Hold,Hold,Hold,Hold,Hold,Hold,Hold,Hold,Hold,0.00121535,0.7226018318986369
30/12/2021,29.53,Hold,Hold,Hold,Hold,Hold,Buy,Hold,Hold,Hold,Hold,0.5044721756931225,0.7206259665391057
31/12/2021,29.36,Hold,Hold,Hold,Hold,Sell,Sell,Hold,Hold,Sell,Hold,0.9999153,0.7556173963617043
3/1/2022,30.07,Hold,Hold,Hold,Hold,Hold,Hold,Hold,Hold,Hold,Hold,-0.4961263217040444,0.7411931100034557
4/1/2022,29.24,Hold,Hold,Hold,Buy,Buy,Hold,Buy,Hold,Hold,Hold,0.595685074449923,0.6876861928804306
5/1/2022,27.55,Hold,Hold,Hold,Sell,Sell,Sell,Sell,Hold,Sell,Hold,0.2208209939999999,0.6596187391918071
6/1/2022,28.13,Hold,Hold,Hold,Hold,Hold,Hold,Hold,Hold,Hold,Sell,0.435842745,0.6890032969415731
7/1/2022,27.2,Hold,Hold,Hold,Hold,Hold,Hold,Hold,Hold,Hold,Hold,0.48626201,0.6525339054634706
10/1/2022,27.35,Hold,Hold,Hold,Hold,Hold,Hold,Hold,Hold,Hold,Hold,0.6071773518120778,0.6829787780632937
11/1/2022,27.77,Hold,Hold,Hold,Hold,Hold,Hold,Hold,Hold,Hold,Hold,0.3924495245108011,0.6707824403622747
12/1/2022,27.95,Hold,Hold,Hold,Hold,Hold,Hold,Hold,Hold,Hold,Hold,0.59477908225,0.6720252787340825
13/1/2022,26.53,Hold,Hold,Hold,Hold,Hold,Hold,Hold,Hold,Hold,Hold,0.2551469418026746,0.6356538126239615
14/1/2022,26.89,Hold,Hold,Hold,Hold,Hold,Hold,Hold,Hold,Hold,Hold,0.3057903151186714,0.6708080530800383
18/1/2022,25.86,Hold,Hold,Hold,Hold,Hold,Hold,Hold,Hold,Hold,Hold,0.3487733661936457,0.6625010756075571
19/1/2022,25.02,Hold,Hold,Hold,Hold,Hold,Hold,Hold,Hold,Hold,Hold,0.5950030871537499,0.6291520622884446
20/1/2022,24.11,Hold,Hold,Hold,Hold,Hold,Hold,Hold,Hold,Hold,Hold,0.5476223220715917,0.5730236483727105
21/1/2022,23.33,Hold,Hold,Hold,Hold,Hold,Hold,Hold,Hold,Hold,Hold,0.1030718685714285,0.6588608750455496
24/1/2022,23.33,Hold,Hold,Hold,Hold,Hold,Hold,Hold,Hold,Hold,Hold,-0.114425063385,0.6467912279011714
25/1/2022,22.28,Hold,Hold,Hold,Hold,Hold,Hold,Hold,Hold,Hold,Hold,0.864380880625,0.6897190068535107
26/1/2022,22.73,Hold,Hold,Hold,Hold,Hold,Hold,Hold,Hold,Hold,Hold,0.4514229743071938,0.6841463160645511
27/1/2022,21.9,Hold,Hold,Buy,Hold,Hold,Hold,Hold,Hold,Hold,Hold,0.7270786700909091,0.6362092129371464
28/1/2022,22.8,Hold,Hold,Buy,Hold,Hold,Hold,Hold,Hold,Hold,Hold,0.5712690955216814,0.6979213218715362
31/1/2022,24.44,Hold,Hold,Hold,Hold,Hold,Hold,Hold,Hold,Hold,Hold,0.984655265,0.7124429599470172
1/2/2022,24.59,Buy,Hold,Hold,Hold,Buy,Buy,Hold,Hold,Buy,Hold,0.9994444,0.6967675328688382
2/2/2022,25.2,Buy,Hold,Hold,Hold,Hold,Hold,Hold,Hold,Hold,Hold,0.2008872524919,0.6215270519400009
3/2/2022,23.9,Hold,Hold,Hold,Buy,Buy,Hold,Hold,Hold,Hold,Hold,0.40001776052987,0.600622440692048
4/2/2022,24.27,Hold,Hold,Hold,Hold,Sell,Hold,Hold,Hold,Sell,Hold,0.8375669133333333,0.6481552967000225
7/2/2022,24.68,Hold,Hold,Hold,Hold,Hold,Buy,Hold,Hold,Hold,Buy,0.2311018203597451,0.6714060828153177
8/2/2022,25.06,Hold,Hold,Hold,Hold,Buy,Hold,Buy,Hold,Buy,Hold,0.2327822745053593,0.67359395198623
9/2/2022,26.66,Hold,Hold,Hold,Buy,Buy,Hold,Hold,Hold,Hold,Hold,0.1287364167815022,0.6955966942551931
10/2/2022,25.78,Hold,Hold,Hold,Hold,Hold,Hold,Hold,Hold,Buy,Hold,0.79865690404,0.68612801989444
11/2/2022,23.91,Hold,Hold,Hold,Hold,Hold,Hold,Hold,Hold,Sell,Sell,0.5274860151793667,0.6558823382962385
14/2/2022,24.22,Sell,Hold,Hold,Hold,Sell,Sell,Hold,Hold,Sell,Hold,0.3785433194884843,0.6870191805491239
15/2/2022,26.45,Hold,Hold,Hold,Hold,Hold,Hold,Hold,Hold,Hold,Hold,0.65624194763,0.6734684831109288
16/2/2022,26.46,Buy,Hold,Hold,Hold,Buy,Hold,Hold,Hold,Buy,Hold,0.4727822101966166,0.6578771338787722
17/2/2022,24.46,Hold,Hold,Hold,Hold,Hold,Hold,Hold,Hold,Hold,Hold,0.3052685310162041,0.5900916260277155
18/2/2022,23.6,Sell,Hold,Hold,Sell,Sell,Sell,Sell,Hold,Sell,Sell,0.9462057333333332,0.6627472422322536
22/2/2022,23.35,Hold,Hold,Hold,Hold,Hold,Hold,Hold,Hold,Hold,Hold,0.78027687125,0.6201020844571747
23/2/2022,22.35,Sell,Hold,Hold,Hold,Hold,Sell,Hold,Hold,Hold,Hold,0.62210174,0.6247258764127849
24/2/2022,23.7,Hold,Hold,Hold,Hold,Hold,Hold,Hold,Hold,Hold,Hold,-0.240727115400325,0.6759209928871626
25/2/2022,24.11,Hold,Hold,Hold,Hold,Hold,Hold,Hold,Hold,Hold,Hold,0.4662388075,0.7150838635618467
28/2/2022,24.34,Buy,Hold,Hold,Hold,Hold,Hold,Hold,Hold,Hold,Hold,0.6953785514023343,0.6666769875639427
1/3/2022,23.43,Hold,Hold,Hold,Hold,Hold,Buy,Hold,Hold,Hold,Hold,0.9845721333333334,0.9822347125
2/3/2022,24.18,Sell,Hold,Hold,Hold,Hold,Sell,Hold,Hold,Hold,Hold,0.0067460925,0.8805698207133333
3/3/2022,23.67,Hold,Hold,Hold,Hold,Hold,Buy,Hold,Hold,Hold,Hold,-0.3075571951,0.7843185070978711
4/3/2022,22.9,Sell,Hold,Hold,Hold,Hold,Sell,Hold,Hold,Hold,Hold,-0.1532726645316666,0.9460154266666666
7/3/2022,21.32,Hold,Hold,Hold,Hold,Hold,Hold,Hold,Hold,Hold,Hold,0.9795348,0.8278910092896666
8/3/2022,21.48,Hold,Hold,Buy,Hold,Hold,Buy,Hold,Hold,Hold,Hold,0.5000067448671167,0.999376858
9/3/2022,22.98,Hold,Hold,Hold,Hold,Hold,Hold,Hold,Hold,Hold,Hold,0.7357610071428571,0.0600698369140975
10/3/2022,22.62,Hold,Hold,Hold,Hold,Hold,Hold,Hold,Hold,Hold,Hold,0.99872,0.023303195998505
11/3/2022,22.06,Hold,Hold,Hold,Hold,Hold,Hold,Hold,Hold,Hold,Hold,0.4946690994468235,0.66402497625
14/3/2022,21.29,Hold,Hold,Hold,Hold,Hold,Hold,Hold,Hold,Hold,Hold,0.5148654349999999,0.666502960238
15/3/2022,22.94,Hold,Hold,Hold,Hold,Hold,Hold,Hold,Hold,Hold,Hold,0.1623784952532825,0.5210625
16/3/2022,24.46,Buy,Buy,Hold,Hold,Buy,Buy,Buy,Hold,Buy,Hold,0.9988321666666669,0.923584205
17/3/2022,24.73,Hold,Hold,Hold,Buy,Hold,Hold,Hold,Buy,Hold,Hold,0.9999507,0.9991940475
18/3/2022,26.41,Hold,Hold,Hold,Hold,Hold,Hold,Hold,Hold,Hold,Buy,0.3828549269159125,0.34209190765025
21/3/2022,26.69,Hold,Hold,Hold,Hold,Hold,Hold,Hold,Hold,Hold,Hold,0.8215061825,0.7092417636305451
22/3/2022,26.48,Hold,Hold,Hold,Hold,Hold,Hold,Hold,Hold,Hold,Hold,0.74884038375,0.7483220941250001
23/3/2022,25.59,Hold,Hold,Hold,Hold,Hold,Hold,Hold,Hold,Hold,Hold,0.86089368625,0.748162075872875
24/3/2022,28.1,Hold,Hold,Hold,Hold,Hold,Hold,Hold,Hold,Hold,Hold,0.798513199355206,0.6768805268172801
25/3/2022,27.65,Hold,Hold,Hold,Hold,Hold,Hold,Hold,Hold,Hold,Hold,0.3684307928079111,0.6382797753785833
28/3/2022,28.17,Hold,Hold,Hold,Hold,Hold,Hold,Hold,Hold,Hold,Hold,0.502835086346255,0.8744340199999999
29/3/2022,28.61,Hold,Hold,Hold,Hold,Hold,Hold,Hold,Hold,Hold,Hold,0.43508337922265,0.98362728375
30/3/2022,27.64,Hold,Hold,Hold,Hold,Hold,Hold,Hold,Hold,Hold,Hold,0.6248032184295375,0.9738125922222224
31/3/2022,27.24,Hold,Hold,Sell,Hold,Hold,Hold,Hold,Hold,Hold,Hold,0.833490986,0.92153404125
1/4/2022,26.67,Hold,Hold,Sell,Hold,Hold,Hold,Hold,Hold,Hold,Hold,0.6649211726037513,0.8671933737162499
4/4/2022,27.31,Sell,Sell,Hold,Hold,Sell,Sell,Sell,Hold,Sell,Hold,0.5677067370199901,-0.0014817870491837
5/4/2022,25.89,Hold,Hold,Hold,Hold,Hold,Hold,Hold,Hold,Hold,Hold,0.65334729,0.996051428
6/4/2022,24.37,Sell,Sell,Hold,Sell,Sell,Sell,Sell,Sell,Sell,Hold,0.6569716917937778,0.7402614528461539
7/4/2022,24.17,Hold,Hold,Hold,Hold,Hold,Hold,Hold,Hold,Hold,Sell,0.8329593745207333,0.8810491898181817
8/4/2022,23.08,Hold,Hold,Hold,Hold,Hold,Hold,Hold,Hold,Hold,Hold,0.2082429873471666,0.5872680596663831
11/4/2022,21.88,Hold,Hold,Hold,Hold,Hold,Hold,Hold,Hold,Hold,Hold,0.1465090600734875,0.4026867703335714
12/4/2022,21.47,Hold,Hold,Hold,Hold,Hold,Hold,Hold,Hold,Hold,Hold,0.12646814244575,0.7147610694287281
13/4/2022,22.17,Hold,Hold,Hold,Hold,Hold,Hold,Hold,Hold,Hold,Hold,-0.2067359646391214,0.390848878596174
14/4/2022,21.22,Hold,Hold,Hold,Hold,Hold,Hold,Hold,Hold,Hold,Hold,0.3336235,0.8173352688235295
18/4/2022,21.75,Hold,Hold,Hold,Hold,Hold,Hold,Hold,Hold,Hold,Hold,0.5795754428571429,0.9238635192142856
19/4/2022,22.16,Hold,Hold,Hold,Hold,Hold,Hold,Hold,Hold,Hold,Hold,0.6049504125172686,0.7754391611111111
20/4/2022,21.45,Hold,Hold,Hold,Hold,Hold,Hold,Hold,Hold,Hold,Hold,0.2707846075,0.7482615985125385
21/4/2022,20.15,Hold,Hold,Hold,Hold,Hold,Hold,Hold,Hold,Hold,Hold,0.36629356266125,0.668450191
22/4/2022,19.48,Hold,Hold,Hold,Hold,Hold,Hold,Hold,Hold,Hold,Hold,,0.7573211699786125
25/4/2022,19.87,Hold,Hold,Hold,Hold,Hold,Hold,Hold,Hold,Hold,Hold,0.4718345583764,0.7759738303053333
26/4/2022,18.76,Hold,Hold,Hold,Hold,Hold,Hold,Hold,Hold,Hold,Hold,0.3966490754799557,0.7140727608333334
27/4/2022,18.38,Hold,Hold,Hold,Hold,Hold,Hold,Hold,Hold,Hold,Hold,0.698989225,0.726185581
28/4/2022,19.75,Hold,Hold,Hold,Hold,Hold,Hold,Hold,Hold,Hold,Hold,0.59016934985415,0.2492565326113933
29/4/2022,18.52,Hold,Hold,Hold,Hold,Hold,Hold,Hold,Hold,Hold,Hold,0.0124196675539999,0.9831434333333332
2/5/2022,19.5,Hold,Hold,Hold,Hold,Hold,Hold,Hold,Hold,Hold,Hold,-0.27556505595186,0.5679961676999999
3/5/2022,19.57,Hold,Hold,Hold,Hold,Hold,Hold,Hold,Hold,Hold,Hold,0.6651612069333334,0.66174567344
4/5/2022,20.3,Buy,Hold,Hold,Hold,Hold,Hold,Hold,Hold,Hold,Hold,0.3804263992227141,0.4974383097336364
5/5/2022,18.81,Hold,Hold,Hold,Hold,Hold,Hold,Hold,Hold,Hold,Hold,0.62072499,0.58457871
6/5/2022,18.64,Sell,Hold,Hold,Hold,Hold,Hold,Hold,Hold,Hold,Hold,0.4093395994285714,0.97697698
9/5/2022,16.92,Hold,Hold,Hold,Hold,Hold,Hold,Hold,Hold,Hold,Hold,0.1537299974822066,0.730808688888889
10/5/2022,17.57,Hold,Hold,Hold,Hold,Hold,Hold,Hold,Hold,Hold,Hold,-0.1980711648281111,0.7672095166666666
11/5/2022,16.6,Hold,Hold,Hold,Hold,Hold,Hold,Hold,Hold,Hold,Hold,-0.2223444233333333,0.4421577495208833
12/5/2022,16.15,Hold,Hold,Hold,Hold,Hold,Hold,Hold,Hold,Hold,Hold,0.3571247444684959,0.8693285339999999
13/5/2022,17.68,Hold,Hold,Hold,Hold,Hold,Hold,Hold,Hold,Hold,Hold,0.7977448984000001,0.991329612
16/5/2022,17.24,Hold,Hold,Hold,Hold,Hold,Hold,Hold,Hold,Hold,Hold,0.7825939575,0.99994344
17/5/2022,18.15,Buy,Hold,Hold,Hold,Hold,Hold,Hold,Hold,Hold,Hold,0.6685924127333333,0.322073119875
18/5/2022,16.91,Hold,Hold,Hold,Hold,Hold,Buy,Hold,Hold,Hold,Hold,0.22810308237,0.9977475133333334
19/5/2022,17.1,Hold,Hold,Hold,Hold,Hold,Sell,Hold,Hold,Hold,Hold,0.104956325,0.8944905432707525
20/5/2022,16.67,Hold,Hold,Hold,Hold,Hold,Hold,Hold,Hold,Hold,Hold,0.3364253533333333,0.6884466634909091
23/5/2022,16.87,Hold,Hold,Hold,Hold,Hold,Hold,Hold,Hold,Hold,Hold,0.2825142954307548,0.79112659241
24/5/2022,16.13,Hold,Hold,Hold,Hold,Hold,Hold,Hold,Hold,Hold,Hold,0.4995902716666666,0.4496222400634238
25/5/2022,16.95,Hold,Hold,Hold,Hold,Hold,Buy,Hold,Hold,Hold,Hold,0.2513766066360618,0.6596358795064146
26/5/2022,17.82,Hold,Hold,Hold,Hold,Hold,Hold,Hold,Hold,Hold,Hold,0.2603816540491088,0.3613228076678606
27/5/2022,18.78,Hold,Hold,Hold,Hold,Buy,Buy,Buy,Hold,Hold,Hold,0.3807484888880378,0.4535938935611882
31/5/2022,18.64,Hold,Hold,Hold,Buy,Hold,Hold,Hold,Buy,Hold,Hold,-0.0625423175,0.662441586008125
1/6/2022,18.29,Hold,Hold,Hold,Hold,Hold,Hold,Hold,Hold,Hold,Hold,0.3847107208330853,0.5090722
2/6/2022,19.56,Hold,Hold,Hold,Hold,Hold,Hold,Hold,Hold,Hold,Hold,0.456871364445,0.5594094419773785
3/6/2022,18.69,Hold,Hold,Hold,Hold,Hold,Hold,Hold,Hold,Hold,Hold,-0.499978259068265,0.9262761457142856
6/6/2022,18.75,Hold,Hold,Hold,Hold,Hold,Hold,Hold,Hold,Hold,Hold,0.87708366,0.9966804533333334
7/6/2022,18.89,Hold,Hold,Hold,Hold,Hold,Hold,Hold,Hold,Hold,Hold,0.468570795,0.5544382586198767
8/6/2022,18.62,Hold,Hold,Hold,Hold,Hold,Hold,Hold,Hold,Hold,Hold,0.990999195,0.7992278250273881
9/6/2022,18.02,Hold,Hold,Hold,Hold,Hold,Hold,Hold,Hold,Hold,Hold,-0.99982,0.6441815341326667
10/6/2022,16.95,Sell,Sell,Hold,Sell,Sell,Sell,Sell,Sell,Hold,Hold,0.0004309152489541,0.64277395
13/6/2022,15.62,Hold,Hold,Hold,Hold,Hold,Hold,Hold,Hold,Hold,Hold,0.6413822,0.8141534185714285
14/6/2022,15.81,Hold,Hold,Hold,Hold,Hold,Hold,Hold,Hold,Hold,Hold,-2.6976983e-07,0.8570795945085715
15/6/2022,16.5,Hold,Hold,Hold,Hold,Hold,Hold,Hold,Hold,Hold,Hold,3.8622053e-05,0.99900133
16/6/2022,15.58,Hold,Hold,Hold,Hold,Hold,Hold,Hold,Hold,Hold,Hold,0.467304095052365,0.67312505722
17/6/2022,15.86,Hold,Hold,Hold,Hold,Hold,Hold,Hold,Hold,Hold,Hold,0.0574619707952999,0.56677391
21/6/2022,16.54,Hold,Hold,Hold,Sell,Hold,Hold,Sell,Hold,Hold,Hold,-1.99549695e-05,0.74598454592
22/6/2022,16.34,Hold,Hold,Hold,Hold,Hold,Hold,Hold,Hold,Hold,Hold,0.8956084,0.9933791775
23/6/2022,16.2,Hold,Hold,Buy,Hold,Hold,Hold,Hold,Hold,Hold,Hold,-0.0003495,0.41769885
24/6/2022,17.1,Buy,Hold,Hold,Hold,Hold,Hold,Hold,Hold,Hold,Hold,0.2549254404765,0.1661884198044422
27/6/2022,16.84,Hold,Hold,Hold,Hold,Buy,Buy,Hold,Hold,Hold,Hold,0.93296366,0.896230895
28/6/2022,15.96,Hold,Hold,Hold,Hold,Sell,Hold,Hold,Hold,Hold,Hold,-0.19286666172,0.6126676
29/6/2022,15.52,Sell,Hold,Hold,Hold,Hold,Hold,Hold,Hold,Hold,Hold,-0.1493780432857143,0.4917299968333333
30/6/2022,15.14,Hold,Hold,Hold,Hold,Hold,Hold,Hold,Hold,Hold,Hold,0.4712407133333333,0.639481514889375
1/7/2022,14.5,Hold,Hold,Hold,Hold,Hold,Hold,Hold,Hold,Hold,Hold,-0.3005497752977955,0.6882859555
5/7/2022,14.94,Hold,Hold,Hold,Hold,Hold,Sell,Hold,Hold,Hold,Hold,0.6469318233333333,0.996569715
6/7/2022,15.11,Hold,Hold,Hold,Hold,Hold,Hold,Hold,Hold,Hold,Hold,-7.172749e-08,0.9146372416666668
7/7/2022,15.84,Hold,Hold,Hold,Hold,Hold,Hold,Hold,Hold,Hold,Hold,0.509813074909195,0.43652060284
8/7/2022,15.82,Buy,Hold,Hold,Hold,Buy,Buy,Hold,Hold,Hold,Hold,-3.61380719997937e-07,0.88897028
11/7/2022,15.13,Hold,Hold,Hold,Hold,Hold,Hold,Hold,Hold,Hold,Hold,0.3629496432995157,0.90512210375
12/7/2022,15.06,Hold,Hold,Hold,Hold,Hold,Hold,Hold,Hold,Hold,Hold,0.6662839066666667,0.0267437249999999
13/7/2022,15.14,Hold,Hold,Hold,Hold,Hold,Hold,Hold,Hold,Hold,Hold,0.2459595615748,0.9932858933333334
14/7/2022,15.35,Hold,Hold,Hold,Hold,Hold,Hold,Hold,Hold,Hold,Hold,0.6231583828571429,0.16746851
15/7/2022,15.74,Hold,Hold,Hold,Hold,Hold,Buy,Hold,Hold,Hold,Buy,0.6128481824677212,0.853956153075375
18/7/2022,16.08,Hold,Buy,Hold,Hold,Buy,Hold,Buy,Hold,Buy,Hold,0.967235265,0.6725497896876464
19/7/2022,16.97,Hold,Hold,Hold,Buy,Buy,Hold,Hold,Buy,Hold,Hold,0.97067255,0.7878594618857081
20/7/2022,17.78,Hold,Hold,Hold,Hold,Hold,Hold,Hold,Hold,Hold,Hold,0.1099066987563079,0.6887064044444444
21/7/2022,18.02,Hold,Buy,Hold,Hold,Hold,Hold,Hold,Hold,Buy,Hold,0.9194701933333334,0.8884454794444445
22/7/2022,17.29,Hold,Hold,Hold,Hold,Hold,Hold,Buy,Hold,Hold,Hold,-0.2349229787499999,0.6684611833881
25/7/2022,17.0,Hold,Hold,Hold,Hold,Hold,Hold,Hold,Hold,Hold,Hold,0.5320949,0.9322704066666666
26/7/2022,16.51,Hold,Hold,Hold,Hold,Hold,Hold,Hold,Hold,Sell,Hold,0.9989131933333332,0.7692927828571429
27/7/2022,17.76,Hold,Hold,Hold,Hold,Hold,Hold,Hold,Hold,Hold,Hold,0.2291447728,0.7845834009090908
28/7/2022,17.96,Hold,Hold,Hold,Hold,Hold,Hold,Hold,Hold,Buy,Hold,0.9998423,0.916485898
29/7/2022,18.14,Hold,Hold,Hold,Hold,Hold,Hold,Hold,Hold,Hold,Hold,0.9995514333333334,0.4310866288698693
1/8/2022,18.41,Hold,Hold,Hold,Hold,Hold,Hold,Hold,Hold,Hold,Hold,0.011794997,0.8955953067
2/8/2022,18.5,Hold,Hold,Hold,Hold,Hold,Hold,Hold,Hold,Hold,Hold,-0.99981445,0.8509668341702389
3/8/2022,18.87,Hold,Hold,Hold,Hold,Hold,Hold,Hold,Hold,Hold,Hold,0.50428045673067,0.8927846105313159
4/8/2022,19.19,Hold,Hold,Hold,Hold,Hold,Hold,Hold,Hold,Hold,Hold,0.2154768895815969,0.911132045967742
5/8/2022,18.96,Hold,Hold,Sell,Hold,Hold,Hold,Hold,Hold,Hold,Hold,0.9998896,0.9792196
8/8/2022,17.77,Hold,Hold,Hold,Hold,Hold,Hold,Hold,Hold,Hold,Hold,0.0511881054166666,0.5265574144908285
9/8/2022,17.06,Sell,Hold,Hold,Hold,Sell,Sell,Hold,Hold,Sell,Hold,-0.1211434544444444,0.3002430800678246
10/8/2022,18.07,Sell,Hold,Hold,Hold,Sell,Hold,Hold,Hold,Sell,Sell,0.291903814020775,-0.0701397425132346
11/8/2022,17.92,Buy,Hold,Hold,Hold,Buy,Buy,Hold,Hold,Buy,Buy,0.27169002317385,0.0521229149999999
12/8/2022,18.68,Sell,Hold,Hold,Hold,Sell,Sell,Hold,Hold,Sell,Hold,-0.48281564285,0.4101287464047619
15/8/2022,19.0,Buy,Hold,Hold,Hold,Hold,Buy,Hold,Hold,Hold,Hold,0.729573206,0.743268885
16/8/2022,18.85,Hold,Hold,Hold,Hold,Hold,Sell,Hold,Hold,Hold,Sell,0.925496,0.6694515253333333
17/8/2022,18.31,Hold,Hold,Hold,Hold,Hold,Hold,Hold,Hold,Hold,Hold,-0.2585100188125,0.3271948385204888
18/8/2022,18.75,Hold,Hold,Hold,Hold,Hold,Hold,Hold,Hold,Hold,Hold,0.0001964584235,0.7574050254545455
19/8/2022,17.82,Sell,Hold,Hold,Hold,Hold,Hold,Hold,Hold,Hold,Hold,0.7141334842857142,0.808651734
22/8/2022,17.01,Hold,Sell,Hold,Sell,Sell,Hold,Sell,Sell,Sell,Buy,0.784409232,0.7010252242906059
23/8/2022,17.16,Hold,Hold,Hold,Hold,Hold,Hold,Hold,Hold,Sell,Sell,0.1934095079999999,0.7909134958404785
24/8/2022,17.2,Hold,Hold,Hold,Sell,Hold,Hold,Sell,Hold,Hold,Hold,0.22087226375,0.5707676684073151
25/8/2022,17.89,Hold,Hold,Hold,Hold,Hold,Hold,Hold,Hold,Hold,Hold,-0.1584562017938461,0.2664272172707499
26/8/2022,16.24,Hold,Hold,Hold,Hold,Buy,Hold,Hold,Hold,Buy,Hold,-0.4000610568401,0.6869665812659467
29/8/2022,15.78,Hold,Sell,Hold,Hold,Sell,Hold,Hold,Sell,Sell,Hold,-0.0226172555555555,0.8374432761999999
30/8/2022,15.45,Hold,Hold,Hold,Hold,Hold,Hold,Hold,Hold,Hold,Hold,-0.93999815,0.5453358715869231
31/8/2022,15.07,Hold,Hold,Hold,Hold,Hold,Hold,Hold,Hold,Hold,Hold,0.12283646,0.7984743403888889
1/9/2022,13.92,Hold,Hold,Hold,Hold,Hold,Hold,Hold,Hold,Hold,Hold,0.0763523229411764,0.6824087687595202
2/9/2022,13.63,Hold,Hold,Hold,Hold,Hold,Hold,Hold,Hold,Hold,Hold,-0.0439544116666666,0.6789745720060402
6/9/2022,13.45,Hold,Hold,Hold,Hold,Hold,Hold,Hold,Hold,Hold,Hold,0.4974352844444445,0.9163342011111112
7/9/2022,13.7,Hold,Hold,Hold,Hold,Hold,Hold,Hold,Hold,Hold,Hold,0.489700018746744,0.99558872
8/9/2022,13.97,Hold,Hold,Hold,Hold,Hold,Hold,Hold,Hold,Hold,Hold,0.4118025039810657,0.6843539422966667
9/9/2022,14.37,Hold,Hold,Hold,Hold,Hold,Hold,Hold,Hold,Hold,Hold,-0.19396678465,0.8177361050068966
12/9/2022,14.49,Hold,Hold,Hold,Hold,Hold,Hold,Hold,Hold,Hold,Hold,0.98942584,0.8428745748952858
13/9/2022,13.12,Hold,Hold,Hold,Hold,Hold,Hold,Hold,Hold,Hold,Hold,0.4753447312111111,0.99442875
14/9/2022,13.11,Hold,Hold,Hold,Hold,Hold,Hold,Hold,Hold,Hold,Hold,-0.9983992,0.6048216049999999
15/9/2022,12.91,Hold,Hold,Hold,Hold,Hold,Hold,Hold,Hold,Hold,Hold,-0.198916694460248,0.78063579551104
16/9/2022,13.18,Hold,Hold,Hold,Hold,Hold,Hold,Hold,Hold,Hold,Hold,0.3984247218888889,0.5402562639757762
19/9/2022,13.37,Hold,Hold,Hold,Hold,Hold,Hold,Hold,Hold,Hold,Hold,0.0901329899999999,0.763371932
20/9/2022,13.16,Hold,Hold,Hold,Hold,Hold,Hold,Hold,Hold,Hold,Hold,0.7389454203977712,0.4480465945454545
21/9/2022,13.25,Hold,Hold,Hold,Hold,Hold,Hold,Hold,Hold,Hold,Hold,0.6798584399575001,0.7228085894306666
22/9/2022,12.55,Hold,Hold,Hold,Hold,Hold,Hold,Hold,Hold,Hold,Hold,0.2516999599612375,0.4231565701336363
23/9/2022,12.5,Hold,Hold,Hold,Hold,Hold,Hold,Hold,Hold,Hold,Hold,0.5363913655555556,0.8423433276350455
26/9/2022,12.21,Hold,Hold,Hold,Hold,Hold,Hold,Hold,Hold,Hold,Hold,0.962258444,0.7676829263
27/9/2022,12.4,Hold,Hold,Hold,Hold,Hold,Hold,Hold,Hold,Hold,Hold,0.0332437434985715,0.4212521260033111
28/9/2022,12.72,Buy,Hold,Hold,Hold,Hold,Hold,Hold,Hold,Hold,Hold,0.4129911633333333,0.6663706983333334
29/9/2022,12.21,Hold,Hold,Buy,Hold,Hold,Hold,Hold,Hold,Hold,Hold,0.7612417974874833,0.7621169154679072
30/9/2022,12.13,Hold,Hold,Buy,Hold,Hold,Hold,Hold,Hold,Hold,Hold,0.9988622975,0.8162948333333334
3/10/2022,12.5,Hold,Hold,Hold,Hold,Hold,Hold,Hold,Hold,Hold,Hold,0.0194136286666666,0.9570358575
4/10/2022,13.15,Hold,Hold,Hold,Hold,Hold,Hold,Hold,Hold,Hold,Hold,0.0081530229743083,0.717069524
5/10/2022,13.19,Hold,Hold,Hold,Hold,Hold,Buy,Hold,Hold,Hold,Hold,0.5400894903,0.000146715
6/10/2022,13.11,Hold,Hold,Hold,Hold,Hold,Hold,Hold,Hold,Hold,Hold,0.0634548875,0.74981698825625
7/10/2022,12.06,Hold,Hold,Hold,Hold,Hold,Hold,Hold,Hold,Hold,Hold,0.4997857760654799,0.0125097112307692
10/10/2022,11.66,Hold,Hold,Hold,Hold,Hold,Sell,Hold,Hold,Hold,Hold,0.7013166939058679,0.996019035
11/10/2022,11.57,Hold,Hold,Hold,Hold,Hold,Hold,Hold,Hold,Hold,Hold,0.207042284,0.826805635
12/10/2022,11.49,Hold,Hold,Hold,Hold,Hold,Hold,Hold,Hold,Hold,Hold,0.4329740217678637,0.04441115
13/10/2022,11.95,Hold,Hold,Hold,Hold,Hold,Hold,Hold,Hold,Hold,Hold,0.9990059428571428,0.4186184057142857
14/10/2022,11.21,Hold,Hold,Hold,Hold,Hold,Hold,Hold,Hold,Hold,Hold,0.79702723768166,0.886950476
17/10/2022,11.87,Hold,Hold,Hold,Hold,Hold,Hold,Hold,Hold,Hold,Hold,0.3234820185714286,-0.99971974
18/10/2022,11.95,Hold,Hold,Hold,Hold,Hold,Hold,Hold,Hold,Hold,Hold,0.8327262693966667,0.7502320459330908
19/10/2022,12.04,Hold,Hold,Hold,Hold,Hold,Hold,Hold,Hold,Hold,Hold,0.841854805,-0.154374206
20/10/2022,12.18,Hold,Buy,Hold,Hold,Buy,Buy,Buy,Hold,Buy,Hold,0.9953534766666668,0.48389386
21/10/2022,12.45,Hold,Hold,Hold,Hold,Hold,Hold,Hold,Hold,Hold,Hold,0.831602175,0.7949872841354
24/10/2022,12.58,Hold,Hold,Hold,Buy,Hold,Hold,Hold,Buy,Hold,Hold,0.0898705767799999,0.5029147854
25/10/2022,13.25,Hold,Hold,Hold,Hold,Hold,Hold,Hold,Hold,Hold,Buy,0.2681468305,0.6969271333333333
26/10/2022,12.88,Hold,Hold,Hold,Hold,Hold,Hold,Hold,Hold,Hold,Hold,-8.331999999999784e-05,0.3342442716666667
27/10/2022,13.16,Hold,Hold,Hold,Hold,Hold,Hold,Hold,Hold,Hold,Hold,0.6544194674508494,0.739850085
28/10/2022,13.82,Hold,Hold,Hold,Hold,Hold,Hold,Hold,Hold,Hold,Hold,0.2923638060410943,0.99992377
31/10/2022,13.48,Hold,Hold,Hold,Hold,Hold,Hold,Hold,Hold,Hold,Hold,0.4589637399999999,-0.9874337
1/11/2022,13.53,Hold,Hold,Hold,Hold,Hold,Hold,Hold,Hold,Hold,Hold,0.00041622005,0.5003646100075
2/11/2022,13.2,Hold,Hold,Hold,Hold,Hold,Hold,Hold,Hold,Hold,Hold,0.997337,0.984988
3/11/2022,13.41,Hold,Hold,Hold,Hold,Hold,Hold,Hold,Hold,Hold,Hold,,0.6458831667385889
4/11/2022,14.14,Hold,Hold,Hold,Hold,Hold,Hold,Hold,Hold,Hold,Hold,0.9917998,0.5514508222222223
7/11/2022,14.28,Hold,Hold,Hold,Hold,Hold,Hold,Hold,Hold,Hold,Hold,0.069600394,0.97117956
8/11/2022,14.59,Hold,Hold,Hold,Hold,Hold,Hold,Hold,Hold,Hold,Hold,0.2391854232684751,0.7052060750000001
9/11/2022,13.76,Hold,Hold,Hold,Hold,Hold,Hold,Hold,Hold,Hold,Hold,-0.4995083398525488,0.59832236452
10/11/2022,15.73,Hold,Hold,Hold,Hold,Hold,Hold,Hold,Hold,Hold,Hold,0.5327687308333333,0.5958422272244445
11/11/2022,16.31,Hold,Hold,Hold,Hold,Hold,Hold,Hold,Hold,Hold,Hold,0.7361568737499999,0.6352662245454546
14/11/2022,16.28,Hold,Hold,Hold,Hold,Hold,Hold,Hold,Hold,Hold,Hold,0.3557548944339417,0.902676678888889
15/11/2022,16.65,Hold,Hold,Hold,Hold,Hold,Hold,Hold,Hold,Hold,Hold,0.7733038092457112,0.6500204036842105
16/11/2022,15.89,Hold,Hold,Hold,Hold,Hold,Hold,Hold,Hold,Hold,Hold,0.2131464456264809,0.5096858628568421
17/11/2022,15.66,Hold,Hold,Hold,Hold,Hold,Hold,Hold,Hold,Hold,Hold,0.4410699896116217,0.3998715587372584
18/11/2022,15.39,Hold,Hold,Hold,Hold,Hold,Hold,Hold,Hold,Hold,Hold,-0.0368379299999999,0.6665851183333333
21/11/2022,15.3,Hold,Hold,Hold,Hold,Hold,Hold,Hold,Hold,Hold,Hold,0.99965334,0.87142297925
22/11/2022,16.02,Hold,Hold,Hold,Hold,Hold,Hold,Hold,Hold,Hold,Hold,0.486382815,0.94979537
23/11/2022,16.5,Hold,Hold,Sell,Hold,Hold,Hold,Hold,Hold,Hold,Hold,0.5763294814682858,0.612213354
25/11/2022,16.25,Hold,Hold,Hold,Hold,Hold,Hold,Hold,Hold,Hold,Hold,-0.1811724733333333,0.9006768166666667
28/11/2022,15.81,Hold,Hold,Hold,Hold,Hold,Hold,Hold,Hold,Hold,Hold,0.7956884487824111,0.5942543036646
29/11/2022,15.62,Sell,Hold,Sell,Hold,Hold,Sell,Hold,Hold,Hold,Hold,-0.2765411133253885,0.49985587
30/11/2022,16.91,Hold,Hold,Hold,Hold,Hold,Hold,Hold,Hold,Hold,Hold,0.015150768,0.9999200833333334
1/12/2022,17.12,Buy,Hold,Hold,Hold,Hold,Buy,Hold,Hold,Hold,Hold,0.999809115,0.8544814840214286
2/12/2022,16.86,Hold,Hold,Hold,Hold,Hold,Buy,Hold,Hold,Hold,Hold,-0.0262530360869859,0.998988198
5/12/2022,16.6,Hold,Hold,Hold,Hold,Hold,Hold,Hold,Hold,Hold,Hold,0.9804213675,0.794801145
6/12/2022,15.97,Sell,Hold,Hold,Hold,Hold,Hold,Hold,Hold,Hold,Hold,0.935131975,0.99813205
7/12/2022,16.11,Sell,Hold,Hold,Hold,Hold,Hold,Hold,Hold,Hold,Hold,0.3315359428336216,0.494050709647
8/12/2022,17.15,Hold,Hold,Hold,Hold,Hold,Hold,Hold,Hold,Hold,Hold,0.6332434694312,0.93870229875
9/12/2022,16.99,Buy,Hold,Hold,Hold,Hold,Hold,Hold,Hold,Hold,Hold,0.00012283474,0.5667299949110681
12/12/2022,17.52,Hold,Hold,Hold,Hold,Hold,Hold,Hold,Hold,Hold,Hold,0.42258940584,0.9939197
13/12/2022,18.06,Hold,Hold,Hold,Hold,Hold,Hold,Hold,Hold,Hold,Hold,0.4976797481551351,0.49923982892675
14/12/2022,17.66,Hold,Hold,Hold,Hold,Hold,Hold,Hold,Hold,Hold,Hold,0.5859823100482999,0.5006517600222
15/12/2022,16.94,Sell,Hold,Hold,Hold,Hold,Hold,Hold,Hold,Hold,Hold,0.5621869171495231,0.0058614418053333
16/12/2022,16.56,Hold,Sell,Hold,Hold,Sell,Sell,Sell,Hold,Sell,Hold,0.4997223945142433,0.4997247384365
19/12/2022,16.24,Hold,Hold,Hold,Hold,Hold,Hold,Hold,Hold,Hold,Hold,0.0017688532,0.6193906475000001
20/12/2022,16.07,Hold,Hold,Hold,Sell,Hold,Hold,Hold,Sell,Hold,Hold,0.9995061666666668,0.9221653054545456
21/12/2022,16.49,Hold,Hold,Hold,Hold,Hold,Hold,Hold,Hold,Hold,Hold,0.4991679272007092,0.6986338462611539
22/12/2022,15.33,Hold,Hold,Hold,Hold,Hold,Hold,Hold,Hold,Hold,Hold,0.498418584014645,0.98285267125
23/12/2022,15.19,Hold,Hold,Hold,Sell,Hold,Hold,Hold,Sell,Hold,Sell,0.992701815,0.9999023
27/12/2022,14.11,Hold,Hold,Hold,Hold,Hold,Hold,Hold,Hold,Hold,Hold,0.9999337,0.2564252311111111
28/12/2022,14.02,Hold,Hold,Hold,Hold,Hold,Hold,Hold,Hold,Hold,Hold,0.3787442531666666,0.9599697642857142
29/12/2022,14.59,Hold,Hold,Hold,Hold,Hold,Hold,Hold,Hold,Hold,Hold,0.9999981,0.9940645077777778
30/12/2022,14.6,Hold,Hold,Hold,Hold,Hold,Hold,Hold,Hold,Hold,Hold,0.5037695557489,0.901048724
3/1/2023,14.3,Hold,Hold,Buy,Hold,Hold,Hold,Hold,Hold,Hold,Hold,0.657749731821125,0.4252356789136
4/1/2023,14.74,Hold,Hold,Buy,Hold,Hold,Hold,Hold,Hold,Hold,Hold,0.950003615,
5/1/2023,14.25,Hold,Hold,Buy,Hold,Hold,Hold,Hold,Hold,Hold,Hold,0.4824983002921794,0.4819824
6/1/2023,14.85,Hold,Hold,Hold,Hold,Hold,Hold,Hold,Hold,Hold,Hold,0.9812228,0.9999981
9/1/2023,15.61,Hold,Hold,Hold,Hold,Hold,Hold,Hold,Hold,Hold,Hold,0.999907485,0.310015435
10/1/2023,15.89,Buy,Buy,Hold,Buy,Buy,Buy,Buy,Buy,Buy,Buy,-0.0006933,0.96542704
11/1/2023,15.99,Hold,Hold,Hold,Hold,Hold,Hold,Hold,Hold,Hold,Hold,0.538529406,0.1852676999999999
12/1/2023,16.5,Hold,Hold,Hold,Hold,Hold,Hold,Hold,Hold,Hold,Hold,0.1905528022,0.99992216
13/1/2023,16.88,Hold,Hold,Hold,Hold,Hold,Hold,Hold,Hold,Hold,Hold,0.99998987,0.781866166
17/1/2023,17.69,Hold,Hold,Hold,Hold,Hold,Hold,Hold,Hold,Hold,Hold,0.5151912006418639,0.621145305
18/1/2023,17.36,Hold,Hold,Hold,Hold,Hold,Hold,Hold,Hold,Hold,Hold,0.52820296,0.807595504895
19/1/2023,16.75,Hold,Hold,Hold,Hold,Hold,Hold,Hold,Hold,Hold,Hold,0.94145698,0.7491540156910866
20/1/2023,17.82,Hold,Hold,Hold,Hold,Hold,Hold,Hold,Hold,Hold,Hold,0.99984035,0.7921125075000001
23/1/2023,19.18,Hold,Hold,Hold,Hold,Hold,Hold,Hold,Hold,Hold,Hold,0.2126979182794193,0.7091835
24/1/2023,19.25,Hold,Hold,Hold,Hold,Hold,Hold,Hold,Hold,Hold,Hold,0.6252490982442243,0.99985065
25/1/2023,19.31,Hold,Hold,Hold,Hold,Hold,Hold,Hold,Hold,Hold,Hold,0.7469010466488499,0.86261576
26/1/2023,19.78,Hold,Hold,Hold,Hold,Hold,Hold,Hold,Hold,Hold,Hold,0.9999479666666669,0.4931307525
27/1/2023,20.35,Hold,Hold,Hold,Hold,Hold,Hold,Hold,Hold,Hold,Hold,0.3047527304170134,0.432013695
30/1/2023,19.14,Hold,Hold,Hold,Hold,Hold,Hold,Hold,Hold,Hold,Hold,-0.3331886768066667,-0.068231318825
31/1/2023,19.52,Hold,Hold,Hold,Hold,Hold,Hold,Hold,Hold,Hold,Hold,0.5018507875,0.6673948822333333
1/2/2023,20.92,Hold,Hold,Hold,Hold,Hold,Hold,Hold,Hold,Hold,Hold,0.9997923566666668,0.8239995
2/2/2023,21.69,Hold,Hold,Hold,Hold,Hold,Hold,Hold,Hold,Hold,Hold,0.6449788094139001,
3/2/2023,21.08,Hold,Hold,Hold,Hold,Hold,Hold,Hold,Hold,Hold,Hold,0.4764583946158177,
6/2/2023,21.07,Hold,Hold,Hold,Hold,Hold,Hold,Hold,Hold,Hold,Hold,0.6620764172986667,0.998428385
7/2/2023,22.15,Hold,Hold,Hold,Hold,Hold,Hold,Hold,Hold,Hold,Hold,0.99944144,-0.95333165
8/2/2023,22.19,Hold,Hold,Hold,Hold,Hold,Hold,Hold,Hold,Hold,Hold,0.6668715456666666,0.9748699416666669
9/2/2023,22.32,Hold,Hold,Hold,Hold,Hold,Hold,Hold,Hold,Hold,Hold,4.767249492000001e-07,0.58208768
10/2/2023,21.25,Hold,Hold,Hold,Hold,Hold,Hold,Hold,Hold,Hold,Hold,0.1644071356262879,0.69836376775
13/2/2023,21.77,Hold,Hold,Hold,Hold,Hold,Hold,Hold,Hold,Hold,Hold,0.169770368832651,0.6666502818340666
14/2/2023,22.95,Hold,Hold,Hold,Hold,Hold,Hold,Hold,Hold,Hold,Hold,0.6263473052,0.549615999286
15/2/2023,22.74,Hold,Hold,Hold,Hold,Hold,Hold,Hold,Hold,Hold,Hold,0.3197223421289272,0.9950707333333332
16/2/2023,21.98,Hold,Hold,Hold,Hold,Hold,Hold,Hold,Hold,Hold,Hold,0.4615935211876666,0.960875135
17/2/2023,21.37,Sell,Hold,Hold,Hold,Hold,Hold,Hold,Hold,Hold,Hold,0.5706326597912417,0.0740679999999999
21/2/2023,20.64,Hold,Hold,Hold,Hold,Sell,Sell,Hold,Hold,Hold,Hold,0.5833890849862601,
22/2/2023,20.74,Hold,Hold,Hold,Hold,Hold,Hold,Hold,Hold,Hold,Hold,0.1627454842573065,0.514283810240075
23/2/2023,23.64,Hold,Hold,Hold,Hold,Hold,Hold,Hold,Hold,Hold,Hold,0.2343857212980675,0.6022258333638574
24/2/2023,23.27,Hold,Hold,Hold,Hold,Buy,Buy,Hold,Hold,Hold,Hold,0.5885394600263975,0.6769967743511952
27/2/2023,23.48,Hold,Hold,Hold,Hold,Hold,Hold,Hold,Hold,Hold,Hold,0.66932557682126,0.2552622881818182
28/2/2023,23.2,Hold,Hold,Hold,Hold,Hold,Hold,Hold,Hold,Hold,Hold,0.7067128604388215,0.8149441925641548
1/3/2023,22.68,Hold,Hold,Hold,Hold,Hold,Hold,Hold,Hold,Hold,Hold,0.4943746798169999,0.4319245472127758
2/3/2023,23.29,Hold,Hold,Hold,Hold,Hold,Hold,Hold,Hold,Hold,Hold,0.214124714,0.596545225
3/3/2023,23.87,Hold,Hold,Hold,Hold,Hold,Hold,Hold,Hold,Hold,Hold,0.6161661644857144,0.7066077810209511
6/3/2023,23.53,Hold,Hold,Hold,Hold,Hold,Hold,Hold,Hold,Hold,Hold,0.6437077772833334,0.6666466585
7/3/2023,23.27,Hold,Hold,Hold,Hold,Hold,Hold,Hold,Hold,Hold,Hold,0.65698853533652,0.6690036332975
8/3/2023,24.16,Hold,Hold,Hold,Hold,Hold,Hold,Hold,Hold,Hold,Hold,0.3385364525,0.755122579728876
9/3/2023,23.42,Hold,Hold,Hold,Hold,Hold,Hold,Hold,Hold,Hold,Hold,0.5996849544740913,0.8895713493333334
10/3/2023,22.95,Hold,Hold,Hold,Hold,Hold,Hold,Hold,Hold,Hold,Hold,0.9948254971428572,0.3394921814857143
13/3/2023,22.95,Hold,Hold,Hold,Hold,Hold,Hold,Hold,Hold,Hold,Hold,0.398673869594,0.7997865000000001
14/3/2023,24.05,Hold,Hold,Hold,Hold,Hold,Hold,Hold,Hold,Hold,Hold,0.99999374,0.5101579570375
15/3/2023,24.21,Buy,Hold,Hold,Hold,Hold,Hold,Hold,Hold,Hold,Hold,0.3966262315397304,0.9603343766666668
16/3/2023,25.52,Hold,Hold,Hold,Hold,Hold,Hold,Hold,Hold,Hold,Hold,0.82027158395,0.83851876193
17/3/2023,25.71,Hold,Hold,Hold,Hold,Hold,Hold,Hold,Hold,Hold,Hold,0.6035632791301394,0.2501018551841666
20/3/2023,25.88,Hold,Hold,Hold,Hold,Hold,Hold,Hold,Hold,Hold,Hold,0.6035156692,0.9645276575
21/3/2023,26.18,Hold,Hold,Hold,Hold,Hold,Hold,Hold,Hold,Hold,Hold,0.7225543283022042,0.6238805492166667
22/3/2023,26.45,Hold,Hold,Hold,Hold,Hold,Hold,Hold,Hold,Hold,Hold,0.7228646027704171,0.0952691283539999
23/3/2023,27.17,Hold,Hold,Hold,Hold,Hold,Hold,Hold,Hold,Hold,Hold,0.7344383152666029,0.61049626575406
24/3/2023,26.76,Hold,Hold,Hold,Hold,Hold,Hold,Hold,Hold,Hold,Hold,0.4009207921164268,0.77528810021047
27/3/2023,26.51,Hold,Hold,Hold,Hold,Hold,Hold,Hold,Hold,Hold,Hold,0.6302756984635335,0.772182893012
28/3/2023,26.39,Hold,Hold,Hold,Hold,Hold,Hold,Hold,Hold,Hold,Hold,0.9745097,-0.0144147
29/3/2023,26.96,Hold,Hold,Hold,Hold,Hold,Hold,Hold,Hold,Hold,Hold,-0.0002999049826666,0.49298119
30/3/2023,27.36,Hold,Hold,Hold,Hold,Hold,Hold,Hold,Hold,Hold,Hold,0.5713914740128085,0.7840148522
31/3/2023,27.76,Hold,Hold,Hold,Hold,Hold,Hold,Hold,Hold,Hold,Hold,0.0038630123338464,0.9879699275
3/4/2023,27.94,Hold,Hold,Hold,Hold,Hold,Hold,Hold,Hold,Hold,Hold,0.5842795840315222,0.98655378
4/4/2023,27.43,Hold,Hold,Sell,Hold,Hold,Hold,Hold,Hold,Hold,Hold,0.44906516858047,0.4049957363076923
5/4/2023,26.86,Sell,Hold,Hold,Hold,Hold,Hold,Hold,Hold,Hold,Hold,0.3256371185632293,0.6027584682674
6/4/2023,27.02,Hold,Hold,Hold,Hold,Hold,Hold,Hold,Hold,Hold,Hold,-0.1799056208520308,0.6827233785714286
10/4/2023,27.56,Hold,Hold,Hold,Hold,Hold,Hold,Hold,Hold,Hold,Hold,0.82999214877125,0.8640596233333334
11/4/2023,27.15,Hold,Hold,Hold,Hold,Hold,Hold,Hold,Hold,Hold,Hold,0.1429167021623572,0.89674777
12/4/2023,26.48,Hold,Hold,Hold,Hold,Hold,Hold,Hold,Hold,Hold,Hold,0.3913877217908803,0.995157965
13/4/2023,26.44,Hold,Hold,Hold,Hold,Hold,Sell,Sell,Hold,Hold,Hold,0.9960956133333334,0.99039368
14/4/2023,26.74,Hold,Hold,Hold,Hold,Hold,Sell,Hold,Hold,Hold,Hold,0.8074948408618001,0.8474724344444444
17/4/2023,26.98,Hold,Hold,Hold,Hold,Hold,Hold,Hold,Hold,Hold,Hold,1.756224554e-07,0.3753221665124813
18/4/2023,27.65,Hold,Hold,Hold,Hold,Buy,Buy,Hold,Hold,Hold,Hold,0.2825955466285593,0.7389304771428572
19/4/2023,27.91,Hold,Hold,Hold,Hold,Hold,Hold,Hold,Hold,Hold,Hold,0.2033869194926578,0.8626195850125
20/4/2023,27.08,Hold,Hold,Hold,Hold,Hold,Hold,Hold,Hold,Hold,Hold,0.2111821026016143,0.8128617175373334
21/4/2023,27.1,Hold,Hold,Hold,Hold,Sell,Sell,Sell,Hold,Hold,Hold,0.9640900666666666,0.4821744980320485
24/4/2023,27.02,Hold,Hold,Hold,Sell,Hold,Hold,Hold,Hold,Hold,Hold,0.1666295099357741,0.49974232627
25/4/2023,26.22,Hold,Hold,Hold,Hold,Hold,Buy,Hold,Hold,Hold,Hold,0.129470500548778,0.6669033875102333
26/4/2023,26.94,Hold,Hold,Hold,Hold,Sell,Hold,Hold,Hold,Hold,Hold,0.7798744940000001,0.9865597766666668
27/4/2023,27.21,Hold,Hold,Hold,Buy,Buy,Hold,Hold,Hold,Hold,Hold,0.568509215975,0.0017945899999999
28/4/2023,27.73,Buy,Hold,Hold,Hold,Hold,Buy,Buy,Hold,Hold,Hold,0.9786034,0.516229705
1/5/2023,28.89,Hold,Hold,Hold,Hold,Hold,Hold,Hold,Hold,Hold,Hold,0.484064768425,0.451297205
2/5/2023,28.19,Buy,Hold,Hold,Hold,Hold,Sell,Buy,Hold,Hold,Hold,0.99975866,0.435435557
3/5/2023,27.78,Sell,Hold,Hold,Hold,Hold,Buy,Hold,Hold,Hold,Hold,0.08482308,0.771680220102
4/5/2023,27.54,Hold,Hold,Hold,Hold,Hold,Hold,Hold,Hold,Hold,Hold,0.974326835,-0.53101707
5/5/2023,28.66,Hold,Hold,Hold,Hold,Hold,Hold,Hold,Hold,Hold,Hold,0.445438408,0.2249134264819966
8/5/2023,29.13,Buy,Hold,Hold,Hold,Hold,Hold,Hold,Hold,Hold,Hold,0.2843021769125,0.7853011996658
9/5/2023,28.55,Hold,Hold,Hold,Hold,Hold,Hold,Hold,Hold,Hold,Hold,0.6465029983865,0.3267541814391
10/5/2023,28.86,Hold,Hold,Hold,Hold,Hold,Hold,Hold,Hold,Hold,Hold,0.7142144665364135,0.593992535
11/5/2023,28.56,Hold,Hold,Hold,Hold,Hold,Hold,Hold,Hold,Hold,Hold,0.8251847764251666,0.233396355
12/5/2023,28.32,Hold,Hold,Hold,Hold,Hold,Hold,Hold,Hold,Hold,Hold,0.3772801450328572,0.6527677501100001
15/5/2023,28.93,Hold,Hold,Hold,Hold,Hold,Hold,Hold,Hold,Hold,Hold,-8.184780683206938e-07,0.011141990426
16/5/2023,29.19,Hold,Hold,Hold,Hold,Hold,Hold,Hold,Hold,Hold,Hold,0.42158318902,0.7335242337315555
17/5/2023,30.16,Hold,Hold,Hold,Hold,Hold,Hold,Hold,Hold,Hold,Hold,0.4970247473687744,0.6008608790120834
18/5/2023,31.66,Hold,Hold,Hold,Hold,Hold,Hold,Hold,Hold,Hold,Hold,0.4331042598675469,0.7851722170793063
19/5/2023,31.24,Hold,Hold,Hold,Hold,Hold,Hold,Hold,Hold,Hold,Hold,0.4075669737925,0.8029182017129948
22/5/2023,31.15,Hold,Hold,Hold,Hold,Hold,Hold,Hold,Hold,Hold,Hold,0.6189414963,0.4666744974999999
23/5/2023,30.67,Hold,Hold,Hold,Hold,Hold,Hold,Hold,Hold,Hold,Hold,0.3202315335555555,0.609077368933625
24/5/2023,30.52,Hold,Hold,Hold,Hold,Hold,Hold,Hold,Hold,Hold,Hold,0.3098899148273838,0.5910904654804846
25/5/2023,37.95,Hold,Hold,Hold,Hold,Hold,Hold,Hold,Hold,Hold,Hold,0.3312083814060633,0.6547194851576986
26/5/2023,38.92,Hold,Hold,Hold,Hold,Hold,Hold,Hold,Hold,Hold,Hold,0.3834558363585954,0.6340315424498778
30/5/2023,40.08,Hold,Hold,Hold,Hold,Hold,Hold,Hold,Hold,Hold,Hold,0.511845824557566,0.6060977690385561
31/5/2023,37.81,Hold,Hold,Hold,Hold,Hold,Hold,Hold,Hold,Hold,Hold,0.5153115637721134,0.8414045241935
1/6/2023,39.74,Hold,Hold,Hold,Hold,Hold,Hold,Hold,Hold,Hold,Hold,0.4244393548049956,0.4957367625957818
2/6/2023,39.3,Hold,Hold,Hold,Hold,Hold,Hold,Hold,Hold,Hold,Hold,0.2590998687773942,0.6572704739570526
5/6/2023,39.14,Hold,Hold,Sell,Hold,Hold,Hold,Hold,Hold,Hold,Hold,0.8901747246427273,0.14414507150175
6/6/2023,38.63,Hold,Hold,Sell,Hold,Hold,Hold,Hold,Hold,Hold,Hold,0.0952610298855271,0.0544232375
7/6/2023,37.45,Hold,Hold,Hold,Hold,Hold,Hold,Hold,Hold,Hold,Hold,0.82045058,0.9657037075
8/6/2023,38.49,Hold,Hold,Hold,Hold,Hold,Hold,Hold,Hold,Hold,Hold,0.5002813132625971,0.3227628336440792
9/6/2023,38.75,Hold,Hold,Sell,Hold,Hold,Hold,Hold,Hold,Hold,Hold,0.2219475501901428,0.8760765157142857
12/6/2023,39.46,Hold,Hold,Sell,Hold,Hold,Hold,Hold,Hold,Hold,Hold,0.7191165971428571,0.9992176675
13/6/2023,41.0,Hold,Hold,Sell,Hold,Hold,Hold,Hold,Hold,Hold,Hold,0.6595680116846399,0.5296212840207143
14/6/2023,42.97,Hold,Hold,Sell,Hold,Hold,Hold,Hold,Hold,Hold,Hold,0.3000464540887879,0.8027690413846155
15/6/2023,42.63,Hold,Hold,Hold,Hold,Hold,Hold,Hold,Hold,Hold,Hold,0.0645411664036653,0.8707436867866768
16/6/2023,42.67,Hold,Hold,Hold,Hold,Hold,Hold,Hold,Hold,Hold,Hold,0.2326814245673999,0.7925388818181819
20/6/2023,43.78,Hold,Hold,Hold,Hold,Hold,Hold,Hold,Hold,Hold,Hold,0.641018471482019,0.4615612720238781
21/6/2023,43.02,Hold,Hold,Sell,Hold,Hold,Hold,Hold,Hold,Hold,Hold,0.571615478750097,0.5413592676157369
22/6/2023,43.0,Hold,Hold,Hold,Hold,Hold,Hold,Hold,Hold,Hold,Hold,0.3224287714408182,0.4738203753333334
23/6/2023,42.18,Sell,Hold,Hold,Hold,Hold,Hold,Hold,Hold,Hold,Hold,0.34109900425,0.93953064375
26/6/2023,40.61,Hold,Hold,Hold,Hold,Hold,Hold,Hold,Hold,Hold,Hold,0.4999221427383333,0.725484678
27/6/2023,41.85,Hold,Hold,Hold,Hold,Hold,Sell,Hold,Hold,Hold,Hold,0.4814649998702202,0.666574525
28/6/2023,41.09,Hold,Hold,Hold,Hold,Hold,Hold,Hold,Hold,Hold,Hold,0.6206675251408967,0.4942885395397143
29/6/2023,40.8,Hold,Hold,Hold,Hold,Hold,Sell,Hold,Hold,Hold,Hold,0.3605243837309005,0.353476493738325
30/6/2023,42.28,Hold,Hold,Hold,Hold,Hold,Hold,Hold,Hold,Hold,Hold,0.7781670338181819,0.7021019057752742
3/7/2023,42.39,Hold,Hold,Hold,Hold,Hold,Buy,Hold,Hold,Hold,Hold,0.6251555285429999,0.625499954165103
5/7/2023,42.29,Hold,Hold,Hold,Hold,Hold,Hold,Hold,Hold,Hold,Hold,0.6913322433582428,0.2756766566666667
6/7/2023,42.08,Hold,Hold,Hold,Hold,Hold,Hold,Hold,Hold,Hold,Hold,0.1522825388751,0.9989822
7/7/2023,42.48,Hold,Hold,Hold,Hold,Hold,Hold,Hold,Hold,Hold,Hold,-0.0041321529725216,
10/7/2023,42.15,Hold,Hold,Hold,Hold,Hold,Hold,Hold,Hold,Hold,Hold,0.3557367674030693,0.9998585
11/7/2023,42.38,Hold,Hold,Hold,Hold,Hold,Hold,Hold,Hold,Hold,Hold,0.3121030973787499,6.848803e-05
12/7/2023,43.87,Hold,Hold,Hold,Hold,Hold,Hold,Hold,Hold,Hold,Hold,0.7860821018678824,0.95939946
13/7/2023,45.95,Hold,Hold,Hold,Hold,Hold,Hold,Hold,Hold,Hold,Hold,0.5828731641576195,0.593717775
14/7/2023,45.44,Hold,Hold,Hold,Hold,Hold,Hold,Hold,Hold,Hold,Hold,0.4417365547744066,0.715579606
17/7/2023,46.43,Hold,Hold,Hold,Hold,Hold,Hold,Buy,Hold,Hold,Hold,0.7756700369448093,0.7782736996269213
18/7/2023,47.46,Hold,Hold,Hold,Hold,Hold,Hold,Hold,Hold,Hold,Hold,0.7049462457142858,0.5061356494228055
19/7/2023,47.05,Hold,Hold,Hold,Hold,Hold,Hold,Hold,Hold,Hold,Hold,0.7744302249999999,0.7597732433006842
20/7/2023,45.49,Hold,Hold,Sell,Hold,Hold,Hold,Hold,Hold,Hold,Hold,0.663250735701488,-0.0033546478923149
21/7/2023,44.28,Sell,Hold,Hold,Hold,Hold,Hold,Hold,Hold,Hold,Hold,0.8316343060000001,0.5978144999999999
24/7/2023,44.58,Hold,Hold,Hold,Hold,Hold,Sell,Hold,Hold,Hold,Hold,0.46006679363725,0.8473279133333333
25/7/2023,45.65,Hold,Hold,Hold,Hold,Hold,Hold,Hold,Hold,Hold,Hold,0.4596924098220142,0.2395242466666667
26/7/2023,45.42,Hold,Hold,Hold,Hold,Hold,Buy,Hold,Hold,Hold,Hold,0.50004661806742,0.6195534727631483
27/7/2023,45.87,Hold,Hold,Hold,Hold,Hold,Hold,Hold,Hold,Hold,Hold,0.9984097342857144,0.769929121576
28/7/2023,46.72,Hold,Hold,Hold,Hold,Hold,Hold,Hold,Hold,Hold,Hold,0.71443357875,0.6553033416052718
31/7/2023,46.7,Hold,Hold,Hold,Hold,Hold,Sell,Hold,Hold,Hold,Hold,0.499586077727882,0.6127384683333333
1/8/2023,46.48,Hold,Hold,Hold,Hold,Hold,Hold,Hold,Hold,Hold,Hold,0.4993964959999999,0.66628160923
2/8/2023,44.24,Hold,Hold,Hold,Hold,Hold,Hold,Hold,Hold,Hold,Hold,0.6662830236267482,0.81107582463791
3/8/2023,44.49,Hold,Sell,Hold,Sell,Sell,Sell,Sell,Sell,Sell,Hold,0.5732018495500942,-0.0001173899999999
4/8/2023,44.65,Hold,Hold,Hold,Hold,Hold,Buy,Hold,Hold,Hold,Buy,0.5010476316400966,0.00641567
7/8/2023,45.39,Hold,Hold,Hold,Hold,Hold,Hold,Hold,Hold,Hold,Hold,0.4496640961212404,0.593788865078
8/8/2023,44.64,Hold,Hold,Hold,Hold,Buy,Hold,Hold,Hold,Buy,Hold,0.5843497488214285,0.886643447263629
9/8/2023,42.53,Hold,Sell,Hold,Hold,Sell,Sell,Hold,Sell,Sell,Hold,0.5737207699954291,0.4207965038833333
10/8/2023,42.36,Hold,Hold,Hold,Hold,Hold,Sell,Hold,Hold,Hold,Sell,0.3231650856897385,0.459301601002223
11/8/2023,40.83,Hold,Sell,Hold,Hold,Hold,Hold,Hold,Hold,Hold,Hold,0.8332084688924809,0.5300699071428572
14/8/2023,43.73,Hold,Hold,Hold,Hold,Hold,Hold,Hold,Hold,Sell,Hold,0.2937336913409213,0.5810110902795065
15/8/2023,43.91,Hold,Hold,Hold,Hold,Hold,Hold,Hold,Hold,Buy,Buy,0.4982727705211545,0.5036703126927716
16/8/2023,43.46,Buy,Buy,Hold,Hold,Buy,Buy,Hold,Hold,Hold,Hold,0.0083360733088142,0.5995594587317324
17/8/2023,43.32,Hold,Hold,Hold,Hold,Hold,Hold,Hold,Hold,Hold,Hold,0.480435666053923,0.3864742697858334
18/8/2023,43.27,Hold,Hold,Hold,Hold,Hold,Hold,Hold,Hold,Hold,Hold,0.5774976078233637,0.5808354323861311
21/8/2023,46.94,Hold,Hold,Hold,Hold,Hold,Hold,Hold,Hold,Hold,Hold,0.724554842356826,0.6724651140443523
22/8/2023,45.64,Buy,Buy,Hold,Buy,Buy,Buy,Buy,Buy,Hold,Hold,0.1867267298034126,0.6783993104056043
23/8/2023,47.09,Hold,Hold,Hold,Hold,Hold,Hold,Hold,Hold,Hold,Hold,0.3639168432848683,0.562285917738268
24/8/2023,47.13,Hold,Hold,Hold,Hold,Hold,Hold,Hold,Hold,Hold,Hold,0.2338833956348025,0.5556275794118415
25/8/2023,45.99,Hold,Hold,Hold,Hold,Hold,Hold,Hold,Hold,Hold,Hold,0.3385108744831274,0.6718448125084405
28/8/2023,46.81,Hold,Hold,Hold,Hold,Hold,Hold,Hold,Hold,Hold,Hold,0.2871572519887856,0.5122043592857143
29/8/2023,48.75,Hold,Hold,Hold,Hold,Hold,Hold,Hold,Hold,Hold,Hold,0.3672894114681361,0.4930790022908161
30/8/2023,49.23,Hold,Hold,Hold,Hold,Hold,Hold,Hold,Hold,Hold,Hold,0.2088611928693996,0.6166557814285715
31/8/2023,49.32,Hold,Hold,Hold,Hold,Hold,Hold,Hold,Hold,Hold,Hold,0.1249618772436874,0.7263083857142857
1/9/2023,48.48,Hold,Hold,Hold,Hold,Hold,Hold,Hold,Hold,Hold,Hold,0.4152808530754516,0.3357221862383333
5/9/2023,48.52,Hold,Hold,Hold,Hold,Hold,Hold,Hold,Hold,Hold,Hold,0.4734654320847883,0.6021716767625287
6/9/2023,47.04,Hold,Hold,Hold,Hold,Hold,Hold,Hold,Hold,Hold,Hold,0.6899145855440791,0.4843296413333333
7/9/2023,46.22,Sell,Sell,Hold,Hold,Sell,Sell,Hold,Hold,Sell,Hold,0.68462235734793,0.6661730872626818
8/9/2023,45.55,Hold,Hold,Hold,Sell,Hold,Hold,Hold,Sell,Hold,Hold,0.5729725136550677,0.64038729388
11/9/2023,45.15,Hold,Hold,Hold,Hold,Hold,Hold,Hold,Hold,Hold,Hold,0.230054576805429,0.732626186955
12/9/2023,44.85,Hold,Hold,Hold,Hold,Hold,Hold,Hold,Hold,Hold,Hold,0.754711931202675,0.83889310225
13/9/2023,45.46,Hold,Hold,Hold,Hold,Hold,Hold,Hold,Hold,Hold,Sell,0.5996621503127899,0.999104315
14/9/2023,45.56,Hold,Hold,Hold,Hold,Hold,Hold,Hold,Hold,Hold,Hold,0.6899483836428462,0.9161933133333334
15/9/2023,43.88,Hold,Hold,Hold,Hold,Hold,Hold,Hold,Hold,Hold,Hold,0.2370859013,
18/9/2023,43.94,Hold,Hold,Hold,Hold,Hold,Hold,Hold,Hold,Hold,Hold,0.46814957379554,0.8654106966666667
19/9/2023,43.5,Hold,Hold,Hold,Hold,Hold,Hold,Hold,Hold,Hold,Hold,0.5168013883333333,
20/9/2023,42.22,Hold,Hold,Hold,Hold,Hold,Hold,Hold,Hold,Hold,Hold,0.3844307149546,0.99839942
21/9/2023,41.0,Hold,Hold,Hold,Hold,Hold,Hold,Hold,Hold,Hold,Hold,0.5557658293172789,0.7020495658333333
22/9/2023,41.59,Hold,Hold,Hold,Hold,Hold,Hold,Hold,Hold,Hold,Hold,-0.1617223583871999,0.4041458745090909
25/9/2023,42.2,Hold,Hold,Buy,Hold,Hold,Hold,Hold,Hold,Hold,Hold,0.998264,0.9774199733333332
26/9/2023,41.89,Hold,Hold,Buy,Hold,Hold,Hold,Hold,Hold,Hold,Hold,0.4231223100606666,0.19000317
27/9/2023,42.45,Hold,Hold,Buy,Hold,Hold,Hold,Hold,Hold,Hold,Hold,0.3419079294244867,0.99995637
28/9/2023,43.07,Hold,Hold,Hold,Hold,Hold,Hold,Hold,Hold,Hold,Hold,0.542353988057445,0.9809191325
29/9/2023,43.48,Hold,Hold,Hold,Hold,Hold,Hold,Hold,Hold,Hold,Hold,0.6283713376048231,0.99006905
2/10/2023,44.76,Buy,Buy,Hold,Hold,Buy,Buy,Buy,Hold,Buy,Hold,0.16977001139445,0.9261384033333332
3/10/2023,43.49,Hold,Hold,Hold,Buy,Hold,Hold,Hold,Buy,Hold,Buy,0.3297412295,0.5352711539999999
4/10/2023,44.02,Hold,Hold,Hold,Hold,Hold,Hold,Hold,Hold,Hold,Hold,0.5545957409772728,0.5690804234672714
5/10/2023,44.66,Hold,Hold,Hold,Buy,Hold,Hold,Hold,Buy,Hold,Hold,0.33327979,0.96190040375
6/10/2023,45.74,Hold,Hold,Hold,Hold,Hold,Hold,Hold,Hold,Hold,Hold,0.4393813486317142,0.6606516563875
9/10/2023,45.25,Hold,Hold,Hold,Hold,Hold,Hold,Hold,Hold,Hold,Hold,0.24689636165375,0.8598993097386861
10/10/2023,45.77,Hold,Hold,Hold,Hold,Hold,Hold,Hold,Hold,Hold,Hold,0.1662599644962167,0.9667970766666666
11/10/2023,46.78,Hold,Hold,Sell,Hold,Hold,Hold,Hold,Hold,Hold,Hold,0.4999082020419532,0.6536114354
12/10/2023,46.92,Hold,Hold,Sell,Hold,Hold,Hold,Hold,Hold,Hold,Hold,0.4061956986687968,0.9924849
13/10/2023,45.44,Hold,Hold,Hold,Hold,Hold,Hold,Hold,Hold,Hold,Hold,0.5702797260330972,0.9970666666666668
16/10/2023,46.07,Hold,Hold,Hold,Hold,Hold,Hold,Hold,Hold,Hold,Hold,0.22292043125,0.9740620675
17/10/2023,43.91,Hold,Hold,Hold,Hold,Hold,Hold,Hold,Hold,Hold,Hold,0.579842686658516,0.2608799
18/10/2023,42.17,Sell,Sell,Hold,Sell,Sell,Sell,Sell,Sell,Sell,Sell,-0.04318234859386,0.4597415625
19/10/2023,42.08,Hold,Hold,Hold,Hold,Hold,Hold,Hold,Hold,Hold,Hold,0.7571737666666666,0.63783368125
20/10/2023,41.36,Hold,Hold,Hold,Hold,Hold,Hold,Hold,Hold,Hold,Hold,0.1249568201947,0.570165624
23/10/2023,42.95,Hold,Hold,Hold,Hold,Hold,Hold,Hold,Hold,Hold,Hold,0.5552538163918663,0.999773375
24/10/2023,43.64,Hold,Hold,Hold,Hold,Hold,Hold,Hold,Hold,Hold,Hold,0.3040453999783846,0.3014706873266515
25/10/2023,41.76,Hold,Hold,Hold,Hold,Hold,Hold,Hold,Hold,Hold,Hold,0.50576508809,0.9991165
26/10/2023,40.3,Hold,Hold,Hold,Hold,Hold,Hold,Hold,Hold,Hold,Hold,0.0518947612499999,0.6068492642857143
27/10/2023,40.48,Hold,Hold,Hold,Hold,Hold,Hold,Hold,Hold,Hold,Hold,4.545006389598003e-05,-0.00025585
30/10/2023,41.14,Hold,Hold,Hold,Hold,Hold,Hold,Hold,Hold,Hold,Hold,0.4649098489813002,0.621242215
31/10/2023,40.76,Hold,Hold,Buy,Hold,Hold,Hold,Hold,Hold,Hold,Hold,0.293817577,0.99759275
1/11/2023,42.3,Hold,Hold,Hold,Hold,Hold,Hold,Hold,Hold,Hold,Hold,0.1450863840561716,0.427783535
2/11/2023,43.48,Buy,Buy,Hold,Hold,Buy,Buy,Buy,Hold,Buy,Hold,0.0014084808721657,0.5808289585714286
3/11/2023,44.98,Hold,Hold,Hold,Buy,Hold,Hold,Hold,Buy,Hold,Buy,0.4459320766,0.996689
6/11/2023,45.73,Hold,Hold,Hold,Hold,Hold,Hold,Hold,Hold,Hold,Hold,0.6655443819382956,0.998886602
7/11/2023,45.93,Hold,Hold,Hold,Hold,Hold,Hold,Hold,Hold,Hold,Hold,0.5644608583333334,0.77371236875
8/11/2023,46.55,Hold,Hold,Hold,Hold,Hold,Hold,Hold,Hold,Hold,Hold,0.3844892374999999,0.5532715925
9/11/2023,46.92,Hold,Hold,Hold,Hold,Hold,Hold,Hold,Hold,Hold,Hold,0.767150864911453,0.96309274
10/11/2023,48.31,Hold,Hold,Hold,Hold,Hold,Hold,Hold,Hold,Hold,Hold,0.6251089485773625,0.6951367644099999
13/11/2023,48.59,Hold,Hold,Hold,Hold,Hold,Hold,Hold,Hold,Hold,Hold,0.631553053940835,0.6423635424999999
14/11/2023,49.63,Hold,Hold,Hold,Hold,Hold,Hold,Hold,Hold,Hold,Hold,0.4681086506692264,0.8591268475111
15/11/2023,48.86,Hold,Hold,Hold,Hold,Hold,Hold,Hold,Hold,Hold,Hold,0.3623803672202916,0.886064948888889
16/11/2023,49.45,Hold,Hold,Hold,Hold,Hold,Hold,Hold,Hold,Hold,Hold,0.6094575484261312,0.7592981790000001
17/11/2023,49.27,Hold,Hold,Hold,Hold,Hold,Hold,Hold,Hold,Hold,Hold,0.721167454284422,0.6935218016666668
20/11/2023,50.38,Hold,Hold,Sell,Hold,Hold,Hold,Hold,Hold,Hold,Hold,0.58628573549951,0.6670095186714943
21/11/2023,49.92,Hold,Hold,Sell,Hold,Hold,Hold,Hold,Hold,Hold,Hold,0.4834786241209885,0.5352344256155344
22/11/2023,48.69,Hold,Hold,Sell,Hold,Hold,Hold,Hold,Hold,Hold,Hold,0.1308040401288499,0.4520355559536363
24/11/2023,47.75,Hold,Hold,Hold,Hold,Hold,Hold,Hold,Hold,Hold,Hold,0.1303410663182021,0.3617142057142857
27/11/2023,48.22,Sell,Hold,Hold,Hold,Sell,Sell,Sell,Hold,Sell,Hold,-0.057555074417539,0.9243101616666666
28/11/2023,47.8,Hold,Hold,Hold,Hold,Hold,Hold,Hold,Hold,Buy,Hold,0.6351024748391072,0.5687077980454845
29/11/2023,48.11,Hold,Hold,Hold,Hold,Sell,Sell,Sell,Hold,Sell,Hold,0.41717099598388,0.798668989565
30/11/2023,46.75,Hold,Hold,Hold,Hold,Hold,Hold,Hold,Hold,Hold,Sell,0.2998845118125,0.706248618
1/12/2023,46.74,Hold,Hold,Hold,Sell,Sell,Hold,Hold,Hold,Hold,Hold,0.2311378167065264,0.5588221827777777
4/12/2023,45.49,Hold,Hold,Hold,Hold,Hold,Hold,Hold,Hold,Hold,Hold,0.3510675404424064,0.9650286475
5/12/2023,46.55,Hold,Hold,Hold,Hold,Hold,Hold,Hold,Hold,Sell,Hold,0.5658424396232633,0.98671387
6/12/2023,45.48,Hold,Hold,Hold,Sell,Hold,Hold,Sell,Hold,Buy,Buy,0.7705760618517,0.6665495576946666
7/12/2023,46.58,Hold,Hold,Hold,Hold,Hold,Hold,Hold,Hold,Sell,Hold,0.4673255275863761,0.5422320207270949
8/12/2023,47.48,Hold,Hold,Hold,Hold,Hold,Hold,Hold,Hold,Buy,Buy,0.5788180678748125,0.5602676
11/12/2023,46.61,Buy,Hold,Hold,Hold,Buy,Buy,Hold,Hold,Hold,Hold,0.5514333690110692,0.59548516688526
12/12/2023,47.64,Hold,Hold,Hold,Hold,Sell,Hold,Hold,Hold,Hold,Hold,0.6602198794700066,0.6423192788333334
13/12/2023,48.07,Buy,Hold,Hold,Buy,Buy,Buy,Buy,Hold,Hold,Hold,0.73356280871,0.773711459
14/12/2023,48.33,Hold,Hold,Hold,Hold,Hold,Hold,Hold,Hold,Hold,Hold,0.4842118581285714,0.7501034292
15/12/2023,48.87,Buy,Hold,Hold,Hold,Hold,Buy,Hold,Hold,Hold,Hold,0.1758894665,0.5751985101383947
18/12/2023,50.05,Hold,Hold,Hold,Hold,Hold,Hold,Hold,Hold,Hold,Hold,0.245795841547361,0.8050608918181819
19/12/2023,49.58,Hold,Hold,Hold,Hold,Hold,Hold,Hold,Hold,Hold,Hold,-0.199353932,0.4869428368867777
20/12/2023,48.09,Hold,Hold,Hold,Hold,Hold,Hold,Hold,Hold,Hold,Hold,0.99892592,0.7778101986666667
21/12/2023,48.97,Sell,Hold,Hold,Hold,Sell,Sell,Hold,Hold,Hold,Hold,-0.9985977,0.5549743
22/12/2023,48.81,Hold,Hold,Hold,Hold,Hold,Hold,Hold,Hold,Hold,Hold,0.96250562,0.7491798386749999
26/12/2023,49.26,Hold,Hold,Hold,Hold,Hold,Hold,Hold,Hold,Hold,Hold,0.6178809974999999,0.9995588
27/12/2023,49.4,Hold,Hold,Hold,Hold,Hold,Hold,Hold,Hold,Hold,Hold,0.48823473961435,-0.027581475
28/12/2023,49.5,Hold,Hold,Hold,Hold,Hold,Hold,Hold,Hold,Hold,Hold,0.5711845375220013,0.99867648
29/12/2023,49.5,Hold,Hold,Hold,Hold,Hold,Hold,Hold,Hold,Hold,Hold,0.0033659250562,0.810256356
2/1/2024,48.15,Sell,Hold,Hold,Hold,Hold,Hold,Hold,Hold,Hold,Hold,0.5405669850829999,0.4999367242635
3/1/2024,47.55,Hold,Hold,Sell,Hold,Sell,Sell,Hold,Hold,Hold,Hold,0.328454927058229,-0.48362833
4/1/2024,47.98,Hold,Hold,Hold,Hold,Hold,Hold,Hold,Hold,Hold,Hold,0.0176101043333333,0.4999880509729421
5/1/2024,49.08,Hold,Hold,Hold,Hold,Hold,Hold,Hold,Hold,Hold,Hold,0.5189394278355006,0.373908712575
8/1/2024,52.23,Buy,Hold,Hold,Hold,Buy,Buy,Hold,Hold,Hold,Hold,0.5050316741739358,0.4756515353499049
9/1/2024,53.12,Hold,Hold,Hold,Hold,Hold,Hold,Hold,Hold,Hold,Hold,0.18345195905165,0.6732086949781729
10/1/2024,54.33,Hold,Hold,Hold,Hold,Hold,Hold,Hold,Hold,Hold,Hold,0.6960040445052819,0.7609802224035462
11/1/2024,54.8,Hold,Hold,Hold,Hold,Hold,Hold,Hold,Hold,Hold,Hold,0.6718752490000001,0.6586952381144057
12/1/2024,54.69,Hold,Hold,Hold,Hold,Hold,Hold,Hold,Hold,Hold,Hold,-0.99999684,0.5335394305036364
16/1/2024,56.36,Hold,Hold,Hold,Hold,Hold,Hold,Hold,Hold,Hold,Hold,0.6495682093385786,0.7082246685590078
17/1/2024,56.03,Hold,Hold,Hold,Hold,Hold,Hold,Hold,Hold,Hold,Hold,0.5962829980000001,0.757532046771516
18/1/2024,57.08,Hold,Hold,Hold,Hold,Hold,Hold,Hold,Hold,Hold,Hold,0.2498206418586976,0.5228091730131564
19/1/2024,59.46,Hold,Hold,Hold,Hold,Hold,Hold,Hold,Hold,Hold,Hold,0.425696750108911,0.7476121545302222
22/1/2024,59.63,Hold,Hold,Hold,Hold,Hold,Hold,Hold,Hold,Hold,Hold,0.8516008413851635,0.8483312171089715
23/1/2024,59.85,Hold,Hold,Hold,Hold,Hold,Hold,Hold,Hold,Hold,Hold,0.9996716,0.8424034487420762
24/1/2024,61.33,Hold,Hold,Hold,Hold,Hold,Hold,Hold,Hold,Hold,Hold,0.6277906675,0.716307245252405
25/1/2024,61.59,Hold,Hold,Hold,Hold,Hold,Hold,Hold,Hold,Hold,Hold,0.0020489830683851,0.8574933372782166
26/1/2024,61.0,Hold,Hold,Hold,Hold,Hold,Hold,Hold,Hold,Hold,Hold,0.9832462525,0.4720420511323902
29/1/2024,62.44,Hold,Hold,Hold,Hold,Hold,Hold,Hold,Hold,Hold,Hold,0.578301674,0.5663004328655384
30/1/2024,62.75,Hold,Hold,Hold,Hold,Hold,Hold,Hold,Hold,Hold,Hold,0.5999549653020033,0.7042944451481818
31/1/2024,61.5,Hold,Hold,Hold,Hold,Hold,Hold,Hold,Hold,Hold,Hold,0.352859888447441,0.5511312131578947
1/2/2024,63.0,Hold,Hold,Hold,Hold,Hold,Hold,Hold,Hold,Hold,Hold,0.3680150199623266,0.96868235
2/2/2024,66.13,Hold,Hold,Hold,Hold,Hold,Hold,Hold,Hold,Hold,Hold,0.6260167024988171,0.5858388991071636
5/2/2024,69.3,Hold,Hold,Hold,Hold,Hold,Hold,Hold,Hold,Hold,Hold,0.2817515734786293,0.8629868770905936
6/2/2024,68.19,Hold,Hold,Hold,Hold,Hold,Hold,Hold,Hold,Hold,Hold,0.3200732446831,0.7179303081377021
7/2/2024,70.07,Hold,Hold,Hold,Hold,Hold,Hold,Hold,Hold,Hold,Hold,0.7393276524875,0.824909546522684
8/2/2024,69.61,Hold,Hold,Hold,Hold,Hold,Hold,Hold,Hold,Hold,Hold,0.4641504944377657,0.7299670480048361
9/2/2024,72.1,Hold,Hold,Hold,Hold,Hold,Hold,Hold,Hold,Hold,Hold,0.8084068647689715,0.7291224563323
12/2/2024,72.22,Hold,Hold,Hold,Hold,Hold,Hold,Hold,Hold,Hold,Hold,0.7139445689131984,0.6936623161978797
13/2/2024,72.1,Hold,Hold,Hold,Hold,Hold,Hold,Hold,Hold,Hold,Hold,0.1532596219369318,0.6613003121124662
14/2/2024,73.87,Hold,Hold,Hold,Hold,Hold,Hold,Hold,Hold,Hold,Hold,0.6141828000919982,0.6910763682272154
15/2/2024,72.63,Hold,Hold,Hold,Hold,Hold,Hold,Hold,Hold,Hold,Hold,0.4102485616590576,0.6586736904776245
16/2/2024,72.58,Hold,Hold,Hold,Hold,Hold,Hold,Hold,Hold,Hold,Hold,0.371052791984977,0.8444503998392744
20/2/2024,69.42,Sell,Hold,Hold,Hold,Hold,Hold,Hold,Hold,Hold,Hold,0.4081438428656,0.4641178673913954
21/2/2024,67.44,Hold,Hold,Hold,Hold,Hold,Hold,Hold,Hold,Hold,Hold,0.4228304982453001,0.6839425131463879
22/2/2024,78.5,Hold,Hold,Hold,Hold,Hold,Hold,Hold,Hold,Hold,Hold,0.3509771243555239,0.6410974350851223
23/2/2024,78.78,Buy,Hold,Hold,Hold,Hold,Hold,Hold,Hold,Hold,Hold,0.3661935575415374,0.6840804852090635
26/2/2024,79.06,Hold,Hold,Hold,Hold,Hold,Hold,Hold,Hold,Hold,Hold,0.440724612172294,0.7927888976778222
27/2/2024,78.67,Hold,Hold,Hold,Hold,Hold,Hold,Hold,Hold,Hold,Hold,0.3311010203571348,0.4035652625323475
28/2/2024,77.63,Hold,Hold,Hold,Hold,Hold,Hold,Hold,Hold,Hold,Hold,0.3477383770863671,0.7729447302380953
29/2/2024,79.08,Hold,Hold,Hold,Hold,Hold,Hold,Hold,Hold,Hold,Hold,0.2096643656003607,0.6811207725277593
1/3/2024,82.24,Hold,Hold,Hold,Hold,Hold,Hold,Hold,Hold,Hold,Hold,0.5617989585342207,0.7512429840281689
4/3/2024,85.2,Hold,Hold,Hold,Hold,Hold,Hold,Hold,Hold,Hold,Hold,0.1920242465175763,0.7150937628491304
5/3/2024,85.93,Hold,Hold,Hold,Hold,Hold,Hold,Hold,Hold,Hold,Hold,0.44871661175,0.8006769541121213
6/3/2024,88.66,Hold,Hold,Hold,Hold,Hold,Hold,Hold,Hold,Hold,Hold,0.4164791140112179,0.7677718399376876
7/3/2024,92.63,Hold,Hold,Hold,Hold,Hold,Hold,Hold,Hold,Hold,Hold,0.1437762666829999,0.7380136558525909
8/3/2024,87.49,Hold,Hold,Hold,Hold,Hold,Hold,Hold,Hold,Hold,Hold,0.0486516637755383,0.7562902473435377
11/3/2024,85.74,Hold,Hold,Hold,Hold,Hold,Hold,Hold,Hold,Hold,Hold,0.2304744088649375,0.6859380890077689
12/3/2024,91.88,Hold,Hold,Hold,Hold,Hold,Hold,Hold,Hold,Hold,Hold,0.9137209109090908,0.776596434467081
13/3/2024,90.85,Hold,Hold,Hold,Hold,Hold,Hold,Hold,Hold,Hold,Hold,0.4295697732268305,0.7902304214459454
14/3/2024,87.91,Hold,Hold,Hold,Hold,Hold,Hold,Hold,Hold,Hold,Hold,0.3300032770565033,0.7294070894545128
15/3/2024,87.8,Hold,Hold,Hold,Hold,Hold,Hold,Hold,Hold,Hold,Hold,0.4219595501816569,0.7881884004540588
18/3/2024,88.42,Hold,Hold,Hold,Hold,Hold,Hold,Hold,Hold,Hold,Hold,0.7579912476210395,0.7957906310168363
19/3/2024,89.36,Hold,Hold,Hold,Hold,Hold,Hold,Hold,Hold,Hold,Hold,0.7144797985760333,0.6240081076715028
20/3/2024,90.34,Hold,Hold,Hold,Hold,Hold,Hold,Hold,Hold,Hold,Hold,0.1845470192794771,0.6115192649904103
21/3/2024,91.4,Hold,Hold,Hold,Hold,Hold,Hold,Hold,Hold,Hold,Hold,0.4483088312122994,0.8445417747196552
22/3/2024,94.25,Hold,Hold,Hold,Hold,Hold,Hold,Hold,Hold,Hold,Hold,0.6555590645818182,0.7477101913596774
25/3/2024,94.96,Hold,Hold,Hold,Hold,Hold,Hold,Hold,Hold,Hold,Hold,0.1374076488843837,0.7936186148919999
26/3/2024,92.52,Hold,Hold,Hold,Hold,Hold,Hold,Hold,Hold,Hold,Hold,0.4422518381111111,0.6363597966572567
27/3/2024,90.21,Hold,Hold,Hold,Hold,Hold,Hold,Hold,Hold,Hold,Hold,-0.0592399507634396,0.7194703741856444
28/3/2024,90.32,Hold,Hold,Hold,Hold,Sell,Sell,Hold,Hold,Hold,Hold,0.4785090327754912,0.7167258649628958
1/4/2024,90.33,Hold,Hold,Hold,Hold,Hold,Hold,Hold,Hold,Hold,Hold,0.2688760423571428,0.7648645633333334
2/4/2024,89.42,Hold,Hold,Hold,Hold,Hold,Hold,Hold,Hold,Hold,Hold,0.3246815866177777,0.7758620712000001
3/4/2024,88.93,Hold,Hold,Hold,Hold,Hold,Hold,Hold,Hold,Hold,Hold,0.54024558678625,0.473392408903125
4/4/2024,85.87,Hold,Hold,Hold,Hold,Hold,Hold,Hold,Hold,Hold,Hold,0.4126513349419999,0.4893544939577608
5/4/2024,87.97,Hold,Hold,Hold,Sell,Sell,Sell,Hold,Hold,Hold,Hold,0.422670231177384,0.6888742569250527
8/4/2024,87.1,Hold,Hold,Hold,Hold,Hold,Hold,Hold,Hold,Hold,Hold,0.0657434180132,0.770632711023077
9/4/2024,85.32,Hold,Hold,Hold,Hold,Hold,Hold,Hold,Hold,Hold,Hold,0.2622372545375,0.6192517329
10/4/2024,87.0,Hold,Hold,Hold,Hold,Hold,Hold,Hold,Hold,Hold,Hold,0.0302511915547181,0.6562073121704882
11/4/2024,90.58,Hold,Hold,Hold,Sell,Hold,Hold,Sell,Hold,Hold,Hold,0.2368456771969285,0.6831273197857143
12/4/2024,88.15,Hold,Hold,Hold,Hold,Buy,Hold,Hold,Hold,Hold,Hold,-0.2506244248757143,0.5588419187407294
15/4/2024,85.97,Hold,Sell,Hold,Hold,Sell,Hold,Hold,Hold,Sell,Hold,0.3881254086921925,0.4425261577254866
16/4/2024,87.38,Hold,Hold,Hold,Hold,Hold,Hold,Hold,Sell,Hold,Hold,0.1803765072691428,0.7943130835294118
17/4/2024,84.0,Hold,Hold,Hold,Hold,Hold,Hold,Hold,Hold,Hold,Hold,0.712405123005,0.385324564
18/4/2024,84.64,Hold,Hold,Hold,Hold,Hold,Hold,Hold,Hold,Hold,Hold,0.3332853044357283,0.1596999129379401
19/4/2024,76.17,Hold,Hold,Hold,Hold,Hold,Hold,Hold,Hold,Hold,Hold,0.23185587957,0.5443808574890635
22/4/2024,79.49,Hold,Hold,Hold,Hold,Hold,Hold,Hold,Hold,Hold,Hold,0.4427424662,0.5182678961782667
23/4/2024,82.39,Hold,Hold,Hold,Hold,Hold,Hold,Hold,Hold,Hold,Hold,0.3286119808160866,0.2665334973070317
24/4/2024,79.65,Hold,Hold,Hold,Hold,Hold,Hold,Hold,Hold,Buy,Buy,0.2912411900896142,0.7283198790476191
25/4/2024,82.6,Hold,Hold,Hold,Hold,Hold,Hold,Hold,Hold,Sell,Hold,0.967582912,0.826017974576923
26/4/2024,87.7,Hold,Hold,Hold,Hold,Hold,Hold,Hold,Hold,Buy,Buy,0.707416382084086,0.7680852464294118
29/4/2024,87.72,Buy,Buy,Hold,Buy,Buy,Buy,Buy,Buy,Hold,Hold,0.74690717875,0.8462426662605661
30/4/2024,86.37,Buy,Hold,Hold,Hold,Hold,Hold,Hold,Hold,Hold,Hold,0.16439069,0.6373069572863334
1/5/2024,83.01,Sell,Hold,Hold,Hold,Hold,Hold,Hold,Hold,Hold,Hold,0.4100145799999999,0.5916653438091823
2/5/2024,85.78,Hold,Hold,Hold,Hold,Sell,Hold,Hold,Hold,Hold,Hold,0.4999249569841107,0.6216999364747462
3/5/2024,88.75,Hold,Buy,Hold,Buy,Buy,Hold,Buy,Buy,Hold,Hold,0.6637125909831258,0.7040359207592858
6/5/2024,92.1,Hold,Hold,Hold,Hold,Hold,Hold,Hold,Hold,Hold,Hold,0.6727135006716667,0.7105671392857144
7/5/2024,90.52,Hold,Hold,Hold,Hold,Hold,Hold,Hold,Hold,Hold,Hold,0.591948685,0.4256546273853788
8/5/2024,90.38,Hold,Hold,Hold,Hold,Hold,Hold,Hold,Hold,Hold,Hold,0.4642644428571428,0.6066782891814858
9/5/2024,88.71,Hold,Hold,Hold,Hold,Hold,Hold,Hold,Hold,Hold,Hold,0.16995642894,0.7493841465000001
10/5/2024,89.84,Hold,Hold,Hold,Hold,Hold,Hold,Hold,Hold,Hold,Hold,0.3541593191478185,0.5160756480025915
13/5/2024,90.36,Hold,Hold,Hold,Hold,Hold,Hold,Hold,Hold,Hold,Hold,0.41211343268816,0.7485830210860001
14/5/2024,91.32,Hold,Hold,Hold,Hold,Hold,Hold,Hold,Hold,Hold,Hold,0.1592426174342143,0.7284071415333333
15/5/2024,94.59,Hold,Hold,Hold,Hold,Hold,Hold,Hold,Hold,Hold,Hold,0.671014538375,0.57816166606275
16/5/2024,94.32,Hold,Hold,Hold,Hold,Hold,Hold,Hold,Hold,Hold,Hold,0.3594538245705615,0.6515196486800001
17/5/2024,92.44,Hold,Hold,Hold,Hold,Hold,Hold,Hold,Hold,Hold,Hold,0.3152816095555555,0.8111457596470588
20/5/2024,94.74,Hold,Hold,Hold,Hold,Hold,Hold,Hold,Hold,Hold,Hold,0.4733678099005548,0.4948174047252634
21/5/2024,95.35,Hold,Hold,Hold,Hold,Hold,Hold,Hold,Hold,Hold,Hold,0.7365697056549999,0.4160881143743354
22/5/2024,94.91,Hold,Hold,Hold,Hold,Hold,Hold,Hold,Hold,Hold,Hold,0.4711010772522089,0.6794214279315887
23/5/2024,103.76,Hold,Hold,Hold,Hold,Hold,Hold,Hold,Hold,Hold,Hold,0.3015301133407322,0.648206475885924
24/5/2024,106.43,Hold,Hold,Hold,Hold,Hold,Hold,Hold,Hold,Hold,Hold,0.5400846219809696,0.7056504936758008
28/5/2024,113.86,Hold,Hold,Hold,Hold,Hold,Hold,Hold,Hold,Hold,Hold,0.5461619396788981,0.7579972018531684
29/5/2024,114.78,Hold,Hold,Hold,Hold,Hold,Hold,Hold,Hold,Hold,Hold,0.1013527800050696,0.8264829697679708
30/5/2024,110.46,Hold,Hold,Hold,Hold,Hold,Hold,Hold,Hold,Hold,Hold,0.3902876516012778,0.5307960340010448
31/5/2024,109.59,Hold,Hold,Hold,Hold,Hold,Hold,Hold,Hold,Hold,Hold,0.4995721733941152,0.6398676434215
3/6/2024,114.95,Hold,Hold,Hold,Hold,Hold,Hold,Hold,Hold,Hold,Hold,0.6439358352796961,0.7560323907660503
4/6/2024,116.39,Hold,Hold,Hold,Hold,Hold,Hold,Hold,Hold,Hold,Hold,0.4532212436081229,0.859894580592653
5/6/2024,122.39,Hold,Hold,Hold,Hold,Hold,Hold,Hold,Hold,Hold,Hold,0.676219979367654,0.6673365283113607
6/6/2024,120.95,Hold,Hold,Hold,Hold,Hold,Hold,Hold,Hold,Hold,Hold,0.402583211609461,0.7242924923122639
7/6/2024,120.84,Hold,Hold,Hold,Hold,Hold,Hold,Hold,Hold,Hold,Hold,0.7583351103047594,0.5984911318990755
10/6/2024,121.74,Hold,Hold,Hold,Hold,Hold,Hold,Hold,Hold,Hold,Hold,0.5752401577721954,0.6807934301320169
11/6/2024,120.87,Hold,Hold,Hold,Hold,Hold,Hold,Hold,Hold,Hold,Hold,0.5757209777967058,0.7092623648676181
12/6/2024,125.16,Hold,Hold,Hold,Hold,Hold,Hold,Hold,Hold,Hold,Hold,0.6325656725505121,0.6058012590109584
13/6/2024,129.57,Hold,Hold,Hold,Hold,Hold,Hold,Hold,Hold,Hold,Hold,0.3429185652756915,0.7551436546967486
14/6/2024,131.84,Hold,Hold,Hold,Hold,Hold,Hold,Hold,Hold,Hold,Hold,0.4305565897485406,0.7517904887138125
17/6/2024,130.94,Hold,Hold,Hold,Hold,Hold,Hold,Hold,Hold,Hold,Hold,0.5795112229366667,0.7260847967726887
18/6/2024,135.54,Hold,Hold,Hold,Hold,Hold,Hold,Hold,Hold,Hold,Hold,0.4657470245071551,0.6443264687106581
20/6/2024,130.74,Hold,Hold,Sell,Hold,Hold,Hold,Hold,Hold,Hold,Hold,0.4352894825135022,0.783018568977931
21/6/2024,126.53,Hold,Hold,Sell,Hold,Hold,Hold,Hold,Hold,Hold,Hold,0.2219082230257013,0.6673757055410809
24/6/2024,118.07,Sell,Hold,Hold,Hold,Hold,Hold,Hold,Hold,Hold,Hold,0.1256276931639969,0.740028292229237
25/6/2024,126.05,Hold,Hold,Hold,Hold,Sell,Sell,Hold,Hold,Hold,Hold,0.1559018135621675,0.6814660193536711
26/6/2024,126.36,Hold,Hold,Hold,Hold,Buy,Hold,Hold,Hold,Hold,Hold,0.3355899036901752,0.6958948659992837
27/6/2024,123.95,Hold,Hold,Hold,Hold,Hold,Hold,Hold,Hold,Hold,Hold,0.497812778489531,0.5358467668487287
28/6/2024,123.5,Hold,Hold,Hold,Hold,Hold,Sell,Sell,Hold,Hold,Hold,0.2157500194185644,0.8422519411111111
1/7/2024,124.26,Hold,Hold,Hold,Hold,Hold,Hold,Hold,Hold,Hold,Hold,0.2021194935670106,0.701435037582084
2/7/2024,122.63,Hold,Hold,Hold,Hold,Hold,Hold,Hold,Hold,Hold,Hold,0.1873219203407692,0.4343931782114397
3/7/2024,128.24,Hold,Hold,Hold,Hold,Hold,Hold,Hold,Hold,Hold,Hold,0.6744803680883367,0.7597180714965576
5/7/2024,125.79,Hold,Hold,Hold,Hold,Hold,Buy,Hold,Hold,Hold,Hold,0.2668855279716529,0.7675577209582507
8/7/2024,128.16,Hold,Hold,Hold,Hold,Hold,Hold,Hold,Hold,Hold,Hold,0.5321510598880691,0.561220428083223
9/7/2024,131.34,Hold,Hold,Hold,Sell,Hold,Buy,Sell,Hold,Hold,Hold,0.1063928385899469,0.6901244629139602
10/7/2024,134.87,Hold,Hold,Hold,Hold,Hold,Hold,Hold,Hold,Hold,Hold,0.3606374273186428,0.7133551000499068
11/7/2024,127.36,Hold,Hold,Hold,Hold,Hold,Hold,Hold,Hold,Hold,Hold,0.493438951689395,0.5447553020213457
12/7/2024,129.2,Hold,Hold,Hold,Hold,Sell,Sell,Hold,Hold,Hold,Hold,0.3826335268661637,0.6200945099159326
15/7/2024,128.4,Hold,Hold,Hold,Hold,Hold,Hold,Buy,Hold,Hold,Hold,0.28699041673575,0.5180114668093189
16/7/2024,126.32,Hold,Hold,Hold,Hold,Hold,Hold,Hold,Hold,Hold,Hold,0.1815279156323179,0.7610869369373147
17/7/2024,117.95,Hold,Sell,Hold,Hold,Sell,Sell,Hold,Hold,Sell,Hold,-0.0703827748063834,0.587449237970668
18/7/2024,121.05,Hold,Hold,Hold,Sell,Hold,Hold,Hold,Sell,Hold,Hold,0.2801650839932365,0.6593780646947368
19/7/2024,117.89,Hold,Hold,Hold,Hold,Hold,Hold,Hold,Hold,Hold,Hold,0.5168930690701488,0.8256578391597058
22/7/2024,123.5,Hold,Hold,Hold,Hold,Hold,Hold,Hold,Hold,Hold,Sell,0.3608457791123233,0.4831332826621269
23/7/2024,122.55,Hold,Hold,Hold,Hold,Hold,Hold,Hold,Hold,Hold,Hold,0.2996829583433727,0.6813063035714286
24/7/2024,114.21,Hold,Sell,Hold,Hold,Hold,Hold,Hold,Hold,Hold,Hold,0.350456360192969,0.57223002242
25/7/2024,112.24,Hold,Hold,Hold,Hold,Hold,Hold,Sell,Hold,Sell,Hold,0.0138181307881549,0.8468491571719663
26/7/2024,113.02,Hold,Hold,Hold,Hold,Hold,Hold,Hold,Hold,Hold,Hold,0.2979453577552725,0.6086297392649864
29/7/2024,111.55,Hold,Hold,Hold,Hold,Hold,Hold,Hold,Hold,Hold,Hold,0.2042999859781212,0.6981638294225708
30/7/2024,103.7,Hold,Hold,Hold,Hold,Hold,Hold,Hold,Hold,Hold,Hold,0.2092959094461674,0.6620285969138874
31/7/2024,116.98,Hold,Hold,Hold,Hold,Hold,Hold,Hold,Hold,Hold,Hold,0.3032199226865735,0.7364637163575677
1/8/2024,109.18,Hold,Hold,Hold,Hold,Hold,Hold,Hold,Hold,Buy,Hold,0.4530878336307166,0.7331268932859235
2/8/2024,107.24,Hold,Hold,Hold,Hold,Hold,Hold,Hold,Hold,Sell,Hold,0.1594352854090263,0.5588450643158414
5/8/2024,100.42,Hold,Hold,Hold,Hold,Hold,Hold,Hold,Hold,Hold,Hold,0.0922994522348148,0.6727133562209555
6/8/2024,104.22,Hold,Hold,Hold,Hold,Hold,Hold,Hold,Hold,Hold,Hold,0.291516732906233,0.3855897803403428
7/8/2024,98.88,Hold,Hold,Hold,Hold,Hold,Hold,Hold,Hold,Hold,Hold,0.392938813513978,0.5670622575872409
8/8/2024,104.94,Hold,Hold,Hold,Hold,Hold,Hold,Hold,Hold,Hold,Hold,0.1478417227773125,0.7478128977318697
9/8/2024,104.72,Hold,Hold,Hold,Hold,Hold,Hold,Hold,Hold,Hold,Hold,0.2167020821707777,0.5860408491304074
12/8/2024,108.99,Hold,Hold,Hold,Hold,Hold,Hold,Hold,Hold,Hold,Hold,0.3708338331380633,0.857754344090909
13/8/2024,116.1,Buy,Buy,Hold,Hold,Buy,Buy,Buy,Hold,Buy,Hold,0.2675226036904633,0.7280417971666666
14/8/2024,118.04,Hold,Hold,Hold,Buy,Hold,Hold,Hold,Buy,Hold,Buy,0.4572266299368716,0.7971379904007272
15/8/2024,122.82,Hold,Hold,Hold,Hold,Hold,Hold,Hold,Hold,Hold,Hold,0.15947646405,0.7014592220059459
16/8/2024,124.54,Hold,Hold,Hold,Hold,Hold,Hold,Hold,Hold,Hold,Hold,0.1843700949793122,0.8388175068931422
19/8/2024,129.96,Hold,Hold,Hold,Hold,Hold,Hold,Hold,Hold,Hold,Hold,0.5211703354201761,0.8260509322055672
20/8/2024,127.21,Hold,Hold,Hold,Hold,Hold,Hold,Hold,Hold,Hold,Hold,0.3573061937068904,0.7366705099060162
21/8/2024,128.46,Hold,Hold,Hold,Hold,Hold,Hold,Hold,Hold,Hold,Hold,0.4221375261784681,0.6425254152226285
22/8/2024,123.7,Hold,Hold,Hold,Hold,Hold,Hold,Hold,Hold,Hold,Hold,0.4800759067743567,0.7999175646840089
23/8/2024,129.33,Hold,Hold,Sell,Hold,Hold,Hold,Hold,Hold,Hold,Hold,0.3925236260799152,0.8414845692372284
26/8/2024,126.42,Hold,Hold,Sell,Hold,Hold,Hold,Hold,Hold,Hold,Hold,0.2897710683502486,0.7648210090279023
27/8/2024,128.26,Hold,Hold,Sell,Hold,Hold,Hold,Hold,Hold,Hold,Hold,0.3082907703932673,0.5229168152618168
28/8/2024,125.57,Hold,Hold,Sell,Hold,Hold,Hold,Hold,Hold,Hold,Hold,0.0710697174595571,0.5678459498854093
29/8/2024,117.55,Hold,Hold,Hold,Hold,Hold,Hold,Hold,Hold,Hold,Hold,-0.0588872915038103,0.4045559610879524
30/8/2024,119.33,Sell,Sell,Hold,Sell,Sell,Sell,Sell,Sell,Sell,Sell,0.4427332530776772,0.6199327908779914
3/9/2024,107.97,Hold,Hold,Hold,Hold,Hold,Hold,Hold,Hold,Buy,Hold,-0.1446219627583333,0.5830488918795985
4/9/2024,106.18,Hold,Hold,Hold,Hold,Hold,Hold,Hold,Hold,Hold,Hold,-0.2025994227156261,0.5996159655301158
5/9/2024,107.18,Hold,Hold,Hold,Hold,Hold,Hold,Hold,Hold,Hold,Hold,0.2315165814580803,0.6743009802664592
6/9/2024,102.8,Hold,Hold,Hold,Hold,Hold,Hold,Hold,Hold,Hold,Hold,0.4914477186370406,0.5720010991062262
9/9/2024,106.44,Hold,Hold,Buy,Hold,Hold,Hold,Hold,Hold,Hold,Hold,0.1698080063078055,0.9417012952173912
10/9/2024,108.07,Hold,Hold,Hold,Hold,Hold,Hold,Hold,Hold,Hold,Hold,0.1910117692835193,0.3566425920590789
11/9/2024,116.87,Hold,Hold,Hold,Hold,Hold,Hold,Hold,Hold,Hold,Hold,0.103851897758255,0.3901337694534062
12/9/2024,119.11,Buy,Hold,Hold,Hold,Buy,Buy,Hold,Hold,Buy,Buy,0.3591506468114537,0.8559152031818182
13/9/2024,119.07,Buy,Hold,Hold,Hold,Hold,Hold,Hold,Hold,Hold,Hold,0.1886923820809372,0.6898626809878933
16/9/2024,116.75,Hold,Hold,Hold,Hold,Hold,Hold,Hold,Hold,Hold,Hold,0.0969607713533768,0.9129652785384617
17/9/2024,115.56,Hold,Hold,Hold,Hold,Hold,Hold,Hold,Hold,Hold,Hold,0.78745831320718,0.7201178812782727
18/9/2024,113.34,Hold,Hold,Hold,Hold,Hold,Buy,Hold,Hold,Sell,Hold,0.4917721887430462,0.6977474271636364
19/9/2024,117.84,Hold,Hold,Hold,Hold,Sell,Hold,Hold,Hold,Hold,Hold,0.3523091459870633,0.8678016
20/9/2024,115.97,Hold,Buy,Hold,Buy,Buy,Hold,Buy,Buy,Buy,Hold,0.5423267866967499,0.6902065951922001
23/9/2024,116.23,Hold,Hold,Hold,Hold,Hold,Hold,Hold,Hold,Hold,Hold,-0.1428576013754866,0.9166317705882352
24/9/2024,120.84,Hold,Hold,Hold,Hold,Hold,Hold,Hold,Hold,Hold,Hold,0.348049163251485,0.5243872432989648
25/9/2024,123.48,Hold,Buy,Hold,Buy,Hold,Hold,Buy,Buy,Hold,Hold,0.124990176214678,0.7262613444074074
26/9/2024,124.01,Hold,Hold,Hold,Hold,Hold,Hold,Hold,Hold,Hold,Hold,0.5988467682572072,0.6838070274321428
27/9/2024,121.37,Hold,Hold,Hold,Hold,Hold,Hold,Hold,Hold,Hold,Hold,0.5479695725983308,0.8361673659920542
30/9/2024,121.41,Hold,Hold,Hold,Hold,Hold,Hold,Hold,Hold,Hold,Hold,0.4917684123458112,0.836604915105
1/10/2024,116.97,Hold,Hold,Hold,Hold,Hold,Hold,Hold,Hold,Hold,Hold,-0.1470255576923076,0.6743752800791765
2/10/2024,118.82,Hold,Hold,Hold,Hold,Sell,Hold,Hold,Hold,Hold,Hold,0.394565012836524,0.3563009629999999
3/10/2024,122.82,Hold,Hold,Hold,Hold,Buy,Hold,Hold,Hold,Hold,Hold,0.3232932644225736,0.874004745882353
4/10/2024,124.89,Hold,Hold,Hold,Hold,Hold,Hold,Hold,Hold,Hold,Hold,0.3110387293480672,0.5809508467924211
7/10/2024,127.69,Hold,Hold,Hold,Hold,Hold,Hold,Hold,Hold,Hold,Hold,0.5096623771075457,0.6286664234998106
8/10/2024,132.86,Hold,Hold,Hold,Hold,Hold,Hold,Hold,Hold,Hold,Hold,0.4890429799002515,0.8245764546212
9/10/2024,132.62,Hold,Hold,Hold,Hold,Hold,Hold,Hold,Hold,Hold,Hold,0.2103724577811566,0.8038029992571237
10/10/2024,134.78,Hold,Hold,Hold,Hold,Hold,Hold,Hold,Hold,Hold,Hold,0.285665622636334,0.7282784610666667
11/10/2024,134.77,Hold,Hold,Hold,Hold,Hold,Hold,Hold,Hold,Hold,Hold,0.207602586593227,0.6694443166235294
14/10/2024,138.04,Hold,Hold,Hold,Hold,Hold,Hold,Hold,Hold,Hold,Hold,0.3887890219333091,0.8318040348409286
15/10/2024,131.57,Hold,Hold,Hold,Hold,Hold,Hold,Hold,Hold,Hold,Hold,-0.2226613239349555,0.5499684282608696
16/10/2024,135.69,Hold,Hold,Hold,Hold,Hold,Hold,Hold,Hold,Hold,Hold,0.1644417546111432,0.4412431447741818
17/10/2024,136.9,Hold,Hold,Hold,Hold,Hold,Hold,Hold,Hold,Hold,Hold,0.3309402405722205,0.563697624546871
18/10/2024,137.97,Hold,Hold,Hold,Hold,Hold,Hold,Hold,Hold,Hold,Hold,0.3142024812638523,0.7191706690469887
21/10/2024,143.68,Hold,Hold,Hold,Hold,Hold,Hold,Hold,Hold,Hold,Hold,0.3938108265131738,0.8230367233128937
22/10/2024,143.56,Hold,Hold,Hold,Hold,Hold,Hold,Hold,Hold,Hold,Hold,0.3424837684190008,0.679442917739549
23/10/2024,139.53,Hold,Hold,Hold,Hold,Hold,Hold,Hold,Hold,Hold,Hold,0.2227111056210085,0.7915801960191255
24/10/2024,140.38,Hold,Hold,Sell,Hold,Hold,Hold,Hold,Hold,Hold,Hold,0.6260226201967346,0.8557824217764545
25/10/2024,141.51,Hold,Hold,Hold,Hold,Hold,Hold,Hold,Hold,Hold,Hold,0.4018177712655652,0.7874028668966173
28/10/2024,140.49,Hold,Hold,Hold,Hold,Hold,Hold,Hold,Hold,Hold,Hold,0.4874822527173547,0.6359404061776923
29/10/2024,141.22,Hold,Hold,Hold,Hold,Hold,Hold,Hold,Hold,Hold,Hold,0.3552818672031615,0.3941609315772307
30/10/2024,139.31,Sell,Hold,Hold,Hold,Hold,Hold,Hold,Hold,Hold,Hold,0.3312655154499629,0.5734754375848568
31/10/2024,132.73,Hold,Hold,Hold,Hold,Hold,Hold,Hold,Hold,Hold,Hold,0.21656476218438,0.1602677630445666
1/11/2024,135.37,Hold,Hold,Hold,Hold,Sell,Sell,Hold,Hold,Hold,Hold,0.5415345120063704,0.6020363724583497
4/11/2024,136.02,Hold,Hold,Hold,Hold,Hold,Hold,Hold,Hold,Hold,Hold,0.4544278911972911,0.5541168899226231
5/11/2024,139.88,Hold,Hold,Hold,Hold,Buy,Hold,Hold,Hold,Hold,Hold,0.234988107066178,0.895338811669375
6/11/2024,145.58,Buy,Hold,Hold,Hold,Hold,Buy,Hold,Hold,Hold,Hold,0.4130516884037634,0.816029747
7/11/2024,148.85,Hold,Hold,Hold,Hold,Hold,Hold,Hold,Hold,Hold,Hold,0.4931107979653646,0.5941626405090908
8/11/2024,147.6,Hold,Hold,Hold,Hold,Hold,Hold,Hold,Hold,Hold,Hold,0.4373529652320058,0.8121513317112448
11/11/2024,145.23,Hold,Hold,Hold,Hold,Hold,Hold,Hold,Hold,Hold,Hold,0.1775571579093429,0.4952767722633333
12/11/2024,148.26,Hold,Hold,Hold,Hold,Hold,Buy,Hold,Hold,Hold,Hold,0.3477157924012963,0.5428342100837907
13/11/2024,146.24,Hold,Hold,Hold,Hold,Hold,Hold,Hold,Hold,Hold,Hold,0.3647355097895953,0.6997270633333333
14/11/2024,146.73,Hold,Hold,Hold,Hold,Hold,Hold,Hold,Hold,Hold,Hold,0.2023978522173175,0.6546430983
15/11/2024,141.95,Sell,Hold,Hold,Hold,Hold,Hold,Hold,Hold,Hold,Hold,0.439212812593775,0.4915565185222892
18/11/2024,140.12,Hold,Hold,Hold,Hold,Sell,Sell,Hold,Hold,Hold,Hold,0.1548579247899841,0.4264133173284
19/11/2024,146.98,Hold,Hold,Hold,Hold,Sell,Hold,Hold,Sell,Hold,Hold,0.0479349366459858,0.6586461224619313
20/11/2024,145.86,Hold,Hold,Hold,Hold,Buy,Hold,Hold,Hold,Buy,Hold,0.2264013710970712,0.6074901824863707
21/11/2024,146.64,Hold,Hold,Hold,Hold,Hold,Sell,Hold,Hold,Hold,Sell,0.1620808570327699,0.6237006494167392
22/11/2024,141.92,Hold,Hold,Hold,Hold,Hold,Hold,Hold,Hold,Hold,Hold,0.2775855864096056,0.7203943136101473
25/11/2024,135.99,Hold,Sell,Hold,Sell,Sell,Hold,Sell,Sell,Sell,Hold,0.2077937802578707,0.6149712269230769
26/11/2024,136.89,Hold,Hold,Hold,Hold,Hold,Hold,Hold,Hold,Hold,Hold,0.327689370678072,0.5722968680202879
27/11/2024,135.31,Hold,Hold,Hold,Hold,Hold,Hold,Hold,Hold,Hold,Hold,-0.07300229263989,0.442231994924843
29/11/2024,138.22,Hold,Sell,Hold,Hold,Hold,Hold,Hold,Sell,Sell,Hold,0.3354490316976726,0.7289557171498529
2/12/2024,138.6,Hold,Hold,Hold,Sell,Hold,Hold,Sell,Hold,Buy,Buy,0.4576942085168149,0.4860527286142857
3/12/2024,140.23,Hold,Hold,Hold,Hold,Hold,Hold,Hold,Hold,Hold,Hold,0.2283350731124567,0.6469342342857143
4/12/2024,145.11,Hold,Buy,Hold,Hold,Buy,Buy,Hold,Hold,Buy,Hold,0.1783914347570002,0.7994904042007944
5/12/2024,145.04,Hold,Hold,Hold,Hold,Hold,Hold,Hold,Buy,Hold,Hold,0.75339273261423,0.749322702225
6/12/2024,142.42,Hold,Hold,Hold,Hold,Hold,Hold,Hold,Hold,Hold,Hold,0.3864176701679286,0.6920658617875678
9/12/2024,138.79,Hold,Hold,Hold,Hold,Hold,Hold,Hold,Hold,Hold,Hold,0.0465255974341451,0.8471993346153847
10/12/2024,135.05,Hold,Sell,Hold,Hold,Sell,Hold,Hold,Sell,Sell,Buy,0.3750144739353333,0.2280543678456346
11/12/2024,139.29,Hold,Hold,Hold,Hold,Hold,Hold,Hold,Hold,Hold,Sell,0.3842860813848134,0.6963028925908972
12/12/2024,137.32,Hold,Hold,Hold,Hold,Hold,Hold,Hold,Hold,Hold,Hold,0.704584415596135,0.6267125725216117
13/12/2024,134.23,Hold,Hold,Hold,Hold,Hold,Hold,Hold,Hold,Hold,Hold,0.3467160078244345,0.8288842430324284
16/12/2024,131.98,Hold,Hold,Hold,Hold,Hold,Hold,Hold,Hold,Hold,Sell,0.2471337275793346,0.7993067540927273
17/12/2024,130.37,Hold,Hold,Hold,Hold,Hold,Hold,Hold,Hold,Hold,Hold,0.0007619633748886,0.650119169215648
18/12/2024,128.89,Hold,Hold,Hold,Hold,Hold,Hold,Hold,Hold,Hold,Hold,0.2360615858398894,0.707126601108875
19/12/2024,130.66,Hold,Hold,Hold,Hold,Hold,Hold,Hold,Hold,Hold,Hold,0.3296271717740517,0.7463260842948797
20/12/2024,134.68,Hold,Hold,Hold,Hold,Hold,Hold,Hold,Hold,Hold,Hold,0.0729153904986144,0.5563634566110087
23/12/2024,139.65,Hold,Hold,Hold,Hold,Hold,Hold,Hold,Hold,Hold,Hold,0.3438191411011305,0.8068404192053222
24/12/2024,140.2,Buy,Hold,Hold,Hold,Buy,Hold,Hold,Hold,Buy,Hold,0.61451798803408,0.7086795561885851
26/12/2024,139.91,Hold,Hold,Hold,Hold,Hold,Hold,Hold,Hold,Hold,Hold,0.4062196615172567,0.7923696600600001
27/12/2024,136.99,Hold,Hold,Hold,Hold,Hold,Hold,Hold,Hold,Hold,Hold,0.5155510903918727,0.7180940395007744
30/12/2024,137.47,Hold,Hold,Hold,Hold,Hold,Hold,Hold,Hold,Hold,Hold,0.1963748044481661,0.9931155025
2/1/2025,138.28,,,,,,,,,,,,
3/1/2025,144.44,,,,,,,,,,,,
6/1/2025,149.4,,,,,,,,,,,,
7/1/2025,140.11,,,,,,,,,,,,
8/1/2025,140.08,,,,,,,,,,,,
10/1/2025,135.88,,,,,,,,,,,,
13/1/2025,133.2,,,,,,,,,,,,
14/1/2025,131.73,,,,,,,,,,,,
15/1/2025,136.21,,,,,,,,,,,,
16/1/2025,133.54,,,,,,,,,,,,
