Date,Close,Combi 1: Crossover (Price & EMA 12) + MACD Crossover,Combi 2: Crossover (Price & EMA 12) + SMA Crossover (8 & 12),Combi 3: Crossover (Price & EMA 12) + EMA Crossover (12 &20),Combi 4: Crossover (Price & EMA 20) + MACD Crossover,Combi 5: Overbought/ Overbought + SMA Crossover (8 & 12),Combi 6: Crossover (Price & EMA 20) + EMA Crossover (12 &20),Combi 7: Crossover (Price & EMA 20) + SMA Crossover (8 & 12),Combi 8: Crossover (Price & EMA 12) + SMA Crossover (12 & 20),Combi 9. Overbought/ Overbought,Combi 10. MACD Crossover + SMA Crossover (12 & 20),News Sentiment Score,Social Sentiment Score
2/1/2020,299.41,Hold,Hold,Hold,Hold,Hold,Hold,Hold,Hold,Sell,Hold,0.5467125875980404,
3/1/2020,297.14,Hold,Hold,Hold,Hold,Hold,Hold,Hold,Hold,Sell,Hold,0.5281314581408355,
6/1/2020,298.27,Hold,Hold,Hold,Hold,Hold,Hold,Hold,Hold,Sell,Hold,0.4837644769095,0.99948084
7/1/2020,297.43,Hold,Hold,Hold,Hold,Hold,Hold,Hold,Hold,Hold,Hold,0.50045362195,
8/1/2020,299.02,Hold,Hold,Hold,Hold,Hold,Hold,Hold,Hold,Sell,Hold,0.9900729,0.99266356
9/1/2020,301.05,Hold,Hold,Hold,Hold,Hold,Hold,Hold,Hold,Sell,Hold,0.03711718,
10/1/2020,300.18,Hold,Hold,Hold,Hold,Hold,Hold,Hold,Hold,Hold,Hold,0.9999491,0.98767024
13/1/2020,302.24,Hold,Hold,Hold,Hold,Hold,Hold,Hold,Hold,Hold,Hold,0.999361,0.99626785
14/1/2020,301.78,Hold,Hold,Hold,Hold,Hold,Hold,Hold,Hold,Hold,Hold,0.499940392377475,0.94504344
15/1/2020,302.47,Hold,Hold,Hold,Hold,Hold,Hold,Hold,Hold,Hold,Hold,0.99429256,-0.0587645
16/1/2020,304.98,Hold,Hold,Hold,Hold,Hold,Hold,Hold,Hold,Hold,Hold,0.000910240405995,0.99914354
17/1/2020,305.93,Hold,Hold,Hold,Hold,Hold,Hold,Hold,Hold,Sell,Hold,0.7886732993069566,
21/1/2020,305.33,Hold,Hold,Hold,Hold,Hold,Hold,Hold,Hold,Sell,Hold,0.33284249,
22/1/2020,305.37,Hold,Hold,Hold,Hold,Sell,Hold,Hold,Hold,Sell,Hold,-0.4014357799999999,0.86652197
23/1/2020,305.72,Hold,Hold,Hold,Hold,Hold,Hold,Hold,Hold,Hold,Hold,,0.9999763
24/1/2020,303.0,Sell,Hold,Hold,Sell,Hold,Hold,Hold,Hold,Hold,Hold,0.99998474,0.0197654349999999
27/1/2020,298.14,Hold,Hold,Hold,Hold,Hold,Hold,Hold,Hold,Hold,Hold,-0.5635983,
28/1/2020,301.27,Hold,Sell,Hold,Hold,Hold,Hold,Sell,Hold,Hold,Hold,0.3335402866666667,
29/1/2020,301.02,Hold,Hold,Hold,Buy,Hold,Hold,Hold,Hold,Hold,Hold,0.9973185,0.99981254
30/1/2020,302.0,Hold,Hold,Hold,Hold,Hold,Hold,Hold,Hold,Hold,Hold,5.207631843373584e-05,0.9998775
31/1/2020,296.51,Buy,Hold,Hold,Hold,Hold,Hold,Sell,Hold,Hold,Hold,0.99880743,0.943892985
3/2/2020,298.72,Hold,Hold,Hold,Hold,Hold,Hold,Hold,Sell,Hold,Hold,0.5011112318000001,
4/2/2020,303.27,Hold,Hold,Hold,Hold,Hold,Hold,Hold,Hold,Hold,Hold,0.99987516,0.9962707466666668
5/2/2020,306.77,Buy,Buy,Hold,Buy,Hold,Hold,Buy,Buy,Hold,Hold,0.07430739245995,0.7919850150000001
6/2/2020,307.8,Hold,Hold,Hold,Hold,Hold,Hold,Hold,Hold,Hold,Hold,0.444887861004535,0.99935677
7/2/2020,306.16,Hold,Hold,Hold,Hold,Hold,Hold,Hold,Hold,Hold,Hold,0.999993205,0.99963355
10/2/2020,308.45,Hold,Hold,Hold,Hold,Hold,Hold,Hold,Hold,Hold,Hold,0.99998516,0.9995982
11/2/2020,308.98,Hold,Hold,Hold,Hold,Hold,Hold,Hold,Hold,Hold,Hold,0.7978760954,-0.98586035
12/2/2020,310.97,Hold,Hold,Hold,Hold,Hold,Hold,Hold,Hold,Hold,Hold,0.001908825,
13/2/2020,310.64,Hold,Hold,Hold,Hold,Hold,Hold,Hold,Hold,Hold,Hold,0.499999459186513,
14/2/2020,311.14,Hold,Hold,Hold,Hold,Sell,Hold,Hold,Hold,Sell,Hold,,0.5004440158
18/2/2020,310.34,Hold,Hold,Hold,Hold,Hold,Hold,Hold,Hold,Hold,Hold,0.8265069359270001,0.9449877
19/2/2020,311.82,Hold,Hold,Hold,Hold,Hold,Hold,Hold,Hold,Hold,Hold,0.3334493048314,0.9960147475
20/2/2020,310.54,Hold,Hold,Hold,Hold,Hold,Hold,Hold,Hold,Hold,Hold,0.81067646,0.99994224
21/2/2020,307.34,Sell,Hold,Hold,Sell,Sell,Hold,Hold,Hold,Sell,Sell,0.9863342,
24/2/2020,297.15,Hold,Sell,Sell,Hold,Hold,Hold,Hold,Sell,Hold,Hold,0.9998953,
25/2/2020,288.14,Hold,Hold,Hold,Hold,Hold,Sell,Sell,Hold,Buy,Hold,0.3331362766666667,
26/2/2020,287.08,Hold,Hold,Hold,Hold,Hold,Hold,Hold,Hold,Buy,Hold,0.142356345,0.997111435
27/2/2020,274.19,Hold,Hold,Hold,Hold,Hold,Hold,Hold,Hold,Buy,Hold,0.5370935633333334,0.50014675
28/2/2020,273.04,Hold,Hold,Hold,Hold,Hold,Hold,Hold,Hold,Buy,Hold,-0.014526475,0.5713447925
2/3/2020,284.86,Hold,Hold,Hold,Hold,Hold,Hold,Hold,Hold,Buy,Hold,0.724423755,
3/3/2020,276.71,Hold,Hold,Hold,Hold,Hold,Hold,Hold,Hold,Buy,Hold,0.4998671699,0.985531285
4/3/2020,288.34,Hold,Hold,Hold,Hold,Hold,Hold,Hold,Hold,Hold,Hold,0.9999956,0.998765
5/3/2020,278.75,Hold,Hold,Hold,Hold,Hold,Hold,Hold,Hold,Hold,Hold,0.629107335,0.6361944566666667
6/3/2020,274.14,Hold,Hold,Hold,Hold,Hold,Hold,Hold,Hold,Buy,Hold,-0.10753317,0.99902523
9/3/2020,252.74,Hold,Hold,Hold,Hold,Hold,Hold,Hold,Hold,Buy,Hold,0.1259123,0.7837130299999999
10/3/2020,265.81,Hold,Hold,Hold,Hold,Hold,Hold,Hold,Hold,Hold,Hold,0.45325307,0.9511525014285714
11/3/2020,252.86,Hold,Hold,Hold,Hold,Hold,Hold,Hold,Hold,Buy,Hold,0.5748476688,0.99903655
12/3/2020,228.66,Hold,Hold,Hold,Hold,Hold,Hold,Hold,Hold,Buy,Hold,-0.046223908,0.999762715
13/3/2020,248.21,Hold,Hold,Hold,Hold,Hold,Hold,Hold,Hold,Hold,Hold,0.596333836754692,0.98375733
16/3/2020,221.05,Hold,Hold,Hold,Hold,Hold,Hold,Hold,Hold,Hold,Hold,0.17007412,0.995303126
17/3/2020,232.99,Hold,Hold,Hold,Hold,Hold,Hold,Hold,Hold,Hold,Hold,0.49028012,0.9772674558333332
18/3/2020,221.19,Hold,Hold,Hold,Hold,Hold,Hold,Hold,Hold,Hold,Hold,0.5678564,0.9885249975
19/3/2020,221.66,Hold,Hold,Hold,Hold,Hold,Hold,Hold,Hold,Hold,Hold,-0.3333157,0.7722479338333333
20/3/2020,212.11,Hold,Hold,Hold,Hold,Hold,Hold,Hold,Hold,Hold,Hold,0.9992070175,0.290644645
23/3/2020,206.68,Hold,Hold,Hold,Hold,Hold,Hold,Hold,Hold,Hold,Hold,0.99999185,0.98668783
24/3/2020,225.41,Hold,Hold,Hold,Hold,Hold,Hold,Hold,Hold,Hold,Hold,0.2517111590849999,0.99636265
25/3/2020,228.78,Hold,Hold,Hold,Hold,Hold,Hold,Hold,Hold,Hold,Hold,0.9633189,0.9433099025
26/3/2020,242.14,Buy,Hold,Hold,Hold,Hold,Hold,Hold,Hold,Hold,Hold,0.599640865,0.8062419507999999
27/3/2020,234.93,Hold,Buy,Hold,Hold,Hold,Hold,Hold,Hold,Hold,Hold,0.500512826374075,0.9990101975
30/3/2020,242.56,Hold,Hold,Hold,Hold,Hold,Hold,Hold,Hold,Hold,Hold,4.74799100000182e-05,0.998690135
31/3/2020,238.94,Hold,Hold,Hold,Hold,Hold,Hold,Hold,Hold,Hold,Hold,0.603358175,0.9726084822222224
1/4/2020,228.19,Hold,Buy,Hold,Hold,Hold,Hold,Buy,Hold,Hold,Hold,0.9999933,0.84164387
2/4/2020,233.46,Hold,Hold,Hold,Hold,Hold,Hold,Hold,Hold,Hold,Hold,0.5020726935,0.997932915
3/4/2020,230.08,Hold,Hold,Hold,Hold,Hold,Hold,Hold,Hold,Hold,Hold,-0.7397877549999999,0.9854649866666666
6/4/2020,245.54,Hold,Hold,Hold,Hold,Hold,Hold,Hold,Hold,Hold,Hold,0.0212827913188,0.998232632
7/4/2020,245.79,Hold,Hold,Buy,Hold,Hold,Buy,Hold,Buy,Hold,Hold,,0.9990047533333332
8/4/2020,254.04,Hold,Hold,Hold,Hold,Hold,Hold,Hold,Hold,Hold,Hold,-0.2141768040445,0.3650173133333332
9/4/2020,257.9,Hold,Hold,Hold,Hold,Hold,Hold,Hold,Hold,Sell,Hold,0.4849758060625,0.6402408024999999
13/4/2020,255.55,Hold,Hold,Hold,Hold,Hold,Hold,Hold,Hold,Sell,Hold,0.96678145,0.9508955111111111
14/4/2020,263.08,Hold,Hold,Hold,Hold,Hold,Hold,Hold,Hold,Sell,Hold,0.7559931875,0.957932818
15/4/2020,257.49,Hold,Hold,Buy,Hold,Hold,Hold,Hold,Hold,Hold,Hold,0.9749392,0.70936558125
16/4/2020,258.74,Hold,Hold,Hold,Hold,Hold,Hold,Hold,Hold,Hold,Hold,0.99964435,0.8505389566666667
17/4/2020,265.73,Hold,Hold,Hold,Hold,Hold,Hold,Hold,Hold,Hold,Hold,,0.38529106375
20/4/2020,261.04,Hold,Hold,Hold,Hold,Hold,Hold,Hold,Hold,Hold,Hold,0.1012067,0.89882630125
21/4/2020,253.12,Hold,Hold,Hold,Hold,Hold,Hold,Hold,Hold,Hold,Hold,-0.8801427,0.99989897
22/4/2020,258.74,Hold,Hold,Hold,Hold,Hold,Hold,Hold,Hold,Hold,Hold,0.00010052379,0.4286823042222222
23/4/2020,258.72,Hold,Hold,Hold,Hold,Hold,Hold,Hold,Hold,Hold,Hold,,0.7256016133333333
24/4/2020,262.32,Hold,Hold,Hold,Hold,Hold,Hold,Hold,Hold,Sell,Hold,0.9999497,0.25231087575
27/4/2020,266.11,Hold,Hold,Hold,Hold,Hold,Hold,Hold,Hold,Hold,Hold,,-0.99270445
28/4/2020,264.88,Hold,Hold,Hold,Hold,Hold,Hold,Hold,Hold,Hold,Hold,2.5839517e-08,0.9990018
29/4/2020,271.82,Hold,Hold,Hold,Hold,Hold,Hold,Hold,Hold,Hold,Hold,3.7353675e-05,0.8154136810000001
30/4/2020,269.29,Hold,Hold,Hold,Hold,Hold,Hold,Hold,Hold,Hold,Hold,,0.9929513277777776
1/5/2020,262.16,Hold,Hold,Hold,Hold,Hold,Hold,Hold,Hold,Hold,Hold,0.999993,
4/5/2020,262.88,Sell,Sell,Hold,Hold,Hold,Hold,Hold,Hold,Hold,Hold,0.5029944193,0.926494
5/5/2020,265.31,Hold,Hold,Hold,Hold,Hold,Hold,Hold,Hold,Hold,Hold,0.7461942282,
6/5/2020,263.51,Hold,Hold,Hold,Hold,Hold,Hold,Hold,Hold,Hold,Hold,0.988177015,0.99988407
7/5/2020,266.69,Hold,Hold,Hold,Hold,Hold,Hold,Hold,Hold,Hold,Hold,0.9678116366666668,0.989491
8/5/2020,271.1,Hold,Hold,Hold,Hold,Hold,Hold,Hold,Hold,Hold,Hold,0.982879325,0.80571965
11/5/2020,271.16,Hold,Hold,Hold,Hold,Sell,Hold,Hold,Hold,Sell,Hold,0.000155308092,
12/5/2020,265.75,Hold,Hold,Hold,Hold,Hold,Hold,Hold,Hold,Hold,Hold,0.9887654,0.99999875
13/5/2020,261.05,Sell,Sell,Hold,Sell,Hold,Hold,Sell,Hold,Hold,Hold,,0.94607617
14/5/2020,264.18,Hold,Hold,Hold,Hold,Hold,Hold,Hold,Hold,Hold,Hold,0.5007466887,
15/5/2020,265.39,Hold,Hold,Hold,Buy,Hold,Hold,Buy,Hold,Hold,Hold,0.02248436920454,0.9984295
18/5/2020,273.48,Buy,Buy,Hold,Hold,Hold,Hold,Hold,Hold,Hold,Hold,0.9999566,0.99761826
19/5/2020,270.67,Hold,Hold,Hold,Hold,Hold,Hold,Hold,Hold,Hold,Hold,0.99988675,0.9998508
20/5/2020,275.27,Hold,Hold,Hold,Hold,Hold,Hold,Hold,Hold,Hold,Hold,5.0490726e-08,0.429712255
21/5/2020,273.37,Hold,Hold,Hold,Hold,Hold,Hold,Hold,Hold,Hold,Hold,0.33329007,0.5155791
22/5/2020,273.88,Hold,Hold,Hold,Hold,Hold,Hold,Hold,Hold,Hold,Hold,0.00018117,0.9748806
26/5/2020,277.26,Hold,Hold,Hold,Hold,Hold,Hold,Hold,Hold,Hold,Hold,0.59069704,0.38856012
27/5/2020,281.38,Hold,Hold,Hold,Hold,Hold,Hold,Hold,Hold,Hold,Hold,,0.9999944
28/5/2020,280.86,Hold,Hold,Hold,Hold,Hold,Hold,Hold,Hold,Hold,Hold,-0.010541762357026,0.9995532
29/5/2020,282.12,Hold,Hold,Hold,Hold,Hold,Hold,Hold,Hold,Hold,Hold,0.8789527066511562,
1/6/2020,283.26,Hold,Hold,Hold,Hold,Hold,Hold,Hold,Hold,Hold,Hold,1.7649132e-08,0.91901666
2/6/2020,285.6,Hold,Hold,Hold,Hold,Hold,Hold,Hold,Hold,Sell,Hold,0.49648017439195,
3/6/2020,289.4,Hold,Hold,Hold,Hold,Hold,Hold,Hold,Hold,Sell,Hold,0.010700686,0.9999987
4/6/2020,288.64,Hold,Hold,Hold,Hold,Hold,Hold,Hold,Hold,Sell,Hold,0.611143935064,0.9726665
5/6/2020,296.04,Hold,Hold,Hold,Hold,Hold,Hold,Hold,Hold,Sell,Hold,0.270552225523013,-0.17661369
8/6/2020,299.62,Hold,Hold,Hold,Hold,Hold,Hold,Hold,Hold,Sell,Hold,0.997532335,-0.526232888825
9/6/2020,297.38,Hold,Hold,Hold,Hold,Sell,Hold,Hold,Hold,Sell,Hold,0.19595374813875,
10/6/2020,295.73,Hold,Hold,Hold,Hold,Sell,Hold,Hold,Hold,Sell,Hold,0.99993365,0.3314743049999999
11/6/2020,278.68,Sell,Hold,Hold,Sell,Hold,Hold,Hold,Hold,Hold,Hold,0.9996757,0.5006973025
12/6/2020,282.01,Hold,Sell,Hold,Hold,Hold,Hold,Sell,Hold,Hold,Hold,0.9962284,0.8311240201333333
15/6/2020,284.65,Hold,Hold,Hold,Hold,Hold,Hold,Hold,Hold,Hold,Hold,0.99476278,0.38345513
16/6/2020,290.13,Hold,Hold,Hold,Hold,Hold,Hold,Hold,Hold,Hold,Hold,0.50008683005,0.9999879
17/6/2020,288.92,Hold,Buy,Hold,Hold,Hold,Hold,Hold,Hold,Hold,Hold,0.9997518533333332,0.024908115
18/6/2020,289.03,Hold,Sell,Hold,Hold,Hold,Hold,Sell,Hold,Hold,Hold,-0.0003926416415066,2.385559e-07
19/6/2020,287.38,Hold,Hold,Hold,Hold,Hold,Hold,Hold,Hold,Hold,Hold,0.6104864938666666,
22/6/2020,289.22,Hold,Sell,Hold,Hold,Hold,Hold,Hold,Sell,Hold,Hold,0.4995323674383655,
23/6/2020,290.56,Hold,Buy,Hold,Hold,Hold,Hold,Hold,Hold,Hold,Hold,0.99849284,0.9999048
24/6/2020,283.14,Hold,Hold,Hold,Hold,Hold,Hold,Hold,Hold,Hold,Hold,0.6754703336666666,0.9981964
25/6/2020,286.18,Hold,Sell,Hold,Hold,Hold,Hold,Sell,Sell,Hold,Hold,0.5758304,0.990762745
26/6/2020,279.38,Hold,Buy,Hold,Buy,Hold,Hold,Buy,Hold,Hold,Hold,-2.19200000000086e-05,
29/6/2020,283.49,Hold,Hold,Hold,Hold,Hold,Hold,Sell,Hold,Hold,Hold,0.000157096744,
30/6/2020,287.12,Hold,Hold,Hold,Hold,Hold,Hold,Hold,Hold,Hold,Hold,0.04107024429857,2.1263459e-05
1/7/2020,289.13,Buy,Buy,Hold,Buy,Hold,Hold,Buy,Buy,Hold,Hold,0.4847130648219142,
2/7/2020,290.72,Hold,Hold,Hold,Hold,Hold,Hold,Hold,Hold,Hold,Hold,0.501942951,0.99481078
6/7/2020,295.21,Hold,Hold,Hold,Hold,Hold,Hold,Hold,Hold,Hold,Hold,0.3768150673,0.3880408219666666
7/7/2020,292.17,Hold,Hold,Hold,Hold,Hold,Hold,Hold,Hold,Hold,Hold,0.998241245,0.99336551
8/7/2020,294.4,Hold,Hold,Hold,Hold,Hold,Hold,Hold,Hold,Hold,Buy,,0.9994865
9/7/2020,292.72,Hold,Hold,Hold,Hold,Hold,Hold,Hold,Hold,Hold,Hold,3.3153265e-06,0.9997078
10/7/2020,295.71,Hold,Hold,Hold,Hold,Hold,Hold,Hold,Hold,Hold,Hold,0.4872675493333333,0.8505397650000001
13/7/2020,293.15,Hold,Hold,Hold,Hold,Hold,Hold,Hold,Hold,Hold,Hold,0.66018465085,0.97288046
14/7/2020,296.95,Hold,Hold,Hold,Hold,Hold,Hold,Hold,Hold,Hold,Hold,0.9724129133333334,0.663447494
15/7/2020,299.68,Hold,Hold,Hold,Hold,Hold,Hold,Hold,Hold,Hold,Hold,0.999851,0.475312
16/7/2020,298.69,Hold,Hold,Hold,Hold,Hold,Hold,Hold,Hold,Hold,Hold,0.9999751,
17/7/2020,299.56,Hold,Hold,Hold,Hold,Hold,Hold,Hold,Hold,Sell,Hold,-0.000105146144,0.874975324
20/7/2020,301.98,Hold,Hold,Hold,Hold,Hold,Hold,Hold,Hold,Sell,Hold,0.3317663833333333,0.997737645
21/7/2020,302.62,Hold,Hold,Hold,Hold,Hold,Hold,Hold,Hold,Sell,Hold,0.635495390575,
22/7/2020,304.35,Hold,Hold,Hold,Hold,Hold,Hold,Hold,Hold,Sell,Hold,0.362733891096,0.9999998
23/7/2020,300.71,Hold,Hold,Hold,Hold,Hold,Hold,Hold,Hold,Hold,Hold,0.48923512329525,0.994459124
24/7/2020,298.78,Hold,Hold,Hold,Hold,Hold,Hold,Hold,Hold,Hold,Hold,0.6099516300000001,0.9999778466666666
27/7/2020,300.96,Hold,Hold,Hold,Hold,Hold,Hold,Hold,Hold,Hold,Hold,0.9576016,
28/7/2020,299.05,Hold,Hold,Hold,Hold,Hold,Hold,Hold,Hold,Hold,Hold,0.668797923,
29/7/2020,302.73,Hold,Hold,Hold,Hold,Hold,Hold,Hold,Hold,Hold,Hold,-5.730000000037094e-06,
30/7/2020,301.64,Hold,Hold,Hold,Hold,Hold,Hold,Hold,Hold,Hold,Hold,0.9999583,0.99038741
31/7/2020,304.03,Hold,Hold,Hold,Hold,Hold,Hold,Hold,Hold,Hold,Hold,0.9999823,0.7299846
3/8/2020,306.14,Hold,Hold,Hold,Hold,Hold,Hold,Hold,Hold,Hold,Hold,0.3332356713917729,
4/8/2020,307.32,Hold,Hold,Hold,Hold,Sell,Hold,Hold,Hold,Hold,Hold,0.4257011855333333,0.99898375
5/8/2020,309.23,Hold,Hold,Hold,Hold,Hold,Hold,Hold,Hold,Hold,Hold,0.999677,0.98918694
6/8/2020,311.3,Hold,Hold,Hold,Hold,Hold,Hold,Hold,Hold,Sell,Hold,0.99949097,
7/8/2020,311.52,Hold,Hold,Hold,Hold,Hold,Hold,Hold,Hold,Hold,Hold,0.9995667533333332,
10/8/2020,312.46,Hold,Hold,Hold,Hold,Hold,Hold,Hold,Hold,Hold,Hold,0.4710226333333333,0.9998484
11/8/2020,309.88,Hold,Hold,Hold,Hold,Hold,Hold,Hold,Hold,Hold,Hold,-0.24622562210125,0.99393621
12/8/2020,314.2,Hold,Hold,Hold,Hold,Hold,Hold,Hold,Hold,Sell,Hold,0.4997954684119999,0.9931779
13/8/2020,313.63,Hold,Hold,Hold,Hold,Hold,Hold,Hold,Hold,Sell,Hold,0.7732255,0.99995404
14/8/2020,313.64,Hold,Hold,Hold,Hold,Hold,Hold,Hold,Hold,Sell,Hold,0.47092685,0.9999342
17/8/2020,314.63,Hold,Hold,Hold,Hold,Hold,Hold,Hold,Hold,Sell,Hold,0.537280700314465,
18/8/2020,315.31,Hold,Hold,Hold,Hold,Hold,Hold,Hold,Hold,Sell,Hold,0.38721036121,0.9996408
19/8/2020,314.0,Hold,Hold,Hold,Hold,Hold,Hold,Hold,Hold,Sell,Hold,0.47489414475,
20/8/2020,314.98,Hold,Hold,Hold,Hold,Hold,Hold,Hold,Hold,Sell,Hold,0.9732904466666666,0.6127259
21/8/2020,316.1,Hold,Hold,Hold,Hold,Hold,Hold,Hold,Hold,Sell,Hold,0.99963886,0.9996374
24/8/2020,319.3,Hold,Hold,Hold,Hold,Hold,Hold,Hold,Hold,Sell,Hold,,0.9999918
25/8/2020,320.42,Hold,Hold,Hold,Hold,Hold,Hold,Hold,Hold,Sell,Hold,0.4569257667857143,0.9926605
26/8/2020,323.63,Hold,Hold,Hold,Hold,Hold,Hold,Hold,Hold,Sell,Hold,-0.49954474439,0.937875224
27/8/2020,324.34,Hold,Hold,Hold,Hold,Hold,Hold,Hold,Hold,Sell,Hold,0.8954791200000001,0.9998573
28/8/2020,326.43,Hold,Hold,Hold,Hold,Hold,Hold,Hold,Hold,Sell,Hold,0.0386843702976919,0.497566145935
31/8/2020,325.25,Hold,Hold,Hold,Hold,Hold,Hold,Hold,Hold,Sell,Hold,0.49999122539185,
1/9/2020,328.31,Hold,Hold,Hold,Hold,Sell,Hold,Hold,Hold,Sell,Hold,0.0002660452828489,0.9747513675
2/9/2020,333.06,Hold,Hold,Hold,Hold,Sell,Hold,Hold,Hold,Sell,Hold,0.2507523704298393,0.9979892
3/9/2020,321.6,Hold,Hold,Hold,Hold,Hold,Hold,Hold,Hold,Hold,Hold,0.84291407,0.808750004
4/9/2020,318.97,Sell,Sell,Hold,Sell,Hold,Hold,Hold,Hold,Hold,Hold,-0.3330815133333333,
8/9/2020,310.26,Hold,Hold,Hold,Hold,Hold,Hold,Sell,Hold,Hold,Hold,-0.0756519627597911,0.9980570085714284
9/9/2020,316.38,Hold,Hold,Hold,Hold,Hold,Hold,Hold,Hold,Hold,Hold,0.48460475096975,0.7239963
10/9/2020,310.89,Hold,Hold,Hold,Hold,Hold,Hold,Hold,Hold,Hold,Hold,-0.9998035,0.9998015
11/9/2020,311.05,Hold,Hold,Hold,Hold,Hold,Hold,Sell,Hold,Hold,Hold,0.99973065,0.7858271
14/9/2020,315.15,Hold,Hold,Hold,Hold,Hold,Hold,Hold,Hold,Hold,Hold,0.3332749035500597,0.998881875
15/9/2020,316.74,Hold,Hold,Hold,Hold,Hold,Hold,Hold,Hold,Hold,Hold,,0.391481745
16/9/2020,315.48,Hold,Hold,Hold,Hold,Hold,Hold,Hold,Hold,Hold,Hold,0.02961615,0.9999063
17/9/2020,312.71,Hold,Hold,Hold,Hold,Hold,Sell,Hold,Hold,Hold,Hold,0.9991419,0.9996841
18/9/2020,309.11,Hold,Hold,Hold,Hold,Hold,Hold,Hold,Hold,Hold,Hold,-0.92174864,0.9721557975
21/9/2020,305.67,Hold,Hold,Hold,Hold,Hold,Hold,Hold,Hold,Hold,Hold,0.9999984,0.6533544443333333
22/9/2020,308.78,Hold,Hold,Hold,Hold,Hold,Hold,Hold,Hold,Hold,Hold,-0.348087935,
23/9/2020,301.62,Hold,Hold,Hold,Hold,Hold,Hold,Hold,Hold,Buy,Hold,-0.086301352534206,0.7434063218
24/9/2020,302.42,Hold,Hold,Hold,Hold,Hold,Hold,Hold,Hold,Hold,Hold,0.9998481,0.9897109
25/9/2020,307.31,Hold,Hold,Hold,Hold,Hold,Hold,Hold,Hold,Hold,Hold,0.4999997603745,0.4762601875
28/9/2020,312.42,Hold,Hold,Hold,Hold,Hold,Hold,Hold,Hold,Hold,Hold,0.79982922534,1.4159988e-06
29/9/2020,310.71,Buy,Buy,Buy,Buy,Hold,Buy,Buy,Hold,Hold,Hold,0.9768561533333332,0.4999950308967499
30/9/2020,313.07,Hold,Hold,Hold,Hold,Hold,Hold,Hold,Hold,Hold,Hold,0.74577555025,
1/10/2020,315.08,Hold,Hold,Hold,Buy,Hold,Buy,Buy,Hold,Hold,Buy,0.99963754,0.00027744757
2/10/2020,312.09,Hold,Hold,Hold,Hold,Hold,Hold,Hold,Hold,Hold,Hold,0.498411718242,0.99995506
5/10/2020,317.62,Hold,Hold,Hold,Hold,Hold,Hold,Hold,Hold,Hold,Hold,2.8092736e-05,
6/10/2020,313.11,Hold,Hold,Hold,Hold,Hold,Hold,Hold,Hold,Hold,Hold,0.8554951,0.999895
7/10/2020,318.56,Hold,Hold,Hold,Hold,Hold,Hold,Hold,Hold,Hold,Hold,-0.49823332575,
8/10/2020,321.38,Hold,Hold,Hold,Hold,Hold,Hold,Hold,Hold,Hold,Hold,0.0001152999999999,0.89960206
9/10/2020,324.25,Hold,Hold,Hold,Hold,Hold,Hold,Hold,Hold,Hold,Hold,0.8892024,0.25518354945
12/10/2020,329.47,Hold,Hold,Hold,Hold,Hold,Hold,Hold,Hold,Hold,Hold,0.49992925373085,0.9715107
13/10/2020,327.32,Hold,Hold,Hold,Hold,Hold,Hold,Hold,Hold,Sell,Hold,0.836741426271971,
14/10/2020,325.26,Hold,Hold,Hold,Hold,Sell,Hold,Hold,Hold,Sell,Hold,6.886999999999865e-05,0.613880996
15/10/2020,324.86,Hold,Hold,Hold,Hold,Hold,Hold,Hold,Hold,Hold,Hold,,-0.9875107
16/10/2020,324.66,Hold,Hold,Hold,Hold,Hold,Hold,Hold,Hold,Hold,Hold,0.3338544266666667,-0.9999819
19/10/2020,319.73,Hold,Hold,Hold,Hold,Hold,Hold,Hold,Hold,Hold,Hold,,0.999739705
20/10/2020,321.01,Sell,Sell,Sell,Hold,Hold,Hold,Hold,Hold,Hold,Hold,0.66672609403,0.99229291
21/10/2020,320.4,Hold,Hold,Hold,Hold,Hold,Hold,Hold,Hold,Hold,Hold,0.3333236233333333,0.7776308716666667
22/10/2020,322.16,Sell,Hold,Hold,Sell,Hold,Hold,Hold,Hold,Hold,Sell,0.5064530575,0.924246025
23/10/2020,323.25,Hold,Hold,Hold,Hold,Hold,Hold,Sell,Hold,Hold,Hold,,0.93021892
26/10/2020,317.28,Hold,Hold,Hold,Hold,Hold,Hold,Hold,Hold,Hold,Hold,-0.99949324,0.99984603
27/10/2020,316.18,Hold,Hold,Sell,Hold,Hold,Sell,Hold,Sell,Hold,Hold,0.9993478,
28/10/2020,305.38,Hold,Hold,Hold,Hold,Hold,Hold,Hold,Hold,Hold,Hold,-0.7922425,0.4684832388756666
29/10/2020,308.48,Hold,Hold,Hold,Hold,Hold,Hold,Hold,Hold,Hold,Hold,0.999996,0.98246413
30/10/2020,305.26,Hold,Hold,Hold,Hold,Buy,Hold,Hold,Hold,Buy,Hold,0.0355557549999999,0.9999868
2/11/2020,308.69,Hold,Hold,Hold,Hold,Buy,Hold,Hold,Hold,Buy,Hold,0.867119235,0.9917457275
3/11/2020,314.14,Hold,Hold,Hold,Hold,Hold,Hold,Hold,Hold,Hold,Hold,0.5100038615,
4/11/2020,321.16,Buy,Buy,Buy,Hold,Hold,Hold,Hold,Hold,Hold,Hold,0.99999595,
5/11/2020,327.42,Hold,Hold,Hold,Buy,Hold,Buy,Buy,Hold,Hold,Buy,0.3058105733333333,0.36644128
6/11/2020,327.35,Hold,Hold,Hold,Hold,Hold,Hold,Hold,Hold,Hold,Hold,0.0046923322746999,0.6950731833333333
9/11/2020,331.46,Hold,Hold,Hold,Hold,Hold,Hold,Hold,Hold,Hold,Hold,0.94768304,
10/11/2020,330.97,Hold,Hold,Hold,Hold,Hold,Hold,Hold,Hold,Hold,Hold,0.02069628,
11/11/2020,333.43,Hold,Hold,Hold,Hold,Hold,Hold,Hold,Hold,Hold,Hold,0.9591428233333332,0.99998087
12/11/2020,330.2,Hold,Hold,Hold,Hold,Hold,Hold,Hold,Hold,Hold,Hold,0.9999901,-0.5005173325000001
13/11/2020,334.77,Hold,Hold,Hold,Hold,Hold,Hold,Hold,Hold,Hold,Hold,0.87304595,0.250232502089
16/11/2020,338.95,Hold,Hold,Hold,Hold,Hold,Hold,Hold,Hold,Hold,Hold,0.7046610492440585,0.94310685
17/11/2020,337.12,Hold,Hold,Hold,Hold,Hold,Hold,Hold,Hold,Sell,Hold,0.6773301465559769,0.989951739090909
18/11/2020,333.07,Hold,Hold,Hold,Hold,Hold,Hold,Hold,Hold,Sell,Hold,0.99580926,0.7681898935
19/11/2020,334.47,Hold,Hold,Hold,Hold,Hold,Hold,Hold,Hold,Sell,Hold,0.4939467993312638,0.9992443257142856
20/11/2020,332.18,Hold,Hold,Hold,Hold,Hold,Hold,Hold,Hold,Sell,Hold,0.2506919038999999,0.9999546133333332
23/11/2020,334.17,Hold,Hold,Hold,Hold,Hold,Hold,Hold,Hold,Sell,Hold,0.0244536401333333,0.993587565
24/11/2020,339.55,Hold,Hold,Hold,Hold,Hold,Hold,Hold,Hold,Sell,Hold,0.3146451868399133,-0.0008050386666666
25/11/2020,339.03,Hold,Hold,Hold,Hold,Hold,Hold,Hold,Hold,Hold,Hold,0.50179249,0.936490375
27/11/2020,339.98,Hold,Hold,Hold,Hold,Hold,Hold,Hold,Hold,Hold,Hold,,0.999966215
30/11/2020,338.47,Hold,Hold,Hold,Hold,Hold,Hold,Hold,Hold,Hold,Hold,0.7500845657,0.4710524599999999
1/12/2020,342.17,Hold,Hold,Hold,Hold,Hold,Hold,Hold,Hold,Hold,Hold,-0.3329357866666666,0.99999535
2/12/2020,342.89,Hold,Hold,Hold,Hold,Hold,Hold,Hold,Hold,Hold,Hold,0.0191725230045,0.9999143633333332
3/12/2020,342.8,Hold,Hold,Hold,Hold,Hold,Hold,Hold,Hold,Hold,Hold,0.99995553,0.996149186
4/12/2020,345.75,Hold,Hold,Hold,Hold,Hold,Hold,Hold,Hold,Hold,Hold,0.49900595,0.9985053
7/12/2020,345.04,Hold,Hold,Hold,Hold,Hold,Hold,Hold,Hold,Hold,Hold,0.9977385666666666,0.999975205
8/12/2020,346.05,Hold,Hold,Hold,Hold,Hold,Hold,Hold,Hold,Hold,Hold,0.99675481,0.9992394
9/12/2020,342.95,Hold,Hold,Hold,Hold,Hold,Hold,Hold,Hold,Hold,Hold,0.4988504069,0.99989605
10/12/2020,342.84,Sell,Hold,Hold,Hold,Hold,Hold,Hold,Hold,Hold,Hold,0.6669339234466666,0.49764587
11/12/2020,342.43,Hold,Hold,Hold,Hold,Sell,Hold,Hold,Hold,Sell,Hold,0.3852687713473053,0.9997437471428572
14/12/2020,340.9,Hold,Hold,Hold,Hold,Hold,Hold,Hold,Hold,Hold,Hold,0.002354584725,0.7199783519999999
15/12/2020,345.51,Hold,Sell,Hold,Hold,Hold,Hold,Hold,Hold,Hold,Hold,0.5139993465,
16/12/2020,346.05,Hold,Buy,Hold,Hold,Hold,Hold,Hold,Hold,Hold,Hold,0.50002264886,0.94025899
17/12/2020,347.99,Hold,Hold,Hold,Hold,Hold,Hold,Hold,Hold,Hold,Hold,-0.0238843759999999,0.9922180333333334
18/12/2020,346.6,Hold,Hold,Hold,Hold,Hold,Hold,Hold,Hold,Hold,Hold,0.2069804163120722,0.6210528185714285
21/12/2020,345.36,Hold,Hold,Hold,Hold,Sell,Hold,Hold,Hold,Hold,Hold,0.78269440794187,0.99994196
22/12/2020,344.78,Hold,Hold,Hold,Hold,Hold,Hold,Hold,Hold,Hold,Hold,0.1178627933333333,
23/12/2020,345.09,Hold,Hold,Hold,Hold,Hold,Hold,Hold,Hold,Hold,Hold,0.7217779903513704,
24/12/2020,346.43,Hold,Hold,Hold,Hold,Hold,Hold,Hold,Hold,Hold,Hold,-0.0017108049999999,
28/12/2020,349.4,Hold,Hold,Hold,Hold,Hold,Hold,Hold,Hold,Hold,Hold,0.9999971,0.99984916
29/12/2020,348.74,Hold,Hold,Hold,Hold,Hold,Hold,Hold,Hold,Hold,Hold,0.0562315,
30/12/2020,349.24,Hold,Hold,Hold,Hold,Hold,Hold,Hold,Hold,Hold,Hold,0.28140088619452,0.9993519
31/12/2020,351.01,Hold,Hold,Hold,Hold,Hold,Hold,Hold,Hold,Sell,Hold,,0.9956828266666669
4/1/2021,346.23,Hold,Hold,Hold,Hold,Hold,Hold,Hold,Hold,Hold,Hold,0.50243456665,0.9999992666666668
5/1/2021,348.62,Hold,Hold,Hold,Hold,Hold,Hold,Hold,Hold,Hold,Hold,0.99998164,
6/1/2021,350.7,Buy,Hold,Hold,Hold,Hold,Hold,Hold,Hold,Hold,Hold,8.390090000001786e-05,0.945959046
7/1/2021,355.91,Hold,Hold,Hold,Hold,Hold,Hold,Hold,Hold,Hold,Hold,-0.248858795871753,0.999785435
8/1/2021,357.94,Hold,Hold,Hold,Hold,Hold,Hold,Hold,Hold,Hold,Hold,0.49503742771,0.3356805593333333
11/1/2021,355.53,Hold,Hold,Hold,Hold,Hold,Hold,Hold,Hold,Hold,Hold,0.45670604267902,0.99981466
12/1/2021,355.6,Hold,Hold,Hold,Hold,Hold,Hold,Hold,Hold,Hold,Hold,0.73149809,0.999989075
13/1/2021,356.56,Hold,Hold,Hold,Hold,Hold,Hold,Hold,Hold,Sell,Hold,6.1849999999918914e-06,
14/1/2021,355.31,Hold,Hold,Hold,Hold,Hold,Hold,Hold,Hold,Hold,Hold,0.9997703,0.9964962
15/1/2021,352.72,Sell,Hold,Hold,Hold,Hold,Hold,Hold,Hold,Hold,Hold,0.092166276,0.999972535
19/1/2021,355.49,Sell,Hold,Hold,Hold,Hold,Hold,Hold,Hold,Hold,Hold,0.5398899175,0.99947374
20/1/2021,360.41,Buy,Hold,Hold,Buy,Hold,Hold,Hold,Hold,Hold,Hold,0.515828814575388,0.7931438175
21/1/2021,360.74,Hold,Hold,Hold,Hold,Hold,Hold,Hold,Hold,Hold,Hold,7.4251475e-06,0.9795999
22/1/2021,359.46,Hold,Hold,Hold,Hold,Hold,Hold,Hold,Hold,Hold,Hold,,0.3572743733333333
25/1/2021,360.88,Hold,Hold,Hold,Hold,Sell,Hold,Hold,Hold,Sell,Hold,4.6692374e-08,0.8946989242857143
26/1/2021,360.31,Hold,Hold,Hold,Hold,Sell,Hold,Hold,Hold,Sell,Hold,0.00023958,0.7907038881839
27/1/2021,351.51,Sell,Hold,Hold,Sell,Hold,Hold,Hold,Hold,Hold,Hold,0.999943585,0.4706823
28/1/2021,354.53,Hold,Sell,Hold,Hold,Hold,Hold,Sell,Hold,Hold,Hold,0.99728663,0.6504577064761905
29/1/2021,347.43,Hold,Hold,Hold,Buy,Hold,Hold,Buy,Hold,Hold,Hold,0.3775796099999999,0.7953769234929411
1/2/2021,353.22,Hold,Hold,Hold,Hold,Hold,Hold,Sell,Hold,Hold,Hold,0.05720664938895,0.6984734196533334
2/2/2021,358.21,Hold,Hold,Hold,Hold,Hold,Hold,Hold,Hold,Hold,Hold,0.001780006914,0.7885120313752632
3/2/2021,358.49,Buy,Hold,Hold,Buy,Hold,Hold,Hold,Hold,Hold,Hold,8.27500000000203e-06,0.6880450907
4/2/2021,362.57,Hold,Hold,Hold,Hold,Hold,Hold,Hold,Hold,Hold,Hold,0.500080722435,0.863723744090909
5/2/2021,363.99,Hold,Hold,Hold,Hold,Hold,Hold,Hold,Hold,Hold,Hold,-0.976082675,0.8940210727272727
8/2/2021,366.62,Hold,Hold,Hold,Hold,Hold,Hold,Hold,Hold,Hold,Hold,,0.77788236
9/2/2021,366.38,Hold,Hold,Hold,Hold,Hold,Hold,Hold,Hold,Hold,Hold,0.48490776755,0.94758458
10/2/2021,366.22,Hold,Hold,Hold,Hold,Hold,Hold,Hold,Hold,Hold,Hold,0.1815589635,0.7405397244444445
11/2/2021,366.81,Hold,Hold,Hold,Hold,Hold,Hold,Hold,Hold,Hold,Hold,0.050200984,0.9256977839142856
12/2/2021,368.62,Hold,Hold,Hold,Hold,Hold,Hold,Hold,Hold,Hold,Hold,-0.342184132,0.7965784918333333
16/2/2021,368.3,Hold,Hold,Hold,Hold,Hold,Hold,Hold,Hold,Hold,Hold,0.9940567,0.5809077558204125
17/2/2021,368.39,Hold,Hold,Hold,Hold,Sell,Hold,Hold,Hold,Sell,Hold,0.99833393,0.865093160875
18/2/2021,366.82,Hold,Hold,Hold,Hold,Hold,Hold,Hold,Hold,Hold,Hold,0.99927115,0.8929253109173333
19/2/2021,366.17,Hold,Hold,Hold,Hold,Sell,Hold,Hold,Hold,Sell,Hold,,0.6016655925
22/2/2021,363.36,Sell,Hold,Hold,Sell,Sell,Hold,Hold,Hold,Sell,Hold,0.9222014,0.708936452125
23/2/2021,363.8,Hold,Sell,Hold,Hold,Hold,Hold,Hold,Sell,Hold,Hold,,0.8252163195654745
24/2/2021,367.81,Hold,Hold,Hold,Hold,Sell,Hold,Hold,Hold,Sell,Hold,,0.8598443355200001
25/2/2021,358.94,Hold,Hold,Hold,Hold,Hold,Hold,Hold,Hold,Hold,Hold,,0.6376914489473684
26/2/2021,357.09,Hold,Sell,Sell,Hold,Hold,Sell,Sell,Sell,Hold,Hold,0.9986386,0.933073218538889
1/3/2021,365.75,Hold,Hold,Hold,Hold,Hold,Hold,Hold,Hold,Hold,Hold,0.12669128,0.9054450475633444
2/3/2021,362.9,Buy,Hold,Buy,Buy,Hold,Buy,Hold,Hold,Hold,Hold,-0.6632163962115399,0.9998226
3/3/2021,358.09,Hold,Hold,Sell,Hold,Hold,Hold,Hold,Sell,Hold,Hold,0.5774087313345375,0.65169243
4/3/2021,353.66,Hold,Hold,Hold,Hold,Hold,Sell,Hold,Hold,Hold,Hold,0.15739609883951,0.8722236730769232
5/3/2021,360.16,Hold,Hold,Hold,Hold,Hold,Hold,Hold,Hold,Hold,Hold,,0.5721760091058823
8/3/2021,358.37,Hold,Hold,Hold,Hold,Hold,Hold,Hold,Hold,Hold,Hold,0.1272855,0.8997047133333332
9/3/2021,363.49,Hold,Hold,Hold,Hold,Hold,Hold,Hold,Hold,Hold,Hold,-0.043486625,0.598611755139909
10/3/2021,365.75,Buy,Buy,Buy,Buy,Hold,Buy,Buy,Buy,Hold,Hold,0.4999990871915,0.9418668075
11/3/2021,369.46,Hold,Hold,Hold,Hold,Hold,Hold,Hold,Hold,Hold,Buy,0.017015688,0.8369437655612307
12/3/2021,369.96,Hold,Hold,Hold,Hold,Hold,Hold,Hold,Hold,Hold,Hold,0.9995426,0.8311850335550001
15/3/2021,372.16,Hold,Buy,Hold,Hold,Hold,Hold,Hold,Hold,Hold,Hold,2.545306e-05,0.9095001453333332
16/3/2021,371.69,Hold,Hold,Hold,Hold,Hold,Hold,Hold,Hold,Hold,Hold,0.637109445,0.3697092791249999
17/3/2021,372.96,Hold,Hold,Hold,Hold,Hold,Hold,Hold,Buy,Hold,Buy,0.9473645225,0.9073381539985932
18/3/2021,367.53,Hold,Hold,Hold,Hold,Hold,Hold,Hold,Hold,Hold,Hold,0.9999664,0.9099367736666668
19/3/2021,366.85,Hold,Hold,Hold,Hold,Hold,Hold,Hold,Hold,Hold,Hold,0.4999808253395,0.7034519106666667
22/3/2021,369.78,Sell,Sell,Hold,Hold,Hold,Hold,Hold,Hold,Hold,Hold,-0.9992071,0.9004869685160715
23/3/2021,366.87,Buy,Buy,Hold,Hold,Hold,Hold,Hold,Hold,Hold,Hold,0.9999711,0.8654797429575
24/3/2021,365.01,Sell,Sell,Hold,Sell,Hold,Hold,Hold,Hold,Hold,Hold,0.63380677,0.8895091222222222
25/3/2021,367.06,Hold,Hold,Hold,Hold,Hold,Hold,Sell,Hold,Hold,Hold,0.00013452,0.8336853528918888
26/3/2021,372.98,Buy,Hold,Hold,Buy,Hold,Hold,Hold,Hold,Hold,Hold,0.4999937586257685,0.7548066747857142
29/3/2021,372.79,Hold,Buy,Hold,Hold,Hold,Hold,Hold,Hold,Hold,Hold,0.99944608,0.8592033169319999
30/3/2021,371.8,Hold,Hold,Hold,Hold,Hold,Hold,Hold,Hold,Hold,Hold,0.2707455700325,0.6744166271455883
31/3/2021,373.31,Hold,Hold,Hold,Hold,Hold,Hold,Hold,Hold,Hold,Hold,0.3330287082003333,0.434908976
1/4/2021,377.34,Hold,Hold,Hold,Hold,Hold,Hold,Hold,Hold,Hold,Hold,0.6208149105980001,0.998847968
5/4/2021,382.75,Hold,Hold,Hold,Hold,Hold,Hold,Hold,Hold,Hold,Hold,-0.990666115,0.6380656911419933
6/4/2021,382.53,Hold,Hold,Hold,Hold,Hold,Hold,Hold,Hold,Hold,Hold,0.0022155571857814,0.8344471363789954
7/4/2021,382.97,Hold,Hold,Hold,Hold,Hold,Hold,Hold,Hold,Hold,Hold,,0.8346166433333333
8/4/2021,384.79,Hold,Hold,Hold,Hold,Hold,Hold,Hold,Hold,Sell,Hold,0.9992835133333332,0.6384787450565
9/4/2021,387.58,Hold,Hold,Hold,Hold,Hold,Hold,Hold,Hold,Sell,Hold,0.498658773266,0.5916165485714285
12/4/2021,387.73,Hold,Hold,Hold,Hold,Hold,Hold,Hold,Hold,Sell,Hold,,0.8639844741821
13/4/2021,388.87,Hold,Hold,Hold,Hold,Hold,Hold,Hold,Hold,Sell,Hold,0.020971995,0.69651255747475
14/4/2021,387.55,Hold,Hold,Hold,Hold,Hold,Hold,Hold,Hold,Sell,Hold,0.97734916,0.8285889936923077
15/4/2021,391.71,Hold,Hold,Hold,Hold,Hold,Hold,Hold,Hold,Sell,Hold,-0.9913056,0.99583525
16/4/2021,393.02,Hold,Hold,Hold,Hold,Hold,Hold,Hold,Hold,Sell,Hold,-5.178669749999999e-09,0.8653220785137894
19/4/2021,391.09,Hold,Hold,Hold,Hold,Hold,Hold,Hold,Hold,Sell,Hold,0.499996902130644,0.9825674618181818
20/4/2021,388.23,Hold,Hold,Hold,Hold,Hold,Hold,Hold,Hold,Sell,Hold,,0.393397705
21/4/2021,391.9,Hold,Hold,Hold,Hold,Hold,Hold,Hold,Hold,Sell,Hold,,0.8458030285536016
22/4/2021,388.32,Hold,Hold,Hold,Hold,Hold,Hold,Hold,Hold,Hold,Hold,7.8790447e-07,0.7537503475
23/4/2021,392.53,Hold,Hold,Hold,Hold,Hold,Hold,Hold,Hold,Hold,Hold,0.5948512450000001,0.9773529328571428
26/4/2021,393.35,Hold,Hold,Hold,Hold,Hold,Hold,Hold,Hold,Hold,Hold,,0.8334897042725
27/4/2021,393.26,Hold,Hold,Hold,Hold,Hold,Hold,Hold,Hold,Hold,Hold,0.49998803093,0.9785984857142856
28/4/2021,393.15,Hold,Hold,Hold,Hold,Hold,Hold,Hold,Hold,Hold,Hold,4.2652187e-05,0.88668673708
29/4/2021,395.66,Hold,Hold,Hold,Hold,Hold,Hold,Hold,Hold,Hold,Hold,0.033088494,0.919688
30/4/2021,393.06,Hold,Hold,Hold,Hold,Hold,Hold,Hold,Hold,Hold,Hold,0.26437299,0.9890265772727272
3/5/2021,393.9,Hold,Hold,Hold,Hold,Hold,Hold,Hold,Hold,Hold,Hold,-8.6685965e-09,0.8987436016666667
4/5/2021,391.47,Hold,Hold,Hold,Hold,Hold,Hold,Hold,Hold,Hold,Hold,0.0110780396017686,0.60425429976225
5/5/2021,391.6,Hold,Sell,Hold,Hold,Hold,Hold,Hold,Hold,Hold,Hold,,0.9164881584366666
6/5/2021,394.72,Hold,Hold,Hold,Hold,Hold,Hold,Hold,Hold,Hold,Hold,-0.99909884,0.7738620756157895
7/5/2021,397.6,Hold,Hold,Hold,Hold,Hold,Hold,Hold,Hold,Hold,Hold,0.998182505,0.9803710433333334
10/5/2021,393.66,Hold,Hold,Hold,Hold,Hold,Hold,Hold,Hold,Hold,Hold,6.520327e-05,0.8622546123582462
11/5/2021,390.15,Hold,Hold,Hold,Hold,Hold,Hold,Hold,Hold,Hold,Hold,-1.4569999999991534e-05,0.8880731326754745
12/5/2021,381.86,Hold,Sell,Hold,Hold,Hold,Hold,Sell,Sell,Hold,Hold,0.578147,0.8551123520170429
13/5/2021,386.44,Hold,Hold,Hold,Hold,Hold,Hold,Hold,Hold,Hold,Hold,-0.97930884,0.7011230153333333
14/5/2021,392.38,Hold,Hold,Hold,Hold,Hold,Hold,Hold,Hold,Hold,Hold,0.6599019,0.9201166442969786
17/5/2021,391.38,Hold,Buy,Hold,Hold,Hold,Hold,Buy,Hold,Hold,Hold,0.001073031,0.5538063977142856
18/5/2021,388.01,Hold,Hold,Hold,Hold,Hold,Hold,Hold,Sell,Hold,Hold,0.3283050999999999,0.96889765
19/5/2021,386.99,Hold,Hold,Hold,Hold,Hold,Hold,Hold,Hold,Hold,Hold,0.9999859333333332,0.834094978276375
20/5/2021,391.15,Hold,Hold,Hold,Hold,Hold,Hold,Hold,Hold,Hold,Hold,0.97942498,0.6677505584257001
21/5/2021,390.83,Buy,Buy,Hold,Buy,Hold,Hold,Buy,Buy,Hold,Hold,,0.9927789771428572
24/5/2021,394.82,Hold,Hold,Hold,Hold,Hold,Hold,Hold,Hold,Hold,Hold,0.2821126066666666,0.9940345128571428
25/5/2021,393.94,Hold,Hold,Hold,Hold,Hold,Hold,Hold,Hold,Hold,Hold,0.8946215,0.531235266
26/5/2021,394.72,Hold,Hold,Hold,Hold,Hold,Hold,Hold,Hold,Hold,Hold,,0.9964864428571428
27/5/2021,394.93,Hold,Hold,Hold,Hold,Hold,Hold,Hold,Hold,Hold,Buy,-0.3230006810133,0.990225494
28/5/2021,395.64,Hold,Hold,Hold,Hold,Hold,Hold,Hold,Hold,Hold,Hold,-0.0009814518666666,0.966087105
1/6/2021,395.29,Hold,Hold,Hold,Hold,Hold,Hold,Hold,Hold,Hold,Hold,0.99993485,0.8413956263334287
2/6/2021,395.91,Hold,Hold,Hold,Hold,Hold,Hold,Hold,Hold,Sell,Hold,0.0188966403333333,0.99028296
3/6/2021,394.44,Hold,Hold,Hold,Hold,Hold,Hold,Hold,Hold,Hold,Hold,0.999958975,0.99932971
4/6/2021,398.05,Hold,Hold,Hold,Hold,Hold,Hold,Hold,Hold,Hold,Hold,0.5728837892994351,0.2992226433333333
7/6/2021,397.66,Hold,Hold,Hold,Hold,Hold,Hold,Hold,Hold,Hold,Hold,0.0009181999999999,0.964218214
8/6/2021,397.75,Hold,Hold,Hold,Hold,Hold,Hold,Hold,Hold,Sell,Hold,0.9999976,0.965663365
9/6/2021,397.15,Hold,Hold,Hold,Hold,Hold,Hold,Hold,Hold,Sell,Hold,0.50064415425,0.979400342
10/6/2021,399.0,Hold,Hold,Hold,Hold,Hold,Hold,Hold,Hold,Sell,Hold,,0.881756288
11/6/2021,399.66,Hold,Hold,Hold,Hold,Hold,Hold,Hold,Hold,Sell,Hold,0.08274157,0.7365668194533334
14/6/2021,400.55,Hold,Hold,Hold,Hold,Hold,Hold,Hold,Hold,Sell,Hold,,0.9945639745454544
15/6/2021,399.82,Hold,Hold,Hold,Hold,Sell,Hold,Hold,Hold,Sell,Hold,0.9976603,0.978115545
16/6/2021,397.59,Hold,Hold,Hold,Hold,Hold,Hold,Hold,Hold,Hold,Hold,0.7412128299999999,0.45649159
17/6/2021,397.46,Sell,Sell,Hold,Sell,Hold,Hold,Hold,Hold,Hold,Hold,,0.805208318
18/6/2021,392.09,Hold,Hold,Hold,Hold,Hold,Hold,Hold,Hold,Hold,Hold,,0.864412765
21/6/2021,397.71,Hold,Hold,Hold,Hold,Hold,Hold,Sell,Hold,Hold,Hold,0.4265171373540999,0.9066976864992308
22/6/2021,399.83,Buy,Buy,Hold,Buy,Hold,Hold,Buy,Hold,Hold,Hold,0.500036521318,0.97343314625
23/6/2021,399.35,Hold,Hold,Hold,Hold,Hold,Hold,Hold,Hold,Hold,Hold,,0.999954508
24/6/2021,401.71,Hold,Hold,Hold,Hold,Hold,Hold,Hold,Hold,Hold,Hold,0.99989754,0.98569736
25/6/2021,403.14,Hold,Hold,Hold,Hold,Hold,Hold,Hold,Hold,Hold,Hold,-0.94689125,0.9965535733333332
28/6/2021,403.95,Hold,Hold,Hold,Hold,Hold,Hold,Hold,Hold,Hold,Hold,1.0243223e-06,0.62779805034
29/6/2021,404.17,Hold,Hold,Hold,Hold,Hold,Hold,Hold,Hold,Hold,Hold,-0.3177278994994867,0.9861323
30/6/2021,404.51,Hold,Hold,Hold,Hold,Hold,Hold,Hold,Hold,Hold,Hold,0.4868256528330375,0.997956095
1/7/2021,406.75,Hold,Hold,Hold,Hold,Hold,Hold,Hold,Hold,Hold,Hold,0.497808429984,0.9986042266666668
2/7/2021,409.86,Hold,Hold,Hold,Hold,Hold,Hold,Hold,Hold,Hold,Hold,0.60378504186355,0.0229668
6/7/2021,409.11,Hold,Hold,Hold,Hold,Hold,Hold,Hold,Hold,Hold,Hold,-0.018993925,0.969854802
7/7/2021,410.56,Hold,Hold,Hold,Hold,Hold,Hold,Hold,Hold,Sell,Hold,0.99822332,0.7777756525
8/7/2021,407.21,Hold,Hold,Hold,Hold,Hold,Hold,Hold,Hold,Hold,Hold,0.8429426,0.9800317511111112
9/7/2021,411.56,Hold,Hold,Hold,Hold,Hold,Hold,Hold,Hold,Sell,Hold,4.1839536e-07,0.999988315
12/7/2021,413.03,Hold,Hold,Hold,Hold,Hold,Hold,Hold,Hold,Sell,Hold,,0.662048487675
13/7/2021,411.63,Hold,Hold,Hold,Hold,Sell,Hold,Hold,Hold,Sell,Hold,-0.49973136284,0.6583015714166667
14/7/2021,412.24,Hold,Hold,Hold,Hold,Sell,Hold,Hold,Hold,Sell,Hold,0.07068878,0.3499163942857143
15/7/2021,410.83,Hold,Hold,Hold,Hold,Hold,Hold,Hold,Hold,Hold,Hold,0.99993125,0.292733228
16/7/2021,407.61,Sell,Hold,Hold,Sell,Hold,Hold,Hold,Hold,Hold,Hold,0.6606196486666667,0.9983000616666668
19/7/2021,401.59,Hold,Sell,Hold,Hold,Hold,Hold,Hold,Hold,Hold,Hold,0.3637107594299043,-0.21370755425
20/7/2021,407.35,Hold,Hold,Hold,Hold,Hold,Hold,Sell,Hold,Hold,Hold,6.1712626e-09,0.94981341
21/7/2021,410.64,Hold,Hold,Hold,Buy,Hold,Hold,Buy,Hold,Hold,Hold,0.49907396195,0.9999088
22/7/2021,411.5,Buy,Hold,Hold,Hold,Hold,Hold,Hold,Hold,Hold,Hold,0.6753211023333333,0.9995304816666666
23/7/2021,415.74,Hold,Hold,Hold,Hold,Hold,Hold,Hold,Hold,Hold,Hold,0.9653995,0.6344666516666667
26/7/2021,416.76,Hold,Hold,Hold,Hold,Hold,Hold,Hold,Hold,Hold,Hold,-8.496824e-08,0.7116476271428571
27/7/2021,414.86,Hold,Hold,Hold,Hold,Hold,Hold,Hold,Hold,Hold,Hold,0.9380845,0.9842661742857144
28/7/2021,414.69,Hold,Hold,Hold,Hold,Hold,Hold,Hold,Hold,Hold,Hold,,0.60184765174
29/7/2021,416.41,Hold,Hold,Hold,Hold,Hold,Hold,Hold,Hold,Hold,Hold,0.06372857,0.99864846
30/7/2021,414.39,Hold,Hold,Hold,Hold,Hold,Hold,Hold,Hold,Hold,Hold,0.999999,0.9999973
2/8/2021,413.52,Hold,Hold,Hold,Hold,Hold,Hold,Hold,Hold,Hold,Hold,,0.99590473875
3/8/2021,416.88,Hold,Hold,Hold,Hold,Hold,Hold,Hold,Hold,Hold,Hold,1.4950000000013564e-05,0.9974458083333334
4/8/2021,414.83,Hold,Hold,Hold,Hold,Hold,Hold,Hold,Hold,Hold,Hold,0.6552012273333333,0.847830478
5/8/2021,417.46,Hold,Hold,Hold,Hold,Hold,Hold,Hold,Hold,Hold,Hold,0.71684081,0.8666430566666667
6/8/2021,418.15,Hold,Hold,Hold,Hold,Hold,Hold,Hold,Hold,Sell,Hold,0.3433367409499,0.7169856666666666
9/8/2021,417.81,Hold,Hold,Hold,Hold,Hold,Hold,Hold,Hold,Sell,Hold,0.6588348149215995,0.86880880476875
10/8/2021,418.33,Hold,Hold,Hold,Hold,Hold,Hold,Hold,Hold,Hold,Hold,,0.99956065
11/8/2021,419.37,Hold,Hold,Hold,Hold,Hold,Hold,Hold,Hold,Hold,Hold,0.4657228574833333,0.6676333416006667
12/8/2021,420.62,Hold,Hold,Hold,Hold,Hold,Hold,Hold,Hold,Hold,Hold,,0.00238267
13/8/2021,421.39,Hold,Hold,Hold,Hold,Hold,Hold,Hold,Hold,Hold,Hold,0.6666221766073434,0.7107402843142857
16/8/2021,422.38,Hold,Hold,Hold,Hold,Hold,Hold,Hold,Hold,Sell,Hold,0.2499499863515,-0.12767975
17/8/2021,419.61,Hold,Hold,Hold,Hold,Hold,Hold,Hold,Hold,Hold,Hold,0.3708770625,0.4685822191666666
18/8/2021,415.02,Sell,Hold,Hold,Sell,Hold,Hold,Hold,Hold,Hold,Hold,0.40264283153375,0.99974334
19/8/2021,415.66,Sell,Sell,Hold,Sell,Hold,Hold,Sell,Hold,Hold,Hold,0.47890385,0.99916048
20/8/2021,418.97,Hold,Hold,Hold,Hold,Hold,Hold,Hold,Hold,Hold,Hold,,0.999948575
23/8/2021,422.65,Buy,Buy,Hold,Buy,Hold,Hold,Buy,Hold,Hold,Hold,0.53216474,0.837688172
24/8/2021,423.33,Hold,Hold,Hold,Hold,Hold,Hold,Hold,Hold,Hold,Hold,0.99998945,0.9964872666666666
25/8/2021,424.21,Hold,Hold,Hold,Hold,Hold,Hold,Hold,Hold,Hold,Hold,0.559575771,0.9993141966666668
26/8/2021,421.71,Hold,Hold,Hold,Hold,Hold,Hold,Hold,Hold,Hold,Hold,,0.9340887
27/8/2021,425.48,Hold,Hold,Hold,Hold,Sell,Hold,Hold,Hold,Hold,Hold,,0.994861935
30/8/2021,427.35,Hold,Hold,Hold,Hold,Hold,Hold,Hold,Hold,Hold,Hold,0.35504071681244,
31/8/2021,426.72,Hold,Hold,Hold,Hold,Hold,Hold,Hold,Hold,Hold,Hold,0.3333793155255333,0.7057576655375
1/9/2021,426.95,Hold,Hold,Hold,Hold,Hold,Hold,Hold,Hold,Hold,Hold,0.41370723492853,0.8177642525
2/9/2021,428.26,Hold,Hold,Hold,Hold,Hold,Hold,Hold,Hold,Hold,Hold,0.9778038433333331,0.99999607
3/9/2021,428.15,Hold,Hold,Hold,Hold,Hold,Hold,Hold,Hold,Hold,Hold,0.6678588306666667,-0.1106900538492
7/9/2021,426.62,Hold,Hold,Hold,Hold,Hold,Hold,Hold,Hold,Hold,Hold,0.499998745279285,0.6113783925
8/9/2021,426.1,Sell,Hold,Hold,Sell,Sell,Hold,Hold,Hold,Sell,Hold,0.9999821,0.66943471125
9/9/2021,424.28,Hold,Hold,Hold,Hold,Hold,Hold,Hold,Hold,Hold,Hold,,0.20383625
10/9/2021,420.93,Hold,Sell,Sell,Hold,Hold,Hold,Hold,Sell,Hold,Hold,0.9996901,0.7286336033333333
13/9/2021,422.01,Hold,Hold,Hold,Hold,Hold,Sell,Sell,Hold,Hold,Hold,,0.9905406116666668
14/9/2021,419.73,Hold,Hold,Hold,Hold,Hold,Hold,Hold,Hold,Hold,Hold,0.3162580426,0.884814568
15/9/2021,423.24,Hold,Hold,Hold,Hold,Hold,Hold,Sell,Hold,Hold,Hold,0.5005401775,0.82071838
16/9/2021,422.57,Hold,Hold,Hold,Hold,Hold,Hold,Hold,Hold,Hold,Hold,-0.4562468733333333,0.6859787279999999
17/9/2021,418.45,Hold,Hold,Hold,Hold,Hold,Sell,Hold,Hold,Hold,Hold,0.99954898,0.998416078
20/9/2021,411.48,Hold,Hold,Hold,Hold,Hold,Hold,Hold,Hold,Buy,Hold,0.3424401933333333,0.7569771011
21/9/2021,411.09,Hold,Hold,Sell,Hold,Hold,Sell,Hold,Sell,Buy,Hold,0.2692125466366,0.7646706299999999
22/9/2021,415.1,Hold,Hold,Hold,Hold,Hold,Hold,Hold,Hold,Hold,Hold,0.9964611,0.8370903075
23/9/2021,420.14,Hold,Hold,Hold,Hold,Hold,Hold,Hold,Hold,Hold,Hold,0.87255424,0.799804475926
24/9/2021,420.83,Hold,Hold,Hold,Hold,Hold,Hold,Hold,Hold,Hold,Hold,0.4385189187248,0.5343865975
27/9/2021,419.63,Hold,Hold,Hold,Hold,Hold,Hold,Hold,Hold,Hold,Hold,0.604103266,0.9999412
28/9/2021,411.17,Hold,Hold,Hold,Hold,Hold,Hold,Hold,Hold,Hold,Hold,0.381546464622986,0.9550698666666668
29/9/2021,411.86,Hold,Hold,Hold,Hold,Hold,Hold,Hold,Hold,Hold,Hold,-0.163714958094,0.2019984275
30/9/2021,406.83,Hold,Hold,Hold,Hold,Hold,Hold,Hold,Hold,Hold,Hold,0.958083335,0.9999799333333332
1/10/2021,411.67,Hold,Hold,Hold,Hold,Hold,Hold,Hold,Hold,Hold,Hold,-0.31928418,0.9999128133333332
4/10/2021,406.36,Hold,Hold,Hold,Hold,Hold,Hold,Hold,Hold,Hold,Hold,-0.3461705533333333,0.387395796
5/10/2021,410.58,Hold,Hold,Hold,Hold,Hold,Hold,Hold,Hold,Hold,Hold,,0.5710936025
6/10/2021,412.29,Hold,Hold,Hold,Hold,Hold,Hold,Hold,Hold,Hold,Hold,,0.43018518508
7/10/2021,415.86,Hold,Hold,Hold,Hold,Hold,Hold,Hold,Hold,Hold,Hold,0.749843602761745,0.99839375
8/10/2021,415.1,Buy,Buy,Buy,Buy,Hold,Buy,Buy,Hold,Hold,Hold,0.9999968,0.957462996
11/10/2021,412.09,Hold,Hold,Hold,Hold,Hold,Hold,Hold,Hold,Hold,Hold,0.993370675,0.714140185
12/10/2021,411.08,Hold,Hold,Hold,Hold,Hold,Hold,Hold,Hold,Hold,Hold,,0.99992701
13/10/2021,412.56,Hold,Hold,Hold,Hold,Hold,Hold,Hold,Hold,Hold,Hold,-0.3347315,0.99965533
14/10/2021,419.5,Hold,Buy,Hold,Hold,Hold,Hold,Buy,Hold,Hold,Hold,0.645063128575,0.9999882
15/10/2021,422.69,Hold,Hold,Buy,Hold,Hold,Buy,Hold,Buy,Hold,Hold,0.99998933,0.4119808083488001
18/10/2021,423.94,Hold,Hold,Hold,Hold,Hold,Hold,Hold,Hold,Hold,Hold,0.22052477089811,0.6830770841413091
19/10/2021,427.21,Hold,Hold,Hold,Hold,Hold,Hold,Hold,Hold,Hold,Hold,-0.49635329914107,0.65711744505
20/10/2021,428.89,Hold,Hold,Hold,Hold,Hold,Hold,Hold,Hold,Sell,Hold,0.66658400252198,0.6152753535600001
21/10/2021,430.01,Hold,Hold,Hold,Hold,Hold,Hold,Hold,Hold,Sell,Hold,0.99542725,0.4350305523954
22/10/2021,429.56,Hold,Hold,Hold,Hold,Hold,Hold,Hold,Hold,Sell,Hold,0.9998631,0.8373499200000001
25/10/2021,431.87,Hold,Hold,Hold,Hold,Hold,Hold,Hold,Hold,Sell,Hold,0.981503425,0.0993129276066666
26/10/2021,432.26,Hold,Hold,Hold,Hold,Hold,Hold,Hold,Hold,Sell,Hold,,0.8569882833333334
27/10/2021,430.34,Hold,Hold,Hold,Hold,Hold,Hold,Hold,Hold,Sell,Hold,0.401174835830713,
28/10/2021,434.49,Hold,Hold,Hold,Hold,Hold,Hold,Hold,Hold,Sell,Hold,0.549938563,0.9894995666666668
29/10/2021,435.38,Hold,Hold,Hold,Hold,Hold,Hold,Hold,Hold,Sell,Hold,0.9638120333333332,0.9684957283333334
1/11/2021,436.12,Hold,Hold,Hold,Hold,Hold,Hold,Hold,Hold,Sell,Hold,0.6356380101679031,0.8341142966666667
2/11/2021,437.89,Hold,Hold,Hold,Hold,Hold,Hold,Hold,Hold,Sell,Hold,0.019298222,0.998904246
3/11/2021,440.56,Hold,Hold,Hold,Hold,Hold,Hold,Hold,Hold,Sell,Hold,,0.87804236
4/11/2021,442.64,Hold,Hold,Hold,Hold,Hold,Hold,Hold,Hold,Sell,Hold,0.0001406679019373,0.49998203832
5/11/2021,444.17,Hold,Hold,Hold,Hold,Hold,Hold,Hold,Hold,Sell,Hold,0.80927935,0.9998961
8/11/2021,444.55,Hold,Hold,Hold,Hold,Hold,Hold,Hold,Hold,Sell,Hold,0.499644987423911,0.9995412333333332
9/11/2021,443.08,Hold,Hold,Hold,Hold,Hold,Hold,Hold,Hold,Sell,Hold,0.07299164,0.934357168
10/11/2021,439.52,Hold,Hold,Hold,Hold,Hold,Hold,Hold,Hold,Hold,Hold,0.675628318,0.69311218308
11/11/2021,439.66,Hold,Hold,Hold,Hold,Sell,Hold,Hold,Hold,Sell,Hold,0.97865038,0.3431620928571428
12/11/2021,442.98,Hold,Hold,Hold,Hold,Sell,Hold,Hold,Hold,Sell,Hold,0.999974325,0.995150675
15/11/2021,443.13,Hold,Hold,Hold,Hold,Sell,Hold,Hold,Hold,Sell,Hold,-0.9966703,0.52019719425
16/11/2021,444.88,Hold,Hold,Hold,Hold,Sell,Hold,Hold,Hold,Sell,Hold,0.992672706,0.994395825
17/11/2021,443.8,Hold,Hold,Hold,Hold,Sell,Hold,Hold,Hold,Sell,Hold,0.0648019617826833,0.873187365
18/11/2021,445.31,Hold,Hold,Hold,Hold,Sell,Hold,Hold,Hold,Sell,Hold,1.0423748e-05,0.99989213
19/11/2021,444.51,Hold,Sell,Hold,Hold,Hold,Hold,Sell,Hold,Hold,Hold,0.201066964,0.96724237
22/11/2021,443.26,Hold,Hold,Hold,Hold,Hold,Hold,Hold,Hold,Hold,Hold,0.3999713815924,0.5006226375
23/11/2021,443.85,Hold,Hold,Hold,Hold,Hold,Hold,Buy,Hold,Hold,Hold,0.9999813,0.99990543
24/11/2021,445.04,Hold,Hold,Hold,Hold,Hold,Hold,Hold,Hold,Hold,Hold,0.3333362,0.9970081925
26/11/2021,435.11,Hold,Hold,Hold,Hold,Hold,Hold,Hold,Hold,Hold,Hold,0.9999877,0.9963970766666668
29/11/2021,440.45,Hold,Sell,Sell,Hold,Hold,Sell,Sell,Sell,Hold,Hold,0.8336992303666667,0.60228456
30/11/2021,431.88,Hold,Hold,Hold,Hold,Hold,Buy,Hold,Hold,Hold,Hold,0.3642552925,0.315126237574
1/12/2021,427.08,Hold,Hold,Hold,Hold,Hold,Sell,Sell,Hold,Hold,Hold,0.89910233,0.99950590375
2/12/2021,433.62,Hold,Hold,Hold,Hold,Hold,Hold,Hold,Hold,Hold,Hold,0.99540019,0.98679395
3/12/2021,429.85,Hold,Hold,Hold,Hold,Hold,Hold,Hold,Hold,Hold,Hold,0.7158210700086001,0.7471900486749999
6/12/2021,434.94,Hold,Hold,Hold,Hold,Hold,Hold,Hold,Hold,Hold,Hold,0.999991525,0.89515604
7/12/2021,443.94,Hold,Hold,Hold,Hold,Hold,Hold,Hold,Hold,Hold,Hold,0.500007677866,0.6981129975
8/12/2021,445.11,Buy,Buy,Buy,Buy,Hold,Buy,Buy,Hold,Hold,Hold,0.384740581,0.99996346
9/12/2021,442.11,Hold,Hold,Buy,Hold,Hold,Buy,Hold,Hold,Hold,Hold,1.2004686e-07,0.9911248375
10/12/2021,446.27,Buy,Hold,Hold,Buy,Hold,Hold,Hold,Hold,Hold,Buy,0.4995801086842915,0.97266066
13/12/2021,442.32,Hold,Hold,Hold,Hold,Hold,Hold,Hold,Hold,Hold,Hold,0.708111112285,0.99383717
14/12/2021,439.27,Hold,Buy,Hold,Hold,Hold,Hold,Buy,Hold,Hold,Hold,0.499927264505805,0.996678224
15/12/2021,446.14,Sell,Sell,Hold,Sell,Hold,Hold,Sell,Hold,Hold,Hold,,0.9992158
16/12/2021,442.2,Buy,Buy,Hold,Buy,Hold,Hold,Buy,Buy,Hold,Hold,-0.999938,0.7218223666666667
17/12/2021,437.49,Sell,Hold,Hold,Sell,Hold,Hold,Hold,Hold,Hold,Hold,5.8835825e-09,0.9614678
20/12/2021,432.84,Hold,Sell,Hold,Hold,Hold,Hold,Sell,Hold,Hold,Buy,0.5688129195142857,0.9938009
21/12/2021,440.53,Hold,Hold,Hold,Hold,Hold,Hold,Hold,Hold,Hold,Hold,0.6717722066666667,
22/12/2021,444.93,Buy,Hold,Hold,Buy,Hold,Hold,Hold,Hold,Hold,Hold,0.3279454925,0.99978045
23/12/2021,447.7,Hold,Hold,Hold,Hold,Hold,Hold,Hold,Hold,Hold,Hold,0.1701678069396249,0.0001813605333333
27/12/2021,454.04,Hold,Hold,Hold,Hold,Hold,Hold,Hold,Hold,Hold,Hold,0.0513570498819,0.99939087
28/12/2021,453.67,Hold,Hold,Hold,Hold,Hold,Hold,Hold,Hold,Hold,Hold,0.196694614744,0.9984617
29/12/2021,454.25,Hold,Hold,Hold,Hold,Hold,Hold,Hold,Hold,Hold,Hold,-0.2084835946786375,0.99995846
30/12/2021,452.99,Hold,Hold,Hold,Hold,Hold,Hold,Hold,Hold,Hold,Hold,0.20226821437128,0.989129936
31/12/2021,451.85,Hold,Hold,Hold,Hold,Hold,Hold,Hold,Hold,Hold,Hold,0.7504429485714285,0.0633777949999999
3/1/2022,454.47,Hold,Hold,Hold,Hold,Hold,Hold,Hold,Hold,Hold,Hold,0.6018199863166,0.6301059600462767
4/1/2022,454.31,Hold,Hold,Hold,Hold,Hold,Hold,Hold,Hold,Hold,Hold,0.6928716130385714,
5/1/2022,445.59,Hold,Hold,Hold,Hold,Hold,Hold,Hold,Hold,Hold,Hold,0.1993952167729274,0.99985516
6/1/2022,445.17,Sell,Sell,Hold,Sell,Hold,Hold,Sell,Hold,Hold,Hold,0.4997696369069265,0.997104265
7/1/2022,443.41,Hold,Hold,Hold,Hold,Hold,Hold,Hold,Hold,Hold,Hold,0.3333307166666666,0.997729675
10/1/2022,442.86,Hold,Hold,Hold,Hold,Hold,Hold,Hold,Hold,Hold,Hold,0.247570435505988,0.9467277266666666
11/1/2022,446.89,Hold,Sell,Hold,Hold,Hold,Hold,Sell,Hold,Hold,Hold,0.9574936666666668,0.9047872233333332
12/1/2022,448.1,Hold,Hold,Hold,Hold,Hold,Hold,Hold,Hold,Hold,Hold,-0.3311650035999999,0.999933975
13/1/2022,441.93,Hold,Hold,Hold,Hold,Hold,Hold,Hold,Hold,Hold,Hold,0.1319741134688949,0.9999513825
14/1/2022,442.11,Hold,Hold,Sell,Hold,Hold,Sell,Hold,Sell,Buy,Hold,0.8963685440000001,0.967783297142857
18/1/2022,434.28,Hold,Hold,Hold,Hold,Hold,Hold,Hold,Hold,Buy,Hold,0.0089384676607499,0.998885615
19/1/2022,429.77,Hold,Hold,Hold,Hold,Hold,Hold,Hold,Hold,Buy,Hold,0.0012895233433726,0.99997445
20/1/2022,425.01,Hold,Hold,Hold,Hold,Hold,Hold,Hold,Hold,Buy,Hold,0.994780925,0.99474505
21/1/2022,416.67,Hold,Hold,Hold,Hold,Hold,Hold,Hold,Hold,Buy,Hold,0.4792372908,0.9356929675
24/1/2022,418.44,Hold,Hold,Hold,Hold,Hold,Hold,Hold,Hold,Buy,Hold,0.6410702936908333,0.60285104
25/1/2022,413.33,Hold,Hold,Hold,Hold,Hold,Hold,Hold,Hold,Buy,Hold,0.6269777461120001,0.9957632333333332
26/1/2022,412.29,Hold,Hold,Hold,Hold,Hold,Hold,Hold,Hold,Buy,Hold,0.35818798631,0.94170473
27/1/2022,410.26,Hold,Hold,Hold,Hold,Buy,Hold,Hold,Hold,Buy,Hold,-0.061553387763633,0.7132930133172272
28/1/2022,420.45,Hold,Hold,Hold,Hold,Hold,Hold,Hold,Hold,Hold,Hold,0.5798733096457135,0.926475238
31/1/2022,428.02,Hold,Hold,Hold,Hold,Hold,Hold,Hold,Hold,Hold,Hold,0.93595159,0.8709159900875
1/2/2022,430.91,Buy,Buy,Hold,Hold,Hold,Hold,Hold,Hold,Hold,Hold,3.8863855e-06,0.4934549766666667
2/2/2022,435.1,Buy,Hold,Hold,Buy,Hold,Hold,Buy,Hold,Hold,Hold,0.499848605535175,0.8023078016666667
3/2/2022,424.87,Hold,Hold,Hold,Hold,Hold,Hold,Hold,Hold,Hold,Hold,0.2964858554784569,0.9991108
4/2/2022,426.87,Hold,Sell,Hold,Hold,Hold,Hold,Sell,Hold,Hold,Hold,0.3796101532294227,0.7876329935
7/2/2022,425.5,Hold,Buy,Hold,Hold,Hold,Hold,Buy,Buy,Hold,Hold,0.2033597505896,0.70751524526
8/2/2022,429.0,Sell,Sell,Hold,Hold,Hold,Hold,Hold,Hold,Hold,Hold,0.007555804064812,0.998843555
9/2/2022,435.28,Hold,Hold,Hold,Hold,Hold,Hold,Hold,Buy,Hold,Hold,0.2018839774524908,0.9933207666666668
10/2/2022,427.46,Hold,Hold,Hold,Hold,Hold,Hold,Hold,Hold,Hold,Hold,0.476552026225,0.9999981
11/2/2022,419.03,Sell,Sell,Hold,Sell,Hold,Hold,Sell,Hold,Hold,Hold,0.4960110561476237,0.592478255
14/2/2022,417.66,Hold,Hold,Hold,Hold,Hold,Hold,Hold,Hold,Hold,Hold,0.593377560424,0.8549330239999999
15/2/2022,424.39,Hold,Hold,Hold,Hold,Hold,Hold,Hold,Hold,Hold,Hold,0.041144199574,0.94611305
16/2/2022,424.87,Hold,Hold,Hold,Hold,Hold,Hold,Hold,Hold,Hold,Hold,2.7541318e-09,0.6663125233333334
17/2/2022,415.79,Sell,Hold,Hold,Hold,Hold,Hold,Hold,Hold,Hold,Sell,-0.3410392987561236,0.9836095
18/2/2022,413.1,Hold,Hold,Hold,Hold,Hold,Hold,Hold,Hold,Hold,Hold,-0.3169576447193333,0.009183611175
22/2/2022,408.67,Hold,Hold,Hold,Hold,Hold,Hold,Hold,Hold,Hold,Hold,0.0869646428,0.9852042971428572
23/2/2022,401.42,Hold,Hold,Hold,Hold,Hold,Hold,Hold,Hold,Buy,Hold,0.24628325706165,0.99998796
24/2/2022,407.46,Hold,Hold,Hold,Hold,Hold,Hold,Hold,Sell,Hold,Sell,-0.0324091130821112,0.4769370625
25/2/2022,416.45,Hold,Hold,Hold,Hold,Hold,Hold,Hold,Hold,Hold,Hold,0.79085010033428,0.9974247825
28/2/2022,415.39,Buy,Buy,Hold,Hold,Hold,Hold,Hold,Hold,Hold,Hold,-0.1576295460393925,0.9757642875
1/3/2022,409.06,Sell,Hold,Hold,Hold,Hold,Hold,Hold,Hold,Hold,Hold,0.7482132962175,0.986987575
2/3/2022,416.58,Buy,Hold,Hold,Hold,Hold,Hold,Hold,Hold,Hold,Hold,0.7449299177947085,0.9989777
3/3/2022,414.51,Hold,Buy,Hold,Hold,Hold,Hold,Hold,Hold,Hold,Hold,0.7997723768618645,0.6119618566666667
4/3/2022,411.14,Sell,Sell,Hold,Hold,Hold,Hold,Hold,Hold,Hold,Hold,-0.4920661575,0.9992580925
7/3/2022,399.02,Hold,Hold,Hold,Hold,Hold,Hold,Hold,Hold,Hold,Hold,-0.9999916,0.7992498246
8/3/2022,396.0,Hold,Buy,Hold,Hold,Hold,Hold,Buy,Hold,Hold,Hold,0.60893044,0.9993753572727272
9/3/2022,406.61,Hold,Hold,Hold,Hold,Hold,Hold,Hold,Hold,Hold,Hold,0.18851939526764,0.9990432166666666
10/3/2022,404.78,Hold,Hold,Hold,Hold,Hold,Hold,Hold,Hold,Hold,Hold,0.1423932315,0.9495844
11/3/2022,399.63,Hold,Hold,Hold,Hold,Hold,Hold,Hold,Hold,Hold,Hold,0.507682598547495,0.771053874682
14/3/2022,396.71,Hold,Hold,Hold,Hold,Hold,Hold,Hold,Hold,Hold,Hold,0.1369801969142857,0.9848801333333334
15/3/2022,405.43,Hold,Hold,Hold,Hold,Hold,Hold,Hold,Hold,Hold,Hold,0.4977105921712377,0.999676958
16/3/2022,414.42,Buy,Hold,Hold,Buy,Hold,Hold,Hold,Hold,Hold,Buy,0.253377163126625,0.6863131
17/3/2022,419.61,Hold,Buy,Buy,Hold,Hold,Buy,Buy,Buy,Hold,Hold,0.9810637375,
18/3/2022,424.21,Hold,Hold,Hold,Hold,Hold,Hold,Hold,Hold,Hold,Hold,0.5916619597577341,0.99998848
21/3/2022,424.08,Hold,Hold,Hold,Hold,Hold,Hold,Hold,Hold,Hold,Hold,0.2786866799582357,0.9883946
22/3/2022,429.04,Hold,Hold,Hold,Hold,Hold,Hold,Hold,Hold,Hold,Hold,0.218693921144,0.99998277
23/3/2022,423.52,Hold,Hold,Hold,Hold,Hold,Hold,Hold,Hold,Hold,Hold,0.631744289175,0.1870711775588571
24/3/2022,429.9,Hold,Hold,Hold,Hold,Hold,Hold,Hold,Hold,Hold,Hold,0.017442318149,-0.99993825
25/3/2022,432.0,Hold,Hold,Hold,Hold,Hold,Hold,Hold,Hold,Sell,Hold,0.2001011526804,0.75790507
28/3/2022,435.08,Hold,Hold,Hold,Hold,Hold,Hold,Hold,Hold,Sell,Hold,0.3725477074233539,0.4803915348
29/3/2022,440.46,Hold,Hold,Hold,Hold,Hold,Hold,Hold,Hold,Sell,Hold,-8.824323400028847e-06,0.8320644536133334
30/3/2022,437.74,Hold,Hold,Hold,Hold,Hold,Hold,Hold,Hold,Sell,Hold,0.5713646451020343,0.999754315
31/3/2022,431.0,Hold,Hold,Hold,Hold,Sell,Hold,Hold,Hold,Sell,Hold,0.5985767421128113,0.999919215
1/4/2022,432.22,Hold,Hold,Hold,Hold,Sell,Hold,Hold,Hold,Sell,Hold,0.35361299123675,0.40025941382
4/4/2022,435.92,Hold,Hold,Hold,Hold,Sell,Hold,Hold,Hold,Sell,Hold,0.498142564364378,0.9319477
5/4/2022,430.42,Hold,Hold,Hold,Hold,Hold,Hold,Hold,Hold,Hold,Hold,0.4912457942766666,0.999914555
6/4/2022,426.11,Hold,Hold,Hold,Hold,Hold,Hold,Hold,Hold,Hold,Hold,-0.084844888079568,0.6252397625
7/4/2022,428.26,Sell,Sell,Sell,Sell,Hold,Sell,Sell,Sell,Hold,Sell,-1.700000000215418e-07,0.73293805
8/4/2022,427.12,Hold,Hold,Hold,Hold,Hold,Hold,Hold,Hold,Hold,Hold,0.099256925579325,
11/4/2022,419.82,Hold,Hold,Hold,Hold,Hold,Hold,Sell,Hold,Hold,Hold,-2.5718629160003664e-05,0.5335652191326087
12/4/2022,418.26,Hold,Hold,Hold,Hold,Hold,Sell,Hold,Hold,Hold,Hold,-0.0511567599999999,0.7827054949565218
13/4/2022,423.05,Hold,Hold,Hold,Hold,Hold,Hold,Hold,Hold,Hold,Hold,0.6665650688328334,0.91393404
14/4/2022,417.78,Hold,Hold,Hold,Hold,Hold,Hold,Hold,Hold,Hold,Hold,0.1655931174,0.9960930471428572
18/4/2022,417.95,Hold,Hold,Hold,Hold,Hold,Hold,Hold,Sell,Hold,Hold,0.3704824008555555,0.9965422333333334
19/4/2022,424.7,Hold,Hold,Sell,Hold,Hold,Sell,Hold,Hold,Hold,Hold,0.503465225,0.3116901565048187
20/4/2022,424.39,Hold,Hold,Hold,Hold,Hold,Hold,Hold,Hold,Hold,Hold,-8.370055969999118e-05,0.5898338255555555
21/4/2022,418.04,Hold,Hold,Hold,Hold,Hold,Hold,Hold,Hold,Hold,Hold,-0.4999921940028274,0.7583394725323412
22/4/2022,406.57,Hold,Hold,Hold,Hold,Hold,Hold,Hold,Hold,Buy,Hold,0.0012231599999999,0.5931760757894736
25/4/2022,408.93,Hold,Hold,Hold,Hold,Hold,Hold,Hold,Hold,Buy,Hold,0.3988518752223216,0.9168665744166666
26/4/2022,397.08,Hold,Hold,Hold,Hold,Hold,Hold,Hold,Hold,Buy,Hold,-0.5155821517955134,0.7427551379576923
27/4/2022,398.2,Hold,Hold,Hold,Hold,Hold,Hold,Hold,Hold,Buy,Hold,0.7967951461046539,0.875669812652174
28/4/2022,408.26,Hold,Hold,Hold,Hold,Hold,Hold,Hold,Hold,Hold,Hold,0.3345968535484249,0.92170234884375
29/4/2022,393.17,Hold,Hold,Hold,Hold,Hold,Hold,Hold,Hold,Buy,Hold,-0.4917565427272727,0.99369013
2/5/2022,395.54,Hold,Hold,Hold,Hold,Hold,Hold,Hold,Hold,Hold,Hold,0.4827419581847362,0.7000785333333334
3/5/2022,397.35,Hold,Hold,Hold,Hold,Hold,Hold,Hold,Hold,Hold,Hold,-0.3350077468590857,0.827188393571093
4/5/2022,409.45,Hold,Hold,Hold,Hold,Hold,Hold,Hold,Hold,Hold,Hold,0.2499247847791935,0.688364025489327
5/5/2022,394.9,Hold,Hold,Hold,Hold,Hold,Hold,Hold,Hold,Hold,Hold,0.2499404725599562,0.794790488383257
6/5/2022,392.54,Hold,Hold,Hold,Hold,Hold,Hold,Hold,Hold,Hold,Hold,0.966335455,0.8520492451999999
9/5/2022,379.97,Hold,Hold,Hold,Hold,Hold,Hold,Hold,Hold,Buy,Hold,-0.181460833820725,0.8358299278571428
10/5/2022,380.85,Hold,Hold,Hold,Hold,Hold,Hold,Hold,Hold,Buy,Hold,0.1293178374999999,0.519213039771695
11/5/2022,374.8,Hold,Hold,Hold,Hold,Hold,Hold,Hold,Hold,Buy,Hold,0.0906515365,0.55796168
12/5/2022,374.41,Hold,Hold,Hold,Hold,Hold,Hold,Hold,Hold,Hold,Hold,0.21462038,0.9209512914285716
13/5/2022,383.36,Hold,Hold,Hold,Hold,Hold,Hold,Hold,Hold,Hold,Hold,0.6125666460558886,0.92999101
16/5/2022,381.81,Hold,Hold,Hold,Hold,Hold,Hold,Hold,Hold,Hold,Hold,0.1273030985714285,0.7561576055555556
17/5/2022,389.66,Hold,Hold,Hold,Hold,Hold,Hold,Hold,Hold,Hold,Hold,0.6666587176608704,0.6050819038461538
18/5/2022,373.95,Buy,Buy,Hold,Hold,Hold,Hold,Hold,Hold,Hold,Hold,0.6406928332566482,0.6143188836363636
19/5/2022,371.66,Hold,Sell,Hold,Hold,Hold,Hold,Hold,Hold,Hold,Hold,0.2895254652631578,0.8346470208695651
20/5/2022,371.82,Hold,Hold,Hold,Hold,Hold,Hold,Hold,Hold,Hold,Hold,0.3296966463636364,0.7495799246666667
23/5/2022,378.78,Hold,Hold,Hold,Hold,Hold,Hold,Hold,Hold,Hold,Hold,-0.19927427164036,0.8174116718181818
24/5/2022,375.89,Buy,Hold,Hold,Buy,Buy,Hold,Hold,Hold,Buy,Buy,0.599987234,0.7161604629062858
25/5/2022,379.21,Hold,Buy,Hold,Hold,Hold,Hold,Buy,Hold,Hold,Hold,0.2010301810184827,0.6882521142352942
26/5/2022,386.79,Hold,Hold,Hold,Hold,Hold,Hold,Hold,Hold,Hold,Hold,0.3753801479999999,0.7927291692307693
27/5/2022,396.28,Hold,Buy,Buy,Hold,Hold,Buy,Buy,Buy,Hold,Hold,0.1602830534579471,0.5229716654
31/5/2022,394.06,Hold,Hold,Hold,Hold,Hold,Hold,Hold,Hold,Hold,Hold,0.565753628,0.7465176949428571
1/6/2022,390.87,Hold,Hold,Hold,Hold,Hold,Hold,Hold,Hold,Hold,Hold,0.0045362112993,0.9118651644444444
2/6/2022,398.32,Hold,Hold,Hold,Hold,Hold,Hold,Hold,Hold,Hold,Hold,0.3812651566666667,0.984152392
3/6/2022,391.78,Hold,Hold,Hold,Hold,Hold,Hold,Hold,Hold,Hold,Hold,0.20007179979827,0.6723594429374091
6/6/2022,392.97,Hold,Hold,Hold,Hold,Hold,Hold,Hold,Hold,Hold,Hold,0.4798751037424333,0.7763413100000001
7/6/2022,396.74,Hold,Hold,Hold,Hold,Hold,Hold,Hold,Hold,Hold,Hold,-0.3308146133333333,0.744532085
8/6/2022,392.43,Hold,Hold,Hold,Hold,Hold,Hold,Hold,Hold,Hold,Hold,0.429851117635025,0.80661419943
9/6/2022,383.09,Hold,Hold,Hold,Hold,Hold,Hold,Hold,Hold,Hold,Hold,0.3883360857142857,0.9989471675
10/6/2022,371.99,Sell,Sell,Sell,Sell,Hold,Sell,Sell,Sell,Hold,Hold,0.5880181131998333,0.8200463484615385
13/6/2022,357.86,Hold,Hold,Hold,Hold,Hold,Hold,Hold,Hold,Hold,Sell,0.1255240929090909,0.8147301602079384
14/6/2022,356.78,Hold,Hold,Hold,Hold,Hold,Hold,Hold,Hold,Hold,Hold,0.5581293391779482,0.7505607628333334
15/6/2022,361.87,Hold,Hold,Hold,Hold,Hold,Hold,Hold,Hold,Hold,Hold,0.9809686325,0.8447024201714285
16/6/2022,349.89,Hold,Hold,Hold,Hold,Hold,Hold,Hold,Hold,Buy,Hold,-0.30480017,0.7061633585714285
17/6/2022,350.65,Hold,Hold,Hold,Hold,Hold,Hold,Hold,Sell,Buy,Hold,0.720203401725,0.25988872
21/6/2022,359.48,Hold,Hold,Hold,Hold,Hold,Hold,Hold,Hold,Hold,Hold,0.74997983789126,0.9314637013450432
22/6/2022,358.82,Hold,Hold,Hold,Hold,Hold,Hold,Hold,Hold,Hold,Hold,0.3291193789545167,0.6835781702941177
23/6/2022,362.34,Hold,Hold,Hold,Hold,Buy,Hold,Hold,Hold,Buy,Hold,0.75004855382,0.8493434405663286
24/6/2022,373.86,Hold,Hold,Hold,Hold,Hold,Hold,Hold,Hold,Hold,Hold,0.2700766269521625,0.7347941407692308
27/6/2022,372.43,Buy,Buy,Hold,Buy,Hold,Hold,Buy,Hold,Hold,Hold,0.6235956496666667,0.9949968542857144
28/6/2022,364.82,Hold,Hold,Hold,Hold,Hold,Hold,Hold,Hold,Hold,Hold,0.999983085,0.7921725868571429
29/6/2022,364.53,Hold,Hold,Hold,Hold,Hold,Hold,Hold,Hold,Hold,Hold,-0.0115802333333333,0.8441878638888889
30/6/2022,361.56,Hold,Buy,Hold,Hold,Hold,Hold,Buy,Hold,Hold,Hold,-0.7784497241733334,0.8676003542857144
1/7/2022,365.39,Hold,Hold,Hold,Hold,Hold,Hold,Hold,Hold,Hold,Hold,-0.7405878935625,0.72314787
5/7/2022,366.08,Hold,Hold,Hold,Hold,Hold,Hold,Hold,Hold,Hold,Hold,0.0553533678593396,0.28142022
6/7/2022,367.32,Hold,Buy,Hold,Hold,Hold,Hold,Hold,Buy,Hold,Hold,0.70626935,0.001152445
7/7/2022,372.82,Hold,Hold,Hold,Hold,Hold,Hold,Hold,Hold,Hold,Hold,0.104124484136575,0.9842003342857144
8/7/2022,372.51,Hold,Hold,Hold,Hold,Sell,Hold,Buy,Buy,Sell,Hold,0.26682065,0.999948875
11/7/2022,368.25,Hold,Hold,Hold,Hold,Hold,Hold,Hold,Hold,Hold,Hold,-0.1647280533333333,0.8913464593333332
12/7/2022,365.0,Hold,Sell,Hold,Hold,Sell,Hold,Sell,Hold,Hold,Hold,0.7921043283984,0.8667241965400001
13/7/2022,363.08,Hold,Sell,Hold,Hold,Hold,Hold,Hold,Hold,Hold,Hold,-0.9999968,0.8661086698263715
14/7/2022,362.2,Hold,Buy,Hold,Hold,Hold,Hold,Buy,Hold,Hold,Hold,-0.1685401996856666,0.6058549765495652
15/7/2022,369.12,Hold,Hold,Hold,Hold,Hold,Hold,Hold,Hold,Hold,Hold,-0.499430425660011,0.77663459952625
18/7/2022,366.07,Hold,Buy,Buy,Hold,Hold,Buy,Buy,Hold,Hold,Hold,-0.0003840199999999,0.1670575987160566
19/7/2022,375.96,Hold,Sell,Hold,Hold,Hold,Hold,Sell,Hold,Hold,Hold,0.701372675,0.7796559063846153
20/7/2022,378.36,Hold,Hold,Buy,Hold,Sell,Buy,Hold,Hold,Hold,Hold,0.9623414333333334,0.6937178395052632
21/7/2022,382.21,Hold,Hold,Hold,Hold,Hold,Hold,Hold,Hold,Sell,Hold,0.1253358474999999,0.7012560962238893
22/7/2022,378.66,Hold,Hold,Hold,Hold,Hold,Hold,Hold,Hold,Hold,Hold,0.9880794075,0.6714652603703584
25/7/2022,379.12,Hold,Hold,Hold,Hold,Hold,Hold,Hold,Hold,Hold,Hold,0.4229964108237827,0.777738743
26/7/2022,374.64,Hold,Hold,Hold,Hold,Hold,Hold,Hold,Hold,Hold,Hold,8.524999999981464e-06,0.6693338783333332
27/7/2022,384.37,Hold,Hold,Hold,Hold,Hold,Hold,Hold,Hold,Hold,Hold,0.9965042466666668,0.7082194554428571
28/7/2022,389.19,Hold,Hold,Hold,Hold,Hold,Hold,Hold,Hold,Hold,Hold,4.115499999995942e-05,0.4968648685714285
29/7/2022,394.86,Hold,Hold,Hold,Hold,Hold,Hold,Hold,Hold,Sell,Hold,0.5025304575,0.6589599272727272
1/8/2022,393.69,Hold,Hold,Hold,Hold,Hold,Hold,Hold,Hold,Sell,Hold,0.3777591819999999,0.985672467
2/8/2022,391.09,Hold,Hold,Hold,Hold,Hold,Hold,Hold,Hold,Sell,Hold,0.9827259333333332,0.7230649757142856
3/8/2022,397.22,Hold,Hold,Hold,Hold,Hold,Hold,Hold,Hold,Sell,Hold,0.25214061183191,0.9845764571428572
4/8/2022,396.95,Hold,Hold,Hold,Hold,Hold,Hold,Hold,Hold,Sell,Hold,0.987111285,0.7195892014666667
5/8/2022,396.28,Hold,Hold,Hold,Hold,Hold,Hold,Hold,Hold,Sell,Hold,,0.6645822751650923
8/8/2022,395.82,Hold,Hold,Hold,Hold,Hold,Hold,Hold,Hold,Sell,Hold,0.253359553752,0.9205716590259376
9/8/2022,394.25,Hold,Hold,Hold,Hold,Hold,Hold,Hold,Hold,Hold,Hold,0.0001930360379999,0.6920148853
10/8/2022,402.53,Hold,Hold,Hold,Hold,Hold,Hold,Hold,Hold,Sell,Hold,0.391818049,0.3319550385503312
11/8/2022,402.53,Hold,Hold,Hold,Hold,Hold,Hold,Hold,Hold,Sell,Hold,-0.7105066250000001,0.8732199377585882
12/8/2022,409.34,Hold,Hold,Hold,Hold,Hold,Hold,Hold,Hold,Sell,Hold,-0.0496350148646666,0.7519478957238667
15/8/2022,411.03,Hold,Hold,Hold,Hold,Hold,Hold,Hold,Hold,Sell,Hold,0.5960389283549999,0.7699791925
16/8/2022,411.83,Hold,Hold,Hold,Hold,Hold,Hold,Hold,Hold,Sell,Hold,0.0032949333742178,0.8688221843357941
17/8/2022,408.91,Hold,Hold,Hold,Hold,Sell,Hold,Hold,Hold,Sell,Hold,0.7478928075864926,0.44162079731375
18/8/2022,410.1,Hold,Hold,Hold,Hold,Sell,Hold,Hold,Hold,Sell,Hold,0.69918914,0.85361415
19/8/2022,404.59,Hold,Hold,Hold,Hold,Hold,Hold,Hold,Hold,Hold,Hold,-0.00139825,0.8164141794117646
22/8/2022,396.16,Sell,Hold,Hold,Sell,Hold,Hold,Hold,Hold,Hold,Hold,-0.3330070533333333,0.8597287832619047
23/8/2022,395.21,Hold,Sell,Sell,Hold,Hold,Sell,Sell,Sell,Hold,Hold,0.632142865,0.91980159
24/8/2022,396.47,Hold,Hold,Hold,Hold,Hold,Hold,Hold,Hold,Hold,Hold,0.4991094945916,0.1698223449999999
25/8/2022,402.07,Hold,Hold,Hold,Hold,Hold,Hold,Hold,Hold,Hold,Hold,0.9975367,0.6845741658333333
26/8/2022,388.46,Hold,Hold,Hold,Hold,Hold,Hold,Hold,Hold,Hold,Hold,0.3294729966666667,0.8789003875
29/8/2022,385.89,Hold,Hold,Sell,Hold,Hold,Sell,Hold,Sell,Hold,Hold,,0.9216427275
30/8/2022,381.65,Hold,Hold,Hold,Hold,Hold,Hold,Hold,Hold,Hold,Hold,0.25278349,0.5572204975454546
31/8/2022,378.75,Hold,Hold,Hold,Hold,Hold,Hold,Hold,Hold,Buy,Hold,0.1440626432960275,0.5830293205727273
1/9/2022,379.94,Hold,Hold,Hold,Hold,Hold,Hold,Hold,Hold,Buy,Hold,0.0007724326153857,0.5772401802593
2/9/2022,375.93,Hold,Hold,Hold,Hold,Hold,Hold,Hold,Hold,Buy,Hold,-0.99038771,0.8071397652000001
6/9/2022,374.51,Hold,Hold,Hold,Hold,Buy,Hold,Hold,Hold,Buy,Hold,0.6321532480000001,0.4816001164375
7/9/2022,381.24,Hold,Hold,Hold,Hold,Buy,Hold,Hold,Hold,Buy,Hold,0.6641953916195726,0.5333399396763153
8/9/2022,383.73,Hold,Hold,Hold,Hold,Buy,Hold,Hold,Hold,Buy,Hold,0.3324422616666667,0.7480264739
9/9/2022,389.69,Hold,Hold,Hold,Hold,Hold,Hold,Hold,Hold,Hold,Hold,0.3809979685,0.805667196825
12/9/2022,393.88,Hold,Buy,Hold,Hold,Hold,Hold,Buy,Hold,Hold,Hold,0.7499554013358,0.946080236923077
13/9/2022,376.76,Hold,Hold,Hold,Hold,Hold,Hold,Hold,Hold,Hold,Hold,-0.315765975,0.4359326519667857
14/9/2022,378.19,Hold,Sell,Hold,Hold,Hold,Hold,Sell,Hold,Hold,Hold,-0.20023004125,0.5543561137222223
15/9/2022,373.9,Hold,Hold,Hold,Hold,Hold,Hold,Hold,Hold,Hold,Hold,-0.21585423,0.3649457284007134
16/9/2022,371.05,Hold,Hold,Hold,Hold,Hold,Hold,Hold,Hold,Hold,Hold,0.1488022785299999,0.6494822135294117
19/9/2022,373.92,Hold,Hold,Hold,Hold,Hold,Hold,Hold,Hold,Hold,Hold,0.23371627328125,0.6288735174538461
20/9/2022,369.63,Hold,Hold,Hold,Hold,Hold,Hold,Hold,Hold,Hold,Hold,0.3601372866666666,0.5594560017272727
21/9/2022,363.18,Hold,Hold,Hold,Hold,Hold,Hold,Hold,Hold,Hold,Hold,0.7227604133333333,0.7158799763636363
22/9/2022,360.13,Hold,Hold,Hold,Hold,Hold,Hold,Hold,Hold,Hold,Hold,0.749981735448387,0.8661450917647059
23/9/2022,354.1,Hold,Hold,Hold,Hold,Hold,Hold,Hold,Hold,Hold,Hold,0.1658246347,0.7615931938823529
26/9/2022,350.6,Hold,Hold,Hold,Hold,Hold,Hold,Hold,Hold,Hold,Hold,0.5431185645233915,0.7073224244444445
27/9/2022,349.7,Hold,Hold,Hold,Hold,Hold,Hold,Hold,Hold,Buy,Hold,0.20081953167275,0.7262687785454546
28/9/2022,356.58,Hold,Hold,Hold,Hold,Hold,Hold,Hold,Hold,Hold,Hold,0.6321698273217,0.3794894133580953
29/9/2022,349.13,Hold,Hold,Hold,Hold,Buy,Hold,Hold,Hold,Buy,Hold,-0.3408454666666666,0.506963139
30/9/2022,343.74,Hold,Hold,Hold,Hold,Buy,Hold,Hold,Hold,Buy,Hold,0.9998997825,0.4241411003444448
3/10/2022,352.81,Hold,Hold,Hold,Hold,Hold,Hold,Hold,Hold,Hold,Hold,0.2727859093740428,0.6576390587685556
4/10/2022,363.74,Hold,Hold,Hold,Hold,Hold,Hold,Hold,Hold,Hold,Hold,0.2586559180805484,0.6591974788375999
5/10/2022,362.9,Buy,Buy,Hold,Hold,Hold,Hold,Hold,Hold,Hold,Hold,0.24845068952761,0.6550963376524394
6/10/2022,359.15,Hold,Hold,Hold,Hold,Hold,Hold,Hold,Hold,Hold,Hold,0.4999990497246,0.806560815375
7/10/2022,349.13,Sell,Sell,Hold,Hold,Hold,Hold,Hold,Hold,Hold,Hold,0.99876285,0.8888046152966667
10/10/2022,346.47,Hold,Buy,Hold,Hold,Hold,Hold,Buy,Hold,Hold,Hold,0.9282183,0.616851082465
11/10/2022,344.27,Hold,Hold,Hold,Sell,Hold,Hold,Hold,Hold,Hold,Hold,0.56113595,0.7658942192738094
12/10/2022,343.14,Hold,Hold,Hold,Hold,Hold,Hold,Hold,Hold,Hold,Hold,0.7950001685714286,0.7496132409999999
13/10/2022,352.19,Buy,Hold,Hold,Buy,Hold,Hold,Hold,Hold,Hold,Buy,0.2949306863066667,0.680525072
14/10/2022,344.17,Hold,Hold,Hold,Hold,Hold,Hold,Hold,Hold,Hold,Hold,0.0484133043724393,0.6097099210843624
17/10/2022,353.01,Hold,Sell,Hold,Hold,Hold,Hold,Sell,Hold,Hold,Hold,-0.0154396557027558,0.8355931440000001
18/10/2022,357.16,Hold,Buy,Buy,Hold,Hold,Hold,Hold,Buy,Hold,Hold,0.9799861525,0.6501104495071429
19/10/2022,354.63,Hold,Hold,Hold,Hold,Hold,Buy,Buy,Hold,Hold,Hold,0.43011874506596,0.51057525
20/10/2022,351.66,Hold,Hold,Hold,Hold,Hold,Hold,Hold,Buy,Hold,Hold,0.5929662906666667,0.7371871857142857
21/10/2022,360.2,Hold,Hold,Hold,Hold,Hold,Hold,Hold,Sell,Hold,Hold,0.4534393790848099,0.66633647
24/10/2022,364.61,Hold,Buy,Buy,Hold,Hold,Buy,Buy,Buy,Hold,Hold,-0.3335134,0.71649285375
25/10/2022,370.43,Hold,Hold,Hold,Hold,Hold,Hold,Hold,Hold,Hold,Hold,0.0006166888,0.99938246
26/10/2022,367.64,Hold,Hold,Hold,Hold,Hold,Hold,Hold,Hold,Hold,Hold,-1.2324999999979712e-05,0.629401565
27/10/2022,365.68,Hold,Hold,Hold,Hold,Hold,Buy,Hold,Hold,Hold,Hold,0.0001836,0.5058427328
28/10/2022,374.38,Hold,Hold,Hold,Hold,Hold,Hold,Hold,Hold,Hold,Hold,0.316456615,0.7732986377777777
31/10/2022,371.67,Hold,Hold,Hold,Hold,Hold,Hold,Hold,Hold,Hold,Hold,0.7861313775,0.9376892333333332
1/11/2022,370.05,Hold,Hold,Hold,Hold,Hold,Hold,Hold,Hold,Hold,Hold,0.75001209969,0.9336170675
2/11/2022,360.76,Hold,Hold,Hold,Hold,Hold,Hold,Hold,Hold,Hold,Hold,0.196507985964,0.9277526766666668
3/11/2022,357.05,Hold,Sell,Hold,Hold,Hold,Hold,Sell,Hold,Hold,Hold,0.197388912,0.6262429196875
4/11/2022,362.18,Hold,Hold,Hold,Hold,Hold,Hold,Hold,Hold,Hold,Hold,0.99999946,0.6198424065534778
7/11/2022,365.65,Hold,Hold,Hold,Hold,Hold,Hold,Buy,Hold,Hold,Hold,-0.07405480875,0.7034927628571428
8/11/2022,367.62,Hold,Buy,Hold,Hold,Hold,Hold,Hold,Hold,Hold,Hold,0.999999285,0.8914945622222221
9/11/2022,360.05,Hold,Sell,Hold,Hold,Hold,Hold,Sell,Hold,Hold,Hold,0.3306973561366667,0.5877004880000001
10/11/2022,379.83,Hold,Hold,Hold,Hold,Hold,Hold,Hold,Hold,Hold,Hold,0.5974654899999999,0.730214383130098
11/11/2022,383.51,Hold,Buy,Hold,Hold,Hold,Hold,Buy,Hold,Hold,Hold,-0.32593141526844,0.9908659255555556
14/11/2022,380.25,Hold,Hold,Hold,Hold,Hold,Hold,Hold,Hold,Hold,Hold,0.9972444625,0.9027539184909092
15/11/2022,383.49,Hold,Hold,Hold,Hold,Hold,Hold,Hold,Hold,Hold,Hold,0.333377424824,0.876984899090909
16/11/2022,380.57,Hold,Hold,Hold,Hold,Hold,Hold,Hold,Hold,Hold,Hold,0.49640410305,0.8922676877777778
17/11/2022,379.4,Hold,Hold,Hold,Hold,Hold,Hold,Hold,Hold,Hold,Hold,0.482876046,0.7675902278235294
18/11/2022,381.12,Hold,Hold,Hold,Hold,Hold,Hold,Hold,Hold,Hold,Hold,0.98485175,0.9315269623076924
21/11/2022,379.74,Hold,Hold,Hold,Hold,Hold,Hold,Hold,Hold,Hold,Hold,0.1969758302328869,0.8099562642241726
22/11/2022,384.85,Hold,Hold,Hold,Hold,Hold,Hold,Hold,Hold,Hold,Hold,0.589034095,0.28421215825
23/11/2022,387.27,Hold,Hold,Hold,Hold,Hold,Hold,Hold,Hold,Sell,Hold,0.7220327566666667,0.7249354903333334
25/11/2022,387.19,Hold,Hold,Hold,Hold,Hold,Hold,Hold,Hold,Sell,Hold,0.9733281,0.8345413779714285
28/11/2022,381.01,Hold,Hold,Hold,Hold,Hold,Hold,Hold,Hold,Hold,Hold,0.20081461544925,0.9986780783333332
29/11/2022,380.35,Hold,Hold,Hold,Hold,Hold,Hold,Hold,Hold,Hold,Hold,0.0002186427689999,0.8974404816666667
30/11/2022,392.33,Sell,Sell,Hold,Hold,Sell,Hold,Hold,Hold,Sell,Hold,0.749980721654,0.9152247891141668
1/12/2022,392.05,Hold,Buy,Hold,Hold,Hold,Hold,Hold,Hold,Hold,Hold,0.3181262888928947,0.7924957956835714
2/12/2022,391.59,Hold,Hold,Hold,Hold,Hold,Hold,Hold,Hold,Hold,Hold,0.990756135,0.5512622330586125
5/12/2022,384.55,Hold,Hold,Hold,Hold,Hold,Hold,Hold,Hold,Hold,Hold,-0.1046791788319999,0.68215232
6/12/2022,379.01,Sell,Sell,Hold,Sell,Hold,Hold,Hold,Hold,Hold,Hold,-0.55587726,0.5756022346111112
7/12/2022,378.36,Hold,Hold,Hold,Hold,Hold,Hold,Sell,Hold,Hold,Hold,-0.3369382542980344,0.8485067114285715
8/12/2022,381.33,Hold,Hold,Hold,Hold,Hold,Hold,Hold,Hold,Hold,Hold,0.3292406524925,0.7978111636785714
9/12/2022,378.48,Hold,Sell,Hold,Hold,Hold,Hold,Hold,Hold,Hold,Hold,-0.4998423637087593,0.853711126761111
12/12/2022,383.93,Hold,Buy,Hold,Hold,Buy,Sell,Hold,Hold,Hold,Hold,0.6688210498,0.9997686166666668
13/12/2022,386.84,Hold,Hold,Hold,Hold,Hold,Hold,Hold,Hold,Hold,Hold,0.8268607744193166,0.7353945768181819
14/12/2022,384.37,Hold,Hold,Hold,Hold,Hold,Hold,Hold,Hold,Hold,Hold,0.964643275,0.630404331111111
15/12/2022,374.96,Hold,Hold,Hold,Hold,Hold,Hold,Hold,Hold,Hold,Hold,0.8086931393333333,0.7123154144545455
16/12/2022,370.54,Hold,Hold,Sell,Hold,Hold,Sell,Hold,Sell,Hold,Hold,0.2710924666666666,0.6303321521818183
19/12/2022,367.4,Hold,Hold,Hold,Hold,Hold,Hold,Hold,Hold,Hold,Hold,0.459380968,0.947893531
20/12/2022,367.9,Hold,Hold,Hold,Hold,Hold,Hold,Hold,Hold,Buy,Hold,0.6517763334333333,0.4731101002857142
21/12/2022,373.4,Hold,Hold,Hold,Hold,Hold,Hold,Hold,Hold,Hold,Hold,-3.845000000002319e-06,0.969170801
22/12/2022,368.07,Hold,Hold,Hold,Hold,Hold,Hold,Hold,Hold,Buy,Hold,0.8236782,0.9535850971428572
23/12/2022,370.19,Hold,Hold,Hold,Hold,Hold,Hold,Hold,Hold,Hold,Hold,-0.244885805,0.8843952006470588
27/12/2022,368.73,Hold,Hold,Hold,Hold,Hold,Hold,Hold,Hold,Hold,Hold,0.33258949125,0.7311909826666666
28/12/2022,364.15,Hold,Hold,Hold,Hold,Hold,Hold,Hold,Hold,Hold,Hold,-0.39982040922488,0.99151221
29/12/2022,370.7,Hold,Hold,Hold,Hold,Hold,Hold,Hold,Hold,Hold,Hold,0.3340977133333333,0.7675649003286877
30/12/2022,369.73,Hold,Hold,Hold,Hold,Hold,Hold,Hold,Hold,Hold,Hold,-0.4236859871428571,0.8936693011111111
3/1/2023,368.17,Hold,Hold,Hold,Hold,Hold,Hold,Hold,Hold,Hold,Hold,0.66373354,0.7930704044000001
4/1/2023,371.01,Hold,Hold,Hold,Hold,Hold,Hold,Hold,Hold,Hold,Hold,-0.235034675008,0.6819512604311666
5/1/2023,366.78,Buy,Buy,Buy,Hold,Hold,Hold,Hold,Buy,Hold,Hold,0.9966898433333332,0.8318802448333332
6/1/2023,375.19,Hold,Hold,Hold,Hold,Hold,Hold,Hold,Hold,Hold,Hold,-0.244639475694,0.4918171833333333
9/1/2023,374.97,Buy,Buy,Buy,Buy,Hold,Buy,Buy,Buy,Hold,Buy,0.1196202541648224,0.7952712078571428
10/1/2023,377.6,Hold,Hold,Hold,Hold,Hold,Hold,Hold,Hold,Hold,Hold,0.180930028293,0.9932230485714284
11/1/2023,382.38,Hold,Buy,Hold,Hold,Hold,Hold,Buy,Hold,Hold,Hold,0.9999661,0.965448482222222
12/1/2023,383.77,Hold,Hold,Buy,Hold,Hold,Buy,Hold,Hold,Hold,Hold,0.4715665547547999,0.77504608
13/1/2023,385.26,Hold,Hold,Hold,Hold,Hold,Hold,Hold,Buy,Hold,Hold,0.582295483375,0.50019684342925
17/1/2023,384.56,Hold,Hold,Hold,Hold,Hold,Hold,Hold,Hold,Hold,Hold,-0.5968730186666666,0.98652094
18/1/2023,378.48,Hold,Hold,Hold,Hold,Hold,Hold,Hold,Hold,Hold,Hold,-0.4682463249999999,0.9973088366666666
19/1/2023,375.73,Hold,Hold,Hold,Hold,Hold,Hold,Hold,Hold,Hold,Hold,0.6660339489988195,0.9824408144444444
20/1/2023,382.73,Hold,Hold,Hold,Hold,Hold,Hold,Hold,Hold,Hold,Hold,0.747461845087675,0.40103072
23/1/2023,387.32,Hold,Hold,Hold,Hold,Hold,Hold,Hold,Hold,Hold,Hold,-0.0016554804685192,0.752797087754
24/1/2023,386.9,Hold,Hold,Hold,Hold,Hold,Hold,Hold,Hold,Hold,Hold,0.1628451234616666,0.4802993725
25/1/2023,387.05,Hold,Hold,Hold,Hold,Hold,Hold,Hold,Hold,Hold,Hold,0.19453808051164,0.34667061176196
26/1/2023,391.3,Hold,Hold,Hold,Hold,Hold,Hold,Hold,Hold,Sell,Hold,0.5425334798476602,0.9985422166666668
27/1/2023,392.2,Hold,Hold,Hold,Hold,Hold,Hold,Hold,Hold,Sell,Hold,0.44951670372685,0.9989740185714284
30/1/2023,387.28,Hold,Hold,Hold,Hold,Hold,Hold,Hold,Hold,Hold,Hold,0.233320737,0.8111760854545454
31/1/2023,392.98,Hold,Hold,Hold,Hold,Hold,Hold,Hold,Hold,Hold,Hold,0.7281234437505715,0.3342300857142857
1/2/2023,397.15,Hold,Hold,Hold,Hold,Hold,Hold,Hold,Hold,Hold,Hold,0.4880873615061666,0.813590193076923
2/2/2023,402.93,Hold,Hold,Hold,Hold,Hold,Hold,Hold,Hold,Hold,Hold,0.2513284425830568,0.9533892525
3/2/2023,398.65,Hold,Hold,Hold,Hold,Hold,Hold,Hold,Hold,Hold,Hold,0.27025266386,0.76537469231875
6/2/2023,396.21,Hold,Hold,Hold,Hold,Hold,Hold,Hold,Hold,Hold,Hold,0.1518040019935512,0.999485375
7/2/2023,401.4,Hold,Hold,Hold,Hold,Sell,Hold,Hold,Hold,Sell,Hold,0.7647134000000001,0.952292144
8/2/2023,397.01,Hold,Hold,Hold,Hold,Hold,Hold,Hold,Hold,Hold,Hold,0.17653937075,0.9569780766666668
9/2/2023,393.57,Hold,Hold,Hold,Hold,Hold,Hold,Hold,Hold,Hold,Hold,0.99326634,0.74778638852906
10/2/2023,394.48,Sell,Sell,Hold,Sell,Hold,Hold,Hold,Hold,Hold,Hold,0.43519954,0.8667049504162501
13/2/2023,399.12,Hold,Hold,Hold,Hold,Hold,Hold,Hold,Hold,Hold,Hold,0.4999515333611166,0.58390382
14/2/2023,398.93,Hold,Hold,Hold,Hold,Hold,Hold,Hold,Hold,Hold,Hold,0.797464258090996,0.77740482348306
15/2/2023,400.23,Hold,Hold,Hold,Hold,Hold,Hold,Hold,Hold,Hold,Hold,0.5714543963453335,0.6895167998
16/2/2023,394.72,Hold,Sell,Hold,Hold,Hold,Hold,Sell,Hold,Hold,Hold,0.5858301781010666,0.55672016625
17/2/2023,393.73,Hold,Hold,Sell,Hold,Hold,Hold,Hold,Sell,Hold,Hold,0.36185970124,0.61028289425
21/2/2023,385.83,Hold,Hold,Hold,Hold,Hold,Hold,Hold,Hold,Hold,Hold,-0.0006200570366666,0.6566932946196666
22/2/2023,385.3,Hold,Hold,Hold,Hold,Hold,Sell,Hold,Hold,Hold,Hold,0.69172495706,0.7514760548
23/2/2023,387.35,Hold,Hold,Hold,Hold,Hold,Hold,Hold,Hold,Hold,Hold,0.4552458039383611,0.9957932425
24/2/2023,383.21,Hold,Hold,Hold,Hold,Hold,Hold,Hold,Hold,Hold,Hold,0.849094956875,0.87738435125
27/2/2023,384.52,Hold,Hold,Sell,Hold,Hold,Sell,Hold,Hold,Hold,Hold,0.2138063355987827,0.606307724
28/2/2023,383.1,Hold,Hold,Hold,Hold,Buy,Hold,Hold,Hold,Buy,Hold,0.3696779832254,0.8157489716666667
1/3/2023,381.63,Hold,Hold,Hold,Hold,Buy,Hold,Hold,Hold,Buy,Hold,0.125307851807625,0.99541128125
2/3/2023,384.59,Hold,Hold,Hold,Hold,Hold,Hold,Hold,Hold,Hold,Hold,0.4213784473166666,-0.0066879933999999
3/3/2023,390.76,Hold,Hold,Hold,Hold,Hold,Hold,Hold,Hold,Hold,Hold,-0.0024419531854285,0.7438701842857143
6/3/2023,391.03,Hold,Buy,Hold,Hold,Hold,Hold,Buy,Hold,Hold,Hold,0.2732143182125875,0.98266592
7/3/2023,385.04,Hold,Hold,Hold,Hold,Hold,Hold,Hold,Hold,Hold,Hold,0.0278447807432846,0.949049342
8/3/2023,385.67,Hold,Sell,Hold,Hold,Hold,Hold,Sell,Hold,Hold,Hold,0.249304189235,0.6666495933333333
9/3/2023,378.55,Hold,Buy,Hold,Hold,Buy,Hold,Hold,Hold,Hold,Hold,0.911116912,0.8248072
10/3/2023,373.09,Hold,Sell,Hold,Hold,Hold,Hold,Hold,Hold,Buy,Hold,0.2179468841857143,0.8043147307142856
13/3/2023,372.56,Hold,Hold,Hold,Hold,Hold,Hold,Hold,Hold,Hold,Hold,0.331047828,0.9129004583333332
14/3/2023,378.72,Hold,Hold,Hold,Hold,Hold,Hold,Hold,Hold,Hold,Hold,0.2761007519174999,0.5239815999999999
15/3/2023,376.35,Hold,Hold,Hold,Hold,Hold,Hold,Hold,Hold,Hold,Hold,0.520722578,0.943327093
16/3/2023,382.95,Hold,Hold,Hold,Hold,Hold,Hold,Hold,Hold,Hold,Hold,0.4851779247245,0.8211309822684444
17/3/2023,378.47,Buy,Buy,Hold,Hold,Hold,Hold,Hold,Hold,Hold,Hold,0.99051684,0.92362514
20/3/2023,382.11,Hold,Hold,Hold,Hold,Hold,Hold,Hold,Hold,Hold,Hold,0.0748038404092,0.99839836
21/3/2023,387.13,Buy,Buy,Hold,Buy,Hold,Hold,Hold,Hold,Hold,Hold,0.2366759986,0.9995754033333334
22/3/2023,380.53,Hold,Hold,Hold,Hold,Hold,Buy,Buy,Hold,Hold,Hold,0.5823941918047336,0.8530491754540445
23/3/2023,381.56,Hold,Hold,Hold,Hold,Hold,Hold,Hold,Hold,Hold,Hold,0.6042205364,0.8174898836435635
24/3/2023,384.06,Hold,Buy,Hold,Hold,Hold,Hold,Buy,Hold,Hold,Hold,0.5680790217333334,0.741003908
27/3/2023,384.78,Hold,Hold,Buy,Hold,Hold,Buy,Hold,Buy,Hold,Hold,0.00099087111505,0.6668193894755999
28/3/2023,383.92,Hold,Hold,Hold,Hold,Hold,Hold,Hold,Hold,Hold,Hold,0.14162901,0.3333407233333333
29/3/2023,389.5,Hold,Hold,Hold,Hold,Hold,Hold,Hold,Hold,Hold,Hold,0.431707130854347,0.5163782466666667
30/3/2023,391.78,Hold,Hold,Hold,Hold,Hold,Hold,Hold,Hold,Hold,Hold,0.7906221835837384,0.6141857882113929
31/3/2023,397.3,Hold,Hold,Hold,Hold,Hold,Hold,Hold,Hold,Sell,Hold,0.098492521354,0.2616927895846154
3/4/2023,398.81,Hold,Hold,Hold,Hold,Hold,Hold,Hold,Hold,Sell,Hold,0.2288632032499999,0.996943632
4/4/2023,396.6,Hold,Hold,Hold,Hold,Hold,Hold,Hold,Hold,Sell,Hold,-0.213311390205815,0.2229905428571428
5/4/2023,395.56,Hold,Hold,Hold,Hold,Hold,Hold,Hold,Hold,Hold,Hold,-0.1436803893218181,0.9960614233333334
6/4/2023,397.11,Hold,Hold,Hold,Hold,Hold,Hold,Hold,Hold,Sell,Hold,0.24984916,0.8905735229999999
10/4/2023,397.51,Hold,Hold,Hold,Hold,Hold,Hold,Hold,Hold,Sell,Hold,0.0217550759181373,0.79518208
11/4/2023,397.62,Hold,Hold,Hold,Hold,Hold,Hold,Hold,Hold,Hold,Hold,0.2631654151096599,0.7452761390000001
12/4/2023,396.0,Hold,Hold,Hold,Hold,Hold,Hold,Hold,Hold,Sell,Hold,-0.6566355911038867,0.13322517
13/4/2023,401.26,Hold,Hold,Hold,Hold,Hold,Hold,Hold,Hold,Sell,Hold,0.1581252840079285,0.4076989171428571
14/4/2023,400.28,Hold,Hold,Hold,Hold,Hold,Hold,Hold,Hold,Sell,Hold,-0.0230101309986999,0.6043471100093525
17/4/2023,401.72,Hold,Hold,Hold,Hold,Hold,Hold,Hold,Hold,Sell,Hold,0.4355785912222222,0.9670185028571427
18/4/2023,401.98,Hold,Hold,Hold,Hold,Hold,Hold,Hold,Hold,Sell,Hold,0.6844433249166667,0.8875645644444444
19/4/2023,401.91,Hold,Hold,Hold,Hold,Sell,Hold,Hold,Hold,Sell,Hold,0.4260048008571428,0.6405854961555111
20/4/2023,399.72,Hold,Hold,Hold,Hold,Hold,Hold,Hold,Hold,Hold,Hold,-0.03992081,0.8989724385714286
21/4/2023,400.03,Hold,Hold,Hold,Hold,Hold,Hold,Hold,Hold,Hold,Hold,,0.202034552
24/4/2023,400.44,Hold,Hold,Hold,Hold,Hold,Hold,Hold,Hold,Hold,Hold,,0.4049707166666667
25/4/2023,394.09,Sell,Hold,Hold,Sell,Hold,Hold,Hold,Hold,Hold,Hold,,0.8959739414285713
26/4/2023,392.42,Hold,Sell,Hold,Hold,Hold,Hold,Sell,Sell,Hold,Hold,,0.5563135476923077
27/4/2023,400.23,Hold,Hold,Hold,Hold,Hold,Hold,Hold,Hold,Hold,Hold,0.99994125,0.8170019116975555
28/4/2023,403.65,Hold,Hold,Hold,Hold,Hold,Hold,Hold,Hold,Hold,Hold,-0.9637249,0.0241400990983333
1/5/2023,403.24,Hold,Hold,Hold,Hold,Hold,Hold,Hold,Hold,Hold,Hold,0.4696261296587609,0.6778187034188571
2/5/2023,398.71,Hold,Hold,Hold,Hold,Hold,Hold,Hold,Hold,Hold,Hold,0.4990170377641375,0.5683459433333333
3/5/2023,395.97,Hold,Sell,Hold,Hold,Hold,Hold,Hold,Sell,Hold,Hold,0.0680847542857143,0.4994390888929083
4/5/2023,393.17,Hold,Hold,Hold,Hold,Hold,Hold,Sell,Hold,Hold,Hold,0.0037507735714285,0.922671365
5/5/2023,400.44,Hold,Hold,Hold,Hold,Hold,Hold,Hold,Hold,Hold,Hold,0.2861997761428571,0.6146270879778628
8/5/2023,400.55,Hold,Buy,Hold,Hold,Hold,Hold,Buy,Buy,Hold,Hold,0.305602727957199,0.4709663575
9/5/2023,398.79,Hold,Buy,Hold,Hold,Hold,Hold,Buy,Hold,Hold,Hold,0.5995695233333334,0.9928088166666668
10/5/2023,400.66,Hold,Hold,Hold,Hold,Hold,Hold,Hold,Hold,Hold,Hold,0.4999733464425,0.8616347616666666
11/5/2023,399.96,Hold,Hold,Hold,Hold,Hold,Hold,Hold,Hold,Hold,Hold,0.1934356490612143,0.854112436749595
12/5/2023,399.44,Hold,Sell,Hold,Hold,Hold,Hold,Sell,Hold,Hold,Hold,0.3595538860327768,0.8603800448571429
15/5/2023,400.81,Hold,Hold,Hold,Hold,Hold,Hold,Hold,Buy,Hold,Buy,0.5487352162222222,0.9977362
16/5/2023,398.13,Hold,Hold,Hold,Hold,Hold,Hold,Hold,Hold,Hold,Hold,-0.167783740530855,0.7534941033333333
17/5/2023,402.97,Sell,Hold,Hold,Sell,Hold,Hold,Hold,Sell,Hold,Hold,0.1825666166441111,0.6472715566666667
18/5/2023,406.85,Buy,Hold,Hold,Buy,Hold,Hold,Hold,Hold,Hold,Hold,0.2888317721011891,0.7799163515375
19/5/2023,406.26,Hold,Hold,Hold,Hold,Hold,Hold,Hold,Buy,Hold,Buy,-0.2170468875348508,0.9493914255555556
22/5/2023,406.42,Hold,Hold,Hold,Hold,Hold,Hold,Hold,Hold,Hold,Hold,0.2212721719552539,0.5755341066686154
23/5/2023,401.86,Hold,Hold,Hold,Hold,Hold,Hold,Hold,Hold,Hold,Hold,8.447353641000133e-05,0.7865209271596125
24/5/2023,398.95,Sell,Hold,Hold,Sell,Hold,Hold,Hold,Hold,Hold,Hold,0.5091379533333333,0.6745271866666666
25/5/2023,402.4,Hold,Hold,Hold,Hold,Hold,Hold,Hold,Hold,Hold,Hold,0.2225151758420174,0.99974728
26/5/2023,407.62,Buy,Hold,Hold,Buy,Hold,Hold,Hold,Hold,Hold,Hold,0.30061121523788,0.46224852175
30/5/2023,407.77,Hold,Hold,Hold,Hold,Hold,Hold,Hold,Hold,Hold,Hold,0.1943198579304004,0.3289091709883333
31/5/2023,405.51,Hold,Hold,Hold,Hold,Hold,Hold,Hold,Hold,Hold,Hold,-0.0127595745679999,0.2150467433333333
1/6/2023,409.36,Hold,Hold,Hold,Hold,Hold,Hold,Hold,Hold,Hold,Hold,0.3511159911104881,0.9779426
2/6/2023,415.28,Hold,Hold,Hold,Hold,Hold,Hold,Hold,Hold,Hold,Hold,0.3959991776121049,0.84579913125
5/6/2023,414.49,Hold,Hold,Hold,Hold,Hold,Hold,Hold,Hold,Hold,Hold,0.1498795609188971,0.5486518877666667
6/6/2023,415.39,Hold,Hold,Hold,Hold,Hold,Hold,Hold,Hold,Sell,Hold,0.4373945115555555,0.8668302139999999
7/6/2023,413.95,Hold,Hold,Hold,Hold,Hold,Hold,Hold,Hold,Hold,Hold,0.1813809802308639,0.33310940125
8/6/2023,416.46,Hold,Hold,Hold,Hold,Hold,Hold,Hold,Hold,Hold,Hold,0.1504718827167025,0.88396409
9/6/2023,417.2,Hold,Hold,Hold,Hold,Hold,Hold,Hold,Hold,Hold,Hold,0.4863168124960605,0.8366686944444444
12/6/2023,420.99,Hold,Hold,Hold,Hold,Hold,Hold,Hold,Hold,Hold,Hold,0.6276461685714074,0.9825466
13/6/2023,423.76,Hold,Hold,Hold,Hold,Hold,Hold,Hold,Hold,Sell,Hold,0.4807139287428571,0.9984950471428572
14/6/2023,424.27,Hold,Hold,Hold,Hold,Hold,Hold,Hold,Hold,Sell,Hold,0.080093956200132,0.4881021084176666
15/6/2023,429.53,Hold,Hold,Hold,Hold,Hold,Hold,Hold,Hold,Sell,Hold,0.4305367222068492,0.6673637913361675
16/6/2023,428.07,Hold,Hold,Hold,Hold,Hold,Hold,Hold,Hold,Sell,Hold,0.2462246527399444,0.5958188480000001
20/6/2023,425.85,Hold,Hold,Hold,Hold,Sell,Hold,Hold,Hold,Sell,Hold,0.12314141107125,0.6661938316666666
21/6/2023,423.66,Hold,Hold,Hold,Hold,Sell,Hold,Hold,Hold,Sell,Hold,0.5642452218180715,0.99994355
22/6/2023,425.19,Hold,Hold,Hold,Hold,Sell,Hold,Hold,Hold,Sell,Hold,0.5252419607584928,0.5079630483277875
23/6/2023,421.98,Hold,Hold,Hold,Hold,Hold,Hold,Hold,Hold,Hold,Hold,0.3559211296461538,0.3399752333333333
26/6/2023,420.25,Sell,Hold,Hold,Hold,Hold,Hold,Hold,Hold,Hold,Hold,0.4873318206744566,0.88122416
27/6/2023,424.86,Sell,Sell,Hold,Hold,Hold,Hold,Hold,Hold,Hold,Hold,0.3800497934418506,0.99337993
28/6/2023,425.08,Buy,Buy,Hold,Hold,Hold,Hold,Hold,Hold,Hold,Hold,0.273664646179568,0.53520235
29/6/2023,426.75,Hold,Hold,Hold,Hold,Sell,Hold,Hold,Hold,Hold,Hold,0.2723587584415139,0.5438087983333333
30/6/2023,431.79,Hold,Hold,Hold,Hold,Hold,Hold,Hold,Hold,Sell,Hold,0.624949068320623,0.79058815226
3/7/2023,432.28,Hold,Hold,Hold,Hold,Hold,Hold,Hold,Hold,Hold,Hold,0.5933587100039875,0.6768746531666667
5/7/2023,431.64,Hold,Hold,Hold,Hold,Hold,Hold,Hold,Hold,Hold,Hold,-0.0779922191209999,0.4746195714285714
6/7/2023,428.26,Hold,Hold,Hold,Hold,Hold,Hold,Hold,Hold,Hold,Hold,0.2148818157142857,
7/7/2023,427.18,Hold,Hold,Hold,Hold,Hold,Hold,Hold,Hold,Hold,Hold,0.026694678910416,0.9993539
10/7/2023,428.26,Hold,Hold,Hold,Hold,Hold,Hold,Hold,Hold,Hold,Hold,0.143008265327915,
11/7/2023,430.99,Hold,Hold,Hold,Hold,Hold,Hold,Hold,Hold,Hold,Hold,0.417786232,0.00026275864
12/7/2023,434.46,Hold,Hold,Hold,Hold,Hold,Hold,Hold,Hold,Hold,Hold,-0.1492408299478333,
13/7/2023,437.9,Hold,Hold,Hold,Hold,Hold,Hold,Hold,Hold,Hold,Hold,0.3979201369878823,0.99699835
14/7/2023,437.63,Hold,Hold,Hold,Hold,Hold,Hold,Hold,Hold,Sell,Hold,0.1654411957896166,0.98395568
17/7/2023,439.15,Hold,Hold,Hold,Hold,Hold,Hold,Hold,Hold,Sell,Hold,0.3774027915993428,0.6436640968907142
18/7/2023,442.41,Hold,Hold,Hold,Hold,Hold,Hold,Hold,Hold,Sell,Hold,0.5510446364397439,0.987691979
19/7/2023,443.4,Hold,Hold,Hold,Hold,Hold,Hold,Hold,Hold,Sell,Hold,-0.1866518432190794,0.6870831925690707
20/7/2023,440.46,Hold,Hold,Hold,Hold,Hold,Hold,Hold,Hold,Sell,Hold,-0.1268554568114999,0.54111691703625
21/7/2023,440.46,Hold,Hold,Hold,Hold,Hold,Hold,Hold,Hold,Hold,Hold,0.2212101426294286,0.9274207416666668
24/7/2023,442.42,Hold,Hold,Hold,Hold,Hold,Hold,Hold,Hold,Hold,Hold,0.3149884002151428,0.8472640518181819
25/7/2023,443.63,Hold,Hold,Hold,Hold,Hold,Hold,Hold,Hold,Sell,Hold,0.1708651687594142,0.51307133
26/7/2023,443.7,Hold,Hold,Hold,Hold,Hold,Hold,Hold,Hold,Sell,Hold,0.0992391075187239,0.99226862875
27/7/2023,440.76,Sell,Hold,Hold,Sell,Sell,Hold,Hold,Hold,Sell,Hold,-0.1199170800689533,0.96195698
28/7/2023,445.07,Hold,Hold,Hold,Hold,Sell,Hold,Hold,Hold,Sell,Hold,0.42606112362,0.9678152
31/7/2023,445.92,Hold,Hold,Hold,Hold,Sell,Hold,Hold,Hold,Sell,Hold,0.3719983842427561,0.325598507066725
1/8/2023,444.64,Hold,Hold,Hold,Hold,Sell,Hold,Hold,Hold,Sell,Hold,0.3114984088516505,0.8326321577777778
2/8/2023,438.46,Hold,Hold,Hold,Hold,Hold,Hold,Hold,Hold,Hold,Hold,0.0434303227797873,0.6193484516908313
3/8/2023,437.2,Hold,Sell,Hold,Hold,Hold,Hold,Sell,Sell,Hold,Hold,-0.1881580408707336,-0.11934673
4/8/2023,435.23,Hold,Hold,Hold,Hold,Hold,Hold,Hold,Hold,Hold,Hold,-0.0014454945166666,0.8108038114285714
7/8/2023,439.02,Hold,Hold,Hold,Hold,Hold,Hold,Sell,Hold,Hold,Hold,0.0170495850035167,0.5476850220909091
8/8/2023,437.12,Hold,Hold,Hold,Hold,Hold,Hold,Hold,Hold,Hold,Hold,-0.2877373820084,0.8538979
9/8/2023,434.19,Hold,Hold,Hold,Hold,Hold,Sell,Hold,Hold,Hold,Hold,0.2934594365769557,0.4252317805769749
10/8/2023,434.35,Hold,Hold,Hold,Hold,Hold,Hold,Hold,Hold,Hold,Hold,0.2361667078125784,0.7975831835714285
11/8/2023,434.1,Hold,Hold,Hold,Hold,Hold,Hold,Hold,Hold,Hold,Hold,0.1191789819279333,0.4912353913999999
14/8/2023,436.49,Hold,Hold,Hold,Hold,Hold,Hold,Hold,Hold,Hold,Hold,0.2920513487234406,0.981826327
15/8/2023,431.41,Hold,Hold,Hold,Hold,Hold,Hold,Hold,Hold,Hold,Hold,0.2189541863241386,0.7142725099999999
16/8/2023,428.24,Hold,Hold,Sell,Hold,Hold,Hold,Hold,Hold,Hold,Hold,0.6995284455555555,0.7524899005454546
17/8/2023,424.98,Hold,Hold,Hold,Hold,Hold,Hold,Hold,Hold,Buy,Hold,0.1983212163213,0.3331277448141
18/8/2023,425.18,Hold,Hold,Hold,Hold,Hold,Hold,Hold,Hold,Buy,Hold,0.135223955028898,0.9250870753846154
21/8/2023,427.95,Hold,Hold,Hold,Hold,Hold,Hold,Hold,Hold,Buy,Hold,0.1441166999759525,0.99951045
22/8/2023,426.79,Hold,Hold,Hold,Hold,Hold,Hold,Hold,Hold,Hold,Hold,-0.1470264389761111,0.5002432657
23/8/2023,431.54,Hold,Hold,Hold,Hold,Hold,Hold,Hold,Hold,Hold,Hold,0.2947416886583285,0.995782025
24/8/2023,425.56,Buy,Buy,Buy,Hold,Hold,Hold,Hold,Hold,Hold,Hold,0.0729760645206422,0.980940915
25/8/2023,428.56,Hold,Hold,Hold,Hold,Hold,Hold,Hold,Hold,Hold,Hold,-0.0726175322181818,0.9913762142857144
28/8/2023,431.28,Hold,Hold,Hold,Hold,Hold,Hold,Hold,Hold,Hold,Hold,0.3764358066819362,0.9992261414285714
29/8/2023,437.51,Buy,Buy,Buy,Buy,Hold,Hold,Hold,Buy,Hold,Buy,-0.0975635918440166,0.8834748183333333
30/8/2023,439.32,Hold,Hold,Hold,Hold,Hold,Buy,Buy,Hold,Hold,Hold,0.3546650555574417,0.87191000851
31/8/2023,438.67,Hold,Buy,Hold,Hold,Hold,Hold,Buy,Hold,Hold,Hold,0.570207032619357,0.9610078325
1/9/2023,439.49,Hold,Hold,Buy,Hold,Hold,Buy,Hold,Hold,Hold,Hold,0.4838493566802319,0.6373854842857144
5/9/2023,437.59,Hold,Hold,Hold,Hold,Hold,Hold,Hold,Hold,Hold,Hold,0.1299023844689706,0.8742514155972125
6/9/2023,434.65,Hold,Hold,Hold,Hold,Hold,Hold,Hold,Hold,Hold,Hold,0.2653163531061893,0.7928604349357142
7/9/2023,433.32,Sell,Sell,Hold,Hold,Hold,Hold,Hold,Hold,Hold,Hold,0.4043046,0.998796642
8/9/2023,433.97,Hold,Hold,Hold,Sell,Hold,Hold,Sell,Hold,Hold,Hold,-0.0580696766,0.5701205906333333
11/9/2023,436.82,Hold,Hold,Hold,Hold,Hold,Hold,Hold,Hold,Hold,Hold,-0.0588624976999219,0.99992976
12/9/2023,434.43,Hold,Hold,Hold,Hold,Hold,Hold,Hold,Hold,Hold,Hold,-0.1859709975041285,0.9999969
13/9/2023,434.93,Sell,Sell,Sell,Sell,Hold,Sell,Sell,Sell,Hold,Hold,0.1933941040094533,0.99959944
14/9/2023,438.68,Hold,Hold,Hold,Hold,Sell,Hold,Hold,Hold,Sell,Hold,0.48560427808904,0.8370500393582475
15/9/2023,433.4,Hold,Hold,Hold,Hold,Hold,Hold,Hold,Hold,Hold,Hold,0.1356594295965538,0.7550186592307693
18/9/2023,433.65,Sell,Hold,Sell,Sell,Hold,Sell,Hold,Sell,Hold,Sell,0.3768444471111111,0.67672872813
19/9/2023,432.75,Hold,Hold,Hold,Hold,Hold,Hold,Hold,Hold,Hold,Hold,0.1648243351565849,0.9983545066666668
20/9/2023,428.77,Hold,Hold,Hold,Hold,Hold,Hold,Hold,Hold,Hold,Hold,0.5080323091214517,0.7357120231250001
21/9/2023,421.69,Hold,Hold,Hold,Hold,Hold,Hold,Hold,Hold,Buy,Hold,0.17588613,0.7396291448571428
22/9/2023,420.74,Hold,Hold,Hold,Hold,Hold,Hold,Hold,Hold,Buy,Hold,0.0644016042429411,0.6232913811111112
25/9/2023,422.51,Hold,Hold,Hold,Hold,Hold,Hold,Hold,Hold,Buy,Hold,0.3986840033333333,0.930941546
26/9/2023,416.3,Hold,Hold,Hold,Hold,Hold,Hold,Hold,Hold,Buy,Hold,0.33123233,0.3749963642857143
27/9/2023,416.47,Hold,Hold,Hold,Hold,Hold,Hold,Hold,Hold,Buy,Hold,0.19831912983625,0.7521905871428572
28/9/2023,418.88,Hold,Hold,Hold,Hold,Hold,Hold,Hold,Hold,Hold,Hold,0.1877614833333333,0.7211012887272727
29/9/2023,417.87,Hold,Hold,Hold,Hold,Hold,Hold,Hold,Hold,Buy,Hold,0.0633103583038416,0.7048995276375
2/10/2023,417.7,Hold,Hold,Hold,Hold,Hold,Hold,Hold,Hold,Buy,Hold,0.0256789405045826,0.9304762825
3/10/2023,412.11,Hold,Hold,Hold,Hold,Buy,Hold,Hold,Hold,Buy,Hold,0.0468652872868421,0.6207644891336364
4/10/2023,415.11,Hold,Hold,Hold,Hold,Buy,Hold,Hold,Hold,Buy,Hold,0.1334200760882656,0.98059111
5/10/2023,414.95,Hold,Hold,Hold,Hold,Buy,Hold,Hold,Hold,Buy,Hold,-0.063208452,0.17825004848
6/10/2023,419.88,Hold,Hold,Hold,Hold,Hold,Hold,Hold,Hold,Hold,Hold,0.2554194809131083,0.597050286
9/10/2023,422.57,Buy,Buy,Hold,Buy,Hold,Hold,Hold,Buy,Hold,Buy,0.1544569315350636,0.5547514661363636
10/10/2023,424.77,Hold,Hold,Hold,Hold,Hold,Hold,Buy,Hold,Hold,Hold,0.5810321076715733,0.8436781795956
11/10/2023,426.51,Hold,Hold,Hold,Hold,Hold,Hold,Hold,Hold,Hold,Hold,0.51970119711886,0.8360536391375
12/10/2023,423.91,Hold,Buy,Hold,Hold,Hold,Hold,Buy,Hold,Hold,Hold,0.2497210101202857,0.5685010657714286
13/10/2023,421.8,Hold,Hold,Hold,Hold,Hold,Hold,Hold,Hold,Hold,Hold,0.1552185639483652,0.866865958448
16/10/2023,426.23,Sell,Sell,Hold,Sell,Hold,Hold,Sell,Hold,Hold,Hold,0.4608201057022286,0.9998523525
17/10/2023,426.21,Hold,Hold,Hold,Hold,Hold,Hold,Hold,Buy,Hold,Hold,-0.1343556765086045,
18/10/2023,420.53,Hold,Hold,Hold,Hold,Hold,Hold,Hold,Hold,Hold,Hold,0.2402860319999999,0.6327946985714286
19/10/2023,416.84,Sell,Sell,Hold,Sell,Hold,Hold,Sell,Sell,Hold,Hold,0.0713169876238357,0.7610409573625
20/10/2023,411.72,Hold,Hold,Hold,Hold,Hold,Hold,Hold,Hold,Hold,Sell,0.0990989829999999,0.9023113554545454
23/10/2023,411.0,Hold,Hold,Hold,Hold,Hold,Hold,Hold,Hold,Hold,Hold,0.0796473651538461,0.56132062225
24/10/2023,414.1,Hold,Hold,Hold,Hold,Hold,Hold,Hold,Hold,Hold,Hold,-0.07940997912,0.3338336966666667
25/10/2023,408.16,Hold,Hold,Hold,Hold,Hold,Hold,Hold,Hold,Hold,Hold,0.0637792093195454,0.99642429
26/10/2023,403.27,Hold,Hold,Hold,Hold,Hold,Hold,Hold,Hold,Hold,Hold,-0.0702813788235294,0.9812122666666668
27/10/2023,401.44,Hold,Hold,Hold,Hold,Buy,Hold,Hold,Hold,Buy,Hold,0.3009027402283675,0.8154805175
30/10/2023,406.24,Hold,Hold,Hold,Hold,Hold,Hold,Hold,Hold,Hold,Hold,0.2774429320983216,0.6327335746544852
31/10/2023,408.79,Hold,Hold,Hold,Hold,Hold,Hold,Hold,Hold,Hold,Hold,0.5899298892327282,0.998558818
1/11/2023,413.15,Hold,Hold,Hold,Hold,Hold,Hold,Hold,Hold,Hold,Hold,0.197069561085153,0.9923457614285712
2/11/2023,421.07,Buy,Buy,Buy,Buy,Hold,Hold,Hold,Buy,Hold,Buy,0.5026864143488367,0.76886421694
3/11/2023,424.91,Hold,Hold,Hold,Hold,Hold,Buy,Buy,Hold,Hold,Hold,-0.0853727901398146,0.6033649157142857
6/11/2023,425.89,Hold,Hold,Hold,Hold,Hold,Hold,Hold,Hold,Hold,Hold,0.3291856391253081,0.5672211088181819
7/11/2023,427.1,Hold,Hold,Hold,Hold,Hold,Hold,Hold,Hold,Hold,Hold,0.1044585197369317,0.4937550531834263
8/11/2023,427.42,Hold,Hold,Hold,Hold,Hold,Hold,Hold,Hold,Hold,Hold,0.21452572228685,0.9992874833333332
9/11/2023,424.08,Hold,Hold,Hold,Hold,Hold,Hold,Hold,Hold,Hold,Hold,-0.0008506693859767,0.999896325
10/11/2023,430.7,Hold,Hold,Hold,Hold,Hold,Hold,Hold,Hold,Hold,Hold,0.1104195968943846,0.9997543314285714
13/11/2023,430.29,Hold,Hold,Hold,Hold,Hold,Hold,Hold,Hold,Hold,Hold,0.3819442927607143,0.8434149757142857
14/11/2023,438.64,Hold,Hold,Hold,Hold,Hold,Hold,Hold,Hold,Sell,Hold,0.3439458435590184,0.62187065875
15/11/2023,439.57,Hold,Hold,Hold,Hold,Hold,Hold,Hold,Hold,Sell,Hold,0.0042447817338447,0.99435579
16/11/2023,440.1,Hold,Hold,Hold,Hold,Hold,Hold,Hold,Hold,Sell,Hold,0.1974776108115426,0.8411902033333334
17/11/2023,440.65,Hold,Hold,Hold,Hold,Hold,Hold,Hold,Hold,Sell,Hold,0.1772693932716122,0.4545523731520111
20/11/2023,444.04,Hold,Hold,Hold,Hold,Hold,Hold,Hold,Hold,Sell,Hold,0.2801944347442863,0.031057134
21/11/2023,443.08,Hold,Hold,Hold,Hold,Hold,Hold,Hold,Hold,Sell,Hold,0.2227751130671922,0.9328556883333332
22/11/2023,444.79,Hold,Hold,Hold,Hold,Hold,Hold,Hold,Hold,Sell,Hold,0.1988524475146147,0.80008251872
24/11/2023,445.06,Hold,Hold,Hold,Hold,Hold,Hold,Hold,Hold,Sell,Hold,0.2658008657514978,0.5991427625
27/11/2023,444.26,Hold,Hold,Hold,Hold,Hold,Hold,Hold,Hold,Sell,Hold,0.171054566661183,0.9593262316666666
28/11/2023,444.7,Hold,Hold,Hold,Hold,Hold,Hold,Hold,Hold,Sell,Hold,0.1877186404285714,0.9400348666666668
29/11/2023,444.39,Hold,Hold,Hold,Hold,Hold,Hold,Hold,Hold,Sell,Hold,0.3154326957508583,0.8392748566666667
30/11/2023,446.14,Hold,Hold,Hold,Hold,Hold,Hold,Hold,Hold,Sell,Hold,0.6896011352160599,0.919860304
1/12/2023,448.77,Hold,Hold,Hold,Hold,Hold,Hold,Hold,Hold,Sell,Hold,0.46998332735955,0.9735757683333331
4/12/2023,446.42,Hold,Hold,Hold,Hold,Hold,Hold,Hold,Hold,Sell,Hold,0.1923862218924046,0.7553624525
5/12/2023,446.33,Hold,Hold,Hold,Hold,Hold,Hold,Hold,Hold,Sell,Hold,0.4112188714022591,0.324224125
6/12/2023,444.53,Hold,Hold,Hold,Hold,Hold,Hold,Hold,Hold,Hold,Hold,0.3203286484447974,0.5919858070428801
7/12/2023,447.92,Hold,Hold,Hold,Hold,Hold,Hold,Hold,Hold,Hold,Hold,0.2056125668733529,0.1235195764999999
8/12/2023,449.85,Hold,Hold,Hold,Hold,Hold,Hold,Hold,Hold,Sell,Hold,0.4360632882762054,0.999725628
11/12/2023,451.6,Hold,Hold,Hold,Hold,Hold,Hold,Hold,Hold,Hold,Hold,0.5534994836218515,0.9991491866666666
12/12/2023,453.66,Hold,Hold,Hold,Hold,Hold,Hold,Hold,Hold,Sell,Hold,0.2874283404557423,0.4992874722437143
13/12/2023,459.92,Hold,Hold,Hold,Hold,Hold,Hold,Hold,Hold,Sell,Hold,0.4021327381952,0.8125317027272728
14/12/2023,461.39,Hold,Hold,Hold,Hold,Hold,Hold,Hold,Hold,Sell,Hold,0.297259590047212,0.9492985
15/12/2023,460.63,Hold,Hold,Hold,Hold,Hold,Hold,Hold,Hold,Sell,Hold,0.5072927252221557,0.7477924394444444
18/12/2023,463.23,Hold,Hold,Hold,Hold,Hold,Hold,Hold,Hold,Sell,Hold,0.0925975371569216,0.991529162222222
19/12/2023,466.04,Hold,Hold,Hold,Hold,Hold,Hold,Hold,Hold,Sell,Hold,0.0555096416246664,0.8962799306000001
20/12/2023,459.58,Hold,Hold,Hold,Hold,Hold,Hold,Hold,Hold,Hold,Hold,-0.1824015317636363,0.5376793604059913
21/12/2023,463.94,Hold,Hold,Hold,Hold,Hold,Hold,Hold,Hold,Hold,Hold,0.2457530844322388,0.5628142179135714
22/12/2023,464.87,Hold,Hold,Hold,Hold,Hold,Hold,Hold,Hold,Sell,Hold,0.2194886156410077,0.162150772
26/12/2023,466.84,Hold,Hold,Hold,Hold,Hold,Hold,Hold,Hold,Sell,Hold,0.4903921282785714,0.9865694933333334
27/12/2023,467.68,Hold,Hold,Hold,Hold,Hold,Hold,Hold,Hold,Sell,Hold,0.2866542615823798,0.7050441985714286
28/12/2023,467.86,Hold,Hold,Hold,Hold,Sell,Hold,Hold,Hold,Sell,Hold,0.2693712283536911,0.9187677742857144
29/12/2023,466.5,Sell,Hold,Hold,Sell,Sell,Hold,Hold,Hold,Sell,Hold,0.2392139599431559,0.7663559183966666
2/1/2024,463.89,Hold,Hold,Hold,Hold,Hold,Hold,Hold,Hold,Hold,Hold,0.2500131861486407,0.9866043933333332
3/1/2024,460.1,Hold,Hold,Hold,Hold,Hold,Hold,Hold,Hold,Hold,Hold,0.0510240755022307,0.6288436783333333
4/1/2024,458.62,Hold,Sell,Hold,Hold,Hold,Hold,Hold,Hold,Hold,Hold,0.3617999700212769,0.78052541
5/1/2024,459.25,Hold,Hold,Hold,Hold,Hold,Hold,Sell,Hold,Hold,Hold,-0.1686820767980241,0.4940660824999999
8/1/2024,465.81,Hold,Hold,Hold,Hold,Hold,Hold,Buy,Hold,Hold,Hold,0.0897559221778598,0.5835852954125
9/1/2024,465.1,Hold,Hold,Hold,Hold,Hold,Hold,Hold,Hold,Hold,Hold,0.1364808953011566,0.7372968026666666
10/1/2024,467.73,Hold,Hold,Hold,Hold,Hold,Hold,Hold,Hold,Hold,Hold,0.208036154179227,0.5541783688888889
11/1/2024,467.52,Hold,Hold,Hold,Hold,Hold,Hold,Hold,Hold,Hold,Hold,0.27194037833668,0.957137427
12/1/2024,467.85,Hold,Hold,Hold,Hold,Hold,Hold,Hold,Hold,Hold,Hold,0.1626844177329531,0.99813085
16/1/2024,466.13,Hold,Hold,Hold,Hold,Hold,Hold,Hold,Hold,Hold,Hold,0.3768871914742379,0.99992232
17/1/2024,463.54,Hold,Buy,Hold,Hold,Hold,Hold,Hold,Hold,Hold,Hold,-0.091628779,0.687126015172
18/1/2024,467.66,Hold,Hold,Hold,Hold,Hold,Hold,Hold,Sell,Hold,Hold,-0.3087952044499999,0.8379221
19/1/2024,473.49,Buy,Hold,Hold,Hold,Hold,Hold,Hold,Buy,Hold,Hold,0.2606779936293791,0.8160342655555556
22/1/2024,474.49,Hold,Hold,Hold,Hold,Hold,Hold,Hold,Hold,Hold,Buy,0.1438084513028927,0.95848140625
23/1/2024,475.88,Hold,Hold,Hold,Hold,Hold,Hold,Hold,Hold,Hold,Hold,-0.1244541049814288,0.5241868331633334
24/1/2024,476.4,Hold,Hold,Hold,Hold,Hold,Hold,Hold,Hold,Sell,Hold,-0.0526851501660215,0.8607417467142857
25/1/2024,478.99,Hold,Hold,Hold,Hold,Hold,Hold,Hold,Hold,Sell,Hold,0.4219188535266325,0.929647425
26/1/2024,478.38,Hold,Hold,Hold,Hold,Hold,Hold,Hold,Hold,Sell,Hold,0.2131073617375325,0.968943985
29/1/2024,482.17,Hold,Hold,Hold,Hold,Hold,Hold,Hold,Hold,Sell,Hold,0.5754800881025001,0.4310378980795519
30/1/2024,481.8,Hold,Hold,Hold,Hold,Hold,Hold,Hold,Hold,Sell,Hold,-0.1424501304878784,0.8027742652857144
31/1/2024,473.93,Hold,Hold,Hold,Hold,Hold,Hold,Hold,Hold,Hold,Hold,0.3312952525086598,0.95181523
1/2/2024,480.14,Hold,Hold,Hold,Hold,Hold,Hold,Hold,Hold,Hold,Hold,0.0081279006362652,0.6166211381306667
2/2/2024,485.19,Hold,Hold,Hold,Hold,Hold,Hold,Hold,Hold,Hold,Hold,0.3293426810446233,0.7150635654
5/2/2024,483.42,Hold,Hold,Hold,Hold,Hold,Hold,Hold,Hold,Hold,Hold,-0.2862532867681452,0.8561598000171429
6/2/2024,484.83,Hold,Hold,Hold,Hold,Hold,Hold,Hold,Hold,Sell,Hold,-0.0827522466231396,0.9964420833333332
7/2/2024,488.87,Hold,Hold,Hold,Hold,Hold,Hold,Hold,Hold,Sell,Hold,0.2297523754032841,0.6293662637666667
8/2/2024,489.09,Hold,Hold,Hold,Hold,Hold,Hold,Hold,Hold,Sell,Hold,0.4133216171408997,0.816596654695647
9/2/2024,491.91,Hold,Hold,Hold,Hold,Hold,Hold,Hold,Hold,Sell,Hold,0.5334684603447841,0.99273646
12/2/2024,491.7,Hold,Hold,Hold,Hold,Hold,Hold,Hold,Hold,Sell,Hold,0.3944845977527508,0.9944994833333332
13/2/2024,484.93,Hold,Hold,Hold,Hold,Hold,Hold,Hold,Hold,Hold,Hold,0.0028703505340746,0.9931572833333332
14/2/2024,489.33,Hold,Hold,Hold,Hold,Hold,Hold,Hold,Hold,Hold,Hold,0.0802668030813083,0.6650903584444445
15/2/2024,492.71,Hold,Hold,Hold,Hold,Hold,Hold,Hold,Hold,Hold,Hold,0.2542607616534942,0.991694968
16/2/2024,490.26,Hold,Hold,Hold,Hold,Hold,Hold,Hold,Hold,Hold,Hold,0.4049682076116568,0.1689504496193333
20/2/2024,487.56,Hold,Hold,Hold,Hold,Hold,Hold,Hold,Hold,Hold,Hold,0.2308275651626585,0.9957005425
21/2/2024,488.0,Hold,Hold,Hold,Hold,Hold,Hold,Hold,Hold,Hold,Hold,0.1005466408199999,0.6665663033818667
22/2/2024,498.1,Hold,Hold,Hold,Hold,Hold,Hold,Hold,Hold,Hold,Hold,0.2067189847342573,0.9664572072727272
23/2/2024,498.44,Hold,Hold,Hold,Hold,Hold,Hold,Hold,Hold,Hold,Hold,0.2301979174994134,0.7225244166666668
26/2/2024,496.62,Hold,Hold,Hold,Hold,Hold,Hold,Hold,Hold,Hold,Hold,0.2086085474680046,0.8811267206666666
27/2/2024,497.54,Hold,Hold,Hold,Hold,Hold,Hold,Hold,Hold,Hold,Hold,0.2229493449371272,0.979063565
28/2/2024,496.88,Hold,Hold,Hold,Hold,Hold,Hold,Hold,Hold,Hold,Hold,0.5379785582372015,0.62409007
29/2/2024,498.67,Hold,Hold,Hold,Hold,Hold,Hold,Hold,Hold,Hold,Hold,0.1887218330561362,0.867056268
1/3/2024,503.35,Hold,Hold,Hold,Hold,Hold,Hold,Hold,Hold,Hold,Hold,0.4391708516799603,0.967545835
4/3/2024,502.81,Hold,Hold,Hold,Hold,Hold,Hold,Hold,Hold,Hold,Hold,0.0148407585012447,0.8152828921428571
5/3/2024,497.78,Hold,Hold,Hold,Hold,Hold,Hold,Hold,Hold,Hold,Hold,,0.6769162502881818
6/3/2024,500.31,Hold,Hold,Hold,Hold,Hold,Hold,Hold,Hold,Hold,Hold,,0.513260999
7/3/2024,505.27,Hold,Hold,Hold,Hold,Hold,Hold,Hold,Hold,Hold,Hold,,0.9607465733333334
8/3/2024,502.24,Hold,Hold,Hold,Hold,Hold,Hold,Hold,Hold,Hold,Hold,,0.994802351
11/3/2024,501.81,Hold,Hold,Hold,Hold,Hold,Hold,Hold,Hold,Hold,Hold,0.9912571,0.77286837448497
12/3/2024,507.21,Hold,Hold,Hold,Hold,Hold,Hold,Hold,Hold,Sell,Hold,,0.956595315
13/3/2024,506.41,Hold,Hold,Hold,Hold,Hold,Hold,Hold,Hold,Hold,Hold,,0.9975182033333332
14/3/2024,505.41,Hold,Hold,Hold,Hold,Hold,Hold,Hold,Hold,Hold,Hold,,0.1621223731999999
15/3/2024,501.94,Hold,Hold,Hold,Hold,Hold,Hold,Hold,Hold,Hold,Hold,,0.73910695375
18/3/2024,504.92,Sell,Hold,Hold,Hold,Hold,Hold,Hold,Hold,Hold,Hold,,0.883889268
19/3/2024,507.73,Buy,Hold,Hold,Hold,Hold,Hold,Hold,Hold,Hold,Hold,,0.50015467375
20/3/2024,512.42,Hold,Hold,Hold,Hold,Hold,Hold,Hold,Hold,Hold,Hold,,0.961492019
21/3/2024,514.12,Hold,Hold,Hold,Hold,Hold,Hold,Hold,Hold,Hold,Hold,,0.7565100533333333
22/3/2024,513.14,Hold,Hold,Hold,Hold,Hold,Hold,Hold,Hold,Hold,Hold,,0.7708762733333333
25/3/2024,511.73,Hold,Hold,Hold,Hold,Hold,Hold,Hold,Hold,Hold,Hold,,0.90704721
26/3/2024,510.78,Sell,Hold,Hold,Sell,Hold,Hold,Hold,Hold,Hold,Hold,,0.9935283675
27/3/2024,515.07,Buy,Hold,Hold,Buy,Hold,Hold,Hold,Hold,Hold,Hold,,0.8849657593868444
28/3/2024,514.97,Hold,Hold,Hold,Hold,Sell,Hold,Hold,Hold,Sell,Hold,0.9997795,0.7822604665468
1/4/2024,514.08,Sell,Hold,Hold,Sell,Hold,Hold,Hold,Hold,Hold,Hold,,0.999138872
2/4/2024,510.81,Hold,Hold,Hold,Hold,Hold,Hold,Hold,Hold,Hold,Hold,,0.8120462221194888
3/4/2024,511.37,Hold,Sell,Hold,Hold,Hold,Hold,Hold,Hold,Hold,Hold,,0.39272808200545
4/4/2024,505.13,Hold,Hold,Hold,Hold,Hold,Hold,Hold,Hold,Hold,Hold,,0.8271038819016208
5/4/2024,510.41,Hold,Sell,Sell,Hold,Hold,Sell,Sell,Sell,Hold,Hold,0.99588346,0.8448697892592593
8/4/2024,510.69,Hold,Hold,Hold,Hold,Hold,Hold,Hold,Hold,Hold,Hold,,0.4681242378125
9/4/2024,511.28,Hold,Hold,Hold,Hold,Hold,Hold,Hold,Hold,Hold,Hold,,0.9650561316666666
10/4/2024,506.16,Hold,Hold,Hold,Hold,Hold,Hold,Hold,Hold,Hold,Hold,,0.8354551776923077
11/4/2024,509.98,Hold,Hold,Sell,Hold,Hold,Sell,Hold,Sell,Hold,Hold,,0.903849416
12/4/2024,502.94,Hold,Hold,Hold,Hold,Hold,Hold,Hold,Hold,Hold,Hold,0.98871857,0.8107397305075293
15/4/2024,496.64,Hold,Hold,Sell,Hold,Hold,Sell,Hold,Sell,Hold,Hold,,0.876168979375
16/4/2024,495.74,Hold,Hold,Hold,Hold,Hold,Hold,Hold,Hold,Hold,Hold,0.0013455549569299,0.800096021764706
17/4/2024,492.8,Hold,Hold,Hold,Hold,Hold,Hold,Hold,Hold,Buy,Hold,,0.7462657850000001
18/4/2024,491.79,Hold,Hold,Hold,Hold,Hold,Hold,Hold,Hold,Buy,Hold,0.9953908,0.6169961090909091
19/4/2024,487.5,Hold,Hold,Hold,Hold,Hold,Hold,Hold,Hold,Buy,Hold,,0.7150383317647059
22/4/2024,491.99,Hold,Hold,Hold,Hold,Hold,Hold,Hold,Hold,Hold,Hold,8.532021e-05,0.62512424631
23/4/2024,497.82,Hold,Hold,Hold,Hold,Hold,Hold,Hold,Hold,Hold,Hold,,0.641915787941
24/4/2024,497.59,Hold,Hold,Hold,Hold,Hold,Hold,Hold,Hold,Hold,Hold,,0.586070556424
25/4/2024,495.7,Hold,Hold,Hold,Hold,Hold,Hold,Hold,Hold,Hold,Hold,,0.5761062118577778
26/4/2024,500.39,Hold,Hold,Hold,Hold,Hold,Hold,Hold,Hold,Hold,Hold,,0.569869114123125
29/4/2024,502.17,Buy,Buy,Buy,Buy,Hold,Buy,Buy,Buy,Hold,Hold,,0.626130269892575
30/4/2024,494.21,Hold,Hold,Hold,Hold,Hold,Hold,Hold,Hold,Hold,Hold,,0.84662624
1/5/2024,492.61,Hold,Hold,Hold,Hold,Hold,Hold,Hold,Hold,Hold,Hold,,0.9310114224294688
2/5/2024,497.21,Hold,Hold,Hold,Hold,Hold,Hold,Hold,Hold,Hold,Hold,,0.9655716
3/5/2024,503.38,Buy,Hold,Buy,Buy,Hold,Hold,Hold,Buy,Hold,Buy,,0.7088919211111111
6/5/2024,508.57,Hold,Hold,Hold,Hold,Hold,Buy,Hold,Hold,Hold,Hold,,0.98684670875
7/5/2024,509.14,Hold,Hold,Hold,Hold,Hold,Hold,Hold,Hold,Hold,Hold,,0.7418159353846154
8/5/2024,509.18,Hold,Hold,Hold,Hold,Hold,Hold,Hold,Hold,Hold,Hold,,0.8705389812457144
9/5/2024,512.12,Hold,Hold,Hold,Hold,Hold,Hold,Hold,Hold,Sell,Hold,,0.91585527
10/5/2024,512.78,Hold,Hold,Hold,Hold,Hold,Hold,Hold,Hold,Sell,Hold,,0.8608569541666666
13/5/2024,512.85,Hold,Hold,Hold,Hold,Hold,Hold,Hold,Hold,Hold,Hold,0.9999933,0.58101396
14/5/2024,515.2,Hold,Hold,Hold,Hold,Hold,Hold,Hold,Hold,Sell,Hold,,0.826940684
15/5/2024,521.58,Hold,Hold,Hold,Hold,Hold,Hold,Hold,Hold,Sell,Hold,,0.49696084
16/5/2024,520.51,Hold,Hold,Hold,Hold,Hold,Hold,Hold,Hold,Sell,Hold,0.99573135,0.4826373332747363
17/5/2024,521.26,Hold,Hold,Hold,Hold,Hold,Hold,Hold,Hold,Sell,Hold,0.9993394,0.4399907752342857
20/5/2024,521.86,Hold,Hold,Hold,Hold,Hold,Hold,Hold,Hold,Sell,Hold,,0.99999038
21/5/2024,523.14,Hold,Hold,Hold,Hold,Hold,Hold,Hold,Hold,Sell,Hold,,0.738445084
22/5/2024,521.63,Hold,Hold,Hold,Hold,Sell,Hold,Hold,Hold,Sell,Hold,0.99953115,0.9975183755555554
23/5/2024,517.82,Hold,Hold,Hold,Hold,Sell,Hold,Hold,Hold,Sell,Hold,,0.7423798125000001
24/5/2024,521.25,Hold,Hold,Hold,Hold,Sell,Hold,Hold,Hold,Sell,Hold,,0.64076332
28/5/2024,521.61,Hold,Hold,Hold,Hold,Sell,Hold,Hold,Hold,Sell,Hold,,0.531328770375
29/5/2024,517.96,Hold,Hold,Hold,Hold,Hold,Hold,Hold,Hold,Hold,Hold,,0.92677825
30/5/2024,514.52,Sell,Sell,Hold,Sell,Hold,Hold,Hold,Hold,Hold,Hold,,0.7927586763636363
31/5/2024,519.21,Hold,Hold,Hold,Hold,Hold,Hold,Sell,Hold,Hold,Hold,,0.6148514842042857
3/6/2024,519.63,Buy,Hold,Hold,Buy,Hold,Hold,Hold,Hold,Hold,Hold,,0.8376297333333333
4/6/2024,520.21,Hold,Hold,Hold,Hold,Hold,Hold,Hold,Hold,Hold,Hold,,0.3328361099999999
5/6/2024,526.39,Hold,Hold,Hold,Hold,Hold,Hold,Hold,Hold,Hold,Hold,0.9999613,0.646332349305225
6/6/2024,526.38,Hold,Hold,Hold,Hold,Hold,Hold,Hold,Hold,Hold,Hold,0.99847126,0.659403585
7/6/2024,525.74,Hold,Hold,Hold,Hold,Hold,Hold,Hold,Hold,Hold,Hold,,0.7079706570909091
10/6/2024,527.37,Hold,Hold,Hold,Hold,Hold,Hold,Hold,Hold,Hold,Hold,0.9999068,0.5470834124999999
11/6/2024,528.64,Hold,Hold,Hold,Hold,Hold,Hold,Hold,Hold,Hold,Hold,,0.9992766725
12/6/2024,532.98,Hold,Hold,Hold,Hold,Hold,Hold,Hold,Hold,Hold,Hold,,0.30611453
13/6/2024,534.05,Hold,Hold,Hold,Hold,Hold,Hold,Hold,Hold,Sell,Hold,0.45357153,0.92302297
14/6/2024,534.38,Hold,Hold,Hold,Hold,Hold,Hold,Hold,Hold,Sell,Hold,0.9822672,0.7790579799999999
17/6/2024,538.63,Hold,Hold,Hold,Hold,Hold,Hold,Hold,Hold,Sell,Hold,,0.6647403666666666
18/6/2024,540.0,Hold,Hold,Hold,Hold,Hold,Hold,Hold,Hold,Sell,Hold,,0.569768525561135
20/6/2024,538.53,Hold,Hold,Hold,Hold,Hold,Hold,Hold,Hold,Sell,Hold,,0.1988463016666667
21/6/2024,537.81,Hold,Hold,Hold,Hold,Hold,Hold,Hold,Hold,Sell,Hold,,0.41102384
24/6/2024,536.06,Hold,Hold,Hold,Hold,Hold,Hold,Hold,Hold,Sell,Hold,0.9999951,0.9978581033333334
25/6/2024,538.13,Hold,Hold,Hold,Hold,Hold,Hold,Hold,Hold,Sell,Hold,0.9999856,0.9996995
26/6/2024,538.8,Hold,Hold,Hold,Hold,Hold,Hold,Hold,Hold,Sell,Hold,,0.924699506
27/6/2024,539.65,Hold,Hold,Hold,Hold,Hold,Hold,Hold,Hold,Sell,Hold,0.9999672,0.9978934
28/6/2024,537.53,Hold,Hold,Hold,Hold,Hold,Hold,Hold,Hold,Sell,Hold,,0.717318871926791
1/7/2024,538.63,Hold,Hold,Hold,Hold,Hold,Hold,Hold,Hold,Sell,Hold,,0.9072660681818182
2/7/2024,542.26,Hold,Hold,Hold,Hold,Hold,Hold,Hold,Hold,Sell,Hold,0.0005460981,0.6897268125714285
3/7/2024,544.68,Hold,Hold,Hold,Hold,Hold,Hold,Hold,Hold,Sell,Hold,,0.6810231999
5/7/2024,547.82,Hold,Hold,Hold,Hold,Hold,Hold,Hold,Hold,Sell,Hold,,0.99940762125
8/7/2024,548.45,Hold,Hold,Hold,Hold,Hold,Hold,Hold,Hold,Sell,Hold,,0.9997534533333332
9/7/2024,548.98,Hold,Hold,Hold,Hold,Hold,Hold,Hold,Hold,Sell,Hold,0.94730353,0.999908
10/7/2024,554.41,Hold,Hold,Hold,Hold,Hold,Hold,Hold,Hold,Sell,Hold,0.588288425,0.6589975933333333
11/7/2024,549.63,Hold,Hold,Hold,Hold,Hold,Hold,Hold,Hold,Hold,Hold,,0.93073157
12/7/2024,553.1,Hold,Hold,Hold,Hold,Hold,Hold,Hold,Hold,Sell,Hold,,0.7093353777777778
15/7/2024,554.62,Hold,Hold,Hold,Hold,Sell,Hold,Hold,Hold,Sell,Hold,0.99995196,0.9967338075
16/7/2024,557.91,Hold,Hold,Hold,Hold,Sell,Hold,Hold,Hold,Sell,Hold,,0.7828404134397143
17/7/2024,550.09,Hold,Hold,Hold,Hold,Hold,Hold,Hold,Hold,Hold,Hold,3.4646895e-05,0.7287153915999999
18/7/2024,545.86,Sell,Hold,Hold,Sell,Hold,Hold,Hold,Hold,Hold,Hold,,0.3432817850714286
19/7/2024,542.24,Hold,Sell,Sell,Hold,Hold,Hold,Hold,Sell,Hold,Hold,,0.37944590800375
22/7/2024,547.83,Hold,Hold,Hold,Hold,Hold,Sell,Sell,Hold,Hold,Hold,,0.86834658
23/7/2024,546.97,Hold,Hold,Hold,Hold,Hold,Hold,Hold,Hold,Hold,Hold,,0.4910451375
24/7/2024,534.57,Hold,Sell,Sell,Hold,Hold,Hold,Sell,Sell,Hold,Hold,0.99988294,0.6751049046475714
25/7/2024,531.79,Hold,Hold,Hold,Hold,Hold,Sell,Hold,Hold,Hold,Hold,0.99726593,0.333416925
26/7/2024,537.74,Hold,Hold,Hold,Hold,Hold,Hold,Hold,Hold,Hold,Hold,,0.498721005
29/7/2024,538.06,Hold,Hold,Sell,Hold,Hold,Sell,Hold,Hold,Hold,Hold,,0.9892989811111113
30/7/2024,535.33,Hold,Hold,Hold,Hold,Hold,Hold,Hold,Sell,Hold,Hold,,0.8111992085714286
31/7/2024,544.03,Hold,Hold,Hold,Hold,Hold,Hold,Hold,Hold,Hold,Hold,0.0004126999999999,0.8272639889604
1/8/2024,536.33,Hold,Hold,Hold,Hold,Hold,Hold,Hold,Hold,Hold,Hold,,0.8044291931339209
2/8/2024,526.34,Hold,Hold,Hold,Hold,Hold,Hold,Hold,Hold,Hold,Hold,,0.7644960366666668
5/8/2024,511.02,Hold,Hold,Hold,Hold,Hold,Hold,Hold,Hold,Buy,Hold,,0.7237999008766667
6/8/2024,515.73,Hold,Hold,Hold,Hold,Hold,Hold,Hold,Hold,Buy,Hold,,0.509792971625
7/8/2024,512.28,Hold,Hold,Hold,Hold,Hold,Hold,Hold,Hold,Hold,Hold,,0.7535198233333333
8/8/2024,524.12,Hold,Hold,Hold,Hold,Hold,Hold,Hold,Hold,Hold,Hold,,0.86640025924875
9/8/2024,526.43,Hold,Hold,Hold,Hold,Hold,Hold,Hold,Hold,Hold,Hold,0.8803710499999999,0.818285405
12/8/2024,526.71,Hold,Hold,Hold,Hold,Hold,Hold,Hold,Hold,Hold,Hold,0.95273995,0.96799715
13/8/2024,535.37,Hold,Hold,Hold,Hold,Hold,Hold,Hold,Hold,Hold,Hold,,0.99996875
14/8/2024,537.06,Buy,Buy,Buy,Buy,Hold,Buy,Buy,Buy,Hold,Buy,,0.6322961523771429
15/8/2024,546.27,Hold,Hold,Hold,Hold,Hold,Hold,Hold,Hold,Hold,Hold,0.7804389,0.9554950175
16/8/2024,547.49,Hold,Hold,Hold,Hold,Hold,Hold,Hold,Hold,Hold,Hold,,0.6113641785714286
19/8/2024,552.73,Hold,Hold,Hold,Hold,Hold,Hold,Hold,Hold,Hold,Hold,,0.5038318314285714
20/8/2024,551.83,Hold,Hold,Hold,Hold,Hold,Hold,Hold,Hold,Hold,Hold,,0.8987115988070441
21/8/2024,553.72,Hold,Hold,Hold,Hold,Hold,Hold,Hold,Hold,Hold,Hold,,0.8834442407272728
22/8/2024,549.38,Hold,Hold,Hold,Hold,Hold,Hold,Hold,Hold,Hold,Hold,0.9887909,0.83686152
23/8/2024,555.21,Hold,Hold,Hold,Hold,Hold,Hold,Hold,Hold,Sell,Hold,,0.5467360833333333
26/8/2024,553.89,Hold,Hold,Hold,Hold,Sell,Hold,Hold,Hold,Sell,Hold,,0.7545021090909091
27/8/2024,554.65,Hold,Hold,Hold,Hold,Sell,Hold,Hold,Hold,Sell,Hold,0.99952458,0.7576854085714285
28/8/2024,551.43,Hold,Hold,Hold,Hold,Sell,Hold,Hold,Hold,Sell,Hold,,0.9998392625
29/8/2024,551.48,Hold,Hold,Hold,Hold,Sell,Hold,Hold,Hold,Sell,Hold,,0.73659540511
30/8/2024,556.75,Hold,Hold,Hold,Hold,Sell,Hold,Hold,Hold,Sell,Hold,,0.620426221
3/9/2024,545.29,Hold,Hold,Hold,Hold,Hold,Hold,Hold,Hold,Hold,Hold,0.4640550966666666,0.744135945
4/9/2024,544.17,Sell,Sell,Hold,Sell,Hold,Hold,Sell,Sell,Hold,Sell,,0.999718202
5/9/2024,542.85,Hold,Hold,Hold,Hold,Hold,Hold,Hold,Hold,Hold,Hold,0.99890643,0.7130815214285714
6/9/2024,533.71,Hold,Hold,Hold,Hold,Hold,Hold,Hold,Hold,Hold,Hold,,0.8733498455555555
9/9/2024,539.69,Hold,Hold,Hold,Hold,Hold,Hold,Hold,Hold,Hold,Hold,,0.9972903692857144
10/9/2024,542.04,Hold,Hold,Hold,Hold,Hold,Hold,Hold,Hold,Hold,Hold,,0.999795505
11/9/2024,547.6,Hold,Hold,Hold,Hold,Hold,Hold,Hold,Hold,Hold,Hold,0.99932432,0.6154543644444445
12/9/2024,552.21,Buy,Buy,Hold,Buy,Hold,Hold,Buy,Hold,Hold,Hold,0.499996882037185,0.5676066266363636
13/9/2024,555.1,Hold,Hold,Hold,Hold,Hold,Hold,Hold,Hold,Hold,Buy,,0.7539760690218541
16/9/2024,555.92,Hold,Hold,Hold,Hold,Hold,Hold,Hold,Hold,Hold,Hold,0.999988,0.9780550890909092
17/9/2024,556.14,Hold,Hold,Hold,Hold,Hold,Hold,Hold,Hold,Hold,Hold,,0.365462055
18/9/2024,554.49,Hold,Hold,Hold,Hold,Hold,Hold,Hold,Hold,Hold,Hold,,0.7268966158
19/9/2024,563.96,Hold,Hold,Hold,Hold,Hold,Hold,Hold,Hold,Hold,Hold,,0.6344184226125
20/9/2024,562.98,Hold,Hold,Hold,Hold,Hold,Hold,Hold,Hold,Hold,Hold,0.9998497,0.7936928696111111
23/9/2024,564.39,Hold,Hold,Hold,Hold,Hold,Hold,Hold,Hold,Sell,Hold,,0.9208976071428572
24/9/2024,566.0,Hold,Hold,Hold,Hold,Hold,Hold,Hold,Hold,Sell,Hold,0.5360402,0.9998633666666666
25/9/2024,564.75,Hold,Hold,Hold,Hold,Hold,Hold,Hold,Hold,Sell,Hold,,0.5809300077777777
26/9/2024,566.99,Hold,Hold,Hold,Hold,Hold,Hold,Hold,Hold,Sell,Hold,,0.5143559923195384
27/9/2024,566.17,Hold,Hold,Hold,Hold,Hold,Hold,Hold,Hold,Sell,Hold,,0.655563447647
30/9/2024,568.44,Hold,Hold,Hold,Hold,Sell,Hold,Hold,Hold,Sell,Hold,,0.993345795
1/10/2024,563.35,Hold,Hold,Hold,Hold,Sell,Hold,Hold,Hold,Sell,Hold,,0.16816590625
2/10/2024,563.59,Hold,Hold,Hold,Hold,Hold,Hold,Hold,Hold,Hold,Hold,,0.9171841028571428
3/10/2024,562.55,Sell,Hold,Hold,Hold,Hold,Hold,Hold,Hold,Hold,Hold,,0.9988225
4/10/2024,567.67,Hold,Hold,Hold,Hold,Hold,Hold,Hold,Hold,Hold,Hold,,0.7370900618181818
7/10/2024,562.54,Hold,Hold,Hold,Hold,Hold,Hold,Hold,Hold,Hold,Hold,,0.8711306528571429
8/10/2024,567.86,Hold,Sell,Hold,Hold,Hold,Hold,Hold,Hold,Hold,Hold,,0.40014567046
9/10/2024,571.79,Buy,Hold,Hold,Hold,Hold,Hold,Hold,Hold,Hold,Hold,0.99994487,0.53284291
10/10/2024,570.79,Hold,Hold,Hold,Hold,Hold,Hold,Hold,Hold,Hold,Hold,,0.96724255
11/10/2024,574.21,Hold,Hold,Hold,Hold,Hold,Hold,Hold,Hold,Hold,Hold,,0.650218615901
14/10/2024,578.9,Hold,Hold,Hold,Hold,Hold,Hold,Hold,Hold,Hold,Hold,0.650167694,0.96090664
15/10/2024,574.4,Hold,Hold,Hold,Hold,Hold,Hold,Hold,Hold,Hold,Hold,,0.6671571841666667
16/10/2024,576.9,Hold,Hold,Hold,Hold,Hold,Hold,Hold,Hold,Hold,Hold,,0.7731452255978571
17/10/2024,576.95,Hold,Hold,Hold,Hold,Hold,Hold,Hold,Hold,Hold,Hold,0.9211622,0.90207150509125
18/10/2024,579.17,Hold,Hold,Hold,Hold,Hold,Hold,Hold,Hold,Hold,Hold,0.046707926945,0.5876200172310164
21/10/2024,578.22,Hold,Hold,Hold,Hold,Hold,Hold,Hold,Hold,Hold,Hold,,0.9821086185714286
22/10/2024,577.91,Hold,Hold,Hold,Hold,Hold,Hold,Hold,Hold,Hold,Hold,,0.751881885
23/10/2024,572.63,Sell,Hold,Hold,Sell,Hold,Hold,Hold,Hold,Hold,Hold,,0.86983919652675
24/10/2024,573.87,Hold,Sell,Hold,Hold,Hold,Hold,Hold,Hold,Hold,Hold,,0.741266916
25/10/2024,573.67,Hold,Hold,Hold,Hold,Hold,Hold,Hold,Hold,Hold,Hold,0.99989082,0.5542317868062699
28/10/2024,575.44,Hold,Hold,Hold,Hold,Hold,Hold,Hold,Hold,Hold,Hold,0.9999899,0.4726473136363637
29/10/2024,576.38,Buy,Hold,Hold,Hold,Hold,Hold,Sell,Hold,Hold,Hold,,0.8879994055555556
30/10/2024,574.63,Hold,Hold,Hold,Hold,Hold,Hold,Hold,Hold,Hold,Hold,0.93997467,0.7496807118215525
31/10/2024,563.37,Hold,Hold,Hold,Hold,Hold,Hold,Hold,Hold,Hold,Hold,,0.4977921288460375
1/11/2024,565.75,Hold,Hold,Hold,Hold,Hold,Hold,Hold,Sell,Hold,Hold,,0.995287156
4/11/2024,564.53,Hold,Hold,Hold,Hold,Hold,Hold,Hold,Hold,Hold,Hold,,0.8720463679642375
5/11/2024,571.35,Hold,Hold,Hold,Hold,Hold,Hold,Hold,Hold,Hold,Hold,1.3947932e-06,0.811149705
6/11/2024,585.56,Buy,Buy,Hold,Buy,Hold,Hold,Buy,Buy,Hold,Hold,,0.8004165398925001
7/11/2024,590.09,Hold,Hold,Hold,Hold,Hold,Hold,Hold,Hold,Hold,Buy,0.9996957,0.9904909
8/11/2024,592.64,Hold,Hold,Hold,Hold,Hold,Hold,Buy,Hold,Hold,Hold,,0.71398136825
11/11/2024,593.21,Hold,Hold,Hold,Hold,Hold,Hold,Hold,Hold,Hold,Hold,,0.609716116
12/11/2024,591.37,Hold,Hold,Hold,Hold,Hold,Hold,Hold,Buy,Hold,Hold,,0.9976985
13/11/2024,591.65,Hold,Hold,Hold,Hold,Hold,Hold,Hold,Hold,Hold,Hold,,0.52388009
14/11/2024,587.85,Hold,Hold,Hold,Hold,Hold,Hold,Hold,Hold,Hold,Hold,0.99999803,0.999701508
15/11/2024,580.32,Hold,Hold,Hold,Hold,Hold,Hold,Hold,Hold,Hold,Hold,0.99987584,0.70091121
18/11/2024,582.7,Sell,Sell,Hold,Sell,Hold,Hold,Sell,Hold,Hold,Hold,,0.9934705425
19/11/2024,584.83,Hold,Hold,Hold,Buy,Hold,Hold,Buy,Hold,Hold,Hold,,0.9813096333333332
20/11/2024,585.02,Buy,Buy,Hold,Hold,Sell,Hold,Hold,Hold,Sell,Hold,,0.5320744175000001
21/11/2024,588.17,Hold,Hold,Hold,Hold,Sell,Hold,Hold,Hold,Sell,Hold,,0.9662796266666668
22/11/2024,589.99,Hold,Hold,Hold,Hold,Sell,Hold,Hold,Hold,Sell,Hold,0.92808292,0.99191463
25/11/2024,591.99,Hold,Hold,Hold,Hold,Hold,Hold,Hold,Hold,Sell,Hold,,0.0303879824999999
26/11/2024,595.08,Hold,Hold,Hold,Hold,Hold,Hold,Hold,Hold,Hold,Hold,0.9429658,0.9995023414285714
27/11/2024,593.28,Hold,Hold,Hold,Hold,Hold,Hold,Hold,Hold,Hold,Hold,-0.9996644,0.9983745771428572
29/11/2024,596.96,Hold,Hold,Hold,Hold,Hold,Hold,Hold,Hold,Hold,Hold,,0.83310057177875
2/12/2024,598.03,Hold,Hold,Hold,Hold,Hold,Hold,Hold,Hold,Hold,Hold,-0.9999973,0.9993463114285712
3/12/2024,598.31,Hold,Hold,Hold,Hold,Hold,Hold,Hold,Hold,Hold,Hold,,0.534817498175
4/12/2024,602.03,Hold,Hold,Hold,Hold,Hold,Hold,Hold,Hold,Hold,Hold,,0.7851036966666666
5/12/2024,601.03,Hold,Hold,Hold,Hold,Hold,Hold,Hold,Hold,Hold,Hold,0.9998974,0.6610236583333333
6/12/2024,602.17,Hold,Hold,Hold,Hold,Hold,Hold,Hold,Hold,Sell,Hold,,0.7789975358797693
9/12/2024,599.07,Hold,Hold,Hold,Hold,Sell,Hold,Hold,Hold,Sell,Hold,0.00042319,0.7428400233333333
10/12/2024,597.21,Sell,Hold,Hold,Sell,Sell,Hold,Hold,Hold,Sell,Hold,,0.6667051233333333
11/12/2024,601.83,Hold,Hold,Hold,Hold,Sell,Hold,Hold,Hold,Sell,Hold,,0.8955504196363637
12/12/2024,598.73,Hold,Hold,Hold,Hold,Hold,Hold,Hold,Hold,Hold,Hold,,0.7880486428114
13/12/2024,598.61,Hold,Hold,Hold,Hold,Hold,Hold,Hold,Hold,Hold,Hold,0.4742427,0.9992991333333332
16/12/2024,601.16,Hold,Hold,Hold,Hold,Hold,Hold,Hold,Hold,Hold,Hold,,0.2521016266116215
17/12/2024,598.69,Hold,Hold,Hold,Hold,Hold,Hold,Hold,Hold,Hold,Hold,,0.7005482244425334
18/12/2024,580.84,Hold,Sell,Hold,Hold,Hold,Hold,Sell,Hold,Hold,Hold,1.11585024e-07,0.616107619462255
19/12/2024,580.67,Hold,Hold,Sell,Hold,Hold,Sell,Hold,Sell,Hold,Hold,,0.74986655625
20/12/2024,587.64,Hold,Hold,Hold,Hold,Hold,Hold,Hold,Hold,Hold,Hold,,0.9725138533333334
23/12/2024,591.16,Hold,Hold,Sell,Hold,Hold,Sell,Hold,Sell,Hold,Hold,0.9999888,0.933335948
24/12/2024,597.73,Hold,Hold,Hold,Hold,Hold,Hold,Hold,Hold,Hold,Hold,,0.9961110142857142
26/12/2024,597.77,Hold,Hold,Buy,Hold,Hold,Buy,Hold,Hold,Hold,Hold,,0.944685025
27/12/2024,591.48,Hold,Hold,Hold,Hold,Hold,Hold,Hold,Hold,Hold,Hold,,0.65279329837975
30/12/2024,584.73,Hold,Hold,Hold,Hold,Hold,Hold,Hold,Hold,Hold,Hold,,0.8075081337255
2/1/2025,579.56,,,,,,,,,,,,
3/1/2025,586.81,,,,,,,,,,,,
6/1/2025,590.19,,,,,,,,,,,,
7/1/2025,583.52,,,,,,,,,,,,
8/1/2025,584.37,,,,,,,,,,,,
10/1/2025,575.45,,,,,,,,,,,,
13/1/2025,576.34,,,,,,,,,,,,
14/1/2025,577.13,,,,,,,,,,,,
15/1/2025,587.63,,,,,,,,,,,,
16/1/2025,586.5,,,,,,,,,,,,
