Date,Close,"Combi1:
Crossover (Price & EMA 20) + SMA Crossover (12 & 20)","Combi2:
Crossover (Price & EMA 12) + SMA Crossover (12 & 20)","Combi3:
Crossover (Price & EMA 20) + EMA Crossover (12 &20)","Combi4:
Overbought/ Overbought + SMA Crossover (8 & 12)","Combi5:
Crossover (Price & EMA 20) + Crossover (Price & EMA 50)","Combi6: 
Crossover (Price & EMA 12) + EMA Crossover (12 &20)","Combi7:
Crossover (Price & EMA 12) + Crossover (Price & EMA 20)","Combi8:
Crossover (Price & EMA 12) + SMA Crossover (8 & 12)","Combi9:
Crossover (Price & EMA 20) + SMA Crossover (8 & 12)","Combi10:
Crossover (Price & EMA 12) +Crossover (Price & EMA 50)",News Sentiment Score,Social Sentiment Score
2/1/2020,28.68400002,Hold,Hold,Hold,Hold,Hold,Hold,Hold,Hold,Hold,Hold,0.52884577051,0.6411897881228932
3/1/2020,29.5340004,Hold,Hold,Hold,Hold,Hold,Hold,Hold,Hold,Hold,Hold,0.209126958994502,0.5535948583597717
6/1/2020,30.10266685,Hold,Hold,Hold,Hold,Hold,Hold,Hold,Hold,Hold,Hold,0.52133081068073,0.60025952249788
7/1/2020,31.27066612,Hold,Hold,Hold,Hold,Hold,Hold,Hold,Hold,Hold,Hold,0.2730121681603473,0.7243119284156198
8/1/2020,32.8093338,Hold,Hold,Hold,Hold,Hold,Hold,Hold,Hold,Hold,Hold,0.7927945042341076,0.7841514863845145
9/1/2020,32.08933258,Hold,Hold,Hold,Hold,Hold,Hold,Hold,Hold,Hold,Hold,0.1543171860454545,0.6281522210602569
10/1/2020,31.87666702,Hold,Hold,Hold,Hold,Hold,Hold,Hold,Hold,Hold,Hold,0.06655211475,0.8010276879372416
13/1/2020,34.99066544,Hold,Hold,Hold,Hold,Hold,Hold,Hold,Hold,Hold,Hold,0.1470843632222146,0.7457304992604779
14/1/2020,35.86133194,Hold,Hold,Hold,Hold,Hold,Hold,Hold,Hold,Hold,Hold,0.7786167267302329,0.7536770935380693
15/1/2020,34.56666565,Hold,Hold,Hold,Hold,Hold,Hold,Hold,Hold,Hold,Hold,0.7306995083333333,0.8561046371410151
16/1/2020,34.23266602,Hold,Hold,Hold,Hold,Hold,Hold,Hold,Hold,Hold,Hold,0.2641040048083333,0.7340794937393093
17/1/2020,34.03333282,Hold,Hold,Hold,Hold,Hold,Hold,Hold,Hold,Hold,Hold,0.3055952383900909,0.7258865252604999
21/1/2020,36.47999954,Hold,Hold,Hold,Hold,Hold,Hold,Hold,Hold,Hold,Hold,0.6769939732,0.7499664516790704
22/1/2020,37.97066879,Hold,Hold,Hold,Hold,Hold,Hold,Hold,Hold,Hold,Hold,0.473026073477658,0.750181908117482
23/1/2020,38.14666748,Hold,Hold,Hold,Hold,Hold,Hold,Hold,Hold,Hold,Hold,0.6220852033918829,0.7396470506328835
24/1/2020,37.6546669,Hold,Hold,Hold,Hold,Hold,Hold,Hold,Hold,Hold,Hold,0.6278444285583333,0.6727494542602932
27/1/2020,37.20133209,Hold,Hold,Hold,Hold,Hold,Hold,Hold,Hold,Hold,Hold,0.84650693,0.6472290307456411
28/1/2020,37.79333115,Hold,Hold,Hold,Hold,Hold,Hold,Hold,Hold,Hold,Hold,0.62668014745,0.7616935474380538
29/1/2020,38.73266602,Hold,Hold,Hold,Hold,Hold,Hold,Hold,Hold,Hold,Hold,0.3923833457689537,0.7606350167881933
30/1/2020,42.72066879,Hold,Hold,Hold,Hold,Hold,Hold,Hold,Hold,Hold,Hold,0.1446793798504371,0.7400489118916294
31/1/2020,43.37133408,Hold,Hold,Hold,Hold,Hold,Hold,Hold,Hold,Hold,Hold,0.514328390925,0.7779054327653998
3/2/2020,52.0,Hold,Hold,Hold,Hold,Hold,Hold,Hold,Hold,Hold,Hold,0.0632088362547735,0.8533753734473577
4/2/2020,59.13733292,Hold,Hold,Hold,Hold,Hold,Hold,Hold,Hold,Hold,Hold,0.3572669957135836,0.8236364754902816
5/2/2020,48.97999954,Hold,Hold,Hold,Hold,Hold,Hold,Hold,Hold,Hold,Hold,0.2497987492134329,0.8667226212029581
6/2/2020,49.93066788,Hold,Hold,Hold,Hold,Hold,Hold,Hold,Hold,Hold,Hold,0.3339142269473684,0.7870433646109352
7/2/2020,49.87133408,Hold,Hold,Hold,Hold,Hold,Hold,Hold,Hold,Hold,Hold,0.1652101254166667,0.8338300512986275
10/2/2020,51.41866684,Hold,Hold,Hold,Hold,Hold,Hold,Hold,Hold,Hold,Hold,0.73026341,0.8268191601136986
11/2/2020,51.62533188,Hold,Hold,Hold,Hold,Hold,Hold,Hold,Hold,Hold,Hold,0.5254713183766917,0.7465446170854799
12/2/2020,51.152668,Hold,Hold,Hold,Hold,Hold,Hold,Hold,Hold,Hold,Hold,-0.4384992113333333,0.7263256744202937
13/2/2020,53.59999847,Hold,Hold,Hold,Hold,Hold,Hold,Hold,Hold,Hold,Hold,0.4350062954519667,0.7803326808731315
14/2/2020,53.33533478,Hold,Hold,Hold,Hold,Hold,Hold,Hold,Hold,Hold,Hold,0.5597901862042,0.8253013515178643
18/2/2020,57.2266655,Hold,Hold,Hold,Hold,Hold,Hold,Hold,Hold,Hold,Hold,0.37624728358419,0.763363594998781
19/2/2020,61.16133118,Hold,Hold,Hold,Hold,Hold,Hold,Hold,Hold,Hold,Hold,0.5189805633848225,0.7714325622986676
20/2/2020,59.96066666,Hold,Hold,Hold,Hold,Hold,Hold,Hold,Hold,Hold,Hold,0.647771726851875,0.8841313198274388
21/2/2020,60.06666565,Hold,Hold,Hold,Sell,Hold,Hold,Hold,Hold,Hold,Hold,0.399805871516367,0.8653424003896775
24/2/2020,55.58599854,Hold,Hold,Hold,Hold,Hold,Hold,Hold,Hold,Hold,Hold,0.3834106798869391,0.8620035110000001
25/2/2020,53.32733154,Hold,Hold,Hold,Hold,Hold,Hold,Hold,Hold,Hold,Hold,0.0571815126,0.7838101665690121
26/2/2020,51.91999817,Hold,Hold,Hold,Hold,Hold,Hold,Sell,Sell,Hold,Hold,0.7555581738333333,0.7839120766166724
27/2/2020,45.26666641,Hold,Hold,Hold,Hold,Hold,Hold,Hold,Hold,Hold,Hold,0.7959275266666667,0.6837698722448888
28/2/2020,44.53266525,Sell,Hold,Sell,Hold,Sell,Hold,Hold,Hold,Sell,Hold,0.5225019872727272,0.7518411666262157
2/3/2020,49.57466888,Hold,Hold,Hold,Hold,Hold,Hold,Hold,Hold,Hold,Hold,0.3296041162211715,0.5029614986068902
3/3/2020,49.70066833,Hold,Hold,Hold,Hold,Hold,Hold,Hold,Hold,Hold,Hold,0.3804328538868315,0.6486466420704875
4/3/2020,49.96666718,Hold,Hold,Hold,Hold,Hold,Hold,Hold,Hold,Hold,Hold,0.004264427495,0.6938094059843521
5/3/2020,48.30266571,Hold,Hold,Hold,Hold,Hold,Hold,Hold,Hold,Hold,Hold,0.1118353260663333,0.7091502493035378
6/3/2020,46.89866638,Hold,Hold,Hold,Hold,Hold,Hold,Hold,Hold,Hold,Hold,0.7367614884247575,0.4840645756515151
9/3/2020,40.53333282,Hold,Hold,Hold,Hold,Hold,Hold,Hold,Hold,Hold,Hold,0.299237952667,0.6257736001277471
10/3/2020,43.02199936,Hold,Hold,Hold,Hold,Hold,Hold,Hold,Hold,Hold,Hold,0.3103674747272727,0.8098486992561557
11/3/2020,42.2820015,Hold,Hold,Hold,Hold,Hold,Hold,Hold,Hold,Hold,Hold,0.5950239684517427,0.6650191996794151
12/3/2020,37.36999893,Hold,Hold,Hold,Hold,Hold,Hold,Hold,Hold,Hold,Hold,-0.0431116809722382,0.8146981810137944
13/3/2020,36.44133377,Hold,Hold,Hold,Hold,Hold,Hold,Hold,Hold,Hold,Hold,0.6655571466666667,0.7403219935572571
16/3/2020,29.67133331,Hold,Hold,Hold,Hold,Hold,Hold,Hold,Hold,Hold,Hold,0.8528111877777778,0.825842676445459
17/3/2020,28.68000031,Hold,Hold,Hold,Hold,Hold,Hold,Hold,Hold,Hold,Hold,0.9955252542857144,0.646072008660276
18/3/2020,24.08133316,Hold,Hold,Hold,Hold,Hold,Hold,Hold,Hold,Hold,Hold,0.4519155139045714,0.7665412717773311
19/3/2020,28.50933266,Hold,Hold,Hold,Hold,Hold,Hold,Hold,Hold,Hold,Hold,0.0680281941283333,0.7554286221877246
20/3/2020,28.50200081,Hold,Hold,Hold,Buy,Hold,Hold,Hold,Hold,Hold,Hold,0.5638401566305714,0.8088182704948141
23/3/2020,28.95266724,Hold,Hold,Hold,Buy,Hold,Hold,Hold,Hold,Hold,Hold,0.59882733273414,0.9682203739644616
24/3/2020,33.66666794,Hold,Hold,Hold,Buy,Hold,Hold,Hold,Hold,Hold,Hold,0.62444227037,0.8357606047372973
25/3/2020,35.95000076,Hold,Hold,Hold,Hold,Hold,Hold,Hold,Hold,Hold,Hold,0.662450189063377,0.6591141173623947
26/3/2020,35.21066666,Hold,Hold,Hold,Hold,Hold,Hold,Hold,Buy,Hold,Hold,0.5848668383333333,0.6942433108121174
27/3/2020,34.29066849,Hold,Hold,Hold,Hold,Hold,Hold,Hold,Hold,Hold,Hold,0.6405893809090909,0.755328063
30/3/2020,33.47533417,Hold,Hold,Hold,Hold,Hold,Hold,Hold,Hold,Hold,Hold,0.2391598308135999,0.8792634938536036
31/3/2020,34.93333435,Hold,Hold,Hold,Hold,Hold,Hold,Hold,Buy,Buy,Hold,0.4686842949999999,0.6595155860971855
1/4/2020,32.10400009,Hold,Buy,Hold,Hold,Hold,Hold,Buy,Hold,Hold,Buy,-0.2628101505714286,0.9003961976691103
2/4/2020,30.29800034,Hold,Hold,Hold,Hold,Hold,Hold,Hold,Sell,Hold,Hold,0.1021415123935378,0.7184520131822173
3/4/2020,32.00066757,Hold,Hold,Hold,Hold,Hold,Hold,Hold,Hold,Hold,Hold,0.3646108759118176,0.7345940609660391
6/4/2020,34.41600037,Hold,Hold,Hold,Hold,Hold,Hold,Hold,Hold,Hold,Hold,0.6910988453833333,0.6552885590339194
7/4/2020,36.36333466,Hold,Buy,Hold,Sell,Hold,Buy,Buy,Buy,Hold,Buy,0.2426288079999999,0.6487640643585653
8/4/2020,36.58933258,Buy,Hold,Buy,Hold,Buy,Hold,Hold,Hold,Buy,Hold,0.1968631040954953,0.9754692848275862
9/4/2020,38.20000076,Hold,Hold,Hold,Sell,Hold,Hold,Hold,Hold,Hold,Hold,0.7490734915623544,0.883669559054744
13/4/2020,43.39666748,Hold,Hold,Hold,Hold,Hold,Hold,Hold,Hold,Hold,Hold,0.1080202945072899,0.6448812565326164
14/4/2020,47.32600021,Hold,Hold,Hold,Hold,Hold,Hold,Hold,Hold,Hold,Hold,0.6157658316197722,0.7168444140777999
15/4/2020,48.65533447,Hold,Hold,Hold,Hold,Hold,Hold,Hold,Hold,Hold,Hold,0.267699078087875,0.8169754136576463
16/4/2020,49.68066788,Hold,Hold,Hold,Hold,Hold,Hold,Hold,Hold,Hold,Hold,0.4710482484444445,0.8709043228255813
17/4/2020,50.25933456,Hold,Hold,Hold,Hold,Hold,Hold,Hold,Hold,Hold,Hold,0.740228351885748,0.6682463677991407
20/4/2020,49.75733185,Hold,Hold,Hold,Hold,Hold,Hold,Hold,Hold,Hold,Hold,0.7982457433272521,0.9484102388288974
21/4/2020,45.78133392,Hold,Hold,Hold,Hold,Hold,Hold,Hold,Hold,Hold,Hold,0.61214922635125,0.7588266670772273
22/4/2020,48.8073349,Hold,Hold,Hold,Hold,Hold,Hold,Hold,Hold,Hold,Hold,0.319447025508034,0.6911709350614732
23/4/2020,47.04199982,Hold,Hold,Hold,Hold,Hold,Hold,Hold,Hold,Hold,Hold,0.8276082560453902,0.8672749685151515
24/4/2020,48.3433342,Hold,Hold,Hold,Hold,Hold,Hold,Hold,Hold,Hold,Hold,0.9043497596489118,0.7189156420083221
27/4/2020,53.25,Hold,Hold,Hold,Hold,Hold,Hold,Hold,Hold,Hold,Hold,0.5110313320492463,0.787240432356581
28/4/2020,51.27466583,Hold,Hold,Hold,Hold,Hold,Hold,Hold,Hold,Hold,Hold,0.6061442,0.8365672840797872
29/4/2020,53.36733246,Hold,Hold,Hold,Hold,Hold,Hold,Hold,Hold,Hold,Hold,0.4004708610073101,0.6238056877357032
30/4/2020,52.12533188,Hold,Hold,Hold,Hold,Hold,Hold,Hold,Hold,Hold,Hold,0.4044086246906446,0.6883507035372084
1/5/2020,46.75466537,Hold,Hold,Hold,Hold,Hold,Hold,Hold,Hold,Hold,Hold,-0.1029963946236677,0.7694153437419355
4/5/2020,50.74599838,Hold,Hold,Hold,Hold,Hold,Hold,Hold,Sell,Hold,Hold,0.60078822,0.8646529606076939
5/5/2020,51.2140007,Hold,Hold,Hold,Hold,Hold,Hold,Hold,Buy,Hold,Hold,0.727817605,0.7459834342632586
6/5/2020,52.17200089,Hold,Hold,Hold,Hold,Hold,Hold,Hold,Hold,Hold,Hold,0.7501919606004891,0.9003902728138643
7/5/2020,52.00266647,Hold,Hold,Hold,Hold,Hold,Hold,Hold,Hold,Hold,Hold,0.3834814122222222,0.8903885233190584
8/5/2020,54.62799835,Hold,Hold,Hold,Hold,Hold,Hold,Hold,Hold,Hold,Hold,0.5078585872727273,0.7100053538835938
11/5/2020,54.08599854,Hold,Hold,Hold,Hold,Hold,Hold,Hold,Hold,Hold,Hold,0.3325864414756923,0.7988903905263158
12/5/2020,53.96066666,Hold,Hold,Hold,Hold,Hold,Hold,Hold,Hold,Hold,Hold,0.5583070426666666,0.7516389999804545
13/5/2020,52.73066711,Hold,Hold,Hold,Sell,Hold,Hold,Hold,Hold,Hold,Hold,0.6046525356983999,0.7692708191192931
14/5/2020,53.55533218,Hold,Hold,Hold,Hold,Hold,Hold,Hold,Hold,Hold,Hold,0.5045160011733333,0.8702666833554809
15/5/2020,53.27799988,Hold,Hold,Hold,Hold,Hold,Hold,Hold,Hold,Hold,Hold,0.69454165,0.840793685438258
18/5/2020,54.24200058,Hold,Hold,Hold,Hold,Hold,Hold,Hold,Hold,Hold,Hold,0.6841742242843293,0.8405822731315326
19/5/2020,53.86733246,Hold,Hold,Hold,Hold,Hold,Hold,Hold,Hold,Hold,Hold,0.4516324432454546,0.8136976585985162
20/5/2020,54.3706665,Hold,Hold,Hold,Hold,Hold,Hold,Hold,Hold,Hold,Hold,0.5259753822090909,0.9254315786987074
21/5/2020,55.17333221,Hold,Hold,Hold,Hold,Hold,Hold,Hold,Hold,Hold,Hold,0.1771315363636363,0.8002522142735904
22/5/2020,54.45866776,Hold,Hold,Hold,Hold,Hold,Hold,Hold,Hold,Hold,Hold,0.7548719438633816,0.7867267884014114
26/5/2020,54.59133148,Hold,Hold,Hold,Hold,Hold,Hold,Hold,Hold,Hold,Hold,0.8418338973333332,0.8338598960239488
27/5/2020,54.68199921,Hold,Hold,Hold,Hold,Hold,Hold,Hold,Hold,Hold,Hold,0.5960575526236711,0.5709348041744969
28/5/2020,53.72066879,Hold,Hold,Hold,Hold,Hold,Hold,Hold,Hold,Hold,Hold,0.8769027627799372,0.8681528495106061
29/5/2020,55.66666794,Hold,Hold,Hold,Hold,Hold,Hold,Hold,Hold,Hold,Hold,0.739273779,0.820274775632977
1/6/2020,59.87333298,Hold,Hold,Hold,Hold,Hold,Hold,Hold,Hold,Hold,Hold,0.6219964083333334,0.7265941978691481
2/6/2020,58.77066803,Hold,Hold,Hold,Hold,Hold,Hold,Hold,Hold,Hold,Hold,0.8094320580887273,0.9450521267441176
3/6/2020,58.86399841,Hold,Hold,Hold,Hold,Hold,Hold,Hold,Hold,Hold,Hold,0.571383563,0.8455619972
4/6/2020,57.62533188,Hold,Hold,Hold,Hold,Hold,Hold,Hold,Hold,Hold,Hold,0.391822121924468,0.7814861183175758
5/6/2020,59.04399872,Hold,Hold,Hold,Hold,Hold,Hold,Hold,Hold,Hold,Hold,0.66942795240984,0.6548825943854211
8/6/2020,63.32799911,Hold,Hold,Hold,Hold,Hold,Hold,Hold,Hold,Hold,Hold,0.8135743742820001,0.7150272332632699
9/6/2020,62.71133423,Hold,Hold,Hold,Hold,Hold,Hold,Hold,Hold,Hold,Hold,0.5536812742664695,0.8777769851177778
10/6/2020,68.33666992,Hold,Hold,Hold,Hold,Hold,Hold,Hold,Hold,Hold,Hold,0.7817857627573738,0.7635976308440018
11/6/2020,64.85600281,Hold,Hold,Hold,Hold,Hold,Hold,Hold,Hold,Hold,Hold,0.6011064612811267,0.8936962347208468
12/6/2020,62.35200119,Hold,Hold,Hold,Hold,Hold,Hold,Hold,Hold,Hold,Hold,0.2444705795070714,0.6711062444778
15/6/2020,66.05999756,Hold,Hold,Hold,Hold,Hold,Hold,Hold,Hold,Hold,Hold,0.752651790034125,0.8536878725520833
16/6/2020,65.47533417,Hold,Hold,Hold,Hold,Hold,Hold,Hold,Hold,Hold,Hold,0.4237020831222222,0.7713051767095194
17/6/2020,66.11933136,Hold,Hold,Hold,Hold,Hold,Hold,Hold,Hold,Hold,Hold,0.2658370045175285,0.8675231140957576
18/6/2020,66.93066406,Hold,Hold,Hold,Hold,Hold,Hold,Hold,Hold,Hold,Hold,0.351806918981411,0.6974431694656611
19/6/2020,66.72666931,Hold,Hold,Hold,Hold,Hold,Hold,Hold,Hold,Hold,Hold,0.56362609838,0.8217239533066774
22/6/2020,66.28800201,Hold,Hold,Hold,Hold,Hold,Hold,Hold,Hold,Hold,Hold,0.7363292397857499,0.8869406477298125
23/6/2020,66.78533173,Hold,Hold,Hold,Hold,Hold,Hold,Hold,Hold,Hold,Hold,0.7312663022457702,0.7532321418405263
24/6/2020,64.05666351,Hold,Hold,Hold,Hold,Hold,Hold,Hold,Hold,Hold,Hold,0.36176123625,0.7319334272119231
25/6/2020,65.73200226,Hold,Hold,Hold,Hold,Hold,Hold,Hold,Hold,Hold,Hold,0.623235019575,0.7386437977132424
26/6/2020,63.98266602,Hold,Hold,Hold,Hold,Hold,Hold,Hold,Hold,Hold,Hold,0.4093905687522662,0.8243599054755932
29/6/2020,67.29000092,Hold,Hold,Hold,Hold,Hold,Hold,Hold,Hold,Hold,Hold,0.6992621448609692,0.8892567546359579
30/6/2020,71.98733521,Hold,Hold,Hold,Hold,Hold,Hold,Hold,Hold,Hold,Hold,0.1763569391112874,0.7968625828930914
1/7/2020,74.64199829,Hold,Hold,Hold,Hold,Hold,Hold,Hold,Hold,Hold,Hold,0.3038599896655999,0.7737023176364056
2/7/2020,80.57733154,Hold,Hold,Hold,Hold,Hold,Hold,Hold,Hold,Hold,Hold,0.1345822702737737,0.7836026495886527
6/7/2020,91.4386673,Hold,Hold,Hold,Hold,Hold,Hold,Hold,Hold,Hold,Hold,0.5506601919433273,0.7896551973008312
7/7/2020,92.65733337,Hold,Hold,Hold,Hold,Hold,Hold,Hold,Hold,Hold,Hold,0.2476151999988716,0.8772942924835125
8/7/2020,91.05867004,Hold,Hold,Hold,Hold,Hold,Hold,Hold,Hold,Hold,Hold,0.49974871104195,0.853988598594084
9/7/2020,92.95200348,Hold,Hold,Hold,Hold,Hold,Hold,Hold,Hold,Hold,Hold,0.8233111462223615,0.846294306846074
10/7/2020,102.9766693,Hold,Hold,Hold,Hold,Hold,Hold,Hold,Hold,Hold,Hold,0.4681628511111111,0.8412149076365227
13/7/2020,99.80400085,Hold,Hold,Hold,Hold,Hold,Hold,Hold,Hold,Hold,Hold,0.3590403897260316,0.8226362445944125
14/7/2020,101.1200027,Hold,Hold,Hold,Hold,Hold,Hold,Hold,Hold,Hold,Hold,0.5517876404076593,0.8511723521786002
15/7/2020,103.0673294,Hold,Hold,Hold,Hold,Hold,Hold,Hold,Hold,Hold,Hold,0.0049458162412999,0.8952101162275916
16/7/2020,100.0426636,Hold,Hold,Hold,Hold,Hold,Hold,Hold,Hold,Hold,Hold,0.2373709444471444,0.8238006162231678
17/7/2020,100.0559998,Hold,Hold,Hold,Hold,Hold,Hold,Hold,Hold,Hold,Hold,0.6530251392240001,0.7804034157444372
20/7/2020,109.5333328,Hold,Hold,Hold,Hold,Hold,Hold,Hold,Hold,Hold,Hold,0.5218442297875,0.811983225576522
21/7/2020,104.5573349,Hold,Hold,Hold,Hold,Hold,Hold,Hold,Hold,Hold,Hold,0.7646150460185092,0.8174468831275983
22/7/2020,106.1553345,Hold,Hold,Hold,Sell,Hold,Hold,Hold,Hold,Hold,Hold,0.3377863961000295,0.7961066158329015
23/7/2020,100.8713303,Hold,Hold,Hold,Hold,Hold,Hold,Hold,Hold,Hold,Hold,0.1166961087064506,0.7733912757653766
24/7/2020,94.46666718,Hold,Hold,Hold,Hold,Hold,Hold,Hold,Hold,Hold,Hold,0.384961532,0.8278866283067282
27/7/2020,102.6399994,Hold,Hold,Hold,Hold,Hold,Hold,Hold,Sell,Hold,Hold,0.4166920794038083,0.709348014593607
28/7/2020,98.43267059,Hold,Hold,Hold,Hold,Hold,Hold,Hold,Hold,Hold,Hold,0.3757993195393466,0.8297188020741235
29/7/2020,99.9406662,Hold,Sell,Hold,Hold,Hold,Hold,Hold,Sell,Hold,Hold,0.8211332231,0.7891140460018852
30/7/2020,99.16600037,Hold,Hold,Hold,Hold,Hold,Hold,Hold,Hold,Hold,Hold,0.495668240263625,0.8017913271631311
31/7/2020,95.38400269,Hold,Hold,Hold,Hold,Hold,Hold,Hold,Sell,Sell,Hold,0.6589564171428571,0.7886329503156131
3/8/2020,99.0,Hold,Sell,Hold,Hold,Hold,Hold,Sell,Hold,Hold,Hold,0.4209924011473306,0.71413856146129
4/8/2020,99.1333313,Hold,Hold,Hold,Hold,Hold,Hold,Buy,Hold,Hold,Hold,0.472750131635,0.7909568630597633
5/8/2020,99.00133514,Hold,Hold,Hold,Hold,Hold,Hold,Hold,Hold,Hold,Hold,0.4238296385125,0.7044209448506131
6/8/2020,99.305336,Sell,Sell,Hold,Hold,Hold,Hold,Hold,Hold,Hold,Hold,0.6988136208571428,0.8376813667912137
7/8/2020,96.84733582,Hold,Hold,Hold,Hold,Hold,Hold,Hold,Hold,Hold,Hold,0.676846856845625,0.8919060122946154
10/8/2020,94.57133484,Hold,Hold,Hold,Hold,Hold,Hold,Sell,Hold,Hold,Hold,0.8589081497125,0.9588144236040816
11/8/2020,91.62599945,Hold,Hold,Hold,Hold,Hold,Hold,Hold,Hold,Hold,Hold,0.7519847548,0.938966339913386
12/8/2020,103.6506653,Hold,Hold,Hold,Hold,Hold,Hold,Hold,Hold,Hold,Hold,0.6637887992875693,0.8495666588889716
13/8/2020,108.0666656,Buy,Buy,Hold,Hold,Hold,Hold,Buy,Buy,Buy,Hold,0.5918614804196308,0.848148267337566
14/8/2020,110.0473328,Hold,Hold,Hold,Hold,Hold,Hold,Hold,Hold,Hold,Hold,0.4044525258076012,0.8128016274080108
17/8/2020,122.3759995,Hold,Hold,Hold,Hold,Hold,Hold,Hold,Hold,Hold,Hold,0.3115040759274146,0.7670827766847753
18/8/2020,125.8059998,Hold,Hold,Hold,Hold,Hold,Hold,Hold,Hold,Hold,Hold,0.51952928031095,0.8438634678307985
19/8/2020,125.2353363,Hold,Hold,Hold,Hold,Hold,Hold,Hold,Hold,Hold,Hold,0.3233655573464666,0.7822585646890398
20/8/2020,133.4553375,Hold,Hold,Hold,Hold,Hold,Hold,Hold,Hold,Hold,Hold,0.50105245574,0.8109807604297988
21/8/2020,136.665329,Hold,Hold,Hold,Hold,Hold,Hold,Hold,Hold,Hold,Hold,0.539455239582423,0.8647176156760238
24/8/2020,134.2799988,Hold,Hold,Hold,Hold,Hold,Hold,Hold,Hold,Hold,Hold,0.6352225116864392,0.8880378064078331
25/8/2020,134.889328,Hold,Hold,Hold,Hold,Hold,Hold,Hold,Hold,Hold,Hold,0.71361205375,0.7514142322654738
26/8/2020,143.5446625,Hold,Hold,Hold,Hold,Hold,Hold,Hold,Hold,Hold,Hold,0.602598905313121,0.7937365084985183
27/8/2020,149.25,Hold,Hold,Hold,Hold,Hold,Hold,Hold,Hold,Hold,Hold,0.6660479467631988,0.8554082572390332
28/8/2020,147.5599976,Hold,Hold,Hold,Hold,Hold,Hold,Hold,Hold,Hold,Hold,0.347938176605,0.8313922760264966
31/8/2020,166.1066742,Hold,Hold,Hold,Hold,Hold,Hold,Hold,Hold,Hold,Hold,0.646028867425634,0.820933051811848
1/9/2020,158.3500061,Hold,Hold,Hold,Sell,Hold,Hold,Hold,Hold,Hold,Hold,0.5456232719648312,0.8328579791985367
2/9/2020,149.1233368,Hold,Hold,Hold,Sell,Hold,Hold,Hold,Hold,Hold,Hold,0.4516178211516298,0.8484047467786797
3/9/2020,135.6666718,Hold,Hold,Hold,Hold,Hold,Hold,Hold,Hold,Hold,Hold,0.7383263383076923,0.836120371582331
4/9/2020,139.4400024,Hold,Hold,Hold,Hold,Hold,Hold,Sell,Sell,Hold,Sell,0.1889425163333333,0.8318451517937892
8/9/2020,110.0699997,Hold,Hold,Hold,Hold,Hold,Hold,Hold,Hold,Hold,Hold,-0.2834473874390556,0.7806062420164761
9/9/2020,122.0933304,Sell,Hold,Hold,Hold,Sell,Hold,Hold,Hold,Sell,Hold,-0.0263529254760928,0.7047473187081498
10/9/2020,123.7799988,Hold,Hold,Hold,Hold,Buy,Hold,Hold,Hold,Hold,Buy,0.4199065946227639,0.743449066216802
11/9/2020,124.2399979,Hold,Hold,Hold,Hold,Hold,Hold,Hold,Hold,Hold,Hold,0.7035802867358462,0.8383023873775377
14/9/2020,139.8733368,Hold,Hold,Hold,Hold,Hold,Hold,Hold,Hold,Hold,Hold,0.9810417211111112,0.7980572693433228
15/9/2020,149.9199982,Hold,Hold,Hold,Hold,Hold,Hold,Buy,Buy,Buy,Hold,0.5202944869152499,0.8737731167480041
16/9/2020,147.2533264,Hold,Hold,Hold,Hold,Hold,Hold,Hold,Hold,Hold,Hold,0.6732181098944445,0.8497778277673066
17/9/2020,141.1433258,Hold,Hold,Hold,Hold,Hold,Hold,Hold,Hold,Hold,Hold,0.562712607,0.7895999363422173
18/9/2020,147.3833313,Sell,Sell,Hold,Hold,Hold,Hold,Hold,Hold,Hold,Hold,0.117560598761966,0.7535998861644796
21/9/2020,149.7966614,Hold,Hold,Hold,Hold,Hold,Hold,Hold,Buy,Buy,Hold,0.1509409299999999,0.7799820394821212
22/9/2020,141.4100037,Hold,Hold,Hold,Hold,Hold,Hold,Hold,Hold,Hold,Hold,0.594819362717079,0.7980477517990406
23/9/2020,126.7866669,Hold,Hold,Hold,Hold,Hold,Hold,Hold,Hold,Hold,Hold,0.3373767966445333,0.7182573893558138
24/9/2020,129.2633362,Hold,Hold,Hold,Hold,Hold,Hold,Sell,Sell,Sell,Hold,0.2709012596024127,0.818256003607597
25/9/2020,135.7799988,Hold,Hold,Hold,Hold,Hold,Hold,Hold,Hold,Hold,Hold,0.4423703049035278,0.6728085975810117
28/9/2020,140.3999939,Buy,Hold,Hold,Hold,Hold,Hold,Buy,Hold,Buy,Hold,0.6516444947000001,0.7465274341039174
29/9/2020,139.6900024,Buy,Buy,Hold,Hold,Hold,Hold,Buy,Hold,Sell,Hold,0.527946875924,0.7900362974613576
30/9/2020,143.0033264,Hold,Hold,Hold,Hold,Hold,Hold,Hold,Hold,Hold,Hold,0.8298212317333333,0.8234327083692923
1/10/2020,149.386673,Hold,Hold,Hold,Hold,Hold,Hold,Hold,Hold,Hold,Hold,0.2709275024554883,0.7499222760125772
2/10/2020,138.363327,Hold,Hold,Hold,Hold,Hold,Hold,Hold,Hold,Hold,Hold,0.3763987715266362,0.6729243505529199
5/10/2020,141.8933258,Hold,Sell,Hold,Hold,Hold,Hold,Sell,Sell,Hold,Hold,0.2221912909744111,0.7753939800755774
6/10/2020,137.9933319,Hold,Buy,Hold,Hold,Hold,Hold,Buy,Buy,Hold,Hold,0.7679395423162446,0.6737100446188133
7/10/2020,141.7666626,Sell,Sell,Hold,Hold,Hold,Hold,Sell,Hold,Hold,Hold,0.8801093962727272,0.7623411626464838
8/10/2020,141.9733276,Hold,Hold,Hold,Hold,Hold,Hold,Buy,Buy,Buy,Hold,0.4581385672832776,0.749435765244303
9/10/2020,144.6666718,Hold,Hold,Hold,Hold,Hold,Hold,Hold,Hold,Hold,Hold,0.696261685,0.7335994826995946
12/10/2020,147.4333344,Hold,Hold,Hold,Hold,Hold,Hold,Hold,Hold,Hold,Hold,0.3281452065714286,0.7019394573366833
13/10/2020,148.8833313,Hold,Hold,Hold,Sell,Hold,Hold,Hold,Hold,Hold,Hold,0.6232682977399999,0.7493463395674475
14/10/2020,153.7666626,Hold,Hold,Hold,Sell,Hold,Hold,Hold,Sell,Sell,Hold,0.37757766665,0.7437674271589246
15/10/2020,149.6266632,Hold,Hold,Hold,Hold,Hold,Hold,Hold,Hold,Hold,Hold,0.4292242353525635,0.7258542478225083
16/10/2020,146.5566711,Hold,Hold,Hold,Hold,Hold,Hold,Hold,Hold,Hold,Hold,0.7733365061428571,0.8877071806779662
19/10/2020,143.6100006,Hold,Hold,Hold,Hold,Hold,Hold,Hold,Hold,Hold,Hold,0.5335831530400545,0.8345626848005095
20/10/2020,140.6466675,Hold,Hold,Hold,Hold,Hold,Sell,Sell,Sell,Hold,Hold,0.5019107220000001,0.7536784087088736
21/10/2020,140.8800049,Sell,Hold,Sell,Hold,Hold,Hold,Hold,Hold,Sell,Hold,0.5998848051072587,0.657653345570311
22/10/2020,141.9299927,Hold,Hold,Hold,Hold,Hold,Hold,Hold,Hold,Hold,Hold,0.2069986581729147,0.7002067692922365
23/10/2020,140.2100067,Hold,Hold,Hold,Hold,Hold,Hold,Hold,Hold,Hold,Hold,0.2550014549205091,0.8323674248082038
26/10/2020,140.093338,Hold,Hold,Hold,Hold,Hold,Hold,Hold,Hold,Hold,Hold,0.8026786275644,0.7918102027351173
27/10/2020,141.5599976,Hold,Hold,Hold,Hold,Hold,Hold,Hold,Hold,Hold,Hold,0.2011849118468333,0.8708393711224758
28/10/2020,135.3399963,Hold,Hold,Hold,Hold,Hold,Hold,Hold,Hold,Hold,Hold,0.8704661605793037,0.7481311430380226
29/10/2020,136.9433289,Hold,Hold,Hold,Hold,Hold,Hold,Hold,Hold,Hold,Hold,0.9989441025,0.6150118554745098
30/10/2020,129.3466644,Sell,Sell,Hold,Hold,Hold,Hold,Hold,Hold,Hold,Hold,0.74968942973,0.606042787473199
2/11/2020,133.5033264,Hold,Hold,Hold,Hold,Sell,Hold,Hold,Hold,Hold,Sell,0.76088200625,0.7740659237548064
3/11/2020,141.3000031,Hold,Hold,Hold,Hold,Hold,Hold,Hold,Hold,Hold,Hold,0.43812859712086,0.768483933289
4/11/2020,140.3266602,Hold,Hold,Hold,Hold,Buy,Hold,Buy,Buy,Buy,Buy,0.8384182064285716,0.733124499222647
5/11/2020,146.0299988,Hold,Hold,Hold,Hold,Hold,Hold,Hold,Hold,Hold,Hold,0.10582811777636,0.72663369645
6/11/2020,143.3166656,Hold,Hold,Hold,Hold,Hold,Hold,Hold,Hold,Hold,Hold,0.8749455894824125,0.8009099519860954
9/11/2020,140.4199982,Hold,Hold,Hold,Hold,Hold,Hold,Hold,Hold,Hold,Hold,0.9495411514285717,0.759177949894995
10/11/2020,136.7866669,Hold,Hold,Hold,Hold,Sell,Hold,Sell,Sell,Sell,Sell,0.6318257111111111,0.6482350878455605
11/11/2020,139.043335,Hold,Hold,Hold,Hold,Hold,Hold,Hold,Buy,Buy,Hold,0.8360874453333333,0.7518341967687376
12/11/2020,137.2533264,Hold,Hold,Hold,Hold,Hold,Hold,Hold,Hold,Hold,Hold,0.7481592196283751,0.7382587297791364
13/11/2020,136.1666718,Hold,Hold,Hold,Hold,Hold,Hold,Hold,Hold,Hold,Hold,0.3384025841428571,0.7594081014429784
16/11/2020,136.0299988,Hold,Hold,Hold,Hold,Hold,Hold,Hold,Hold,Hold,Hold,0.659291133911,0.7945305480244572
17/11/2020,147.2033386,Hold,Hold,Hold,Hold,Hold,Hold,Hold,Hold,Hold,Hold,0.6660886439940154,0.8738642525103535
18/11/2020,162.2133331,Buy,Buy,Buy,Sell,Buy,Buy,Buy,Hold,Hold,Buy,0.8460451752999999,0.7688754035176203
19/11/2020,166.4233398,Hold,Hold,Hold,Hold,Hold,Hold,Hold,Hold,Hold,Hold,0.8432646434166666,0.776871115827691
20/11/2020,163.2033386,Hold,Hold,Hold,Hold,Hold,Hold,Hold,Hold,Hold,Hold,0.147600071625,0.7709926642242867
23/11/2020,173.9499969,Hold,Hold,Hold,Hold,Hold,Hold,Hold,Hold,Hold,Hold,0.4386452869409091,0.7820992294599137
24/11/2020,185.1266632,Hold,Hold,Hold,Hold,Hold,Hold,Hold,Hold,Hold,Hold,0.795893676544815,0.7906209003911652
25/11/2020,191.3333282,Hold,Hold,Hold,Hold,Hold,Hold,Hold,Hold,Hold,Hold,0.1270769673501667,0.8634104528075696
27/11/2020,195.2533264,Hold,Hold,Hold,Hold,Hold,Hold,Hold,Hold,Hold,Hold,0.7664956116673077,0.770730581628361
30/11/2020,189.1999969,Hold,Hold,Hold,Hold,Hold,Hold,Hold,Hold,Hold,Hold,0.7101007633317857,0.7602983754337839
1/12/2020,194.9199982,Hold,Hold,Hold,Hold,Hold,Hold,Hold,Hold,Hold,Hold,0.6148799563636363,0.8266369799000752
2/12/2020,189.6066742,Hold,Hold,Hold,Hold,Hold,Hold,Hold,Hold,Hold,Hold,0.40585835121172,0.7379680163654294
3/12/2020,197.793335,Hold,Hold,Hold,Hold,Hold,Hold,Hold,Hold,Hold,Hold,0.648517432293426,0.7466761617826252
4/12/2020,199.6799927,Hold,Hold,Hold,Hold,Hold,Hold,Hold,Hold,Hold,Hold,0.9995321914285714,0.8206318803453905
7/12/2020,213.9199982,Hold,Hold,Hold,Hold,Hold,Hold,Hold,Hold,Hold,Hold,0.98897338625,0.8241418467462586
8/12/2020,216.6266632,Hold,Hold,Hold,Hold,Hold,Hold,Hold,Hold,Hold,Hold,0.6487238679942228,0.7459537936296766
9/12/2020,201.4933319,Hold,Hold,Hold,Hold,Hold,Hold,Hold,Hold,Hold,Hold,0.5433634392449032,0.7839915686575619
10/12/2020,209.0233307,Hold,Hold,Hold,Hold,Hold,Hold,Hold,Hold,Hold,Hold,0.2651536085714285,0.7911766784677581
11/12/2020,203.3300018,Hold,Hold,Hold,Hold,Hold,Hold,Hold,Hold,Hold,Hold,0.3876476564615385,0.7926525438716053
14/12/2020,213.2766724,Hold,Hold,Hold,Hold,Hold,Hold,Hold,Hold,Hold,Hold,-0.211764721245965,0.8686458491738496
15/12/2020,211.0833282,Hold,Hold,Hold,Hold,Hold,Hold,Hold,Hold,Hold,Hold,0.6601040336943333,0.8772917194433861
16/12/2020,207.5899963,Hold,Hold,Hold,Hold,Hold,Hold,Hold,Hold,Hold,Hold,0.5546771732778534,0.8296193762936132
17/12/2020,218.6333313,Hold,Hold,Hold,Hold,Hold,Hold,Hold,Hold,Hold,Hold,0.6860233523142857,0.8004074137289753
18/12/2020,231.6666718,Hold,Hold,Hold,Hold,Hold,Hold,Hold,Hold,Hold,Hold,0.2933994950063991,0.8420361699821027
21/12/2020,216.6199951,Hold,Hold,Hold,Hold,Hold,Hold,Hold,Hold,Hold,Hold,0.5939217749391278,0.7751050250610894
22/12/2020,213.4466705,Hold,Hold,Hold,Hold,Hold,Hold,Hold,Hold,Hold,Hold,0.7480066788877611,0.7412938007122453
23/12/2020,215.3266602,Hold,Hold,Hold,Hold,Hold,Hold,Hold,Hold,Hold,Hold,0.166282942871253,0.8598089651806522
24/12/2020,220.5899963,Hold,Hold,Hold,Hold,Hold,Hold,Hold,Hold,Hold,Hold,0.7998408570000001,0.6942317341904357
28/12/2020,221.2299957,Hold,Hold,Hold,Hold,Hold,Hold,Hold,Hold,Hold,Hold,0.8409408863636364,0.8418117498835319
29/12/2020,221.9966736,Hold,Hold,Hold,Hold,Hold,Hold,Hold,Hold,Hold,Hold,0.4304027748340714,0.8043828666491716
30/12/2020,231.593338,Hold,Hold,Hold,Hold,Hold,Hold,Hold,Hold,Hold,Hold,0.204131537207338,0.8251950108018287
31/12/2020,235.2233276,Hold,Hold,Hold,Hold,Hold,Hold,Hold,Hold,Hold,Hold,0.1971429019276071,0.7407673959341959
4/1/2021,243.2566681,Hold,Hold,Hold,Hold,Hold,Hold,Hold,Hold,Hold,Hold,0.4150182425705737,0.7304917729890534
5/1/2021,245.0366669,Hold,Hold,Hold,Hold,Hold,Hold,Hold,Hold,Hold,Hold,0.4249869999999999,0.655401777832261
6/1/2021,251.9933319,Hold,Hold,Hold,Hold,Hold,Hold,Hold,Hold,Hold,Hold,0.6277635394708393,0.7868831469639257
7/1/2021,272.0133362,Hold,Hold,Hold,Hold,Hold,Hold,Hold,Hold,Hold,Hold,0.7442304882304909,0.845832890797259
8/1/2021,293.3399963,Hold,Hold,Hold,Hold,Hold,Hold,Hold,Hold,Hold,Hold,0.305109501860981,0.8259961743356997
11/1/2021,270.3966675,Hold,Hold,Hold,Hold,Hold,Hold,Hold,Hold,Hold,Hold,0.241330055341526,0.7456083084867688
12/1/2021,283.1466675,Hold,Hold,Hold,Hold,Hold,Hold,Hold,Hold,Hold,Hold,0.5048230677881818,0.8272157701827119
13/1/2021,284.8033447,Hold,Hold,Hold,Hold,Hold,Hold,Hold,Hold,Hold,Hold,0.4865213497425,0.8541039218794948
14/1/2021,281.6666565,Hold,Hold,Hold,Hold,Hold,Hold,Hold,Hold,Hold,Hold,0.7244448430171,0.840307960737009
15/1/2021,275.3866577,Hold,Hold,Hold,Hold,Hold,Hold,Hold,Hold,Hold,Hold,0.527540866,0.8073552385877854
19/1/2021,281.5166626,Hold,Hold,Hold,Hold,Hold,Hold,Hold,Hold,Hold,Hold,0.8767943500783889,0.8151496647909021
20/1/2021,283.4833374,Hold,Hold,Hold,Hold,Hold,Hold,Hold,Hold,Hold,Hold,0.4243922987,0.7855311980536781
21/1/2021,281.6633301,Hold,Hold,Hold,Hold,Hold,Hold,Hold,Hold,Hold,Hold,0.3327181587316666,0.8158606962164612
22/1/2021,282.2133179,Hold,Hold,Hold,Hold,Hold,Hold,Hold,Hold,Hold,Hold,0.2886039441741,0.7781867086890338
25/1/2021,293.6000061,Hold,Hold,Hold,Hold,Hold,Hold,Hold,Hold,Hold,Hold,0.6692784241334777,0.8780946832019207
26/1/2021,294.3633423,Hold,Hold,Hold,Hold,Hold,Hold,Hold,Hold,Hold,Hold,0.4276859700228808,0.8004977576114164
27/1/2021,288.0533447,Hold,Hold,Hold,Hold,Hold,Hold,Hold,Hold,Hold,Hold,0.112115700712704,0.7868796664193528
28/1/2021,278.4766541,Hold,Hold,Hold,Hold,Hold,Hold,Hold,Hold,Hold,Hold,0.4979435616666667,0.7959418387491711
29/1/2021,264.5100098,Hold,Hold,Hold,Hold,Hold,Hold,Sell,Sell,Hold,Hold,0.2098153413313333,0.8573672752493754
1/2/2021,279.936676,Hold,Hold,Hold,Hold,Hold,Hold,Hold,Hold,Sell,Hold,0.7905812421753333,0.7435699487173458
2/2/2021,290.9299927,Hold,Hold,Hold,Hold,Hold,Hold,Buy,Buy,Buy,Hold,0.7632099205066666,0.8010380059927711
3/2/2021,284.8966675,Hold,Hold,Hold,Hold,Hold,Hold,Hold,Hold,Hold,Hold,0.4321364485714286,0.8037238962753107
4/2/2021,283.3299866,Hold,Hold,Hold,Hold,Hold,Hold,Hold,Hold,Hold,Hold,0.4975873350909091,0.808045382030187
5/2/2021,284.0766602,Hold,Hold,Hold,Hold,Hold,Hold,Hold,Sell,Sell,Hold,0.901031605,0.8701815195719538
8/2/2021,287.8066711,Hold,Hold,Hold,Hold,Hold,Hold,Hold,Hold,Hold,Hold,0.44751627262,0.8329014561628845
9/2/2021,283.1533203,Hold,Hold,Hold,Hold,Hold,Hold,Hold,Hold,Hold,Hold,0.99222325,0.7702851105449637
10/2/2021,268.2733459,Hold,Hold,Hold,Hold,Hold,Hold,Hold,Hold,Hold,Hold,0.7075562725,0.8768927893013404
11/2/2021,270.5533447,Sell,Sell,Sell,Buy,Sell,Sell,Sell,Hold,Hold,Sell,0.6306973087031875,0.8362111672594935
12/2/2021,272.0400085,Hold,Hold,Hold,Hold,Hold,Hold,Hold,Hold,Hold,Hold,0.4349837000099553,0.7912271850300924
16/2/2021,265.4066772,Hold,Hold,Hold,Hold,Hold,Hold,Hold,Hold,Hold,Hold,0.8544823812000001,0.8854620507231732
17/2/2021,266.0499878,Hold,Hold,Hold,Hold,Hold,Hold,Hold,Hold,Hold,Hold,0.7985010818311996,0.7520510112530377
18/2/2021,262.4599915,Hold,Hold,Hold,Hold,Hold,Hold,Hold,Hold,Hold,Hold,0.6027906005714286,0.8109446910149032
19/2/2021,260.4333191,Hold,Hold,Hold,Hold,Hold,Hold,Hold,Hold,Hold,Hold,0.8565334193,0.8846520641191108
22/2/2021,238.1666718,Hold,Hold,Hold,Hold,Hold,Hold,Hold,Hold,Hold,Hold,0.6001414609,0.762663041010434
23/2/2021,232.9466705,Hold,Hold,Hold,Hold,Hold,Hold,Hold,Hold,Hold,Hold,-0.2868146059650684,0.7983103324784194
24/2/2021,247.3399963,Hold,Hold,Hold,Hold,Hold,Hold,Hold,Hold,Hold,Hold,0.70779363308,0.8078469414610142
25/2/2021,227.406662,Hold,Hold,Hold,Hold,Hold,Hold,Hold,Hold,Hold,Hold,0.39211411625,0.7539526785663474
26/2/2021,225.1666718,Hold,Hold,Hold,Hold,Hold,Hold,Hold,Hold,Hold,Hold,0.7065072899999999,0.8147827896622658
1/3/2021,239.4766693,Hold,Hold,Hold,Hold,Hold,Hold,Hold,Hold,Hold,Hold,0.63886457983875,0.8510850352053706
2/3/2021,228.8133392,Hold,Hold,Hold,Hold,Hold,Hold,Hold,Hold,Hold,Hold,0.8628007499999999,0.775403640556445
3/3/2021,217.7333374,Hold,Hold,Hold,Hold,Hold,Hold,Hold,Hold,Hold,Hold,0.79698251648438,0.7098951573113473
4/3/2021,207.1466675,Hold,Hold,Hold,Hold,Hold,Hold,Hold,Hold,Hold,Hold,0.3552220534181778,0.7056206174329296
5/3/2021,199.3166656,Hold,Hold,Hold,Hold,Hold,Hold,Hold,Hold,Hold,Hold,-0.1449498630616666,0.7276188040951335
8/3/2021,187.6666718,Hold,Hold,Hold,Hold,Hold,Hold,Hold,Hold,Hold,Hold,0.199674716,0.7388091132436015
9/3/2021,224.5266724,Hold,Hold,Hold,Hold,Hold,Hold,Hold,Hold,Hold,Hold,0.091478980955294,0.6901175806615597
10/3/2021,222.6866608,Hold,Hold,Hold,Hold,Hold,Hold,Buy,Buy,Hold,Hold,0.618864839316,0.7589099526957545
11/3/2021,233.1999969,Hold,Hold,Hold,Hold,Hold,Hold,Sell,Hold,Hold,Hold,0.3603670196972727,0.8046631699457347
12/3/2021,231.2433319,Hold,Hold,Hold,Hold,Hold,Hold,Buy,Buy,Hold,Hold,-0.0472328587038041,0.7738715584035487
15/3/2021,235.9799957,Hold,Hold,Hold,Hold,Hold,Hold,Hold,Hold,Hold,Hold,0.9121908333333334,0.8143863367579941
16/3/2021,225.6266632,Buy,Hold,Hold,Hold,Hold,Hold,Buy,Hold,Buy,Hold,0.6865565190625,0.7207743240572728
17/3/2021,233.9366608,Hold,Hold,Hold,Hold,Hold,Hold,Sell,Sell,Sell,Hold,0.45163843125,0.7384695782654211
18/3/2021,217.7200012,Buy,Buy,Hold,Hold,Hold,Hold,Buy,Buy,Buy,Hold,0.6534150387142857,0.7278614606155639
19/3/2021,218.2899933,Hold,Hold,Hold,Hold,Hold,Hold,Sell,Sell,Sell,Hold,-0.0435264844966666,0.687869091509257
22/3/2021,223.3333282,Hold,Hold,Hold,Hold,Hold,Hold,Hold,Hold,Hold,Hold,0.6286622179166667,0.8408294387222253
23/3/2021,220.7200012,Hold,Hold,Hold,Hold,Hold,Hold,Hold,Hold,Hold,Hold,0.2644263827124999,0.799369017049236
24/3/2021,210.0899963,Hold,Hold,Hold,Hold,Hold,Hold,Hold,Hold,Hold,Hold,0.9281941217294116,0.7554284942757218
25/3/2021,213.4633331,Buy,Buy,Hold,Hold,Hold,Hold,Hold,Hold,Sell,Hold,0.7532946681818181,0.7883834735831828
26/3/2021,206.2366638,Hold,Hold,Hold,Hold,Hold,Hold,Hold,Hold,Hold,Hold,0.3309837166666666,0.7094312875535905
29/3/2021,203.7633362,Hold,Hold,Hold,Hold,Hold,Hold,Hold,Hold,Hold,Hold,0.29441282582,0.6593952152979153
30/3/2021,211.8733368,Hold,Hold,Hold,Hold,Hold,Hold,Hold,Hold,Hold,Hold,0.5740631866666667,0.6917612558826238
31/3/2021,222.6433258,Hold,Hold,Hold,Hold,Hold,Hold,Hold,Hold,Hold,Hold,0.6436577990366071,0.6709821528134253
1/4/2021,220.5833282,Hold,Hold,Buy,Hold,Buy,Buy,Buy,Buy,Buy,Buy,0.666430849792349,0.7961351764109497
5/4/2021,230.3500061,Hold,Hold,Hold,Hold,Sell,Hold,Hold,Hold,Hold,Hold,0.230493024781322,0.6742979437267186
6/4/2021,230.5399933,Buy,Hold,Buy,Hold,Buy,Hold,Hold,Hold,Buy,Hold,0.5803199266136639,0.7739666181696626
7/4/2021,223.656662,Hold,Hold,Hold,Hold,Hold,Hold,Hold,Hold,Hold,Hold,0.486972219800162,0.749661697274069
8/4/2021,227.9333344,Hold,Hold,Hold,Hold,Hold,Hold,Hold,Hold,Hold,Hold,0.3916580961610588,0.8241339083491707
9/4/2021,225.6733398,Hold,Hold,Hold,Hold,Hold,Hold,Hold,Hold,Hold,Hold,0.2067616561475185,0.7766364057575422
12/4/2021,233.9933319,Hold,Hold,Hold,Hold,Hold,Hold,Hold,Hold,Hold,Hold,0.8421194379999999,0.7840771254195846
13/4/2021,254.1066742,Hold,Hold,Hold,Hold,Hold,Hold,Hold,Hold,Hold,Hold,0.6974886642401822,0.8064489726365771
14/4/2021,244.0766602,Hold,Hold,Hold,Hold,Hold,Hold,Hold,Hold,Hold,Hold,0.8071288193000001,0.8279629534416039
15/4/2021,246.2833405,Hold,Hold,Hold,Hold,Hold,Hold,Hold,Hold,Hold,Hold,0.3940099756236666,0.8444412405815875
16/4/2021,246.593338,Hold,Hold,Hold,Hold,Hold,Hold,Hold,Hold,Hold,Hold,0.8328919446892558,0.7786797634092815
19/4/2021,238.2100067,Hold,Hold,Hold,Hold,Hold,Hold,Hold,Hold,Hold,Hold,0.513614362,0.6826456787268428
20/4/2021,239.6633301,Hold,Hold,Hold,Hold,Hold,Hold,Hold,Hold,Hold,Hold,0.7495093930167076,0.7106739636127796
21/4/2021,248.0399933,Hold,Hold,Hold,Hold,Hold,Hold,Hold,Hold,Hold,Hold,0.399396791896,0.738763392656116
22/4/2021,239.8966675,Hold,Hold,Hold,Hold,Hold,Hold,Hold,Hold,Hold,Hold,0.0182343537,0.7880699891229173
23/4/2021,243.1333313,Hold,Hold,Hold,Hold,Hold,Hold,Hold,Hold,Hold,Hold,0.6226486275,0.7521337774671292
26/4/2021,246.0666656,Hold,Hold,Hold,Hold,Hold,Hold,Hold,Hold,Hold,Hold,0.1673833356483041,0.6467471102426542
27/4/2021,234.9133301,Hold,Hold,Hold,Hold,Hold,Hold,Hold,Hold,Hold,Hold,0.3461482866767203,0.64595145776226
28/4/2021,231.4666595,Sell,Sell,Sell,Hold,Sell,Sell,Sell,Sell,Sell,Sell,0.7320126327272728,0.7212629026149798
29/4/2021,225.6666718,Hold,Hold,Hold,Hold,Sell,Hold,Hold,Hold,Hold,Sell,0.4648632735721579,0.8140273922396268
30/4/2021,236.4799957,Hold,Hold,Hold,Hold,Hold,Hold,Hold,Hold,Hold,Hold,0.4375271568743125,0.7008802963595276
3/5/2021,228.3000031,Hold,Hold,Hold,Hold,Buy,Hold,Buy,Hold,Hold,Buy,0.7816413911111111,0.7557467572974818
4/5/2021,224.5333405,Sell,Sell,Sell,Hold,Sell,Sell,Sell,Hold,Hold,Sell,0.3395429136875,0.7136612127148916
5/5/2021,223.6466675,Hold,Hold,Hold,Hold,Hold,Hold,Hold,Hold,Hold,Hold,0.503412175125,0.6647440242848511
6/5/2021,221.1799927,Hold,Hold,Hold,Hold,Hold,Hold,Hold,Hold,Hold,Hold,0.136195841336,0.7277320991566314
7/5/2021,224.1233368,Hold,Hold,Hold,Hold,Hold,Hold,Hold,Hold,Hold,Hold,0.5444119660833333,0.7685021498175267
10/5/2021,209.6799927,Hold,Hold,Hold,Hold,Hold,Hold,Hold,Hold,Hold,Hold,0.3833015309885714,0.7569280942482407
11/5/2021,205.7333374,Hold,Hold,Hold,Hold,Hold,Hold,Hold,Hold,Hold,Hold,0.351944218,0.5629378311730543
12/5/2021,196.6300049,Hold,Hold,Hold,Hold,Hold,Hold,Hold,Hold,Hold,Hold,0.4244013618181818,0.7155604759176903
13/5/2021,190.5633392,Hold,Hold,Hold,Hold,Hold,Hold,Hold,Hold,Hold,Hold,0.0894533036703,0.8270900981161694
14/5/2021,196.5800018,Hold,Hold,Hold,Hold,Hold,Hold,Hold,Hold,Hold,Hold,0.72754749499,0.8111554395579466
17/5/2021,192.2766724,Hold,Hold,Hold,Hold,Hold,Hold,Hold,Hold,Hold,Hold,0.5356245621818182,0.8563654000264701
18/5/2021,192.6233368,Hold,Hold,Hold,Hold,Hold,Hold,Hold,Hold,Hold,Hold,0.309938285,0.8420765854839631
19/5/2021,187.8200073,Hold,Hold,Hold,Buy,Hold,Hold,Hold,Hold,Hold,Hold,0.3422611255555555,0.7764131767544104
20/5/2021,195.593338,Hold,Hold,Hold,Buy,Hold,Hold,Hold,Hold,Hold,Hold,0.65950627286,0.8298119491238723
21/5/2021,193.6266632,Hold,Hold,Hold,Buy,Hold,Hold,Hold,Hold,Hold,Hold,0.5628618994723,0.8090824145099266
24/5/2021,202.1466675,Hold,Hold,Hold,Hold,Hold,Hold,Hold,Hold,Hold,Hold,0.4450502048793636,0.7857398178761076
25/5/2021,201.5633392,Hold,Hold,Hold,Hold,Hold,Hold,Buy,Buy,Hold,Hold,0.7305691314285714,0.7966429693767939
26/5/2021,206.3766632,Hold,Hold,Hold,Hold,Hold,Hold,Hold,Hold,Hold,Hold,0.6545177016666667,0.9056024165461996
27/5/2021,210.2833405,Hold,Hold,Hold,Hold,Hold,Hold,Hold,Hold,Hold,Hold,0.60481873845,0.8134691902582305
28/5/2021,208.406662,Buy,Hold,Hold,Hold,Hold,Hold,Hold,Hold,Buy,Hold,0.3123660841666666,0.7986645397529498
1/6/2021,207.9666595,Hold,Hold,Hold,Hold,Hold,Hold,Hold,Hold,Hold,Hold,-0.3478365848902775,0.7955841268355736
2/6/2021,201.706665,Hold,Hold,Hold,Hold,Hold,Hold,Hold,Hold,Hold,Hold,0.1445165154024253,0.7183043947882585
3/6/2021,190.9466705,Hold,Hold,Hold,Hold,Hold,Hold,Sell,Sell,Sell,Hold,0.4604770681818182,0.7208451875882472
4/6/2021,199.6833344,Hold,Hold,Hold,Hold,Hold,Hold,Hold,Hold,Hold,Hold,0.7584263918753408,0.6729200865676017
7/6/2021,201.7100067,Hold,Hold,Hold,Hold,Hold,Hold,Hold,Hold,Hold,Hold,0.3612893085460909,0.8363999401543363
8/6/2021,201.1966705,Buy,Buy,Hold,Hold,Hold,Hold,Hold,Hold,Hold,Hold,0.4122695103167133,0.6246080145110411
9/6/2021,199.593338,Hold,Hold,Hold,Hold,Hold,Hold,Hold,Hold,Hold,Hold,0.5321781661888889,0.5223408564401433
10/6/2021,203.3733368,Hold,Hold,Hold,Hold,Hold,Hold,Hold,Sell,Sell,Hold,0.4194426121,0.8727252108111306
11/6/2021,203.2966614,Hold,Hold,Hold,Hold,Hold,Hold,Buy,Buy,Hold,Hold,0.8941297300000001,0.8251402109910155
14/6/2021,205.8966675,Hold,Hold,Hold,Hold,Hold,Hold,Hold,Hold,Hold,Hold,0.5379688152642308,0.7257061045738767
15/6/2021,199.7866669,Buy,Hold,Buy,Hold,Buy,Hold,Buy,Hold,Buy,Hold,0.949024885,0.7345784788240409
16/6/2021,201.6233368,Sell,Sell,Hold,Hold,Hold,Hold,Sell,Hold,Hold,Hold,0.786964580128,0.8020264469618129
17/6/2021,205.5333405,Hold,Hold,Hold,Hold,Hold,Hold,Hold,Buy,Buy,Hold,0.4824815132309762,0.903728481637355
18/6/2021,207.7700043,Hold,Hold,Buy,Hold,Buy,Buy,Buy,Hold,Hold,Buy,0.7322706214285715,0.8329128447480645
21/6/2021,206.9433289,Hold,Hold,Hold,Hold,Hold,Hold,Hold,Hold,Hold,Hold,0.4014506199,0.724691429923037
22/6/2021,207.9033356,Hold,Hold,Hold,Hold,Hold,Hold,Hold,Hold,Hold,Hold,0.7256388016666667,0.814046082984358
23/6/2021,218.8566742,Hold,Hold,Hold,Hold,Hold,Hold,Hold,Hold,Hold,Hold,0.964425939,0.8064278286036972
24/6/2021,226.6066742,Hold,Hold,Hold,Hold,Hold,Hold,Hold,Hold,Hold,Hold,0.6993074087734,0.8465137993521383
25/6/2021,223.956665,Hold,Hold,Hold,Hold,Hold,Hold,Hold,Hold,Hold,Hold,0.6221171168749999,0.831047382545715
28/6/2021,229.5733337,Hold,Hold,Hold,Hold,Hold,Hold,Hold,Hold,Hold,Hold,0.6078138013326636,0.6945245326295286
29/6/2021,226.9199982,Hold,Hold,Hold,Hold,Hold,Hold,Hold,Hold,Hold,Hold,0.31098883941,0.7911368090313844
30/6/2021,226.5666656,Hold,Hold,Hold,Sell,Hold,Hold,Hold,Hold,Hold,Hold,0.8553131635685173,0.7551792709100305
1/7/2021,225.9733276,Hold,Hold,Hold,Sell,Hold,Hold,Hold,Hold,Hold,Hold,-0.0064876965937229,0.7145449313228069
2/7/2021,226.3000031,Hold,Hold,Hold,Sell,Hold,Hold,Hold,Hold,Hold,Hold,0.2836283103004849,0.5366354576712806
6/7/2021,219.8600006,Hold,Hold,Hold,Sell,Hold,Hold,Hold,Hold,Hold,Hold,0.3935490230027064,0.7167293822510575
7/7/2021,214.8833313,Hold,Hold,Hold,Hold,Hold,Hold,Sell,Sell,Hold,Sell,0.5474803147654,0.7266609035878
8/7/2021,217.6033325,Hold,Hold,Hold,Hold,Sell,Hold,Sell,Hold,Sell,Sell,0.6240417886434286,0.7053711478253866
9/7/2021,218.9833374,Hold,Hold,Hold,Hold,Buy,Hold,Buy,Hold,Hold,Buy,0.20956889135704,0.6653888600840183
12/7/2021,228.5666656,Hold,Hold,Hold,Hold,Hold,Hold,Hold,Sell,Sell,Hold,0.7571466518232084,0.7238298192767518
13/7/2021,222.8466644,Hold,Hold,Hold,Hold,Hold,Hold,Buy,Buy,Hold,Buy,0.5277643212069734,0.8219735725984588
14/7/2021,217.793335,Hold,Hold,Hold,Hold,Hold,Hold,Hold,Hold,Hold,Hold,0.1398621957499999,0.5942876668514603
15/7/2021,216.8666687,Sell,Sell,Hold,Hold,Sell,Hold,Sell,Sell,Sell,Sell,0.8158962893333334,0.669729526261641
16/7/2021,214.7400055,Hold,Hold,Hold,Hold,Hold,Hold,Hold,Hold,Hold,Hold,0.48736779375,0.7185738382184877
19/7/2021,215.406662,Hold,Hold,Hold,Hold,Sell,Hold,Hold,Hold,Hold,Sell,0.99065655,0.8040414096588724
20/7/2021,220.1666718,Sell,Sell,Hold,Hold,Hold,Hold,Hold,Hold,Hold,Hold,0.3108341866666667,0.7830677494569385
21/7/2021,218.4299927,Hold,Hold,Hold,Hold,Buy,Hold,Buy,Buy,Buy,Buy,0.8627661548570933,0.6493513455285949
22/7/2021,216.4199982,Hold,Hold,Hold,Hold,Hold,Hold,Sell,Hold,Buy,Sell,0.6091391199317143,0.7635713149762845
23/7/2021,214.4600067,Hold,Hold,Hold,Sell,Sell,Hold,Sell,Sell,Sell,Hold,0.7291724749999999,0.8308720169276249
26/7/2021,219.206665,Hold,Hold,Hold,Hold,Sell,Hold,Hold,Hold,Hold,Sell,0.5104564532021019,0.6538409090514412
27/7/2021,214.9266663,Buy,Buy,Hold,Hold,Buy,Hold,Buy,Buy,Buy,Buy,0.4584105365294713,0.4968162997114113
28/7/2021,215.6600037,Hold,Hold,Hold,Hold,Sell,Hold,Sell,Hold,Hold,Sell,0.3855207377777778,0.6435116148016061
29/7/2021,225.7833405,Hold,Hold,Hold,Hold,Hold,Hold,Hold,Hold,Hold,Hold,0.9440888288888888,0.7625400529705618
30/7/2021,229.0666656,Buy,Buy,Hold,Hold,Buy,Hold,Buy,Buy,Buy,Buy,0.7215784270000001,0.7633452689164255
2/8/2021,236.5566711,Hold,Hold,Hold,Hold,Hold,Hold,Hold,Hold,Hold,Hold,0.1462210208999999,0.8130394759992595
3/8/2021,236.5800018,Hold,Hold,Hold,Hold,Hold,Hold,Hold,Hold,Hold,Hold,0.5141837362485714,0.6817498394204288
4/8/2021,236.9733276,Hold,Hold,Hold,Hold,Hold,Hold,Hold,Hold,Hold,Hold,0.2414737144,0.8107647228008359
5/8/2021,238.2100067,Hold,Hold,Hold,Hold,Hold,Hold,Hold,Hold,Hold,Hold,0.8852680443922218,0.8471343781835958
6/8/2021,233.0333405,Hold,Hold,Hold,Hold,Hold,Hold,Hold,Hold,Hold,Hold,0.5936778216666666,0.8639754023291003
9/8/2021,237.9199982,Hold,Hold,Hold,Hold,Hold,Hold,Hold,Hold,Hold,Hold,0.3849885430906435,0.7103988970864201
10/8/2021,236.6633301,Hold,Hold,Hold,Hold,Hold,Hold,Hold,Hold,Hold,Hold,0.3081027807627057,0.8262982919462376
11/8/2021,235.9400024,Hold,Hold,Hold,Sell,Hold,Hold,Hold,Hold,Hold,Hold,0.7930365128136679,0.7766569426040797
12/8/2021,240.75,Hold,Hold,Hold,Sell,Hold,Hold,Hold,Hold,Hold,Hold,0.462043976,0.6662625018477462
13/8/2021,239.0566711,Hold,Hold,Hold,Sell,Hold,Hold,Hold,Hold,Hold,Hold,0.6286394835833333,0.6776521607831726
16/8/2021,228.7233276,Hold,Hold,Hold,Hold,Hold,Hold,Hold,Hold,Hold,Hold,0.5573496366666667,0.6565917160823157
17/8/2021,221.9033356,Sell,Sell,Hold,Hold,Sell,Hold,Sell,Sell,Sell,Sell,0.1255285228571428,0.6159265727663298
18/8/2021,229.6633301,Hold,Hold,Hold,Hold,Hold,Hold,Hold,Hold,Hold,Hold,0.4400725316460262,0.76362332455591
19/8/2021,224.4900055,Hold,Hold,Hold,Hold,Buy,Hold,Hold,Hold,Hold,Buy,0.76384383,0.7090446086557661
20/8/2021,226.7533264,Hold,Hold,Hold,Hold,Hold,Hold,Hold,Hold,Hold,Hold,0.5776731475746666,0.7643281773258019
23/8/2021,235.4333344,Hold,Hold,Hold,Hold,Hold,Hold,Hold,Hold,Hold,Hold,0.0233995283333333,0.8180279066604151
24/8/2021,236.1633301,Hold,Hold,Hold,Hold,Hold,Hold,Buy,Buy,Buy,Hold,0.9748438,0.786136407010702
25/8/2021,237.0666656,Hold,Hold,Hold,Hold,Hold,Hold,Hold,Hold,Hold,Hold,0.1443998834593555,0.8086445507023621
26/8/2021,233.7200012,Hold,Hold,Hold,Hold,Hold,Hold,Hold,Hold,Hold,Hold,0.9850879375,0.8462159256730233
27/8/2021,237.3066711,Hold,Hold,Hold,Hold,Hold,Hold,Hold,Hold,Hold,Hold,0.7935453875714286,0.8408695073695451
30/8/2021,243.636673,Hold,Hold,Hold,Hold,Hold,Hold,Hold,Hold,Hold,Hold,0.73268412542725,0.8450353176146805
31/8/2021,245.2400055,Hold,Hold,Hold,Hold,Hold,Hold,Hold,Hold,Hold,Hold,0.8559972869316542,0.8861613332396141
1/9/2021,244.6966705,Hold,Hold,Hold,Hold,Hold,Hold,Hold,Hold,Hold,Hold,0.3998792042857143,0.7707512338064443
2/9/2021,244.1300049,Hold,Hold,Hold,Hold,Hold,Hold,Hold,Hold,Hold,Hold,0.584204125,0.7150745735990656
3/9/2021,244.5233307,Hold,Hold,Hold,Hold,Hold,Hold,Hold,Hold,Hold,Hold,0.4079969966666666,0.7457712711860942
7/9/2021,250.9733276,Hold,Hold,Hold,Hold,Hold,Hold,Hold,Hold,Hold,Hold,0.7577381667780229,0.7915568555437723
8/9/2021,251.2899933,Hold,Hold,Hold,Hold,Hold,Hold,Hold,Hold,Hold,Hold,0.5221682133333334,0.6400251091539813
9/9/2021,251.6199951,Hold,Hold,Hold,Hold,Hold,Hold,Hold,Hold,Hold,Hold,0.7150946633001213,0.8084449655392734
10/9/2021,245.4233398,Hold,Hold,Hold,Hold,Hold,Hold,Hold,Hold,Hold,Hold,0.497431817389022,0.7726704851826254
13/9/2021,247.6666718,Hold,Hold,Hold,Hold,Hold,Hold,Hold,Hold,Hold,Hold,0.2980701441446347,0.7473999653275304
14/9/2021,248.1633301,Hold,Hold,Hold,Hold,Hold,Hold,Hold,Hold,Hold,Hold,0.1669097039342379,0.7828764082621446
15/9/2021,251.9433289,Hold,Hold,Hold,Sell,Hold,Hold,Hold,Hold,Hold,Hold,0.694348061,0.8580144450559996
16/9/2021,252.3300018,Hold,Hold,Hold,Sell,Hold,Hold,Hold,Hold,Hold,Hold,0.8144990463727272,0.7391335524423138
17/9/2021,253.1633301,Hold,Hold,Hold,Sell,Hold,Hold,Hold,Hold,Hold,Hold,0.7792353594175,0.7756872310631137
20/9/2021,243.3899994,Hold,Hold,Hold,Hold,Hold,Hold,Hold,Hold,Hold,Hold,0.3002208952835999,0.7681009896957565
21/9/2021,246.4600067,Hold,Hold,Hold,Hold,Hold,Hold,Sell,Sell,Sell,Hold,0.9335443,0.785805770564892
22/9/2021,250.6466675,Hold,Hold,Hold,Hold,Hold,Hold,Buy,Hold,Hold,Hold,0.0472255939999999,0.834604904633212
23/9/2021,251.2133331,Hold,Hold,Hold,Hold,Hold,Hold,Hold,Buy,Hold,Hold,0.6063173477777778,0.8160851566244683
24/9/2021,258.1300049,Hold,Hold,Hold,Hold,Hold,Hold,Hold,Hold,Hold,Hold,0.744429,0.7205964830620077
27/9/2021,263.7866821,Hold,Hold,Hold,Hold,Hold,Hold,Hold,Hold,Hold,Hold,0.2539555946288629,0.7585034498799567
28/9/2021,259.186676,Hold,Hold,Hold,Hold,Hold,Hold,Hold,Hold,Hold,Hold,0.7653349570000001,0.733529277303885
29/9/2021,260.436676,Hold,Hold,Hold,Hold,Hold,Hold,Hold,Hold,Hold,Hold,0.9482555164285714,0.783415551565969
30/9/2021,258.4933472,Hold,Hold,Hold,Hold,Hold,Hold,Hold,Hold,Hold,Hold,0.8011298192690909,0.7378403815368775
1/10/2021,258.4066772,Hold,Hold,Hold,Hold,Hold,Hold,Hold,Hold,Hold,Hold,0.1839723682333333,0.7356682851192571
4/10/2021,260.5100098,Hold,Hold,Hold,Hold,Hold,Hold,Hold,Hold,Hold,Hold,0.5248002201391365,0.6279880333234804
5/10/2021,260.1966553,Hold,Hold,Hold,Hold,Hold,Hold,Hold,Hold,Hold,Hold,0.6711568622869285,0.7472163274320832
6/10/2021,260.9166565,Hold,Hold,Hold,Hold,Hold,Hold,Hold,Hold,Hold,Hold,0.1244604433333333,0.6002756150214227
7/10/2021,264.5366821,Hold,Hold,Hold,Hold,Hold,Hold,Hold,Hold,Hold,Hold,0.7199141159285715,0.7747142908097959
8/10/2021,261.8299866,Hold,Hold,Hold,Hold,Hold,Hold,Hold,Hold,Hold,Hold,0.3731641583571428,0.7590158069175318
11/10/2021,263.980011,Hold,Hold,Hold,Hold,Hold,Hold,Hold,Hold,Hold,Hold,0.67089493,0.7237673660409174
12/10/2021,268.5733337,Hold,Hold,Hold,Hold,Hold,Hold,Hold,Hold,Hold,Hold,0.6943132430000001,0.724385677280516
13/10/2021,270.3599854,Hold,Hold,Hold,Hold,Hold,Hold,Hold,Hold,Hold,Hold,0.5948946265036364,0.6656927900089034
14/10/2021,272.7733459,Hold,Hold,Hold,Hold,Hold,Hold,Hold,Hold,Hold,Hold,0.5784943050545001,0.74211791819061
15/10/2021,281.0100098,Hold,Hold,Hold,Hold,Hold,Hold,Hold,Hold,Hold,Hold,0.7146739783428571,0.7027980653692538
18/10/2021,290.0366821,Hold,Hold,Hold,Hold,Hold,Hold,Hold,Hold,Hold,Hold,0.8339344179999999,0.7251119683762397
19/10/2021,288.0899963,Hold,Hold,Hold,Hold,Hold,Hold,Hold,Hold,Hold,Hold,0.6749182541527364,0.6711214288230419
20/10/2021,288.6000061,Hold,Hold,Hold,Hold,Hold,Hold,Hold,Hold,Hold,Hold,0.4662603393356988,0.640064141557667
21/10/2021,298.0,Hold,Hold,Hold,Hold,Hold,Hold,Hold,Hold,Hold,Hold,0.1167151814536417,0.6085056339401316
22/10/2021,303.2266541,Hold,Hold,Hold,Hold,Hold,Hold,Hold,Hold,Hold,Hold,0.8358797877420905,0.7095826519604596
25/10/2021,341.6199951,Hold,Hold,Hold,Hold,Hold,Hold,Hold,Hold,Hold,Hold,0.6118275242580312,0.7911233220440744
26/10/2021,339.4766541,Hold,Hold,Hold,Hold,Hold,Hold,Hold,Hold,Hold,Hold,0.5924878099291097,0.8449927323473381
27/10/2021,345.9533386,Hold,Hold,Hold,Hold,Hold,Hold,Hold,Hold,Hold,Hold,0.62792026496875,0.7251487428968795
28/10/2021,359.0133362,Hold,Hold,Hold,Hold,Hold,Hold,Hold,Hold,Hold,Hold,0.51387858075,0.7855011175424862
29/10/2021,371.3333435,Hold,Hold,Hold,Hold,Hold,Hold,Hold,Hold,Hold,Hold,0.9722770914285714,0.7905102717064507
1/11/2021,402.8633423,Hold,Hold,Hold,Hold,Hold,Hold,Hold,Hold,Hold,Hold,0.6774644138461539,0.7547010387966857
2/11/2021,390.6666565,Hold,Hold,Hold,Hold,Hold,Hold,Hold,Hold,Hold,Hold,0.4091878756256411,0.7908938731459695
3/11/2021,404.6199951,Hold,Hold,Hold,Hold,Hold,Hold,Hold,Hold,Hold,Hold,0.4703776375786166,0.8451235734757624
4/11/2021,409.9700012,Hold,Hold,Hold,Sell,Hold,Hold,Hold,Hold,Hold,Hold,0.6618585541666667,0.7297416047365993
5/11/2021,407.3633423,Hold,Hold,Hold,Sell,Hold,Hold,Hold,Hold,Hold,Hold,0.7724122812499999,0.7281572244932139
8/11/2021,387.6466675,Hold,Hold,Hold,Sell,Hold,Hold,Hold,Hold,Hold,Hold,0.746676668920698,0.6786946246500304
9/11/2021,341.1666565,Hold,Hold,Hold,Hold,Hold,Hold,Hold,Hold,Hold,Hold,0.1977956303848,0.7534261194211935
10/11/2021,355.9833374,Hold,Hold,Hold,Hold,Hold,Hold,Sell,Sell,Sell,Hold,0.79797114942058,0.7373757677125643
11/11/2021,354.5033264,Hold,Hold,Hold,Hold,Hold,Hold,Buy,Hold,Hold,Hold,0.7032671427212162,0.8319882443323331
12/11/2021,344.4733276,Hold,Hold,Hold,Hold,Hold,Hold,Hold,Hold,Hold,Hold,0.6003132186518948,0.771442639689069
15/11/2021,337.7966614,Sell,Hold,Hold,Hold,Hold,Hold,Hold,Hold,Sell,Hold,0.7453690306111111,0.7820043409402592
16/11/2021,351.5766602,Hold,Hold,Hold,Hold,Hold,Hold,Hold,Hold,Hold,Hold,0.5808936670909092,0.7219689041201923
17/11/2021,363.0033264,Hold,Hold,Hold,Hold,Hold,Hold,Buy,Hold,Buy,Hold,0.7207764253461538,0.7866051883561976
18/11/2021,365.4599915,Hold,Hold,Hold,Hold,Hold,Hold,Hold,Buy,Hold,Hold,0.5847475011111112,0.752388153372476
19/11/2021,379.019989,Hold,Hold,Hold,Hold,Hold,Hold,Hold,Hold,Hold,Hold,0.4054904997977,0.7209513947130629
22/11/2021,385.6233215,Hold,Sell,Hold,Hold,Hold,Hold,Hold,Hold,Hold,Hold,0.3686518360472621,0.7567710422631866
23/11/2021,369.6766663,Hold,Hold,Hold,Hold,Hold,Hold,Hold,Hold,Hold,Hold,0.8177220990909091,0.8375057995758385
24/11/2021,372.0,Hold,Hold,Hold,Hold,Hold,Hold,Hold,Buy,Hold,Hold,0.7550027010538461,0.7725579400368383
26/11/2021,360.6400146,Hold,Hold,Hold,Hold,Hold,Hold,Hold,Hold,Hold,Hold,0.64566642278,0.7683252280756387
29/11/2021,378.9966736,Hold,Hold,Hold,Hold,Hold,Hold,Sell,Sell,Hold,Hold,0.5573584495781,0.8040058445093199
30/11/2021,381.5866699,Hold,Buy,Hold,Hold,Hold,Hold,Hold,Hold,Hold,Hold,0.8693903425,0.723128592234797
1/12/2021,365.0,Hold,Hold,Hold,Hold,Hold,Hold,Hold,Hold,Hold,Hold,0.9761006544444446,0.8084682819388621
2/12/2021,361.5333252,Hold,Sell,Hold,Hold,Hold,Sell,Sell,Sell,Hold,Sell,0.9854941790909092,0.7971225215130145
3/12/2021,338.3233337,Hold,Hold,Sell,Hold,Sell,Hold,Hold,Hold,Sell,Hold,0.7846920441666666,0.8125754672278942
6/12/2021,336.3366699,Hold,Hold,Hold,Hold,Hold,Hold,Hold,Hold,Hold,Hold,0.1421432196441214,0.7381823755806082
7/12/2021,350.5833435,Hold,Hold,Hold,Hold,Hold,Hold,Hold,Hold,Hold,Hold,0.5095156861384615,0.7373543465992917
8/12/2021,356.3200073,Hold,Hold,Hold,Hold,Hold,Hold,Hold,Hold,Hold,Hold,0.3248816605384615,0.7247914515538232
9/12/2021,334.6000061,Hold,Hold,Hold,Hold,Hold,Hold,Hold,Hold,Hold,Hold,0.5197215508333334,0.8121529741873991
10/12/2021,339.0100098,Hold,Hold,Hold,Hold,Hold,Hold,Hold,Hold,Hold,Hold,0.4774521425,0.7844528262659659
13/12/2021,322.1366577,Hold,Hold,Hold,Hold,Hold,Hold,Hold,Hold,Hold,Hold,0.8000119669230769,0.7045314465163741
14/12/2021,319.5033264,Hold,Hold,Hold,Hold,Hold,Hold,Hold,Hold,Hold,Hold,0.4904821621148167,0.7441711339580167
15/12/2021,325.3299866,Hold,Hold,Hold,Hold,Hold,Hold,Hold,Hold,Hold,Hold,0.56717642071366,0.7437299880283793
16/12/2021,308.9733276,Hold,Hold,Hold,Hold,Hold,Hold,Hold,Hold,Hold,Hold,0.9957293342857144,0.7193722514260211
17/12/2021,310.8566589,Hold,Hold,Hold,Buy,Hold,Hold,Hold,Hold,Hold,Hold,0.4134104759457515,0.7328735357152171
20/12/2021,299.980011,Hold,Hold,Hold,Buy,Hold,Hold,Hold,Hold,Hold,Hold,0.8630495913333334,0.7498582855239218
21/12/2021,312.8433228,Hold,Hold,Hold,Hold,Hold,Hold,Hold,Hold,Hold,Hold,0.4284889211689657,0.714102728955142
22/12/2021,336.2900085,Hold,Hold,Hold,Hold,Hold,Hold,Hold,Hold,Hold,Hold,0.7657770117703189,0.7989587048064669
23/12/2021,355.6666565,Buy,Buy,Buy,Hold,Buy,Buy,Buy,Buy,Buy,Buy,0.8057426483333333,0.7776117100537735
27/12/2021,364.6466675,Hold,Hold,Hold,Hold,Hold,Hold,Hold,Hold,Hold,Hold,0.2478518773856761,0.6967650401500923
28/12/2021,362.8233337,Hold,Hold,Hold,Hold,Hold,Hold,Hold,Hold,Hold,Hold,0.5114000501368429,0.6488105923797893
29/12/2021,362.063324,Hold,Hold,Hold,Hold,Hold,Hold,Hold,Hold,Hold,Hold,0.7992423449999999,0.7812934744991693
30/12/2021,356.7799988,Hold,Hold,Hold,Hold,Hold,Hold,Hold,Hold,Hold,Hold,-0.0506016891075269,0.7456166377755936
31/12/2021,352.2600098,Hold,Hold,Hold,Hold,Hold,Hold,Hold,Hold,Hold,Hold,0.0630052961550333,0.5950131769234421
3/1/2022,399.9266663,Buy,Hold,Hold,Hold,Hold,Hold,Hold,Hold,Hold,Hold,0.3143001737013965,0.6901130943225445
4/1/2022,383.1966553,Hold,Hold,Hold,Hold,Hold,Hold,Hold,Hold,Hold,Hold,0.5679356463903342,0.6190742366211436
5/1/2022,362.706665,Hold,Hold,Hold,Hold,Hold,Hold,Hold,Hold,Hold,Hold,0.5884266630153318,0.6686555661483178
6/1/2022,354.8999939,Hold,Hold,Hold,Hold,Hold,Hold,Hold,Hold,Hold,Hold,0.3011545143332299,0.6883514201479564
7/1/2022,342.3200073,Hold,Hold,Hold,Hold,Hold,Hold,Sell,Sell,Hold,Sell,0.56985885,0.6487450212440412
10/1/2022,352.706665,Hold,Hold,Sell,Hold,Sell,Hold,Sell,Hold,Sell,Hold,0.77664749375,0.7159787673096217
11/1/2022,354.7999878,Hold,Hold,Hold,Hold,Hold,Hold,Hold,Hold,Hold,Hold,0.7776885144753467,0.7315663258396372
12/1/2022,368.7399902,Hold,Hold,Hold,Hold,Hold,Hold,Buy,Hold,Hold,Hold,0.60022699,0.7421850533972612
13/1/2022,343.8533325,Hold,Hold,Hold,Hold,Hold,Hold,Hold,Hold,Hold,Hold,0.0104219844444444,0.662162212521288
14/1/2022,349.8699951,Sell,Sell,Sell,Hold,Sell,Sell,Sell,Sell,Sell,Sell,0.4815193480148615,0.7078459073739907
18/1/2022,343.5033264,Hold,Hold,Hold,Hold,Hold,Hold,Hold,Hold,Hold,Hold,0.4194570907238933,0.6885441988469675
19/1/2022,331.8833313,Hold,Hold,Hold,Hold,Hold,Hold,Hold,Hold,Hold,Hold,0.45170949,0.677555301517959
20/1/2022,332.0899963,Hold,Hold,Hold,Hold,Hold,Hold,Hold,Hold,Hold,Hold,0.2946640435454545,0.7368910063537357
21/1/2022,314.6333313,Hold,Hold,Hold,Hold,Hold,Hold,Hold,Hold,Hold,Hold,0.51487061625,0.6593710104457915
24/1/2022,310.0,Hold,Hold,Hold,Hold,Hold,Hold,Hold,Hold,Hold,Hold,0.5826807498103462,0.6620507264603813
25/1/2022,306.1333313,Hold,Hold,Hold,Hold,Hold,Hold,Hold,Hold,Hold,Hold,0.9056571965526028,0.7085749695472658
26/1/2022,312.4700012,Hold,Hold,Hold,Hold,Hold,Hold,Hold,Hold,Hold,Hold,0.3787512237704655,0.6527769328920618
27/1/2022,276.3666687,Hold,Hold,Hold,Hold,Hold,Hold,Hold,Hold,Hold,Hold,-0.0679947930072912,0.5007659735094268
28/1/2022,282.1166687,Hold,Hold,Hold,Hold,Hold,Hold,Hold,Hold,Hold,Hold,0.4819684555,0.6941223628004672
31/1/2022,312.2399902,Hold,Hold,Hold,Hold,Hold,Hold,Hold,Hold,Hold,Hold,0.29023680484829,0.6711752393464955
1/2/2022,310.4166565,Hold,Hold,Hold,Hold,Hold,Hold,Hold,Hold,Hold,Hold,0.602416372631348,0.7150196127842411
2/2/2022,301.8866577,Hold,Hold,Hold,Buy,Hold,Hold,Hold,Hold,Hold,Hold,0.270114257409375,0.5907337961475929
3/2/2022,297.0466614,Hold,Hold,Hold,Hold,Hold,Hold,Hold,Hold,Hold,Hold,0.4827666733333333,0.5803193022259672
4/2/2022,307.7733459,Hold,Hold,Hold,Hold,Hold,Hold,Hold,Hold,Hold,Hold,0.5620274888854285,0.7230018418894771
7/2/2022,302.4466553,Hold,Hold,Hold,Hold,Hold,Hold,Hold,Hold,Hold,Hold,0.5124303597296375,0.778145049670657
8/2/2022,307.3333435,Hold,Hold,Hold,Hold,Hold,Hold,Hold,Hold,Hold,Hold,0.7713350710114396,0.7653240049368797
9/2/2022,310.6666565,Hold,Hold,Hold,Hold,Hold,Hold,Hold,Buy,Hold,Hold,0.20413205472962,0.7280312266056393
10/2/2022,301.5166626,Hold,Hold,Hold,Hold,Hold,Hold,Hold,Hold,Hold,Hold,0.4615211526666666,0.7007921515133663
11/2/2022,286.6666565,Hold,Hold,Hold,Hold,Hold,Hold,Hold,Sell,Hold,Hold,0.6873138283333332,0.693184676187354
14/2/2022,291.9200134,Hold,Hold,Hold,Hold,Hold,Hold,Hold,Hold,Hold,Hold,0.2028715231874516,0.7672315372484767
15/2/2022,307.4766541,Hold,Hold,Hold,Hold,Hold,Hold,Hold,Sell,Hold,Hold,0.99702562,0.717326469916358
16/2/2022,307.7966614,Hold,Hold,Hold,Hold,Hold,Hold,Hold,Hold,Hold,Hold,0.711423955,0.7655343616593868
17/2/2022,292.1166687,Hold,Hold,Hold,Hold,Hold,Hold,Hold,Hold,Hold,Hold,0.3652143099257143,0.6713479244998156
18/2/2022,285.6600037,Hold,Hold,Hold,Hold,Hold,Hold,Hold,Hold,Hold,Hold,0.1680666222222222,0.6373072765026925
22/2/2022,273.8433228,Hold,Hold,Hold,Hold,Hold,Hold,Hold,Hold,Hold,Hold,0.6457787378571428,0.6347773459079561
23/2/2022,254.6799927,Hold,Hold,Hold,Hold,Hold,Hold,Hold,Hold,Hold,Hold,0.2470853998549999,0.6207646403305277
24/2/2022,266.9233398,Hold,Hold,Hold,Hold,Hold,Hold,Hold,Hold,Hold,Hold,0.51806480423635,0.6769406446879034
25/2/2022,269.956665,Hold,Hold,Hold,Hold,Hold,Hold,Hold,Hold,Hold,Hold,0.7039277805801691,0.7203454232989833
28/2/2022,290.1433411,Hold,Hold,Hold,Hold,Hold,Hold,Hold,Hold,Hold,Hold,0.5840850804375001,0.7278958762838097
1/3/2022,288.1233215,Hold,Hold,Hold,Hold,Hold,Hold,Buy,Buy,Hold,Hold,0.601349024534,0.7582515601911389
2/3/2022,293.2966614,Hold,Hold,Hold,Hold,Hold,Hold,Hold,Hold,Hold,Hold,0.2711778133,0.7340511238890135
3/3/2022,279.7633362,Hold,Hold,Hold,Hold,Hold,Hold,Buy,Hold,Buy,Hold,0.5565220934545455,0.7442221143133891
4/3/2022,279.4299927,Hold,Hold,Hold,Hold,Hold,Hold,Sell,Sell,Sell,Hold,0.6399230421923078,0.7539231127576209
7/3/2022,268.1933289,Hold,Hold,Hold,Hold,Hold,Hold,Hold,Hold,Hold,Hold,0.6741275488445375,0.642916673243711
8/3/2022,274.7999878,Hold,Hold,Hold,Hold,Hold,Hold,Hold,Buy,Buy,Hold,0.5343925663112004,0.6498011922747774
9/3/2022,286.3233337,Hold,Hold,Hold,Hold,Hold,Hold,Hold,Hold,Hold,Hold,0.6599820866370699,0.6148741028617628
10/3/2022,279.4333191,Hold,Hold,Hold,Hold,Hold,Hold,Buy,Buy,Hold,Buy,0.4870061331474125,0.5758360744989384
11/3/2022,265.1166687,Hold,Hold,Hold,Hold,Hold,Hold,Hold,Sell,Hold,Hold,0.9928446185714286,0.6718764500792505
14/3/2022,255.456665,Hold,Hold,Hold,Hold,Hold,Hold,Hold,Hold,Hold,Hold,0.4922714577777777,0.6188278008986416
15/3/2022,267.2966614,Hold,Hold,Hold,Hold,Hold,Hold,Hold,Hold,Hold,Hold,0.22265602795,0.6081549677518913
16/3/2022,280.0766602,Hold,Hold,Hold,Hold,Hold,Hold,Hold,Hold,Hold,Hold,0.69060614109965,0.7253392806132569
17/3/2022,290.5333252,Buy,Buy,Buy,Hold,Buy,Buy,Buy,Buy,Buy,Buy,0.3763509280356545,0.7615825612147666
18/3/2022,301.7966614,Hold,Hold,Hold,Hold,Hold,Hold,Hold,Hold,Hold,Hold,0.6866986033,0.7601014465330124
21/3/2022,307.0533447,Hold,Hold,Hold,Hold,Hold,Hold,Hold,Hold,Hold,Hold,0.3798445198681818,0.6668410179950839
22/3/2022,331.3266602,Hold,Hold,Hold,Hold,Hold,Hold,Hold,Hold,Hold,Hold,0.566460478326655,0.7820035457438309
23/3/2022,333.0366821,Hold,Hold,Hold,Hold,Hold,Hold,Hold,Hold,Hold,Hold,0.67671876,0.8029008886773256
24/3/2022,337.9733276,Hold,Hold,Hold,Hold,Hold,Hold,Hold,Hold,Hold,Hold,0.5920269881818182,0.7896293820456092
25/3/2022,336.8800049,Hold,Hold,Hold,Hold,Hold,Hold,Hold,Hold,Hold,Hold,0.777962128314,0.7597782010347431
28/3/2022,363.9466553,Hold,Hold,Hold,Hold,Hold,Hold,Hold,Hold,Hold,Hold,0.5182948132636129,0.8130072394466864
29/3/2022,366.5233459,Hold,Hold,Hold,Hold,Hold,Hold,Hold,Hold,Hold,Hold,0.9690044164285716,0.8248750248919541
30/3/2022,364.6633301,Hold,Hold,Hold,Hold,Hold,Hold,Hold,Hold,Hold,Hold,0.0723084491945,0.8364639957847572
31/3/2022,359.2000122,Hold,Hold,Hold,Hold,Hold,Hold,Hold,Hold,Hold,Hold,0.2454821079783562,0.747970251418494
1/4/2022,361.5299988,Hold,Hold,Hold,Sell,Hold,Hold,Hold,Hold,Hold,Hold,0.6552775717604828,0.7113915713290732
4/4/2022,381.8166809,Hold,Hold,Hold,Sell,Hold,Hold,Hold,Hold,Hold,Hold,0.56199351877,0.7157176629878889
5/4/2022,363.7533264,Hold,Hold,Hold,Sell,Hold,Hold,Hold,Hold,Hold,Hold,0.7214559083610174,0.786598177381461
6/4/2022,348.5866699,Hold,Hold,Hold,Sell,Hold,Hold,Hold,Hold,Hold,Hold,0.4160581691357158,0.7211731592737493
7/4/2022,352.4200134,Hold,Hold,Hold,Hold,Hold,Hold,Sell,Sell,Hold,Hold,0.6925637334630013,0.7937617029900162
8/4/2022,341.8299866,Hold,Hold,Hold,Hold,Hold,Hold,Buy,Hold,Hold,Hold,0.7087191092060334,0.7445865644923589
11/4/2022,325.3099976,Hold,Sell,Hold,Hold,Hold,Hold,Sell,Sell,Hold,Hold,0.7554692333333333,0.7506960149281403
12/4/2022,328.9833374,Sell,Hold,Hold,Hold,Hold,Hold,Sell,Sell,Sell,Hold,0.4729950419051467,0.7812821621607593
13/4/2022,340.7900085,Hold,Hold,Hold,Hold,Hold,Hold,Hold,Hold,Hold,Hold,0.4853040761907592,0.7530538005398205
14/4/2022,328.3333435,Hold,Hold,Hold,Hold,Hold,Hold,Buy,Hold,Hold,Hold,0.8244368821875,0.7549243975494916
18/4/2022,334.7633362,Sell,Hold,Sell,Hold,Sell,Hold,Sell,Hold,Hold,Hold,0.5711788431144555,0.7155176077295705
19/4/2022,342.7166748,Hold,Hold,Hold,Hold,Hold,Hold,Hold,Hold,Hold,Hold,0.5063062127692186,0.6732033712176821
20/4/2022,325.7333374,Hold,Hold,Hold,Hold,Hold,Hold,Buy,Hold,Hold,Hold,0.3046288275683025,0.6363049773808641
21/4/2022,336.2600098,Hold,Hold,Sell,Hold,Sell,Sell,Sell,Hold,Hold,Sell,0.2718674986308768,0.6556027429979134
22/4/2022,335.0166626,Hold,Hold,Hold,Hold,Hold,Hold,Hold,Hold,Hold,Hold,0.5201684783180137,0.7344345005556792
25/4/2022,332.6733398,Hold,Hold,Sell,Hold,Sell,Hold,Hold,Hold,Hold,Hold,0.4198652025532269,0.749574657284159
26/4/2022,292.1400146,Hold,Hold,Hold,Hold,Hold,Hold,Hold,Hold,Hold,Hold,0.4763970373579487,0.6781660849875852
27/4/2022,293.8366699,Hold,Hold,Sell,Hold,Sell,Sell,Hold,Hold,Hold,Sell,0.2504747824233461,0.6689068910124276
28/4/2022,292.5033264,Hold,Hold,Hold,Hold,Hold,Hold,Hold,Hold,Hold,Hold,0.5591938971406087,0.7685649599115296
29/4/2022,290.2533264,Hold,Hold,Hold,Hold,Hold,Hold,Hold,Hold,Hold,Hold,0.7124295044980768,0.7520937474966767
2/5/2022,300.980011,Hold,Hold,Hold,Hold,Hold,Hold,Hold,Hold,Hold,Hold,0.529225305593879,0.7688676347844114
3/5/2022,303.0833435,Hold,Hold,Hold,Hold,Hold,Hold,Hold,Hold,Hold,Hold,0.5361792706428571,0.8053861326390584
4/5/2022,317.5400085,Hold,Hold,Hold,Hold,Hold,Hold,Hold,Hold,Hold,Hold,0.6354130767142857,0.667658458542843
5/5/2022,291.0933228,Hold,Hold,Hold,Hold,Hold,Hold,Buy,Hold,Hold,Hold,0.3221827066666667,0.7559184335103271
6/5/2022,288.5499878,Hold,Hold,Hold,Hold,Hold,Hold,Sell,Hold,Hold,Hold,0.597611094749851,0.7709299301887707
9/5/2022,262.3699951,Hold,Hold,Hold,Hold,Hold,Hold,Hold,Hold,Hold,Hold,0.6330525108761819,0.711322122159047
10/5/2022,266.6799927,Hold,Hold,Hold,Hold,Hold,Hold,Hold,Hold,Hold,Hold,0.39351366444,0.5960302004845544
11/5/2022,244.6666718,Hold,Hold,Hold,Hold,Hold,Hold,Hold,Hold,Hold,Hold,0.3561729241662882,0.6694468481223355
12/5/2022,242.6666718,Hold,Hold,Hold,Hold,Hold,Hold,Hold,Hold,Hold,Hold,0.3092196838461538,0.6622503459567457
13/5/2022,256.5299988,Hold,Hold,Hold,Hold,Hold,Hold,Hold,Hold,Hold,Hold,0.2914790467942857,0.7291956703654883
16/5/2022,241.456665,Hold,Hold,Hold,Hold,Hold,Hold,Hold,Hold,Hold,Hold,0.262438594645,0.5708285759398032
17/5/2022,253.8699951,Hold,Hold,Hold,Hold,Hold,Hold,Hold,Hold,Hold,Hold,0.6485749424705882,0.6719019112730832
18/5/2022,236.6033325,Hold,Hold,Hold,Hold,Hold,Hold,Hold,Hold,Hold,Hold,0.5462054068157896,0.705263769517313
19/5/2022,236.4733276,Hold,Hold,Hold,Hold,Hold,Hold,Hold,Hold,Hold,Hold,0.2319498352019047,0.6923500081219534
20/5/2022,221.3000031,Hold,Hold,Hold,Hold,Hold,Hold,Hold,Hold,Hold,Hold,0.2789084853333333,0.6785916561288997
23/5/2022,224.9666595,Hold,Hold,Hold,Hold,Hold,Hold,Hold,Hold,Hold,Hold,0.205352152736674,0.641188454832883
24/5/2022,209.386673,Hold,Hold,Hold,Buy,Hold,Hold,Hold,Hold,Hold,Hold,0.5177469467,0.70196822503909
25/5/2022,219.6000061,Hold,Hold,Hold,Buy,Hold,Hold,Hold,Hold,Hold,Hold,0.3175333215294117,0.6922535560420228
26/5/2022,235.9100037,Hold,Hold,Hold,Hold,Hold,Hold,Hold,Hold,Hold,Hold,0.4630816571428571,0.726624478148992
27/5/2022,253.2100067,Hold,Hold,Hold,Hold,Hold,Hold,Hold,Hold,Hold,Hold,0.5934673766700694,0.696736517345316
31/5/2022,252.7533264,Hold,Hold,Hold,Hold,Hold,Hold,Buy,Buy,Hold,Hold,0.3955009766666666,0.7510178531416077
1/6/2022,246.7899933,Hold,Hold,Hold,Hold,Hold,Hold,Hold,Hold,Hold,Hold,0.9244796908333334,0.7784777213937
2/6/2022,258.3333435,Hold,Hold,Hold,Hold,Hold,Hold,Hold,Hold,Hold,Hold,0.9972202554545456,0.691845112569023
3/6/2022,234.5166626,Buy,Hold,Hold,Hold,Hold,Hold,Hold,Hold,Buy,Hold,0.0339250522105263,0.5791930665997506
6/6/2022,238.2799988,Hold,Hold,Hold,Hold,Hold,Hold,Sell,Sell,Sell,Hold,0.49990109143092,0.6625905973933428
7/6/2022,238.886673,Hold,Hold,Hold,Hold,Hold,Hold,Hold,Hold,Hold,Hold,0.9590331127272728,0.7336333925426299
8/6/2022,241.8666687,Hold,Hold,Hold,Hold,Hold,Hold,Hold,Hold,Hold,Hold,0.614388241599378,0.6689760332064693
9/6/2022,239.706665,Hold,Hold,Hold,Hold,Hold,Hold,Hold,Hold,Hold,Hold,0.78735046152478,0.5546447994194655
10/6/2022,232.2299957,Hold,Hold,Hold,Hold,Hold,Hold,Hold,Hold,Hold,Hold,0.2007001743910458,0.6385465488586661
13/6/2022,215.7366638,Buy,Buy,Hold,Hold,Hold,Hold,Hold,Hold,Hold,Hold,0.7589531037589999,0.5826426140457013
14/6/2022,220.8899994,Hold,Hold,Hold,Hold,Hold,Hold,Hold,Hold,Sell,Hold,0.1298243401464094,0.708746097372836
15/6/2022,233.0,Hold,Hold,Hold,Hold,Hold,Hold,Hold,Hold,Hold,Hold,0.5443676624538462,0.72203280069734
16/6/2022,213.1000061,Hold,Hold,Hold,Hold,Hold,Hold,Hold,Hold,Hold,Hold,0.5610271433455,0.6002194147120444
17/6/2022,216.7599945,Hold,Hold,Hold,Hold,Hold,Hold,Hold,Hold,Hold,Hold,0.1275894228452857,0.7529784979805197
21/6/2022,237.0366669,Sell,Sell,Hold,Hold,Hold,Hold,Hold,Hold,Hold,Hold,0.5014244292307692,0.8073114224983614
22/6/2022,236.0866699,Hold,Hold,Hold,Hold,Hold,Hold,Buy,Buy,Buy,Hold,0.7263158641755406,0.7144259829499419
23/6/2022,235.0700073,Hold,Hold,Hold,Hold,Hold,Hold,Hold,Hold,Hold,Hold,0.2685264391666667,0.6483070182673263
24/6/2022,245.706665,Hold,Hold,Hold,Hold,Hold,Hold,Sell,Hold,Hold,Hold,0.348774092760905,0.6325538110890535
27/6/2022,244.9199982,Buy,Hold,Hold,Hold,Hold,Hold,Buy,Hold,Buy,Hold,0.4663665116666666,0.750541358656375
28/6/2022,232.6633301,Hold,Hold,Hold,Hold,Hold,Hold,Hold,Buy,Buy,Hold,0.5002642916379166,0.7699255442436204
29/6/2022,228.4900055,Hold,Hold,Hold,Hold,Hold,Hold,Sell,Sell,Sell,Hold,0.4384123675167499,0.7055116996067574
30/6/2022,224.4733276,Hold,Hold,Hold,Hold,Hold,Hold,Hold,Hold,Hold,Hold,0.5993199861538462,0.630001679733895
1/7/2022,227.2633362,Hold,Hold,Hold,Hold,Hold,Hold,Hold,Hold,Hold,Hold,0.1116510767436024,0.60275685436525
5/7/2022,233.0666656,Hold,Hold,Hold,Hold,Hold,Hold,Hold,Hold,Hold,Hold,0.2643088621454545,0.4926409983888651
6/7/2022,231.7333374,Hold,Buy,Hold,Hold,Hold,Hold,Buy,Buy,Hold,Hold,0.5557812038723098,0.5181700013467141
7/7/2022,244.543335,Buy,Hold,Hold,Hold,Hold,Hold,Sell,Sell,Hold,Hold,0.66438780212,0.7349528118784294
8/7/2022,250.7633362,Hold,Hold,Buy,Sell,Hold,Buy,Buy,Hold,Hold,Hold,0.2736088177470266,0.7384179223065507
11/7/2022,234.343338,Hold,Hold,Hold,Hold,Hold,Hold,Hold,Hold,Hold,Hold,0.7441943546153845,0.7211204635081635
12/7/2022,233.0700073,Hold,Hold,Hold,Hold,Hold,Hold,Sell,Sell,Sell,Hold,0.6964524159458333,0.7332942333797372
13/7/2022,237.0399933,Hold,Hold,Hold,Hold,Hold,Hold,Hold,Hold,Hold,Hold,0.4041388364114272,0.776797663768394
14/7/2022,238.3133392,Hold,Hold,Buy,Hold,Buy,Buy,Buy,Buy,Buy,Buy,0.1245830263294875,0.7128096612105729
15/7/2022,240.0666656,Hold,Hold,Hold,Hold,Hold,Hold,Hold,Hold,Hold,Hold,0.7275565107142857,0.7005072528918825
18/7/2022,240.5466614,Hold,Hold,Hold,Hold,Hold,Hold,Hold,Hold,Hold,Hold,0.4083436267754088,0.7496770325357184
19/7/2022,245.5299988,Hold,Hold,Hold,Hold,Hold,Hold,Hold,Hold,Hold,Hold,0.4017390427272727,0.7806992055685488
20/7/2022,247.5,Hold,Hold,Hold,Hold,Hold,Hold,Hold,Hold,Hold,Hold,0.1094799025452366,0.5484366085223864
21/7/2022,271.706665,Hold,Hold,Hold,Sell,Hold,Hold,Hold,Hold,Hold,Hold,0.4233729798052225,0.5457992045628596
22/7/2022,272.2433472,Hold,Hold,Hold,Hold,Hold,Hold,Hold,Hold,Hold,Hold,-0.1987269795763164,0.6797748940057872
25/7/2022,268.4333191,Hold,Hold,Hold,Hold,Hold,Hold,Hold,Hold,Hold,Hold,0.8691892272873284,0.7241364971960206
26/7/2022,258.8599854,Hold,Hold,Hold,Hold,Hold,Hold,Hold,Hold,Hold,Hold,0.96156178,0.6416552200404467
27/7/2022,274.8200073,Hold,Hold,Hold,Hold,Hold,Hold,Hold,Hold,Hold,Hold,0.19544927,0.7000784499240857
28/7/2022,280.8999939,Hold,Hold,Hold,Hold,Hold,Hold,Hold,Hold,Hold,Hold,0.9228211466666668,0.7512867033250721
29/7/2022,297.1499939,Hold,Hold,Hold,Hold,Hold,Hold,Hold,Hold,Hold,Hold,0.4012270679,0.6681235192155477
1/8/2022,297.2766724,Hold,Hold,Hold,Hold,Hold,Hold,Hold,Hold,Hold,Hold,0.1389423371031961,0.7733533022593904
2/8/2022,300.5866699,Hold,Hold,Hold,Hold,Hold,Hold,Hold,Hold,Hold,Hold,0.5333299777777778,0.681108951854805
3/8/2022,307.3966675,Hold,Hold,Hold,Hold,Hold,Hold,Hold,Hold,Hold,Hold,0.6798752375,0.7240606562802401
4/8/2022,308.6333313,Hold,Hold,Hold,Hold,Hold,Hold,Hold,Hold,Hold,Hold,0.6564897685866666,0.7729475636862865
5/8/2022,288.1700134,Hold,Hold,Hold,Sell,Hold,Hold,Hold,Hold,Hold,Hold,0.6564871781035294,0.7345196398678194
8/8/2022,290.4233398,Hold,Hold,Hold,Hold,Hold,Hold,Hold,Hold,Hold,Hold,0.4692943008842857,0.7320352332496982
9/8/2022,283.3333435,Hold,Hold,Hold,Hold,Hold,Hold,Hold,Hold,Hold,Hold,0.5561222214642857,0.5548916036957414
10/8/2022,294.3566589,Hold,Hold,Hold,Hold,Hold,Hold,Hold,Sell,Hold,Hold,0.7693033659293312,0.7874046320726836
11/8/2022,286.6300049,Hold,Hold,Hold,Hold,Hold,Hold,Hold,Buy,Hold,Hold,0.8777506426666667,0.6715348536920029
12/8/2022,300.0299988,Hold,Hold,Hold,Hold,Hold,Hold,Hold,Sell,Hold,Hold,0.5408248377777778,0.7122320213005598
15/8/2022,309.3200073,Hold,Hold,Hold,Sell,Hold,Hold,Hold,Buy,Hold,Hold,0.406463320243895,0.6964309776201258
16/8/2022,306.563324,Hold,Hold,Hold,Hold,Hold,Hold,Hold,Sell,Hold,Hold,0.9794146766666666,0.840195902962844
17/8/2022,303.9966736,Hold,Hold,Hold,Hold,Hold,Hold,Hold,Hold,Hold,Hold,0.4361810828571428,0.695845084071738
18/8/2022,302.8699951,Hold,Hold,Hold,Hold,Hold,Hold,Hold,Hold,Hold,Hold,0.511069883,0.6869168183468345
19/8/2022,296.6666565,Hold,Hold,Hold,Hold,Hold,Hold,Hold,Hold,Hold,Hold,0.8416832875,0.8180924097252475
22/8/2022,289.9133301,Hold,Hold,Hold,Hold,Hold,Hold,Sell,Hold,Hold,Sell,0.7798578333529411,0.6635166210647458
23/8/2022,296.4533386,Hold,Hold,Hold,Hold,Hold,Hold,Hold,Hold,Hold,Hold,0.6907916879623742,0.7179810798870893
24/8/2022,297.0966797,Hold,Hold,Hold,Hold,Hold,Hold,Hold,Hold,Hold,Hold,0.8673208039999999,0.7709750703839425
25/8/2022,296.0700073,Hold,Hold,Hold,Hold,Hold,Hold,Hold,Hold,Hold,Hold,0.7515894073153846,0.758161312910475
26/8/2022,288.0899963,Hold,Hold,Hold,Hold,Hold,Hold,Hold,Hold,Hold,Hold,0.467080136,0.6735276089252475
29/8/2022,284.8200073,Sell,Sell,Sell,Hold,Sell,Sell,Sell,Sell,Sell,Sell,0.518073476636,0.7054297435868371
30/8/2022,277.7000122,Hold,Hold,Hold,Hold,Hold,Hold,Hold,Hold,Hold,Hold,0.9944832957142856,0.744119268505472
31/8/2022,275.6099854,Hold,Hold,Hold,Hold,Hold,Hold,Hold,Hold,Hold,Hold,0.71999583960625,0.550337506474933
1/9/2022,277.1600037,Hold,Hold,Hold,Hold,Hold,Hold,Hold,Hold,Hold,Hold,0.12119335375,0.6236101033705015
2/9/2022,270.2099915,Hold,Hold,Hold,Buy,Hold,Hold,Hold,Hold,Hold,Hold,0.8517276991888889,0.7318958621851601
6/9/2022,274.4200134,Hold,Hold,Hold,Buy,Hold,Hold,Hold,Hold,Hold,Hold,0.254384811830227,0.6662757382750439
7/9/2022,283.7000122,Hold,Hold,Hold,Hold,Hold,Hold,Hold,Hold,Hold,Hold,0.79236787203015,0.715624933673645
8/9/2022,289.2600098,Hold,Hold,Hold,Hold,Buy,Buy,Buy,Buy,Hold,Buy,0.7130457880209514,0.7362616747880985
9/9/2022,299.6799927,Buy,Hold,Buy,Hold,Hold,Hold,Hold,Hold,Buy,Hold,0.5619732571780172,0.6886625867074939
12/9/2022,304.4200134,Hold,Hold,Hold,Hold,Hold,Hold,Hold,Hold,Hold,Hold,0.7071924988973627,0.8230534963234817
13/9/2022,292.1300049,Hold,Hold,Hold,Hold,Hold,Hold,Hold,Hold,Hold,Hold,0.6712656751148,0.7365660088189435
14/9/2022,302.6099854,Hold,Hold,Hold,Hold,Hold,Hold,Hold,Hold,Hold,Hold,0.59808592879874,0.6156799475167213
15/9/2022,303.75,Hold,Hold,Hold,Hold,Hold,Hold,Hold,Hold,Hold,Hold,0.1999502035615384,0.7736356512848034
16/9/2022,303.3500061,Hold,Hold,Hold,Hold,Hold,Hold,Hold,Hold,Hold,Hold,0.3818468226027273,0.6275036990366984
19/9/2022,309.0700073,Hold,Hold,Hold,Hold,Hold,Hold,Hold,Hold,Hold,Hold,0.4446921086470111,0.6466383936387443
20/9/2022,308.730011,Hold,Hold,Hold,Sell,Hold,Hold,Hold,Hold,Hold,Hold,0.092276841512125,0.5780665018039357
21/9/2022,300.7999878,Hold,Hold,Hold,Hold,Hold,Hold,Hold,Hold,Hold,Hold,0.5712190478413418,0.8348713403485122
22/9/2022,288.5899963,Hold,Hold,Hold,Hold,Hold,Hold,Hold,Hold,Hold,Hold,0.2216379102119249,0.6222912701192588
23/9/2022,275.3299866,Sell,Sell,Sell,Hold,Sell,Sell,Sell,Sell,Sell,Sell,0.7030871325,0.7543106441683549
26/9/2022,276.0100098,Hold,Hold,Hold,Hold,Hold,Hold,Hold,Hold,Hold,Hold,0.8376283499999999,0.6827969865570073
27/9/2022,282.9400024,Hold,Hold,Hold,Hold,Hold,Hold,Hold,Hold,Hold,Hold,0.8045473296153846,0.653194947498953
28/9/2022,287.8099976,Hold,Hold,Hold,Hold,Hold,Hold,Hold,Hold,Hold,Hold,0.804608529,0.6092259225948703
29/9/2022,268.2099915,Hold,Hold,Hold,Hold,Hold,Hold,Hold,Hold,Hold,Hold,0.69761021844,0.6673460258533821
30/9/2022,265.25,Hold,Hold,Hold,Hold,Hold,Hold,Hold,Hold,Hold,Hold,0.8450425492462308,0.8260742206904309
3/10/2022,242.3999939,Hold,Hold,Hold,Hold,Hold,Hold,Hold,Hold,Hold,Hold,-0.0276835913333333,0.5722772954872052
4/10/2022,249.4400024,Hold,Hold,Hold,Hold,Hold,Hold,Hold,Hold,Hold,Hold,0.5073095184672,0.5838226397539619
5/10/2022,240.8099976,Hold,Hold,Hold,Hold,Hold,Hold,Hold,Hold,Hold,Hold,0.3556438763157895,0.7562278991113723
6/10/2022,238.1300049,Hold,Hold,Hold,Hold,Hold,Hold,Hold,Hold,Hold,Hold,0.2898592892631579,0.7095450888792427
7/10/2022,223.0700073,Hold,Hold,Hold,Hold,Hold,Hold,Hold,Hold,Hold,Hold,0.6316651375428571,0.7318392579984253
10/10/2022,222.9600067,Hold,Hold,Hold,Hold,Hold,Hold,Hold,Hold,Hold,Hold,0.3798027387840033,0.5941839050355185
11/10/2022,216.5,Hold,Hold,Hold,Hold,Hold,Hold,Hold,Hold,Hold,Hold,0.5403651566666666,0.6674055997840106
12/10/2022,217.2400055,Hold,Hold,Hold,Hold,Hold,Hold,Hold,Hold,Hold,Hold,0.7426263278853787,0.7306625435686553
13/10/2022,221.7200012,Hold,Hold,Hold,Hold,Hold,Hold,Hold,Hold,Hold,Hold,0.8568107896942857,0.7887711216392443
14/10/2022,204.9900055,Hold,Hold,Hold,Hold,Hold,Hold,Hold,Hold,Hold,Hold,0.7413634242857142,0.6252032858053671
17/10/2022,219.3500061,Hold,Hold,Hold,Hold,Hold,Hold,Hold,Hold,Hold,Hold,0.5115865927072238,0.6679718995128204
18/10/2022,220.1900024,Hold,Hold,Hold,Buy,Hold,Hold,Hold,Hold,Hold,Hold,0.26296726625,0.6364232353874091
19/10/2022,222.0399933,Hold,Hold,Hold,Buy,Hold,Hold,Hold,Hold,Hold,Hold,0.2834269547716539,0.6258707380584341
20/10/2022,207.2799988,Hold,Hold,Hold,Buy,Hold,Hold,Hold,Hold,Hold,Hold,-0.048224873252252,0.635527617649153
21/10/2022,214.4400024,Hold,Hold,Hold,Hold,Hold,Hold,Hold,Hold,Hold,Hold,0.1881741216507632,0.7277685467496375
24/10/2022,211.25,Hold,Hold,Hold,Hold,Hold,Hold,Hold,Hold,Hold,Hold,0.3388039038947368,0.5373662426899286
25/10/2022,222.4199982,Hold,Hold,Hold,Hold,Hold,Hold,Hold,Hold,Hold,Hold,0.1776118307456408,0.6371822827770586
26/10/2022,224.6399994,Hold,Buy,Hold,Hold,Hold,Hold,Hold,Buy,Hold,Hold,0.829884682142857,0.6713906248567872
27/10/2022,225.0899963,Hold,Hold,Hold,Hold,Hold,Hold,Hold,Hold,Hold,Hold,0.7448310426666667,0.7654335440064615
28/10/2022,228.5200043,Hold,Hold,Hold,Hold,Hold,Hold,Hold,Hold,Hold,Hold,0.440098927108,0.7821046572181718
31/10/2022,227.5399933,Hold,Hold,Hold,Hold,Hold,Hold,Hold,Hold,Hold,Hold,0.8382974985721734,0.857903148265856
1/11/2022,227.8200073,Hold,Hold,Hold,Hold,Hold,Hold,Hold,Hold,Hold,Hold,0.471535371379625,0.6660875218186817
2/11/2022,214.9799957,Hold,Hold,Hold,Hold,Hold,Hold,Hold,Hold,Hold,Hold,0.3389015407142857,0.7833770711808926
3/11/2022,215.3099976,Hold,Hold,Hold,Hold,Hold,Hold,Hold,Sell,Hold,Hold,0.2051577454545454,0.6579104007426557
4/11/2022,207.4700012,Hold,Hold,Hold,Hold,Hold,Hold,Hold,Hold,Hold,Hold,0.5075717764135,0.7214237717340785
7/11/2022,197.0800018,Hold,Hold,Hold,Hold,Hold,Hold,Hold,Hold,Hold,Hold,0.2246798783333333,0.6439535982205359
8/11/2022,191.3000031,Hold,Hold,Hold,Hold,Hold,Hold,Hold,Hold,Hold,Hold,0.471096557184282,0.6222457931583121
9/11/2022,177.5899963,Hold,Hold,Hold,Hold,Hold,Hold,Hold,Hold,Hold,Hold,0.6296658473809524,0.723224042347893
10/11/2022,190.7200012,Hold,Hold,Hold,Hold,Hold,Hold,Hold,Hold,Hold,Hold,0.61355903375,0.6453175948202335
11/11/2022,195.9700012,Hold,Hold,Hold,Hold,Hold,Hold,Hold,Hold,Hold,Hold,0.4546935839824593,0.7761518966272727
14/11/2022,190.9499969,Hold,Hold,Hold,Hold,Hold,Hold,Hold,Hold,Hold,Hold,0.769064625882353,0.7298175771251296
15/11/2022,194.4199982,Hold,Hold,Hold,Hold,Hold,Hold,Hold,Hold,Hold,Hold,0.5888057330629413,0.5800901457787785
16/11/2022,186.9199982,Hold,Hold,Hold,Hold,Hold,Hold,Hold,Hold,Hold,Hold,0.7861488930062162,0.7985722311827859
17/11/2022,183.1699982,Hold,Hold,Hold,Hold,Hold,Hold,Hold,Hold,Hold,Hold,0.5849319204805333,0.7394926477941612
18/11/2022,180.1900024,Hold,Hold,Hold,Hold,Hold,Hold,Hold,Hold,Hold,Hold,0.494248954589115,0.7585605592574122
21/11/2022,167.8699951,Hold,Hold,Hold,Hold,Hold,Hold,Hold,Hold,Hold,Hold,0.07462486566875,0.5662543828944411
22/11/2022,169.9100037,Hold,Hold,Hold,Hold,Hold,Hold,Hold,Hold,Hold,Hold,-0.298610864,0.6203693645729914
23/11/2022,183.1999969,Hold,Hold,Hold,Hold,Hold,Hold,Hold,Hold,Hold,Hold,0.3624605060331579,0.6242355490106318
25/11/2022,182.8600006,Hold,Hold,Hold,Hold,Hold,Hold,Hold,Hold,Hold,Hold,0.1345928033338999,0.8021927063787251
28/11/2022,182.9199982,Hold,Hold,Hold,Hold,Hold,Hold,Hold,Hold,Hold,Hold,0.36405643,0.7021718135791778
29/11/2022,180.8300018,Hold,Hold,Hold,Hold,Hold,Hold,Hold,Hold,Hold,Hold,-0.299527530191884,0.5951512813764611
30/11/2022,194.6999969,Hold,Hold,Hold,Hold,Hold,Hold,Hold,Hold,Hold,Hold,0.4131539178800538,0.712116174501752
1/12/2022,194.6999969,Hold,Hold,Hold,Hold,Hold,Hold,Buy,Buy,Buy,Hold,0.7167881080189048,0.7824454382697985
2/12/2022,194.8600006,Hold,Hold,Hold,Hold,Hold,Hold,Hold,Hold,Hold,Hold,0.587958282,0.7105579573121907
5/12/2022,182.4499969,Hold,Hold,Hold,Buy,Hold,Hold,Hold,Hold,Hold,Hold,0.8590457589801308,0.3972129023218842
6/12/2022,179.8200073,Sell,Sell,Hold,Hold,Hold,Hold,Sell,Sell,Sell,Hold,0.4974877759883333,0.6843895393426525
7/12/2022,174.0399933,Hold,Hold,Hold,Hold,Hold,Hold,Hold,Hold,Hold,Hold,0.6753181814285715,0.4997495747569619
8/12/2022,173.4400024,Hold,Hold,Hold,Hold,Hold,Hold,Hold,Hold,Hold,Hold,0.3405255423333333,0.5736857346585931
9/12/2022,179.0500031,Hold,Hold,Hold,Hold,Hold,Hold,Hold,Hold,Hold,Hold,0.2452753636831099,0.5028754617773161
12/12/2022,167.8200073,Hold,Hold,Hold,Hold,Hold,Hold,Hold,Hold,Hold,Hold,0.5665375077280538,0.5908865875561006
13/12/2022,160.9499969,Hold,Hold,Hold,Hold,Hold,Hold,Hold,Hold,Hold,Hold,0.3040759578522222,0.5206018224507135
14/12/2022,156.8000031,Hold,Hold,Hold,Hold,Hold,Hold,Hold,Hold,Hold,Hold,0.3188813133339844,0.5386696849560055
15/12/2022,157.6699982,Hold,Hold,Hold,Hold,Hold,Hold,Hold,Hold,Hold,Hold,0.5650209525909091,0.7381717469413954
16/12/2022,150.2299957,Hold,Hold,Hold,Hold,Hold,Hold,Hold,Hold,Hold,Hold,0.5189304329304304,0.6151121889745851
19/12/2022,149.8699951,Hold,Hold,Hold,Hold,Hold,Hold,Hold,Hold,Hold,Hold,0.3791063118934825,0.6425693639025429
20/12/2022,137.8000031,Hold,Hold,Hold,Hold,Hold,Hold,Hold,Hold,Hold,Hold,0.3343606840869565,0.5918777017478192
21/12/2022,137.5700073,Hold,Hold,Hold,Hold,Hold,Hold,Hold,Hold,Hold,Hold,0.1528245031885032,0.7315516726223894
22/12/2022,125.3499985,Hold,Hold,Hold,Hold,Hold,Hold,Hold,Hold,Hold,Hold,0.2222719093151724,0.6024135872473486
23/12/2022,123.1500015,Hold,Hold,Hold,Hold,Hold,Hold,Hold,Hold,Hold,Hold,0.5349910471428572,0.6777657497930376
27/12/2022,109.0999985,Hold,Hold,Hold,Hold,Hold,Hold,Hold,Hold,Hold,Hold,-0.1600239360469227,0.521440887005348
28/12/2022,112.7099991,Hold,Hold,Hold,Hold,Hold,Hold,Hold,Hold,Hold,Hold,0.0367381438464705,0.5800737438685143
29/12/2022,121.8199997,Hold,Hold,Hold,Hold,Hold,Hold,Hold,Hold,Hold,Hold,0.3856845330651957,0.7064575937512442
30/12/2022,123.1800003,Hold,Hold,Hold,Hold,Hold,Hold,Hold,Hold,Hold,Hold,-0.288740096927232,0.7176769820566479
3/1/2023,108.0999985,Hold,Hold,Hold,Hold,Hold,Hold,Hold,Hold,Hold,Hold,0.0482363879269484,0.3374564929695556
4/1/2023,113.6399994,Hold,Hold,Hold,Hold,Hold,Hold,Hold,Hold,Hold,Hold,0.1934357481416358,0.6055297561875
5/1/2023,110.3399963,Hold,Hold,Hold,Buy,Hold,Hold,Hold,Hold,Hold,Hold,0.0049569395073681,0.6889932307692307
6/1/2023,113.0599976,Hold,Hold,Hold,Buy,Hold,Hold,Hold,Hold,Hold,Hold,-0.1027716825384615,0.7127418225488333
9/1/2023,119.7699966,Hold,Hold,Hold,Hold,Hold,Hold,Hold,Hold,Hold,Hold,0.6191492164943125,0.7958282679078333
10/1/2023,118.8499985,Hold,Hold,Hold,Hold,Hold,Hold,Hold,Hold,Hold,Hold,0.6670138648818182,0.992536885
11/1/2023,123.2200012,Hold,Hold,Hold,Hold,Hold,Hold,Hold,Hold,Hold,Hold,0.4966249143333333,0.98584556875
12/1/2023,123.5599976,Hold,Buy,Hold,Hold,Hold,Hold,Buy,Buy,Hold,Hold,0.2093710412340117,0.7759583733333333
13/1/2023,122.4000015,Hold,Hold,Hold,Hold,Hold,Hold,Hold,Hold,Hold,Hold,0.0718571903964508,0.6489124171428572
17/1/2023,131.4900055,Hold,Hold,Hold,Hold,Hold,Hold,Hold,Hold,Buy,Hold,0.810304749375,0.7100971360728784
18/1/2023,128.7799988,Buy,Hold,Buy,Hold,Buy,Hold,Hold,Hold,Hold,Hold,0.5411291611780803,0.832201894166
19/1/2023,127.1699982,Hold,Hold,Hold,Hold,Hold,Hold,Hold,Hold,Hold,Hold,0.69138174625,0.30237065875
20/1/2023,133.4199982,Hold,Hold,Hold,Hold,Hold,Hold,Hold,Hold,Hold,Hold,0.4537628886568683,0.716068342
23/1/2023,143.75,Buy,Hold,Buy,Hold,Buy,Hold,Hold,Hold,Hold,Hold,0.5921505853833099,0.7907657138428572
24/1/2023,143.8899994,Hold,Hold,Hold,Hold,Hold,Hold,Hold,Hold,Hold,Hold,0.8199361084060606,0.8334283042999999
25/1/2023,144.4299927,Hold,Hold,Hold,Hold,Hold,Hold,Hold,Hold,Hold,Hold,0.2476125656921544,0.6474640558784034
26/1/2023,160.2700043,Hold,Hold,Hold,Hold,Hold,Hold,Hold,Hold,Hold,Hold,0.1780068137760838,0.5562142953272802
27/1/2023,177.8999939,Hold,Hold,Hold,Hold,Hold,Hold,Hold,Hold,Hold,Hold,0.6064255951988758,0.8885870284453333
30/1/2023,166.6600037,Hold,Hold,Hold,Hold,Hold,Hold,Hold,Hold,Hold,Hold,0.1805966759752374,0.49044388324925
31/1/2023,173.2200012,Hold,Hold,Hold,Hold,Hold,Hold,Hold,Hold,Hold,Hold,0.5104612994659572,0.64902427110375
1/2/2023,181.4100037,Hold,Hold,Hold,Hold,Hold,Hold,Hold,Hold,Hold,Hold,0.6902980845454546,0.6342034061999999
2/2/2023,188.2700043,Hold,Hold,Hold,Hold,Hold,Hold,Hold,Hold,Hold,Hold,0.3597936898333334,0.7992413948
3/2/2023,189.9799957,Hold,Hold,Hold,Hold,Hold,Hold,Hold,Hold,Hold,Hold,0.5491707661781409,0.9999354
6/2/2023,194.7599945,Hold,Hold,Hold,Hold,Hold,Hold,Hold,Hold,Hold,Hold,0.280949905638125,0.9489679155555556
7/2/2023,196.8099976,Hold,Hold,Hold,Hold,Hold,Hold,Hold,Hold,Hold,Hold,0.5102429374999999,0.994419285
8/2/2023,201.2899933,Hold,Hold,Hold,Hold,Hold,Hold,Hold,Hold,Hold,Hold,0.4305247249648072,0.98525255
9/2/2023,207.3200073,Hold,Hold,Hold,Hold,Hold,Hold,Hold,Hold,Hold,Hold,0.4881082240881955,0.7160970885714286
10/2/2023,196.8899994,Hold,Hold,Hold,Hold,Hold,Hold,Hold,Hold,Hold,Hold,0.4427584469999999,0.8799801145454546
13/2/2023,194.6399994,Hold,Hold,Hold,Hold,Hold,Hold,Hold,Hold,Hold,Hold,0.5595996358195053,0.99930355
14/2/2023,209.25,Hold,Hold,Hold,Hold,Hold,Hold,Hold,Hold,Hold,Hold,0.9807090228571428,0.6536619516
15/2/2023,214.2400055,Hold,Hold,Hold,Hold,Hold,Hold,Hold,Hold,Hold,Hold,0.7714108899642855,0.7501302386666667
16/2/2023,202.0399933,Hold,Hold,Hold,Hold,Hold,Hold,Hold,Hold,Hold,Hold,0.5709378785525,0.7721372364494999
17/2/2023,208.3099976,Hold,Hold,Hold,Sell,Hold,Hold,Hold,Hold,Hold,Hold,0.618932181,0.6648099416666667
21/2/2023,197.3699951,Hold,Hold,Hold,Hold,Hold,Hold,Hold,Hold,Hold,Hold,0.390134587547061,0.044857505
22/2/2023,200.8600006,Hold,Hold,Hold,Hold,Hold,Hold,Hold,Hold,Hold,Hold,0.2817246604681429,0.6508889066666667
23/2/2023,202.0700073,Hold,Hold,Hold,Hold,Hold,Hold,Hold,Hold,Hold,Hold,0.6588858366666667,0.9811420914285716
24/2/2023,196.8800049,Hold,Hold,Hold,Hold,Hold,Hold,Hold,Hold,Hold,Hold,0.3732286145,0.7877109483399
27/2/2023,207.6300049,Hold,Sell,Hold,Hold,Hold,Hold,Sell,Sell,Hold,Hold,0.6079546705850215,0.3406299836307412
28/2/2023,205.7100067,Hold,Hold,Hold,Hold,Hold,Hold,Buy,Hold,Hold,Hold,0.676727439145484,0.558695778670827
1/3/2023,202.7700043,Hold,Hold,Hold,Hold,Hold,Hold,Hold,Sell,Sell,Hold,0.5678763263471143,0.670735286645295
2/3/2023,190.8999939,Hold,Hold,Hold,Hold,Hold,Hold,Hold,Hold,Hold,Hold,0.3480687794342402,0.8163326095000001
3/3/2023,197.7899933,Sell,Sell,Sell,Hold,Sell,Sell,Sell,Hold,Hold,Sell,0.5067746783123132,0.8838976725
6/3/2023,193.8099976,Hold,Hold,Hold,Hold,Buy,Hold,Hold,Hold,Hold,Hold,0.4283409802490416,0.6642355389333333
7/3/2023,187.7100067,Sell,Hold,Sell,Hold,Sell,Hold,Hold,Hold,Hold,Hold,0.8672120902414009,0.606845166
8/3/2023,182.0,Hold,Hold,Hold,Hold,Hold,Hold,Hold,Hold,Hold,Hold,0.5002736615050966,0.8511026150000001
9/3/2023,172.9199982,Hold,Hold,Hold,Hold,Hold,Hold,Hold,Hold,Hold,Hold,0.0299195717,0.9094786025
10/3/2023,173.4400024,Hold,Hold,Hold,Hold,Hold,Hold,Hold,Hold,Hold,Hold,0.4168738454611667,0.9547925425
13/3/2023,174.4799957,Hold,Hold,Hold,Hold,Hold,Hold,Hold,Hold,Hold,Hold,0.4651714266666666,
14/3/2023,183.2599945,Hold,Hold,Hold,Hold,Hold,Hold,Hold,Hold,Hold,Hold,0.2309229738588888,0.9681671228571428
15/3/2023,180.4499969,Hold,Hold,Hold,Hold,Buy,Hold,Hold,Hold,Hold,Buy,0.695460227613,0.6574405575
16/3/2023,184.1300049,Hold,Hold,Hold,Hold,Hold,Hold,Hold,Hold,Hold,Hold,0.6671615844450001,0.9999859
17/3/2023,180.1300049,Hold,Hold,Hold,Hold,Buy,Hold,Hold,Hold,Hold,Buy,0.5565447164777777,
20/3/2023,183.25,Hold,Hold,Hold,Hold,Hold,Hold,Hold,Hold,Hold,Hold,0.2301886757,0.9956982325
21/3/2023,197.5800018,Hold,Hold,Hold,Hold,Buy,Hold,Hold,Hold,Hold,Buy,0.221714540330762,0.8998231
22/3/2023,191.1499939,Buy,Buy,Buy,Hold,Hold,Buy,Buy,Buy,Buy,Hold,0.3623043177650146,0.998396425
23/3/2023,192.2200012,Hold,Hold,Hold,Hold,Hold,Hold,Hold,Hold,Hold,Hold,0.60187321,0.99792333
24/3/2023,190.4100037,Hold,Hold,Hold,Hold,Hold,Hold,Hold,Hold,Hold,Hold,0.58823441790007,0.4998054270978649
27/3/2023,191.8099976,Hold,Hold,Hold,Hold,Hold,Hold,Hold,Hold,Hold,Hold,0.5873529447614818,0.29374506525
28/3/2023,189.1900024,Hold,Hold,Hold,Hold,Hold,Hold,Hold,Hold,Hold,Hold,0.47743092,0.748717470525
29/3/2023,193.8800049,Hold,Hold,Hold,Hold,Hold,Hold,Hold,Hold,Hold,Hold,0.5595332326591166,-0.9934748
30/3/2023,195.2799988,Hold,Hold,Hold,Hold,Hold,Hold,Hold,Hold,Hold,Hold,0.4581856545454545,0.9989628
31/3/2023,207.4600067,Hold,Hold,Hold,Hold,Hold,Hold,Hold,Hold,Hold,Hold,0.1138076543491737,0.7085736
3/4/2023,194.7700043,Hold,Hold,Hold,Hold,Hold,Hold,Hold,Hold,Hold,Hold,0.1670425455165761,0.6496947376470589
4/4/2023,192.5800018,Hold,Hold,Hold,Hold,Hold,Hold,Hold,Hold,Hold,Hold,0.5325799203556769,0.993051125
5/4/2023,185.5200043,Hold,Hold,Hold,Hold,Hold,Sell,Sell,Sell,Hold,Sell,0.4657181781,0.53874517
6/4/2023,185.0599976,Sell,Hold,Sell,Hold,Sell,Hold,Hold,Hold,Sell,Hold,0.8337611601892309,0.9998616
10/4/2023,184.5099945,Hold,Hold,Hold,Hold,Hold,Hold,Hold,Hold,Hold,Hold,0.5757782527226667,0.7984551400000001
11/4/2023,186.7899933,Hold,Hold,Hold,Hold,Hold,Hold,Hold,Hold,Hold,Hold,0.5359232954968397,0.8159896050000001
12/4/2023,180.5399933,Hold,Hold,Hold,Hold,Hold,Hold,Hold,Hold,Hold,Hold,0.57407986820387,0.5038144005666666
13/4/2023,185.8999939,Hold,Hold,Hold,Hold,Hold,Hold,Hold,Hold,Hold,Hold,0.6630829216666666,0.99987832
14/4/2023,185.0,Hold,Hold,Hold,Hold,Hold,Hold,Hold,Hold,Hold,Hold,0.5214999608333334,0.5016228100825
17/4/2023,187.0399933,Hold,Hold,Hold,Hold,Hold,Hold,Hold,Hold,Hold,Hold,0.7055603763333332,0.7989184525
18/4/2023,184.3099976,Hold,Hold,Hold,Hold,Hold,Hold,Hold,Hold,Hold,Hold,0.1765068232426365,0.9999845
19/4/2023,180.5899963,Hold,Hold,Hold,Hold,Hold,Hold,Hold,Hold,Hold,Hold,0.101397305007619,0.2571051088888889
20/4/2023,162.9900055,Hold,Hold,Hold,Hold,Hold,Hold,Hold,Hold,Hold,Hold,-0.0428122601298347,0.4398213687909091
21/4/2023,165.0800018,Hold,Hold,Hold,Hold,Hold,Hold,Hold,Hold,Hold,Hold,0.2698969329702259,0.4979868937751495
24/4/2023,162.5500031,Hold,Hold,Hold,Hold,Hold,Hold,Hold,Hold,Hold,Hold,0.1707880666666666,0.8412129500000001
25/4/2023,160.6699982,Hold,Hold,Hold,Hold,Hold,Hold,Hold,Hold,Hold,Hold,0.4141997832020771,0.960037025
26/4/2023,153.75,Hold,Hold,Hold,Hold,Hold,Hold,Hold,Hold,Hold,Hold,-0.16771592,0.92967348
27/4/2023,160.1900024,Hold,Hold,Hold,Hold,Hold,Hold,Hold,Hold,Hold,Hold,0.0778871937419727,0.918184485
28/4/2023,164.3099976,Hold,Hold,Hold,Hold,Hold,Hold,Hold,Hold,Hold,Hold,0.22727326389375,0.485575121
1/5/2023,161.8300018,Hold,Hold,Hold,Hold,Hold,Hold,Hold,Hold,Hold,Hold,0.4399805600000001,0.92946075
2/5/2023,160.3099976,Hold,Hold,Hold,Hold,Hold,Hold,Hold,Hold,Hold,Hold,0.5552764791666667,
3/5/2023,160.6100006,Hold,Hold,Hold,Buy,Hold,Hold,Hold,Hold,Hold,Hold,0.2216429659754555,0.7411818318606832
4/5/2023,161.1999969,Hold,Hold,Hold,Buy,Hold,Hold,Hold,Hold,Hold,Hold,0.2869490628269143,0.988746028
5/5/2023,170.0599976,Hold,Hold,Hold,Hold,Hold,Hold,Hold,Hold,Hold,Hold,0.5556061187566667,0.99999887
8/5/2023,171.7899933,Buy,Buy,Hold,Hold,Hold,Hold,Buy,Buy,Buy,Hold,0.99960049375,0.6651248837666667
9/5/2023,169.1499939,Hold,Hold,Hold,Hold,Hold,Hold,Hold,Buy,Buy,Hold,0.7039288366666666,0.993466612
10/5/2023,168.5399933,Hold,Hold,Hold,Hold,Hold,Hold,Sell,Hold,Hold,Hold,0.581887180324162,0.9561383525
11/5/2023,172.0800018,Hold,Hold,Hold,Hold,Hold,Hold,Hold,Hold,Hold,Hold,0.9827017590909092,0.98091499
12/5/2023,167.9799957,Buy,Hold,Buy,Hold,Buy,Hold,Buy,Hold,Hold,Hold,0.4284277415318182,0.9989297
15/5/2023,166.3500061,Hold,Hold,Hold,Hold,Hold,Hold,Sell,Hold,Hold,Hold,0.7927187892453845,0.9944103266666668
16/5/2023,166.5200043,Hold,Hold,Hold,Hold,Hold,Hold,Hold,Hold,Hold,Hold,0.5744684375241387,0.97191958125
17/5/2023,173.8600006,Buy,Buy,Hold,Hold,Hold,Hold,Hold,Hold,Hold,Hold,0.756113692521386,-0.24716318368665
18/5/2023,176.8899994,Hold,Hold,Buy,Hold,Buy,Buy,Buy,Hold,Hold,Buy,0.196053241032,0.40035739625
19/5/2023,180.1399994,Hold,Hold,Hold,Hold,Hold,Hold,Hold,Hold,Hold,Hold,0.5848579428571429,0.20750954
22/5/2023,188.8699951,Hold,Hold,Hold,Hold,Hold,Hold,Hold,Hold,Hold,Hold,0.4094632461960335,0.946697475
23/5/2023,185.7700043,Hold,Hold,Hold,Hold,Hold,Hold,Hold,Hold,Hold,Hold,0.3625638454141666,0.9900953877777778
24/5/2023,182.8999939,Hold,Hold,Hold,Hold,Hold,Hold,Hold,Hold,Hold,Hold,0.1863898991069454,0.999627125
25/5/2023,184.4700012,Hold,Hold,Hold,Hold,Hold,Hold,Hold,Hold,Hold,Hold,0.4284724456748667,0.750267895
26/5/2023,193.1699982,Hold,Hold,Hold,Hold,Hold,Hold,Hold,Hold,Hold,Hold,0.69227137,0.7506146677777777
30/5/2023,201.1600037,Hold,Hold,Hold,Hold,Hold,Hold,Hold,Hold,Hold,Hold,0.4653791133881886,0.99738975
31/5/2023,203.9299927,Hold,Hold,Hold,Hold,Hold,Hold,Hold,Hold,Hold,Hold,0.2889250157602342,0.9966068
1/6/2023,207.5200043,Hold,Hold,Hold,Hold,Hold,Hold,Hold,Hold,Hold,Hold,0.6427851970800614,0.822442898
2/6/2023,213.9700012,Hold,Hold,Hold,Hold,Hold,Hold,Hold,Hold,Hold,Hold,0.2474844589366,0.929239972
5/6/2023,217.6100006,Hold,Hold,Hold,Hold,Hold,Hold,Hold,Hold,Hold,Hold,0.4378712523045689,0.9998438
6/6/2023,221.3099976,Hold,Hold,Hold,Hold,Hold,Hold,Hold,Hold,Hold,Hold,0.3829668328298461,0.3161453
7/6/2023,224.5700073,Hold,Hold,Hold,Hold,Hold,Hold,Hold,Hold,Hold,Hold,0.4358150688741333,0.8332392780333334
8/6/2023,234.8600006,Hold,Hold,Hold,Hold,Hold,Hold,Hold,Hold,Hold,Hold,0.841549531794545,0.82503294195
9/6/2023,244.3999939,Hold,Hold,Hold,Hold,Hold,Hold,Hold,Hold,Hold,Hold,0.376993962715476,0.6856022497607143
12/6/2023,249.8300018,Hold,Hold,Hold,Hold,Hold,Hold,Hold,Hold,Hold,Hold,0.2343666301803645,0.998861195
13/6/2023,258.7099915,Hold,Hold,Hold,Hold,Hold,Hold,Hold,Hold,Hold,Hold,0.4491243753691394,0.999121355
14/6/2023,256.7900085,Hold,Hold,Hold,Hold,Hold,Hold,Hold,Hold,Hold,Hold,0.2915595111745767,
15/6/2023,255.8999939,Hold,Hold,Hold,Hold,Hold,Hold,Hold,Hold,Hold,Hold,0.3897725060404939,0.6226201502500001
16/6/2023,260.5400085,Hold,Hold,Hold,Hold,Hold,Hold,Hold,Hold,Hold,Hold,0.537748288007,0.8726464942857143
20/6/2023,274.4500122,Hold,Hold,Hold,Hold,Hold,Hold,Hold,Hold,Hold,Hold,0.4242063942643077,0.6980859966666667
21/6/2023,259.4599915,Hold,Hold,Hold,Sell,Hold,Hold,Hold,Hold,Hold,Hold,0.467165094375,0.9645314268181818
22/6/2023,264.6099854,Hold,Hold,Hold,Sell,Hold,Hold,Hold,Hold,Hold,Hold,0.3177689833333333,0.8287038172727272
23/6/2023,256.6000061,Hold,Hold,Hold,Sell,Hold,Hold,Hold,Hold,Hold,Hold,0.71651121,0.8335574448333333
26/6/2023,241.0500031,Hold,Hold,Hold,Hold,Hold,Hold,Hold,Hold,Hold,Hold,0.21746958286438,0.9905382
27/6/2023,250.2100067,Hold,Hold,Hold,Hold,Hold,Hold,Hold,Sell,Hold,Hold,0.1253236498066733,0.7280044306470588
28/6/2023,256.2399902,Hold,Hold,Hold,Hold,Hold,Hold,Hold,Buy,Hold,Hold,0.3505592998164891,0.97222882
29/6/2023,257.5,Hold,Hold,Hold,Hold,Hold,Hold,Hold,Hold,Hold,Hold,0.5987171368367273,0.9990549466666666
30/6/2023,261.769989,Hold,Hold,Hold,Hold,Hold,Hold,Hold,Hold,Hold,Hold,0.5359713109174215,0.8473997183333334
3/7/2023,279.8200073,Hold,Hold,Hold,Hold,Hold,Hold,Hold,Hold,Hold,Hold,0.1658392644347208,0.6787586834429084
5/7/2023,282.480011,Hold,Hold,Hold,Hold,Hold,Hold,Hold,Hold,Hold,Hold,0.3528472545669892,0.6957220665333333
6/7/2023,276.5400085,Hold,Hold,Hold,Hold,Hold,Hold,Hold,Hold,Hold,Hold,0.6383995388888889,0.3332873840863333
7/7/2023,274.4299927,Hold,Hold,Hold,Hold,Hold,Hold,Hold,Hold,Hold,Hold,0.5008296070093733,
10/7/2023,269.6099854,Hold,Hold,Hold,Hold,Hold,Hold,Hold,Hold,Hold,Hold,0.4316121417231423,0.9991144
11/7/2023,269.7900085,Hold,Hold,Hold,Hold,Hold,Hold,Hold,Hold,Hold,Hold,0.2778392699999999,0.99947417
12/7/2023,271.9899902,Hold,Hold,Hold,Hold,Hold,Hold,Hold,Hold,Hold,Hold,0.6432114961544705,0.816104285
13/7/2023,277.8999939,Hold,Hold,Hold,Hold,Hold,Hold,Hold,Hold,Hold,Hold,0.7249652249999999,0.99996066
14/7/2023,281.3800049,Hold,Hold,Hold,Hold,Hold,Hold,Hold,Hold,Hold,Hold,-0.0844771658784766,0.9030002
17/7/2023,290.3800049,Hold,Hold,Hold,Hold,Hold,Hold,Hold,Hold,Hold,Hold,0.4944938586774736,0.7102022980727273
18/7/2023,293.3399963,Hold,Hold,Hold,Sell,Hold,Hold,Hold,Hold,Hold,Hold,0.4977153011683925,0.5183134488483314
19/7/2023,291.2600098,Hold,Hold,Hold,Sell,Hold,Hold,Hold,Hold,Hold,Hold,0.510654221283528,0.6875947605929886
20/7/2023,262.8999939,Hold,Hold,Hold,Hold,Hold,Hold,Hold,Hold,Hold,Hold,0.5247822309353614,0.7106594044165322
21/7/2023,260.019989,Sell,Sell,Hold,Hold,Hold,Hold,Sell,Sell,Sell,Hold,0.1078999207142857,0.63648944746875
24/7/2023,269.0599976,Hold,Hold,Hold,Hold,Hold,Hold,Hold,Hold,Hold,Hold,0.3315923228235294,0.99976923
25/7/2023,265.2799988,Hold,Hold,Hold,Hold,Hold,Hold,Hold,Hold,Hold,Hold,0.6554446709073922,0.59845374
26/7/2023,264.3500061,Sell,Hold,Sell,Hold,Hold,Hold,Hold,Hold,Sell,Hold,0.5230947858451729,0.6808632833333333
27/7/2023,255.7100067,Hold,Hold,Hold,Hold,Hold,Hold,Hold,Hold,Sell,Hold,0.3782126273076923,0.798372279275
28/7/2023,266.4400024,Hold,Hold,Hold,Hold,Hold,Hold,Hold,Hold,Hold,Hold,0.279915323943831,0.9881217
31/7/2023,267.4299927,Sell,Hold,Hold,Hold,Hold,Hold,Hold,Hold,Hold,Hold,0.8364868478571429,0.74154973427975
1/8/2023,261.0700073,Hold,Hold,Hold,Hold,Hold,Hold,Hold,Hold,Hold,Hold,0.360631542086732,0.496554796371
2/8/2023,254.1100006,Hold,Hold,Sell,Hold,Sell,Hold,Hold,Hold,Hold,Hold,0.310948332081322,0.7095534516666667
3/8/2023,259.3200073,Hold,Hold,Hold,Hold,Hold,Hold,Hold,Hold,Hold,Hold,0.4601423978487928,0.945078565
4/8/2023,253.8600006,Hold,Hold,Hold,Hold,Hold,Hold,Hold,Hold,Hold,Hold,0.8019534,0.9996050966666666
7/8/2023,251.4499969,Hold,Hold,Hold,Hold,Hold,Hold,Hold,Hold,Hold,Hold,0.3026604587368421,0.9995878333333332
8/8/2023,249.6999969,Hold,Hold,Hold,Hold,Hold,Hold,Hold,Hold,Hold,Hold,0.2285776332027833,0.02663892
9/8/2023,242.1900024,Hold,Hold,Hold,Hold,Hold,Hold,Hold,Hold,Hold,Hold,0.885141805,0.336554565
10/8/2023,245.3399963,Hold,Hold,Hold,Hold,Hold,Hold,Hold,Hold,Hold,Hold,0.0821175148133,
11/8/2023,242.6499939,Hold,Hold,Hold,Hold,Hold,Hold,Hold,Hold,Hold,Hold,0.2856831077179286,0.9981583483333334
14/8/2023,239.7599945,Hold,Hold,Hold,Hold,Hold,Hold,Hold,Hold,Hold,Hold,0.130251493,0.95607122
15/8/2023,232.9600067,Hold,Hold,Hold,Hold,Hold,Hold,Hold,Hold,Hold,Hold,0.3830974916300875,0.9994209366666666
16/8/2023,225.6000061,Hold,Hold,Hold,Hold,Hold,Hold,Hold,Hold,Hold,Hold,0.5147575232694417,0.5451817997965512
17/8/2023,219.2200012,Hold,Hold,Hold,Hold,Hold,Hold,Hold,Hold,Hold,Hold,0.3446855555734839,0.9966932283333332
18/8/2023,215.4900055,Hold,Hold,Hold,Hold,Hold,Hold,Hold,Hold,Hold,Hold,0.2498872563666666,0.8544879904142857
21/8/2023,231.2799988,Hold,Hold,Hold,Hold,Hold,Hold,Hold,Hold,Hold,Hold,0.383288794231662,0.497102948082
22/8/2023,233.1900024,Hold,Hold,Hold,Hold,Hold,Hold,Hold,Hold,Hold,Hold,0.49987804855222,0.348061715
23/8/2023,236.8600006,Hold,Hold,Hold,Hold,Hold,Hold,Hold,Hold,Hold,Hold,0.5443049362421726,0.6643573666666667
24/8/2023,230.0399933,Hold,Hold,Hold,Hold,Hold,Hold,Buy,Buy,Hold,Buy,0.3822925092971428,0.69998017125
25/8/2023,238.5899963,Hold,Hold,Hold,Hold,Hold,Hold,Hold,Hold,Hold,Hold,0.7217663918210385,0.4988362075
28/8/2023,238.8200073,Hold,Buy,Hold,Hold,Hold,Buy,Buy,Buy,Hold,Buy,0.4464327274747048,0.999679026
29/8/2023,257.1799927,Hold,Hold,Hold,Hold,Hold,Hold,Hold,Hold,Hold,Hold,0.1014638714082479,0.999413544
30/8/2023,256.8999939,Buy,Hold,Buy,Hold,Buy,Hold,Hold,Hold,Buy,Hold,0.4131478014853846,0.9936163466666666
31/8/2023,258.0799866,Hold,Hold,Hold,Hold,Hold,Hold,Hold,Hold,Hold,Hold,0.4292617145454546,0.96533674
1/9/2023,245.0099945,Hold,Hold,Hold,Hold,Hold,Hold,Hold,Hold,Hold,Hold,-0.0107669926172129,0.8424824810526316
5/9/2023,256.4899902,Hold,Hold,Hold,Hold,Hold,Hold,Hold,Hold,Hold,Hold,0.74419590775764,0.7206776604927108
6/9/2023,251.9199982,Hold,Hold,Hold,Hold,Hold,Hold,Hold,Hold,Hold,Hold,0.690257326408838,0.612942221425
7/9/2023,251.4900055,Hold,Hold,Hold,Hold,Hold,Hold,Hold,Hold,Hold,Hold,0.5394793704266224,0.9032359084
8/9/2023,248.5,Hold,Hold,Hold,Hold,Hold,Hold,Hold,Hold,Hold,Hold,0.4412104145902114,-0.0020593823999999
11/9/2023,273.5799866,Hold,Hold,Hold,Hold,Hold,Hold,Hold,Hold,Hold,Hold,0.4302528864756746,0.8824241736111111
12/9/2023,267.480011,Hold,Hold,Hold,Hold,Hold,Hold,Hold,Hold,Hold,Hold,0.96119206,0.8625408868421053
13/9/2023,271.2999878,Hold,Hold,Hold,Hold,Hold,Hold,Hold,Hold,Hold,Hold,0.6629883376528571,0.7463792497499999
14/9/2023,276.0400085,Hold,Hold,Hold,Hold,Hold,Hold,Hold,Hold,Hold,Hold,0.4451427230866667,0.7763570544444445
15/9/2023,274.3900146,Hold,Hold,Hold,Hold,Hold,Hold,Hold,Hold,Hold,Hold,0.1863444597947272,0.9960293125
18/9/2023,265.2799988,Hold,Hold,Hold,Hold,Hold,Hold,Hold,Hold,Hold,Hold,0.3024721474692857,0.8357567726819657
19/9/2023,266.5,Hold,Hold,Hold,Hold,Hold,Hold,Hold,Hold,Hold,Hold,0.7845305550833334,0.99801177
20/9/2023,262.5899963,Hold,Hold,Hold,Hold,Hold,Hold,Hold,Hold,Hold,Hold,0.8316552377777778,0.4951409224999999
21/9/2023,255.6999969,Hold,Sell,Hold,Hold,Hold,Sell,Sell,Sell,Hold,Sell,0.4560027370932727,0.6975034016666667
22/9/2023,244.8800049,Sell,Hold,Sell,Hold,Sell,Hold,Hold,Hold,Sell,Hold,0.53671470862,0.997066602
25/9/2023,246.9900055,Hold,Hold,Hold,Hold,Hold,Hold,Hold,Hold,Hold,Hold,0.5063680031397273,0.9973436666666666
26/9/2023,244.1199951,Hold,Hold,Hold,Hold,Hold,Hold,Hold,Hold,Hold,Hold,0.1039060419356775,0.99995744
27/9/2023,240.5,Hold,Hold,Hold,Hold,Hold,Hold,Hold,Hold,Hold,Hold,0.4171685193727273,0.8558700480000001
28/9/2023,246.3800049,Hold,Hold,Hold,Hold,Hold,Hold,Hold,Hold,Hold,Hold,-0.2729065792857142,0.4998925025
29/9/2023,250.2200012,Hold,Hold,Hold,Hold,Hold,Hold,Hold,Hold,Hold,Hold,-0.0633524856249999,0.99583614
2/10/2023,251.6000061,Hold,Hold,Hold,Hold,Hold,Hold,Hold,Hold,Hold,Hold,0.0922810536363636,0.696313395
3/10/2023,246.5299988,Hold,Hold,Hold,Hold,Buy,Hold,Hold,Hold,Hold,Buy,0.1829446940909091,
4/10/2023,261.1600037,Hold,Hold,Hold,Hold,Hold,Hold,Hold,Hold,Hold,Hold,0.4887837591465604,0.99931195
5/10/2023,260.0499878,Buy,Buy,Buy,Hold,Buy,Buy,Buy,Buy,Buy,Buy,0.8507321742857143,0.4850067325
6/10/2023,260.5299988,Hold,Hold,Hold,Hold,Hold,Hold,Hold,Hold,Hold,Hold,-0.1482755298162307,0.0021813312666666
9/10/2023,259.6700134,Hold,Hold,Hold,Hold,Hold,Hold,Hold,Hold,Hold,Hold,0.6261815722222221,0.91149677
10/10/2023,263.6199951,Hold,Hold,Hold,Hold,Hold,Hold,Hold,Hold,Hold,Hold,0.5676001555343495,0.5430683605000001
11/10/2023,262.9899902,Hold,Hold,Hold,Hold,Hold,Hold,Hold,Hold,Hold,Hold,0.208510073874,0.9857560275
12/10/2023,258.8699951,Hold,Hold,Hold,Hold,Hold,Hold,Hold,Hold,Hold,Hold,0.64323964,0.7021592053333333
13/10/2023,251.1199951,Hold,Hold,Hold,Hold,Hold,Hold,Hold,Hold,Hold,Hold,0.599652228263875,0.981653582
16/10/2023,253.9199982,Hold,Hold,Sell,Hold,Sell,Sell,Sell,Sell,Sell,Sell,0.1412107052416666,0.8792080142857143
17/10/2023,254.8500061,Hold,Hold,Hold,Hold,Hold,Hold,Hold,Hold,Hold,Hold,0.7037081611923399,0.4992906425
18/10/2023,242.6799927,Hold,Hold,Hold,Hold,Hold,Hold,Hold,Hold,Hold,Hold,-0.2970968640370368,0.2554439391666667
19/10/2023,220.1100006,Hold,Hold,Hold,Hold,Hold,Hold,Hold,Hold,Hold,Hold,-0.6564140833341452,0.644948
20/10/2023,211.9900055,Hold,Hold,Hold,Hold,Hold,Hold,Hold,Hold,Hold,Hold,0.4742958607692307,0.89332442125
23/10/2023,212.0800018,Hold,Hold,Hold,Hold,Hold,Hold,Hold,Hold,Hold,Hold,0.3628630489461538,0.813055675
24/10/2023,216.5200043,Hold,Hold,Hold,Hold,Hold,Hold,Hold,Hold,Hold,Hold,0.2035036546666666,0.7440958280704001
25/10/2023,212.4199982,Hold,Hold,Hold,Hold,Hold,Hold,Hold,Hold,Hold,Hold,0.5908731766666667,0.74823289685
26/10/2023,205.7599945,Hold,Hold,Hold,Hold,Hold,Hold,Hold,Hold,Hold,Hold,0.6900653392404545,0.6661394906133333
27/10/2023,207.3000031,Hold,Hold,Hold,Hold,Hold,Hold,Hold,Hold,Hold,Hold,0.1336241900254026,0.6749517942857143
30/10/2023,197.3600006,Hold,Hold,Hold,Hold,Hold,Hold,Hold,Hold,Hold,Hold,-0.1131448730877182,0.07819173
31/10/2023,200.8399963,Hold,Hold,Hold,Buy,Hold,Hold,Hold,Hold,Hold,Hold,0.0860683033333333,0.8343525682499999
1/11/2023,205.6600037,Hold,Hold,Hold,Buy,Hold,Hold,Hold,Hold,Hold,Hold,0.052075548676923,0.29181072
2/11/2023,218.5099945,Hold,Hold,Hold,Hold,Hold,Hold,Hold,Hold,Hold,Hold,0.7361998444500001,0.002238204
3/11/2023,219.9600067,Hold,Hold,Hold,Hold,Hold,Hold,Buy,Buy,Hold,Hold,0.6413024122777777,0.9961182125
6/11/2023,219.2700043,Hold,Hold,Hold,Hold,Hold,Hold,Hold,Hold,Hold,Hold,0.3926764789862769,0.99371827
7/11/2023,222.1799927,Hold,Hold,Hold,Hold,Hold,Hold,Hold,Hold,Hold,Hold,0.5373554366375,0.6631341563621866
8/11/2023,222.1100006,Hold,Hold,Hold,Hold,Hold,Hold,Hold,Hold,Hold,Hold,0.3189971365644232,0.9999655
9/11/2023,209.9799957,Hold,Hold,Hold,Hold,Hold,Hold,Hold,Buy,Buy,Hold,0.3830112561582139,0.9995265
10/11/2023,214.6499939,Hold,Hold,Hold,Hold,Hold,Hold,Hold,Hold,Hold,Hold,0.092649385382,0.86540812
13/11/2023,223.7100067,Hold,Hold,Hold,Hold,Hold,Hold,Hold,Hold,Hold,Hold,0.4541490399999999,0.99997972
14/11/2023,237.4100037,Buy,Buy,Buy,Hold,Buy,Buy,Buy,Hold,Hold,Buy,0.5861846988,0.975734973125
15/11/2023,242.8399963,Hold,Hold,Hold,Hold,Hold,Hold,Hold,Hold,Hold,Hold,0.7705299299999999,0.9982768
16/11/2023,233.5899963,Hold,Hold,Hold,Hold,Hold,Hold,Hold,Hold,Hold,Hold,0.7471096406352976,
17/11/2023,234.3000031,Hold,Hold,Hold,Hold,Hold,Hold,Hold,Hold,Hold,Hold,-0.0637565842857142,0.888602
20/11/2023,235.6000061,Hold,Hold,Hold,Hold,Hold,Hold,Hold,Hold,Hold,Hold,0.88305823003737,0.9999938
21/11/2023,241.1999969,Hold,Hold,Hold,Hold,Hold,Hold,Hold,Hold,Hold,Hold,0.6392220832176,0.99937933
22/11/2023,234.2100067,Hold,Hold,Hold,Hold,Hold,Hold,Hold,Hold,Hold,Hold,0.441591746,0.52514553
24/11/2023,235.4499969,Hold,Hold,Hold,Hold,Hold,Hold,Hold,Hold,Hold,Hold,0.27171246375,0.5046934475
27/11/2023,236.0800018,Hold,Hold,Hold,Hold,Hold,Hold,Hold,Hold,Hold,Hold,0.1809434182461538,0.9988761
28/11/2023,246.7200012,Hold,Hold,Hold,Hold,Hold,Hold,Hold,Hold,Hold,Hold,0.6025843516666667,0.929316775
29/11/2023,244.1399994,Hold,Hold,Hold,Hold,Hold,Hold,Hold,Hold,Hold,Hold,0.6360950683333334,0.9955692516666668
30/11/2023,240.0800018,Hold,Hold,Hold,Hold,Hold,Hold,Hold,Hold,Hold,Hold,0.4791246625195384,0.995776165
1/12/2023,238.8300018,Hold,Hold,Hold,Hold,Hold,Hold,Hold,Hold,Hold,Hold,0.0857632657142857,0.9967871975
4/12/2023,235.5800018,Hold,Hold,Hold,Hold,Hold,Hold,Hold,Hold,Hold,Hold,0.634170821093387,0.9910495
5/12/2023,238.7200012,Hold,Hold,Hold,Hold,Hold,Hold,Hold,Sell,Hold,Hold,0.4508339781131499,0.9993074075
6/12/2023,239.3699951,Hold,Hold,Hold,Hold,Hold,Hold,Hold,Buy,Hold,Hold,0.7041009262238083,-0.1523029433333333
7/12/2023,242.6399994,Hold,Hold,Hold,Hold,Hold,Hold,Hold,Hold,Hold,Hold,0.6427066842374,0.9961944666666668
8/12/2023,243.8399963,Hold,Hold,Hold,Hold,Hold,Hold,Hold,Hold,Hold,Hold,0.1771253333333333,0.59877123
11/12/2023,239.7400055,Hold,Hold,Hold,Hold,Hold,Hold,Hold,Hold,Hold,Hold,0.6210911722324,0.71840289875
12/12/2023,237.0099945,Hold,Hold,Hold,Hold,Hold,Hold,Hold,Sell,Hold,Hold,0.6495900754545455,0.28495026
13/12/2023,239.2899933,Hold,Hold,Hold,Hold,Hold,Hold,Hold,Hold,Hold,Hold,0.3430085703392307,0.9999243666666668
14/12/2023,251.0500031,Hold,Hold,Hold,Hold,Hold,Hold,Hold,Buy,Hold,Hold,-0.23414744913905,0.49757867612
15/12/2023,253.5,Hold,Hold,Hold,Hold,Hold,Hold,Hold,Hold,Hold,Hold,0.8191848996691057,0.8101831580000001
18/12/2023,252.0800018,Hold,Hold,Hold,Hold,Hold,Hold,Hold,Hold,Hold,Hold,0.845437653365705,0.99857677
19/12/2023,257.2200012,Hold,Hold,Hold,Hold,Hold,Hold,Hold,Hold,Hold,Hold,0.4670541092750623,0.6108583860047
20/12/2023,247.1399994,Hold,Hold,Hold,Hold,Hold,Hold,Hold,Hold,Hold,Hold,0.7093200301052631,0.999928
21/12/2023,254.5,Hold,Hold,Hold,Hold,Hold,Hold,Hold,Hold,Hold,Hold,0.2121866044695077,0.999957775
22/12/2023,252.5399933,Hold,Hold,Hold,Hold,Hold,Hold,Hold,Hold,Hold,Hold,0.5862147380991798,0.9468105166666666
26/12/2023,256.6099854,Hold,Hold,Hold,Hold,Hold,Hold,Hold,Hold,Hold,Hold,0.7873659845454545,0.86867225
27/12/2023,261.4400024,Hold,Hold,Hold,Hold,Hold,Hold,Hold,Hold,Hold,Hold,0.3941181792857143,0.9898852
28/12/2023,253.1799927,Hold,Hold,Hold,Hold,Hold,Hold,Hold,Hold,Hold,Hold,0.5412393909422556,0.8687939590999999
29/12/2023,248.4799957,Hold,Hold,Hold,Hold,Hold,Hold,Hold,Hold,Hold,Hold,0.4871494982256615,0.7972807827142858
2/1/2024,248.4199982,Hold,Sell,Hold,Hold,Hold,Sell,Sell,Sell,Hold,Sell,0.1078266097849062,0.9978766
3/1/2024,238.4499969,Hold,Hold,Hold,Hold,Hold,Hold,Hold,Hold,Sell,Hold,0.5559210787541894,0.8327204058495
4/1/2024,237.9299927,Sell,Hold,Sell,Hold,Sell,Hold,Hold,Hold,Hold,Hold,0.3507516723333333,0.0061295
5/1/2024,237.4900055,Hold,Hold,Hold,Hold,Hold,Hold,Hold,Hold,Hold,Hold,0.2131112542416666,0.866773775
8/1/2024,240.4499969,Hold,Hold,Hold,Hold,Hold,Hold,Hold,Hold,Hold,Hold,0.7547927166666667,0.9984302
9/1/2024,234.9600067,Hold,Hold,Hold,Hold,Hold,Hold,Hold,Hold,Hold,Hold,0.6677635966580412,0.7492902515925
10/1/2024,233.9400024,Hold,Hold,Hold,Hold,Hold,Hold,Hold,Hold,Hold,Hold,0.6719690512490899,0.99984277
11/1/2024,227.2200012,Hold,Hold,Hold,Hold,Hold,Hold,Hold,Hold,Hold,Hold,-0.1677541945610469,0.4986138233125
12/1/2024,218.8899994,Hold,Hold,Hold,Hold,Hold,Hold,Hold,Hold,Hold,Hold,-0.1159712983987857,0.7109970748131
16/1/2024,219.9100037,Hold,Hold,Hold,Hold,Hold,Hold,Hold,Hold,Hold,Hold,0.8335431421739131,0.7735675843076923
17/1/2024,215.5500031,Hold,Hold,Hold,Hold,Hold,Hold,Hold,Hold,Hold,Hold,-0.0515630074447368,0.855994316
18/1/2024,211.8800049,Hold,Hold,Hold,Hold,Hold,Hold,Hold,Hold,Hold,Hold,-0.2026471602647396,0.4104952066666666
19/1/2024,212.1900024,Hold,Hold,Hold,Hold,Hold,Hold,Hold,Hold,Hold,Hold,0.3972834152633443,0.99988073
22/1/2024,208.8000031,Hold,Hold,Hold,Hold,Hold,Hold,Hold,Hold,Hold,Hold,0.4279035128089878,0.6244104085462501
23/1/2024,209.1399994,Hold,Hold,Hold,Hold,Hold,Hold,Hold,Hold,Hold,Hold,0.8702330832999999,0.5773141693911111
24/1/2024,207.8300018,Hold,Hold,Hold,Hold,Hold,Hold,Hold,Hold,Hold,Hold,0.2662430616162529,0.5154631872299231
25/1/2024,182.6300049,Hold,Hold,Hold,Hold,Hold,Hold,Hold,Hold,Hold,Hold,0.0078297822597195,0.7664426875665609
26/1/2024,183.25,Hold,Hold,Hold,Hold,Hold,Hold,Hold,Hold,Hold,Hold,-0.0067659421134239,0.8608258891134
29/1/2024,190.9299927,Hold,Hold,Hold,Hold,Hold,Hold,Hold,Hold,Hold,Hold,0.7760532324534221,0.6679498016666666
30/1/2024,191.5899963,Hold,Hold,Hold,Hold,Hold,Hold,Hold,Hold,Hold,Hold,0.2611167213423466,0.8148688050544093
31/1/2024,187.2899933,Hold,Hold,Hold,Hold,Hold,Hold,Hold,Hold,Hold,Hold,0.3940987106139714,0.6950174914477143
1/2/2024,188.8600006,Hold,Hold,Hold,Buy,Hold,Hold,Hold,Hold,Hold,Hold,0.2554399984837481,0.20464552
2/2/2024,187.9100037,Hold,Hold,Hold,Buy,Hold,Hold,Hold,Hold,Hold,Hold,0.1889557246666666,0.833920695
5/2/2024,181.0599976,Hold,Hold,Hold,Buy,Hold,Hold,Hold,Hold,Hold,Hold,0.5424822292795041,0.8267933482489473
6/2/2024,185.1000061,Hold,Hold,Hold,Buy,Hold,Hold,Hold,Hold,Hold,Hold,0.0404365749255297,0.5465025760377777
7/2/2024,187.5800018,Hold,Hold,Hold,Buy,Hold,Hold,Hold,Hold,Hold,Hold,0.4270641723333333,0.8564879753336
8/2/2024,189.5599976,Hold,Hold,Hold,Hold,Hold,Hold,Hold,Hold,Hold,Hold,0.2571021150030066,0.751556991675
9/2/2024,193.5700073,Hold,Hold,Hold,Hold,Hold,Hold,Hold,Hold,Hold,Hold,-0.3865916814285714,0.93086368
12/2/2024,188.1300049,Hold,Buy,Hold,Hold,Hold,Hold,Buy,Buy,Buy,Hold,0.4133169381328226,0.985355465
13/2/2024,184.0200043,Hold,Hold,Hold,Hold,Hold,Hold,Sell,Sell,Sell,Hold,0.0906751834620432,0.5848792606666667
14/2/2024,188.7100067,Hold,Hold,Hold,Hold,Hold,Hold,Hold,Hold,Hold,Hold,0.3962829718181818,0.9956598366666668
15/2/2024,200.4499969,Hold,Hold,Hold,Hold,Hold,Hold,Hold,Hold,Hold,Hold,0.8181401285384615,0.91023634
16/2/2024,199.9499969,Buy,Buy,Hold,Hold,Hold,Hold,Buy,Buy,Buy,Hold,0.5682055374444445,0.7069172292
20/2/2024,193.7599945,Hold,Hold,Hold,Hold,Hold,Hold,Hold,Hold,Hold,Hold,0.336885675,0.99994123
21/2/2024,194.7700043,Hold,Hold,Hold,Hold,Hold,Hold,Sell,Hold,Hold,Hold,0.1302797163636363,0.250299281838
22/2/2024,197.4100037,Buy,Buy,Hold,Hold,Hold,Hold,Hold,Hold,Hold,Hold,0.826032781312492,0.5665299550217
23/2/2024,191.9700012,Hold,Hold,Hold,Hold,Hold,Hold,Buy,Hold,Hold,Hold,0.6867338771428572,0.9931474333333332
26/2/2024,199.3999939,Hold,Hold,Hold,Hold,Hold,Hold,Sell,Sell,Sell,Hold,0.7476416245765876,0.932265932
27/2/2024,199.7299957,Hold,Hold,Hold,Hold,Hold,Hold,Buy,Hold,Hold,Hold,0.2845680783,0.9973302
28/2/2024,202.0399933,Hold,Hold,Hold,Hold,Hold,Hold,Hold,Hold,Hold,Hold,0.993064535,0.99871442
29/2/2024,201.8800049,Hold,Hold,Hold,Hold,Hold,Hold,Hold,Hold,Hold,Hold,0.4482650893333333,0.9979725
1/3/2024,202.6399994,Hold,Hold,Hold,Hold,Hold,Hold,Hold,Hold,Hold,Hold,0.6956212124600001,0.9566929816666666
4/3/2024,188.1399994,Hold,Hold,Hold,Hold,Hold,Hold,Hold,Hold,Hold,Hold,-0.0252420184165454,0.99290432
5/3/2024,180.7400055,Sell,Sell,Hold,Hold,Hold,Hold,Sell,Sell,Sell,Hold,0.0769816076190476,0.89583885545
6/3/2024,176.5399933,Hold,Hold,Hold,Hold,Hold,Hold,Hold,Hold,Hold,Hold,0.5325122653056666,0.5834077666666667
7/3/2024,178.6499939,Hold,Hold,Hold,Hold,Hold,Hold,Hold,Hold,Hold,Hold,0.221853508072842,0.836831018
8/3/2024,175.3399963,Hold,Hold,Hold,Hold,Hold,Hold,Hold,Hold,Hold,Hold,0.3401952771766404,0.8845948683333332
11/3/2024,177.7700043,Hold,Hold,Hold,Hold,Hold,Hold,Hold,Hold,Hold,Hold,0.0202160338333916,0.99736965
12/3/2024,177.5399933,Hold,Hold,Hold,Hold,Hold,Hold,Hold,Hold,Hold,Hold,-0.0075292636363636,0.96246685
13/3/2024,169.4799957,Hold,Hold,Hold,Hold,Hold,Hold,Hold,Hold,Hold,Hold,0.6108216176923077,0.9984992
14/3/2024,162.5,Hold,Hold,Hold,Hold,Hold,Hold,Hold,Hold,Hold,Hold,-0.1708810365512142,0.1244392811111111
15/3/2024,163.5700073,Hold,Hold,Hold,Hold,Hold,Hold,Hold,Hold,Hold,Hold,0.602683381235853,0.9755336107142856
18/3/2024,173.8000031,Hold,Hold,Hold,Buy,Hold,Hold,Hold,Hold,Hold,Hold,0.5018371491366177,0.9996633672727272
19/3/2024,171.3200073,Hold,Hold,Hold,Buy,Hold,Hold,Hold,Hold,Hold,Hold,0.493097558326875,0.908491725
20/3/2024,175.6600037,Hold,Hold,Hold,Hold,Hold,Hold,Hold,Hold,Hold,Hold,0.2471262603205386,0.99939255
21/3/2024,172.8200073,Hold,Hold,Hold,Buy,Hold,Hold,Buy,Buy,Hold,Hold,0.6486498676923076,0.978932365
22/3/2024,170.8300018,Hold,Hold,Hold,Hold,Hold,Hold,Sell,Hold,Hold,Hold,0.3806484599999999,0.5425505557142857
25/3/2024,172.6300049,Hold,Hold,Hold,Hold,Hold,Hold,Hold,Hold,Hold,Hold,0.3645216586666666,0.8273963661216667
26/3/2024,177.6699982,Hold,Hold,Hold,Hold,Hold,Hold,Hold,Hold,Hold,Hold,0.45015724037989,0.9774287242857144
27/3/2024,179.8300018,Hold,Buy,Hold,Hold,Hold,Hold,Buy,Buy,Buy,Hold,0.181618012687902,-0.1794199133333333
28/3/2024,175.7899933,Buy,Hold,Hold,Hold,Hold,Hold,Buy,Hold,Buy,Hold,0.6652601499999999,0.814177480676419
1/4/2024,175.2200012,Hold,Hold,Hold,Hold,Hold,Hold,Sell,Hold,Sell,Hold,0.5784996970563697,0.9866121036363636
2/4/2024,166.6300049,Hold,Hold,Hold,Hold,Hold,Hold,Sell,Sell,Hold,Hold,-0.5379484331551724,0.6955868119999999
3/4/2024,168.3800049,Hold,Hold,Hold,Hold,Hold,Hold,Hold,Hold,Hold,Hold,0.0652137752685877,0.8500061821285714
4/4/2024,171.1100006,Buy,Buy,Hold,Hold,Hold,Hold,Hold,Sell,Sell,Hold,0.7083419604947144,0.4056180662499999
5/4/2024,164.8999939,Hold,Hold,Hold,Hold,Hold,Hold,Hold,Buy,Buy,Hold,0.5152166399882907,0.2775999870214286
8/4/2024,172.9799957,Hold,Hold,Hold,Hold,Hold,Hold,Hold,Sell,Sell,Hold,0.5997433635256522,0.93340556
9/4/2024,176.8800049,Hold,Hold,Hold,Hold,Hold,Hold,Buy,Hold,Hold,Hold,0.4780291987540908,0.6617642136363636
10/4/2024,171.7599945,Hold,Hold,Hold,Hold,Hold,Hold,Buy,Hold,Hold,Hold,0.5886877638947369,0.9617832925
11/4/2024,174.6000061,Sell,Sell,Hold,Hold,Hold,Hold,Sell,Hold,Hold,Hold,0.5271508826323333,0.9908390344444444
12/4/2024,171.0500031,Hold,Hold,Hold,Hold,Hold,Hold,Buy,Hold,Hold,Hold,0.1971148313794337,0.8988235553100001
15/4/2024,161.4799957,Sell,Sell,Hold,Hold,Hold,Hold,Sell,Hold,Hold,Hold,0.3655778999816139,0.6982806278823529
16/4/2024,157.1100006,Hold,Hold,Hold,Hold,Hold,Hold,Hold,Hold,Hold,Hold,-0.0618050886780404,0.963880615882353
17/4/2024,155.4499969,Hold,Hold,Hold,Hold,Hold,Hold,Hold,Hold,Hold,Hold,0.7590330756467962,0.712728389385
18/4/2024,149.9299927,Hold,Hold,Hold,Hold,Hold,Hold,Hold,Hold,Hold,Hold,0.3200958674203141,0.6973476694
19/4/2024,147.0500031,Hold,Hold,Hold,Hold,Hold,Hold,Hold,Hold,Hold,Hold,0.2093853431606643,0.4990750782352941
22/4/2024,142.0500031,Hold,Hold,Hold,Hold,Hold,Hold,Hold,Hold,Hold,Hold,-0.0243649821860465,0.789497443095409
23/4/2024,144.6799927,Hold,Hold,Hold,Hold,Hold,Hold,Hold,Hold,Hold,Hold,0.1691268636193953,0.619420135483871
24/4/2024,162.1300049,Hold,Hold,Hold,Hold,Hold,Hold,Hold,Hold,Hold,Hold,0.1742070925848192,0.6346784400341408
25/4/2024,170.1799927,Hold,Hold,Buy,Hold,Buy,Buy,Buy,Buy,Buy,Buy,0.0532620919435294,0.5018882912092858
26/4/2024,168.2899933,Hold,Hold,Hold,Hold,Hold,Hold,Hold,Hold,Hold,Hold,0.4830653641515714,0.6032851151605891
29/4/2024,194.0500031,Hold,Hold,Hold,Hold,Hold,Hold,Hold,Hold,Hold,Hold,0.5574186794111254,0.7639642185714285
30/4/2024,183.2799988,Hold,Hold,Hold,Hold,Hold,Hold,Hold,Hold,Hold,Hold,0.3078322998250523,0.8624185780534847
1/5/2024,179.9900055,Hold,Hold,Hold,Hold,Hold,Hold,Hold,Hold,Hold,Hold,0.5346375475299999,0.6388178229755556
2/5/2024,180.0099945,Hold,Hold,Hold,Hold,Hold,Hold,Hold,Hold,Hold,Hold,0.70517216541131,0.3561449569736667
3/5/2024,181.1900024,Hold,Hold,Hold,Hold,Hold,Hold,Hold,Hold,Hold,Hold,0.6297536601409116,0.8974665490909092
6/5/2024,184.7599945,Hold,Hold,Hold,Hold,Hold,Hold,Hold,Hold,Hold,Hold,0.7408208908774738,0.9335341016666666
7/5/2024,177.8099976,Buy,Buy,Hold,Hold,Hold,Hold,Hold,Hold,Hold,Hold,0.7814055144444444,0.9730230271428572
8/5/2024,174.7200012,Hold,Hold,Hold,Hold,Hold,Hold,Hold,Hold,Hold,Hold,0.4884471738571428,0.4712500513692307
9/5/2024,171.9700012,Hold,Hold,Hold,Hold,Sell,Hold,Sell,Sell,Hold,Sell,0.1774784382125,0.666459515
10/5/2024,168.4700012,Hold,Hold,Hold,Hold,Sell,Hold,Sell,Hold,Sell,Hold,0.5180741132142858,0.99674592
13/5/2024,171.8899994,Hold,Hold,Hold,Hold,Hold,Hold,Hold,Sell,Hold,Hold,0.6785807756042858,0.9981435
14/5/2024,177.5500031,Hold,Hold,Hold,Hold,Hold,Hold,Hold,Hold,Hold,Hold,0.46909061592012,0.99998534
15/5/2024,173.9900055,Hold,Hold,Hold,Hold,Buy,Hold,Buy,Buy,Buy,Buy,-0.0234019747943344,0.9969606333333332
16/5/2024,174.8399963,Hold,Sell,Hold,Hold,Sell,Hold,Sell,Hold,Hold,Sell,0.7801792288602291,0.8567268162142857
17/5/2024,177.4600067,Hold,Hold,Hold,Hold,Hold,Hold,Buy,Buy,Hold,Buy,0.5287715101,0.99772397
20/5/2024,174.9499969,Hold,Hold,Hold,Hold,Buy,Hold,Hold,Hold,Hold,Buy,0.1563097856921428,0.92876842
21/5/2024,186.6000061,Hold,Hold,Hold,Hold,Sell,Hold,Hold,Hold,Hold,Sell,0.4923069247629554,0.9723572
22/5/2024,180.1100006,Sell,Sell,Hold,Hold,Buy,Hold,Hold,Hold,Hold,Buy,0.2883854820720722,0.7356235951115385
23/5/2024,173.7400055,Hold,Hold,Hold,Hold,Hold,Hold,Hold,Buy,Buy,Hold,0.505645070897891,0.9999193
24/5/2024,179.2400055,Hold,Hold,Hold,Hold,Sell,Hold,Sell,Sell,Sell,Sell,0.1448786017823571,0.3440834466666667
28/5/2024,176.75,Buy,Buy,Hold,Hold,Buy,Hold,Buy,Hold,Hold,Buy,0.7737259892857143,0.9977515425
29/5/2024,176.1900024,Hold,Hold,Hold,Hold,Hold,Hold,Sell,Sell,Hold,Sell,0.7219824682335909,0.73911484
30/5/2024,178.7899933,Hold,Hold,Hold,Hold,Sell,Hold,Hold,Hold,Hold,Sell,0.57112135538725,0.000579933039
31/5/2024,178.0800018,Buy,Buy,Hold,Hold,Buy,Hold,Buy,Buy,Hold,Buy,0.6709360302949526,0.9499525
3/6/2024,176.2899933,Hold,Hold,Hold,Hold,Hold,Hold,Hold,Hold,Hold,Hold,0.3247957898862654,0.6677304513333334
4/6/2024,174.7700043,Hold,Sell,Hold,Hold,Sell,Sell,Sell,Sell,Sell,Sell,0.6140229891666666,0.9899171075
5/6/2024,175.0,Sell,Hold,Sell,Hold,Sell,Hold,Sell,Hold,Sell,Hold,0.3901045313671736,0.859459852
6/6/2024,177.9400024,Hold,Hold,Hold,Hold,Hold,Hold,Hold,Hold,Hold,Hold,0.7261782873333333,0.8325382254265117
7/6/2024,177.4799957,Hold,Hold,Buy,Hold,Buy,Buy,Buy,Buy,Buy,Buy,0.9035039083333332,0.5911514572
10/6/2024,173.7899933,Hold,Hold,Hold,Hold,Hold,Hold,Hold,Hold,Hold,Hold,0.7376325461686253,0.815183832
11/6/2024,170.6600037,Sell,Sell,Sell,Buy,Sell,Sell,Sell,Hold,Hold,Sell,0.5225047039285714,0.6617424866666667
12/6/2024,177.2899933,Hold,Hold,Hold,Hold,Hold,Hold,Hold,Hold,Hold,Hold,0.4944673491691064,0.99951315
13/6/2024,182.4700012,Buy,Buy,Buy,Hold,Buy,Buy,Buy,Buy,Buy,Buy,0.6889938118386504,0.912486838
14/6/2024,178.0099945,Hold,Hold,Hold,Hold,Hold,Hold,Hold,Hold,Hold,Hold,0.6566789283315111,0.4135849924489231
17/6/2024,187.4400024,Hold,Hold,Hold,Hold,Hold,Hold,Hold,Hold,Hold,Hold,0.4778034322727272,0.58176183360662
18/6/2024,184.8600006,Hold,Hold,Hold,Hold,Hold,Hold,Hold,Hold,Hold,Hold,0.4711250387944444,0.603674204
20/6/2024,181.5700073,Hold,Hold,Hold,Hold,Hold,Hold,Hold,Hold,Hold,Hold,0.1643462919716666,0.7776612807180197
21/6/2024,183.0099945,Hold,Hold,Hold,Hold,Hold,Hold,Hold,Hold,Hold,Hold,0.4255138603925,0.996934
24/6/2024,182.5800018,Hold,Hold,Hold,Hold,Hold,Hold,Hold,Hold,Hold,Hold,0.4353761663477777,0.6646869516666666
25/6/2024,187.3500061,Hold,Hold,Hold,Hold,Hold,Hold,Hold,Hold,Hold,Hold,0.427347116923077,0.7768378722857143
26/6/2024,196.3699951,Hold,Hold,Hold,Hold,Hold,Hold,Hold,Hold,Hold,Hold,0.4404389922222222,0.99991008
27/6/2024,197.4199982,Hold,Hold,Hold,Hold,Hold,Hold,Hold,Hold,Hold,Hold,0.4565278539166666,0.4730131042857142
28/6/2024,197.8800049,Hold,Hold,Hold,Hold,Hold,Hold,Hold,Hold,Hold,Hold,0.6843231533333333,0.8186722119416667
1/7/2024,209.8600006,Hold,Hold,Hold,Hold,Hold,Hold,Hold,Hold,Hold,Hold,0.2175571850973792,0.6198847790773806
2/7/2024,231.2599945,Hold,Hold,Hold,Hold,Hold,Hold,Hold,Hold,Hold,Hold,0.0442517671652088,0.6112117879564154
3/7/2024,246.3899994,Hold,Hold,Hold,Hold,Hold,Hold,Hold,Hold,Hold,Hold,0.3659673921215864,0.8326808718724492
5/7/2024,251.5200043,Hold,Hold,Hold,Hold,Hold,Hold,Hold,Hold,Hold,Hold,0.5844702689668082,0.802588765601173
8/7/2024,252.9400024,Hold,Hold,Hold,Hold,Hold,Hold,Hold,Hold,Hold,Hold,0.4388928934890266,0.8651823275
9/7/2024,262.3299866,Hold,Hold,Hold,Hold,Hold,Hold,Hold,Hold,Hold,Hold,0.3139518840526316,0.8474784505714286
10/7/2024,263.2600098,Hold,Hold,Hold,Hold,Hold,Hold,Hold,Hold,Hold,Hold,0.5960136925969421,0.7533618054881818
11/7/2024,241.0299988,Hold,Hold,Hold,Sell,Hold,Hold,Hold,Hold,Hold,Hold,-0.118479329448869,0.7778142708772727
12/7/2024,248.2299957,Hold,Hold,Hold,Sell,Hold,Hold,Hold,Hold,Hold,Hold,-0.2771297972121794,0.947333565263158
15/7/2024,252.6399994,Hold,Hold,Hold,Sell,Hold,Hold,Hold,Hold,Hold,Hold,0.2584920737230769,0.783885702195122
16/7/2024,256.5599976,Hold,Hold,Hold,Sell,Hold,Hold,Hold,Hold,Hold,Hold,0.4720863747976551,0.7886188209716842
17/7/2024,248.5,Hold,Hold,Hold,Sell,Hold,Hold,Hold,Hold,Hold,Hold,0.3596426392486308,0.639126696
18/7/2024,249.2299957,Hold,Hold,Hold,Sell,Hold,Hold,Hold,Hold,Hold,Hold,0.3381347200585714,0.98878822
19/7/2024,239.1999969,Hold,Hold,Hold,Hold,Hold,Hold,Hold,Hold,Hold,Hold,-0.1116453184545454,0.91878044
22/7/2024,251.5099945,Hold,Sell,Hold,Hold,Hold,Hold,Sell,Sell,Sell,Hold,0.4747826602704517,0.8416386655555556
23/7/2024,246.3800049,Hold,Hold,Hold,Hold,Hold,Hold,Buy,Hold,Hold,Hold,0.1526444773333672,0.8019638736363636
24/7/2024,215.9900055,Hold,Hold,Hold,Hold,Hold,Hold,Hold,Hold,Hold,Hold,-0.0404936972377777,0.4273800632517391
25/7/2024,220.25,Sell,Sell,Sell,Hold,Sell,Sell,Sell,Hold,Hold,Sell,0.0406086684515264,0.5651693001135076
26/7/2024,219.8000031,Hold,Hold,Hold,Hold,Hold,Hold,Hold,Hold,Hold,Hold,0.082855668,0.8626306075
29/7/2024,232.1000061,Hold,Hold,Hold,Hold,Hold,Hold,Hold,Hold,Hold,Hold,0.2346064219629647,0.4935373397666666
30/7/2024,222.6199951,Hold,Hold,Hold,Hold,Hold,Hold,Hold,Hold,Hold,Hold,0.5230562759375,0.6068015897175
31/7/2024,232.0700073,Hold,Hold,Sell,Hold,Sell,Hold,Hold,Hold,Hold,Hold,0.257480264829193,0.7676581775
1/8/2024,216.8600006,Hold,Hold,Hold,Hold,Hold,Hold,Hold,Hold,Hold,Hold,0.0298879846024999,0.4611671157142857
2/8/2024,207.6699982,Hold,Hold,Sell,Hold,Sell,Hold,Hold,Hold,Hold,Hold,0.343726837,0.99254415
5/8/2024,198.8800049,Hold,Hold,Hold,Hold,Hold,Hold,Hold,Hold,Hold,Hold,0.4271344085714285,0.598442358
6/8/2024,200.6399994,Hold,Hold,Hold,Hold,Hold,Hold,Hold,Hold,Hold,Hold,0.2578656646279069,0.99963569
7/8/2024,191.7599945,Hold,Hold,Hold,Hold,Hold,Hold,Hold,Hold,Hold,Hold,0.1544601496298333,0.76156947
8/8/2024,198.8399963,Hold,Hold,Hold,Hold,Hold,Hold,Hold,Hold,Hold,Hold,-0.04283001689375,0.9746352725
9/8/2024,200.0,Hold,Hold,Hold,Buy,Hold,Hold,Hold,Hold,Hold,Hold,0.796817743,0.0022468686
12/8/2024,197.4900055,Hold,Hold,Hold,Buy,Hold,Hold,Hold,Hold,Hold,Hold,0.3463658407142857,0.6658466764333334
13/8/2024,207.8300018,Hold,Hold,Hold,Hold,Hold,Hold,Hold,Hold,Hold,Hold,0.382235204266627,0.9141983826153848
14/8/2024,201.3800049,Hold,Hold,Hold,Hold,Hold,Hold,Hold,Hold,Hold,Hold,-0.0161143722174444,0.730966064144
15/8/2024,214.1399994,Hold,Hold,Hold,Hold,Hold,Hold,Hold,Hold,Hold,Hold,0.34651273936155,0.5768443603258182
16/8/2024,216.1199951,Buy,Buy,Hold,Hold,Buy,Hold,Buy,Buy,Buy,Buy,0.3939576392064313,0.687587845514375
19/8/2024,222.7200012,Hold,Hold,Hold,Hold,Hold,Hold,Hold,Hold,Hold,Hold,0.510116231225025,
20/8/2024,221.1000061,Hold,Hold,Hold,Hold,Hold,Hold,Hold,Buy,Buy,Hold,0.2235049196036285,0.99990058
21/8/2024,223.2700043,Hold,Hold,Hold,Hold,Hold,Hold,Hold,Hold,Hold,Hold,0.3894998068684757,0.983626054
22/8/2024,210.6600037,Hold,Hold,Hold,Hold,Hold,Hold,Hold,Hold,Hold,Hold,0.6872009307692307,0.99940575
23/8/2024,220.3200073,Hold,Hold,Hold,Hold,Sell,Hold,Sell,Sell,Sell,Sell,0.2434923074948182,0.9916072
26/8/2024,213.2100067,Buy,Buy,Hold,Hold,Buy,Hold,Buy,Hold,Hold,Buy,0.3788745241426902,0.3629195066267234
27/8/2024,209.2100067,Hold,Hold,Hold,Hold,Sell,Hold,Sell,Sell,Sell,Sell,0.5598524485714286,0.998972235
28/8/2024,205.75,Hold,Hold,Hold,Hold,Sell,Hold,Hold,Hold,Hold,Sell,0.5676793430568462,0.9706757
29/8/2024,206.2799988,Hold,Hold,Hold,Hold,Hold,Hold,Hold,Hold,Hold,Hold,0.6467095841690518,0.8907207500000001
30/8/2024,214.1100006,Hold,Hold,Hold,Hold,Hold,Hold,Hold,Hold,Hold,Hold,0.7758030347272726,0.34359394014964
3/9/2024,210.6000061,Hold,Hold,Buy,Hold,Buy,Buy,Buy,Hold,Hold,Buy,0.8299234852043187,
4/9/2024,219.4100037,Sell,Sell,Hold,Hold,Sell,Hold,Sell,Hold,Hold,Sell,0.6853252348051692,0.5828585433333333
5/9/2024,230.1699982,Buy,Buy,Buy,Hold,Buy,Buy,Buy,Buy,Buy,Buy,0.4180472945181664,0.7608788725
6/9/2024,210.7299957,Hold,Hold,Buy,Hold,Hold,Buy,Hold,Hold,Hold,Hold,0.3789568889769231,0.6836702142466666
9/9/2024,216.2700043,Sell,Sell,Hold,Hold,Sell,Hold,Sell,Hold,Hold,Sell,0.555198555474647,0.99856885
10/9/2024,226.1699982,Buy,Buy,Hold,Hold,Buy,Hold,Buy,Buy,Buy,Buy,0.7004379466817421,
11/9/2024,228.1300049,Hold,Hold,Hold,Hold,Hold,Hold,Hold,Hold,Hold,Hold,0.7962405377333333,0.99751399
12/9/2024,229.8099976,Hold,Hold,Hold,Hold,Hold,Hold,Hold,Hold,Hold,Hold,0.358802957064761,0.997416615
13/9/2024,230.2899933,Hold,Hold,Hold,Hold,Hold,Hold,Hold,Hold,Hold,Hold,0.6640931738532024,0.989871215
16/9/2024,226.7799988,Hold,Hold,Hold,Hold,Hold,Hold,Hold,Hold,Hold,Hold,0.5318972388888888,0.99705155
17/9/2024,227.8699951,Hold,Hold,Hold,Hold,Hold,Hold,Hold,Hold,Hold,Hold,0.4316554583616194,0.14990094
18/9/2024,227.1999969,Hold,Hold,Hold,Hold,Hold,Hold,Hold,Hold,Hold,Hold,0.632458769090909,0.9980903
19/9/2024,243.9199982,Hold,Hold,Hold,Hold,Hold,Hold,Hold,Hold,Hold,Hold,0.1779926087006506,0.99857461
20/9/2024,238.25,Hold,Hold,Hold,Hold,Hold,Hold,Hold,Hold,Hold,Hold,0.2452512677556487,0.33354129
23/9/2024,250.0,Hold,Hold,Hold,Hold,Hold,Hold,Hold,Hold,Hold,Hold,0.1863331179703241,0.75700097072
24/9/2024,254.2700043,Hold,Hold,Hold,Hold,Hold,Hold,Hold,Hold,Hold,Hold,0.6741338667193219,0.5107028257777778
25/9/2024,257.019989,Hold,Hold,Hold,Hold,Hold,Hold,Hold,Hold,Hold,Hold,0.5372472003032819,0.75033232625
26/9/2024,254.2200012,Hold,Hold,Hold,Hold,Hold,Hold,Hold,Hold,Hold,Hold,0.69716228285,0.601324466
27/9/2024,260.4599915,Hold,Hold,Hold,Hold,Hold,Hold,Hold,Hold,Hold,Hold,0.6647997570981033,0.8048027266666667
30/9/2024,261.6300049,Hold,Hold,Hold,Sell,Hold,Hold,Hold,Hold,Hold,Hold,0.6560959991779767,0.987709182
1/10/2024,258.019989,Hold,Hold,Hold,Sell,Hold,Hold,Hold,Hold,Hold,Hold,0.0435944072859722,0.859844912
2/10/2024,249.0200043,Hold,Hold,Hold,Hold,Hold,Hold,Hold,Hold,Hold,Hold,-0.2034395399501254,0.81750608666
3/10/2024,240.6600037,Hold,Hold,Hold,Hold,Hold,Hold,Hold,Hold,Hold,Hold,0.1363719436351269,0.99994
4/10/2024,250.0800018,Sell,Sell,Sell,Hold,Sell,Sell,Sell,Sell,Sell,Sell,0.3902012521666666,0.993628015
7/10/2024,240.8300018,Hold,Hold,Hold,Hold,Hold,Hold,Buy,Hold,Hold,Hold,0.5719623345110526,0.9991387
8/10/2024,244.5,Sell,Sell,Sell,Hold,Sell,Sell,Sell,Sell,Sell,Sell,0.4456387167231878,0.99711531125
9/10/2024,241.0500031,Hold,Hold,Hold,Hold,Hold,Hold,Hold,Hold,Hold,Hold,0.581529943486796,0.931146145
10/10/2024,238.7700043,Sell,Hold,Sell,Hold,Sell,Hold,Hold,Hold,Hold,Hold,0.434936671031998,0.9475877054545454
11/10/2024,217.8000031,Hold,Hold,Hold,Hold,Hold,Hold,Hold,Hold,Hold,Hold,0.0636396063555849,0.9945178825
14/10/2024,219.1600037,Hold,Hold,Hold,Hold,Hold,Hold,Hold,Hold,Hold,Hold,0.4486123703840908,0.8820065223076923
15/10/2024,219.5700073,Hold,Hold,Hold,Hold,Hold,Hold,Hold,Hold,Hold,Hold,-0.0274443658953854,0.243962865
16/10/2024,221.3300018,Hold,Hold,Hold,Hold,Hold,Hold,Hold,Hold,Hold,Hold,0.6794519376645625,0.284066556
17/10/2024,220.8899994,Hold,Hold,Hold,Buy,Hold,Hold,Hold,Hold,Hold,Hold,0.4875764689917333,0.7033062
18/10/2024,220.6999969,Hold,Hold,Hold,Buy,Hold,Hold,Hold,Hold,Hold,Hold,0.4163227334469647,0.73946794
21/10/2024,218.8500061,Hold,Hold,Hold,Buy,Hold,Hold,Hold,Hold,Hold,Hold,0.490107167775,0.1954667557142857
22/10/2024,217.9700012,Hold,Hold,Hold,Buy,Hold,Hold,Hold,Hold,Hold,Hold,0.63394993,0.98091389
23/10/2024,213.6499939,Hold,Hold,Hold,Buy,Hold,Hold,Hold,Hold,Hold,Hold,0.2424778721255381,0.4508653604624084
24/10/2024,260.480011,Hold,Hold,Hold,Hold,Hold,Hold,Hold,Hold,Hold,Hold,0.0858375856699373,0.8457503029027451
25/10/2024,269.1900024,Buy,Buy,Buy,Hold,Buy,Buy,Buy,Buy,Buy,Buy,0.3626216571633995,0.8089781474351851
28/10/2024,262.5100098,Hold,Hold,Hold,Hold,Hold,Buy,Hold,Buy,Hold,Hold,0.2883280378700565,0.85275635375
29/10/2024,259.519989,Hold,Hold,Hold,Hold,Hold,Hold,Hold,Hold,Hold,Hold,0.6724748891433333,0.6905658100000001
30/10/2024,257.5499878,Hold,Hold,Hold,Hold,Hold,Hold,Hold,Hold,Hold,Hold,0.1488703114587507,0.8620630798181818
31/10/2024,249.8500061,Hold,Buy,Hold,Hold,Hold,Hold,Hold,Hold,Hold,Hold,0.2341117496117647,0.3398800675
1/11/2024,248.9799957,Hold,Hold,Hold,Hold,Hold,Hold,Hold,Hold,Hold,Hold,0.1676362327142857,0.8481643166666667
4/11/2024,242.8399963,Hold,Hold,Hold,Hold,Hold,Hold,Hold,Hold,Hold,Hold,-0.1270108473917157,0.993061085
5/11/2024,251.4400024,Hold,Hold,Hold,Hold,Hold,Hold,Hold,Hold,Hold,Hold,0.3658779898691891,0.9181837116666666
6/11/2024,288.5299988,Hold,Hold,Hold,Hold,Hold,Hold,Hold,Hold,Hold,Hold,0.2949222349544922,0.8897412377137273
7/11/2024,296.9100037,Hold,Hold,Hold,Hold,Hold,Hold,Hold,Hold,Hold,Hold,0.5477677932057097,0.6207444803091
8/11/2024,321.2200012,Hold,Hold,Hold,Hold,Hold,Hold,Hold,Hold,Hold,Hold,0.4434095473952925,0.9432291896428572
11/11/2024,350.0,Hold,Hold,Hold,Hold,Hold,Hold,Hold,Hold,Hold,Hold,0.319014393413576,0.7948173847600001
12/11/2024,328.4899902,Hold,Hold,Hold,Hold,Hold,Hold,Hold,Hold,Hold,Hold,0.1184818873299079,0.7485453845417743
13/11/2024,330.2399902,Hold,Hold,Hold,Hold,Hold,Hold,Hold,Hold,Hold,Hold,0.5449569253239215,0.699545768436837
14/11/2024,311.1799927,Hold,Hold,Hold,Hold,Hold,Hold,Hold,Hold,Hold,Hold,0.2416148535905311,0.877235221
15/11/2024,320.7200012,Hold,Hold,Hold,Hold,Hold,Hold,Hold,Hold,Hold,Hold,0.7419655936846988,0.778703893
18/11/2024,338.7399902,Hold,Hold,Hold,Hold,Hold,Hold,Hold,Hold,Hold,Hold,0.4656783953254809,0.8088847770950001
19/11/2024,346.0,Hold,Hold,Hold,Hold,Hold,Hold,Hold,Hold,Hold,Hold,0.5774013226553014,0.8853239847977777
20/11/2024,342.0299988,Hold,Hold,Hold,Hold,Hold,Hold,Hold,Hold,Hold,Hold,0.3360761622626045,0.7353776155555556
21/11/2024,339.6400146,Hold,Hold,Hold,Hold,Hold,Hold,Hold,Hold,Hold,Hold,0.37390313368,0.998302278
22/11/2024,352.5599976,Hold,Hold,Hold,Hold,Hold,Hold,Hold,Hold,Hold,Hold,0.6162992468972222,0.8655202286666667
25/11/2024,338.5899963,Hold,Hold,Hold,Hold,Hold,Hold,Hold,Hold,Hold,Hold,0.5922709102930709,0.3492127135
26/11/2024,338.230011,Hold,Hold,Hold,Hold,Hold,Hold,Hold,Hold,Hold,Hold,0.6445266055036364,0.878463993625
27/11/2024,332.8900146,Hold,Hold,Hold,Hold,Hold,Hold,Hold,Hold,Hold,Hold,0.1530326934246154,0.93797585625
29/11/2024,345.1600037,Hold,Hold,Hold,Hold,Hold,Hold,Hold,Hold,Hold,Hold,0.4055253425908693,0.6184454154
2/12/2024,357.0899963,Hold,Hold,Hold,Hold,Hold,Hold,Hold,Hold,Hold,Hold,0.3667808369651022,0.8512247417518835
3/12/2024,351.4200134,Hold,Hold,Hold,Hold,Hold,Hold,Hold,Hold,Hold,Hold,0.3145826889558472,0.7016440185714286
4/12/2024,357.9299927,Hold,Hold,Hold,Hold,Hold,Hold,Hold,Hold,Hold,Hold,0.1488193924726226,0.4552005585714286
5/12/2024,369.4899902,Hold,Hold,Hold,Hold,Hold,Hold,Hold,Hold,Hold,Hold,0.4136275929947886,0.6593970540378422
6/12/2024,389.2200012,Hold,Hold,Hold,Hold,Hold,Hold,Hold,Hold,Hold,Hold,0.4070995586820172,0.8555448951157142
9/12/2024,389.7900085,Hold,Hold,Hold,Hold,Hold,Hold,Hold,Hold,Hold,Hold,0.4300896759124122,0.9254308611111112
10/12/2024,400.9899902,Hold,Hold,Hold,Hold,Hold,Hold,Hold,Hold,Hold,Hold,0.3363597129026701,0.7992110901266667
11/12/2024,424.769989,Hold,Hold,Hold,Hold,Hold,Hold,Hold,Hold,Hold,Hold,0.3504416292877322,0.7966431546581667
12/12/2024,418.1000061,Hold,Hold,Hold,Hold,Hold,Hold,Hold,Hold,Hold,Hold,0.491169314602853,0.8759053027602025
13/12/2024,436.230011,Hold,Hold,Hold,Hold,Hold,Hold,Hold,Hold,Hold,Hold,0.4928524617083903,0.6746766124166667
16/12/2024,463.019989,Hold,Hold,Hold,Hold,Hold,Hold,Hold,Hold,Hold,Hold,0.5671806086482784,0.8662589638
17/12/2024,479.8599854,Hold,Hold,Hold,Hold,Hold,Hold,Hold,Hold,Hold,Hold,0.3895729784779095,0.8652698317192974
18/12/2024,440.1300049,Hold,Hold,Hold,Hold,Hold,Hold,Hold,Hold,Hold,Hold,0.4743186089040422,0.8235222939693961
19/12/2024,436.1700134,Hold,Hold,Hold,Hold,Hold,Hold,Hold,Hold,Hold,Hold,0.357601011824,0.9991068
20/12/2024,421.0599976,Hold,Hold,Hold,Hold,Hold,Hold,Hold,Hold,Hold,Hold,0.0978079664325548,0.9810226642857144
23/12/2024,430.6000061,Hold,Hold,Hold,Hold,Hold,Hold,Hold,Hold,Hold,Hold,0.4450136232896068,0.68880467
24/12/2024,462.2799988,Hold,Hold,Hold,Hold,Hold,Hold,Hold,Hold,Hold,Hold,0.4771705392319256,0.9053807614285716
26/12/2024,454.1300049,Hold,Hold,Hold,Hold,Hold,Hold,Hold,Hold,Hold,Hold,0.748273083372742,0.8079260809230769
27/12/2024,431.6600037,Hold,Hold,Hold,Hold,Hold,Hold,Hold,Hold,Hold,Hold,0.3616316424428428,0.998270974
30/12/2024,417.4100037,Hold,Hold,Hold,Hold,Hold,Hold,Hold,Hold,Hold,Hold,0.4237611990820466,0.7162783171428571
2/1/2025,379.2799988,,,,,,,,,,,,
3/1/2025,410.4400024,,,,,,,,,,,,
6/1/2025,411.0499878,,,,,,,,,,,,
7/1/2025,394.3599854,,,,,,,,,,,,
8/1/2025,394.9400024,,,,,,,,,,,,
10/1/2025,394.7399902,,,,,,,,,,,,
13/1/2025,403.3099976,,,,,,,,,,,,
14/1/2025,396.3599854,,,,,,,,,,,,
15/1/2025,428.2200012,,,,,,,,,,,,
16/1/2025,413.8200073,,,,,,,,,,,,
